
===========================================================================
report_checks -path_delay min (Hold)
============================================================================
======================= Fastest Corner ===================================

Startpoint: accumulator._2382_
            (rising edge-triggered flip-flop clocked by clock)
Endpoint: accumulator._2382_ (rising edge-triggered flip-flop clocked by clock)
Path Group: clock
Path Type: min
Corner: Fastest

Fanout     Cap    Slew   Delay    Time   Description
-----------------------------------------------------------------------------
                          0.00    0.00   clock clock (rise edge)
                          0.00    0.00   clock source latency
     1    0.02    0.06    0.04    0.04 ^ clock (in)
                                         clock (net)
                  0.06    0.00    0.04 ^ clkbuf_0_clock/A (sky130_fd_sc_hd__clkbuf_16)
     4    0.04    0.05    0.10    0.14 ^ clkbuf_0_clock/X (sky130_fd_sc_hd__clkbuf_16)
                                         clknet_0_clock (net)
                  0.05    0.00    0.14 ^ clkbuf_2_2__f_clock/A (sky130_fd_sc_hd__clkbuf_16)
     7    0.03    0.04    0.09    0.23 ^ clkbuf_2_2__f_clock/X (sky130_fd_sc_hd__clkbuf_16)
                                         clknet_2_2__leaf_clock (net)
                  0.04    0.00    0.23 ^ accumulator._2382_/CLK (sky130_fd_sc_hd__dfxtp_2)
     6    0.04    0.07    0.23    0.46 v accumulator._2382_/Q (sky130_fd_sc_hd__dfxtp_2)
                                         accumulator.io_accOut[25] (net)
                  0.07    0.00    0.46 v accumulator._2300_/A1 (sky130_fd_sc_hd__o21ai_1)
     1    0.00    0.04    0.09    0.55 ^ accumulator._2300_/Y (sky130_fd_sc_hd__o21ai_1)
                                         accumulator._0252_ (net)
                  0.04    0.00    0.55 ^ accumulator._2301_/B1 (sky130_fd_sc_hd__a21oi_1)
     1    0.00    0.02    0.02    0.57 v accumulator._2301_/Y (sky130_fd_sc_hd__a21oi_1)
                                         accumulator._0027_ (net)
                  0.02    0.00    0.57 v accumulator._2382_/D (sky130_fd_sc_hd__dfxtp_2)
                                  0.57   data arrival time

                          0.00    0.00   clock clock (rise edge)
                          0.00    0.00   clock source latency
     1    0.02    0.06    0.04    0.04 ^ clock (in)
                                         clock (net)
                  0.06    0.00    0.04 ^ clkbuf_0_clock/A (sky130_fd_sc_hd__clkbuf_16)
     4    0.04    0.05    0.11    0.16 ^ clkbuf_0_clock/X (sky130_fd_sc_hd__clkbuf_16)
                                         clknet_0_clock (net)
                  0.05    0.00    0.16 ^ clkbuf_2_2__f_clock/A (sky130_fd_sc_hd__clkbuf_16)
     7    0.03    0.04    0.10    0.26 ^ clkbuf_2_2__f_clock/X (sky130_fd_sc_hd__clkbuf_16)
                                         clknet_2_2__leaf_clock (net)
                  0.04    0.00    0.26 ^ accumulator._2382_/CLK (sky130_fd_sc_hd__dfxtp_2)
                          0.25    0.51   clock uncertainty
                         -0.02    0.48   clock reconvergence pessimism
                         -0.03    0.45   library hold time
                                  0.45   data required time
-----------------------------------------------------------------------------
                                  0.45   data required time
                                 -0.57   data arrival time
-----------------------------------------------------------------------------
                                  0.12   slack (MET)


Startpoint: accumulator._2375_
            (rising edge-triggered flip-flop clocked by clock)
Endpoint: accumulator._2375_ (rising edge-triggered flip-flop clocked by clock)
Path Group: clock
Path Type: min
Corner: Fastest

Fanout     Cap    Slew   Delay    Time   Description
-----------------------------------------------------------------------------
                          0.00    0.00   clock clock (rise edge)
                          0.00    0.00   clock source latency
     1    0.02    0.06    0.04    0.04 ^ clock (in)
                                         clock (net)
                  0.06    0.00    0.04 ^ clkbuf_0_clock/A (sky130_fd_sc_hd__clkbuf_16)
     4    0.04    0.05    0.10    0.14 ^ clkbuf_0_clock/X (sky130_fd_sc_hd__clkbuf_16)
                                         clknet_0_clock (net)
                  0.05    0.00    0.14 ^ clkbuf_2_0__f_clock/A (sky130_fd_sc_hd__clkbuf_16)
    11    0.04    0.04    0.09    0.24 ^ clkbuf_2_0__f_clock/X (sky130_fd_sc_hd__clkbuf_16)
                                         clknet_2_0__leaf_clock (net)
                  0.04    0.00    0.24 ^ accumulator._2375_/CLK (sky130_fd_sc_hd__dfxtp_1)
     4    0.02    0.16    0.27    0.50 ^ accumulator._2375_/Q (sky130_fd_sc_hd__dfxtp_1)
                                         accumulator.io_accOut[18] (net)
                  0.16    0.00    0.50 ^ accumulator._2250_/A1 (sky130_fd_sc_hd__o211a_1)
     1    0.00    0.02    0.09    0.60 ^ accumulator._2250_/X (sky130_fd_sc_hd__o211a_1)
                                         accumulator._0020_ (net)
                  0.02    0.00    0.60 ^ accumulator._2375_/D (sky130_fd_sc_hd__dfxtp_1)
                                  0.60   data arrival time

                          0.00    0.00   clock clock (rise edge)
                          0.00    0.00   clock source latency
     1    0.02    0.06    0.04    0.04 ^ clock (in)
                                         clock (net)
                  0.06    0.00    0.04 ^ clkbuf_0_clock/A (sky130_fd_sc_hd__clkbuf_16)
     4    0.04    0.05    0.11    0.16 ^ clkbuf_0_clock/X (sky130_fd_sc_hd__clkbuf_16)
                                         clknet_0_clock (net)
                  0.05    0.00    0.16 ^ clkbuf_2_0__f_clock/A (sky130_fd_sc_hd__clkbuf_16)
    11    0.04    0.04    0.10    0.26 ^ clkbuf_2_0__f_clock/X (sky130_fd_sc_hd__clkbuf_16)
                                         clknet_2_0__leaf_clock (net)
                  0.04    0.00    0.26 ^ accumulator._2375_/CLK (sky130_fd_sc_hd__dfxtp_1)
                          0.25    0.51   clock uncertainty
                         -0.02    0.49   clock reconvergence pessimism
                         -0.02    0.47   library hold time
                                  0.47   data required time
-----------------------------------------------------------------------------
                                  0.47   data required time
                                 -0.60   data arrival time
-----------------------------------------------------------------------------
                                  0.13   slack (MET)


Startpoint: accumulator._2355_
            (rising edge-triggered flip-flop clocked by clock)
Endpoint: accumulator._2355_ (rising edge-triggered flip-flop clocked by clock)
Path Group: clock
Path Type: min
Corner: Fastest

Fanout     Cap    Slew   Delay    Time   Description
-----------------------------------------------------------------------------
                          0.00    0.00   clock clock (rise edge)
                          0.00    0.00   clock source latency
     1    0.02    0.06    0.04    0.04 ^ clock (in)
                                         clock (net)
                  0.06    0.00    0.04 ^ clkbuf_0_clock/A (sky130_fd_sc_hd__clkbuf_16)
     4    0.04    0.05    0.10    0.14 ^ clkbuf_0_clock/X (sky130_fd_sc_hd__clkbuf_16)
                                         clknet_0_clock (net)
                  0.05    0.00    0.14 ^ clkbuf_2_0__f_clock/A (sky130_fd_sc_hd__clkbuf_16)
    11    0.04    0.04    0.09    0.24 ^ clkbuf_2_0__f_clock/X (sky130_fd_sc_hd__clkbuf_16)
                                         clknet_2_0__leaf_clock (net)
                  0.04    0.00    0.24 ^ accumulator._2355_/CLK (sky130_fd_sc_hd__dfxtp_2)
     4    0.03    0.06    0.23    0.46 v accumulator._2355_/Q (sky130_fd_sc_hd__dfxtp_2)
                                         accumulator.io_accOut[31] (net)
                  0.06    0.00    0.46 v accumulator._1293_/B1 (sky130_fd_sc_hd__a21o_1)
     1    0.00    0.02    0.08    0.54 v accumulator._1293_/X (sky130_fd_sc_hd__a21o_1)
                                         accumulator._0390_ (net)
                  0.02    0.00    0.54 v accumulator._1294_/C1 (sky130_fd_sc_hd__o311a_1)
     1    0.00    0.02    0.05    0.60 v accumulator._1294_/X (sky130_fd_sc_hd__o311a_1)
                                         accumulator._0000_ (net)
                  0.02    0.00    0.60 v accumulator._2355_/D (sky130_fd_sc_hd__dfxtp_2)
                                  0.60   data arrival time

                          0.00    0.00   clock clock (rise edge)
                          0.00    0.00   clock source latency
     1    0.02    0.06    0.04    0.04 ^ clock (in)
                                         clock (net)
                  0.06    0.00    0.04 ^ clkbuf_0_clock/A (sky130_fd_sc_hd__clkbuf_16)
     4    0.04    0.05    0.11    0.16 ^ clkbuf_0_clock/X (sky130_fd_sc_hd__clkbuf_16)
                                         clknet_0_clock (net)
                  0.05    0.00    0.16 ^ clkbuf_2_0__f_clock/A (sky130_fd_sc_hd__clkbuf_16)
    11    0.04    0.04    0.10    0.26 ^ clkbuf_2_0__f_clock/X (sky130_fd_sc_hd__clkbuf_16)
                                         clknet_2_0__leaf_clock (net)
                  0.04    0.00    0.26 ^ accumulator._2355_/CLK (sky130_fd_sc_hd__dfxtp_2)
                          0.25    0.51   clock uncertainty
                         -0.02    0.49   clock reconvergence pessimism
                         -0.03    0.46   library hold time
                                  0.46   data required time
-----------------------------------------------------------------------------
                                  0.46   data required time
                                 -0.60   data arrival time
-----------------------------------------------------------------------------
                                  0.14   slack (MET)


Startpoint: accumulator._2388_
            (rising edge-triggered flip-flop clocked by clock)
Endpoint: accumulator._2356_ (rising edge-triggered flip-flop clocked by clock)
Path Group: clock
Path Type: min
Corner: Fastest

Fanout     Cap    Slew   Delay    Time   Description
-----------------------------------------------------------------------------
                          0.00    0.00   clock clock (rise edge)
                          0.00    0.00   clock source latency
     1    0.02    0.06    0.04    0.04 ^ clock (in)
                                         clock (net)
                  0.06    0.00    0.04 ^ clkbuf_0_clock/A (sky130_fd_sc_hd__clkbuf_16)
     4    0.04    0.05    0.10    0.14 ^ clkbuf_0_clock/X (sky130_fd_sc_hd__clkbuf_16)
                                         clknet_0_clock (net)
                  0.05    0.00    0.14 ^ clkbuf_2_3__f_clock/A (sky130_fd_sc_hd__clkbuf_16)
    10    0.03    0.04    0.09    0.23 ^ clkbuf_2_3__f_clock/X (sky130_fd_sc_hd__clkbuf_16)
                                         clknet_2_3__leaf_clock (net)
                  0.04    0.00    0.23 ^ accumulator._2388_/CLK (sky130_fd_sc_hd__dfxtp_1)
     5    0.02    0.12    0.24    0.47 ^ accumulator._2388_/Q (sky130_fd_sc_hd__dfxtp_1)
                                         accumulator.state[0] (net)
                  0.12    0.00    0.47 ^ accumulator._1295_/B (sky130_fd_sc_hd__and2b_1)
     1    0.00    0.04    0.09    0.56 ^ accumulator._1295_/X (sky130_fd_sc_hd__and2b_1)
                                         accumulator._0391_ (net)
                  0.04    0.00    0.56 ^ accumulator._1296_/A (sky130_fd_sc_hd__clkbuf_1)
     1    0.00    0.03    0.05    0.61 ^ accumulator._1296_/X (sky130_fd_sc_hd__clkbuf_1)
                                         accumulator._0001_ (net)
                  0.03    0.00    0.61 ^ accumulator._2356_/D (sky130_fd_sc_hd__dfxtp_1)
                                  0.61   data arrival time

                          0.00    0.00   clock clock (rise edge)
                          0.00    0.00   clock source latency
     1    0.02    0.06    0.04    0.04 ^ clock (in)
                                         clock (net)
                  0.06    0.00    0.04 ^ clkbuf_0_clock/A (sky130_fd_sc_hd__clkbuf_16)
     4    0.04    0.05    0.11    0.16 ^ clkbuf_0_clock/X (sky130_fd_sc_hd__clkbuf_16)
                                         clknet_0_clock (net)
                  0.05    0.00    0.16 ^ clkbuf_2_3__f_clock/A (sky130_fd_sc_hd__clkbuf_16)
    10    0.03    0.04    0.10    0.26 ^ clkbuf_2_3__f_clock/X (sky130_fd_sc_hd__clkbuf_16)
                                         clknet_2_3__leaf_clock (net)
                  0.04    0.00    0.26 ^ accumulator._2356_/CLK (sky130_fd_sc_hd__dfxtp_1)
                          0.25    0.51   clock uncertainty
                         -0.02    0.48   clock reconvergence pessimism
                         -0.02    0.47   library hold time
                                  0.47   data required time
-----------------------------------------------------------------------------
                                  0.47   data required time
                                 -0.61   data arrival time
-----------------------------------------------------------------------------
                                  0.14   slack (MET)


Startpoint: accumulator._2366_
            (rising edge-triggered flip-flop clocked by clock)
Endpoint: accumulator._2366_ (rising edge-triggered flip-flop clocked by clock)
Path Group: clock
Path Type: min
Corner: Fastest

Fanout     Cap    Slew   Delay    Time   Description
-----------------------------------------------------------------------------
                          0.00    0.00   clock clock (rise edge)
                          0.00    0.00   clock source latency
     1    0.02    0.06    0.04    0.04 ^ clock (in)
                                         clock (net)
                  0.06    0.00    0.04 ^ clkbuf_0_clock/A (sky130_fd_sc_hd__clkbuf_16)
     4    0.04    0.05    0.10    0.14 ^ clkbuf_0_clock/X (sky130_fd_sc_hd__clkbuf_16)
                                         clknet_0_clock (net)
                  0.05    0.00    0.14 ^ clkbuf_2_1__f_clock/A (sky130_fd_sc_hd__clkbuf_16)
     9    0.03    0.04    0.09    0.23 ^ clkbuf_2_1__f_clock/X (sky130_fd_sc_hd__clkbuf_16)
                                         clknet_2_1__leaf_clock (net)
                  0.04    0.00    0.23 ^ accumulator._2366_/CLK (sky130_fd_sc_hd__dfxtp_1)
     4    0.02    0.12    0.24    0.47 ^ accumulator._2366_/Q (sky130_fd_sc_hd__dfxtp_1)
                                         accumulator.io_accOut[9] (net)
                  0.12    0.00    0.47 ^ accumulator._2178_/A1 (sky130_fd_sc_hd__a22o_1)
     1    0.00    0.03    0.08    0.56 ^ accumulator._2178_/X (sky130_fd_sc_hd__a22o_1)
                                         accumulator._0133_ (net)
                  0.03    0.00    0.56 ^ accumulator._2179_/A2 (sky130_fd_sc_hd__o21a_1)
     1    0.00    0.03    0.06    0.61 ^ accumulator._2179_/X (sky130_fd_sc_hd__o21a_1)
                                         accumulator._0011_ (net)
                  0.03    0.00    0.61 ^ accumulator._2366_/D (sky130_fd_sc_hd__dfxtp_1)
                                  0.61   data arrival time

                          0.00    0.00   clock clock (rise edge)
                          0.00    0.00   clock source latency
     1    0.02    0.06    0.04    0.04 ^ clock (in)
                                         clock (net)
                  0.06    0.00    0.04 ^ clkbuf_0_clock/A (sky130_fd_sc_hd__clkbuf_16)
     4    0.04    0.05    0.11    0.16 ^ clkbuf_0_clock/X (sky130_fd_sc_hd__clkbuf_16)
                                         clknet_0_clock (net)
                  0.05    0.00    0.16 ^ clkbuf_2_1__f_clock/A (sky130_fd_sc_hd__clkbuf_16)
     9    0.03    0.04    0.10    0.26 ^ clkbuf_2_1__f_clock/X (sky130_fd_sc_hd__clkbuf_16)
                                         clknet_2_1__leaf_clock (net)
                  0.04    0.00    0.26 ^ accumulator._2366_/CLK (sky130_fd_sc_hd__dfxtp_1)
                          0.25    0.51   clock uncertainty
                         -0.02    0.48   clock reconvergence pessimism
                         -0.02    0.47   library hold time
                                  0.47   data required time
-----------------------------------------------------------------------------
                                  0.47   data required time
                                 -0.61   data arrival time
-----------------------------------------------------------------------------
                                  0.15   slack (MET)


Startpoint: accumulator._2381_
            (rising edge-triggered flip-flop clocked by clock)
Endpoint: accumulator._2381_ (rising edge-triggered flip-flop clocked by clock)
Path Group: clock
Path Type: min
Corner: Fastest

Fanout     Cap    Slew   Delay    Time   Description
-----------------------------------------------------------------------------
                          0.00    0.00   clock clock (rise edge)
                          0.00    0.00   clock source latency
     1    0.02    0.06    0.04    0.04 ^ clock (in)
                                         clock (net)
                  0.06    0.00    0.04 ^ clkbuf_0_clock/A (sky130_fd_sc_hd__clkbuf_16)
     4    0.04    0.05    0.10    0.14 ^ clkbuf_0_clock/X (sky130_fd_sc_hd__clkbuf_16)
                                         clknet_0_clock (net)
                  0.05    0.00    0.14 ^ clkbuf_2_2__f_clock/A (sky130_fd_sc_hd__clkbuf_16)
     7    0.03    0.04    0.09    0.23 ^ clkbuf_2_2__f_clock/X (sky130_fd_sc_hd__clkbuf_16)
                                         clknet_2_2__leaf_clock (net)
                  0.04    0.00    0.23 ^ accumulator._2381_/CLK (sky130_fd_sc_hd__dfxtp_1)
     6    0.03    0.19    0.29    0.52 ^ accumulator._2381_/Q (sky130_fd_sc_hd__dfxtp_1)
                                         accumulator.io_accOut[24] (net)
                  0.19    0.00    0.52 ^ accumulator._2294_/A1 (sky130_fd_sc_hd__o211a_1)
     1    0.00    0.03    0.10    0.62 ^ accumulator._2294_/X (sky130_fd_sc_hd__o211a_1)
                                         accumulator._0026_ (net)
                  0.03    0.00    0.62 ^ accumulator._2381_/D (sky130_fd_sc_hd__dfxtp_1)
                                  0.62   data arrival time

                          0.00    0.00   clock clock (rise edge)
                          0.00    0.00   clock source latency
     1    0.02    0.06    0.04    0.04 ^ clock (in)
                                         clock (net)
                  0.06    0.00    0.04 ^ clkbuf_0_clock/A (sky130_fd_sc_hd__clkbuf_16)
     4    0.04    0.05    0.11    0.16 ^ clkbuf_0_clock/X (sky130_fd_sc_hd__clkbuf_16)
                                         clknet_0_clock (net)
                  0.05    0.00    0.16 ^ clkbuf_2_2__f_clock/A (sky130_fd_sc_hd__clkbuf_16)
     7    0.03    0.04    0.10    0.26 ^ clkbuf_2_2__f_clock/X (sky130_fd_sc_hd__clkbuf_16)
                                         clknet_2_2__leaf_clock (net)
                  0.04    0.00    0.26 ^ accumulator._2381_/CLK (sky130_fd_sc_hd__dfxtp_1)
                          0.25    0.51   clock uncertainty
                         -0.02    0.48   clock reconvergence pessimism
                         -0.02    0.47   library hold time
                                  0.47   data required time
-----------------------------------------------------------------------------
                                  0.47   data required time
                                 -0.62   data arrival time
-----------------------------------------------------------------------------
                                  0.15   slack (MET)


Startpoint: accumulator._2385_
            (rising edge-triggered flip-flop clocked by clock)
Endpoint: accumulator._2385_ (rising edge-triggered flip-flop clocked by clock)
Path Group: clock
Path Type: min
Corner: Fastest

Fanout     Cap    Slew   Delay    Time   Description
-----------------------------------------------------------------------------
                          0.00    0.00   clock clock (rise edge)
                          0.00    0.00   clock source latency
     1    0.02    0.06    0.04    0.04 ^ clock (in)
                                         clock (net)
                  0.06    0.00    0.04 ^ clkbuf_0_clock/A (sky130_fd_sc_hd__clkbuf_16)
     4    0.04    0.05    0.10    0.14 ^ clkbuf_0_clock/X (sky130_fd_sc_hd__clkbuf_16)
                                         clknet_0_clock (net)
                  0.05    0.00    0.14 ^ clkbuf_2_3__f_clock/A (sky130_fd_sc_hd__clkbuf_16)
    10    0.03    0.04    0.09    0.23 ^ clkbuf_2_3__f_clock/X (sky130_fd_sc_hd__clkbuf_16)
                                         clknet_2_3__leaf_clock (net)
                  0.04    0.00    0.23 ^ accumulator._2385_/CLK (sky130_fd_sc_hd__dfxtp_1)
     6    0.02    0.14    0.25    0.49 ^ accumulator._2385_/Q (sky130_fd_sc_hd__dfxtp_1)
                                         accumulator.io_accOut[28] (net)
                  0.14    0.00    0.49 ^ accumulator._2333_/A (sky130_fd_sc_hd__or2_1)
     1    0.00    0.03    0.08    0.56 ^ accumulator._2333_/X (sky130_fd_sc_hd__or2_1)
                                         accumulator._0285_ (net)
                  0.03    0.00    0.56 ^ accumulator._2334_/B1 (sky130_fd_sc_hd__o211a_1)
     1    0.00    0.02    0.06    0.62 ^ accumulator._2334_/X (sky130_fd_sc_hd__o211a_1)
                                         accumulator._0030_ (net)
                  0.02    0.00    0.62 ^ accumulator._2385_/D (sky130_fd_sc_hd__dfxtp_1)
                                  0.62   data arrival time

                          0.00    0.00   clock clock (rise edge)
                          0.00    0.00   clock source latency
     1    0.02    0.06    0.04    0.04 ^ clock (in)
                                         clock (net)
                  0.06    0.00    0.04 ^ clkbuf_0_clock/A (sky130_fd_sc_hd__clkbuf_16)
     4    0.04    0.05    0.11    0.16 ^ clkbuf_0_clock/X (sky130_fd_sc_hd__clkbuf_16)
                                         clknet_0_clock (net)
                  0.05    0.00    0.16 ^ clkbuf_2_3__f_clock/A (sky130_fd_sc_hd__clkbuf_16)
    10    0.03    0.04    0.10    0.26 ^ clkbuf_2_3__f_clock/X (sky130_fd_sc_hd__clkbuf_16)
                                         clknet_2_3__leaf_clock (net)
                  0.04    0.00    0.26 ^ accumulator._2385_/CLK (sky130_fd_sc_hd__dfxtp_1)
                          0.25    0.51   clock uncertainty
                         -0.02    0.48   clock reconvergence pessimism
                         -0.02    0.47   library hold time
                                  0.47   data required time
-----------------------------------------------------------------------------
                                  0.47   data required time
                                 -0.62   data arrival time
-----------------------------------------------------------------------------
                                  0.15   slack (MET)


Startpoint: accumulator._2386_
            (rising edge-triggered flip-flop clocked by clock)
Endpoint: accumulator._2386_ (rising edge-triggered flip-flop clocked by clock)
Path Group: clock
Path Type: min
Corner: Fastest

Fanout     Cap    Slew   Delay    Time   Description
-----------------------------------------------------------------------------
                          0.00    0.00   clock clock (rise edge)
                          0.00    0.00   clock source latency
     1    0.02    0.06    0.04    0.04 ^ clock (in)
                                         clock (net)
                  0.06    0.00    0.04 ^ clkbuf_0_clock/A (sky130_fd_sc_hd__clkbuf_16)
     4    0.04    0.05    0.10    0.14 ^ clkbuf_0_clock/X (sky130_fd_sc_hd__clkbuf_16)
                                         clknet_0_clock (net)
                  0.05    0.00    0.14 ^ clkbuf_2_3__f_clock/A (sky130_fd_sc_hd__clkbuf_16)
    10    0.03    0.04    0.09    0.23 ^ clkbuf_2_3__f_clock/X (sky130_fd_sc_hd__clkbuf_16)
                                         clknet_2_3__leaf_clock (net)
                  0.04    0.00    0.23 ^ accumulator._2386_/CLK (sky130_fd_sc_hd__dfxtp_1)
     6    0.02    0.14    0.26    0.49 ^ accumulator._2386_/Q (sky130_fd_sc_hd__dfxtp_1)
                                         accumulator.io_accOut[29] (net)
                  0.14    0.00    0.49 ^ accumulator._2342_/A (sky130_fd_sc_hd__or2_1)
     1    0.00    0.03    0.08    0.57 ^ accumulator._2342_/X (sky130_fd_sc_hd__or2_1)
                                         accumulator._0294_ (net)
                  0.03    0.00    0.57 ^ accumulator._2343_/B1 (sky130_fd_sc_hd__o211a_1)
     1    0.00    0.02    0.06    0.62 ^ accumulator._2343_/X (sky130_fd_sc_hd__o211a_1)
                                         accumulator._0031_ (net)
                  0.02    0.00    0.62 ^ accumulator._2386_/D (sky130_fd_sc_hd__dfxtp_1)
                                  0.62   data arrival time

                          0.00    0.00   clock clock (rise edge)
                          0.00    0.00   clock source latency
     1    0.02    0.06    0.04    0.04 ^ clock (in)
                                         clock (net)
                  0.06    0.00    0.04 ^ clkbuf_0_clock/A (sky130_fd_sc_hd__clkbuf_16)
     4    0.04    0.05    0.11    0.16 ^ clkbuf_0_clock/X (sky130_fd_sc_hd__clkbuf_16)
                                         clknet_0_clock (net)
                  0.05    0.00    0.16 ^ clkbuf_2_3__f_clock/A (sky130_fd_sc_hd__clkbuf_16)
    10    0.03    0.04    0.10    0.26 ^ clkbuf_2_3__f_clock/X (sky130_fd_sc_hd__clkbuf_16)
                                         clknet_2_3__leaf_clock (net)
                  0.04    0.00    0.26 ^ accumulator._2386_/CLK (sky130_fd_sc_hd__dfxtp_1)
                          0.25    0.51   clock uncertainty
                         -0.02    0.48   clock reconvergence pessimism
                         -0.02    0.47   library hold time
                                  0.47   data required time
-----------------------------------------------------------------------------
                                  0.47   data required time
                                 -0.62   data arrival time
-----------------------------------------------------------------------------
                                  0.16   slack (MET)


Startpoint: accumulator._2368_
            (rising edge-triggered flip-flop clocked by clock)
Endpoint: accumulator._2368_ (rising edge-triggered flip-flop clocked by clock)
Path Group: clock
Path Type: min
Corner: Fastest

Fanout     Cap    Slew   Delay    Time   Description
-----------------------------------------------------------------------------
                          0.00    0.00   clock clock (rise edge)
                          0.00    0.00   clock source latency
     1    0.02    0.06    0.04    0.04 ^ clock (in)
                                         clock (net)
                  0.06    0.00    0.04 ^ clkbuf_0_clock/A (sky130_fd_sc_hd__clkbuf_16)
     4    0.04    0.05    0.10    0.14 ^ clkbuf_0_clock/X (sky130_fd_sc_hd__clkbuf_16)
                                         clknet_0_clock (net)
                  0.05    0.00    0.14 ^ clkbuf_2_1__f_clock/A (sky130_fd_sc_hd__clkbuf_16)
     9    0.03    0.04    0.09    0.23 ^ clkbuf_2_1__f_clock/X (sky130_fd_sc_hd__clkbuf_16)
                                         clknet_2_1__leaf_clock (net)
                  0.04    0.00    0.23 ^ accumulator._2368_/CLK (sky130_fd_sc_hd__dfxtp_1)
     4    0.02    0.11    0.23    0.47 ^ accumulator._2368_/Q (sky130_fd_sc_hd__dfxtp_1)
                                         accumulator.io_accOut[11] (net)
                  0.11    0.00    0.47 ^ accumulator._2191_/B1 (sky130_fd_sc_hd__a2bb2o_2)
     1    0.00    0.02    0.11    0.57 ^ accumulator._2191_/X (sky130_fd_sc_hd__a2bb2o_2)
                                         accumulator._0146_ (net)
                  0.02    0.00    0.57 ^ accumulator._2192_/A2 (sky130_fd_sc_hd__o21a_1)
     1    0.00    0.02    0.05    0.63 ^ accumulator._2192_/X (sky130_fd_sc_hd__o21a_1)
                                         accumulator._0013_ (net)
                  0.02    0.00    0.63 ^ accumulator._2368_/D (sky130_fd_sc_hd__dfxtp_1)
                                  0.63   data arrival time

                          0.00    0.00   clock clock (rise edge)
                          0.00    0.00   clock source latency
     1    0.02    0.06    0.04    0.04 ^ clock (in)
                                         clock (net)
                  0.06    0.00    0.04 ^ clkbuf_0_clock/A (sky130_fd_sc_hd__clkbuf_16)
     4    0.04    0.05    0.11    0.16 ^ clkbuf_0_clock/X (sky130_fd_sc_hd__clkbuf_16)
                                         clknet_0_clock (net)
                  0.05    0.00    0.16 ^ clkbuf_2_1__f_clock/A (sky130_fd_sc_hd__clkbuf_16)
     9    0.03    0.04    0.10    0.26 ^ clkbuf_2_1__f_clock/X (sky130_fd_sc_hd__clkbuf_16)
                                         clknet_2_1__leaf_clock (net)
                  0.04    0.00    0.26 ^ accumulator._2368_/CLK (sky130_fd_sc_hd__dfxtp_1)
                          0.25    0.51   clock uncertainty
                         -0.02    0.48   clock reconvergence pessimism
                         -0.02    0.47   library hold time
                                  0.47   data required time
-----------------------------------------------------------------------------
                                  0.47   data required time
                                 -0.63   data arrival time
-----------------------------------------------------------------------------
                                  0.16   slack (MET)


Startpoint: accumulator._2360_
            (rising edge-triggered flip-flop clocked by clock)
Endpoint: accumulator._2360_ (rising edge-triggered flip-flop clocked by clock)
Path Group: clock
Path Type: min
Corner: Fastest

Fanout     Cap    Slew   Delay    Time   Description
-----------------------------------------------------------------------------
                          0.00    0.00   clock clock (rise edge)
                          0.00    0.00   clock source latency
     1    0.02    0.06    0.04    0.04 ^ clock (in)
                                         clock (net)
                  0.06    0.00    0.04 ^ clkbuf_0_clock/A (sky130_fd_sc_hd__clkbuf_16)
     4    0.04    0.05    0.10    0.14 ^ clkbuf_0_clock/X (sky130_fd_sc_hd__clkbuf_16)
                                         clknet_0_clock (net)
                  0.05    0.00    0.14 ^ clkbuf_2_0__f_clock/A (sky130_fd_sc_hd__clkbuf_16)
    11    0.04    0.04    0.09    0.24 ^ clkbuf_2_0__f_clock/X (sky130_fd_sc_hd__clkbuf_16)
                                         clknet_2_0__leaf_clock (net)
                  0.04    0.00    0.24 ^ accumulator._2360_/CLK (sky130_fd_sc_hd__dfxtp_1)
     4    0.02    0.08    0.23    0.47 v accumulator._2360_/Q (sky130_fd_sc_hd__dfxtp_1)
                                         accumulator.io_accOut[3] (net)
                  0.08    0.00    0.47 v accumulator._1712_/A (sky130_fd_sc_hd__inv_2)
     2    0.01    0.05    0.06    0.53 ^ accumulator._1712_/Y (sky130_fd_sc_hd__inv_2)
                                         accumulator._0807_ (net)
                  0.05    0.00    0.53 ^ accumulator._2128_/A1 (sky130_fd_sc_hd__o22a_1)
     1    0.00    0.03    0.07    0.60 ^ accumulator._2128_/X (sky130_fd_sc_hd__o22a_1)
                                         accumulator._0084_ (net)
                  0.03    0.00    0.60 ^ accumulator._2129_/B (sky130_fd_sc_hd__nor2_1)
     1    0.00    0.01    0.02    0.62 v accumulator._2129_/Y (sky130_fd_sc_hd__nor2_1)
                                         accumulator._0005_ (net)
                  0.01    0.00    0.62 v accumulator._2360_/D (sky130_fd_sc_hd__dfxtp_1)
                                  0.62   data arrival time

                          0.00    0.00   clock clock (rise edge)
                          0.00    0.00   clock source latency
     1    0.02    0.06    0.04    0.04 ^ clock (in)
                                         clock (net)
                  0.06    0.00    0.04 ^ clkbuf_0_clock/A (sky130_fd_sc_hd__clkbuf_16)
     4    0.04    0.05    0.11    0.16 ^ clkbuf_0_clock/X (sky130_fd_sc_hd__clkbuf_16)
                                         clknet_0_clock (net)
                  0.05    0.00    0.16 ^ clkbuf_2_0__f_clock/A (sky130_fd_sc_hd__clkbuf_16)
    11    0.04    0.04    0.10    0.26 ^ clkbuf_2_0__f_clock/X (sky130_fd_sc_hd__clkbuf_16)
                                         clknet_2_0__leaf_clock (net)
                  0.04    0.00    0.26 ^ accumulator._2360_/CLK (sky130_fd_sc_hd__dfxtp_1)
                          0.25    0.51   clock uncertainty
                         -0.02    0.49   clock reconvergence pessimism
                         -0.03    0.45   library hold time
                                  0.45   data required time
-----------------------------------------------------------------------------
                                  0.45   data required time
                                 -0.62   data arrival time
-----------------------------------------------------------------------------
                                  0.17   slack (MET)


Startpoint: accumulator._2364_
            (rising edge-triggered flip-flop clocked by clock)
Endpoint: accumulator._2364_ (rising edge-triggered flip-flop clocked by clock)
Path Group: clock
Path Type: min
Corner: Fastest

Fanout     Cap    Slew   Delay    Time   Description
-----------------------------------------------------------------------------
                          0.00    0.00   clock clock (rise edge)
                          0.00    0.00   clock source latency
     1    0.02    0.06    0.04    0.04 ^ clock (in)
                                         clock (net)
                  0.06    0.00    0.04 ^ clkbuf_0_clock/A (sky130_fd_sc_hd__clkbuf_16)
     4    0.04    0.05    0.10    0.14 ^ clkbuf_0_clock/X (sky130_fd_sc_hd__clkbuf_16)
                                         clknet_0_clock (net)
                  0.05    0.00    0.14 ^ clkbuf_2_1__f_clock/A (sky130_fd_sc_hd__clkbuf_16)
     9    0.03    0.04    0.09    0.23 ^ clkbuf_2_1__f_clock/X (sky130_fd_sc_hd__clkbuf_16)
                                         clknet_2_1__leaf_clock (net)
                  0.04    0.00    0.23 ^ accumulator._2364_/CLK (sky130_fd_sc_hd__dfxtp_2)
     6    0.04    0.15    0.27    0.50 ^ accumulator._2364_/Q (sky130_fd_sc_hd__dfxtp_2)
                                         accumulator.io_accOut[7] (net)
                  0.15    0.00    0.50 ^ accumulator._2161_/B2 (sky130_fd_sc_hd__a32o_1)
     1    0.00    0.04    0.08    0.58 ^ accumulator._2161_/X (sky130_fd_sc_hd__a32o_1)
                                         accumulator._0117_ (net)
                  0.04    0.00    0.58 ^ accumulator._2163_/A2 (sky130_fd_sc_hd__o21a_1)
     1    0.00    0.03    0.06    0.64 ^ accumulator._2163_/X (sky130_fd_sc_hd__o21a_1)
                                         accumulator._0009_ (net)
                  0.03    0.00    0.64 ^ accumulator._2364_/D (sky130_fd_sc_hd__dfxtp_2)
                                  0.64   data arrival time

                          0.00    0.00   clock clock (rise edge)
                          0.00    0.00   clock source latency
     1    0.02    0.06    0.04    0.04 ^ clock (in)
                                         clock (net)
                  0.06    0.00    0.04 ^ clkbuf_0_clock/A (sky130_fd_sc_hd__clkbuf_16)
     4    0.04    0.05    0.11    0.16 ^ clkbuf_0_clock/X (sky130_fd_sc_hd__clkbuf_16)
                                         clknet_0_clock (net)
                  0.05    0.00    0.16 ^ clkbuf_2_1__f_clock/A (sky130_fd_sc_hd__clkbuf_16)
     9    0.03    0.04    0.10    0.26 ^ clkbuf_2_1__f_clock/X (sky130_fd_sc_hd__clkbuf_16)
                                         clknet_2_1__leaf_clock (net)
                  0.04    0.00    0.26 ^ accumulator._2364_/CLK (sky130_fd_sc_hd__dfxtp_2)
                          0.25    0.51   clock uncertainty
                         -0.02    0.48   clock reconvergence pessimism
                         -0.02    0.47   library hold time
                                  0.47   data required time
-----------------------------------------------------------------------------
                                  0.47   data required time
                                 -0.64   data arrival time
-----------------------------------------------------------------------------
                                  0.17   slack (MET)


Startpoint: accumulator._2367_
            (rising edge-triggered flip-flop clocked by clock)
Endpoint: accumulator._2367_ (rising edge-triggered flip-flop clocked by clock)
Path Group: clock
Path Type: min
Corner: Fastest

Fanout     Cap    Slew   Delay    Time   Description
-----------------------------------------------------------------------------
                          0.00    0.00   clock clock (rise edge)
                          0.00    0.00   clock source latency
     1    0.02    0.06    0.04    0.04 ^ clock (in)
                                         clock (net)
                  0.06    0.00    0.04 ^ clkbuf_0_clock/A (sky130_fd_sc_hd__clkbuf_16)
     4    0.04    0.05    0.10    0.14 ^ clkbuf_0_clock/X (sky130_fd_sc_hd__clkbuf_16)
                                         clknet_0_clock (net)
                  0.05    0.00    0.14 ^ clkbuf_2_3__f_clock/A (sky130_fd_sc_hd__clkbuf_16)
    10    0.03    0.04    0.09    0.23 ^ clkbuf_2_3__f_clock/X (sky130_fd_sc_hd__clkbuf_16)
                                         clknet_2_3__leaf_clock (net)
                  0.04    0.00    0.23 ^ accumulator._2367_/CLK (sky130_fd_sc_hd__dfxtp_1)
     4    0.03    0.10    0.24    0.48 v accumulator._2367_/Q (sky130_fd_sc_hd__dfxtp_1)
                                         accumulator.io_accOut[10] (net)
                  0.10    0.00    0.48 v accumulator._2184_/A (sky130_fd_sc_hd__nand2_1)
     1    0.00    0.04    0.06    0.54 ^ accumulator._2184_/Y (sky130_fd_sc_hd__nand2_1)
                                         accumulator._0139_ (net)
                  0.04    0.00    0.54 ^ accumulator._2185_/C1 (sky130_fd_sc_hd__o221a_1)
     1    0.00    0.04    0.07    0.61 ^ accumulator._2185_/X (sky130_fd_sc_hd__o221a_1)
                                         accumulator._0140_ (net)
                  0.04    0.00    0.61 ^ accumulator._2186_/B (sky130_fd_sc_hd__nor2_1)
     1    0.00    0.02    0.02    0.63 v accumulator._2186_/Y (sky130_fd_sc_hd__nor2_1)
                                         accumulator._0012_ (net)
                  0.02    0.00    0.63 v accumulator._2367_/D (sky130_fd_sc_hd__dfxtp_1)
                                  0.63   data arrival time

                          0.00    0.00   clock clock (rise edge)
                          0.00    0.00   clock source latency
     1    0.02    0.06    0.04    0.04 ^ clock (in)
                                         clock (net)
                  0.06    0.00    0.04 ^ clkbuf_0_clock/A (sky130_fd_sc_hd__clkbuf_16)
     4    0.04    0.05    0.11    0.16 ^ clkbuf_0_clock/X (sky130_fd_sc_hd__clkbuf_16)
                                         clknet_0_clock (net)
                  0.05    0.00    0.16 ^ clkbuf_2_3__f_clock/A (sky130_fd_sc_hd__clkbuf_16)
    10    0.03    0.04    0.10    0.26 ^ clkbuf_2_3__f_clock/X (sky130_fd_sc_hd__clkbuf_16)
                                         clknet_2_3__leaf_clock (net)
                  0.04    0.00    0.26 ^ accumulator._2367_/CLK (sky130_fd_sc_hd__dfxtp_1)
                          0.25    0.51   clock uncertainty
                         -0.02    0.48   clock reconvergence pessimism
                         -0.03    0.45   library hold time
                                  0.45   data required time
-----------------------------------------------------------------------------
                                  0.45   data required time
                                 -0.63   data arrival time
-----------------------------------------------------------------------------
                                  0.18   slack (MET)


Startpoint: accumulator._2373_
            (rising edge-triggered flip-flop clocked by clock)
Endpoint: accumulator._2373_ (rising edge-triggered flip-flop clocked by clock)
Path Group: clock
Path Type: min
Corner: Fastest

Fanout     Cap    Slew   Delay    Time   Description
-----------------------------------------------------------------------------
                          0.00    0.00   clock clock (rise edge)
                          0.00    0.00   clock source latency
     1    0.02    0.06    0.04    0.04 ^ clock (in)
                                         clock (net)
                  0.06    0.00    0.04 ^ clkbuf_0_clock/A (sky130_fd_sc_hd__clkbuf_16)
     4    0.04    0.05    0.10    0.14 ^ clkbuf_0_clock/X (sky130_fd_sc_hd__clkbuf_16)
                                         clknet_0_clock (net)
                  0.05    0.00    0.14 ^ clkbuf_2_1__f_clock/A (sky130_fd_sc_hd__clkbuf_16)
     9    0.03    0.04    0.09    0.23 ^ clkbuf_2_1__f_clock/X (sky130_fd_sc_hd__clkbuf_16)
                                         clknet_2_1__leaf_clock (net)
                  0.04    0.00    0.23 ^ accumulator._2373_/CLK (sky130_fd_sc_hd__dfxtp_1)
     3    0.01    0.05    0.21    0.44 v accumulator._2373_/Q (sky130_fd_sc_hd__dfxtp_1)
                                         accumulator.io_accOut[16] (net)
                  0.05    0.00    0.44 v accumulator._1759_/A (sky130_fd_sc_hd__inv_2)
     2    0.01    0.05    0.06    0.50 ^ accumulator._1759_/Y (sky130_fd_sc_hd__inv_2)
                                         accumulator._0854_ (net)
                  0.05    0.00    0.50 ^ accumulator._2235_/A1 (sky130_fd_sc_hd__o221a_1)
     1    0.00    0.03    0.09    0.59 ^ accumulator._2235_/X (sky130_fd_sc_hd__o221a_1)
                                         accumulator._0189_ (net)
                  0.03    0.00    0.59 ^ accumulator._2236_/A2 (sky130_fd_sc_hd__a21oi_1)
     1    0.00    0.03    0.03    0.63 v accumulator._2236_/Y (sky130_fd_sc_hd__a21oi_1)
                                         accumulator._0018_ (net)
                  0.03    0.00    0.63 v accumulator._2373_/D (sky130_fd_sc_hd__dfxtp_1)
                                  0.63   data arrival time

                          0.00    0.00   clock clock (rise edge)
                          0.00    0.00   clock source latency
     1    0.02    0.06    0.04    0.04 ^ clock (in)
                                         clock (net)
                  0.06    0.00    0.04 ^ clkbuf_0_clock/A (sky130_fd_sc_hd__clkbuf_16)
     4    0.04    0.05    0.11    0.16 ^ clkbuf_0_clock/X (sky130_fd_sc_hd__clkbuf_16)
                                         clknet_0_clock (net)
                  0.05    0.00    0.16 ^ clkbuf_2_1__f_clock/A (sky130_fd_sc_hd__clkbuf_16)
     9    0.03    0.04    0.10    0.26 ^ clkbuf_2_1__f_clock/X (sky130_fd_sc_hd__clkbuf_16)
                                         clknet_2_1__leaf_clock (net)
                  0.04    0.00    0.26 ^ accumulator._2373_/CLK (sky130_fd_sc_hd__dfxtp_1)
                          0.25    0.51   clock uncertainty
                         -0.02    0.48   clock reconvergence pessimism
                         -0.04    0.45   library hold time
                                  0.45   data required time
-----------------------------------------------------------------------------
                                  0.45   data required time
                                 -0.63   data arrival time
-----------------------------------------------------------------------------
                                  0.18   slack (MET)


Startpoint: accumulator._2363_
            (rising edge-triggered flip-flop clocked by clock)
Endpoint: accumulator._2363_ (rising edge-triggered flip-flop clocked by clock)
Path Group: clock
Path Type: min
Corner: Fastest

Fanout     Cap    Slew   Delay    Time   Description
-----------------------------------------------------------------------------
                          0.00    0.00   clock clock (rise edge)
                          0.00    0.00   clock source latency
     1    0.02    0.06    0.04    0.04 ^ clock (in)
                                         clock (net)
                  0.06    0.00    0.04 ^ clkbuf_0_clock/A (sky130_fd_sc_hd__clkbuf_16)
     4    0.04    0.05    0.10    0.14 ^ clkbuf_0_clock/X (sky130_fd_sc_hd__clkbuf_16)
                                         clknet_0_clock (net)
                  0.05    0.00    0.14 ^ clkbuf_2_0__f_clock/A (sky130_fd_sc_hd__clkbuf_16)
    11    0.04    0.04    0.09    0.24 ^ clkbuf_2_0__f_clock/X (sky130_fd_sc_hd__clkbuf_16)
                                         clknet_2_0__leaf_clock (net)
                  0.04    0.00    0.24 ^ accumulator._2363_/CLK (sky130_fd_sc_hd__dfxtp_2)
     6    0.04    0.07    0.23    0.47 v accumulator._2363_/Q (sky130_fd_sc_hd__dfxtp_2)
                                         accumulator.io_accOut[6] (net)
                  0.07    0.00    0.47 v accumulator._2150_/A1_N (sky130_fd_sc_hd__o2bb2a_1)
     1    0.00    0.04    0.15    0.62 ^ accumulator._2150_/X (sky130_fd_sc_hd__o2bb2a_1)
                                         accumulator._0106_ (net)
                  0.04    0.00    0.62 ^ accumulator._2151_/B (sky130_fd_sc_hd__nor2_1)
     1    0.00    0.02    0.02    0.64 v accumulator._2151_/Y (sky130_fd_sc_hd__nor2_1)
                                         accumulator._0008_ (net)
                  0.02    0.00    0.64 v accumulator._2363_/D (sky130_fd_sc_hd__dfxtp_2)
                                  0.64   data arrival time

                          0.00    0.00   clock clock (rise edge)
                          0.00    0.00   clock source latency
     1    0.02    0.06    0.04    0.04 ^ clock (in)
                                         clock (net)
                  0.06    0.00    0.04 ^ clkbuf_0_clock/A (sky130_fd_sc_hd__clkbuf_16)
     4    0.04    0.05    0.11    0.16 ^ clkbuf_0_clock/X (sky130_fd_sc_hd__clkbuf_16)
                                         clknet_0_clock (net)
                  0.05    0.00    0.16 ^ clkbuf_2_0__f_clock/A (sky130_fd_sc_hd__clkbuf_16)
    11    0.04    0.04    0.10    0.26 ^ clkbuf_2_0__f_clock/X (sky130_fd_sc_hd__clkbuf_16)
                                         clknet_2_0__leaf_clock (net)
                  0.04    0.00    0.26 ^ accumulator._2363_/CLK (sky130_fd_sc_hd__dfxtp_2)
                          0.25    0.51   clock uncertainty
                         -0.02    0.49   clock reconvergence pessimism
                         -0.03    0.46   library hold time
                                  0.46   data required time
-----------------------------------------------------------------------------
                                  0.46   data required time
                                 -0.64   data arrival time
-----------------------------------------------------------------------------
                                  0.18   slack (MET)


Startpoint: accumulator._2361_
            (rising edge-triggered flip-flop clocked by clock)
Endpoint: accumulator._2361_ (rising edge-triggered flip-flop clocked by clock)
Path Group: clock
Path Type: min
Corner: Fastest

Fanout     Cap    Slew   Delay    Time   Description
-----------------------------------------------------------------------------
                          0.00    0.00   clock clock (rise edge)
                          0.00    0.00   clock source latency
     1    0.02    0.06    0.04    0.04 ^ clock (in)
                                         clock (net)
                  0.06    0.00    0.04 ^ clkbuf_0_clock/A (sky130_fd_sc_hd__clkbuf_16)
     4    0.04    0.05    0.10    0.14 ^ clkbuf_0_clock/X (sky130_fd_sc_hd__clkbuf_16)
                                         clknet_0_clock (net)
                  0.05    0.00    0.14 ^ clkbuf_2_0__f_clock/A (sky130_fd_sc_hd__clkbuf_16)
    11    0.04    0.04    0.09    0.24 ^ clkbuf_2_0__f_clock/X (sky130_fd_sc_hd__clkbuf_16)
                                         clknet_2_0__leaf_clock (net)
                  0.04    0.00    0.24 ^ accumulator._2361_/CLK (sky130_fd_sc_hd__dfxtp_1)
     5    0.03    0.10    0.24    0.48 v accumulator._2361_/Q (sky130_fd_sc_hd__dfxtp_1)
                                         accumulator.io_accOut[4] (net)
                  0.10    0.00    0.48 v accumulator._1709_/A (sky130_fd_sc_hd__inv_2)
     2    0.01    0.04    0.06    0.54 ^ accumulator._1709_/Y (sky130_fd_sc_hd__inv_2)
                                         accumulator._0804_ (net)
                  0.04    0.00    0.54 ^ accumulator._2135_/A1 (sky130_fd_sc_hd__o22a_1)
     1    0.00    0.03    0.07    0.61 ^ accumulator._2135_/X (sky130_fd_sc_hd__o22a_1)
                                         accumulator._0091_ (net)
                  0.03    0.00    0.61 ^ accumulator._2136_/B (sky130_fd_sc_hd__nor2_1)
     1    0.00    0.02    0.02    0.63 v accumulator._2136_/Y (sky130_fd_sc_hd__nor2_1)
                                         accumulator._0006_ (net)
                  0.02    0.00    0.63 v accumulator._2361_/D (sky130_fd_sc_hd__dfxtp_1)
                                  0.63   data arrival time

                          0.00    0.00   clock clock (rise edge)
                          0.00    0.00   clock source latency
     1    0.02    0.06    0.04    0.04 ^ clock (in)
                                         clock (net)
                  0.06    0.00    0.04 ^ clkbuf_0_clock/A (sky130_fd_sc_hd__clkbuf_16)
     4    0.04    0.05    0.11    0.16 ^ clkbuf_0_clock/X (sky130_fd_sc_hd__clkbuf_16)
                                         clknet_0_clock (net)
                  0.05    0.00    0.16 ^ clkbuf_2_0__f_clock/A (sky130_fd_sc_hd__clkbuf_16)
    11    0.04    0.04    0.10    0.26 ^ clkbuf_2_0__f_clock/X (sky130_fd_sc_hd__clkbuf_16)
                                         clknet_2_0__leaf_clock (net)
                  0.04    0.00    0.26 ^ accumulator._2361_/CLK (sky130_fd_sc_hd__dfxtp_1)
                          0.25    0.51   clock uncertainty
                         -0.02    0.49   clock reconvergence pessimism
                         -0.03    0.45   library hold time
                                  0.45   data required time
-----------------------------------------------------------------------------
                                  0.45   data required time
                                 -0.63   data arrival time
-----------------------------------------------------------------------------
                                  0.18   slack (MET)


Startpoint: accumulator._2383_
            (rising edge-triggered flip-flop clocked by clock)
Endpoint: accumulator._2383_ (rising edge-triggered flip-flop clocked by clock)
Path Group: clock
Path Type: min
Corner: Fastest

Fanout     Cap    Slew   Delay    Time   Description
-----------------------------------------------------------------------------
                          0.00    0.00   clock clock (rise edge)
                          0.00    0.00   clock source latency
     1    0.02    0.06    0.04    0.04 ^ clock (in)
                                         clock (net)
                  0.06    0.00    0.04 ^ clkbuf_0_clock/A (sky130_fd_sc_hd__clkbuf_16)
     4    0.04    0.05    0.10    0.14 ^ clkbuf_0_clock/X (sky130_fd_sc_hd__clkbuf_16)
                                         clknet_0_clock (net)
                  0.05    0.00    0.14 ^ clkbuf_2_3__f_clock/A (sky130_fd_sc_hd__clkbuf_16)
    10    0.03    0.04    0.09    0.23 ^ clkbuf_2_3__f_clock/X (sky130_fd_sc_hd__clkbuf_16)
                                         clknet_2_3__leaf_clock (net)
                  0.04    0.00    0.23 ^ accumulator._2383_/CLK (sky130_fd_sc_hd__dfxtp_1)
     6    0.03    0.18    0.28    0.52 ^ accumulator._2383_/Q (sky130_fd_sc_hd__dfxtp_1)
                                         accumulator.io_accOut[26] (net)
                  0.18    0.00    0.52 ^ accumulator._2312_/A (sky130_fd_sc_hd__or2_1)
     1    0.00    0.03    0.08    0.59 ^ accumulator._2312_/X (sky130_fd_sc_hd__or2_1)
                                         accumulator._0264_ (net)
                  0.03    0.00    0.59 ^ accumulator._2313_/B1 (sky130_fd_sc_hd__o211a_1)
     1    0.00    0.02    0.06    0.65 ^ accumulator._2313_/X (sky130_fd_sc_hd__o211a_1)
                                         accumulator._0028_ (net)
                  0.02    0.00    0.65 ^ accumulator._2383_/D (sky130_fd_sc_hd__dfxtp_1)
                                  0.65   data arrival time

                          0.00    0.00   clock clock (rise edge)
                          0.00    0.00   clock source latency
     1    0.02    0.06    0.04    0.04 ^ clock (in)
                                         clock (net)
                  0.06    0.00    0.04 ^ clkbuf_0_clock/A (sky130_fd_sc_hd__clkbuf_16)
     4    0.04    0.05    0.11    0.16 ^ clkbuf_0_clock/X (sky130_fd_sc_hd__clkbuf_16)
                                         clknet_0_clock (net)
                  0.05    0.00    0.16 ^ clkbuf_2_3__f_clock/A (sky130_fd_sc_hd__clkbuf_16)
    10    0.03    0.04    0.10    0.26 ^ clkbuf_2_3__f_clock/X (sky130_fd_sc_hd__clkbuf_16)
                                         clknet_2_3__leaf_clock (net)
                  0.04    0.00    0.26 ^ accumulator._2383_/CLK (sky130_fd_sc_hd__dfxtp_1)
                          0.25    0.51   clock uncertainty
                         -0.02    0.48   clock reconvergence pessimism
                         -0.02    0.47   library hold time
                                  0.47   data required time
-----------------------------------------------------------------------------
                                  0.47   data required time
                                 -0.65   data arrival time
-----------------------------------------------------------------------------
                                  0.19   slack (MET)


Startpoint: accumulator._2379_
            (rising edge-triggered flip-flop clocked by clock)
Endpoint: accumulator._2379_ (rising edge-triggered flip-flop clocked by clock)
Path Group: clock
Path Type: min
Corner: Fastest

Fanout     Cap    Slew   Delay    Time   Description
-----------------------------------------------------------------------------
                          0.00    0.00   clock clock (rise edge)
                          0.00    0.00   clock source latency
     1    0.02    0.06    0.04    0.04 ^ clock (in)
                                         clock (net)
                  0.06    0.00    0.04 ^ clkbuf_0_clock/A (sky130_fd_sc_hd__clkbuf_16)
     4    0.04    0.05    0.10    0.14 ^ clkbuf_0_clock/X (sky130_fd_sc_hd__clkbuf_16)
                                         clknet_0_clock (net)
                  0.05    0.00    0.14 ^ clkbuf_2_3__f_clock/A (sky130_fd_sc_hd__clkbuf_16)
    10    0.03    0.04    0.09    0.23 ^ clkbuf_2_3__f_clock/X (sky130_fd_sc_hd__clkbuf_16)
                                         clknet_2_3__leaf_clock (net)
                  0.04    0.00    0.23 ^ accumulator._2379_/CLK (sky130_fd_sc_hd__dfxtp_1)
     4    0.03    0.09    0.24    0.47 v accumulator._2379_/Q (sky130_fd_sc_hd__dfxtp_1)
                                         accumulator.io_accOut[22] (net)
                  0.09    0.00    0.47 v accumulator._2275_/A (sky130_fd_sc_hd__inv_2)
     1    0.00    0.03    0.05    0.52 ^ accumulator._2275_/Y (sky130_fd_sc_hd__inv_2)
                                         accumulator._0227_ (net)
                  0.03    0.00    0.52 ^ accumulator._2279_/A1 (sky130_fd_sc_hd__o221a_1)
     1    0.00    0.04    0.09    0.61 ^ accumulator._2279_/X (sky130_fd_sc_hd__o221a_1)
                                         accumulator._0231_ (net)
                  0.04    0.00    0.61 ^ accumulator._2280_/A2 (sky130_fd_sc_hd__a21oi_1)
     1    0.00    0.02    0.03    0.64 v accumulator._2280_/Y (sky130_fd_sc_hd__a21oi_1)
                                         accumulator._0024_ (net)
                  0.02    0.00    0.64 v accumulator._2379_/D (sky130_fd_sc_hd__dfxtp_1)
                                  0.64   data arrival time

                          0.00    0.00   clock clock (rise edge)
                          0.00    0.00   clock source latency
     1    0.02    0.06    0.04    0.04 ^ clock (in)
                                         clock (net)
                  0.06    0.00    0.04 ^ clkbuf_0_clock/A (sky130_fd_sc_hd__clkbuf_16)
     4    0.04    0.05    0.11    0.16 ^ clkbuf_0_clock/X (sky130_fd_sc_hd__clkbuf_16)
                                         clknet_0_clock (net)
                  0.05    0.00    0.16 ^ clkbuf_2_3__f_clock/A (sky130_fd_sc_hd__clkbuf_16)
    10    0.03    0.04    0.10    0.26 ^ clkbuf_2_3__f_clock/X (sky130_fd_sc_hd__clkbuf_16)
                                         clknet_2_3__leaf_clock (net)
                  0.04    0.00    0.26 ^ accumulator._2379_/CLK (sky130_fd_sc_hd__dfxtp_1)
                          0.25    0.51   clock uncertainty
                         -0.02    0.48   clock reconvergence pessimism
                         -0.04    0.45   library hold time
                                  0.45   data required time
-----------------------------------------------------------------------------
                                  0.45   data required time
                                 -0.64   data arrival time
-----------------------------------------------------------------------------
                                  0.19   slack (MET)


Startpoint: accumulator._2380_
            (rising edge-triggered flip-flop clocked by clock)
Endpoint: accumulator._2380_ (rising edge-triggered flip-flop clocked by clock)
Path Group: clock
Path Type: min
Corner: Fastest

Fanout     Cap    Slew   Delay    Time   Description
-----------------------------------------------------------------------------
                          0.00    0.00   clock clock (rise edge)
                          0.00    0.00   clock source latency
     1    0.02    0.06    0.04    0.04 ^ clock (in)
                                         clock (net)
                  0.06    0.00    0.04 ^ clkbuf_0_clock/A (sky130_fd_sc_hd__clkbuf_16)
     4    0.04    0.05    0.10    0.14 ^ clkbuf_0_clock/X (sky130_fd_sc_hd__clkbuf_16)
                                         clknet_0_clock (net)
                  0.05    0.00    0.14 ^ clkbuf_2_2__f_clock/A (sky130_fd_sc_hd__clkbuf_16)
     7    0.03    0.04    0.09    0.23 ^ clkbuf_2_2__f_clock/X (sky130_fd_sc_hd__clkbuf_16)
                                         clknet_2_2__leaf_clock (net)
                  0.04    0.00    0.23 ^ accumulator._2380_/CLK (sky130_fd_sc_hd__dfxtp_1)
     6    0.03    0.22    0.30    0.53 ^ accumulator._2380_/Q (sky130_fd_sc_hd__dfxtp_1)
                                         accumulator.io_accOut[23] (net)
                  0.22    0.00    0.53 ^ accumulator._2284_/A (sky130_fd_sc_hd__or2_1)
     1    0.00    0.03    0.08    0.61 ^ accumulator._2284_/X (sky130_fd_sc_hd__or2_1)
                                         accumulator._0236_ (net)
                  0.03    0.00    0.61 ^ accumulator._2285_/B1 (sky130_fd_sc_hd__o211a_1)
     1    0.00    0.02    0.06    0.67 ^ accumulator._2285_/X (sky130_fd_sc_hd__o211a_1)
                                         accumulator._0025_ (net)
                  0.02    0.00    0.67 ^ accumulator._2380_/D (sky130_fd_sc_hd__dfxtp_1)
                                  0.67   data arrival time

                          0.00    0.00   clock clock (rise edge)
                          0.00    0.00   clock source latency
     1    0.02    0.06    0.04    0.04 ^ clock (in)
                                         clock (net)
                  0.06    0.00    0.04 ^ clkbuf_0_clock/A (sky130_fd_sc_hd__clkbuf_16)
     4    0.04    0.05    0.11    0.16 ^ clkbuf_0_clock/X (sky130_fd_sc_hd__clkbuf_16)
                                         clknet_0_clock (net)
                  0.05    0.00    0.16 ^ clkbuf_2_2__f_clock/A (sky130_fd_sc_hd__clkbuf_16)
     7    0.03    0.04    0.10    0.26 ^ clkbuf_2_2__f_clock/X (sky130_fd_sc_hd__clkbuf_16)
                                         clknet_2_2__leaf_clock (net)
                  0.04    0.00    0.26 ^ accumulator._2380_/CLK (sky130_fd_sc_hd__dfxtp_1)
                          0.25    0.51   clock uncertainty
                         -0.02    0.48   clock reconvergence pessimism
                         -0.02    0.47   library hold time
                                  0.47   data required time
-----------------------------------------------------------------------------
                                  0.47   data required time
                                 -0.67   data arrival time
-----------------------------------------------------------------------------
                                  0.21   slack (MET)


Startpoint: accumulator._2378_
            (rising edge-triggered flip-flop clocked by clock)
Endpoint: accumulator._2378_ (rising edge-triggered flip-flop clocked by clock)
Path Group: clock
Path Type: min
Corner: Fastest

Fanout     Cap    Slew   Delay    Time   Description
-----------------------------------------------------------------------------
                          0.00    0.00   clock clock (rise edge)
                          0.00    0.00   clock source latency
     1    0.02    0.06    0.04    0.04 ^ clock (in)
                                         clock (net)
                  0.06    0.00    0.04 ^ clkbuf_0_clock/A (sky130_fd_sc_hd__clkbuf_16)
     4    0.04    0.05    0.10    0.14 ^ clkbuf_0_clock/X (sky130_fd_sc_hd__clkbuf_16)
                                         clknet_0_clock (net)
                  0.05    0.00    0.14 ^ clkbuf_2_1__f_clock/A (sky130_fd_sc_hd__clkbuf_16)
     9    0.03    0.04    0.09    0.23 ^ clkbuf_2_1__f_clock/X (sky130_fd_sc_hd__clkbuf_16)
                                         clknet_2_1__leaf_clock (net)
                  0.04    0.00    0.23 ^ accumulator._2378_/CLK (sky130_fd_sc_hd__dfxtp_1)
     4    0.03    0.20    0.29    0.53 ^ accumulator._2378_/Q (sky130_fd_sc_hd__dfxtp_1)
                                         accumulator.io_accOut[21] (net)
                  0.20    0.00    0.53 ^ accumulator._2272_/A1 (sky130_fd_sc_hd__a221o_1)
     1    0.00    0.03    0.10    0.63 ^ accumulator._2272_/X (sky130_fd_sc_hd__a221o_1)
                                         accumulator._0225_ (net)
                  0.03    0.00    0.63 ^ accumulator._2273_/A2 (sky130_fd_sc_hd__o21a_1)
     1    0.00    0.02    0.06    0.68 ^ accumulator._2273_/X (sky130_fd_sc_hd__o21a_1)
                                         accumulator._0023_ (net)
                  0.02    0.00    0.68 ^ accumulator._2378_/D (sky130_fd_sc_hd__dfxtp_1)
                                  0.68   data arrival time

                          0.00    0.00   clock clock (rise edge)
                          0.00    0.00   clock source latency
     1    0.02    0.06    0.04    0.04 ^ clock (in)
                                         clock (net)
                  0.06    0.00    0.04 ^ clkbuf_0_clock/A (sky130_fd_sc_hd__clkbuf_16)
     4    0.04    0.05    0.11    0.16 ^ clkbuf_0_clock/X (sky130_fd_sc_hd__clkbuf_16)
                                         clknet_0_clock (net)
                  0.05    0.00    0.16 ^ clkbuf_2_1__f_clock/A (sky130_fd_sc_hd__clkbuf_16)
     9    0.03    0.04    0.10    0.26 ^ clkbuf_2_1__f_clock/X (sky130_fd_sc_hd__clkbuf_16)
                                         clknet_2_1__leaf_clock (net)
                  0.04    0.00    0.26 ^ accumulator._2378_/CLK (sky130_fd_sc_hd__dfxtp_1)
                          0.25    0.51   clock uncertainty
                         -0.02    0.48   clock reconvergence pessimism
                         -0.02    0.47   library hold time
                                  0.47   data required time
-----------------------------------------------------------------------------
                                  0.47   data required time
                                 -0.68   data arrival time
-----------------------------------------------------------------------------
                                  0.21   slack (MET)


Startpoint: accumulator._2362_
            (rising edge-triggered flip-flop clocked by clock)
Endpoint: accumulator._2362_ (rising edge-triggered flip-flop clocked by clock)
Path Group: clock
Path Type: min
Corner: Fastest

Fanout     Cap    Slew   Delay    Time   Description
-----------------------------------------------------------------------------
                          0.00    0.00   clock clock (rise edge)
                          0.00    0.00   clock source latency
     1    0.02    0.06    0.04    0.04 ^ clock (in)
                                         clock (net)
                  0.06    0.00    0.04 ^ clkbuf_0_clock/A (sky130_fd_sc_hd__clkbuf_16)
     4    0.04    0.05    0.10    0.14 ^ clkbuf_0_clock/X (sky130_fd_sc_hd__clkbuf_16)
                                         clknet_0_clock (net)
                  0.05    0.00    0.14 ^ clkbuf_2_0__f_clock/A (sky130_fd_sc_hd__clkbuf_16)
    11    0.04    0.04    0.09    0.24 ^ clkbuf_2_0__f_clock/X (sky130_fd_sc_hd__clkbuf_16)
                                         clknet_2_0__leaf_clock (net)
                  0.04    0.00    0.24 ^ accumulator._2362_/CLK (sky130_fd_sc_hd__dfxtp_1)
     6    0.03    0.11    0.25    0.49 v accumulator._2362_/Q (sky130_fd_sc_hd__dfxtp_1)
                                         accumulator.io_accOut[5] (net)
                  0.11    0.00    0.49 v accumulator._2143_/A1_N (sky130_fd_sc_hd__o2bb2a_1)
     1    0.00    0.03    0.16    0.65 ^ accumulator._2143_/X (sky130_fd_sc_hd__o2bb2a_1)
                                         accumulator._0099_ (net)
                  0.03    0.00    0.65 ^ accumulator._2144_/B (sky130_fd_sc_hd__nor2_1)
     1    0.00    0.02    0.02    0.67 v accumulator._2144_/Y (sky130_fd_sc_hd__nor2_1)
                                         accumulator._0007_ (net)
                  0.02    0.00    0.67 v accumulator._2362_/D (sky130_fd_sc_hd__dfxtp_1)
                                  0.67   data arrival time

                          0.00    0.00   clock clock (rise edge)
                          0.00    0.00   clock source latency
     1    0.02    0.06    0.04    0.04 ^ clock (in)
                                         clock (net)
                  0.06    0.00    0.04 ^ clkbuf_0_clock/A (sky130_fd_sc_hd__clkbuf_16)
     4    0.04    0.05    0.11    0.16 ^ clkbuf_0_clock/X (sky130_fd_sc_hd__clkbuf_16)
                                         clknet_0_clock (net)
                  0.05    0.00    0.16 ^ clkbuf_2_0__f_clock/A (sky130_fd_sc_hd__clkbuf_16)
    11    0.04    0.04    0.10    0.26 ^ clkbuf_2_0__f_clock/X (sky130_fd_sc_hd__clkbuf_16)
                                         clknet_2_0__leaf_clock (net)
                  0.04    0.00    0.26 ^ accumulator._2362_/CLK (sky130_fd_sc_hd__dfxtp_1)
                          0.25    0.51   clock uncertainty
                         -0.02    0.49   clock reconvergence pessimism
                         -0.03    0.45   library hold time
                                  0.45   data required time
-----------------------------------------------------------------------------
                                  0.45   data required time
                                 -0.67   data arrival time
-----------------------------------------------------------------------------
                                  0.21   slack (MET)


Startpoint: accumulator._2372_
            (rising edge-triggered flip-flop clocked by clock)
Endpoint: accumulator._2372_ (rising edge-triggered flip-flop clocked by clock)
Path Group: clock
Path Type: min
Corner: Fastest

Fanout     Cap    Slew   Delay    Time   Description
-----------------------------------------------------------------------------
                          0.00    0.00   clock clock (rise edge)
                          0.00    0.00   clock source latency
     1    0.02    0.06    0.04    0.04 ^ clock (in)
                                         clock (net)
                  0.06    0.00    0.04 ^ clkbuf_0_clock/A (sky130_fd_sc_hd__clkbuf_16)
     4    0.04    0.05    0.10    0.14 ^ clkbuf_0_clock/X (sky130_fd_sc_hd__clkbuf_16)
                                         clknet_0_clock (net)
                  0.05    0.00    0.14 ^ clkbuf_2_0__f_clock/A (sky130_fd_sc_hd__clkbuf_16)
    11    0.04    0.04    0.09    0.24 ^ clkbuf_2_0__f_clock/X (sky130_fd_sc_hd__clkbuf_16)
                                         clknet_2_0__leaf_clock (net)
                  0.04    0.00    0.24 ^ accumulator._2372_/CLK (sky130_fd_sc_hd__dfxtp_1)
     3    0.01    0.05    0.20    0.44 v accumulator._2372_/Q (sky130_fd_sc_hd__dfxtp_1)
                                         accumulator.io_accOut[15] (net)
                  0.05    0.00    0.44 v accumulator._1764_/A (sky130_fd_sc_hd__inv_2)
     2    0.02    0.06    0.07    0.50 ^ accumulator._1764_/Y (sky130_fd_sc_hd__inv_2)
                                         accumulator._0859_ (net)
                  0.06    0.00    0.51 ^ accumulator._2227_/A1 (sky130_fd_sc_hd__o221a_1)
     1    0.00    0.04    0.10    0.61 ^ accumulator._2227_/X (sky130_fd_sc_hd__o221a_1)
                                         accumulator._0181_ (net)
                  0.04    0.00    0.61 ^ accumulator._2228_/A2 (sky130_fd_sc_hd__a21oi_1)
     1    0.01    0.05    0.05    0.66 v accumulator._2228_/Y (sky130_fd_sc_hd__a21oi_1)
                                         accumulator._0017_ (net)
                  0.05    0.00    0.66 v accumulator._2372_/D (sky130_fd_sc_hd__dfxtp_1)
                                  0.66   data arrival time

                          0.00    0.00   clock clock (rise edge)
                          0.00    0.00   clock source latency
     1    0.02    0.06    0.04    0.04 ^ clock (in)
                                         clock (net)
                  0.06    0.00    0.04 ^ clkbuf_0_clock/A (sky130_fd_sc_hd__clkbuf_16)
     4    0.04    0.05    0.11    0.16 ^ clkbuf_0_clock/X (sky130_fd_sc_hd__clkbuf_16)
                                         clknet_0_clock (net)
                  0.05    0.00    0.16 ^ clkbuf_2_0__f_clock/A (sky130_fd_sc_hd__clkbuf_16)
    11    0.04    0.04    0.10    0.26 ^ clkbuf_2_0__f_clock/X (sky130_fd_sc_hd__clkbuf_16)
                                         clknet_2_0__leaf_clock (net)
                  0.04    0.00    0.26 ^ accumulator._2372_/CLK (sky130_fd_sc_hd__dfxtp_1)
                          0.25    0.51   clock uncertainty
                         -0.02    0.49   clock reconvergence pessimism
                         -0.04    0.44   library hold time
                                  0.44   data required time
-----------------------------------------------------------------------------
                                  0.44   data required time
                                 -0.66   data arrival time
-----------------------------------------------------------------------------
                                  0.22   slack (MET)


Startpoint: accumulator._2357_
            (rising edge-triggered flip-flop clocked by clock)
Endpoint: accumulator._2357_ (rising edge-triggered flip-flop clocked by clock)
Path Group: clock
Path Type: min
Corner: Fastest

Fanout     Cap    Slew   Delay    Time   Description
-----------------------------------------------------------------------------
                          0.00    0.00   clock clock (rise edge)
                          0.00    0.00   clock source latency
     1    0.02    0.06    0.04    0.04 ^ clock (in)
                                         clock (net)
                  0.06    0.00    0.04 ^ clkbuf_0_clock/A (sky130_fd_sc_hd__clkbuf_16)
     4    0.04    0.05    0.10    0.14 ^ clkbuf_0_clock/X (sky130_fd_sc_hd__clkbuf_16)
                                         clknet_0_clock (net)
                  0.05    0.00    0.14 ^ clkbuf_2_0__f_clock/A (sky130_fd_sc_hd__clkbuf_16)
    11    0.04    0.04    0.09    0.24 ^ clkbuf_2_0__f_clock/X (sky130_fd_sc_hd__clkbuf_16)
                                         clknet_2_0__leaf_clock (net)
                  0.04    0.00    0.24 ^ accumulator._2357_/CLK (sky130_fd_sc_hd__dfxtp_2)
     5    0.04    0.14    0.26    0.50 ^ accumulator._2357_/Q (sky130_fd_sc_hd__dfxtp_2)
                                         accumulator.io_accOut[0] (net)
                  0.14    0.00    0.50 ^ accumulator._2095_/A1 (sky130_fd_sc_hd__a22o_1)
     1    0.00    0.03    0.08    0.58 ^ accumulator._2095_/X (sky130_fd_sc_hd__a22o_1)
                                         accumulator._0051_ (net)
                  0.03    0.00    0.58 ^ accumulator._2096_/B (sky130_fd_sc_hd__and2_1)
     1    0.00    0.03    0.07    0.65 ^ accumulator._2096_/X (sky130_fd_sc_hd__and2_1)
                                         accumulator._0052_ (net)
                  0.03    0.00    0.65 ^ accumulator._2097_/A (sky130_fd_sc_hd__clkbuf_1)
     1    0.00    0.03    0.04    0.70 ^ accumulator._2097_/X (sky130_fd_sc_hd__clkbuf_1)
                                         accumulator._0002_ (net)
                  0.03    0.00    0.70 ^ accumulator._2357_/D (sky130_fd_sc_hd__dfxtp_2)
                                  0.70   data arrival time

                          0.00    0.00   clock clock (rise edge)
                          0.00    0.00   clock source latency
     1    0.02    0.06    0.04    0.04 ^ clock (in)
                                         clock (net)
                  0.06    0.00    0.04 ^ clkbuf_0_clock/A (sky130_fd_sc_hd__clkbuf_16)
     4    0.04    0.05    0.11    0.16 ^ clkbuf_0_clock/X (sky130_fd_sc_hd__clkbuf_16)
                                         clknet_0_clock (net)
                  0.05    0.00    0.16 ^ clkbuf_2_0__f_clock/A (sky130_fd_sc_hd__clkbuf_16)
    11    0.04    0.04    0.10    0.26 ^ clkbuf_2_0__f_clock/X (sky130_fd_sc_hd__clkbuf_16)
                                         clknet_2_0__leaf_clock (net)
                  0.04    0.00    0.26 ^ accumulator._2357_/CLK (sky130_fd_sc_hd__dfxtp_2)
                          0.25    0.51   clock uncertainty
                         -0.02    0.49   clock reconvergence pessimism
                         -0.02    0.47   library hold time
                                  0.47   data required time
-----------------------------------------------------------------------------
                                  0.47   data required time
                                 -0.70   data arrival time
-----------------------------------------------------------------------------
                                  0.23   slack (MET)


Startpoint: accumulator._2387_
            (rising edge-triggered flip-flop clocked by clock)
Endpoint: accumulator._2387_ (rising edge-triggered flip-flop clocked by clock)
Path Group: clock
Path Type: min
Corner: Fastest

Fanout     Cap    Slew   Delay    Time   Description
-----------------------------------------------------------------------------
                          0.00    0.00   clock clock (rise edge)
                          0.00    0.00   clock source latency
     1    0.02    0.06    0.04    0.04 ^ clock (in)
                                         clock (net)
                  0.06    0.00    0.04 ^ clkbuf_0_clock/A (sky130_fd_sc_hd__clkbuf_16)
     4    0.04    0.05    0.10    0.14 ^ clkbuf_0_clock/X (sky130_fd_sc_hd__clkbuf_16)
                                         clknet_0_clock (net)
                  0.05    0.00    0.14 ^ clkbuf_2_2__f_clock/A (sky130_fd_sc_hd__clkbuf_16)
     7    0.03    0.04    0.09    0.23 ^ clkbuf_2_2__f_clock/X (sky130_fd_sc_hd__clkbuf_16)
                                         clknet_2_2__leaf_clock (net)
                  0.04    0.00    0.23 ^ accumulator._2387_/CLK (sky130_fd_sc_hd__dfxtp_2)
     7    0.06    0.11    0.26    0.49 v accumulator._2387_/Q (sky130_fd_sc_hd__dfxtp_2)
                                         accumulator.io_accOut[30] (net)
                  0.11    0.00    0.49 v accumulator._1288_/A (sky130_fd_sc_hd__inv_2)
     2    0.02    0.08    0.10    0.59 ^ accumulator._1288_/Y (sky130_fd_sc_hd__inv_2)
                                         accumulator._0385_ (net)
                  0.08    0.00    0.59 ^ accumulator._2351_/A1 (sky130_fd_sc_hd__a21oi_1)
     1    0.00    0.03    0.04    0.63 v accumulator._2351_/Y (sky130_fd_sc_hd__a21oi_1)
                                         accumulator._0303_ (net)
                  0.03    0.00    0.63 v accumulator._2352_/B1 (sky130_fd_sc_hd__o31a_1)
     1    0.00    0.02    0.06    0.69 v accumulator._2352_/X (sky130_fd_sc_hd__o31a_1)
                                         accumulator._0032_ (net)
                  0.02    0.00    0.69 v accumulator._2387_/D (sky130_fd_sc_hd__dfxtp_2)
                                  0.69   data arrival time

                          0.00    0.00   clock clock (rise edge)
                          0.00    0.00   clock source latency
     1    0.02    0.06    0.04    0.04 ^ clock (in)
                                         clock (net)
                  0.06    0.00    0.04 ^ clkbuf_0_clock/A (sky130_fd_sc_hd__clkbuf_16)
     4    0.04    0.05    0.11    0.16 ^ clkbuf_0_clock/X (sky130_fd_sc_hd__clkbuf_16)
                                         clknet_0_clock (net)
                  0.05    0.00    0.16 ^ clkbuf_2_2__f_clock/A (sky130_fd_sc_hd__clkbuf_16)
     7    0.03    0.04    0.10    0.26 ^ clkbuf_2_2__f_clock/X (sky130_fd_sc_hd__clkbuf_16)
                                         clknet_2_2__leaf_clock (net)
                  0.04    0.00    0.26 ^ accumulator._2387_/CLK (sky130_fd_sc_hd__dfxtp_2)
                          0.25    0.51   clock uncertainty
                         -0.02    0.48   clock reconvergence pessimism
                         -0.03    0.45   library hold time
                                  0.45   data required time
-----------------------------------------------------------------------------
                                  0.45   data required time
                                 -0.69   data arrival time
-----------------------------------------------------------------------------
                                  0.23   slack (MET)


Startpoint: accumulator._2356_
            (rising edge-triggered flip-flop clocked by clock)
Endpoint: accumulator._2388_ (rising edge-triggered flip-flop clocked by clock)
Path Group: clock
Path Type: min
Corner: Fastest

Fanout     Cap    Slew   Delay    Time   Description
-----------------------------------------------------------------------------
                          0.00    0.00   clock clock (rise edge)
                          0.00    0.00   clock source latency
     1    0.02    0.06    0.04    0.04 ^ clock (in)
                                         clock (net)
                  0.06    0.00    0.04 ^ clkbuf_0_clock/A (sky130_fd_sc_hd__clkbuf_16)
     4    0.04    0.05    0.10    0.14 ^ clkbuf_0_clock/X (sky130_fd_sc_hd__clkbuf_16)
                                         clknet_0_clock (net)
                  0.05    0.00    0.14 ^ clkbuf_2_3__f_clock/A (sky130_fd_sc_hd__clkbuf_16)
    10    0.03    0.04    0.09    0.23 ^ clkbuf_2_3__f_clock/X (sky130_fd_sc_hd__clkbuf_16)
                                         clknet_2_3__leaf_clock (net)
                  0.04    0.00    0.23 ^ accumulator._2356_/CLK (sky130_fd_sc_hd__dfxtp_1)
     3    0.01    0.07    0.21    0.44 ^ accumulator._2356_/Q (sky130_fd_sc_hd__dfxtp_1)
                                         accumulator.state[1] (net)
                  0.07    0.00    0.44 ^ accumulator._1177_/B (sky130_fd_sc_hd__and2b_1)
     1    0.00    0.03    0.07    0.51 ^ accumulator._1177_/X (sky130_fd_sc_hd__and2b_1)
                                         accumulator._1145_ (net)
                  0.03    0.00    0.51 ^ accumulator._1178_/A (sky130_fd_sc_hd__buf_1)
     2    0.01    0.09    0.09    0.60 ^ accumulator._1178_/X (sky130_fd_sc_hd__buf_1)
                                         net55 (net)
                  0.09    0.00    0.60 ^ accumulator._2353_/B (sky130_fd_sc_hd__nor2_1)
     1    0.00    0.03    0.02    0.63 v accumulator._2353_/Y (sky130_fd_sc_hd__nor2_1)
                                         accumulator._0304_ (net)
                  0.03    0.00    0.63 v accumulator._2354_/C1 (sky130_fd_sc_hd__o211a_1)
     1    0.00    0.02    0.06    0.68 v accumulator._2354_/X (sky130_fd_sc_hd__o211a_1)
                                         accumulator._0033_ (net)
                  0.02    0.00    0.68 v accumulator._2388_/D (sky130_fd_sc_hd__dfxtp_1)
                                  0.68   data arrival time

                          0.00    0.00   clock clock (rise edge)
                          0.00    0.00   clock source latency
     1    0.02    0.06    0.04    0.04 ^ clock (in)
                                         clock (net)
                  0.06    0.00    0.04 ^ clkbuf_0_clock/A (sky130_fd_sc_hd__clkbuf_16)
     4    0.04    0.05    0.11    0.16 ^ clkbuf_0_clock/X (sky130_fd_sc_hd__clkbuf_16)
                                         clknet_0_clock (net)
                  0.05    0.00    0.16 ^ clkbuf_2_3__f_clock/A (sky130_fd_sc_hd__clkbuf_16)
    10    0.03    0.04    0.10    0.26 ^ clkbuf_2_3__f_clock/X (sky130_fd_sc_hd__clkbuf_16)
                                         clknet_2_3__leaf_clock (net)
                  0.04    0.00    0.26 ^ accumulator._2388_/CLK (sky130_fd_sc_hd__dfxtp_1)
                          0.25    0.51   clock uncertainty
                         -0.02    0.48   clock reconvergence pessimism
                         -0.03    0.45   library hold time
                                  0.45   data required time
-----------------------------------------------------------------------------
                                  0.45   data required time
                                 -0.68   data arrival time
-----------------------------------------------------------------------------
                                  0.23   slack (MET)


Startpoint: accumulator._2359_
            (rising edge-triggered flip-flop clocked by clock)
Endpoint: accumulator._2359_ (rising edge-triggered flip-flop clocked by clock)
Path Group: clock
Path Type: min
Corner: Fastest

Fanout     Cap    Slew   Delay    Time   Description
-----------------------------------------------------------------------------
                          0.00    0.00   clock clock (rise edge)
                          0.00    0.00   clock source latency
     1    0.02    0.06    0.04    0.04 ^ clock (in)
                                         clock (net)
                  0.06    0.00    0.04 ^ clkbuf_0_clock/A (sky130_fd_sc_hd__clkbuf_16)
     4    0.04    0.05    0.10    0.14 ^ clkbuf_0_clock/X (sky130_fd_sc_hd__clkbuf_16)
                                         clknet_0_clock (net)
                  0.05    0.00    0.14 ^ clkbuf_2_3__f_clock/A (sky130_fd_sc_hd__clkbuf_16)
    10    0.03    0.04    0.09    0.23 ^ clkbuf_2_3__f_clock/X (sky130_fd_sc_hd__clkbuf_16)
                                         clknet_2_3__leaf_clock (net)
                  0.04    0.00    0.23 ^ accumulator._2359_/CLK (sky130_fd_sc_hd__dfxtp_2)
     6    0.04    0.17    0.28    0.51 ^ accumulator._2359_/Q (sky130_fd_sc_hd__dfxtp_2)
                                         accumulator.io_accOut[2] (net)
                  0.17    0.00    0.51 ^ accumulator._2115_/B2 (sky130_fd_sc_hd__a2bb2o_1)
     1    0.00    0.03    0.09    0.60 ^ accumulator._2115_/X (sky130_fd_sc_hd__a2bb2o_1)
                                         accumulator._0071_ (net)
                  0.03    0.00    0.60 ^ accumulator._2116_/B (sky130_fd_sc_hd__and2_1)
     1    0.00    0.03    0.07    0.67 ^ accumulator._2116_/X (sky130_fd_sc_hd__and2_1)
                                         accumulator._0072_ (net)
                  0.03    0.00    0.67 ^ accumulator._2117_/A (sky130_fd_sc_hd__clkbuf_1)
     1    0.00    0.03    0.05    0.72 ^ accumulator._2117_/X (sky130_fd_sc_hd__clkbuf_1)
                                         accumulator._0004_ (net)
                  0.03    0.00    0.72 ^ accumulator._2359_/D (sky130_fd_sc_hd__dfxtp_2)
                                  0.72   data arrival time

                          0.00    0.00   clock clock (rise edge)
                          0.00    0.00   clock source latency
     1    0.02    0.06    0.04    0.04 ^ clock (in)
                                         clock (net)
                  0.06    0.00    0.04 ^ clkbuf_0_clock/A (sky130_fd_sc_hd__clkbuf_16)
     4    0.04    0.05    0.11    0.16 ^ clkbuf_0_clock/X (sky130_fd_sc_hd__clkbuf_16)
                                         clknet_0_clock (net)
                  0.05    0.00    0.16 ^ clkbuf_2_3__f_clock/A (sky130_fd_sc_hd__clkbuf_16)
    10    0.03    0.04    0.10    0.26 ^ clkbuf_2_3__f_clock/X (sky130_fd_sc_hd__clkbuf_16)
                                         clknet_2_3__leaf_clock (net)
                  0.04    0.00    0.26 ^ accumulator._2359_/CLK (sky130_fd_sc_hd__dfxtp_2)
                          0.25    0.51   clock uncertainty
                         -0.02    0.48   clock reconvergence pessimism
                         -0.02    0.47   library hold time
                                  0.47   data required time
-----------------------------------------------------------------------------
                                  0.47   data required time
                                 -0.72   data arrival time
-----------------------------------------------------------------------------
                                  0.25   slack (MET)


Startpoint: accumulator._2365_
            (rising edge-triggered flip-flop clocked by clock)
Endpoint: accumulator._2365_ (rising edge-triggered flip-flop clocked by clock)
Path Group: clock
Path Type: min
Corner: Fastest

Fanout     Cap    Slew   Delay    Time   Description
-----------------------------------------------------------------------------
                          0.00    0.00   clock clock (rise edge)
                          0.00    0.00   clock source latency
     1    0.02    0.06    0.04    0.04 ^ clock (in)
                                         clock (net)
                  0.06    0.00    0.04 ^ clkbuf_0_clock/A (sky130_fd_sc_hd__clkbuf_16)
     4    0.04    0.05    0.10    0.14 ^ clkbuf_0_clock/X (sky130_fd_sc_hd__clkbuf_16)
                                         clknet_0_clock (net)
                  0.05    0.00    0.14 ^ clkbuf_2_3__f_clock/A (sky130_fd_sc_hd__clkbuf_16)
    10    0.03    0.04    0.09    0.23 ^ clkbuf_2_3__f_clock/X (sky130_fd_sc_hd__clkbuf_16)
                                         clknet_2_3__leaf_clock (net)
                  0.04    0.00    0.23 ^ accumulator._2365_/CLK (sky130_fd_sc_hd__dfxtp_1)
     4    0.02    0.17    0.27    0.51 ^ accumulator._2365_/Q (sky130_fd_sc_hd__dfxtp_1)
                                         accumulator.io_accOut[8] (net)
                  0.17    0.00    0.51 ^ accumulator._2169_/A1 (sky130_fd_sc_hd__a221o_1)
     1    0.01    0.05    0.11    0.61 ^ accumulator._2169_/X (sky130_fd_sc_hd__a221o_1)
                                         accumulator._0124_ (net)
                  0.05    0.00    0.61 ^ accumulator._2170_/B (sky130_fd_sc_hd__and2_1)
     1    0.00    0.03    0.07    0.68 ^ accumulator._2170_/X (sky130_fd_sc_hd__and2_1)
                                         accumulator._0126_ (net)
                  0.03    0.00    0.68 ^ accumulator._2171_/A (sky130_fd_sc_hd__clkbuf_1)
     1    0.00    0.03    0.05    0.73 ^ accumulator._2171_/X (sky130_fd_sc_hd__clkbuf_1)
                                         accumulator._0010_ (net)
                  0.03    0.00    0.73 ^ accumulator._2365_/D (sky130_fd_sc_hd__dfxtp_1)
                                  0.73   data arrival time

                          0.00    0.00   clock clock (rise edge)
                          0.00    0.00   clock source latency
     1    0.02    0.06    0.04    0.04 ^ clock (in)
                                         clock (net)
                  0.06    0.00    0.04 ^ clkbuf_0_clock/A (sky130_fd_sc_hd__clkbuf_16)
     4    0.04    0.05    0.11    0.16 ^ clkbuf_0_clock/X (sky130_fd_sc_hd__clkbuf_16)
                                         clknet_0_clock (net)
                  0.05    0.00    0.16 ^ clkbuf_2_3__f_clock/A (sky130_fd_sc_hd__clkbuf_16)
    10    0.03    0.04    0.10    0.26 ^ clkbuf_2_3__f_clock/X (sky130_fd_sc_hd__clkbuf_16)
                                         clknet_2_3__leaf_clock (net)
                  0.04    0.00    0.26 ^ accumulator._2365_/CLK (sky130_fd_sc_hd__dfxtp_1)
                          0.25    0.51   clock uncertainty
                         -0.02    0.48   clock reconvergence pessimism
                         -0.02    0.47   library hold time
                                  0.47   data required time
-----------------------------------------------------------------------------
                                  0.47   data required time
                                 -0.73   data arrival time
-----------------------------------------------------------------------------
                                  0.27   slack (MET)


Startpoint: accumulator._2358_
            (rising edge-triggered flip-flop clocked by clock)
Endpoint: accumulator._2358_ (rising edge-triggered flip-flop clocked by clock)
Path Group: clock
Path Type: min
Corner: Fastest

Fanout     Cap    Slew   Delay    Time   Description
-----------------------------------------------------------------------------
                          0.00    0.00   clock clock (rise edge)
                          0.00    0.00   clock source latency
     1    0.02    0.06    0.04    0.04 ^ clock (in)
                                         clock (net)
                  0.06    0.00    0.04 ^ clkbuf_0_clock/A (sky130_fd_sc_hd__clkbuf_16)
     4    0.04    0.05    0.10    0.14 ^ clkbuf_0_clock/X (sky130_fd_sc_hd__clkbuf_16)
                                         clknet_0_clock (net)
                  0.05    0.00    0.14 ^ clkbuf_2_2__f_clock/A (sky130_fd_sc_hd__clkbuf_16)
     7    0.03    0.04    0.09    0.23 ^ clkbuf_2_2__f_clock/X (sky130_fd_sc_hd__clkbuf_16)
                                         clknet_2_2__leaf_clock (net)
                  0.04    0.00    0.23 ^ accumulator._2358_/CLK (sky130_fd_sc_hd__dfxtp_1)
     5    0.03    0.24    0.32    0.55 ^ accumulator._2358_/Q (sky130_fd_sc_hd__dfxtp_1)
                                         accumulator.io_accOut[1] (net)
                  0.24    0.00    0.55 ^ accumulator._2107_/B2 (sky130_fd_sc_hd__a2bb2o_1)
     1    0.00    0.03    0.09    0.64 ^ accumulator._2107_/X (sky130_fd_sc_hd__a2bb2o_1)
                                         accumulator._0063_ (net)
                  0.03    0.00    0.64 ^ accumulator._2108_/B (sky130_fd_sc_hd__and2_1)
     1    0.00    0.04    0.07    0.72 ^ accumulator._2108_/X (sky130_fd_sc_hd__and2_1)
                                         accumulator._0064_ (net)
                  0.04    0.00    0.72 ^ accumulator._2109_/A (sky130_fd_sc_hd__clkbuf_1)
     1    0.00    0.03    0.05    0.77 ^ accumulator._2109_/X (sky130_fd_sc_hd__clkbuf_1)
                                         accumulator._0003_ (net)
                  0.03    0.00    0.77 ^ accumulator._2358_/D (sky130_fd_sc_hd__dfxtp_1)
                                  0.77   data arrival time

                          0.00    0.00   clock clock (rise edge)
                          0.00    0.00   clock source latency
     1    0.02    0.06    0.04    0.04 ^ clock (in)
                                         clock (net)
                  0.06    0.00    0.04 ^ clkbuf_0_clock/A (sky130_fd_sc_hd__clkbuf_16)
     4    0.04    0.05    0.11    0.16 ^ clkbuf_0_clock/X (sky130_fd_sc_hd__clkbuf_16)
                                         clknet_0_clock (net)
                  0.05    0.00    0.16 ^ clkbuf_2_2__f_clock/A (sky130_fd_sc_hd__clkbuf_16)
     7    0.03    0.04    0.10    0.26 ^ clkbuf_2_2__f_clock/X (sky130_fd_sc_hd__clkbuf_16)
                                         clknet_2_2__leaf_clock (net)
                  0.04    0.00    0.26 ^ accumulator._2358_/CLK (sky130_fd_sc_hd__dfxtp_1)
                          0.25    0.51   clock uncertainty
                         -0.02    0.48   clock reconvergence pessimism
                         -0.02    0.47   library hold time
                                  0.47   data required time
-----------------------------------------------------------------------------
                                  0.47   data required time
                                 -0.77   data arrival time
-----------------------------------------------------------------------------
                                  0.30   slack (MET)


Startpoint: accumulator._2388_
            (rising edge-triggered flip-flop clocked by clock)
Endpoint: accumulator._2384_ (rising edge-triggered flip-flop clocked by clock)
Path Group: clock
Path Type: min
Corner: Fastest

Fanout     Cap    Slew   Delay    Time   Description
-----------------------------------------------------------------------------
                          0.00    0.00   clock clock (rise edge)
                          0.00    0.00   clock source latency
     1    0.02    0.06    0.04    0.04 ^ clock (in)
                                         clock (net)
                  0.06    0.00    0.04 ^ clkbuf_0_clock/A (sky130_fd_sc_hd__clkbuf_16)
     4    0.04    0.05    0.10    0.14 ^ clkbuf_0_clock/X (sky130_fd_sc_hd__clkbuf_16)
                                         clknet_0_clock (net)
                  0.05    0.00    0.14 ^ clkbuf_2_3__f_clock/A (sky130_fd_sc_hd__clkbuf_16)
    10    0.03    0.04    0.09    0.23 ^ clkbuf_2_3__f_clock/X (sky130_fd_sc_hd__clkbuf_16)
                                         clknet_2_3__leaf_clock (net)
                  0.04    0.00    0.23 ^ accumulator._2388_/CLK (sky130_fd_sc_hd__dfxtp_1)
     5    0.02    0.06    0.21    0.44 v accumulator._2388_/Q (sky130_fd_sc_hd__dfxtp_1)
                                         accumulator.state[0] (net)
                  0.06    0.00    0.44 v accumulator._1179_/B (sky130_fd_sc_hd__nand2b_2)
     9    0.03    0.14    0.13    0.57 ^ accumulator._1179_/Y (sky130_fd_sc_hd__nand2b_2)
                                         accumulator._1166_ (net)
                  0.14    0.00    0.57 ^ accumulator._1180_/A (sky130_fd_sc_hd__clkbuf_4)
    10    0.06    0.14    0.18    0.75 ^ accumulator._1180_/X (sky130_fd_sc_hd__clkbuf_4)
                                         accumulator._0034_ (net)
                  0.14    0.00    0.75 ^ accumulator._2324_/B1 (sky130_fd_sc_hd__a21oi_1)
     1    0.01    0.05    0.05    0.80 v accumulator._2324_/Y (sky130_fd_sc_hd__a21oi_1)
                                         accumulator._0276_ (net)
                  0.05    0.00    0.80 v accumulator._2326_/A (sky130_fd_sc_hd__nor2_1)
     1    0.00    0.04    0.06    0.87 ^ accumulator._2326_/Y (sky130_fd_sc_hd__nor2_1)
                                         accumulator._0029_ (net)
                  0.04    0.00    0.87 ^ accumulator._2384_/D (sky130_fd_sc_hd__dfxtp_1)
                                  0.87   data arrival time

                          0.00    0.00   clock clock (rise edge)
                          0.00    0.00   clock source latency
     1    0.02    0.06    0.04    0.04 ^ clock (in)
                                         clock (net)
                  0.06    0.00    0.04 ^ clkbuf_0_clock/A (sky130_fd_sc_hd__clkbuf_16)
     4    0.04    0.05    0.11    0.16 ^ clkbuf_0_clock/X (sky130_fd_sc_hd__clkbuf_16)
                                         clknet_0_clock (net)
                  0.05    0.00    0.16 ^ clkbuf_2_2__f_clock/A (sky130_fd_sc_hd__clkbuf_16)
     7    0.03    0.04    0.10    0.26 ^ clkbuf_2_2__f_clock/X (sky130_fd_sc_hd__clkbuf_16)
                                         clknet_2_2__leaf_clock (net)
                  0.04    0.00    0.26 ^ accumulator._2384_/CLK (sky130_fd_sc_hd__dfxtp_1)
                          0.25    0.51   clock uncertainty
                         -0.01    0.49   clock reconvergence pessimism
                         -0.02    0.47   library hold time
                                  0.47   data required time
-----------------------------------------------------------------------------
                                  0.47   data required time
                                 -0.87   data arrival time
-----------------------------------------------------------------------------
                                  0.39   slack (MET)


Startpoint: accumulator._2388_
            (rising edge-triggered flip-flop clocked by clock)
Endpoint: accumulator._2377_ (rising edge-triggered flip-flop clocked by clock)
Path Group: clock
Path Type: min
Corner: Fastest

Fanout     Cap    Slew   Delay    Time   Description
-----------------------------------------------------------------------------
                          0.00    0.00   clock clock (rise edge)
                          0.00    0.00   clock source latency
     1    0.02    0.06    0.04    0.04 ^ clock (in)
                                         clock (net)
                  0.06    0.00    0.04 ^ clkbuf_0_clock/A (sky130_fd_sc_hd__clkbuf_16)
     4    0.04    0.05    0.10    0.14 ^ clkbuf_0_clock/X (sky130_fd_sc_hd__clkbuf_16)
                                         clknet_0_clock (net)
                  0.05    0.00    0.14 ^ clkbuf_2_3__f_clock/A (sky130_fd_sc_hd__clkbuf_16)
    10    0.03    0.04    0.09    0.23 ^ clkbuf_2_3__f_clock/X (sky130_fd_sc_hd__clkbuf_16)
                                         clknet_2_3__leaf_clock (net)
                  0.04    0.00    0.23 ^ accumulator._2388_/CLK (sky130_fd_sc_hd__dfxtp_1)
     5    0.02    0.06    0.21    0.44 v accumulator._2388_/Q (sky130_fd_sc_hd__dfxtp_1)
                                         accumulator.state[0] (net)
                  0.06    0.00    0.44 v accumulator._1179_/B (sky130_fd_sc_hd__nand2b_2)
     9    0.03    0.14    0.13    0.57 ^ accumulator._1179_/Y (sky130_fd_sc_hd__nand2b_2)
                                         accumulator._1166_ (net)
                  0.14    0.00    0.57 ^ accumulator._1297_/A (sky130_fd_sc_hd__buf_2)
    10    0.05    0.17    0.18    0.75 ^ accumulator._1297_/X (sky130_fd_sc_hd__buf_2)
                                         accumulator._0392_ (net)
                  0.17    0.00    0.75 ^ accumulator._2264_/A (sky130_fd_sc_hd__or2_4)
     1    0.00    0.02    0.09    0.84 ^ accumulator._2264_/X (sky130_fd_sc_hd__or2_4)
                                         accumulator._0217_ (net)
                  0.02    0.00    0.84 ^ accumulator._2265_/B2 (sky130_fd_sc_hd__o221a_1)
     1    0.00    0.04    0.08    0.92 ^ accumulator._2265_/X (sky130_fd_sc_hd__o221a_1)
                                         accumulator._0022_ (net)
                  0.04    0.00    0.92 ^ accumulator._2377_/D (sky130_fd_sc_hd__dfxtp_1)
                                  0.92   data arrival time

                          0.00    0.00   clock clock (rise edge)
                          0.00    0.00   clock source latency
     1    0.02    0.06    0.04    0.04 ^ clock (in)
                                         clock (net)
                  0.06    0.00    0.04 ^ clkbuf_0_clock/A (sky130_fd_sc_hd__clkbuf_16)
     4    0.04    0.05    0.11    0.16 ^ clkbuf_0_clock/X (sky130_fd_sc_hd__clkbuf_16)
                                         clknet_0_clock (net)
                  0.05    0.00    0.16 ^ clkbuf_2_0__f_clock/A (sky130_fd_sc_hd__clkbuf_16)
    11    0.04    0.04    0.10    0.26 ^ clkbuf_2_0__f_clock/X (sky130_fd_sc_hd__clkbuf_16)
                                         clknet_2_0__leaf_clock (net)
                  0.04    0.00    0.26 ^ accumulator._2377_/CLK (sky130_fd_sc_hd__dfxtp_1)
                          0.25    0.51   clock uncertainty
                         -0.01    0.50   clock reconvergence pessimism
                         -0.02    0.48   library hold time
                                  0.48   data required time
-----------------------------------------------------------------------------
                                  0.48   data required time
                                 -0.92   data arrival time
-----------------------------------------------------------------------------
                                  0.44   slack (MET)


Startpoint: accumulator._2388_
            (rising edge-triggered flip-flop clocked by clock)
Endpoint: accumulator._2369_ (rising edge-triggered flip-flop clocked by clock)
Path Group: clock
Path Type: min
Corner: Fastest

Fanout     Cap    Slew   Delay    Time   Description
-----------------------------------------------------------------------------
                          0.00    0.00   clock clock (rise edge)
                          0.00    0.00   clock source latency
     1    0.02    0.06    0.04    0.04 ^ clock (in)
                                         clock (net)
                  0.06    0.00    0.04 ^ clkbuf_0_clock/A (sky130_fd_sc_hd__clkbuf_16)
     4    0.04    0.05    0.10    0.14 ^ clkbuf_0_clock/X (sky130_fd_sc_hd__clkbuf_16)
                                         clknet_0_clock (net)
                  0.05    0.00    0.14 ^ clkbuf_2_3__f_clock/A (sky130_fd_sc_hd__clkbuf_16)
    10    0.03    0.04    0.09    0.23 ^ clkbuf_2_3__f_clock/X (sky130_fd_sc_hd__clkbuf_16)
                                         clknet_2_3__leaf_clock (net)
                  0.04    0.00    0.23 ^ accumulator._2388_/CLK (sky130_fd_sc_hd__dfxtp_1)
     5    0.02    0.06    0.21    0.44 v accumulator._2388_/Q (sky130_fd_sc_hd__dfxtp_1)
                                         accumulator.state[0] (net)
                  0.06    0.00    0.44 v accumulator._1179_/B (sky130_fd_sc_hd__nand2b_2)
     9    0.03    0.14    0.13    0.57 ^ accumulator._1179_/Y (sky130_fd_sc_hd__nand2b_2)
                                         accumulator._1166_ (net)
                  0.14    0.00    0.57 ^ accumulator._1180_/A (sky130_fd_sc_hd__clkbuf_4)
    10    0.06    0.14    0.18    0.75 ^ accumulator._1180_/X (sky130_fd_sc_hd__clkbuf_4)
                                         accumulator._0034_ (net)
                  0.14    0.00    0.75 ^ accumulator._2205_/B1 (sky130_fd_sc_hd__a211o_1)
     1    0.01    0.08    0.10    0.86 ^ accumulator._2205_/X (sky130_fd_sc_hd__a211o_1)
                                         accumulator._0160_ (net)
                  0.08    0.00    0.86 ^ accumulator._2206_/C1 (sky130_fd_sc_hd__o211a_1)
     1    0.00    0.03    0.07    0.93 ^ accumulator._2206_/X (sky130_fd_sc_hd__o211a_1)
                                         accumulator._0014_ (net)
                  0.03    0.00    0.93 ^ accumulator._2369_/D (sky130_fd_sc_hd__dfxtp_1)
                                  0.93   data arrival time

                          0.00    0.00   clock clock (rise edge)
                          0.00    0.00   clock source latency
     1    0.02    0.06    0.04    0.04 ^ clock (in)
                                         clock (net)
                  0.06    0.00    0.04 ^ clkbuf_0_clock/A (sky130_fd_sc_hd__clkbuf_16)
     4    0.04    0.05    0.11    0.16 ^ clkbuf_0_clock/X (sky130_fd_sc_hd__clkbuf_16)
                                         clknet_0_clock (net)
                  0.05    0.00    0.16 ^ clkbuf_2_0__f_clock/A (sky130_fd_sc_hd__clkbuf_16)
    11    0.04    0.04    0.10    0.26 ^ clkbuf_2_0__f_clock/X (sky130_fd_sc_hd__clkbuf_16)
                                         clknet_2_0__leaf_clock (net)
                  0.04    0.00    0.26 ^ accumulator._2369_/CLK (sky130_fd_sc_hd__dfxtp_1)
                          0.25    0.51   clock uncertainty
                         -0.01    0.50   clock reconvergence pessimism
                         -0.02    0.48   library hold time
                                  0.48   data required time
-----------------------------------------------------------------------------
                                  0.48   data required time
                                 -0.93   data arrival time
-----------------------------------------------------------------------------
                                  0.45   slack (MET)


Startpoint: accumulator._2388_
            (rising edge-triggered flip-flop clocked by clock)
Endpoint: accumulator._2371_ (rising edge-triggered flip-flop clocked by clock)
Path Group: clock
Path Type: min
Corner: Fastest

Fanout     Cap    Slew   Delay    Time   Description
-----------------------------------------------------------------------------
                          0.00    0.00   clock clock (rise edge)
                          0.00    0.00   clock source latency
     1    0.02    0.06    0.04    0.04 ^ clock (in)
                                         clock (net)
                  0.06    0.00    0.04 ^ clkbuf_0_clock/A (sky130_fd_sc_hd__clkbuf_16)
     4    0.04    0.05    0.10    0.14 ^ clkbuf_0_clock/X (sky130_fd_sc_hd__clkbuf_16)
                                         clknet_0_clock (net)
                  0.05    0.00    0.14 ^ clkbuf_2_3__f_clock/A (sky130_fd_sc_hd__clkbuf_16)
    10    0.03    0.04    0.09    0.23 ^ clkbuf_2_3__f_clock/X (sky130_fd_sc_hd__clkbuf_16)
                                         clknet_2_3__leaf_clock (net)
                  0.04    0.00    0.23 ^ accumulator._2388_/CLK (sky130_fd_sc_hd__dfxtp_1)
     5    0.02    0.06    0.21    0.44 v accumulator._2388_/Q (sky130_fd_sc_hd__dfxtp_1)
                                         accumulator.state[0] (net)
                  0.06    0.00    0.44 v accumulator._1285_/B (sky130_fd_sc_hd__and2b_1)
     1    0.00    0.02    0.10    0.54 v accumulator._1285_/X (sky130_fd_sc_hd__and2b_1)
                                         accumulator._0382_ (net)
                  0.02    0.00    0.54 v accumulator._1286_/A (sky130_fd_sc_hd__buf_2)
    10    0.04    0.08    0.12    0.66 v accumulator._1286_/X (sky130_fd_sc_hd__buf_2)
                                         accumulator._0383_ (net)
                  0.08    0.00    0.66 v accumulator._1287_/A (sky130_fd_sc_hd__buf_2)
    10    0.04    0.07    0.13    0.79 v accumulator._1287_/X (sky130_fd_sc_hd__buf_2)
                                         accumulator._0384_ (net)
                  0.07    0.00    0.80 v accumulator._2220_/A2 (sky130_fd_sc_hd__o21ai_1)
     1    0.00    0.05    0.09    0.89 ^ accumulator._2220_/Y (sky130_fd_sc_hd__o21ai_1)
                                         accumulator._0175_ (net)
                  0.05    0.00    0.89 ^ accumulator._2221_/B1 (sky130_fd_sc_hd__a21oi_1)
     1    0.00    0.02    0.02    0.91 v accumulator._2221_/Y (sky130_fd_sc_hd__a21oi_1)
                                         accumulator._0016_ (net)
                  0.02    0.00    0.91 v accumulator._2371_/D (sky130_fd_sc_hd__dfxtp_1)
                                  0.91   data arrival time

                          0.00    0.00   clock clock (rise edge)
                          0.00    0.00   clock source latency
     1    0.02    0.06    0.04    0.04 ^ clock (in)
                                         clock (net)
                  0.06    0.00    0.04 ^ clkbuf_0_clock/A (sky130_fd_sc_hd__clkbuf_16)
     4    0.04    0.05    0.11    0.16 ^ clkbuf_0_clock/X (sky130_fd_sc_hd__clkbuf_16)
                                         clknet_0_clock (net)
                  0.05    0.00    0.16 ^ clkbuf_2_1__f_clock/A (sky130_fd_sc_hd__clkbuf_16)
     9    0.03    0.04    0.10    0.26 ^ clkbuf_2_1__f_clock/X (sky130_fd_sc_hd__clkbuf_16)
                                         clknet_2_1__leaf_clock (net)
                  0.04    0.00    0.26 ^ accumulator._2371_/CLK (sky130_fd_sc_hd__dfxtp_1)
                          0.25    0.51   clock uncertainty
                         -0.01    0.49   clock reconvergence pessimism
                         -0.03    0.46   library hold time
                                  0.46   data required time
-----------------------------------------------------------------------------
                                  0.46   data required time
                                 -0.91   data arrival time
-----------------------------------------------------------------------------
                                  0.45   slack (MET)


Startpoint: accumulator._2374_
            (rising edge-triggered flip-flop clocked by clock)
Endpoint: accumulator._2374_ (rising edge-triggered flip-flop clocked by clock)
Path Group: clock
Path Type: min
Corner: Fastest

Fanout     Cap    Slew   Delay    Time   Description
-----------------------------------------------------------------------------
                          0.00    0.00   clock clock (rise edge)
                          0.00    0.00   clock source latency
     1    0.02    0.06    0.04    0.04 ^ clock (in)
                                         clock (net)
                  0.06    0.00    0.04 ^ clkbuf_0_clock/A (sky130_fd_sc_hd__clkbuf_16)
     4    0.04    0.05    0.10    0.14 ^ clkbuf_0_clock/X (sky130_fd_sc_hd__clkbuf_16)
                                         clknet_0_clock (net)
                  0.05    0.00    0.14 ^ clkbuf_2_0__f_clock/A (sky130_fd_sc_hd__clkbuf_16)
    11    0.04    0.04    0.09    0.24 ^ clkbuf_2_0__f_clock/X (sky130_fd_sc_hd__clkbuf_16)
                                         clknet_2_0__leaf_clock (net)
                  0.04    0.00    0.24 ^ accumulator._2374_/CLK (sky130_fd_sc_hd__dfxtp_1)
     4    0.02    0.11    0.23    0.47 ^ accumulator._2374_/Q (sky130_fd_sc_hd__dfxtp_1)
                                         accumulator.io_accOut[17] (net)
                  0.11    0.00    0.47 ^ hold48/A (sky130_fd_sc_hd__dlygate4sd3_1)
     1    0.00    0.04    0.37    0.84 ^ hold48/X (sky130_fd_sc_hd__dlygate4sd3_1)
                                         net106 (net)
                  0.04    0.00    0.84 ^ accumulator._2242_/A1 (sky130_fd_sc_hd__o211a_1)
     1    0.00    0.02    0.08    0.92 ^ accumulator._2242_/X (sky130_fd_sc_hd__o211a_1)
                                         accumulator._0019_ (net)
                  0.02    0.00    0.92 ^ accumulator._2374_/D (sky130_fd_sc_hd__dfxtp_1)
                                  0.92   data arrival time

                          0.00    0.00   clock clock (rise edge)
                          0.00    0.00   clock source latency
     1    0.02    0.06    0.04    0.04 ^ clock (in)
                                         clock (net)
                  0.06    0.00    0.04 ^ clkbuf_0_clock/A (sky130_fd_sc_hd__clkbuf_16)
     4    0.04    0.05    0.11    0.16 ^ clkbuf_0_clock/X (sky130_fd_sc_hd__clkbuf_16)
                                         clknet_0_clock (net)
                  0.05    0.00    0.16 ^ clkbuf_2_0__f_clock/A (sky130_fd_sc_hd__clkbuf_16)
    11    0.04    0.04    0.10    0.26 ^ clkbuf_2_0__f_clock/X (sky130_fd_sc_hd__clkbuf_16)
                                         clknet_2_0__leaf_clock (net)
                  0.04    0.00    0.26 ^ accumulator._2374_/CLK (sky130_fd_sc_hd__dfxtp_1)
                          0.25    0.51   clock uncertainty
                         -0.02    0.49   clock reconvergence pessimism
                         -0.02    0.47   library hold time
                                  0.47   data required time
-----------------------------------------------------------------------------
                                  0.47   data required time
                                 -0.92   data arrival time
-----------------------------------------------------------------------------
                                  0.45   slack (MET)


Startpoint: accumulator._2388_
            (rising edge-triggered flip-flop clocked by clock)
Endpoint: accumulator._2376_ (rising edge-triggered flip-flop clocked by clock)
Path Group: clock
Path Type: min
Corner: Fastest

Fanout     Cap    Slew   Delay    Time   Description
-----------------------------------------------------------------------------
                          0.00    0.00   clock clock (rise edge)
                          0.00    0.00   clock source latency
     1    0.02    0.06    0.04    0.04 ^ clock (in)
                                         clock (net)
                  0.06    0.00    0.04 ^ clkbuf_0_clock/A (sky130_fd_sc_hd__clkbuf_16)
     4    0.04    0.05    0.10    0.14 ^ clkbuf_0_clock/X (sky130_fd_sc_hd__clkbuf_16)
                                         clknet_0_clock (net)
                  0.05    0.00    0.14 ^ clkbuf_2_3__f_clock/A (sky130_fd_sc_hd__clkbuf_16)
    10    0.03    0.04    0.09    0.23 ^ clkbuf_2_3__f_clock/X (sky130_fd_sc_hd__clkbuf_16)
                                         clknet_2_3__leaf_clock (net)
                  0.04    0.00    0.23 ^ accumulator._2388_/CLK (sky130_fd_sc_hd__dfxtp_1)
     5    0.02    0.06    0.21    0.44 v accumulator._2388_/Q (sky130_fd_sc_hd__dfxtp_1)
                                         accumulator.state[0] (net)
                  0.06    0.00    0.44 v accumulator._1285_/B (sky130_fd_sc_hd__and2b_1)
     1    0.00    0.02    0.10    0.54 v accumulator._1285_/X (sky130_fd_sc_hd__and2b_1)
                                         accumulator._0382_ (net)
                  0.02    0.00    0.54 v accumulator._1286_/A (sky130_fd_sc_hd__buf_2)
    10    0.04    0.08    0.12    0.66 v accumulator._1286_/X (sky130_fd_sc_hd__buf_2)
                                         accumulator._0383_ (net)
                  0.08    0.00    0.66 v accumulator._1287_/A (sky130_fd_sc_hd__buf_2)
    10    0.04    0.07    0.13    0.79 v accumulator._1287_/X (sky130_fd_sc_hd__buf_2)
                                         accumulator._0384_ (net)
                  0.07    0.00    0.80 v accumulator._2255_/B1 (sky130_fd_sc_hd__o21ai_1)
     1    0.00    0.05    0.06    0.86 ^ accumulator._2255_/Y (sky130_fd_sc_hd__o21ai_1)
                                         accumulator._0208_ (net)
                  0.05    0.00    0.86 ^ accumulator._2256_/B2 (sky130_fd_sc_hd__o221a_1)
     1    0.00    0.03    0.08    0.94 ^ accumulator._2256_/X (sky130_fd_sc_hd__o221a_1)
                                         accumulator._0021_ (net)
                  0.03    0.00    0.94 ^ accumulator._2376_/D (sky130_fd_sc_hd__dfxtp_1)
                                  0.94   data arrival time

                          0.00    0.00   clock clock (rise edge)
                          0.00    0.00   clock source latency
     1    0.02    0.06    0.04    0.04 ^ clock (in)
                                         clock (net)
                  0.06    0.00    0.04 ^ clkbuf_0_clock/A (sky130_fd_sc_hd__clkbuf_16)
     4    0.04    0.05    0.11    0.16 ^ clkbuf_0_clock/X (sky130_fd_sc_hd__clkbuf_16)
                                         clknet_0_clock (net)
                  0.05    0.00    0.16 ^ clkbuf_2_1__f_clock/A (sky130_fd_sc_hd__clkbuf_16)
     9    0.03    0.04    0.10    0.26 ^ clkbuf_2_1__f_clock/X (sky130_fd_sc_hd__clkbuf_16)
                                         clknet_2_1__leaf_clock (net)
                  0.04    0.00    0.26 ^ accumulator._2376_/CLK (sky130_fd_sc_hd__dfxtp_1)
                          0.25    0.51   clock uncertainty
                         -0.01    0.49   clock reconvergence pessimism
                         -0.02    0.48   library hold time
                                  0.48   data required time
-----------------------------------------------------------------------------
                                  0.48   data required time
                                 -0.94   data arrival time
-----------------------------------------------------------------------------
                                  0.46   slack (MET)


Startpoint: accumulator._2388_
            (rising edge-triggered flip-flop clocked by clock)
Endpoint: accumulator._2370_ (rising edge-triggered flip-flop clocked by clock)
Path Group: clock
Path Type: min
Corner: Fastest

Fanout     Cap    Slew   Delay    Time   Description
-----------------------------------------------------------------------------
                          0.00    0.00   clock clock (rise edge)
                          0.00    0.00   clock source latency
     1    0.02    0.06    0.04    0.04 ^ clock (in)
                                         clock (net)
                  0.06    0.00    0.04 ^ clkbuf_0_clock/A (sky130_fd_sc_hd__clkbuf_16)
     4    0.04    0.05    0.10    0.14 ^ clkbuf_0_clock/X (sky130_fd_sc_hd__clkbuf_16)
                                         clknet_0_clock (net)
                  0.05    0.00    0.14 ^ clkbuf_2_3__f_clock/A (sky130_fd_sc_hd__clkbuf_16)
    10    0.03    0.04    0.09    0.23 ^ clkbuf_2_3__f_clock/X (sky130_fd_sc_hd__clkbuf_16)
                                         clknet_2_3__leaf_clock (net)
                  0.04    0.00    0.23 ^ accumulator._2388_/CLK (sky130_fd_sc_hd__dfxtp_1)
     5    0.02    0.06    0.21    0.44 v accumulator._2388_/Q (sky130_fd_sc_hd__dfxtp_1)
                                         accumulator.state[0] (net)
                  0.06    0.00    0.44 v accumulator._1285_/B (sky130_fd_sc_hd__and2b_1)
     1    0.00    0.02    0.10    0.54 v accumulator._1285_/X (sky130_fd_sc_hd__and2b_1)
                                         accumulator._0382_ (net)
                  0.02    0.00    0.54 v accumulator._1286_/A (sky130_fd_sc_hd__buf_2)
    10    0.04    0.08    0.12    0.66 v accumulator._1286_/X (sky130_fd_sc_hd__buf_2)
                                         accumulator._0383_ (net)
                  0.08    0.00    0.66 v accumulator._1287_/A (sky130_fd_sc_hd__buf_2)
    10    0.04    0.07    0.13    0.79 v accumulator._1287_/X (sky130_fd_sc_hd__buf_2)
                                         accumulator._0384_ (net)
                  0.07    0.00    0.80 v accumulator._2207_/B1 (sky130_fd_sc_hd__o21ai_1)
     1    0.00    0.05    0.06    0.86 ^ accumulator._2207_/Y (sky130_fd_sc_hd__o21ai_1)
                                         accumulator._0161_ (net)
                  0.05    0.00    0.86 ^ accumulator._2213_/B1 (sky130_fd_sc_hd__o221a_1)
     1    0.00    0.03    0.08    0.94 ^ accumulator._2213_/X (sky130_fd_sc_hd__o221a_1)
                                         accumulator._0015_ (net)
                  0.03    0.00    0.94 ^ accumulator._2370_/D (sky130_fd_sc_hd__dfxtp_1)
                                  0.94   data arrival time

                          0.00    0.00   clock clock (rise edge)
                          0.00    0.00   clock source latency
     1    0.02    0.06    0.04    0.04 ^ clock (in)
                                         clock (net)
                  0.06    0.00    0.04 ^ clkbuf_0_clock/A (sky130_fd_sc_hd__clkbuf_16)
     4    0.04    0.05    0.11    0.16 ^ clkbuf_0_clock/X (sky130_fd_sc_hd__clkbuf_16)
                                         clknet_0_clock (net)
                  0.05    0.00    0.16 ^ clkbuf_2_1__f_clock/A (sky130_fd_sc_hd__clkbuf_16)
     9    0.03    0.04    0.10    0.26 ^ clkbuf_2_1__f_clock/X (sky130_fd_sc_hd__clkbuf_16)
                                         clknet_2_1__leaf_clock (net)
                  0.04    0.00    0.26 ^ accumulator._2370_/CLK (sky130_fd_sc_hd__dfxtp_1)
                          0.25    0.51   clock uncertainty
                         -0.01    0.49   clock reconvergence pessimism
                         -0.02    0.48   library hold time
                                  0.48   data required time
-----------------------------------------------------------------------------
                                  0.48   data required time
                                 -0.94   data arrival time
-----------------------------------------------------------------------------
                                  0.47   slack (MET)


Startpoint: accumulator._2386_
            (rising edge-triggered flip-flop clocked by clock)
Endpoint: io_accOut[29] (output port clocked by clock)
Path Group: clock
Path Type: min
Corner: Fastest

Fanout     Cap    Slew   Delay    Time   Description
-----------------------------------------------------------------------------
                          0.00    0.00   clock clock (rise edge)
                          0.00    0.00   clock source latency
     1    0.02    0.06    0.04    0.04 ^ clock (in)
                                         clock (net)
                  0.06    0.00    0.04 ^ clkbuf_0_clock/A (sky130_fd_sc_hd__clkbuf_16)
     4    0.04    0.05    0.10    0.14 ^ clkbuf_0_clock/X (sky130_fd_sc_hd__clkbuf_16)
                                         clknet_0_clock (net)
                  0.05    0.00    0.14 ^ clkbuf_2_3__f_clock/A (sky130_fd_sc_hd__clkbuf_16)
    10    0.03    0.04    0.09    0.23 ^ clkbuf_2_3__f_clock/X (sky130_fd_sc_hd__clkbuf_16)
                                         clknet_2_3__leaf_clock (net)
                  0.04    0.00    0.23 ^ accumulator._2386_/CLK (sky130_fd_sc_hd__dfxtp_1)
     6    0.02    0.07    0.22    0.45 v accumulator._2386_/Q (sky130_fd_sc_hd__dfxtp_1)
                                         accumulator.io_accOut[29] (net)
                  0.07    0.00    0.45 v _29_/A (sky130_fd_sc_hd__clkbuf_1)
     1    0.01    0.03    0.07    0.53 v _29_/X (sky130_fd_sc_hd__clkbuf_1)
                                         net44 (net)
                  0.03    0.00    0.53 v output44/A (sky130_fd_sc_hd__buf_2)
     1    0.03    0.06    0.11    0.64 v output44/X (sky130_fd_sc_hd__buf_2)
                                         io_accOut[29] (net)
                  0.06    0.00    0.64 v io_accOut[29] (out)
                                  0.64   data arrival time

                          0.00    0.00   clock clock (rise edge)
                          0.00    0.00   clock network delay (propagated)
                          0.25    0.25   clock uncertainty
                          0.00    0.25   clock reconvergence pessimism
                         -5.00   -4.75   output external delay
                                 -4.75   data required time
-----------------------------------------------------------------------------
                                 -4.75   data required time
                                 -0.64   data arrival time
-----------------------------------------------------------------------------
                                  5.39   slack (MET)


Startpoint: accumulator._2385_
            (rising edge-triggered flip-flop clocked by clock)
Endpoint: io_accOut[28] (output port clocked by clock)
Path Group: clock
Path Type: min
Corner: Fastest

Fanout     Cap    Slew   Delay    Time   Description
-----------------------------------------------------------------------------
                          0.00    0.00   clock clock (rise edge)
                          0.00    0.00   clock source latency
     1    0.02    0.06    0.04    0.04 ^ clock (in)
                                         clock (net)
                  0.06    0.00    0.04 ^ clkbuf_0_clock/A (sky130_fd_sc_hd__clkbuf_16)
     4    0.04    0.05    0.10    0.14 ^ clkbuf_0_clock/X (sky130_fd_sc_hd__clkbuf_16)
                                         clknet_0_clock (net)
                  0.05    0.00    0.14 ^ clkbuf_2_3__f_clock/A (sky130_fd_sc_hd__clkbuf_16)
    10    0.03    0.04    0.09    0.23 ^ clkbuf_2_3__f_clock/X (sky130_fd_sc_hd__clkbuf_16)
                                         clknet_2_3__leaf_clock (net)
                  0.04    0.00    0.23 ^ accumulator._2385_/CLK (sky130_fd_sc_hd__dfxtp_1)
     6    0.02    0.06    0.22    0.45 v accumulator._2385_/Q (sky130_fd_sc_hd__dfxtp_1)
                                         accumulator.io_accOut[28] (net)
                  0.06    0.00    0.45 v _28_/A (sky130_fd_sc_hd__clkbuf_1)
     1    0.01    0.03    0.08    0.53 v _28_/X (sky130_fd_sc_hd__clkbuf_1)
                                         net43 (net)
                  0.03    0.00    0.53 v output43/A (sky130_fd_sc_hd__buf_2)
     1    0.03    0.06    0.11    0.64 v output43/X (sky130_fd_sc_hd__buf_2)
                                         io_accOut[28] (net)
                  0.06    0.00    0.64 v io_accOut[28] (out)
                                  0.64   data arrival time

                          0.00    0.00   clock clock (rise edge)
                          0.00    0.00   clock network delay (propagated)
                          0.25    0.25   clock uncertainty
                          0.00    0.25   clock reconvergence pessimism
                         -5.00   -4.75   output external delay
                                 -4.75   data required time
-----------------------------------------------------------------------------
                                 -4.75   data required time
                                 -0.64   data arrival time
-----------------------------------------------------------------------------
                                  5.39   slack (MET)


Startpoint: accumulator._2384_
            (rising edge-triggered flip-flop clocked by clock)
Endpoint: io_accOut[27] (output port clocked by clock)
Path Group: clock
Path Type: min
Corner: Fastest

Fanout     Cap    Slew   Delay    Time   Description
-----------------------------------------------------------------------------
                          0.00    0.00   clock clock (rise edge)
                          0.00    0.00   clock source latency
     1    0.02    0.06    0.04    0.04 ^ clock (in)
                                         clock (net)
                  0.06    0.00    0.04 ^ clkbuf_0_clock/A (sky130_fd_sc_hd__clkbuf_16)
     4    0.04    0.05    0.10    0.14 ^ clkbuf_0_clock/X (sky130_fd_sc_hd__clkbuf_16)
                                         clknet_0_clock (net)
                  0.05    0.00    0.14 ^ clkbuf_2_2__f_clock/A (sky130_fd_sc_hd__clkbuf_16)
     7    0.03    0.04    0.09    0.23 ^ clkbuf_2_2__f_clock/X (sky130_fd_sc_hd__clkbuf_16)
                                         clknet_2_2__leaf_clock (net)
                  0.04    0.00    0.23 ^ accumulator._2384_/CLK (sky130_fd_sc_hd__dfxtp_1)
     6    0.02    0.06    0.21    0.45 v accumulator._2384_/Q (sky130_fd_sc_hd__dfxtp_1)
                                         accumulator.io_accOut[27] (net)
                  0.06    0.00    0.45 v _27_/A (sky130_fd_sc_hd__clkbuf_1)
     1    0.01    0.04    0.08    0.53 v _27_/X (sky130_fd_sc_hd__clkbuf_1)
                                         net42 (net)
                  0.04    0.00    0.53 v output42/A (sky130_fd_sc_hd__buf_2)
     1    0.03    0.06    0.11    0.64 v output42/X (sky130_fd_sc_hd__buf_2)
                                         io_accOut[27] (net)
                  0.06    0.00    0.64 v io_accOut[27] (out)
                                  0.64   data arrival time

                          0.00    0.00   clock clock (rise edge)
                          0.00    0.00   clock network delay (propagated)
                          0.25    0.25   clock uncertainty
                          0.00    0.25   clock reconvergence pessimism
                         -5.00   -4.75   output external delay
                                 -4.75   data required time
-----------------------------------------------------------------------------
                                 -4.75   data required time
                                 -0.64   data arrival time
-----------------------------------------------------------------------------
                                  5.39   slack (MET)


Startpoint: accumulator._2383_
            (rising edge-triggered flip-flop clocked by clock)
Endpoint: io_accOut[26] (output port clocked by clock)
Path Group: clock
Path Type: min
Corner: Fastest

Fanout     Cap    Slew   Delay    Time   Description
-----------------------------------------------------------------------------
                          0.00    0.00   clock clock (rise edge)
                          0.00    0.00   clock source latency
     1    0.02    0.06    0.04    0.04 ^ clock (in)
                                         clock (net)
                  0.06    0.00    0.04 ^ clkbuf_0_clock/A (sky130_fd_sc_hd__clkbuf_16)
     4    0.04    0.05    0.10    0.14 ^ clkbuf_0_clock/X (sky130_fd_sc_hd__clkbuf_16)
                                         clknet_0_clock (net)
                  0.05    0.00    0.14 ^ clkbuf_2_3__f_clock/A (sky130_fd_sc_hd__clkbuf_16)
    10    0.03    0.04    0.09    0.23 ^ clkbuf_2_3__f_clock/X (sky130_fd_sc_hd__clkbuf_16)
                                         clknet_2_3__leaf_clock (net)
                  0.04    0.00    0.23 ^ accumulator._2383_/CLK (sky130_fd_sc_hd__dfxtp_1)
     6    0.02    0.08    0.23    0.46 v accumulator._2383_/Q (sky130_fd_sc_hd__dfxtp_1)
                                         accumulator.io_accOut[26] (net)
                  0.08    0.00    0.47 v _26_/A (sky130_fd_sc_hd__clkbuf_1)
     1    0.01    0.03    0.08    0.55 v _26_/X (sky130_fd_sc_hd__clkbuf_1)
                                         net41 (net)
                  0.03    0.00    0.55 v output41/A (sky130_fd_sc_hd__buf_2)
     1    0.03    0.06    0.11    0.66 v output41/X (sky130_fd_sc_hd__buf_2)
                                         io_accOut[26] (net)
                  0.06    0.00    0.66 v io_accOut[26] (out)
                                  0.66   data arrival time

                          0.00    0.00   clock clock (rise edge)
                          0.00    0.00   clock network delay (propagated)
                          0.25    0.25   clock uncertainty
                          0.00    0.25   clock reconvergence pessimism
                         -5.00   -4.75   output external delay
                                 -4.75   data required time
-----------------------------------------------------------------------------
                                 -4.75   data required time
                                 -0.66   data arrival time
-----------------------------------------------------------------------------
                                  5.41   slack (MET)


Startpoint: accumulator._2377_
            (rising edge-triggered flip-flop clocked by clock)
Endpoint: io_accOut[20] (output port clocked by clock)
Path Group: clock
Path Type: min
Corner: Fastest

Fanout     Cap    Slew   Delay    Time   Description
-----------------------------------------------------------------------------
                          0.00    0.00   clock clock (rise edge)
                          0.00    0.00   clock source latency
     1    0.02    0.06    0.04    0.04 ^ clock (in)
                                         clock (net)
                  0.06    0.00    0.04 ^ clkbuf_0_clock/A (sky130_fd_sc_hd__clkbuf_16)
     4    0.04    0.05    0.10    0.14 ^ clkbuf_0_clock/X (sky130_fd_sc_hd__clkbuf_16)
                                         clknet_0_clock (net)
                  0.05    0.00    0.14 ^ clkbuf_2_0__f_clock/A (sky130_fd_sc_hd__clkbuf_16)
    11    0.04    0.04    0.09    0.24 ^ clkbuf_2_0__f_clock/X (sky130_fd_sc_hd__clkbuf_16)
                                         clknet_2_0__leaf_clock (net)
                  0.04    0.00    0.24 ^ accumulator._2377_/CLK (sky130_fd_sc_hd__dfxtp_1)
     4    0.01    0.05    0.20    0.44 v accumulator._2377_/Q (sky130_fd_sc_hd__dfxtp_1)
                                         accumulator.io_accOut[20] (net)
                  0.05    0.00    0.44 v _20_/A (sky130_fd_sc_hd__buf_1)
     1    0.01    0.06    0.09    0.53 v _20_/X (sky130_fd_sc_hd__buf_1)
                                         net35 (net)
                  0.06    0.00    0.53 v output35/A (sky130_fd_sc_hd__buf_2)
     1    0.03    0.06    0.12    0.66 v output35/X (sky130_fd_sc_hd__buf_2)
                                         io_accOut[20] (net)
                  0.06    0.00    0.66 v io_accOut[20] (out)
                                  0.66   data arrival time

                          0.00    0.00   clock clock (rise edge)
                          0.00    0.00   clock network delay (propagated)
                          0.25    0.25   clock uncertainty
                          0.00    0.25   clock reconvergence pessimism
                         -5.00   -4.75   output external delay
                                 -4.75   data required time
-----------------------------------------------------------------------------
                                 -4.75   data required time
                                 -0.66   data arrival time
-----------------------------------------------------------------------------
                                  5.41   slack (MET)


Startpoint: accumulator._2372_
            (rising edge-triggered flip-flop clocked by clock)
Endpoint: io_accOut[15] (output port clocked by clock)
Path Group: clock
Path Type: min
Corner: Fastest

Fanout     Cap    Slew   Delay    Time   Description
-----------------------------------------------------------------------------
                          0.00    0.00   clock clock (rise edge)
                          0.00    0.00   clock source latency
     1    0.02    0.06    0.04    0.04 ^ clock (in)
                                         clock (net)
                  0.06    0.00    0.04 ^ clkbuf_0_clock/A (sky130_fd_sc_hd__clkbuf_16)
     4    0.04    0.05    0.10    0.14 ^ clkbuf_0_clock/X (sky130_fd_sc_hd__clkbuf_16)
                                         clknet_0_clock (net)
                  0.05    0.00    0.14 ^ clkbuf_2_0__f_clock/A (sky130_fd_sc_hd__clkbuf_16)
    11    0.04    0.04    0.09    0.24 ^ clkbuf_2_0__f_clock/X (sky130_fd_sc_hd__clkbuf_16)
                                         clknet_2_0__leaf_clock (net)
                  0.04    0.00    0.24 ^ accumulator._2372_/CLK (sky130_fd_sc_hd__dfxtp_1)
     3    0.01    0.05    0.20    0.44 v accumulator._2372_/Q (sky130_fd_sc_hd__dfxtp_1)
                                         accumulator.io_accOut[15] (net)
                  0.05    0.00    0.44 v _15_/A (sky130_fd_sc_hd__buf_1)
     1    0.02    0.06    0.09    0.53 v _15_/X (sky130_fd_sc_hd__buf_1)
                                         net29 (net)
                  0.06    0.00    0.53 v output29/A (sky130_fd_sc_hd__buf_2)
     1    0.03    0.06    0.12    0.66 v output29/X (sky130_fd_sc_hd__buf_2)
                                         io_accOut[15] (net)
                  0.06    0.00    0.66 v io_accOut[15] (out)
                                  0.66   data arrival time

                          0.00    0.00   clock clock (rise edge)
                          0.00    0.00   clock network delay (propagated)
                          0.25    0.25   clock uncertainty
                          0.00    0.25   clock reconvergence pessimism
                         -5.00   -4.75   output external delay
                                 -4.75   data required time
-----------------------------------------------------------------------------
                                 -4.75   data required time
                                 -0.66   data arrival time
-----------------------------------------------------------------------------
                                  5.41   slack (MET)


Startpoint: accumulator._2363_
            (rising edge-triggered flip-flop clocked by clock)
Endpoint: io_accOut[6] (output port clocked by clock)
Path Group: clock
Path Type: min
Corner: Fastest

Fanout     Cap    Slew   Delay    Time   Description
-----------------------------------------------------------------------------
                          0.00    0.00   clock clock (rise edge)
                          0.00    0.00   clock source latency
     1    0.02    0.06    0.04    0.04 ^ clock (in)
                                         clock (net)
                  0.06    0.00    0.04 ^ clkbuf_0_clock/A (sky130_fd_sc_hd__clkbuf_16)
     4    0.04    0.05    0.10    0.14 ^ clkbuf_0_clock/X (sky130_fd_sc_hd__clkbuf_16)
                                         clknet_0_clock (net)
                  0.05    0.00    0.14 ^ clkbuf_2_0__f_clock/A (sky130_fd_sc_hd__clkbuf_16)
    11    0.04    0.04    0.09    0.24 ^ clkbuf_2_0__f_clock/X (sky130_fd_sc_hd__clkbuf_16)
                                         clknet_2_0__leaf_clock (net)
                  0.04    0.00    0.24 ^ accumulator._2363_/CLK (sky130_fd_sc_hd__dfxtp_2)
     6    0.04    0.07    0.23    0.47 v accumulator._2363_/Q (sky130_fd_sc_hd__dfxtp_2)
                                         accumulator.io_accOut[6] (net)
                  0.07    0.00    0.47 v _06_/A (sky130_fd_sc_hd__clkbuf_1)
     1    0.01    0.03    0.08    0.55 v _06_/X (sky130_fd_sc_hd__clkbuf_1)
                                         net51 (net)
                  0.03    0.00    0.55 v output51/A (sky130_fd_sc_hd__buf_2)
     1    0.03    0.06    0.11    0.66 v output51/X (sky130_fd_sc_hd__buf_2)
                                         io_accOut[6] (net)
                  0.06    0.00    0.66 v io_accOut[6] (out)
                                  0.66   data arrival time

                          0.00    0.00   clock clock (rise edge)
                          0.00    0.00   clock network delay (propagated)
                          0.25    0.25   clock uncertainty
                          0.00    0.25   clock reconvergence pessimism
                         -5.00   -4.75   output external delay
                                 -4.75   data required time
-----------------------------------------------------------------------------
                                 -4.75   data required time
                                 -0.66   data arrival time
-----------------------------------------------------------------------------
                                  5.41   slack (MET)


Startpoint: accumulator._2365_
            (rising edge-triggered flip-flop clocked by clock)
Endpoint: io_accOut[8] (output port clocked by clock)
Path Group: clock
Path Type: min
Corner: Fastest

Fanout     Cap    Slew   Delay    Time   Description
-----------------------------------------------------------------------------
                          0.00    0.00   clock clock (rise edge)
                          0.00    0.00   clock source latency
     1    0.02    0.06    0.04    0.04 ^ clock (in)
                                         clock (net)
                  0.06    0.00    0.04 ^ clkbuf_0_clock/A (sky130_fd_sc_hd__clkbuf_16)
     4    0.04    0.05    0.10    0.14 ^ clkbuf_0_clock/X (sky130_fd_sc_hd__clkbuf_16)
                                         clknet_0_clock (net)
                  0.05    0.00    0.14 ^ clkbuf_2_3__f_clock/A (sky130_fd_sc_hd__clkbuf_16)
    10    0.03    0.04    0.09    0.23 ^ clkbuf_2_3__f_clock/X (sky130_fd_sc_hd__clkbuf_16)
                                         clknet_2_3__leaf_clock (net)
                  0.04    0.00    0.23 ^ accumulator._2365_/CLK (sky130_fd_sc_hd__dfxtp_1)
     4    0.02    0.08    0.23    0.46 v accumulator._2365_/Q (sky130_fd_sc_hd__dfxtp_1)
                                         accumulator.io_accOut[8] (net)
                  0.08    0.00    0.46 v _08_/A (sky130_fd_sc_hd__clkbuf_1)
     1    0.01    0.04    0.09    0.55 v _08_/X (sky130_fd_sc_hd__clkbuf_1)
                                         net53 (net)
                  0.04    0.00    0.55 v output53/A (sky130_fd_sc_hd__clkbuf_4)
     1    0.03    0.06    0.12    0.67 v output53/X (sky130_fd_sc_hd__clkbuf_4)
                                         io_accOut[8] (net)
                  0.06    0.00    0.67 v io_accOut[8] (out)
                                  0.67   data arrival time

                          0.00    0.00   clock clock (rise edge)
                          0.00    0.00   clock network delay (propagated)
                          0.25    0.25   clock uncertainty
                          0.00    0.25   clock reconvergence pessimism
                         -5.00   -4.75   output external delay
                                 -4.75   data required time
-----------------------------------------------------------------------------
                                 -4.75   data required time
                                 -0.67   data arrival time
-----------------------------------------------------------------------------
                                  5.42   slack (MET)


Startpoint: accumulator._2368_
            (rising edge-triggered flip-flop clocked by clock)
Endpoint: io_accOut[11] (output port clocked by clock)
Path Group: clock
Path Type: min
Corner: Fastest

Fanout     Cap    Slew   Delay    Time   Description
-----------------------------------------------------------------------------
                          0.00    0.00   clock clock (rise edge)
                          0.00    0.00   clock source latency
     1    0.02    0.06    0.04    0.04 ^ clock (in)
                                         clock (net)
                  0.06    0.00    0.04 ^ clkbuf_0_clock/A (sky130_fd_sc_hd__clkbuf_16)
     4    0.04    0.05    0.10    0.14 ^ clkbuf_0_clock/X (sky130_fd_sc_hd__clkbuf_16)
                                         clknet_0_clock (net)
                  0.05    0.00    0.14 ^ clkbuf_2_1__f_clock/A (sky130_fd_sc_hd__clkbuf_16)
     9    0.03    0.04    0.09    0.23 ^ clkbuf_2_1__f_clock/X (sky130_fd_sc_hd__clkbuf_16)
                                         clknet_2_1__leaf_clock (net)
                  0.04    0.00    0.23 ^ accumulator._2368_/CLK (sky130_fd_sc_hd__dfxtp_1)
     4    0.01    0.05    0.21    0.44 v accumulator._2368_/Q (sky130_fd_sc_hd__dfxtp_1)
                                         accumulator.io_accOut[11] (net)
                  0.05    0.00    0.44 v _11_/A (sky130_fd_sc_hd__buf_1)
     1    0.02    0.06    0.10    0.54 v _11_/X (sky130_fd_sc_hd__buf_1)
                                         net25 (net)
                  0.06    0.00    0.54 v output25/A (sky130_fd_sc_hd__buf_2)
     1    0.03    0.06    0.12    0.67 v output25/X (sky130_fd_sc_hd__buf_2)
                                         io_accOut[11] (net)
                  0.06    0.00    0.67 v io_accOut[11] (out)
                                  0.67   data arrival time

                          0.00    0.00   clock clock (rise edge)
                          0.00    0.00   clock network delay (propagated)
                          0.25    0.25   clock uncertainty
                          0.00    0.25   clock reconvergence pessimism
                         -5.00   -4.75   output external delay
                                 -4.75   data required time
-----------------------------------------------------------------------------
                                 -4.75   data required time
                                 -0.67   data arrival time
-----------------------------------------------------------------------------
                                  5.42   slack (MET)


Startpoint: accumulator._2375_
            (rising edge-triggered flip-flop clocked by clock)
Endpoint: io_accOut[18] (output port clocked by clock)
Path Group: clock
Path Type: min
Corner: Fastest

Fanout     Cap    Slew   Delay    Time   Description
-----------------------------------------------------------------------------
                          0.00    0.00   clock clock (rise edge)
                          0.00    0.00   clock source latency
     1    0.02    0.06    0.04    0.04 ^ clock (in)
                                         clock (net)
                  0.06    0.00    0.04 ^ clkbuf_0_clock/A (sky130_fd_sc_hd__clkbuf_16)
     4    0.04    0.05    0.10    0.14 ^ clkbuf_0_clock/X (sky130_fd_sc_hd__clkbuf_16)
                                         clknet_0_clock (net)
                  0.05    0.00    0.14 ^ clkbuf_2_0__f_clock/A (sky130_fd_sc_hd__clkbuf_16)
    11    0.04    0.04    0.09    0.24 ^ clkbuf_2_0__f_clock/X (sky130_fd_sc_hd__clkbuf_16)
                                         clknet_2_0__leaf_clock (net)
                  0.04    0.00    0.24 ^ accumulator._2375_/CLK (sky130_fd_sc_hd__dfxtp_1)
     4    0.02    0.07    0.22    0.46 v accumulator._2375_/Q (sky130_fd_sc_hd__dfxtp_1)
                                         accumulator.io_accOut[18] (net)
                  0.07    0.00    0.46 v _18_/A (sky130_fd_sc_hd__clkbuf_1)
     1    0.01    0.04    0.09    0.55 v _18_/X (sky130_fd_sc_hd__clkbuf_1)
                                         net32 (net)
                  0.04    0.00    0.55 v output32/A (sky130_fd_sc_hd__buf_2)
     1    0.03    0.06    0.12    0.67 v output32/X (sky130_fd_sc_hd__buf_2)
                                         io_accOut[18] (net)
                  0.06    0.00    0.67 v io_accOut[18] (out)
                                  0.67   data arrival time

                          0.00    0.00   clock clock (rise edge)
                          0.00    0.00   clock network delay (propagated)
                          0.25    0.25   clock uncertainty
                          0.00    0.25   clock reconvergence pessimism
                         -5.00   -4.75   output external delay
                                 -4.75   data required time
-----------------------------------------------------------------------------
                                 -4.75   data required time
                                 -0.67   data arrival time
-----------------------------------------------------------------------------
                                  5.42   slack (MET)


Startpoint: accumulator._2366_
            (rising edge-triggered flip-flop clocked by clock)
Endpoint: io_accOut[9] (output port clocked by clock)
Path Group: clock
Path Type: min
Corner: Fastest

Fanout     Cap    Slew   Delay    Time   Description
-----------------------------------------------------------------------------
                          0.00    0.00   clock clock (rise edge)
                          0.00    0.00   clock source latency
     1    0.02    0.06    0.04    0.04 ^ clock (in)
                                         clock (net)
                  0.06    0.00    0.04 ^ clkbuf_0_clock/A (sky130_fd_sc_hd__clkbuf_16)
     4    0.04    0.05    0.10    0.14 ^ clkbuf_0_clock/X (sky130_fd_sc_hd__clkbuf_16)
                                         clknet_0_clock (net)
                  0.05    0.00    0.14 ^ clkbuf_2_1__f_clock/A (sky130_fd_sc_hd__clkbuf_16)
     9    0.03    0.04    0.09    0.23 ^ clkbuf_2_1__f_clock/X (sky130_fd_sc_hd__clkbuf_16)
                                         clknet_2_1__leaf_clock (net)
                  0.04    0.00    0.23 ^ accumulator._2366_/CLK (sky130_fd_sc_hd__dfxtp_1)
     4    0.02    0.05    0.21    0.44 v accumulator._2366_/Q (sky130_fd_sc_hd__dfxtp_1)
                                         accumulator.io_accOut[9] (net)
                  0.05    0.00    0.44 v _09_/A (sky130_fd_sc_hd__buf_1)
     1    0.02    0.06    0.10    0.54 v _09_/X (sky130_fd_sc_hd__buf_1)
                                         net54 (net)
                  0.06    0.00    0.54 v output54/A (sky130_fd_sc_hd__buf_2)
     1    0.03    0.06    0.12    0.67 v output54/X (sky130_fd_sc_hd__buf_2)
                                         io_accOut[9] (net)
                  0.06    0.00    0.67 v io_accOut[9] (out)
                                  0.67   data arrival time

                          0.00    0.00   clock clock (rise edge)
                          0.00    0.00   clock network delay (propagated)
                          0.25    0.25   clock uncertainty
                          0.00    0.25   clock reconvergence pessimism
                         -5.00   -4.75   output external delay
                                 -4.75   data required time
-----------------------------------------------------------------------------
                                 -4.75   data required time
                                 -0.67   data arrival time
-----------------------------------------------------------------------------
                                  5.42   slack (MET)


Startpoint: accumulator._2382_
            (rising edge-triggered flip-flop clocked by clock)
Endpoint: io_accOut[25] (output port clocked by clock)
Path Group: clock
Path Type: min
Corner: Fastest

Fanout     Cap    Slew   Delay    Time   Description
-----------------------------------------------------------------------------
                          0.00    0.00   clock clock (rise edge)
                          0.00    0.00   clock source latency
     1    0.02    0.06    0.04    0.04 ^ clock (in)
                                         clock (net)
                  0.06    0.00    0.04 ^ clkbuf_0_clock/A (sky130_fd_sc_hd__clkbuf_16)
     4    0.04    0.05    0.10    0.14 ^ clkbuf_0_clock/X (sky130_fd_sc_hd__clkbuf_16)
                                         clknet_0_clock (net)
                  0.05    0.00    0.14 ^ clkbuf_2_2__f_clock/A (sky130_fd_sc_hd__clkbuf_16)
     7    0.03    0.04    0.09    0.23 ^ clkbuf_2_2__f_clock/X (sky130_fd_sc_hd__clkbuf_16)
                                         clknet_2_2__leaf_clock (net)
                  0.04    0.00    0.23 ^ accumulator._2382_/CLK (sky130_fd_sc_hd__dfxtp_2)
     6    0.04    0.07    0.23    0.46 v accumulator._2382_/Q (sky130_fd_sc_hd__dfxtp_2)
                                         accumulator.io_accOut[25] (net)
                  0.07    0.00    0.46 v _25_/A (sky130_fd_sc_hd__buf_1)
     1    0.01    0.05    0.09    0.55 v _25_/X (sky130_fd_sc_hd__buf_1)
                                         net40 (net)
                  0.05    0.00    0.55 v output40/A (sky130_fd_sc_hd__buf_2)
     1    0.03    0.06    0.12    0.67 v output40/X (sky130_fd_sc_hd__buf_2)
                                         io_accOut[25] (net)
                  0.06    0.00    0.67 v io_accOut[25] (out)
                                  0.67   data arrival time

                          0.00    0.00   clock clock (rise edge)
                          0.00    0.00   clock network delay (propagated)
                          0.25    0.25   clock uncertainty
                          0.00    0.25   clock reconvergence pessimism
                         -5.00   -4.75   output external delay
                                 -4.75   data required time
-----------------------------------------------------------------------------
                                 -4.75   data required time
                                 -0.67   data arrival time
-----------------------------------------------------------------------------
                                  5.42   slack (MET)


Startpoint: accumulator._2381_
            (rising edge-triggered flip-flop clocked by clock)
Endpoint: io_accOut[24] (output port clocked by clock)
Path Group: clock
Path Type: min
Corner: Fastest

Fanout     Cap    Slew   Delay    Time   Description
-----------------------------------------------------------------------------
                          0.00    0.00   clock clock (rise edge)
                          0.00    0.00   clock source latency
     1    0.02    0.06    0.04    0.04 ^ clock (in)
                                         clock (net)
                  0.06    0.00    0.04 ^ clkbuf_0_clock/A (sky130_fd_sc_hd__clkbuf_16)
     4    0.04    0.05    0.10    0.14 ^ clkbuf_0_clock/X (sky130_fd_sc_hd__clkbuf_16)
                                         clknet_0_clock (net)
                  0.05    0.00    0.14 ^ clkbuf_2_2__f_clock/A (sky130_fd_sc_hd__clkbuf_16)
     7    0.03    0.04    0.09    0.23 ^ clkbuf_2_2__f_clock/X (sky130_fd_sc_hd__clkbuf_16)
                                         clknet_2_2__leaf_clock (net)
                  0.04    0.00    0.23 ^ accumulator._2381_/CLK (sky130_fd_sc_hd__dfxtp_1)
     6    0.03    0.09    0.23    0.46 v accumulator._2381_/Q (sky130_fd_sc_hd__dfxtp_1)
                                         accumulator.io_accOut[24] (net)
                  0.09    0.00    0.46 v _24_/A (sky130_fd_sc_hd__clkbuf_1)
     1    0.01    0.04    0.09    0.55 v _24_/X (sky130_fd_sc_hd__clkbuf_1)
                                         net39 (net)
                  0.04    0.00    0.55 v output39/A (sky130_fd_sc_hd__buf_2)
     1    0.03    0.06    0.11    0.67 v output39/X (sky130_fd_sc_hd__buf_2)
                                         io_accOut[24] (net)
                  0.06    0.00    0.67 v io_accOut[24] (out)
                                  0.67   data arrival time

                          0.00    0.00   clock clock (rise edge)
                          0.00    0.00   clock network delay (propagated)
                          0.25    0.25   clock uncertainty
                          0.00    0.25   clock reconvergence pessimism
                         -5.00   -4.75   output external delay
                                 -4.75   data required time
-----------------------------------------------------------------------------
                                 -4.75   data required time
                                 -0.67   data arrival time
-----------------------------------------------------------------------------
                                  5.42   slack (MET)


Startpoint: accumulator._2373_
            (rising edge-triggered flip-flop clocked by clock)
Endpoint: io_accOut[16] (output port clocked by clock)
Path Group: clock
Path Type: min
Corner: Fastest

Fanout     Cap    Slew   Delay    Time   Description
-----------------------------------------------------------------------------
                          0.00    0.00   clock clock (rise edge)
                          0.00    0.00   clock source latency
     1    0.02    0.06    0.04    0.04 ^ clock (in)
                                         clock (net)
                  0.06    0.00    0.04 ^ clkbuf_0_clock/A (sky130_fd_sc_hd__clkbuf_16)
     4    0.04    0.05    0.10    0.14 ^ clkbuf_0_clock/X (sky130_fd_sc_hd__clkbuf_16)
                                         clknet_0_clock (net)
                  0.05    0.00    0.14 ^ clkbuf_2_1__f_clock/A (sky130_fd_sc_hd__clkbuf_16)
     9    0.03    0.04    0.09    0.23 ^ clkbuf_2_1__f_clock/X (sky130_fd_sc_hd__clkbuf_16)
                                         clknet_2_1__leaf_clock (net)
                  0.04    0.00    0.23 ^ accumulator._2373_/CLK (sky130_fd_sc_hd__dfxtp_1)
     3    0.01    0.05    0.21    0.44 v accumulator._2373_/Q (sky130_fd_sc_hd__dfxtp_1)
                                         accumulator.io_accOut[16] (net)
                  0.05    0.00    0.44 v _16_/A (sky130_fd_sc_hd__buf_1)
     1    0.02    0.07    0.10    0.54 v _16_/X (sky130_fd_sc_hd__buf_1)
                                         net30 (net)
                  0.07    0.00    0.54 v output30/A (sky130_fd_sc_hd__buf_2)
     1    0.03    0.06    0.13    0.67 v output30/X (sky130_fd_sc_hd__buf_2)
                                         io_accOut[16] (net)
                  0.06    0.00    0.67 v io_accOut[16] (out)
                                  0.67   data arrival time

                          0.00    0.00   clock clock (rise edge)
                          0.00    0.00   clock network delay (propagated)
                          0.25    0.25   clock uncertainty
                          0.00    0.25   clock reconvergence pessimism
                         -5.00   -4.75   output external delay
                                 -4.75   data required time
-----------------------------------------------------------------------------
                                 -4.75   data required time
                                 -0.67   data arrival time
-----------------------------------------------------------------------------
                                  5.42   slack (MET)


Startpoint: accumulator._2376_
            (rising edge-triggered flip-flop clocked by clock)
Endpoint: io_accOut[19] (output port clocked by clock)
Path Group: clock
Path Type: min
Corner: Fastest

Fanout     Cap    Slew   Delay    Time   Description
-----------------------------------------------------------------------------
                          0.00    0.00   clock clock (rise edge)
                          0.00    0.00   clock source latency
     1    0.02    0.06    0.04    0.04 ^ clock (in)
                                         clock (net)
                  0.06    0.00    0.04 ^ clkbuf_0_clock/A (sky130_fd_sc_hd__clkbuf_16)
     4    0.04    0.05    0.10    0.14 ^ clkbuf_0_clock/X (sky130_fd_sc_hd__clkbuf_16)
                                         clknet_0_clock (net)
                  0.05    0.00    0.14 ^ clkbuf_2_1__f_clock/A (sky130_fd_sc_hd__clkbuf_16)
     9    0.03    0.04    0.09    0.23 ^ clkbuf_2_1__f_clock/X (sky130_fd_sc_hd__clkbuf_16)
                                         clknet_2_1__leaf_clock (net)
                  0.04    0.00    0.23 ^ accumulator._2376_/CLK (sky130_fd_sc_hd__dfxtp_1)
     4    0.02    0.06    0.21    0.45 v accumulator._2376_/Q (sky130_fd_sc_hd__dfxtp_1)
                                         accumulator.io_accOut[19] (net)
                  0.06    0.00    0.45 v _19_/A (sky130_fd_sc_hd__buf_1)
     1    0.01    0.06    0.10    0.55 v _19_/X (sky130_fd_sc_hd__buf_1)
                                         net33 (net)
                  0.06    0.00    0.55 v output33/A (sky130_fd_sc_hd__buf_2)
     1    0.03    0.06    0.12    0.67 v output33/X (sky130_fd_sc_hd__buf_2)
                                         io_accOut[19] (net)
                  0.06    0.00    0.67 v io_accOut[19] (out)
                                  0.67   data arrival time

                          0.00    0.00   clock clock (rise edge)
                          0.00    0.00   clock network delay (propagated)
                          0.25    0.25   clock uncertainty
                          0.00    0.25   clock reconvergence pessimism
                         -5.00   -4.75   output external delay
                                 -4.75   data required time
-----------------------------------------------------------------------------
                                 -4.75   data required time
                                 -0.67   data arrival time
-----------------------------------------------------------------------------
                                  5.42   slack (MET)


Startpoint: accumulator._2374_
            (rising edge-triggered flip-flop clocked by clock)
Endpoint: io_accOut[17] (output port clocked by clock)
Path Group: clock
Path Type: min
Corner: Fastest

Fanout     Cap    Slew   Delay    Time   Description
-----------------------------------------------------------------------------
                          0.00    0.00   clock clock (rise edge)
                          0.00    0.00   clock source latency
     1    0.02    0.06    0.04    0.04 ^ clock (in)
                                         clock (net)
                  0.06    0.00    0.04 ^ clkbuf_0_clock/A (sky130_fd_sc_hd__clkbuf_16)
     4    0.04    0.05    0.10    0.14 ^ clkbuf_0_clock/X (sky130_fd_sc_hd__clkbuf_16)
                                         clknet_0_clock (net)
                  0.05    0.00    0.14 ^ clkbuf_2_0__f_clock/A (sky130_fd_sc_hd__clkbuf_16)
    11    0.04    0.04    0.09    0.24 ^ clkbuf_2_0__f_clock/X (sky130_fd_sc_hd__clkbuf_16)
                                         clknet_2_0__leaf_clock (net)
                  0.04    0.00    0.24 ^ accumulator._2374_/CLK (sky130_fd_sc_hd__dfxtp_1)
     4    0.01    0.05    0.21    0.44 v accumulator._2374_/Q (sky130_fd_sc_hd__dfxtp_1)
                                         accumulator.io_accOut[17] (net)
                  0.05    0.00    0.44 v _17_/A (sky130_fd_sc_hd__buf_1)
     1    0.02    0.07    0.10    0.55 v _17_/X (sky130_fd_sc_hd__buf_1)
                                         net31 (net)
                  0.07    0.00    0.55 v output31/A (sky130_fd_sc_hd__buf_2)
     1    0.03    0.06    0.13    0.67 v output31/X (sky130_fd_sc_hd__buf_2)
                                         io_accOut[17] (net)
                  0.06    0.00    0.67 v io_accOut[17] (out)
                                  0.67   data arrival time

                          0.00    0.00   clock clock (rise edge)
                          0.00    0.00   clock network delay (propagated)
                          0.25    0.25   clock uncertainty
                          0.00    0.25   clock reconvergence pessimism
                         -5.00   -4.75   output external delay
                                 -4.75   data required time
-----------------------------------------------------------------------------
                                 -4.75   data required time
                                 -0.67   data arrival time
-----------------------------------------------------------------------------
                                  5.42   slack (MET)


Startpoint: accumulator._2359_
            (rising edge-triggered flip-flop clocked by clock)
Endpoint: io_accOut[2] (output port clocked by clock)
Path Group: clock
Path Type: min
Corner: Fastest

Fanout     Cap    Slew   Delay    Time   Description
-----------------------------------------------------------------------------
                          0.00    0.00   clock clock (rise edge)
                          0.00    0.00   clock source latency
     1    0.02    0.06    0.04    0.04 ^ clock (in)
                                         clock (net)
                  0.06    0.00    0.04 ^ clkbuf_0_clock/A (sky130_fd_sc_hd__clkbuf_16)
     4    0.04    0.05    0.10    0.14 ^ clkbuf_0_clock/X (sky130_fd_sc_hd__clkbuf_16)
                                         clknet_0_clock (net)
                  0.05    0.00    0.14 ^ clkbuf_2_3__f_clock/A (sky130_fd_sc_hd__clkbuf_16)
    10    0.03    0.04    0.09    0.23 ^ clkbuf_2_3__f_clock/X (sky130_fd_sc_hd__clkbuf_16)
                                         clknet_2_3__leaf_clock (net)
                  0.04    0.00    0.23 ^ accumulator._2359_/CLK (sky130_fd_sc_hd__dfxtp_2)
     6    0.04    0.08    0.24    0.47 v accumulator._2359_/Q (sky130_fd_sc_hd__dfxtp_2)
                                         accumulator.io_accOut[2] (net)
                  0.08    0.00    0.47 v _02_/A (sky130_fd_sc_hd__clkbuf_1)
     1    0.01    0.04    0.08    0.56 v _02_/X (sky130_fd_sc_hd__clkbuf_1)
                                         net45 (net)
                  0.04    0.00    0.56 v output45/A (sky130_fd_sc_hd__clkbuf_4)
     1    0.03    0.06    0.12    0.68 v output45/X (sky130_fd_sc_hd__clkbuf_4)
                                         io_accOut[2] (net)
                  0.06    0.00    0.68 v io_accOut[2] (out)
                                  0.68   data arrival time

                          0.00    0.00   clock clock (rise edge)
                          0.00    0.00   clock network delay (propagated)
                          0.25    0.25   clock uncertainty
                          0.00    0.25   clock reconvergence pessimism
                         -5.00   -4.75   output external delay
                                 -4.75   data required time
-----------------------------------------------------------------------------
                                 -4.75   data required time
                                 -0.68   data arrival time
-----------------------------------------------------------------------------
                                  5.43   slack (MET)


Startpoint: accumulator._2364_
            (rising edge-triggered flip-flop clocked by clock)
Endpoint: io_accOut[7] (output port clocked by clock)
Path Group: clock
Path Type: min
Corner: Fastest

Fanout     Cap    Slew   Delay    Time   Description
-----------------------------------------------------------------------------
                          0.00    0.00   clock clock (rise edge)
                          0.00    0.00   clock source latency
     1    0.02    0.06    0.04    0.04 ^ clock (in)
                                         clock (net)
                  0.06    0.00    0.04 ^ clkbuf_0_clock/A (sky130_fd_sc_hd__clkbuf_16)
     4    0.04    0.05    0.10    0.14 ^ clkbuf_0_clock/X (sky130_fd_sc_hd__clkbuf_16)
                                         clknet_0_clock (net)
                  0.05    0.00    0.14 ^ clkbuf_2_1__f_clock/A (sky130_fd_sc_hd__clkbuf_16)
     9    0.03    0.04    0.09    0.23 ^ clkbuf_2_1__f_clock/X (sky130_fd_sc_hd__clkbuf_16)
                                         clknet_2_1__leaf_clock (net)
                  0.04    0.00    0.23 ^ accumulator._2364_/CLK (sky130_fd_sc_hd__dfxtp_2)
     6    0.04    0.07    0.23    0.46 v accumulator._2364_/Q (sky130_fd_sc_hd__dfxtp_2)
                                         accumulator.io_accOut[7] (net)
                  0.07    0.00    0.47 v _07_/A (sky130_fd_sc_hd__clkbuf_1)
     1    0.01    0.05    0.09    0.56 v _07_/X (sky130_fd_sc_hd__clkbuf_1)
                                         net52 (net)
                  0.05    0.00    0.56 v output52/A (sky130_fd_sc_hd__buf_2)
     1    0.03    0.06    0.12    0.68 v output52/X (sky130_fd_sc_hd__buf_2)
                                         io_accOut[7] (net)
                  0.06    0.00    0.68 v io_accOut[7] (out)
                                  0.68   data arrival time

                          0.00    0.00   clock clock (rise edge)
                          0.00    0.00   clock network delay (propagated)
                          0.25    0.25   clock uncertainty
                          0.00    0.25   clock reconvergence pessimism
                         -5.00   -4.75   output external delay
                                 -4.75   data required time
-----------------------------------------------------------------------------
                                 -4.75   data required time
                                 -0.68   data arrival time
-----------------------------------------------------------------------------
                                  5.43   slack (MET)


Startpoint: accumulator._2380_
            (rising edge-triggered flip-flop clocked by clock)
Endpoint: io_accOut[23] (output port clocked by clock)
Path Group: clock
Path Type: min
Corner: Fastest

Fanout     Cap    Slew   Delay    Time   Description
-----------------------------------------------------------------------------
                          0.00    0.00   clock clock (rise edge)
                          0.00    0.00   clock source latency
     1    0.02    0.06    0.04    0.04 ^ clock (in)
                                         clock (net)
                  0.06    0.00    0.04 ^ clkbuf_0_clock/A (sky130_fd_sc_hd__clkbuf_16)
     4    0.04    0.05    0.10    0.14 ^ clkbuf_0_clock/X (sky130_fd_sc_hd__clkbuf_16)
                                         clknet_0_clock (net)
                  0.05    0.00    0.14 ^ clkbuf_2_2__f_clock/A (sky130_fd_sc_hd__clkbuf_16)
     7    0.03    0.04    0.09    0.23 ^ clkbuf_2_2__f_clock/X (sky130_fd_sc_hd__clkbuf_16)
                                         clknet_2_2__leaf_clock (net)
                  0.04    0.00    0.23 ^ accumulator._2380_/CLK (sky130_fd_sc_hd__dfxtp_1)
     6    0.03    0.10    0.24    0.47 v accumulator._2380_/Q (sky130_fd_sc_hd__dfxtp_1)
                                         accumulator.io_accOut[23] (net)
                  0.10    0.00    0.47 v _23_/A (sky130_fd_sc_hd__clkbuf_1)
     1    0.01    0.04    0.09    0.56 v _23_/X (sky130_fd_sc_hd__clkbuf_1)
                                         net38 (net)
                  0.04    0.00    0.56 v output38/A (sky130_fd_sc_hd__buf_2)
     1    0.03    0.06    0.11    0.68 v output38/X (sky130_fd_sc_hd__buf_2)
                                         io_accOut[23] (net)
                  0.06    0.00    0.68 v io_accOut[23] (out)
                                  0.68   data arrival time

                          0.00    0.00   clock clock (rise edge)
                          0.00    0.00   clock network delay (propagated)
                          0.25    0.25   clock uncertainty
                          0.00    0.25   clock reconvergence pessimism
                         -5.00   -4.75   output external delay
                                 -4.75   data required time
-----------------------------------------------------------------------------
                                 -4.75   data required time
                                 -0.68   data arrival time
-----------------------------------------------------------------------------
                                  5.43   slack (MET)


Startpoint: accumulator._2357_
            (rising edge-triggered flip-flop clocked by clock)
Endpoint: io_accOut[0] (output port clocked by clock)
Path Group: clock
Path Type: min
Corner: Fastest

Fanout     Cap    Slew   Delay    Time   Description
-----------------------------------------------------------------------------
                          0.00    0.00   clock clock (rise edge)
                          0.00    0.00   clock source latency
     1    0.02    0.06    0.04    0.04 ^ clock (in)
                                         clock (net)
                  0.06    0.00    0.04 ^ clkbuf_0_clock/A (sky130_fd_sc_hd__clkbuf_16)
     4    0.04    0.05    0.10    0.14 ^ clkbuf_0_clock/X (sky130_fd_sc_hd__clkbuf_16)
                                         clknet_0_clock (net)
                  0.05    0.00    0.14 ^ clkbuf_2_0__f_clock/A (sky130_fd_sc_hd__clkbuf_16)
    11    0.04    0.04    0.09    0.24 ^ clkbuf_2_0__f_clock/X (sky130_fd_sc_hd__clkbuf_16)
                                         clknet_2_0__leaf_clock (net)
                  0.04    0.00    0.24 ^ accumulator._2357_/CLK (sky130_fd_sc_hd__dfxtp_2)
     5    0.04    0.06    0.23    0.47 v accumulator._2357_/Q (sky130_fd_sc_hd__dfxtp_2)
                                         accumulator.io_accOut[0] (net)
                  0.06    0.00    0.47 v _00_/A (sky130_fd_sc_hd__buf_1)
     1    0.01    0.06    0.10    0.56 v _00_/X (sky130_fd_sc_hd__buf_1)
                                         net23 (net)
                  0.06    0.00    0.56 v output23/A (sky130_fd_sc_hd__buf_2)
     1    0.03    0.06    0.12    0.68 v output23/X (sky130_fd_sc_hd__buf_2)
                                         io_accOut[0] (net)
                  0.06    0.00    0.68 v io_accOut[0] (out)
                                  0.68   data arrival time

                          0.00    0.00   clock clock (rise edge)
                          0.00    0.00   clock network delay (propagated)
                          0.25    0.25   clock uncertainty
                          0.00    0.25   clock reconvergence pessimism
                         -5.00   -4.75   output external delay
                                 -4.75   data required time
-----------------------------------------------------------------------------
                                 -4.75   data required time
                                 -0.68   data arrival time
-----------------------------------------------------------------------------
                                  5.43   slack (MET)


Startpoint: accumulator._2379_
            (rising edge-triggered flip-flop clocked by clock)
Endpoint: io_accOut[22] (output port clocked by clock)
Path Group: clock
Path Type: min
Corner: Fastest

Fanout     Cap    Slew   Delay    Time   Description
-----------------------------------------------------------------------------
                          0.00    0.00   clock clock (rise edge)
                          0.00    0.00   clock source latency
     1    0.02    0.06    0.04    0.04 ^ clock (in)
                                         clock (net)
                  0.06    0.00    0.04 ^ clkbuf_0_clock/A (sky130_fd_sc_hd__clkbuf_16)
     4    0.04    0.05    0.10    0.14 ^ clkbuf_0_clock/X (sky130_fd_sc_hd__clkbuf_16)
                                         clknet_0_clock (net)
                  0.05    0.00    0.14 ^ clkbuf_2_3__f_clock/A (sky130_fd_sc_hd__clkbuf_16)
    10    0.03    0.04    0.09    0.23 ^ clkbuf_2_3__f_clock/X (sky130_fd_sc_hd__clkbuf_16)
                                         clknet_2_3__leaf_clock (net)
                  0.04    0.00    0.23 ^ accumulator._2379_/CLK (sky130_fd_sc_hd__dfxtp_1)
     4    0.03    0.09    0.24    0.47 v accumulator._2379_/Q (sky130_fd_sc_hd__dfxtp_1)
                                         accumulator.io_accOut[22] (net)
                  0.09    0.00    0.47 v _22_/A (sky130_fd_sc_hd__buf_1)
     1    0.01    0.05    0.10    0.57 v _22_/X (sky130_fd_sc_hd__buf_1)
                                         net37 (net)
                  0.05    0.00    0.57 v output37/A (sky130_fd_sc_hd__buf_2)
     1    0.03    0.06    0.12    0.69 v output37/X (sky130_fd_sc_hd__buf_2)
                                         io_accOut[22] (net)
                  0.06    0.00    0.69 v io_accOut[22] (out)
                                  0.69   data arrival time

                          0.00    0.00   clock clock (rise edge)
                          0.00    0.00   clock network delay (propagated)
                          0.25    0.25   clock uncertainty
                          0.00    0.25   clock reconvergence pessimism
                         -5.00   -4.75   output external delay
                                 -4.75   data required time
-----------------------------------------------------------------------------
                                 -4.75   data required time
                                 -0.69   data arrival time
-----------------------------------------------------------------------------
                                  5.44   slack (MET)


Startpoint: accumulator._2387_
            (rising edge-triggered flip-flop clocked by clock)
Endpoint: io_accOut[30] (output port clocked by clock)
Path Group: clock
Path Type: min
Corner: Fastest

Fanout     Cap    Slew   Delay    Time   Description
-----------------------------------------------------------------------------
                          0.00    0.00   clock clock (rise edge)
                          0.00    0.00   clock source latency
     1    0.02    0.06    0.04    0.04 ^ clock (in)
                                         clock (net)
                  0.06    0.00    0.04 ^ clkbuf_0_clock/A (sky130_fd_sc_hd__clkbuf_16)
     4    0.04    0.05    0.10    0.14 ^ clkbuf_0_clock/X (sky130_fd_sc_hd__clkbuf_16)
                                         clknet_0_clock (net)
                  0.05    0.00    0.14 ^ clkbuf_2_2__f_clock/A (sky130_fd_sc_hd__clkbuf_16)
     7    0.03    0.04    0.09    0.23 ^ clkbuf_2_2__f_clock/X (sky130_fd_sc_hd__clkbuf_16)
                                         clknet_2_2__leaf_clock (net)
                  0.04    0.00    0.23 ^ accumulator._2387_/CLK (sky130_fd_sc_hd__dfxtp_2)
     7    0.06    0.11    0.26    0.49 v accumulator._2387_/Q (sky130_fd_sc_hd__dfxtp_2)
                                         accumulator.io_accOut[30] (net)
                  0.11    0.00    0.49 v _30_/A (sky130_fd_sc_hd__clkbuf_1)
     1    0.01    0.03    0.09    0.58 v _30_/X (sky130_fd_sc_hd__clkbuf_1)
                                         net46 (net)
                  0.03    0.00    0.58 v output46/A (sky130_fd_sc_hd__buf_2)
     1    0.03    0.06    0.11    0.69 v output46/X (sky130_fd_sc_hd__buf_2)
                                         io_accOut[30] (net)
                  0.06    0.00    0.69 v io_accOut[30] (out)
                                  0.69   data arrival time

                          0.00    0.00   clock clock (rise edge)
                          0.00    0.00   clock network delay (propagated)
                          0.25    0.25   clock uncertainty
                          0.00    0.25   clock reconvergence pessimism
                         -5.00   -4.75   output external delay
                                 -4.75   data required time
-----------------------------------------------------------------------------
                                 -4.75   data required time
                                 -0.69   data arrival time
-----------------------------------------------------------------------------
                                  5.44   slack (MET)


Startpoint: accumulator._2371_
            (rising edge-triggered flip-flop clocked by clock)
Endpoint: io_accOut[14] (output port clocked by clock)
Path Group: clock
Path Type: min
Corner: Fastest

Fanout     Cap    Slew   Delay    Time   Description
-----------------------------------------------------------------------------
                          0.00    0.00   clock clock (rise edge)
                          0.00    0.00   clock source latency
     1    0.02    0.06    0.04    0.04 ^ clock (in)
                                         clock (net)
                  0.06    0.00    0.04 ^ clkbuf_0_clock/A (sky130_fd_sc_hd__clkbuf_16)
     4    0.04    0.05    0.10    0.14 ^ clkbuf_0_clock/X (sky130_fd_sc_hd__clkbuf_16)
                                         clknet_0_clock (net)
                  0.05    0.00    0.14 ^ clkbuf_2_1__f_clock/A (sky130_fd_sc_hd__clkbuf_16)
     9    0.03    0.04    0.09    0.23 ^ clkbuf_2_1__f_clock/X (sky130_fd_sc_hd__clkbuf_16)
                                         clknet_2_1__leaf_clock (net)
                  0.04    0.00    0.23 ^ accumulator._2371_/CLK (sky130_fd_sc_hd__dfxtp_1)
     4    0.02    0.07    0.22    0.45 v accumulator._2371_/Q (sky130_fd_sc_hd__dfxtp_1)
                                         accumulator.io_accOut[14] (net)
                  0.07    0.00    0.45 v _14_/A (sky130_fd_sc_hd__buf_1)
     2    0.02    0.07    0.11    0.56 v _14_/X (sky130_fd_sc_hd__buf_1)
                                         net28 (net)
                  0.07    0.00    0.56 v output28/A (sky130_fd_sc_hd__buf_2)
     1    0.03    0.06    0.13    0.69 v output28/X (sky130_fd_sc_hd__buf_2)
                                         io_accOut[14] (net)
                  0.06    0.00    0.69 v io_accOut[14] (out)
                                  0.69   data arrival time

                          0.00    0.00   clock clock (rise edge)
                          0.00    0.00   clock network delay (propagated)
                          0.25    0.25   clock uncertainty
                          0.00    0.25   clock reconvergence pessimism
                         -5.00   -4.75   output external delay
                                 -4.75   data required time
-----------------------------------------------------------------------------
                                 -4.75   data required time
                                 -0.69   data arrival time
-----------------------------------------------------------------------------
                                  5.44   slack (MET)


Startpoint: accumulator._2369_
            (rising edge-triggered flip-flop clocked by clock)
Endpoint: io_accOut[12] (output port clocked by clock)
Path Group: clock
Path Type: min
Corner: Fastest

Fanout     Cap    Slew   Delay    Time   Description
-----------------------------------------------------------------------------
                          0.00    0.00   clock clock (rise edge)
                          0.00    0.00   clock source latency
     1    0.02    0.06    0.04    0.04 ^ clock (in)
                                         clock (net)
                  0.06    0.00    0.04 ^ clkbuf_0_clock/A (sky130_fd_sc_hd__clkbuf_16)
     4    0.04    0.05    0.10    0.14 ^ clkbuf_0_clock/X (sky130_fd_sc_hd__clkbuf_16)
                                         clknet_0_clock (net)
                  0.05    0.00    0.14 ^ clkbuf_2_0__f_clock/A (sky130_fd_sc_hd__clkbuf_16)
    11    0.04    0.04    0.09    0.24 ^ clkbuf_2_0__f_clock/X (sky130_fd_sc_hd__clkbuf_16)
                                         clknet_2_0__leaf_clock (net)
                  0.04    0.00    0.24 ^ accumulator._2369_/CLK (sky130_fd_sc_hd__dfxtp_1)
     4    0.02    0.05    0.21    0.45 v accumulator._2369_/Q (sky130_fd_sc_hd__dfxtp_1)
                                         accumulator.io_accOut[12] (net)
                  0.05    0.00    0.45 v _12_/A (sky130_fd_sc_hd__buf_1)
     2    0.02    0.08    0.11    0.56 v _12_/X (sky130_fd_sc_hd__buf_1)
                                         net26 (net)
                  0.08    0.00    0.56 v output26/A (sky130_fd_sc_hd__buf_2)
     1    0.03    0.06    0.13    0.69 v output26/X (sky130_fd_sc_hd__buf_2)
                                         io_accOut[12] (net)
                  0.06    0.00    0.69 v io_accOut[12] (out)
                                  0.69   data arrival time

                          0.00    0.00   clock clock (rise edge)
                          0.00    0.00   clock network delay (propagated)
                          0.25    0.25   clock uncertainty
                          0.00    0.25   clock reconvergence pessimism
                         -5.00   -4.75   output external delay
                                 -4.75   data required time
-----------------------------------------------------------------------------
                                 -4.75   data required time
                                 -0.69   data arrival time
-----------------------------------------------------------------------------
                                  5.44   slack (MET)


Startpoint: accumulator._2370_
            (rising edge-triggered flip-flop clocked by clock)
Endpoint: io_accOut[13] (output port clocked by clock)
Path Group: clock
Path Type: min
Corner: Fastest

Fanout     Cap    Slew   Delay    Time   Description
-----------------------------------------------------------------------------
                          0.00    0.00   clock clock (rise edge)
                          0.00    0.00   clock source latency
     1    0.02    0.06    0.04    0.04 ^ clock (in)
                                         clock (net)
                  0.06    0.00    0.04 ^ clkbuf_0_clock/A (sky130_fd_sc_hd__clkbuf_16)
     4    0.04    0.05    0.10    0.14 ^ clkbuf_0_clock/X (sky130_fd_sc_hd__clkbuf_16)
                                         clknet_0_clock (net)
                  0.05    0.00    0.14 ^ clkbuf_2_1__f_clock/A (sky130_fd_sc_hd__clkbuf_16)
     9    0.03    0.04    0.09    0.23 ^ clkbuf_2_1__f_clock/X (sky130_fd_sc_hd__clkbuf_16)
                                         clknet_2_1__leaf_clock (net)
                  0.04    0.00    0.23 ^ accumulator._2370_/CLK (sky130_fd_sc_hd__dfxtp_1)
     4    0.02    0.07    0.22    0.45 v accumulator._2370_/Q (sky130_fd_sc_hd__dfxtp_1)
                                         accumulator.io_accOut[13] (net)
                  0.07    0.00    0.46 v _13_/A (sky130_fd_sc_hd__buf_1)
     1    0.02    0.07    0.11    0.56 v _13_/X (sky130_fd_sc_hd__buf_1)
                                         net27 (net)
                  0.07    0.00    0.57 v output27/A (sky130_fd_sc_hd__buf_2)
     1    0.03    0.06    0.13    0.69 v output27/X (sky130_fd_sc_hd__buf_2)
                                         io_accOut[13] (net)
                  0.06    0.00    0.69 v io_accOut[13] (out)
                                  0.69   data arrival time

                          0.00    0.00   clock clock (rise edge)
                          0.00    0.00   clock network delay (propagated)
                          0.25    0.25   clock uncertainty
                          0.00    0.25   clock reconvergence pessimism
                         -5.00   -4.75   output external delay
                                 -4.75   data required time
-----------------------------------------------------------------------------
                                 -4.75   data required time
                                 -0.69   data arrival time
-----------------------------------------------------------------------------
                                  5.44   slack (MET)


Startpoint: accumulator._2360_
            (rising edge-triggered flip-flop clocked by clock)
Endpoint: io_accOut[3] (output port clocked by clock)
Path Group: clock
Path Type: min
Corner: Fastest

Fanout     Cap    Slew   Delay    Time   Description
-----------------------------------------------------------------------------
                          0.00    0.00   clock clock (rise edge)
                          0.00    0.00   clock source latency
     1    0.02    0.06    0.04    0.04 ^ clock (in)
                                         clock (net)
                  0.06    0.00    0.04 ^ clkbuf_0_clock/A (sky130_fd_sc_hd__clkbuf_16)
     4    0.04    0.05    0.10    0.14 ^ clkbuf_0_clock/X (sky130_fd_sc_hd__clkbuf_16)
                                         clknet_0_clock (net)
                  0.05    0.00    0.14 ^ clkbuf_2_0__f_clock/A (sky130_fd_sc_hd__clkbuf_16)
    11    0.04    0.04    0.09    0.24 ^ clkbuf_2_0__f_clock/X (sky130_fd_sc_hd__clkbuf_16)
                                         clknet_2_0__leaf_clock (net)
                  0.04    0.00    0.24 ^ accumulator._2360_/CLK (sky130_fd_sc_hd__dfxtp_1)
     4    0.02    0.08    0.23    0.47 v accumulator._2360_/Q (sky130_fd_sc_hd__dfxtp_1)
                                         accumulator.io_accOut[3] (net)
                  0.08    0.00    0.47 v _03_/A (sky130_fd_sc_hd__buf_1)
     1    0.01    0.06    0.10    0.57 v _03_/X (sky130_fd_sc_hd__buf_1)
                                         net48 (net)
                  0.06    0.00    0.57 v output48/A (sky130_fd_sc_hd__buf_2)
     1    0.03    0.06    0.12    0.69 v output48/X (sky130_fd_sc_hd__buf_2)
                                         io_accOut[3] (net)
                  0.06    0.00    0.69 v io_accOut[3] (out)
                                  0.69   data arrival time

                          0.00    0.00   clock clock (rise edge)
                          0.00    0.00   clock network delay (propagated)
                          0.25    0.25   clock uncertainty
                          0.00    0.25   clock reconvergence pessimism
                         -5.00   -4.75   output external delay
                                 -4.75   data required time
-----------------------------------------------------------------------------
                                 -4.75   data required time
                                 -0.69   data arrival time
-----------------------------------------------------------------------------
                                  5.44   slack (MET)


Startpoint: accumulator._2378_
            (rising edge-triggered flip-flop clocked by clock)
Endpoint: io_accOut[21] (output port clocked by clock)
Path Group: clock
Path Type: min
Corner: Fastest

Fanout     Cap    Slew   Delay    Time   Description
-----------------------------------------------------------------------------
                          0.00    0.00   clock clock (rise edge)
                          0.00    0.00   clock source latency
     1    0.02    0.06    0.04    0.04 ^ clock (in)
                                         clock (net)
                  0.06    0.00    0.04 ^ clkbuf_0_clock/A (sky130_fd_sc_hd__clkbuf_16)
     4    0.04    0.05    0.10    0.14 ^ clkbuf_0_clock/X (sky130_fd_sc_hd__clkbuf_16)
                                         clknet_0_clock (net)
                  0.05    0.00    0.14 ^ clkbuf_2_1__f_clock/A (sky130_fd_sc_hd__clkbuf_16)
     9    0.03    0.04    0.09    0.23 ^ clkbuf_2_1__f_clock/X (sky130_fd_sc_hd__clkbuf_16)
                                         clknet_2_1__leaf_clock (net)
                  0.04    0.00    0.23 ^ accumulator._2378_/CLK (sky130_fd_sc_hd__dfxtp_1)
     4    0.03    0.09    0.24    0.47 v accumulator._2378_/Q (sky130_fd_sc_hd__dfxtp_1)
                                         accumulator.io_accOut[21] (net)
                  0.09    0.00    0.47 v _21_/A (sky130_fd_sc_hd__buf_1)
     1    0.01    0.06    0.11    0.58 v _21_/X (sky130_fd_sc_hd__buf_1)
                                         net36 (net)
                  0.06    0.00    0.58 v output36/A (sky130_fd_sc_hd__buf_2)
     1    0.03    0.06    0.12    0.70 v output36/X (sky130_fd_sc_hd__buf_2)
                                         io_accOut[21] (net)
                  0.06    0.00    0.70 v io_accOut[21] (out)
                                  0.70   data arrival time

                          0.00    0.00   clock clock (rise edge)
                          0.00    0.00   clock network delay (propagated)
                          0.25    0.25   clock uncertainty
                          0.00    0.25   clock reconvergence pessimism
                         -5.00   -4.75   output external delay
                                 -4.75   data required time
-----------------------------------------------------------------------------
                                 -4.75   data required time
                                 -0.70   data arrival time
-----------------------------------------------------------------------------
                                  5.45   slack (MET)


Startpoint: accumulator._2367_
            (rising edge-triggered flip-flop clocked by clock)
Endpoint: io_accOut[10] (output port clocked by clock)
Path Group: clock
Path Type: min
Corner: Fastest

Fanout     Cap    Slew   Delay    Time   Description
-----------------------------------------------------------------------------
                          0.00    0.00   clock clock (rise edge)
                          0.00    0.00   clock source latency
     1    0.02    0.06    0.04    0.04 ^ clock (in)
                                         clock (net)
                  0.06    0.00    0.04 ^ clkbuf_0_clock/A (sky130_fd_sc_hd__clkbuf_16)
     4    0.04    0.05    0.10    0.14 ^ clkbuf_0_clock/X (sky130_fd_sc_hd__clkbuf_16)
                                         clknet_0_clock (net)
                  0.05    0.00    0.14 ^ clkbuf_2_3__f_clock/A (sky130_fd_sc_hd__clkbuf_16)
    10    0.03    0.04    0.09    0.23 ^ clkbuf_2_3__f_clock/X (sky130_fd_sc_hd__clkbuf_16)
                                         clknet_2_3__leaf_clock (net)
                  0.04    0.00    0.23 ^ accumulator._2367_/CLK (sky130_fd_sc_hd__dfxtp_1)
     4    0.03    0.10    0.24    0.48 v accumulator._2367_/Q (sky130_fd_sc_hd__dfxtp_1)
                                         accumulator.io_accOut[10] (net)
                  0.10    0.00    0.48 v _10_/A (sky130_fd_sc_hd__clkbuf_1)
     1    0.01    0.05    0.11    0.58 v _10_/X (sky130_fd_sc_hd__clkbuf_1)
                                         net24 (net)
                  0.05    0.00    0.58 v output24/A (sky130_fd_sc_hd__buf_2)
     1    0.03    0.06    0.12    0.70 v output24/X (sky130_fd_sc_hd__buf_2)
                                         io_accOut[10] (net)
                  0.06    0.00    0.70 v io_accOut[10] (out)
                                  0.70   data arrival time

                          0.00    0.00   clock clock (rise edge)
                          0.00    0.00   clock network delay (propagated)
                          0.25    0.25   clock uncertainty
                          0.00    0.25   clock reconvergence pessimism
                         -5.00   -4.75   output external delay
                                 -4.75   data required time
-----------------------------------------------------------------------------
                                 -4.75   data required time
                                 -0.70   data arrival time
-----------------------------------------------------------------------------
                                  5.45   slack (MET)


Startpoint: accumulator._2355_
            (rising edge-triggered flip-flop clocked by clock)
Endpoint: io_accOut[31] (output port clocked by clock)
Path Group: clock
Path Type: min
Corner: Fastest

Fanout     Cap    Slew   Delay    Time   Description
-----------------------------------------------------------------------------
                          0.00    0.00   clock clock (rise edge)
                          0.00    0.00   clock source latency
     1    0.02    0.06    0.04    0.04 ^ clock (in)
                                         clock (net)
                  0.06    0.00    0.04 ^ clkbuf_0_clock/A (sky130_fd_sc_hd__clkbuf_16)
     4    0.04    0.05    0.10    0.14 ^ clkbuf_0_clock/X (sky130_fd_sc_hd__clkbuf_16)
                                         clknet_0_clock (net)
                  0.05    0.00    0.14 ^ clkbuf_2_0__f_clock/A (sky130_fd_sc_hd__clkbuf_16)
    11    0.04    0.04    0.09    0.24 ^ clkbuf_2_0__f_clock/X (sky130_fd_sc_hd__clkbuf_16)
                                         clknet_2_0__leaf_clock (net)
                  0.04    0.00    0.24 ^ accumulator._2355_/CLK (sky130_fd_sc_hd__dfxtp_2)
     4    0.03    0.06    0.23    0.46 v accumulator._2355_/Q (sky130_fd_sc_hd__dfxtp_2)
                                         accumulator.io_accOut[31] (net)
                  0.06    0.00    0.46 v _31_/A (sky130_fd_sc_hd__buf_1)
     1    0.02    0.07    0.11    0.57 v _31_/X (sky130_fd_sc_hd__buf_1)
                                         net47 (net)
                  0.07    0.00    0.57 v output47/A (sky130_fd_sc_hd__clkbuf_4)
     1    0.03    0.06    0.13    0.70 v output47/X (sky130_fd_sc_hd__clkbuf_4)
                                         io_accOut[31] (net)
                  0.06    0.00    0.71 v io_accOut[31] (out)
                                  0.71   data arrival time

                          0.00    0.00   clock clock (rise edge)
                          0.00    0.00   clock network delay (propagated)
                          0.25    0.25   clock uncertainty
                          0.00    0.25   clock reconvergence pessimism
                         -5.00   -4.75   output external delay
                                 -4.75   data required time
-----------------------------------------------------------------------------
                                 -4.75   data required time
                                 -0.71   data arrival time
-----------------------------------------------------------------------------
                                  5.46   slack (MET)


Startpoint: accumulator._2356_
            (rising edge-triggered flip-flop clocked by clock)
Endpoint: io_done (output port clocked by clock)
Path Group: clock
Path Type: min
Corner: Fastest

Fanout     Cap    Slew   Delay    Time   Description
-----------------------------------------------------------------------------
                          0.00    0.00   clock clock (rise edge)
                          0.00    0.00   clock source latency
     1    0.02    0.06    0.04    0.04 ^ clock (in)
                                         clock (net)
                  0.06    0.00    0.04 ^ clkbuf_0_clock/A (sky130_fd_sc_hd__clkbuf_16)
     4    0.04    0.05    0.10    0.14 ^ clkbuf_0_clock/X (sky130_fd_sc_hd__clkbuf_16)
                                         clknet_0_clock (net)
                  0.05    0.00    0.14 ^ clkbuf_2_3__f_clock/A (sky130_fd_sc_hd__clkbuf_16)
    10    0.03    0.04    0.09    0.23 ^ clkbuf_2_3__f_clock/X (sky130_fd_sc_hd__clkbuf_16)
                                         clknet_2_3__leaf_clock (net)
                  0.04    0.00    0.23 ^ accumulator._2356_/CLK (sky130_fd_sc_hd__dfxtp_1)
     3    0.01    0.04    0.19    0.43 v accumulator._2356_/Q (sky130_fd_sc_hd__dfxtp_1)
                                         accumulator.state[1] (net)
                  0.04    0.00    0.43 v accumulator._1177_/B (sky130_fd_sc_hd__and2b_1)
     1    0.00    0.02    0.09    0.52 v accumulator._1177_/X (sky130_fd_sc_hd__and2b_1)
                                         accumulator._1145_ (net)
                  0.02    0.00    0.52 v accumulator._1178_/A (sky130_fd_sc_hd__buf_1)
     2    0.01    0.04    0.07    0.59 v accumulator._1178_/X (sky130_fd_sc_hd__buf_1)
                                         net55 (net)
                  0.04    0.00    0.59 v output55/A (sky130_fd_sc_hd__buf_2)
     1    0.03    0.06    0.12    0.71 v output55/X (sky130_fd_sc_hd__buf_2)
                                         io_done (net)
                  0.06    0.00    0.71 v io_done (out)
                                  0.71   data arrival time

                          0.00    0.00   clock clock (rise edge)
                          0.00    0.00   clock network delay (propagated)
                          0.25    0.25   clock uncertainty
                          0.00    0.25   clock reconvergence pessimism
                         -5.00   -4.75   output external delay
                                 -4.75   data required time
-----------------------------------------------------------------------------
                                 -4.75   data required time
                                 -0.71   data arrival time
-----------------------------------------------------------------------------
                                  5.46   slack (MET)


Startpoint: accumulator._2358_
            (rising edge-triggered flip-flop clocked by clock)
Endpoint: io_accOut[1] (output port clocked by clock)
Path Group: clock
Path Type: min
Corner: Fastest

Fanout     Cap    Slew   Delay    Time   Description
-----------------------------------------------------------------------------
                          0.00    0.00   clock clock (rise edge)
                          0.00    0.00   clock source latency
     1    0.02    0.06    0.04    0.04 ^ clock (in)
                                         clock (net)
                  0.06    0.00    0.04 ^ clkbuf_0_clock/A (sky130_fd_sc_hd__clkbuf_16)
     4    0.04    0.05    0.10    0.14 ^ clkbuf_0_clock/X (sky130_fd_sc_hd__clkbuf_16)
                                         clknet_0_clock (net)
                  0.05    0.00    0.14 ^ clkbuf_2_2__f_clock/A (sky130_fd_sc_hd__clkbuf_16)
     7    0.03    0.04    0.09    0.23 ^ clkbuf_2_2__f_clock/X (sky130_fd_sc_hd__clkbuf_16)
                                         clknet_2_2__leaf_clock (net)
                  0.04    0.00    0.23 ^ accumulator._2358_/CLK (sky130_fd_sc_hd__dfxtp_1)
     5    0.03    0.11    0.25    0.48 v accumulator._2358_/Q (sky130_fd_sc_hd__dfxtp_1)
                                         accumulator.io_accOut[1] (net)
                  0.11    0.00    0.48 v _01_/A (sky130_fd_sc_hd__buf_1)
     1    0.01    0.06    0.11    0.59 v _01_/X (sky130_fd_sc_hd__buf_1)
                                         net34 (net)
                  0.06    0.00    0.60 v output34/A (sky130_fd_sc_hd__buf_2)
     1    0.03    0.06    0.12    0.72 v output34/X (sky130_fd_sc_hd__buf_2)
                                         io_accOut[1] (net)
                  0.06    0.00    0.72 v io_accOut[1] (out)
                                  0.72   data arrival time

                          0.00    0.00   clock clock (rise edge)
                          0.00    0.00   clock network delay (propagated)
                          0.25    0.25   clock uncertainty
                          0.00    0.25   clock reconvergence pessimism
                         -5.00   -4.75   output external delay
                                 -4.75   data required time
-----------------------------------------------------------------------------
                                 -4.75   data required time
                                 -0.72   data arrival time
-----------------------------------------------------------------------------
                                  5.47   slack (MET)


Startpoint: accumulator._2361_
            (rising edge-triggered flip-flop clocked by clock)
Endpoint: io_accOut[4] (output port clocked by clock)
Path Group: clock
Path Type: min
Corner: Fastest

Fanout     Cap    Slew   Delay    Time   Description
-----------------------------------------------------------------------------
                          0.00    0.00   clock clock (rise edge)
                          0.00    0.00   clock source latency
     1    0.02    0.06    0.04    0.04 ^ clock (in)
                                         clock (net)
                  0.06    0.00    0.04 ^ clkbuf_0_clock/A (sky130_fd_sc_hd__clkbuf_16)
     4    0.04    0.05    0.10    0.14 ^ clkbuf_0_clock/X (sky130_fd_sc_hd__clkbuf_16)
                                         clknet_0_clock (net)
                  0.05    0.00    0.14 ^ clkbuf_2_0__f_clock/A (sky130_fd_sc_hd__clkbuf_16)
    11    0.04    0.04    0.09    0.24 ^ clkbuf_2_0__f_clock/X (sky130_fd_sc_hd__clkbuf_16)
                                         clknet_2_0__leaf_clock (net)
                  0.04    0.00    0.24 ^ accumulator._2361_/CLK (sky130_fd_sc_hd__dfxtp_1)
     5    0.03    0.10    0.24    0.48 v accumulator._2361_/Q (sky130_fd_sc_hd__dfxtp_1)
                                         accumulator.io_accOut[4] (net)
                  0.10    0.00    0.48 v _04_/A (sky130_fd_sc_hd__buf_1)
     1    0.02    0.07    0.11    0.59 v _04_/X (sky130_fd_sc_hd__buf_1)
                                         net49 (net)
                  0.07    0.00    0.59 v output49/A (sky130_fd_sc_hd__buf_2)
     1    0.03    0.06    0.12    0.72 v output49/X (sky130_fd_sc_hd__buf_2)
                                         io_accOut[4] (net)
                  0.06    0.00    0.72 v io_accOut[4] (out)
                                  0.72   data arrival time

                          0.00    0.00   clock clock (rise edge)
                          0.00    0.00   clock network delay (propagated)
                          0.25    0.25   clock uncertainty
                          0.00    0.25   clock reconvergence pessimism
                         -5.00   -4.75   output external delay
                                 -4.75   data required time
-----------------------------------------------------------------------------
                                 -4.75   data required time
                                 -0.72   data arrival time
-----------------------------------------------------------------------------
                                  5.47   slack (MET)


Startpoint: accumulator._2362_
            (rising edge-triggered flip-flop clocked by clock)
Endpoint: io_accOut[5] (output port clocked by clock)
Path Group: clock
Path Type: min
Corner: Fastest

Fanout     Cap    Slew   Delay    Time   Description
-----------------------------------------------------------------------------
                          0.00    0.00   clock clock (rise edge)
                          0.00    0.00   clock source latency
     1    0.02    0.06    0.04    0.04 ^ clock (in)
                                         clock (net)
                  0.06    0.00    0.04 ^ clkbuf_0_clock/A (sky130_fd_sc_hd__clkbuf_16)
     4    0.04    0.05    0.10    0.14 ^ clkbuf_0_clock/X (sky130_fd_sc_hd__clkbuf_16)
                                         clknet_0_clock (net)
                  0.05    0.00    0.14 ^ clkbuf_2_0__f_clock/A (sky130_fd_sc_hd__clkbuf_16)
    11    0.04    0.04    0.09    0.24 ^ clkbuf_2_0__f_clock/X (sky130_fd_sc_hd__clkbuf_16)
                                         clknet_2_0__leaf_clock (net)
                  0.04    0.00    0.24 ^ accumulator._2362_/CLK (sky130_fd_sc_hd__dfxtp_1)
     6    0.03    0.11    0.25    0.49 v accumulator._2362_/Q (sky130_fd_sc_hd__dfxtp_1)
                                         accumulator.io_accOut[5] (net)
                  0.11    0.00    0.49 v _05_/A (sky130_fd_sc_hd__buf_1)
     1    0.02    0.07    0.12    0.60 v _05_/X (sky130_fd_sc_hd__buf_1)
                                         net50 (net)
                  0.07    0.00    0.60 v output50/A (sky130_fd_sc_hd__clkbuf_4)
     1    0.03    0.06    0.13    0.74 v output50/X (sky130_fd_sc_hd__clkbuf_4)
                                         io_accOut[5] (net)
                  0.06    0.00    0.74 v io_accOut[5] (out)
                                  0.74   data arrival time

                          0.00    0.00   clock clock (rise edge)
                          0.00    0.00   clock network delay (propagated)
                          0.25    0.25   clock uncertainty
                          0.00    0.25   clock reconvergence pessimism
                         -5.00   -4.75   output external delay
                                 -4.75   data required time
-----------------------------------------------------------------------------
                                 -4.75   data required time
                                 -0.74   data arrival time
-----------------------------------------------------------------------------
                                  5.49   slack (MET)



worst slack corner Fastest: 0.1213
======================= Slowest Corner ===================================

Startpoint: accumulator._2382_
            (rising edge-triggered flip-flop clocked by clock)
Endpoint: accumulator._2382_ (rising edge-triggered flip-flop clocked by clock)
Path Group: clock
Path Type: min
Corner: Slowest

Fanout     Cap    Slew   Delay    Time   Description
-----------------------------------------------------------------------------
                          0.00    0.00   clock clock (rise edge)
                          0.00    0.00   clock source latency
     1    0.02    0.13    0.08    0.08 ^ clock (in)
                                         clock (net)
                  0.13    0.00    0.08 ^ clkbuf_0_clock/A (sky130_fd_sc_hd__clkbuf_16)
     4    0.04    0.09    0.26    0.35 ^ clkbuf_0_clock/X (sky130_fd_sc_hd__clkbuf_16)
                                         clknet_0_clock (net)
                  0.09    0.00    0.35 ^ clkbuf_2_2__f_clock/A (sky130_fd_sc_hd__clkbuf_16)
     7    0.03    0.08    0.23    0.58 ^ clkbuf_2_2__f_clock/X (sky130_fd_sc_hd__clkbuf_16)
                                         clknet_2_2__leaf_clock (net)
                  0.08    0.00    0.58 ^ accumulator._2382_/CLK (sky130_fd_sc_hd__dfxtp_2)
     6    0.04    0.17    0.68    1.26 v accumulator._2382_/Q (sky130_fd_sc_hd__dfxtp_2)
                                         accumulator.io_accOut[25] (net)
                  0.17    0.00    1.26 v accumulator._2300_/A1 (sky130_fd_sc_hd__o21ai_1)
     1    0.00    0.13    0.24    1.50 ^ accumulator._2300_/Y (sky130_fd_sc_hd__o21ai_1)
                                         accumulator._0252_ (net)
                  0.13    0.00    1.50 ^ accumulator._2301_/B1 (sky130_fd_sc_hd__a21oi_1)
     1    0.00    0.05    0.09    1.59 v accumulator._2301_/Y (sky130_fd_sc_hd__a21oi_1)
                                         accumulator._0027_ (net)
                  0.05    0.00    1.59 v accumulator._2382_/D (sky130_fd_sc_hd__dfxtp_2)
                                  1.59   data arrival time

                          0.00    0.00   clock clock (rise edge)
                          0.00    0.00   clock source latency
     1    0.02    0.13    0.09    0.09 ^ clock (in)
                                         clock (net)
                  0.13    0.00    0.09 ^ clkbuf_0_clock/A (sky130_fd_sc_hd__clkbuf_16)
     4    0.04    0.09    0.29    0.38 ^ clkbuf_0_clock/X (sky130_fd_sc_hd__clkbuf_16)
                                         clknet_0_clock (net)
                  0.09    0.00    0.38 ^ clkbuf_2_2__f_clock/A (sky130_fd_sc_hd__clkbuf_16)
     7    0.03    0.08    0.26    0.64 ^ clkbuf_2_2__f_clock/X (sky130_fd_sc_hd__clkbuf_16)
                                         clknet_2_2__leaf_clock (net)
                  0.08    0.00    0.64 ^ accumulator._2382_/CLK (sky130_fd_sc_hd__dfxtp_2)
                          0.25    0.89   clock uncertainty
                         -0.06    0.83   clock reconvergence pessimism
                         -0.08    0.75   library hold time
                                  0.75   data required time
-----------------------------------------------------------------------------
                                  0.75   data required time
                                 -1.59   data arrival time
-----------------------------------------------------------------------------
                                  0.84   slack (MET)


Startpoint: accumulator._2375_
            (rising edge-triggered flip-flop clocked by clock)
Endpoint: accumulator._2375_ (rising edge-triggered flip-flop clocked by clock)
Path Group: clock
Path Type: min
Corner: Slowest

Fanout     Cap    Slew   Delay    Time   Description
-----------------------------------------------------------------------------
                          0.00    0.00   clock clock (rise edge)
                          0.00    0.00   clock source latency
     1    0.02    0.13    0.08    0.08 ^ clock (in)
                                         clock (net)
                  0.13    0.00    0.08 ^ clkbuf_0_clock/A (sky130_fd_sc_hd__clkbuf_16)
     4    0.04    0.09    0.26    0.35 ^ clkbuf_0_clock/X (sky130_fd_sc_hd__clkbuf_16)
                                         clknet_0_clock (net)
                  0.09    0.00    0.35 ^ clkbuf_2_0__f_clock/A (sky130_fd_sc_hd__clkbuf_16)
    11    0.03    0.09    0.24    0.59 ^ clkbuf_2_0__f_clock/X (sky130_fd_sc_hd__clkbuf_16)
                                         clknet_2_0__leaf_clock (net)
                  0.09    0.00    0.59 ^ accumulator._2375_/CLK (sky130_fd_sc_hd__dfxtp_1)
     4    0.02    0.20    0.67    1.26 v accumulator._2375_/Q (sky130_fd_sc_hd__dfxtp_1)
                                         accumulator.io_accOut[18] (net)
                  0.20    0.00    1.26 v accumulator._2250_/A1 (sky130_fd_sc_hd__o211a_1)
     1    0.00    0.05    0.42    1.68 v accumulator._2250_/X (sky130_fd_sc_hd__o211a_1)
                                         accumulator._0020_ (net)
                  0.05    0.00    1.68 v accumulator._2375_/D (sky130_fd_sc_hd__dfxtp_1)
                                  1.68   data arrival time

                          0.00    0.00   clock clock (rise edge)
                          0.00    0.00   clock source latency
     1    0.02    0.13    0.09    0.09 ^ clock (in)
                                         clock (net)
                  0.13    0.00    0.09 ^ clkbuf_0_clock/A (sky130_fd_sc_hd__clkbuf_16)
     4    0.04    0.09    0.29    0.38 ^ clkbuf_0_clock/X (sky130_fd_sc_hd__clkbuf_16)
                                         clknet_0_clock (net)
                  0.09    0.00    0.38 ^ clkbuf_2_0__f_clock/A (sky130_fd_sc_hd__clkbuf_16)
    11    0.03    0.09    0.27    0.65 ^ clkbuf_2_0__f_clock/X (sky130_fd_sc_hd__clkbuf_16)
                                         clknet_2_0__leaf_clock (net)
                  0.09    0.00    0.65 ^ accumulator._2375_/CLK (sky130_fd_sc_hd__dfxtp_1)
                          0.25    0.90   clock uncertainty
                         -0.06    0.84   clock reconvergence pessimism
                         -0.09    0.74   library hold time
                                  0.74   data required time
-----------------------------------------------------------------------------
                                  0.74   data required time
                                 -1.68   data arrival time
-----------------------------------------------------------------------------
                                  0.93   slack (MET)


Startpoint: accumulator._2388_
            (rising edge-triggered flip-flop clocked by clock)
Endpoint: accumulator._2356_ (rising edge-triggered flip-flop clocked by clock)
Path Group: clock
Path Type: min
Corner: Slowest

Fanout     Cap    Slew   Delay    Time   Description
-----------------------------------------------------------------------------
                          0.00    0.00   clock clock (rise edge)
                          0.00    0.00   clock source latency
     1    0.02    0.13    0.08    0.08 ^ clock (in)
                                         clock (net)
                  0.13    0.00    0.08 ^ clkbuf_0_clock/A (sky130_fd_sc_hd__clkbuf_16)
     4    0.04    0.09    0.26    0.35 ^ clkbuf_0_clock/X (sky130_fd_sc_hd__clkbuf_16)
                                         clknet_0_clock (net)
                  0.09    0.00    0.35 ^ clkbuf_2_3__f_clock/A (sky130_fd_sc_hd__clkbuf_16)
    10    0.03    0.08    0.24    0.58 ^ clkbuf_2_3__f_clock/X (sky130_fd_sc_hd__clkbuf_16)
                                         clknet_2_3__leaf_clock (net)
                  0.08    0.00    0.58 ^ accumulator._2388_/CLK (sky130_fd_sc_hd__dfxtp_1)
     5    0.01    0.14    0.63    1.21 v accumulator._2388_/Q (sky130_fd_sc_hd__dfxtp_1)
                                         accumulator.state[0] (net)
                  0.14    0.00    1.21 v accumulator._1295_/B (sky130_fd_sc_hd__and2b_1)
     1    0.00    0.07    0.34    1.55 v accumulator._1295_/X (sky130_fd_sc_hd__and2b_1)
                                         accumulator._0391_ (net)
                  0.07    0.00    1.55 v accumulator._1296_/A (sky130_fd_sc_hd__clkbuf_1)
     1    0.00    0.04    0.15    1.70 v accumulator._1296_/X (sky130_fd_sc_hd__clkbuf_1)
                                         accumulator._0001_ (net)
                  0.04    0.00    1.70 v accumulator._2356_/D (sky130_fd_sc_hd__dfxtp_1)
                                  1.70   data arrival time

                          0.00    0.00   clock clock (rise edge)
                          0.00    0.00   clock source latency
     1    0.02    0.13    0.09    0.09 ^ clock (in)
                                         clock (net)
                  0.13    0.00    0.09 ^ clkbuf_0_clock/A (sky130_fd_sc_hd__clkbuf_16)
     4    0.04    0.09    0.29    0.38 ^ clkbuf_0_clock/X (sky130_fd_sc_hd__clkbuf_16)
                                         clknet_0_clock (net)
                  0.09    0.00    0.38 ^ clkbuf_2_3__f_clock/A (sky130_fd_sc_hd__clkbuf_16)
    10    0.03    0.08    0.26    0.64 ^ clkbuf_2_3__f_clock/X (sky130_fd_sc_hd__clkbuf_16)
                                         clknet_2_3__leaf_clock (net)
                  0.08    0.00    0.64 ^ accumulator._2356_/CLK (sky130_fd_sc_hd__dfxtp_1)
                          0.25    0.89   clock uncertainty
                         -0.06    0.83   clock reconvergence pessimism
                         -0.09    0.74   library hold time
                                  0.74   data required time
-----------------------------------------------------------------------------
                                  0.74   data required time
                                 -1.70   data arrival time
-----------------------------------------------------------------------------
                                  0.96   slack (MET)


Startpoint: accumulator._2381_
            (rising edge-triggered flip-flop clocked by clock)
Endpoint: accumulator._2381_ (rising edge-triggered flip-flop clocked by clock)
Path Group: clock
Path Type: min
Corner: Slowest

Fanout     Cap    Slew   Delay    Time   Description
-----------------------------------------------------------------------------
                          0.00    0.00   clock clock (rise edge)
                          0.00    0.00   clock source latency
     1    0.02    0.13    0.08    0.08 ^ clock (in)
                                         clock (net)
                  0.13    0.00    0.08 ^ clkbuf_0_clock/A (sky130_fd_sc_hd__clkbuf_16)
     4    0.04    0.09    0.26    0.35 ^ clkbuf_0_clock/X (sky130_fd_sc_hd__clkbuf_16)
                                         clknet_0_clock (net)
                  0.09    0.00    0.35 ^ clkbuf_2_2__f_clock/A (sky130_fd_sc_hd__clkbuf_16)
     7    0.03    0.08    0.23    0.58 ^ clkbuf_2_2__f_clock/X (sky130_fd_sc_hd__clkbuf_16)
                                         clknet_2_2__leaf_clock (net)
                  0.08    0.00    0.58 ^ accumulator._2381_/CLK (sky130_fd_sc_hd__dfxtp_1)
     6    0.03    0.23    0.69    1.27 v accumulator._2381_/Q (sky130_fd_sc_hd__dfxtp_1)
                                         accumulator.io_accOut[24] (net)
                  0.23    0.00    1.27 v accumulator._2294_/A1 (sky130_fd_sc_hd__o211a_1)
     1    0.00    0.05    0.44    1.71 v accumulator._2294_/X (sky130_fd_sc_hd__o211a_1)
                                         accumulator._0026_ (net)
                  0.05    0.00    1.71 v accumulator._2381_/D (sky130_fd_sc_hd__dfxtp_1)
                                  1.71   data arrival time

                          0.00    0.00   clock clock (rise edge)
                          0.00    0.00   clock source latency
     1    0.02    0.13    0.09    0.09 ^ clock (in)
                                         clock (net)
                  0.13    0.00    0.09 ^ clkbuf_0_clock/A (sky130_fd_sc_hd__clkbuf_16)
     4    0.04    0.09    0.29    0.38 ^ clkbuf_0_clock/X (sky130_fd_sc_hd__clkbuf_16)
                                         clknet_0_clock (net)
                  0.09    0.00    0.38 ^ clkbuf_2_2__f_clock/A (sky130_fd_sc_hd__clkbuf_16)
     7    0.03    0.08    0.26    0.64 ^ clkbuf_2_2__f_clock/X (sky130_fd_sc_hd__clkbuf_16)
                                         clknet_2_2__leaf_clock (net)
                  0.08    0.00    0.64 ^ accumulator._2381_/CLK (sky130_fd_sc_hd__dfxtp_1)
                          0.25    0.89   clock uncertainty
                         -0.06    0.83   clock reconvergence pessimism
                         -0.10    0.73   library hold time
                                  0.73   data required time
-----------------------------------------------------------------------------
                                  0.73   data required time
                                 -1.71   data arrival time
-----------------------------------------------------------------------------
                                  0.97   slack (MET)


Startpoint: accumulator._2355_
            (rising edge-triggered flip-flop clocked by clock)
Endpoint: accumulator._2355_ (rising edge-triggered flip-flop clocked by clock)
Path Group: clock
Path Type: min
Corner: Slowest

Fanout     Cap    Slew   Delay    Time   Description
-----------------------------------------------------------------------------
                          0.00    0.00   clock clock (rise edge)
                          0.00    0.00   clock source latency
     1    0.02    0.13    0.08    0.08 ^ clock (in)
                                         clock (net)
                  0.13    0.00    0.08 ^ clkbuf_0_clock/A (sky130_fd_sc_hd__clkbuf_16)
     4    0.04    0.09    0.26    0.35 ^ clkbuf_0_clock/X (sky130_fd_sc_hd__clkbuf_16)
                                         clknet_0_clock (net)
                  0.09    0.00    0.35 ^ clkbuf_2_0__f_clock/A (sky130_fd_sc_hd__clkbuf_16)
    11    0.03    0.09    0.24    0.59 ^ clkbuf_2_0__f_clock/X (sky130_fd_sc_hd__clkbuf_16)
                                         clknet_2_0__leaf_clock (net)
                  0.09    0.00    0.59 ^ accumulator._2355_/CLK (sky130_fd_sc_hd__dfxtp_2)
     4    0.03    0.16    0.68    1.27 v accumulator._2355_/Q (sky130_fd_sc_hd__dfxtp_2)
                                         accumulator.io_accOut[31] (net)
                  0.16    0.00    1.27 v accumulator._1293_/B1 (sky130_fd_sc_hd__a21o_1)
     1    0.00    0.06    0.30    1.57 v accumulator._1293_/X (sky130_fd_sc_hd__a21o_1)
                                         accumulator._0390_ (net)
                  0.06    0.00    1.57 v accumulator._1294_/C1 (sky130_fd_sc_hd__o311a_1)
     1    0.00    0.05    0.17    1.74 v accumulator._1294_/X (sky130_fd_sc_hd__o311a_1)
                                         accumulator._0000_ (net)
                  0.05    0.00    1.74 v accumulator._2355_/D (sky130_fd_sc_hd__dfxtp_2)
                                  1.74   data arrival time

                          0.00    0.00   clock clock (rise edge)
                          0.00    0.00   clock source latency
     1    0.02    0.13    0.09    0.09 ^ clock (in)
                                         clock (net)
                  0.13    0.00    0.09 ^ clkbuf_0_clock/A (sky130_fd_sc_hd__clkbuf_16)
     4    0.04    0.09    0.29    0.38 ^ clkbuf_0_clock/X (sky130_fd_sc_hd__clkbuf_16)
                                         clknet_0_clock (net)
                  0.09    0.00    0.38 ^ clkbuf_2_0__f_clock/A (sky130_fd_sc_hd__clkbuf_16)
    11    0.03    0.09    0.27    0.65 ^ clkbuf_2_0__f_clock/X (sky130_fd_sc_hd__clkbuf_16)
                                         clknet_2_0__leaf_clock (net)
                  0.09    0.00    0.65 ^ accumulator._2355_/CLK (sky130_fd_sc_hd__dfxtp_2)
                          0.25    0.90   clock uncertainty
                         -0.06    0.84   clock reconvergence pessimism
                         -0.08    0.76   library hold time
                                  0.76   data required time
-----------------------------------------------------------------------------
                                  0.76   data required time
                                 -1.74   data arrival time
-----------------------------------------------------------------------------
                                  0.98   slack (MET)


Startpoint: accumulator._2360_
            (rising edge-triggered flip-flop clocked by clock)
Endpoint: accumulator._2360_ (rising edge-triggered flip-flop clocked by clock)
Path Group: clock
Path Type: min
Corner: Slowest

Fanout     Cap    Slew   Delay    Time   Description
-----------------------------------------------------------------------------
                          0.00    0.00   clock clock (rise edge)
                          0.00    0.00   clock source latency
     1    0.02    0.13    0.08    0.08 ^ clock (in)
                                         clock (net)
                  0.13    0.00    0.08 ^ clkbuf_0_clock/A (sky130_fd_sc_hd__clkbuf_16)
     4    0.04    0.09    0.26    0.35 ^ clkbuf_0_clock/X (sky130_fd_sc_hd__clkbuf_16)
                                         clknet_0_clock (net)
                  0.09    0.00    0.35 ^ clkbuf_2_0__f_clock/A (sky130_fd_sc_hd__clkbuf_16)
    11    0.03    0.09    0.24    0.59 ^ clkbuf_2_0__f_clock/X (sky130_fd_sc_hd__clkbuf_16)
                                         clknet_2_0__leaf_clock (net)
                  0.09    0.00    0.59 ^ accumulator._2360_/CLK (sky130_fd_sc_hd__dfxtp_1)
     4    0.02    0.22    0.69    1.28 v accumulator._2360_/Q (sky130_fd_sc_hd__dfxtp_1)
                                         accumulator.io_accOut[3] (net)
                  0.22    0.00    1.28 v accumulator._1712_/A (sky130_fd_sc_hd__inv_2)
     2    0.01    0.10    0.16    1.44 ^ accumulator._1712_/Y (sky130_fd_sc_hd__inv_2)
                                         accumulator._0807_ (net)
                  0.10    0.00    1.44 ^ accumulator._2128_/A1 (sky130_fd_sc_hd__o22a_1)
     1    0.00    0.08    0.27    1.71 ^ accumulator._2128_/X (sky130_fd_sc_hd__o22a_1)
                                         accumulator._0084_ (net)
                  0.08    0.00    1.71 ^ accumulator._2129_/B (sky130_fd_sc_hd__nor2_1)
     1    0.00    0.03    0.06    1.77 v accumulator._2129_/Y (sky130_fd_sc_hd__nor2_1)
                                         accumulator._0005_ (net)
                  0.03    0.00    1.77 v accumulator._2360_/D (sky130_fd_sc_hd__dfxtp_1)
                                  1.77   data arrival time

                          0.00    0.00   clock clock (rise edge)
                          0.00    0.00   clock source latency
     1    0.02    0.13    0.09    0.09 ^ clock (in)
                                         clock (net)
                  0.13    0.00    0.09 ^ clkbuf_0_clock/A (sky130_fd_sc_hd__clkbuf_16)
     4    0.04    0.09    0.29    0.38 ^ clkbuf_0_clock/X (sky130_fd_sc_hd__clkbuf_16)
                                         clknet_0_clock (net)
                  0.09    0.00    0.38 ^ clkbuf_2_0__f_clock/A (sky130_fd_sc_hd__clkbuf_16)
    11    0.03    0.09    0.27    0.65 ^ clkbuf_2_0__f_clock/X (sky130_fd_sc_hd__clkbuf_16)
                                         clknet_2_0__leaf_clock (net)
                  0.09    0.00    0.65 ^ accumulator._2360_/CLK (sky130_fd_sc_hd__dfxtp_1)
                          0.25    0.90   clock uncertainty
                         -0.06    0.84   clock reconvergence pessimism
                         -0.09    0.75   library hold time
                                  0.75   data required time
-----------------------------------------------------------------------------
                                  0.75   data required time
                                 -1.77   data arrival time
-----------------------------------------------------------------------------
                                  1.02   slack (MET)


Startpoint: accumulator._2366_
            (rising edge-triggered flip-flop clocked by clock)
Endpoint: accumulator._2366_ (rising edge-triggered flip-flop clocked by clock)
Path Group: clock
Path Type: min
Corner: Slowest

Fanout     Cap    Slew   Delay    Time   Description
-----------------------------------------------------------------------------
                          0.00    0.00   clock clock (rise edge)
                          0.00    0.00   clock source latency
     1    0.02    0.13    0.08    0.08 ^ clock (in)
                                         clock (net)
                  0.13    0.00    0.08 ^ clkbuf_0_clock/A (sky130_fd_sc_hd__clkbuf_16)
     4    0.04    0.09    0.26    0.35 ^ clkbuf_0_clock/X (sky130_fd_sc_hd__clkbuf_16)
                                         clknet_0_clock (net)
                  0.09    0.00    0.35 ^ clkbuf_2_1__f_clock/A (sky130_fd_sc_hd__clkbuf_16)
     9    0.03    0.08    0.24    0.58 ^ clkbuf_2_1__f_clock/X (sky130_fd_sc_hd__clkbuf_16)
                                         clknet_2_1__leaf_clock (net)
                  0.08    0.00    0.58 ^ accumulator._2366_/CLK (sky130_fd_sc_hd__dfxtp_1)
     4    0.02    0.25    0.73    1.31 ^ accumulator._2366_/Q (sky130_fd_sc_hd__dfxtp_1)
                                         accumulator.io_accOut[9] (net)
                  0.25    0.00    1.31 ^ accumulator._2178_/A1 (sky130_fd_sc_hd__a22o_1)
     1    0.00    0.08    0.32    1.63 ^ accumulator._2178_/X (sky130_fd_sc_hd__a22o_1)
                                         accumulator._0133_ (net)
                  0.08    0.00    1.63 ^ accumulator._2179_/A2 (sky130_fd_sc_hd__o21a_1)
     1    0.00    0.06    0.19    1.82 ^ accumulator._2179_/X (sky130_fd_sc_hd__o21a_1)
                                         accumulator._0011_ (net)
                  0.06    0.00    1.82 ^ accumulator._2366_/D (sky130_fd_sc_hd__dfxtp_1)
                                  1.82   data arrival time

                          0.00    0.00   clock clock (rise edge)
                          0.00    0.00   clock source latency
     1    0.02    0.13    0.09    0.09 ^ clock (in)
                                         clock (net)
                  0.13    0.00    0.09 ^ clkbuf_0_clock/A (sky130_fd_sc_hd__clkbuf_16)
     4    0.04    0.09    0.29    0.38 ^ clkbuf_0_clock/X (sky130_fd_sc_hd__clkbuf_16)
                                         clknet_0_clock (net)
                  0.09    0.00    0.38 ^ clkbuf_2_1__f_clock/A (sky130_fd_sc_hd__clkbuf_16)
     9    0.03    0.08    0.26    0.64 ^ clkbuf_2_1__f_clock/X (sky130_fd_sc_hd__clkbuf_16)
                                         clknet_2_1__leaf_clock (net)
                  0.08    0.00    0.64 ^ accumulator._2366_/CLK (sky130_fd_sc_hd__dfxtp_1)
                          0.25    0.89   clock uncertainty
                         -0.06    0.83   clock reconvergence pessimism
                         -0.07    0.77   library hold time
                                  0.77   data required time
-----------------------------------------------------------------------------
                                  0.77   data required time
                                 -1.82   data arrival time
-----------------------------------------------------------------------------
                                  1.05   slack (MET)


Startpoint: accumulator._2368_
            (rising edge-triggered flip-flop clocked by clock)
Endpoint: accumulator._2368_ (rising edge-triggered flip-flop clocked by clock)
Path Group: clock
Path Type: min
Corner: Slowest

Fanout     Cap    Slew   Delay    Time   Description
-----------------------------------------------------------------------------
                          0.00    0.00   clock clock (rise edge)
                          0.00    0.00   clock source latency
     1    0.02    0.13    0.08    0.08 ^ clock (in)
                                         clock (net)
                  0.13    0.00    0.08 ^ clkbuf_0_clock/A (sky130_fd_sc_hd__clkbuf_16)
     4    0.04    0.09    0.26    0.35 ^ clkbuf_0_clock/X (sky130_fd_sc_hd__clkbuf_16)
                                         clknet_0_clock (net)
                  0.09    0.00    0.35 ^ clkbuf_2_1__f_clock/A (sky130_fd_sc_hd__clkbuf_16)
     9    0.03    0.08    0.24    0.58 ^ clkbuf_2_1__f_clock/X (sky130_fd_sc_hd__clkbuf_16)
                                         clknet_2_1__leaf_clock (net)
                  0.08    0.00    0.58 ^ accumulator._2368_/CLK (sky130_fd_sc_hd__dfxtp_1)
     4    0.01    0.23    0.72    1.30 ^ accumulator._2368_/Q (sky130_fd_sc_hd__dfxtp_1)
                                         accumulator.io_accOut[11] (net)
                  0.23    0.00    1.30 ^ accumulator._2191_/B1 (sky130_fd_sc_hd__a2bb2o_2)
     1    0.00    0.06    0.34    1.64 ^ accumulator._2191_/X (sky130_fd_sc_hd__a2bb2o_2)
                                         accumulator._0146_ (net)
                  0.06    0.00    1.64 ^ accumulator._2192_/A2 (sky130_fd_sc_hd__o21a_1)
     1    0.00    0.06    0.18    1.82 ^ accumulator._2192_/X (sky130_fd_sc_hd__o21a_1)
                                         accumulator._0013_ (net)
                  0.06    0.00    1.82 ^ accumulator._2368_/D (sky130_fd_sc_hd__dfxtp_1)
                                  1.82   data arrival time

                          0.00    0.00   clock clock (rise edge)
                          0.00    0.00   clock source latency
     1    0.02    0.13    0.09    0.09 ^ clock (in)
                                         clock (net)
                  0.13    0.00    0.09 ^ clkbuf_0_clock/A (sky130_fd_sc_hd__clkbuf_16)
     4    0.04    0.09    0.29    0.38 ^ clkbuf_0_clock/X (sky130_fd_sc_hd__clkbuf_16)
                                         clknet_0_clock (net)
                  0.09    0.00    0.38 ^ clkbuf_2_1__f_clock/A (sky130_fd_sc_hd__clkbuf_16)
     9    0.03    0.08    0.26    0.64 ^ clkbuf_2_1__f_clock/X (sky130_fd_sc_hd__clkbuf_16)
                                         clknet_2_1__leaf_clock (net)
                  0.08    0.00    0.64 ^ accumulator._2368_/CLK (sky130_fd_sc_hd__dfxtp_1)
                          0.25    0.89   clock uncertainty
                         -0.06    0.83   clock reconvergence pessimism
                         -0.07    0.77   library hold time
                                  0.77   data required time
-----------------------------------------------------------------------------
                                  0.77   data required time
                                 -1.82   data arrival time
-----------------------------------------------------------------------------
                                  1.05   slack (MET)


Startpoint: accumulator._2361_
            (rising edge-triggered flip-flop clocked by clock)
Endpoint: accumulator._2361_ (rising edge-triggered flip-flop clocked by clock)
Path Group: clock
Path Type: min
Corner: Slowest

Fanout     Cap    Slew   Delay    Time   Description
-----------------------------------------------------------------------------
                          0.00    0.00   clock clock (rise edge)
                          0.00    0.00   clock source latency
     1    0.02    0.13    0.08    0.08 ^ clock (in)
                                         clock (net)
                  0.13    0.00    0.08 ^ clkbuf_0_clock/A (sky130_fd_sc_hd__clkbuf_16)
     4    0.04    0.09    0.26    0.35 ^ clkbuf_0_clock/X (sky130_fd_sc_hd__clkbuf_16)
                                         clknet_0_clock (net)
                  0.09    0.00    0.35 ^ clkbuf_2_0__f_clock/A (sky130_fd_sc_hd__clkbuf_16)
    11    0.03    0.09    0.24    0.59 ^ clkbuf_2_0__f_clock/X (sky130_fd_sc_hd__clkbuf_16)
                                         clknet_2_0__leaf_clock (net)
                  0.09    0.00    0.59 ^ accumulator._2361_/CLK (sky130_fd_sc_hd__dfxtp_1)
     5    0.03    0.27    0.72    1.31 v accumulator._2361_/Q (sky130_fd_sc_hd__dfxtp_1)
                                         accumulator.io_accOut[4] (net)
                  0.27    0.00    1.31 v accumulator._1709_/A (sky130_fd_sc_hd__inv_2)
     2    0.01    0.10    0.17    1.47 ^ accumulator._1709_/Y (sky130_fd_sc_hd__inv_2)
                                         accumulator._0804_ (net)
                  0.10    0.00    1.47 ^ accumulator._2135_/A1 (sky130_fd_sc_hd__o22a_1)
     1    0.00    0.08    0.27    1.75 ^ accumulator._2135_/X (sky130_fd_sc_hd__o22a_1)
                                         accumulator._0091_ (net)
                  0.08    0.00    1.75 ^ accumulator._2136_/B (sky130_fd_sc_hd__nor2_1)
     1    0.00    0.04    0.07    1.82 v accumulator._2136_/Y (sky130_fd_sc_hd__nor2_1)
                                         accumulator._0006_ (net)
                  0.04    0.00    1.82 v accumulator._2361_/D (sky130_fd_sc_hd__dfxtp_1)
                                  1.82   data arrival time

                          0.00    0.00   clock clock (rise edge)
                          0.00    0.00   clock source latency
     1    0.02    0.13    0.09    0.09 ^ clock (in)
                                         clock (net)
                  0.13    0.00    0.09 ^ clkbuf_0_clock/A (sky130_fd_sc_hd__clkbuf_16)
     4    0.04    0.09    0.29    0.38 ^ clkbuf_0_clock/X (sky130_fd_sc_hd__clkbuf_16)
                                         clknet_0_clock (net)
                  0.09    0.00    0.38 ^ clkbuf_2_0__f_clock/A (sky130_fd_sc_hd__clkbuf_16)
    11    0.03    0.09    0.27    0.65 ^ clkbuf_2_0__f_clock/X (sky130_fd_sc_hd__clkbuf_16)
                                         clknet_2_0__leaf_clock (net)
                  0.09    0.00    0.65 ^ accumulator._2361_/CLK (sky130_fd_sc_hd__dfxtp_1)
                          0.25    0.90   clock uncertainty
                         -0.06    0.84   clock reconvergence pessimism
                         -0.09    0.75   library hold time
                                  0.75   data required time
-----------------------------------------------------------------------------
                                  0.75   data required time
                                 -1.82   data arrival time
-----------------------------------------------------------------------------
                                  1.07   slack (MET)


Startpoint: accumulator._2385_
            (rising edge-triggered flip-flop clocked by clock)
Endpoint: accumulator._2385_ (rising edge-triggered flip-flop clocked by clock)
Path Group: clock
Path Type: min
Corner: Slowest

Fanout     Cap    Slew   Delay    Time   Description
-----------------------------------------------------------------------------
                          0.00    0.00   clock clock (rise edge)
                          0.00    0.00   clock source latency
     1    0.02    0.13    0.08    0.08 ^ clock (in)
                                         clock (net)
                  0.13    0.00    0.08 ^ clkbuf_0_clock/A (sky130_fd_sc_hd__clkbuf_16)
     4    0.04    0.09    0.26    0.35 ^ clkbuf_0_clock/X (sky130_fd_sc_hd__clkbuf_16)
                                         clknet_0_clock (net)
                  0.09    0.00    0.35 ^ clkbuf_2_3__f_clock/A (sky130_fd_sc_hd__clkbuf_16)
    10    0.03    0.08    0.24    0.58 ^ clkbuf_2_3__f_clock/X (sky130_fd_sc_hd__clkbuf_16)
                                         clknet_2_3__leaf_clock (net)
                  0.08    0.00    0.58 ^ accumulator._2385_/CLK (sky130_fd_sc_hd__dfxtp_1)
     6    0.02    0.28    0.75    1.34 ^ accumulator._2385_/Q (sky130_fd_sc_hd__dfxtp_1)
                                         accumulator.io_accOut[28] (net)
                  0.28    0.00    1.34 ^ accumulator._2333_/A (sky130_fd_sc_hd__or2_1)
     1    0.00    0.07    0.24    1.58 ^ accumulator._2333_/X (sky130_fd_sc_hd__or2_1)
                                         accumulator._0285_ (net)
                  0.07    0.00    1.58 ^ accumulator._2334_/B1 (sky130_fd_sc_hd__o211a_1)
     1    0.00    0.06    0.27    1.85 ^ accumulator._2334_/X (sky130_fd_sc_hd__o211a_1)
                                         accumulator._0030_ (net)
                  0.06    0.00    1.85 ^ accumulator._2385_/D (sky130_fd_sc_hd__dfxtp_1)
                                  1.85   data arrival time

                          0.00    0.00   clock clock (rise edge)
                          0.00    0.00   clock source latency
     1    0.02    0.13    0.09    0.09 ^ clock (in)
                                         clock (net)
                  0.13    0.00    0.09 ^ clkbuf_0_clock/A (sky130_fd_sc_hd__clkbuf_16)
     4    0.04    0.09    0.29    0.38 ^ clkbuf_0_clock/X (sky130_fd_sc_hd__clkbuf_16)
                                         clknet_0_clock (net)
                  0.09    0.00    0.38 ^ clkbuf_2_3__f_clock/A (sky130_fd_sc_hd__clkbuf_16)
    10    0.03    0.08    0.26    0.64 ^ clkbuf_2_3__f_clock/X (sky130_fd_sc_hd__clkbuf_16)
                                         clknet_2_3__leaf_clock (net)
                  0.08    0.00    0.64 ^ accumulator._2385_/CLK (sky130_fd_sc_hd__dfxtp_1)
                          0.25    0.89   clock uncertainty
                         -0.06    0.83   clock reconvergence pessimism
                         -0.07    0.76   library hold time
                                  0.76   data required time
-----------------------------------------------------------------------------
                                  0.76   data required time
                                 -1.85   data arrival time
-----------------------------------------------------------------------------
                                  1.08   slack (MET)


Startpoint: accumulator._2363_
            (rising edge-triggered flip-flop clocked by clock)
Endpoint: accumulator._2363_ (rising edge-triggered flip-flop clocked by clock)
Path Group: clock
Path Type: min
Corner: Slowest

Fanout     Cap    Slew   Delay    Time   Description
-----------------------------------------------------------------------------
                          0.00    0.00   clock clock (rise edge)
                          0.00    0.00   clock source latency
     1    0.02    0.13    0.08    0.08 ^ clock (in)
                                         clock (net)
                  0.13    0.00    0.08 ^ clkbuf_0_clock/A (sky130_fd_sc_hd__clkbuf_16)
     4    0.04    0.09    0.26    0.35 ^ clkbuf_0_clock/X (sky130_fd_sc_hd__clkbuf_16)
                                         clknet_0_clock (net)
                  0.09    0.00    0.35 ^ clkbuf_2_0__f_clock/A (sky130_fd_sc_hd__clkbuf_16)
    11    0.03    0.09    0.24    0.59 ^ clkbuf_2_0__f_clock/X (sky130_fd_sc_hd__clkbuf_16)
                                         clknet_2_0__leaf_clock (net)
                  0.09    0.00    0.59 ^ accumulator._2363_/CLK (sky130_fd_sc_hd__dfxtp_2)
     6    0.04    0.17    0.69    1.28 v accumulator._2363_/Q (sky130_fd_sc_hd__dfxtp_2)
                                         accumulator.io_accOut[6] (net)
                  0.17    0.00    1.28 v accumulator._2150_/A1_N (sky130_fd_sc_hd__o2bb2a_1)
     1    0.00    0.09    0.50    1.77 ^ accumulator._2150_/X (sky130_fd_sc_hd__o2bb2a_1)
                                         accumulator._0106_ (net)
                  0.09    0.00    1.77 ^ accumulator._2151_/B (sky130_fd_sc_hd__nor2_1)
     1    0.00    0.04    0.07    1.85 v accumulator._2151_/Y (sky130_fd_sc_hd__nor2_1)
                                         accumulator._0008_ (net)
                  0.04    0.00    1.85 v accumulator._2363_/D (sky130_fd_sc_hd__dfxtp_2)
                                  1.85   data arrival time

                          0.00    0.00   clock clock (rise edge)
                          0.00    0.00   clock source latency
     1    0.02    0.13    0.09    0.09 ^ clock (in)
                                         clock (net)
                  0.13    0.00    0.09 ^ clkbuf_0_clock/A (sky130_fd_sc_hd__clkbuf_16)
     4    0.04    0.09    0.29    0.38 ^ clkbuf_0_clock/X (sky130_fd_sc_hd__clkbuf_16)
                                         clknet_0_clock (net)
                  0.09    0.00    0.38 ^ clkbuf_2_0__f_clock/A (sky130_fd_sc_hd__clkbuf_16)
    11    0.03    0.09    0.27    0.65 ^ clkbuf_2_0__f_clock/X (sky130_fd_sc_hd__clkbuf_16)
                                         clknet_2_0__leaf_clock (net)
                  0.09    0.00    0.65 ^ accumulator._2363_/CLK (sky130_fd_sc_hd__dfxtp_2)
                          0.25    0.90   clock uncertainty
                         -0.06    0.84   clock reconvergence pessimism
                         -0.07    0.76   library hold time
                                  0.76   data required time
-----------------------------------------------------------------------------
                                  0.76   data required time
                                 -1.85   data arrival time
-----------------------------------------------------------------------------
                                  1.08   slack (MET)


Startpoint: accumulator._2386_
            (rising edge-triggered flip-flop clocked by clock)
Endpoint: accumulator._2386_ (rising edge-triggered flip-flop clocked by clock)
Path Group: clock
Path Type: min
Corner: Slowest

Fanout     Cap    Slew   Delay    Time   Description
-----------------------------------------------------------------------------
                          0.00    0.00   clock clock (rise edge)
                          0.00    0.00   clock source latency
     1    0.02    0.13    0.08    0.08 ^ clock (in)
                                         clock (net)
                  0.13    0.00    0.08 ^ clkbuf_0_clock/A (sky130_fd_sc_hd__clkbuf_16)
     4    0.04    0.09    0.26    0.35 ^ clkbuf_0_clock/X (sky130_fd_sc_hd__clkbuf_16)
                                         clknet_0_clock (net)
                  0.09    0.00    0.35 ^ clkbuf_2_3__f_clock/A (sky130_fd_sc_hd__clkbuf_16)
    10    0.03    0.08    0.24    0.58 ^ clkbuf_2_3__f_clock/X (sky130_fd_sc_hd__clkbuf_16)
                                         clknet_2_3__leaf_clock (net)
                  0.08    0.00    0.58 ^ accumulator._2386_/CLK (sky130_fd_sc_hd__dfxtp_1)
     6    0.02    0.29    0.76    1.34 ^ accumulator._2386_/Q (sky130_fd_sc_hd__dfxtp_1)
                                         accumulator.io_accOut[29] (net)
                  0.29    0.00    1.34 ^ accumulator._2342_/A (sky130_fd_sc_hd__or2_1)
     1    0.00    0.07    0.24    1.58 ^ accumulator._2342_/X (sky130_fd_sc_hd__or2_1)
                                         accumulator._0294_ (net)
                  0.07    0.00    1.58 ^ accumulator._2343_/B1 (sky130_fd_sc_hd__o211a_1)
     1    0.00    0.06    0.27    1.85 ^ accumulator._2343_/X (sky130_fd_sc_hd__o211a_1)
                                         accumulator._0031_ (net)
                  0.06    0.00    1.85 ^ accumulator._2386_/D (sky130_fd_sc_hd__dfxtp_1)
                                  1.85   data arrival time

                          0.00    0.00   clock clock (rise edge)
                          0.00    0.00   clock source latency
     1    0.02    0.13    0.09    0.09 ^ clock (in)
                                         clock (net)
                  0.13    0.00    0.09 ^ clkbuf_0_clock/A (sky130_fd_sc_hd__clkbuf_16)
     4    0.04    0.09    0.29    0.38 ^ clkbuf_0_clock/X (sky130_fd_sc_hd__clkbuf_16)
                                         clknet_0_clock (net)
                  0.09    0.00    0.38 ^ clkbuf_2_3__f_clock/A (sky130_fd_sc_hd__clkbuf_16)
    10    0.03    0.08    0.26    0.64 ^ clkbuf_2_3__f_clock/X (sky130_fd_sc_hd__clkbuf_16)
                                         clknet_2_3__leaf_clock (net)
                  0.08    0.00    0.64 ^ accumulator._2386_/CLK (sky130_fd_sc_hd__dfxtp_1)
                          0.25    0.89   clock uncertainty
                         -0.06    0.83   clock reconvergence pessimism
                         -0.07    0.77   library hold time
                                  0.77   data required time
-----------------------------------------------------------------------------
                                  0.77   data required time
                                 -1.85   data arrival time
-----------------------------------------------------------------------------
                                  1.09   slack (MET)


Startpoint: accumulator._2364_
            (rising edge-triggered flip-flop clocked by clock)
Endpoint: accumulator._2364_ (rising edge-triggered flip-flop clocked by clock)
Path Group: clock
Path Type: min
Corner: Slowest

Fanout     Cap    Slew   Delay    Time   Description
-----------------------------------------------------------------------------
                          0.00    0.00   clock clock (rise edge)
                          0.00    0.00   clock source latency
     1    0.02    0.13    0.08    0.08 ^ clock (in)
                                         clock (net)
                  0.13    0.00    0.08 ^ clkbuf_0_clock/A (sky130_fd_sc_hd__clkbuf_16)
     4    0.04    0.09    0.26    0.35 ^ clkbuf_0_clock/X (sky130_fd_sc_hd__clkbuf_16)
                                         clknet_0_clock (net)
                  0.09    0.00    0.35 ^ clkbuf_2_1__f_clock/A (sky130_fd_sc_hd__clkbuf_16)
     9    0.03    0.08    0.24    0.58 ^ clkbuf_2_1__f_clock/X (sky130_fd_sc_hd__clkbuf_16)
                                         clknet_2_1__leaf_clock (net)
                  0.08    0.00    0.58 ^ accumulator._2364_/CLK (sky130_fd_sc_hd__dfxtp_2)
     6    0.04    0.31    0.80    1.38 ^ accumulator._2364_/Q (sky130_fd_sc_hd__dfxtp_2)
                                         accumulator.io_accOut[7] (net)
                  0.31    0.00    1.38 ^ accumulator._2161_/B2 (sky130_fd_sc_hd__a32o_1)
     1    0.00    0.10    0.31    1.69 ^ accumulator._2161_/X (sky130_fd_sc_hd__a32o_1)
                                         accumulator._0117_ (net)
                  0.10    0.00    1.69 ^ accumulator._2163_/A2 (sky130_fd_sc_hd__o21a_1)
     1    0.00    0.06    0.20    1.89 ^ accumulator._2163_/X (sky130_fd_sc_hd__o21a_1)
                                         accumulator._0009_ (net)
                  0.06    0.00    1.89 ^ accumulator._2364_/D (sky130_fd_sc_hd__dfxtp_2)
                                  1.89   data arrival time

                          0.00    0.00   clock clock (rise edge)
                          0.00    0.00   clock source latency
     1    0.02    0.13    0.09    0.09 ^ clock (in)
                                         clock (net)
                  0.13    0.00    0.09 ^ clkbuf_0_clock/A (sky130_fd_sc_hd__clkbuf_16)
     4    0.04    0.09    0.29    0.38 ^ clkbuf_0_clock/X (sky130_fd_sc_hd__clkbuf_16)
                                         clknet_0_clock (net)
                  0.09    0.00    0.38 ^ clkbuf_2_1__f_clock/A (sky130_fd_sc_hd__clkbuf_16)
     9    0.03    0.08    0.26    0.64 ^ clkbuf_2_1__f_clock/X (sky130_fd_sc_hd__clkbuf_16)
                                         clknet_2_1__leaf_clock (net)
                  0.08    0.00    0.64 ^ accumulator._2364_/CLK (sky130_fd_sc_hd__dfxtp_2)
                          0.25    0.89   clock uncertainty
                         -0.06    0.83   clock reconvergence pessimism
                         -0.07    0.77   library hold time
                                  0.77   data required time
-----------------------------------------------------------------------------
                                  0.77   data required time
                                 -1.89   data arrival time
-----------------------------------------------------------------------------
                                  1.12   slack (MET)


Startpoint: accumulator._2367_
            (rising edge-triggered flip-flop clocked by clock)
Endpoint: accumulator._2367_ (rising edge-triggered flip-flop clocked by clock)
Path Group: clock
Path Type: min
Corner: Slowest

Fanout     Cap    Slew   Delay    Time   Description
-----------------------------------------------------------------------------
                          0.00    0.00   clock clock (rise edge)
                          0.00    0.00   clock source latency
     1    0.02    0.13    0.08    0.08 ^ clock (in)
                                         clock (net)
                  0.13    0.00    0.08 ^ clkbuf_0_clock/A (sky130_fd_sc_hd__clkbuf_16)
     4    0.04    0.09    0.26    0.35 ^ clkbuf_0_clock/X (sky130_fd_sc_hd__clkbuf_16)
                                         clknet_0_clock (net)
                  0.09    0.00    0.35 ^ clkbuf_2_3__f_clock/A (sky130_fd_sc_hd__clkbuf_16)
    10    0.03    0.08    0.24    0.58 ^ clkbuf_2_3__f_clock/X (sky130_fd_sc_hd__clkbuf_16)
                                         clknet_2_3__leaf_clock (net)
                  0.08    0.00    0.58 ^ accumulator._2367_/CLK (sky130_fd_sc_hd__dfxtp_1)
     4    0.03    0.27    0.72    1.30 v accumulator._2367_/Q (sky130_fd_sc_hd__dfxtp_1)
                                         accumulator.io_accOut[10] (net)
                  0.27    0.00    1.30 v accumulator._2184_/A (sky130_fd_sc_hd__nand2_1)
     1    0.00    0.09    0.17    1.47 ^ accumulator._2184_/Y (sky130_fd_sc_hd__nand2_1)
                                         accumulator._0139_ (net)
                  0.09    0.00    1.47 ^ accumulator._2185_/C1 (sky130_fd_sc_hd__o221a_1)
     1    0.00    0.10    0.34    1.81 ^ accumulator._2185_/X (sky130_fd_sc_hd__o221a_1)
                                         accumulator._0140_ (net)
                  0.10    0.00    1.81 ^ accumulator._2186_/B (sky130_fd_sc_hd__nor2_1)
     1    0.00    0.04    0.07    1.88 v accumulator._2186_/Y (sky130_fd_sc_hd__nor2_1)
                                         accumulator._0012_ (net)
                  0.04    0.00    1.88 v accumulator._2367_/D (sky130_fd_sc_hd__dfxtp_1)
                                  1.88   data arrival time

                          0.00    0.00   clock clock (rise edge)
                          0.00    0.00   clock source latency
     1    0.02    0.13    0.09    0.09 ^ clock (in)
                                         clock (net)
                  0.13    0.00    0.09 ^ clkbuf_0_clock/A (sky130_fd_sc_hd__clkbuf_16)
     4    0.04    0.09    0.29    0.38 ^ clkbuf_0_clock/X (sky130_fd_sc_hd__clkbuf_16)
                                         clknet_0_clock (net)
                  0.09    0.00    0.38 ^ clkbuf_2_3__f_clock/A (sky130_fd_sc_hd__clkbuf_16)
    10    0.03    0.08    0.26    0.64 ^ clkbuf_2_3__f_clock/X (sky130_fd_sc_hd__clkbuf_16)
                                         clknet_2_3__leaf_clock (net)
                  0.08    0.00    0.64 ^ accumulator._2367_/CLK (sky130_fd_sc_hd__dfxtp_1)
                          0.25    0.89   clock uncertainty
                         -0.06    0.83   clock reconvergence pessimism
                         -0.09    0.74   library hold time
                                  0.74   data required time
-----------------------------------------------------------------------------
                                  0.74   data required time
                                 -1.88   data arrival time
-----------------------------------------------------------------------------
                                  1.14   slack (MET)


Startpoint: accumulator._2373_
            (rising edge-triggered flip-flop clocked by clock)
Endpoint: accumulator._2373_ (rising edge-triggered flip-flop clocked by clock)
Path Group: clock
Path Type: min
Corner: Slowest

Fanout     Cap    Slew   Delay    Time   Description
-----------------------------------------------------------------------------
                          0.00    0.00   clock clock (rise edge)
                          0.00    0.00   clock source latency
     1    0.02    0.13    0.08    0.08 ^ clock (in)
                                         clock (net)
                  0.13    0.00    0.08 ^ clkbuf_0_clock/A (sky130_fd_sc_hd__clkbuf_16)
     4    0.04    0.09    0.26    0.35 ^ clkbuf_0_clock/X (sky130_fd_sc_hd__clkbuf_16)
                                         clknet_0_clock (net)
                  0.09    0.00    0.35 ^ clkbuf_2_1__f_clock/A (sky130_fd_sc_hd__clkbuf_16)
     9    0.03    0.08    0.24    0.58 ^ clkbuf_2_1__f_clock/X (sky130_fd_sc_hd__clkbuf_16)
                                         clknet_2_1__leaf_clock (net)
                  0.08    0.00    0.58 ^ accumulator._2373_/CLK (sky130_fd_sc_hd__dfxtp_1)
     3    0.02    0.14    0.63    1.22 v accumulator._2373_/Q (sky130_fd_sc_hd__dfxtp_1)
                                         accumulator.io_accOut[16] (net)
                  0.14    0.00    1.22 v accumulator._1759_/A (sky130_fd_sc_hd__inv_2)
     2    0.01    0.10    0.14    1.36 ^ accumulator._1759_/Y (sky130_fd_sc_hd__inv_2)
                                         accumulator._0854_ (net)
                  0.10    0.00    1.36 ^ accumulator._2235_/A1 (sky130_fd_sc_hd__o221a_1)
     1    0.00    0.09    0.38    1.74 ^ accumulator._2235_/X (sky130_fd_sc_hd__o221a_1)
                                         accumulator._0189_ (net)
                  0.09    0.00    1.74 ^ accumulator._2236_/A2 (sky130_fd_sc_hd__a21oi_1)
     1    0.00    0.08    0.13    1.87 v accumulator._2236_/Y (sky130_fd_sc_hd__a21oi_1)
                                         accumulator._0018_ (net)
                  0.08    0.00    1.87 v accumulator._2373_/D (sky130_fd_sc_hd__dfxtp_1)
                                  1.87   data arrival time

                          0.00    0.00   clock clock (rise edge)
                          0.00    0.00   clock source latency
     1    0.02    0.13    0.09    0.09 ^ clock (in)
                                         clock (net)
                  0.13    0.00    0.09 ^ clkbuf_0_clock/A (sky130_fd_sc_hd__clkbuf_16)
     4    0.04    0.09    0.29    0.38 ^ clkbuf_0_clock/X (sky130_fd_sc_hd__clkbuf_16)
                                         clknet_0_clock (net)
                  0.09    0.00    0.38 ^ clkbuf_2_1__f_clock/A (sky130_fd_sc_hd__clkbuf_16)
     9    0.03    0.08    0.26    0.64 ^ clkbuf_2_1__f_clock/X (sky130_fd_sc_hd__clkbuf_16)
                                         clknet_2_1__leaf_clock (net)
                  0.08    0.00    0.64 ^ accumulator._2373_/CLK (sky130_fd_sc_hd__dfxtp_1)
                          0.25    0.89   clock uncertainty
                         -0.06    0.83   clock reconvergence pessimism
                         -0.11    0.73   library hold time
                                  0.73   data required time
-----------------------------------------------------------------------------
                                  0.73   data required time
                                 -1.87   data arrival time
-----------------------------------------------------------------------------
                                  1.15   slack (MET)


Startpoint: accumulator._2383_
            (rising edge-triggered flip-flop clocked by clock)
Endpoint: accumulator._2383_ (rising edge-triggered flip-flop clocked by clock)
Path Group: clock
Path Type: min
Corner: Slowest

Fanout     Cap    Slew   Delay    Time   Description
-----------------------------------------------------------------------------
                          0.00    0.00   clock clock (rise edge)
                          0.00    0.00   clock source latency
     1    0.02    0.13    0.08    0.08 ^ clock (in)
                                         clock (net)
                  0.13    0.00    0.08 ^ clkbuf_0_clock/A (sky130_fd_sc_hd__clkbuf_16)
     4    0.04    0.09    0.26    0.35 ^ clkbuf_0_clock/X (sky130_fd_sc_hd__clkbuf_16)
                                         clknet_0_clock (net)
                  0.09    0.00    0.35 ^ clkbuf_2_3__f_clock/A (sky130_fd_sc_hd__clkbuf_16)
    10    0.03    0.08    0.24    0.58 ^ clkbuf_2_3__f_clock/X (sky130_fd_sc_hd__clkbuf_16)
                                         clknet_2_3__leaf_clock (net)
                  0.08    0.00    0.58 ^ accumulator._2383_/CLK (sky130_fd_sc_hd__dfxtp_1)
     6    0.02    0.37    0.81    1.40 ^ accumulator._2383_/Q (sky130_fd_sc_hd__dfxtp_1)
                                         accumulator.io_accOut[26] (net)
                  0.37    0.00    1.40 ^ accumulator._2312_/A (sky130_fd_sc_hd__or2_1)
     1    0.00    0.07    0.27    1.66 ^ accumulator._2312_/X (sky130_fd_sc_hd__or2_1)
                                         accumulator._0264_ (net)
                  0.07    0.00    1.66 ^ accumulator._2313_/B1 (sky130_fd_sc_hd__o211a_1)
     1    0.00    0.07    0.27    1.94 ^ accumulator._2313_/X (sky130_fd_sc_hd__o211a_1)
                                         accumulator._0028_ (net)
                  0.07    0.00    1.94 ^ accumulator._2383_/D (sky130_fd_sc_hd__dfxtp_1)
                                  1.94   data arrival time

                          0.00    0.00   clock clock (rise edge)
                          0.00    0.00   clock source latency
     1    0.02    0.13    0.09    0.09 ^ clock (in)
                                         clock (net)
                  0.13    0.00    0.09 ^ clkbuf_0_clock/A (sky130_fd_sc_hd__clkbuf_16)
     4    0.04    0.09    0.29    0.38 ^ clkbuf_0_clock/X (sky130_fd_sc_hd__clkbuf_16)
                                         clknet_0_clock (net)
                  0.09    0.00    0.38 ^ clkbuf_2_3__f_clock/A (sky130_fd_sc_hd__clkbuf_16)
    10    0.03    0.08    0.26    0.64 ^ clkbuf_2_3__f_clock/X (sky130_fd_sc_hd__clkbuf_16)
                                         clknet_2_3__leaf_clock (net)
                  0.08    0.00    0.64 ^ accumulator._2383_/CLK (sky130_fd_sc_hd__dfxtp_1)
                          0.25    0.89   clock uncertainty
                         -0.06    0.83   clock reconvergence pessimism
                         -0.07    0.76   library hold time
                                  0.76   data required time
-----------------------------------------------------------------------------
                                  0.76   data required time
                                 -1.94   data arrival time
-----------------------------------------------------------------------------
                                  1.17   slack (MET)


Startpoint: accumulator._2387_
            (rising edge-triggered flip-flop clocked by clock)
Endpoint: accumulator._2387_ (rising edge-triggered flip-flop clocked by clock)
Path Group: clock
Path Type: min
Corner: Slowest

Fanout     Cap    Slew   Delay    Time   Description
-----------------------------------------------------------------------------
                          0.00    0.00   clock clock (rise edge)
                          0.00    0.00   clock source latency
     1    0.02    0.13    0.08    0.08 ^ clock (in)
                                         clock (net)
                  0.13    0.00    0.08 ^ clkbuf_0_clock/A (sky130_fd_sc_hd__clkbuf_16)
     4    0.04    0.09    0.26    0.35 ^ clkbuf_0_clock/X (sky130_fd_sc_hd__clkbuf_16)
                                         clknet_0_clock (net)
                  0.09    0.00    0.35 ^ clkbuf_2_2__f_clock/A (sky130_fd_sc_hd__clkbuf_16)
     7    0.03    0.08    0.23    0.58 ^ clkbuf_2_2__f_clock/X (sky130_fd_sc_hd__clkbuf_16)
                                         clknet_2_2__leaf_clock (net)
                  0.08    0.00    0.58 ^ accumulator._2387_/CLK (sky130_fd_sc_hd__dfxtp_2)
     7    0.06    0.28    0.77    1.35 v accumulator._2387_/Q (sky130_fd_sc_hd__dfxtp_2)
                                         accumulator.io_accOut[30] (net)
                  0.28    0.00    1.35 v accumulator._1288_/A (sky130_fd_sc_hd__inv_2)
     2    0.02    0.17    0.24    1.59 ^ accumulator._1288_/Y (sky130_fd_sc_hd__inv_2)
                                         accumulator._0385_ (net)
                  0.17    0.00    1.59 ^ accumulator._2351_/A1 (sky130_fd_sc_hd__a21oi_1)
     1    0.00    0.08    0.16    1.75 v accumulator._2351_/Y (sky130_fd_sc_hd__a21oi_1)
                                         accumulator._0303_ (net)
                  0.08    0.00    1.75 v accumulator._2352_/B1 (sky130_fd_sc_hd__o31a_1)
     1    0.00    0.05    0.17    1.92 v accumulator._2352_/X (sky130_fd_sc_hd__o31a_1)
                                         accumulator._0032_ (net)
                  0.05    0.00    1.92 v accumulator._2387_/D (sky130_fd_sc_hd__dfxtp_2)
                                  1.92   data arrival time

                          0.00    0.00   clock clock (rise edge)
                          0.00    0.00   clock source latency
     1    0.02    0.13    0.09    0.09 ^ clock (in)
                                         clock (net)
                  0.13    0.00    0.09 ^ clkbuf_0_clock/A (sky130_fd_sc_hd__clkbuf_16)
     4    0.04    0.09    0.29    0.38 ^ clkbuf_0_clock/X (sky130_fd_sc_hd__clkbuf_16)
                                         clknet_0_clock (net)
                  0.09    0.00    0.38 ^ clkbuf_2_2__f_clock/A (sky130_fd_sc_hd__clkbuf_16)
     7    0.03    0.08    0.26    0.64 ^ clkbuf_2_2__f_clock/X (sky130_fd_sc_hd__clkbuf_16)
                                         clknet_2_2__leaf_clock (net)
                  0.08    0.00    0.64 ^ accumulator._2387_/CLK (sky130_fd_sc_hd__dfxtp_2)
                          0.25    0.89   clock uncertainty
                         -0.06    0.83   clock reconvergence pessimism
                         -0.08    0.75   library hold time
                                  0.75   data required time
-----------------------------------------------------------------------------
                                  0.75   data required time
                                 -1.92   data arrival time
-----------------------------------------------------------------------------
                                  1.17   slack (MET)


Startpoint: accumulator._2362_
            (rising edge-triggered flip-flop clocked by clock)
Endpoint: accumulator._2362_ (rising edge-triggered flip-flop clocked by clock)
Path Group: clock
Path Type: min
Corner: Slowest

Fanout     Cap    Slew   Delay    Time   Description
-----------------------------------------------------------------------------
                          0.00    0.00   clock clock (rise edge)
                          0.00    0.00   clock source latency
     1    0.02    0.13    0.08    0.08 ^ clock (in)
                                         clock (net)
                  0.13    0.00    0.08 ^ clkbuf_0_clock/A (sky130_fd_sc_hd__clkbuf_16)
     4    0.04    0.09    0.26    0.35 ^ clkbuf_0_clock/X (sky130_fd_sc_hd__clkbuf_16)
                                         clknet_0_clock (net)
                  0.09    0.00    0.35 ^ clkbuf_2_0__f_clock/A (sky130_fd_sc_hd__clkbuf_16)
    11    0.03    0.09    0.24    0.59 ^ clkbuf_2_0__f_clock/X (sky130_fd_sc_hd__clkbuf_16)
                                         clknet_2_0__leaf_clock (net)
                  0.09    0.00    0.59 ^ accumulator._2362_/CLK (sky130_fd_sc_hd__dfxtp_1)
     6    0.03    0.29    0.74    1.33 v accumulator._2362_/Q (sky130_fd_sc_hd__dfxtp_1)
                                         accumulator.io_accOut[5] (net)
                  0.29    0.00    1.33 v accumulator._2143_/A1_N (sky130_fd_sc_hd__o2bb2a_1)
     1    0.00    0.08    0.54    1.87 ^ accumulator._2143_/X (sky130_fd_sc_hd__o2bb2a_1)
                                         accumulator._0099_ (net)
                  0.08    0.00    1.87 ^ accumulator._2144_/B (sky130_fd_sc_hd__nor2_1)
     1    0.00    0.03    0.07    1.94 v accumulator._2144_/Y (sky130_fd_sc_hd__nor2_1)
                                         accumulator._0007_ (net)
                  0.03    0.00    1.94 v accumulator._2362_/D (sky130_fd_sc_hd__dfxtp_1)
                                  1.94   data arrival time

                          0.00    0.00   clock clock (rise edge)
                          0.00    0.00   clock source latency
     1    0.02    0.13    0.09    0.09 ^ clock (in)
                                         clock (net)
                  0.13    0.00    0.09 ^ clkbuf_0_clock/A (sky130_fd_sc_hd__clkbuf_16)
     4    0.04    0.09    0.29    0.38 ^ clkbuf_0_clock/X (sky130_fd_sc_hd__clkbuf_16)
                                         clknet_0_clock (net)
                  0.09    0.00    0.38 ^ clkbuf_2_0__f_clock/A (sky130_fd_sc_hd__clkbuf_16)
    11    0.03    0.09    0.27    0.65 ^ clkbuf_2_0__f_clock/X (sky130_fd_sc_hd__clkbuf_16)
                                         clknet_2_0__leaf_clock (net)
                  0.09    0.00    0.65 ^ accumulator._2362_/CLK (sky130_fd_sc_hd__dfxtp_1)
                          0.25    0.90   clock uncertainty
                         -0.06    0.84   clock reconvergence pessimism
                         -0.09    0.75   library hold time
                                  0.75   data required time
-----------------------------------------------------------------------------
                                  0.75   data required time
                                 -1.94   data arrival time
-----------------------------------------------------------------------------
                                  1.19   slack (MET)


Startpoint: accumulator._2379_
            (rising edge-triggered flip-flop clocked by clock)
Endpoint: accumulator._2379_ (rising edge-triggered flip-flop clocked by clock)
Path Group: clock
Path Type: min
Corner: Slowest

Fanout     Cap    Slew   Delay    Time   Description
-----------------------------------------------------------------------------
                          0.00    0.00   clock clock (rise edge)
                          0.00    0.00   clock source latency
     1    0.02    0.13    0.08    0.08 ^ clock (in)
                                         clock (net)
                  0.13    0.00    0.08 ^ clkbuf_0_clock/A (sky130_fd_sc_hd__clkbuf_16)
     4    0.04    0.09    0.26    0.35 ^ clkbuf_0_clock/X (sky130_fd_sc_hd__clkbuf_16)
                                         clknet_0_clock (net)
                  0.09    0.00    0.35 ^ clkbuf_2_3__f_clock/A (sky130_fd_sc_hd__clkbuf_16)
    10    0.03    0.08    0.24    0.58 ^ clkbuf_2_3__f_clock/X (sky130_fd_sc_hd__clkbuf_16)
                                         clknet_2_3__leaf_clock (net)
                  0.08    0.00    0.58 ^ accumulator._2379_/CLK (sky130_fd_sc_hd__dfxtp_1)
     4    0.03    0.25    0.71    1.29 v accumulator._2379_/Q (sky130_fd_sc_hd__dfxtp_1)
                                         accumulator.io_accOut[22] (net)
                  0.25    0.00    1.29 v accumulator._2275_/A (sky130_fd_sc_hd__inv_2)
     1    0.00    0.07    0.13    1.42 ^ accumulator._2275_/Y (sky130_fd_sc_hd__inv_2)
                                         accumulator._0227_ (net)
                  0.07    0.00    1.42 ^ accumulator._2279_/A1 (sky130_fd_sc_hd__o221a_1)
     1    0.00    0.10    0.38    1.80 ^ accumulator._2279_/X (sky130_fd_sc_hd__o221a_1)
                                         accumulator._0231_ (net)
                  0.10    0.00    1.80 ^ accumulator._2280_/A2 (sky130_fd_sc_hd__a21oi_1)
     1    0.00    0.08    0.13    1.92 v accumulator._2280_/Y (sky130_fd_sc_hd__a21oi_1)
                                         accumulator._0024_ (net)
                  0.08    0.00    1.92 v accumulator._2379_/D (sky130_fd_sc_hd__dfxtp_1)
                                  1.92   data arrival time

                          0.00    0.00   clock clock (rise edge)
                          0.00    0.00   clock source latency
     1    0.02    0.13    0.09    0.09 ^ clock (in)
                                         clock (net)
                  0.13    0.00    0.09 ^ clkbuf_0_clock/A (sky130_fd_sc_hd__clkbuf_16)
     4    0.04    0.09    0.29    0.38 ^ clkbuf_0_clock/X (sky130_fd_sc_hd__clkbuf_16)
                                         clknet_0_clock (net)
                  0.09    0.00    0.38 ^ clkbuf_2_3__f_clock/A (sky130_fd_sc_hd__clkbuf_16)
    10    0.03    0.08    0.26    0.64 ^ clkbuf_2_3__f_clock/X (sky130_fd_sc_hd__clkbuf_16)
                                         clknet_2_3__leaf_clock (net)
                  0.08    0.00    0.64 ^ accumulator._2379_/CLK (sky130_fd_sc_hd__dfxtp_1)
                          0.25    0.89   clock uncertainty
                         -0.06    0.83   clock reconvergence pessimism
                         -0.10    0.73   library hold time
                                  0.73   data required time
-----------------------------------------------------------------------------
                                  0.73   data required time
                                 -1.92   data arrival time
-----------------------------------------------------------------------------
                                  1.20   slack (MET)


Startpoint: accumulator._2380_
            (rising edge-triggered flip-flop clocked by clock)
Endpoint: accumulator._2380_ (rising edge-triggered flip-flop clocked by clock)
Path Group: clock
Path Type: min
Corner: Slowest

Fanout     Cap    Slew   Delay    Time   Description
-----------------------------------------------------------------------------
                          0.00    0.00   clock clock (rise edge)
                          0.00    0.00   clock source latency
     1    0.02    0.13    0.08    0.08 ^ clock (in)
                                         clock (net)
                  0.13    0.00    0.08 ^ clkbuf_0_clock/A (sky130_fd_sc_hd__clkbuf_16)
     4    0.04    0.09    0.26    0.35 ^ clkbuf_0_clock/X (sky130_fd_sc_hd__clkbuf_16)
                                         clknet_0_clock (net)
                  0.09    0.00    0.35 ^ clkbuf_2_2__f_clock/A (sky130_fd_sc_hd__clkbuf_16)
     7    0.03    0.08    0.23    0.58 ^ clkbuf_2_2__f_clock/X (sky130_fd_sc_hd__clkbuf_16)
                                         clknet_2_2__leaf_clock (net)
                  0.08    0.00    0.58 ^ accumulator._2380_/CLK (sky130_fd_sc_hd__dfxtp_1)
     6    0.03    0.44    0.86    1.44 ^ accumulator._2380_/Q (sky130_fd_sc_hd__dfxtp_1)
                                         accumulator.io_accOut[23] (net)
                  0.44    0.00    1.44 ^ accumulator._2284_/A (sky130_fd_sc_hd__or2_1)
     1    0.00    0.07    0.29    1.73 ^ accumulator._2284_/X (sky130_fd_sc_hd__or2_1)
                                         accumulator._0236_ (net)
                  0.07    0.00    1.73 ^ accumulator._2285_/B1 (sky130_fd_sc_hd__o211a_1)
     1    0.00    0.06    0.27    2.00 ^ accumulator._2285_/X (sky130_fd_sc_hd__o211a_1)
                                         accumulator._0025_ (net)
                  0.06    0.00    2.00 ^ accumulator._2380_/D (sky130_fd_sc_hd__dfxtp_1)
                                  2.00   data arrival time

                          0.00    0.00   clock clock (rise edge)
                          0.00    0.00   clock source latency
     1    0.02    0.13    0.09    0.09 ^ clock (in)
                                         clock (net)
                  0.13    0.00    0.09 ^ clkbuf_0_clock/A (sky130_fd_sc_hd__clkbuf_16)
     4    0.04    0.09    0.29    0.38 ^ clkbuf_0_clock/X (sky130_fd_sc_hd__clkbuf_16)
                                         clknet_0_clock (net)
                  0.09    0.00    0.38 ^ clkbuf_2_2__f_clock/A (sky130_fd_sc_hd__clkbuf_16)
     7    0.03    0.08    0.26    0.64 ^ clkbuf_2_2__f_clock/X (sky130_fd_sc_hd__clkbuf_16)
                                         clknet_2_2__leaf_clock (net)
                  0.08    0.00    0.64 ^ accumulator._2380_/CLK (sky130_fd_sc_hd__dfxtp_1)
                          0.25    0.89   clock uncertainty
                         -0.06    0.83   clock reconvergence pessimism
                         -0.07    0.76   library hold time
                                  0.76   data required time
-----------------------------------------------------------------------------
                                  0.76   data required time
                                 -2.00   data arrival time
-----------------------------------------------------------------------------
                                  1.24   slack (MET)


Startpoint: accumulator._2372_
            (rising edge-triggered flip-flop clocked by clock)
Endpoint: accumulator._2372_ (rising edge-triggered flip-flop clocked by clock)
Path Group: clock
Path Type: min
Corner: Slowest

Fanout     Cap    Slew   Delay    Time   Description
-----------------------------------------------------------------------------
                          0.00    0.00   clock clock (rise edge)
                          0.00    0.00   clock source latency
     1    0.02    0.13    0.08    0.08 ^ clock (in)
                                         clock (net)
                  0.13    0.00    0.08 ^ clkbuf_0_clock/A (sky130_fd_sc_hd__clkbuf_16)
     4    0.04    0.09    0.26    0.35 ^ clkbuf_0_clock/X (sky130_fd_sc_hd__clkbuf_16)
                                         clknet_0_clock (net)
                  0.09    0.00    0.35 ^ clkbuf_2_0__f_clock/A (sky130_fd_sc_hd__clkbuf_16)
    11    0.03    0.09    0.24    0.59 ^ clkbuf_2_0__f_clock/X (sky130_fd_sc_hd__clkbuf_16)
                                         clknet_2_0__leaf_clock (net)
                  0.09    0.00    0.59 ^ accumulator._2372_/CLK (sky130_fd_sc_hd__dfxtp_1)
     3    0.01    0.12    0.61    1.20 v accumulator._2372_/Q (sky130_fd_sc_hd__dfxtp_1)
                                         accumulator.io_accOut[15] (net)
                  0.12    0.00    1.20 v accumulator._1764_/A (sky130_fd_sc_hd__inv_2)
     2    0.02    0.14    0.16    1.36 ^ accumulator._1764_/Y (sky130_fd_sc_hd__inv_2)
                                         accumulator._0859_ (net)
                  0.14    0.00    1.36 ^ accumulator._2227_/A1 (sky130_fd_sc_hd__o221a_1)
     1    0.00    0.11    0.41    1.77 ^ accumulator._2227_/X (sky130_fd_sc_hd__o221a_1)
                                         accumulator._0181_ (net)
                  0.11    0.00    1.77 ^ accumulator._2228_/A2 (sky130_fd_sc_hd__a21oi_1)
     1    0.01    0.11    0.20    1.97 v accumulator._2228_/Y (sky130_fd_sc_hd__a21oi_1)
                                         accumulator._0017_ (net)
                  0.11    0.00    1.97 v accumulator._2372_/D (sky130_fd_sc_hd__dfxtp_1)
                                  1.97   data arrival time

                          0.00    0.00   clock clock (rise edge)
                          0.00    0.00   clock source latency
     1    0.02    0.13    0.09    0.09 ^ clock (in)
                                         clock (net)
                  0.13    0.00    0.09 ^ clkbuf_0_clock/A (sky130_fd_sc_hd__clkbuf_16)
     4    0.04    0.09    0.29    0.38 ^ clkbuf_0_clock/X (sky130_fd_sc_hd__clkbuf_16)
                                         clknet_0_clock (net)
                  0.09    0.00    0.38 ^ clkbuf_2_0__f_clock/A (sky130_fd_sc_hd__clkbuf_16)
    11    0.03    0.09    0.27    0.65 ^ clkbuf_2_0__f_clock/X (sky130_fd_sc_hd__clkbuf_16)
                                         clknet_2_0__leaf_clock (net)
                  0.09    0.00    0.65 ^ accumulator._2372_/CLK (sky130_fd_sc_hd__dfxtp_1)
                          0.25    0.90   clock uncertainty
                         -0.06    0.84   clock reconvergence pessimism
                         -0.12    0.72   library hold time
                                  0.72   data required time
-----------------------------------------------------------------------------
                                  0.72   data required time
                                 -1.97   data arrival time
-----------------------------------------------------------------------------
                                  1.25   slack (MET)


Startpoint: accumulator._2378_
            (rising edge-triggered flip-flop clocked by clock)
Endpoint: accumulator._2378_ (rising edge-triggered flip-flop clocked by clock)
Path Group: clock
Path Type: min
Corner: Slowest

Fanout     Cap    Slew   Delay    Time   Description
-----------------------------------------------------------------------------
                          0.00    0.00   clock clock (rise edge)
                          0.00    0.00   clock source latency
     1    0.02    0.13    0.08    0.08 ^ clock (in)
                                         clock (net)
                  0.13    0.00    0.08 ^ clkbuf_0_clock/A (sky130_fd_sc_hd__clkbuf_16)
     4    0.04    0.09    0.26    0.35 ^ clkbuf_0_clock/X (sky130_fd_sc_hd__clkbuf_16)
                                         clknet_0_clock (net)
                  0.09    0.00    0.35 ^ clkbuf_2_1__f_clock/A (sky130_fd_sc_hd__clkbuf_16)
     9    0.03    0.08    0.24    0.58 ^ clkbuf_2_1__f_clock/X (sky130_fd_sc_hd__clkbuf_16)
                                         clknet_2_1__leaf_clock (net)
                  0.08    0.00    0.58 ^ accumulator._2378_/CLK (sky130_fd_sc_hd__dfxtp_1)
     4    0.03    0.42    0.85    1.43 ^ accumulator._2378_/Q (sky130_fd_sc_hd__dfxtp_1)
                                         accumulator.io_accOut[21] (net)
                  0.42    0.00    1.43 ^ accumulator._2272_/A1 (sky130_fd_sc_hd__a221o_1)
     1    0.00    0.07    0.40    1.83 ^ accumulator._2272_/X (sky130_fd_sc_hd__a221o_1)
                                         accumulator._0225_ (net)
                  0.07    0.00    1.83 ^ accumulator._2273_/A2 (sky130_fd_sc_hd__o21a_1)
     1    0.00    0.06    0.18    2.01 ^ accumulator._2273_/X (sky130_fd_sc_hd__o21a_1)
                                         accumulator._0023_ (net)
                  0.06    0.00    2.01 ^ accumulator._2378_/D (sky130_fd_sc_hd__dfxtp_1)
                                  2.01   data arrival time

                          0.00    0.00   clock clock (rise edge)
                          0.00    0.00   clock source latency
     1    0.02    0.13    0.09    0.09 ^ clock (in)
                                         clock (net)
                  0.13    0.00    0.09 ^ clkbuf_0_clock/A (sky130_fd_sc_hd__clkbuf_16)
     4    0.04    0.09    0.29    0.38 ^ clkbuf_0_clock/X (sky130_fd_sc_hd__clkbuf_16)
                                         clknet_0_clock (net)
                  0.09    0.00    0.38 ^ clkbuf_2_1__f_clock/A (sky130_fd_sc_hd__clkbuf_16)
     9    0.03    0.08    0.26    0.64 ^ clkbuf_2_1__f_clock/X (sky130_fd_sc_hd__clkbuf_16)
                                         clknet_2_1__leaf_clock (net)
                  0.08    0.00    0.64 ^ accumulator._2378_/CLK (sky130_fd_sc_hd__dfxtp_1)
                          0.25    0.89   clock uncertainty
                         -0.06    0.83   clock reconvergence pessimism
                         -0.07    0.77   library hold time
                                  0.77   data required time
-----------------------------------------------------------------------------
                                  0.77   data required time
                                 -2.01   data arrival time
-----------------------------------------------------------------------------
                                  1.25   slack (MET)


Startpoint: accumulator._2356_
            (rising edge-triggered flip-flop clocked by clock)
Endpoint: accumulator._2388_ (rising edge-triggered flip-flop clocked by clock)
Path Group: clock
Path Type: min
Corner: Slowest

Fanout     Cap    Slew   Delay    Time   Description
-----------------------------------------------------------------------------
                          0.00    0.00   clock clock (rise edge)
                          0.00    0.00   clock source latency
     1    0.02    0.13    0.08    0.08 ^ clock (in)
                                         clock (net)
                  0.13    0.00    0.08 ^ clkbuf_0_clock/A (sky130_fd_sc_hd__clkbuf_16)
     4    0.04    0.09    0.26    0.35 ^ clkbuf_0_clock/X (sky130_fd_sc_hd__clkbuf_16)
                                         clknet_0_clock (net)
                  0.09    0.00    0.35 ^ clkbuf_2_3__f_clock/A (sky130_fd_sc_hd__clkbuf_16)
    10    0.03    0.08    0.24    0.58 ^ clkbuf_2_3__f_clock/X (sky130_fd_sc_hd__clkbuf_16)
                                         clknet_2_3__leaf_clock (net)
                  0.08    0.00    0.58 ^ accumulator._2356_/CLK (sky130_fd_sc_hd__dfxtp_1)
     3    0.01    0.14    0.65    1.24 ^ accumulator._2356_/Q (sky130_fd_sc_hd__dfxtp_1)
                                         accumulator.state[1] (net)
                  0.14    0.00    1.24 ^ accumulator._1177_/B (sky130_fd_sc_hd__and2b_1)
     1    0.00    0.07    0.24    1.47 ^ accumulator._1177_/X (sky130_fd_sc_hd__and2b_1)
                                         accumulator._1145_ (net)
                  0.07    0.00    1.47 ^ accumulator._1178_/A (sky130_fd_sc_hd__buf_1)
     2    0.01    0.20    0.23    1.70 ^ accumulator._1178_/X (sky130_fd_sc_hd__buf_1)
                                         net55 (net)
                  0.20    0.00    1.70 ^ accumulator._2353_/B (sky130_fd_sc_hd__nor2_1)
     1    0.00    0.06    0.11    1.81 v accumulator._2353_/Y (sky130_fd_sc_hd__nor2_1)
                                         accumulator._0304_ (net)
                  0.06    0.00    1.81 v accumulator._2354_/C1 (sky130_fd_sc_hd__o211a_1)
     1    0.00    0.05    0.18    1.99 v accumulator._2354_/X (sky130_fd_sc_hd__o211a_1)
                                         accumulator._0033_ (net)
                  0.05    0.00    1.99 v accumulator._2388_/D (sky130_fd_sc_hd__dfxtp_1)
                                  1.99   data arrival time

                          0.00    0.00   clock clock (rise edge)
                          0.00    0.00   clock source latency
     1    0.02    0.13    0.09    0.09 ^ clock (in)
                                         clock (net)
                  0.13    0.00    0.09 ^ clkbuf_0_clock/A (sky130_fd_sc_hd__clkbuf_16)
     4    0.04    0.09    0.29    0.38 ^ clkbuf_0_clock/X (sky130_fd_sc_hd__clkbuf_16)
                                         clknet_0_clock (net)
                  0.09    0.00    0.38 ^ clkbuf_2_3__f_clock/A (sky130_fd_sc_hd__clkbuf_16)
    10    0.03    0.08    0.26    0.64 ^ clkbuf_2_3__f_clock/X (sky130_fd_sc_hd__clkbuf_16)
                                         clknet_2_3__leaf_clock (net)
                  0.08    0.00    0.64 ^ accumulator._2388_/CLK (sky130_fd_sc_hd__dfxtp_1)
                          0.25    0.89   clock uncertainty
                         -0.06    0.83   clock reconvergence pessimism
                         -0.10    0.74   library hold time
                                  0.74   data required time
-----------------------------------------------------------------------------
                                  0.74   data required time
                                 -1.99   data arrival time
-----------------------------------------------------------------------------
                                  1.25   slack (MET)


Startpoint: accumulator._2357_
            (rising edge-triggered flip-flop clocked by clock)
Endpoint: accumulator._2357_ (rising edge-triggered flip-flop clocked by clock)
Path Group: clock
Path Type: min
Corner: Slowest

Fanout     Cap    Slew   Delay    Time   Description
-----------------------------------------------------------------------------
                          0.00    0.00   clock clock (rise edge)
                          0.00    0.00   clock source latency
     1    0.02    0.13    0.08    0.08 ^ clock (in)
                                         clock (net)
                  0.13    0.00    0.08 ^ clkbuf_0_clock/A (sky130_fd_sc_hd__clkbuf_16)
     4    0.04    0.09    0.26    0.35 ^ clkbuf_0_clock/X (sky130_fd_sc_hd__clkbuf_16)
                                         clknet_0_clock (net)
                  0.09    0.00    0.35 ^ clkbuf_2_0__f_clock/A (sky130_fd_sc_hd__clkbuf_16)
    11    0.03    0.09    0.24    0.59 ^ clkbuf_2_0__f_clock/X (sky130_fd_sc_hd__clkbuf_16)
                                         clknet_2_0__leaf_clock (net)
                  0.09    0.00    0.59 ^ accumulator._2357_/CLK (sky130_fd_sc_hd__dfxtp_2)
     5    0.04    0.29    0.79    1.38 ^ accumulator._2357_/Q (sky130_fd_sc_hd__dfxtp_2)
                                         accumulator.io_accOut[0] (net)
                  0.29    0.00    1.38 ^ accumulator._2095_/A1 (sky130_fd_sc_hd__a22o_1)
     1    0.00    0.07    0.33    1.70 ^ accumulator._2095_/X (sky130_fd_sc_hd__a22o_1)
                                         accumulator._0051_ (net)
                  0.07    0.00    1.70 ^ accumulator._2096_/B (sky130_fd_sc_hd__and2_1)
     1    0.00    0.08    0.22    1.92 ^ accumulator._2096_/X (sky130_fd_sc_hd__and2_1)
                                         accumulator._0052_ (net)
                  0.08    0.00    1.92 ^ accumulator._2097_/A (sky130_fd_sc_hd__clkbuf_1)
     1    0.00    0.05    0.13    2.05 ^ accumulator._2097_/X (sky130_fd_sc_hd__clkbuf_1)
                                         accumulator._0002_ (net)
                  0.05    0.00    2.05 ^ accumulator._2357_/D (sky130_fd_sc_hd__dfxtp_2)
                                  2.05   data arrival time

                          0.00    0.00   clock clock (rise edge)
                          0.00    0.00   clock source latency
     1    0.02    0.13    0.09    0.09 ^ clock (in)
                                         clock (net)
                  0.13    0.00    0.09 ^ clkbuf_0_clock/A (sky130_fd_sc_hd__clkbuf_16)
     4    0.04    0.09    0.29    0.38 ^ clkbuf_0_clock/X (sky130_fd_sc_hd__clkbuf_16)
                                         clknet_0_clock (net)
                  0.09    0.00    0.38 ^ clkbuf_2_0__f_clock/A (sky130_fd_sc_hd__clkbuf_16)
    11    0.03    0.09    0.27    0.65 ^ clkbuf_2_0__f_clock/X (sky130_fd_sc_hd__clkbuf_16)
                                         clknet_2_0__leaf_clock (net)
                  0.09    0.00    0.65 ^ accumulator._2357_/CLK (sky130_fd_sc_hd__dfxtp_2)
                          0.25    0.90   clock uncertainty
                         -0.06    0.84   clock reconvergence pessimism
                         -0.07    0.77   library hold time
                                  0.77   data required time
-----------------------------------------------------------------------------
                                  0.77   data required time
                                 -2.05   data arrival time
-----------------------------------------------------------------------------
                                  1.28   slack (MET)


Startpoint: accumulator._2359_
            (rising edge-triggered flip-flop clocked by clock)
Endpoint: accumulator._2359_ (rising edge-triggered flip-flop clocked by clock)
Path Group: clock
Path Type: min
Corner: Slowest

Fanout     Cap    Slew   Delay    Time   Description
-----------------------------------------------------------------------------
                          0.00    0.00   clock clock (rise edge)
                          0.00    0.00   clock source latency
     1    0.02    0.13    0.08    0.08 ^ clock (in)
                                         clock (net)
                  0.13    0.00    0.08 ^ clkbuf_0_clock/A (sky130_fd_sc_hd__clkbuf_16)
     4    0.04    0.09    0.26    0.35 ^ clkbuf_0_clock/X (sky130_fd_sc_hd__clkbuf_16)
                                         clknet_0_clock (net)
                  0.09    0.00    0.35 ^ clkbuf_2_3__f_clock/A (sky130_fd_sc_hd__clkbuf_16)
    10    0.03    0.08    0.24    0.58 ^ clkbuf_2_3__f_clock/X (sky130_fd_sc_hd__clkbuf_16)
                                         clknet_2_3__leaf_clock (net)
                  0.08    0.00    0.58 ^ accumulator._2359_/CLK (sky130_fd_sc_hd__dfxtp_2)
     6    0.04    0.35    0.83    1.41 ^ accumulator._2359_/Q (sky130_fd_sc_hd__dfxtp_2)
                                         accumulator.io_accOut[2] (net)
                  0.35    0.00    1.41 ^ accumulator._2115_/B2 (sky130_fd_sc_hd__a2bb2o_1)
     1    0.00    0.06    0.31    1.72 ^ accumulator._2115_/X (sky130_fd_sc_hd__a2bb2o_1)
                                         accumulator._0071_ (net)
                  0.06    0.00    1.72 ^ accumulator._2116_/B (sky130_fd_sc_hd__and2_1)
     1    0.00    0.08    0.21    1.93 ^ accumulator._2116_/X (sky130_fd_sc_hd__and2_1)
                                         accumulator._0072_ (net)
                  0.08    0.00    1.93 ^ accumulator._2117_/A (sky130_fd_sc_hd__clkbuf_1)
     1    0.00    0.07    0.15    2.08 ^ accumulator._2117_/X (sky130_fd_sc_hd__clkbuf_1)
                                         accumulator._0004_ (net)
                  0.07    0.00    2.08 ^ accumulator._2359_/D (sky130_fd_sc_hd__dfxtp_2)
                                  2.08   data arrival time

                          0.00    0.00   clock clock (rise edge)
                          0.00    0.00   clock source latency
     1    0.02    0.13    0.09    0.09 ^ clock (in)
                                         clock (net)
                  0.13    0.00    0.09 ^ clkbuf_0_clock/A (sky130_fd_sc_hd__clkbuf_16)
     4    0.04    0.09    0.29    0.38 ^ clkbuf_0_clock/X (sky130_fd_sc_hd__clkbuf_16)
                                         clknet_0_clock (net)
                  0.09    0.00    0.38 ^ clkbuf_2_3__f_clock/A (sky130_fd_sc_hd__clkbuf_16)
    10    0.03    0.08    0.26    0.64 ^ clkbuf_2_3__f_clock/X (sky130_fd_sc_hd__clkbuf_16)
                                         clknet_2_3__leaf_clock (net)
                  0.08    0.00    0.64 ^ accumulator._2359_/CLK (sky130_fd_sc_hd__dfxtp_2)
                          0.25    0.89   clock uncertainty
                         -0.06    0.83   clock reconvergence pessimism
                         -0.07    0.76   library hold time
                                  0.76   data required time
-----------------------------------------------------------------------------
                                  0.76   data required time
                                 -2.08   data arrival time
-----------------------------------------------------------------------------
                                  1.32   slack (MET)


Startpoint: accumulator._2388_
            (rising edge-triggered flip-flop clocked by clock)
Endpoint: accumulator._2358_ (rising edge-triggered flip-flop clocked by clock)
Path Group: clock
Path Type: min
Corner: Slowest

Fanout     Cap    Slew   Delay    Time   Description
-----------------------------------------------------------------------------
                          0.00    0.00   clock clock (rise edge)
                          0.00    0.00   clock source latency
     1    0.02    0.13    0.08    0.08 ^ clock (in)
                                         clock (net)
                  0.13    0.00    0.08 ^ clkbuf_0_clock/A (sky130_fd_sc_hd__clkbuf_16)
     4    0.04    0.09    0.26    0.35 ^ clkbuf_0_clock/X (sky130_fd_sc_hd__clkbuf_16)
                                         clknet_0_clock (net)
                  0.09    0.00    0.35 ^ clkbuf_2_3__f_clock/A (sky130_fd_sc_hd__clkbuf_16)
    10    0.03    0.08    0.24    0.58 ^ clkbuf_2_3__f_clock/X (sky130_fd_sc_hd__clkbuf_16)
                                         clknet_2_3__leaf_clock (net)
                  0.08    0.00    0.58 ^ accumulator._2388_/CLK (sky130_fd_sc_hd__dfxtp_1)
     5    0.01    0.14    0.63    1.21 v accumulator._2388_/Q (sky130_fd_sc_hd__dfxtp_1)
                                         accumulator.state[0] (net)
                  0.14    0.00    1.21 v accumulator._1179_/B (sky130_fd_sc_hd__nand2b_2)
     9    0.03    0.28    0.28    1.49 ^ accumulator._1179_/Y (sky130_fd_sc_hd__nand2b_2)
                                         accumulator._1166_ (net)
                  0.28    0.00    1.49 ^ accumulator._2107_/B1 (sky130_fd_sc_hd__a2bb2o_1)
     1    0.00    0.06    0.29    1.78 ^ accumulator._2107_/X (sky130_fd_sc_hd__a2bb2o_1)
                                         accumulator._0063_ (net)
                  0.06    0.00    1.78 ^ accumulator._2108_/B (sky130_fd_sc_hd__and2_1)
     1    0.00    0.09    0.22    2.00 ^ accumulator._2108_/X (sky130_fd_sc_hd__and2_1)
                                         accumulator._0064_ (net)
                  0.09    0.00    2.00 ^ accumulator._2109_/A (sky130_fd_sc_hd__clkbuf_1)
     1    0.00    0.07    0.15    2.15 ^ accumulator._2109_/X (sky130_fd_sc_hd__clkbuf_1)
                                         accumulator._0003_ (net)
                  0.07    0.00    2.15 ^ accumulator._2358_/D (sky130_fd_sc_hd__dfxtp_1)
                                  2.15   data arrival time

                          0.00    0.00   clock clock (rise edge)
                          0.00    0.00   clock source latency
     1    0.02    0.13    0.09    0.09 ^ clock (in)
                                         clock (net)
                  0.13    0.00    0.09 ^ clkbuf_0_clock/A (sky130_fd_sc_hd__clkbuf_16)
     4    0.04    0.09    0.29    0.38 ^ clkbuf_0_clock/X (sky130_fd_sc_hd__clkbuf_16)
                                         clknet_0_clock (net)
                  0.09    0.00    0.38 ^ clkbuf_2_2__f_clock/A (sky130_fd_sc_hd__clkbuf_16)
     7    0.03    0.08    0.26    0.64 ^ clkbuf_2_2__f_clock/X (sky130_fd_sc_hd__clkbuf_16)
                                         clknet_2_2__leaf_clock (net)
                  0.08    0.00    0.64 ^ accumulator._2358_/CLK (sky130_fd_sc_hd__dfxtp_1)
                          0.25    0.89   clock uncertainty
                         -0.04    0.85   clock reconvergence pessimism
                         -0.07    0.78   library hold time
                                  0.78   data required time
-----------------------------------------------------------------------------
                                  0.78   data required time
                                 -2.15   data arrival time
-----------------------------------------------------------------------------
                                  1.37   slack (MET)


Startpoint: accumulator._2365_
            (rising edge-triggered flip-flop clocked by clock)
Endpoint: accumulator._2365_ (rising edge-triggered flip-flop clocked by clock)
Path Group: clock
Path Type: min
Corner: Slowest

Fanout     Cap    Slew   Delay    Time   Description
-----------------------------------------------------------------------------
                          0.00    0.00   clock clock (rise edge)
                          0.00    0.00   clock source latency
     1    0.02    0.13    0.08    0.08 ^ clock (in)
                                         clock (net)
                  0.13    0.00    0.08 ^ clkbuf_0_clock/A (sky130_fd_sc_hd__clkbuf_16)
     4    0.04    0.09    0.26    0.35 ^ clkbuf_0_clock/X (sky130_fd_sc_hd__clkbuf_16)
                                         clknet_0_clock (net)
                  0.09    0.00    0.35 ^ clkbuf_2_3__f_clock/A (sky130_fd_sc_hd__clkbuf_16)
    10    0.03    0.08    0.24    0.58 ^ clkbuf_2_3__f_clock/X (sky130_fd_sc_hd__clkbuf_16)
                                         clknet_2_3__leaf_clock (net)
                  0.08    0.00    0.58 ^ accumulator._2365_/CLK (sky130_fd_sc_hd__dfxtp_1)
     4    0.02    0.35    0.80    1.38 ^ accumulator._2365_/Q (sky130_fd_sc_hd__dfxtp_1)
                                         accumulator.io_accOut[8] (net)
                  0.35    0.00    1.38 ^ accumulator._2169_/A1 (sky130_fd_sc_hd__a221o_1)
     1    0.01    0.10    0.40    1.78 ^ accumulator._2169_/X (sky130_fd_sc_hd__a221o_1)
                                         accumulator._0124_ (net)
                  0.10    0.00    1.78 ^ accumulator._2170_/B (sky130_fd_sc_hd__and2_1)
     1    0.00    0.07    0.22    2.00 ^ accumulator._2170_/X (sky130_fd_sc_hd__and2_1)
                                         accumulator._0126_ (net)
                  0.07    0.00    2.00 ^ accumulator._2171_/A (sky130_fd_sc_hd__clkbuf_1)
     1    0.00    0.07    0.15    2.15 ^ accumulator._2171_/X (sky130_fd_sc_hd__clkbuf_1)
                                         accumulator._0010_ (net)
                  0.07    0.00    2.15 ^ accumulator._2365_/D (sky130_fd_sc_hd__dfxtp_1)
                                  2.15   data arrival time

                          0.00    0.00   clock clock (rise edge)
                          0.00    0.00   clock source latency
     1    0.02    0.13    0.09    0.09 ^ clock (in)
                                         clock (net)
                  0.13    0.00    0.09 ^ clkbuf_0_clock/A (sky130_fd_sc_hd__clkbuf_16)
     4    0.04    0.09    0.29    0.38 ^ clkbuf_0_clock/X (sky130_fd_sc_hd__clkbuf_16)
                                         clknet_0_clock (net)
                  0.09    0.00    0.38 ^ clkbuf_2_3__f_clock/A (sky130_fd_sc_hd__clkbuf_16)
    10    0.03    0.08    0.26    0.64 ^ clkbuf_2_3__f_clock/X (sky130_fd_sc_hd__clkbuf_16)
                                         clknet_2_3__leaf_clock (net)
                  0.08    0.00    0.64 ^ accumulator._2365_/CLK (sky130_fd_sc_hd__dfxtp_1)
                          0.25    0.89   clock uncertainty
                         -0.06    0.83   clock reconvergence pessimism
                         -0.07    0.76   library hold time
                                  0.76   data required time
-----------------------------------------------------------------------------
                                  0.76   data required time
                                 -2.15   data arrival time
-----------------------------------------------------------------------------
                                  1.39   slack (MET)


Startpoint: accumulator._2388_
            (rising edge-triggered flip-flop clocked by clock)
Endpoint: accumulator._2384_ (rising edge-triggered flip-flop clocked by clock)
Path Group: clock
Path Type: min
Corner: Slowest

Fanout     Cap    Slew   Delay    Time   Description
-----------------------------------------------------------------------------
                          0.00    0.00   clock clock (rise edge)
                          0.00    0.00   clock source latency
     1    0.02    0.13    0.08    0.08 ^ clock (in)
                                         clock (net)
                  0.13    0.00    0.08 ^ clkbuf_0_clock/A (sky130_fd_sc_hd__clkbuf_16)
     4    0.04    0.09    0.26    0.35 ^ clkbuf_0_clock/X (sky130_fd_sc_hd__clkbuf_16)
                                         clknet_0_clock (net)
                  0.09    0.00    0.35 ^ clkbuf_2_3__f_clock/A (sky130_fd_sc_hd__clkbuf_16)
    10    0.03    0.08    0.24    0.58 ^ clkbuf_2_3__f_clock/X (sky130_fd_sc_hd__clkbuf_16)
                                         clknet_2_3__leaf_clock (net)
                  0.08    0.00    0.58 ^ accumulator._2388_/CLK (sky130_fd_sc_hd__dfxtp_1)
     5    0.01    0.14    0.63    1.21 v accumulator._2388_/Q (sky130_fd_sc_hd__dfxtp_1)
                                         accumulator.state[0] (net)
                  0.14    0.00    1.21 v accumulator._1179_/B (sky130_fd_sc_hd__nand2b_2)
     9    0.03    0.28    0.28    1.49 ^ accumulator._1179_/Y (sky130_fd_sc_hd__nand2b_2)
                                         accumulator._1166_ (net)
                  0.28    0.00    1.49 ^ accumulator._1180_/A (sky130_fd_sc_hd__clkbuf_4)
    10    0.06    0.29    0.48    1.97 ^ accumulator._1180_/X (sky130_fd_sc_hd__clkbuf_4)
                                         accumulator._0034_ (net)
                  0.29    0.00    1.97 ^ accumulator._2324_/B1 (sky130_fd_sc_hd__a21oi_1)
     1    0.01    0.12    0.19    2.16 v accumulator._2324_/Y (sky130_fd_sc_hd__a21oi_1)
                                         accumulator._0276_ (net)
                  0.12    0.00    2.16 v accumulator._2326_/A (sky130_fd_sc_hd__nor2_1)
     1    0.00    0.10    0.16    2.32 ^ accumulator._2326_/Y (sky130_fd_sc_hd__nor2_1)
                                         accumulator._0029_ (net)
                  0.10    0.00    2.32 ^ accumulator._2384_/D (sky130_fd_sc_hd__dfxtp_1)
                                  2.32   data arrival time

                          0.00    0.00   clock clock (rise edge)
                          0.00    0.00   clock source latency
     1    0.02    0.13    0.09    0.09 ^ clock (in)
                                         clock (net)
                  0.13    0.00    0.09 ^ clkbuf_0_clock/A (sky130_fd_sc_hd__clkbuf_16)
     4    0.04    0.09    0.29    0.38 ^ clkbuf_0_clock/X (sky130_fd_sc_hd__clkbuf_16)
                                         clknet_0_clock (net)
                  0.09    0.00    0.38 ^ clkbuf_2_2__f_clock/A (sky130_fd_sc_hd__clkbuf_16)
     7    0.03    0.08    0.26    0.64 ^ clkbuf_2_2__f_clock/X (sky130_fd_sc_hd__clkbuf_16)
                                         clknet_2_2__leaf_clock (net)
                  0.08    0.00    0.64 ^ accumulator._2384_/CLK (sky130_fd_sc_hd__dfxtp_1)
                          0.25    0.89   clock uncertainty
                         -0.04    0.85   clock reconvergence pessimism
                         -0.08    0.77   library hold time
                                  0.77   data required time
-----------------------------------------------------------------------------
                                  0.77   data required time
                                 -2.32   data arrival time
-----------------------------------------------------------------------------
                                  1.54   slack (MET)


Startpoint: accumulator._2388_
            (rising edge-triggered flip-flop clocked by clock)
Endpoint: accumulator._2369_ (rising edge-triggered flip-flop clocked by clock)
Path Group: clock
Path Type: min
Corner: Slowest

Fanout     Cap    Slew   Delay    Time   Description
-----------------------------------------------------------------------------
                          0.00    0.00   clock clock (rise edge)
                          0.00    0.00   clock source latency
     1    0.02    0.13    0.08    0.08 ^ clock (in)
                                         clock (net)
                  0.13    0.00    0.08 ^ clkbuf_0_clock/A (sky130_fd_sc_hd__clkbuf_16)
     4    0.04    0.09    0.26    0.35 ^ clkbuf_0_clock/X (sky130_fd_sc_hd__clkbuf_16)
                                         clknet_0_clock (net)
                  0.09    0.00    0.35 ^ clkbuf_2_3__f_clock/A (sky130_fd_sc_hd__clkbuf_16)
    10    0.03    0.08    0.24    0.58 ^ clkbuf_2_3__f_clock/X (sky130_fd_sc_hd__clkbuf_16)
                                         clknet_2_3__leaf_clock (net)
                  0.08    0.00    0.58 ^ accumulator._2388_/CLK (sky130_fd_sc_hd__dfxtp_1)
     5    0.01    0.14    0.63    1.21 v accumulator._2388_/Q (sky130_fd_sc_hd__dfxtp_1)
                                         accumulator.state[0] (net)
                  0.14    0.00    1.21 v accumulator._1179_/B (sky130_fd_sc_hd__nand2b_2)
     9    0.03    0.28    0.28    1.49 ^ accumulator._1179_/Y (sky130_fd_sc_hd__nand2b_2)
                                         accumulator._1166_ (net)
                  0.28    0.00    1.49 ^ accumulator._1180_/A (sky130_fd_sc_hd__clkbuf_4)
    10    0.06    0.29    0.48    1.97 ^ accumulator._1180_/X (sky130_fd_sc_hd__clkbuf_4)
                                         accumulator._0034_ (net)
                  0.29    0.00    1.97 ^ accumulator._2205_/B1 (sky130_fd_sc_hd__a211o_1)
     1    0.01    0.17    0.32    2.29 ^ accumulator._2205_/X (sky130_fd_sc_hd__a211o_1)
                                         accumulator._0160_ (net)
                  0.17    0.00    2.29 ^ accumulator._2206_/C1 (sky130_fd_sc_hd__o211a_1)
     1    0.00    0.07    0.29    2.58 ^ accumulator._2206_/X (sky130_fd_sc_hd__o211a_1)
                                         accumulator._0014_ (net)
                  0.07    0.00    2.58 ^ accumulator._2369_/D (sky130_fd_sc_hd__dfxtp_1)
                                  2.58   data arrival time

                          0.00    0.00   clock clock (rise edge)
                          0.00    0.00   clock source latency
     1    0.02    0.13    0.09    0.09 ^ clock (in)
                                         clock (net)
                  0.13    0.00    0.09 ^ clkbuf_0_clock/A (sky130_fd_sc_hd__clkbuf_16)
     4    0.04    0.09    0.29    0.38 ^ clkbuf_0_clock/X (sky130_fd_sc_hd__clkbuf_16)
                                         clknet_0_clock (net)
                  0.09    0.00    0.38 ^ clkbuf_2_0__f_clock/A (sky130_fd_sc_hd__clkbuf_16)
    11    0.03    0.09    0.27    0.65 ^ clkbuf_2_0__f_clock/X (sky130_fd_sc_hd__clkbuf_16)
                                         clknet_2_0__leaf_clock (net)
                  0.09    0.00    0.65 ^ accumulator._2369_/CLK (sky130_fd_sc_hd__dfxtp_1)
                          0.25    0.90   clock uncertainty
                         -0.04    0.86   clock reconvergence pessimism
                         -0.07    0.79   library hold time
                                  0.79   data required time
-----------------------------------------------------------------------------
                                  0.79   data required time
                                 -2.58   data arrival time
-----------------------------------------------------------------------------
                                  1.79   slack (MET)


Startpoint: accumulator._2388_
            (rising edge-triggered flip-flop clocked by clock)
Endpoint: accumulator._2377_ (rising edge-triggered flip-flop clocked by clock)
Path Group: clock
Path Type: min
Corner: Slowest

Fanout     Cap    Slew   Delay    Time   Description
-----------------------------------------------------------------------------
                          0.00    0.00   clock clock (rise edge)
                          0.00    0.00   clock source latency
     1    0.02    0.13    0.08    0.08 ^ clock (in)
                                         clock (net)
                  0.13    0.00    0.08 ^ clkbuf_0_clock/A (sky130_fd_sc_hd__clkbuf_16)
     4    0.04    0.09    0.26    0.35 ^ clkbuf_0_clock/X (sky130_fd_sc_hd__clkbuf_16)
                                         clknet_0_clock (net)
                  0.09    0.00    0.35 ^ clkbuf_2_3__f_clock/A (sky130_fd_sc_hd__clkbuf_16)
    10    0.03    0.08    0.24    0.58 ^ clkbuf_2_3__f_clock/X (sky130_fd_sc_hd__clkbuf_16)
                                         clknet_2_3__leaf_clock (net)
                  0.08    0.00    0.58 ^ accumulator._2388_/CLK (sky130_fd_sc_hd__dfxtp_1)
     5    0.01    0.14    0.63    1.21 v accumulator._2388_/Q (sky130_fd_sc_hd__dfxtp_1)
                                         accumulator.state[0] (net)
                  0.14    0.00    1.21 v accumulator._1179_/B (sky130_fd_sc_hd__nand2b_2)
     9    0.03    0.28    0.28    1.49 ^ accumulator._1179_/Y (sky130_fd_sc_hd__nand2b_2)
                                         accumulator._1166_ (net)
                  0.28    0.00    1.49 ^ accumulator._1297_/A (sky130_fd_sc_hd__buf_2)
    10    0.04    0.35    0.47    1.96 ^ accumulator._1297_/X (sky130_fd_sc_hd__buf_2)
                                         accumulator._0392_ (net)
                  0.35    0.00    1.96 ^ accumulator._2264_/A (sky130_fd_sc_hd__or2_4)
     1    0.00    0.05    0.30    2.26 ^ accumulator._2264_/X (sky130_fd_sc_hd__or2_4)
                                         accumulator._0217_ (net)
                  0.05    0.00    2.26 ^ accumulator._2265_/B2 (sky130_fd_sc_hd__o221a_1)
     1    0.00    0.10    0.33    2.59 ^ accumulator._2265_/X (sky130_fd_sc_hd__o221a_1)
                                         accumulator._0022_ (net)
                  0.10    0.00    2.59 ^ accumulator._2377_/D (sky130_fd_sc_hd__dfxtp_1)
                                  2.59   data arrival time

                          0.00    0.00   clock clock (rise edge)
                          0.00    0.00   clock source latency
     1    0.02    0.13    0.09    0.09 ^ clock (in)
                                         clock (net)
                  0.13    0.00    0.09 ^ clkbuf_0_clock/A (sky130_fd_sc_hd__clkbuf_16)
     4    0.04    0.09    0.29    0.38 ^ clkbuf_0_clock/X (sky130_fd_sc_hd__clkbuf_16)
                                         clknet_0_clock (net)
                  0.09    0.00    0.38 ^ clkbuf_2_0__f_clock/A (sky130_fd_sc_hd__clkbuf_16)
    11    0.03    0.09    0.27    0.65 ^ clkbuf_2_0__f_clock/X (sky130_fd_sc_hd__clkbuf_16)
                                         clknet_2_0__leaf_clock (net)
                  0.09    0.00    0.65 ^ accumulator._2377_/CLK (sky130_fd_sc_hd__dfxtp_1)
                          0.25    0.90   clock uncertainty
                         -0.04    0.86   clock reconvergence pessimism
                         -0.08    0.79   library hold time
                                  0.79   data required time
-----------------------------------------------------------------------------
                                  0.79   data required time
                                 -2.59   data arrival time
-----------------------------------------------------------------------------
                                  1.80   slack (MET)


Startpoint: accumulator._2388_
            (rising edge-triggered flip-flop clocked by clock)
Endpoint: accumulator._2371_ (rising edge-triggered flip-flop clocked by clock)
Path Group: clock
Path Type: min
Corner: Slowest

Fanout     Cap    Slew   Delay    Time   Description
-----------------------------------------------------------------------------
                          0.00    0.00   clock clock (rise edge)
                          0.00    0.00   clock source latency
     1    0.02    0.13    0.08    0.08 ^ clock (in)
                                         clock (net)
                  0.13    0.00    0.08 ^ clkbuf_0_clock/A (sky130_fd_sc_hd__clkbuf_16)
     4    0.04    0.09    0.26    0.35 ^ clkbuf_0_clock/X (sky130_fd_sc_hd__clkbuf_16)
                                         clknet_0_clock (net)
                  0.09    0.00    0.35 ^ clkbuf_2_3__f_clock/A (sky130_fd_sc_hd__clkbuf_16)
    10    0.03    0.08    0.24    0.58 ^ clkbuf_2_3__f_clock/X (sky130_fd_sc_hd__clkbuf_16)
                                         clknet_2_3__leaf_clock (net)
                  0.08    0.00    0.58 ^ accumulator._2388_/CLK (sky130_fd_sc_hd__dfxtp_1)
     5    0.01    0.14    0.63    1.21 v accumulator._2388_/Q (sky130_fd_sc_hd__dfxtp_1)
                                         accumulator.state[0] (net)
                  0.14    0.00    1.21 v accumulator._1285_/B (sky130_fd_sc_hd__and2b_1)
     1    0.00    0.06    0.32    1.54 v accumulator._1285_/X (sky130_fd_sc_hd__and2b_1)
                                         accumulator._0382_ (net)
                  0.06    0.00    1.54 v accumulator._1286_/A (sky130_fd_sc_hd__buf_2)
    10    0.04    0.21    0.35    1.89 v accumulator._1286_/X (sky130_fd_sc_hd__buf_2)
                                         accumulator._0383_ (net)
                  0.21    0.00    1.89 v accumulator._1287_/A (sky130_fd_sc_hd__buf_2)
    10    0.04    0.18    0.40    2.29 v accumulator._1287_/X (sky130_fd_sc_hd__buf_2)
                                         accumulator._0384_ (net)
                  0.18    0.00    2.30 v accumulator._2220_/A2 (sky130_fd_sc_hd__o21ai_1)
     1    0.00    0.14    0.23    2.53 ^ accumulator._2220_/Y (sky130_fd_sc_hd__o21ai_1)
                                         accumulator._0175_ (net)
                  0.14    0.00    2.53 ^ accumulator._2221_/B1 (sky130_fd_sc_hd__a21oi_1)
     1    0.00    0.05    0.09    2.62 v accumulator._2221_/Y (sky130_fd_sc_hd__a21oi_1)
                                         accumulator._0016_ (net)
                  0.05    0.00    2.62 v accumulator._2371_/D (sky130_fd_sc_hd__dfxtp_1)
                                  2.62   data arrival time

                          0.00    0.00   clock clock (rise edge)
                          0.00    0.00   clock source latency
     1    0.02    0.13    0.09    0.09 ^ clock (in)
                                         clock (net)
                  0.13    0.00    0.09 ^ clkbuf_0_clock/A (sky130_fd_sc_hd__clkbuf_16)
     4    0.04    0.09    0.29    0.38 ^ clkbuf_0_clock/X (sky130_fd_sc_hd__clkbuf_16)
                                         clknet_0_clock (net)
                  0.09    0.00    0.38 ^ clkbuf_2_1__f_clock/A (sky130_fd_sc_hd__clkbuf_16)
     9    0.03    0.08    0.26    0.64 ^ clkbuf_2_1__f_clock/X (sky130_fd_sc_hd__clkbuf_16)
                                         clknet_2_1__leaf_clock (net)
                  0.08    0.00    0.64 ^ accumulator._2371_/CLK (sky130_fd_sc_hd__dfxtp_1)
                          0.25    0.89   clock uncertainty
                         -0.04    0.86   clock reconvergence pessimism
                         -0.10    0.76   library hold time
                                  0.76   data required time
-----------------------------------------------------------------------------
                                  0.76   data required time
                                 -2.62   data arrival time
-----------------------------------------------------------------------------
                                  1.85   slack (MET)


Startpoint: accumulator._2374_
            (rising edge-triggered flip-flop clocked by clock)
Endpoint: accumulator._2374_ (rising edge-triggered flip-flop clocked by clock)
Path Group: clock
Path Type: min
Corner: Slowest

Fanout     Cap    Slew   Delay    Time   Description
-----------------------------------------------------------------------------
                          0.00    0.00   clock clock (rise edge)
                          0.00    0.00   clock source latency
     1    0.02    0.13    0.08    0.08 ^ clock (in)
                                         clock (net)
                  0.13    0.00    0.08 ^ clkbuf_0_clock/A (sky130_fd_sc_hd__clkbuf_16)
     4    0.04    0.09    0.26    0.35 ^ clkbuf_0_clock/X (sky130_fd_sc_hd__clkbuf_16)
                                         clknet_0_clock (net)
                  0.09    0.00    0.35 ^ clkbuf_2_0__f_clock/A (sky130_fd_sc_hd__clkbuf_16)
    11    0.03    0.09    0.24    0.59 ^ clkbuf_2_0__f_clock/X (sky130_fd_sc_hd__clkbuf_16)
                                         clknet_2_0__leaf_clock (net)
                  0.09    0.00    0.59 ^ accumulator._2374_/CLK (sky130_fd_sc_hd__dfxtp_1)
     4    0.01    0.23    0.72    1.31 ^ accumulator._2374_/Q (sky130_fd_sc_hd__dfxtp_1)
                                         accumulator.io_accOut[17] (net)
                  0.23    0.00    1.31 ^ hold48/A (sky130_fd_sc_hd__dlygate4sd3_1)
     1    0.00    0.09    1.05    2.36 ^ hold48/X (sky130_fd_sc_hd__dlygate4sd3_1)
                                         net106 (net)
                  0.09    0.00    2.36 ^ accumulator._2242_/A1 (sky130_fd_sc_hd__o211a_1)
     1    0.00    0.07    0.30    2.65 ^ accumulator._2242_/X (sky130_fd_sc_hd__o211a_1)
                                         accumulator._0019_ (net)
                  0.07    0.00    2.65 ^ accumulator._2374_/D (sky130_fd_sc_hd__dfxtp_1)
                                  2.65   data arrival time

                          0.00    0.00   clock clock (rise edge)
                          0.00    0.00   clock source latency
     1    0.02    0.13    0.09    0.09 ^ clock (in)
                                         clock (net)
                  0.13    0.00    0.09 ^ clkbuf_0_clock/A (sky130_fd_sc_hd__clkbuf_16)
     4    0.04    0.09    0.29    0.38 ^ clkbuf_0_clock/X (sky130_fd_sc_hd__clkbuf_16)
                                         clknet_0_clock (net)
                  0.09    0.00    0.38 ^ clkbuf_2_0__f_clock/A (sky130_fd_sc_hd__clkbuf_16)
    11    0.03    0.09    0.27    0.65 ^ clkbuf_2_0__f_clock/X (sky130_fd_sc_hd__clkbuf_16)
                                         clknet_2_0__leaf_clock (net)
                  0.09    0.00    0.65 ^ accumulator._2374_/CLK (sky130_fd_sc_hd__dfxtp_1)
                          0.25    0.90   clock uncertainty
                         -0.06    0.84   clock reconvergence pessimism
                         -0.07    0.77   library hold time
                                  0.77   data required time
-----------------------------------------------------------------------------
                                  0.77   data required time
                                 -2.65   data arrival time
-----------------------------------------------------------------------------
                                  1.89   slack (MET)


Startpoint: accumulator._2376_
            (rising edge-triggered flip-flop clocked by clock)
Endpoint: accumulator._2376_ (rising edge-triggered flip-flop clocked by clock)
Path Group: clock
Path Type: min
Corner: Slowest

Fanout     Cap    Slew   Delay    Time   Description
-----------------------------------------------------------------------------
                          0.00    0.00   clock clock (rise edge)
                          0.00    0.00   clock source latency
     1    0.02    0.13    0.08    0.08 ^ clock (in)
                                         clock (net)
                  0.13    0.00    0.08 ^ clkbuf_0_clock/A (sky130_fd_sc_hd__clkbuf_16)
     4    0.04    0.09    0.26    0.35 ^ clkbuf_0_clock/X (sky130_fd_sc_hd__clkbuf_16)
                                         clknet_0_clock (net)
                  0.09    0.00    0.35 ^ clkbuf_2_1__f_clock/A (sky130_fd_sc_hd__clkbuf_16)
     9    0.03    0.08    0.24    0.58 ^ clkbuf_2_1__f_clock/X (sky130_fd_sc_hd__clkbuf_16)
                                         clknet_2_1__leaf_clock (net)
                  0.08    0.00    0.58 ^ accumulator._2376_/CLK (sky130_fd_sc_hd__dfxtp_1)
     4    0.02    0.26    0.74    1.32 ^ accumulator._2376_/Q (sky130_fd_sc_hd__dfxtp_1)
                                         accumulator.io_accOut[19] (net)
                  0.26    0.00    1.32 ^ hold50/A (sky130_fd_sc_hd__dlygate4sd3_1)
     1    0.00    0.09    1.06    2.38 ^ hold50/X (sky130_fd_sc_hd__dlygate4sd3_1)
                                         net108 (net)
                  0.09    0.00    2.38 ^ accumulator._2256_/A1 (sky130_fd_sc_hd__o221a_1)
     1    0.00    0.08    0.36    2.74 ^ accumulator._2256_/X (sky130_fd_sc_hd__o221a_1)
                                         accumulator._0021_ (net)
                  0.08    0.00    2.74 ^ accumulator._2376_/D (sky130_fd_sc_hd__dfxtp_1)
                                  2.74   data arrival time

                          0.00    0.00   clock clock (rise edge)
                          0.00    0.00   clock source latency
     1    0.02    0.13    0.09    0.09 ^ clock (in)
                                         clock (net)
                  0.13    0.00    0.09 ^ clkbuf_0_clock/A (sky130_fd_sc_hd__clkbuf_16)
     4    0.04    0.09    0.29    0.38 ^ clkbuf_0_clock/X (sky130_fd_sc_hd__clkbuf_16)
                                         clknet_0_clock (net)
                  0.09    0.00    0.38 ^ clkbuf_2_1__f_clock/A (sky130_fd_sc_hd__clkbuf_16)
     9    0.03    0.08    0.26    0.64 ^ clkbuf_2_1__f_clock/X (sky130_fd_sc_hd__clkbuf_16)
                                         clknet_2_1__leaf_clock (net)
                  0.08    0.00    0.64 ^ accumulator._2376_/CLK (sky130_fd_sc_hd__dfxtp_1)
                          0.25    0.89   clock uncertainty
                         -0.06    0.83   clock reconvergence pessimism
                         -0.07    0.76   library hold time
                                  0.76   data required time
-----------------------------------------------------------------------------
                                  0.76   data required time
                                 -2.74   data arrival time
-----------------------------------------------------------------------------
                                  1.98   slack (MET)


Startpoint: accumulator._2388_
            (rising edge-triggered flip-flop clocked by clock)
Endpoint: accumulator._2370_ (rising edge-triggered flip-flop clocked by clock)
Path Group: clock
Path Type: min
Corner: Slowest

Fanout     Cap    Slew   Delay    Time   Description
-----------------------------------------------------------------------------
                          0.00    0.00   clock clock (rise edge)
                          0.00    0.00   clock source latency
     1    0.02    0.13    0.08    0.08 ^ clock (in)
                                         clock (net)
                  0.13    0.00    0.08 ^ clkbuf_0_clock/A (sky130_fd_sc_hd__clkbuf_16)
     4    0.04    0.09    0.26    0.35 ^ clkbuf_0_clock/X (sky130_fd_sc_hd__clkbuf_16)
                                         clknet_0_clock (net)
                  0.09    0.00    0.35 ^ clkbuf_2_3__f_clock/A (sky130_fd_sc_hd__clkbuf_16)
    10    0.03    0.08    0.24    0.58 ^ clkbuf_2_3__f_clock/X (sky130_fd_sc_hd__clkbuf_16)
                                         clknet_2_3__leaf_clock (net)
                  0.08    0.00    0.58 ^ accumulator._2388_/CLK (sky130_fd_sc_hd__dfxtp_1)
     5    0.01    0.14    0.63    1.21 v accumulator._2388_/Q (sky130_fd_sc_hd__dfxtp_1)
                                         accumulator.state[0] (net)
                  0.14    0.00    1.21 v accumulator._1285_/B (sky130_fd_sc_hd__and2b_1)
     1    0.00    0.06    0.32    1.54 v accumulator._1285_/X (sky130_fd_sc_hd__and2b_1)
                                         accumulator._0382_ (net)
                  0.06    0.00    1.54 v accumulator._1286_/A (sky130_fd_sc_hd__buf_2)
    10    0.04    0.21    0.35    1.89 v accumulator._1286_/X (sky130_fd_sc_hd__buf_2)
                                         accumulator._0383_ (net)
                  0.21    0.00    1.89 v accumulator._2193_/A (sky130_fd_sc_hd__clkbuf_4)
    10    0.05    0.19    0.41    2.30 v accumulator._2193_/X (sky130_fd_sc_hd__clkbuf_4)
                                         accumulator._0147_ (net)
                  0.19    0.00    2.30 v accumulator._2213_/A2 (sky130_fd_sc_hd__o221a_1)
     1    0.00    0.06    0.45    2.76 v accumulator._2213_/X (sky130_fd_sc_hd__o221a_1)
                                         accumulator._0015_ (net)
                  0.06    0.00    2.76 v accumulator._2370_/D (sky130_fd_sc_hd__dfxtp_1)
                                  2.76   data arrival time

                          0.00    0.00   clock clock (rise edge)
                          0.00    0.00   clock source latency
     1    0.02    0.13    0.09    0.09 ^ clock (in)
                                         clock (net)
                  0.13    0.00    0.09 ^ clkbuf_0_clock/A (sky130_fd_sc_hd__clkbuf_16)
     4    0.04    0.09    0.29    0.38 ^ clkbuf_0_clock/X (sky130_fd_sc_hd__clkbuf_16)
                                         clknet_0_clock (net)
                  0.09    0.00    0.38 ^ clkbuf_2_1__f_clock/A (sky130_fd_sc_hd__clkbuf_16)
     9    0.03    0.08    0.26    0.64 ^ clkbuf_2_1__f_clock/X (sky130_fd_sc_hd__clkbuf_16)
                                         clknet_2_1__leaf_clock (net)
                  0.08    0.00    0.64 ^ accumulator._2370_/CLK (sky130_fd_sc_hd__dfxtp_1)
                          0.25    0.89   clock uncertainty
                         -0.04    0.86   clock reconvergence pessimism
                         -0.10    0.76   library hold time
                                  0.76   data required time
-----------------------------------------------------------------------------
                                  0.76   data required time
                                 -2.76   data arrival time
-----------------------------------------------------------------------------
                                  2.00   slack (MET)


Startpoint: accumulator._2386_
            (rising edge-triggered flip-flop clocked by clock)
Endpoint: io_accOut[29] (output port clocked by clock)
Path Group: clock
Path Type: min
Corner: Slowest

Fanout     Cap    Slew   Delay    Time   Description
-----------------------------------------------------------------------------
                          0.00    0.00   clock clock (rise edge)
                          0.00    0.00   clock source latency
     1    0.02    0.13    0.08    0.08 ^ clock (in)
                                         clock (net)
                  0.13    0.00    0.08 ^ clkbuf_0_clock/A (sky130_fd_sc_hd__clkbuf_16)
     4    0.04    0.09    0.26    0.35 ^ clkbuf_0_clock/X (sky130_fd_sc_hd__clkbuf_16)
                                         clknet_0_clock (net)
                  0.09    0.00    0.35 ^ clkbuf_2_3__f_clock/A (sky130_fd_sc_hd__clkbuf_16)
    10    0.03    0.08    0.24    0.58 ^ clkbuf_2_3__f_clock/X (sky130_fd_sc_hd__clkbuf_16)
                                         clknet_2_3__leaf_clock (net)
                  0.08    0.00    0.58 ^ accumulator._2386_/CLK (sky130_fd_sc_hd__dfxtp_1)
     6    0.02    0.17    0.65    1.23 v accumulator._2386_/Q (sky130_fd_sc_hd__dfxtp_1)
                                         accumulator.io_accOut[29] (net)
                  0.17    0.00    1.23 v _29_/A (sky130_fd_sc_hd__clkbuf_1)
     1    0.01    0.07    0.22    1.45 v _29_/X (sky130_fd_sc_hd__clkbuf_1)
                                         net44 (net)
                  0.07    0.00    1.45 v output44/A (sky130_fd_sc_hd__buf_2)
     1    0.03    0.17    0.33    1.78 v output44/X (sky130_fd_sc_hd__buf_2)
                                         io_accOut[29] (net)
                  0.17    0.00    1.78 v io_accOut[29] (out)
                                  1.78   data arrival time

                          0.00    0.00   clock clock (rise edge)
                          0.00    0.00   clock network delay (propagated)
                          0.25    0.25   clock uncertainty
                          0.00    0.25   clock reconvergence pessimism
                         -5.00   -4.75   output external delay
                                 -4.75   data required time
-----------------------------------------------------------------------------
                                 -4.75   data required time
                                 -1.78   data arrival time
-----------------------------------------------------------------------------
                                  6.53   slack (MET)


Startpoint: accumulator._2385_
            (rising edge-triggered flip-flop clocked by clock)
Endpoint: io_accOut[28] (output port clocked by clock)
Path Group: clock
Path Type: min
Corner: Slowest

Fanout     Cap    Slew   Delay    Time   Description
-----------------------------------------------------------------------------
                          0.00    0.00   clock clock (rise edge)
                          0.00    0.00   clock source latency
     1    0.02    0.13    0.08    0.08 ^ clock (in)
                                         clock (net)
                  0.13    0.00    0.08 ^ clkbuf_0_clock/A (sky130_fd_sc_hd__clkbuf_16)
     4    0.04    0.09    0.26    0.35 ^ clkbuf_0_clock/X (sky130_fd_sc_hd__clkbuf_16)
                                         clknet_0_clock (net)
                  0.09    0.00    0.35 ^ clkbuf_2_3__f_clock/A (sky130_fd_sc_hd__clkbuf_16)
    10    0.03    0.08    0.24    0.58 ^ clkbuf_2_3__f_clock/X (sky130_fd_sc_hd__clkbuf_16)
                                         clknet_2_3__leaf_clock (net)
                  0.08    0.00    0.58 ^ accumulator._2385_/CLK (sky130_fd_sc_hd__dfxtp_1)
     6    0.02    0.17    0.65    1.23 v accumulator._2385_/Q (sky130_fd_sc_hd__dfxtp_1)
                                         accumulator.io_accOut[28] (net)
                  0.17    0.00    1.23 v _28_/A (sky130_fd_sc_hd__clkbuf_1)
     1    0.01    0.08    0.22    1.45 v _28_/X (sky130_fd_sc_hd__clkbuf_1)
                                         net43 (net)
                  0.08    0.00    1.45 v output43/A (sky130_fd_sc_hd__buf_2)
     1    0.03    0.16    0.33    1.78 v output43/X (sky130_fd_sc_hd__buf_2)
                                         io_accOut[28] (net)
                  0.16    0.00    1.79 v io_accOut[28] (out)
                                  1.79   data arrival time

                          0.00    0.00   clock clock (rise edge)
                          0.00    0.00   clock network delay (propagated)
                          0.25    0.25   clock uncertainty
                          0.00    0.25   clock reconvergence pessimism
                         -5.00   -4.75   output external delay
                                 -4.75   data required time
-----------------------------------------------------------------------------
                                 -4.75   data required time
                                 -1.79   data arrival time
-----------------------------------------------------------------------------
                                  6.54   slack (MET)


Startpoint: accumulator._2384_
            (rising edge-triggered flip-flop clocked by clock)
Endpoint: io_accOut[27] (output port clocked by clock)
Path Group: clock
Path Type: min
Corner: Slowest

Fanout     Cap    Slew   Delay    Time   Description
-----------------------------------------------------------------------------
                          0.00    0.00   clock clock (rise edge)
                          0.00    0.00   clock source latency
     1    0.02    0.13    0.08    0.08 ^ clock (in)
                                         clock (net)
                  0.13    0.00    0.08 ^ clkbuf_0_clock/A (sky130_fd_sc_hd__clkbuf_16)
     4    0.04    0.09    0.26    0.35 ^ clkbuf_0_clock/X (sky130_fd_sc_hd__clkbuf_16)
                                         clknet_0_clock (net)
                  0.09    0.00    0.35 ^ clkbuf_2_2__f_clock/A (sky130_fd_sc_hd__clkbuf_16)
     7    0.03    0.08    0.23    0.58 ^ clkbuf_2_2__f_clock/X (sky130_fd_sc_hd__clkbuf_16)
                                         clknet_2_2__leaf_clock (net)
                  0.08    0.00    0.58 ^ accumulator._2384_/CLK (sky130_fd_sc_hd__dfxtp_1)
     6    0.02    0.16    0.64    1.22 v accumulator._2384_/Q (sky130_fd_sc_hd__dfxtp_1)
                                         accumulator.io_accOut[27] (net)
                  0.16    0.00    1.22 v _27_/A (sky130_fd_sc_hd__clkbuf_1)
     1    0.01    0.11    0.24    1.46 v _27_/X (sky130_fd_sc_hd__clkbuf_1)
                                         net42 (net)
                  0.11    0.00    1.46 v output42/A (sky130_fd_sc_hd__buf_2)
     1    0.03    0.16    0.34    1.80 v output42/X (sky130_fd_sc_hd__buf_2)
                                         io_accOut[27] (net)
                  0.16    0.00    1.80 v io_accOut[27] (out)
                                  1.80   data arrival time

                          0.00    0.00   clock clock (rise edge)
                          0.00    0.00   clock network delay (propagated)
                          0.25    0.25   clock uncertainty
                          0.00    0.25   clock reconvergence pessimism
                         -5.00   -4.75   output external delay
                                 -4.75   data required time
-----------------------------------------------------------------------------
                                 -4.75   data required time
                                 -1.80   data arrival time
-----------------------------------------------------------------------------
                                  6.55   slack (MET)


Startpoint: accumulator._2383_
            (rising edge-triggered flip-flop clocked by clock)
Endpoint: io_accOut[26] (output port clocked by clock)
Path Group: clock
Path Type: min
Corner: Slowest

Fanout     Cap    Slew   Delay    Time   Description
-----------------------------------------------------------------------------
                          0.00    0.00   clock clock (rise edge)
                          0.00    0.00   clock source latency
     1    0.02    0.13    0.08    0.08 ^ clock (in)
                                         clock (net)
                  0.13    0.00    0.08 ^ clkbuf_0_clock/A (sky130_fd_sc_hd__clkbuf_16)
     4    0.04    0.09    0.26    0.35 ^ clkbuf_0_clock/X (sky130_fd_sc_hd__clkbuf_16)
                                         clknet_0_clock (net)
                  0.09    0.00    0.35 ^ clkbuf_2_3__f_clock/A (sky130_fd_sc_hd__clkbuf_16)
    10    0.03    0.08    0.24    0.58 ^ clkbuf_2_3__f_clock/X (sky130_fd_sc_hd__clkbuf_16)
                                         clknet_2_3__leaf_clock (net)
                  0.08    0.00    0.58 ^ accumulator._2383_/CLK (sky130_fd_sc_hd__dfxtp_1)
     6    0.02    0.22    0.68    1.27 v accumulator._2383_/Q (sky130_fd_sc_hd__dfxtp_1)
                                         accumulator.io_accOut[26] (net)
                  0.22    0.00    1.27 v _26_/A (sky130_fd_sc_hd__clkbuf_1)
     1    0.01    0.07    0.24    1.51 v _26_/X (sky130_fd_sc_hd__clkbuf_1)
                                         net41 (net)
                  0.07    0.00    1.51 v output41/A (sky130_fd_sc_hd__buf_2)
     1    0.03    0.17    0.33    1.84 v output41/X (sky130_fd_sc_hd__buf_2)
                                         io_accOut[26] (net)
                  0.17    0.00    1.84 v io_accOut[26] (out)
                                  1.84   data arrival time

                          0.00    0.00   clock clock (rise edge)
                          0.00    0.00   clock network delay (propagated)
                          0.25    0.25   clock uncertainty
                          0.00    0.25   clock reconvergence pessimism
                         -5.00   -4.75   output external delay
                                 -4.75   data required time
-----------------------------------------------------------------------------
                                 -4.75   data required time
                                 -1.84   data arrival time
-----------------------------------------------------------------------------
                                  6.59   slack (MET)


Startpoint: accumulator._2365_
            (rising edge-triggered flip-flop clocked by clock)
Endpoint: io_accOut[8] (output port clocked by clock)
Path Group: clock
Path Type: min
Corner: Slowest

Fanout     Cap    Slew   Delay    Time   Description
-----------------------------------------------------------------------------
                          0.00    0.00   clock clock (rise edge)
                          0.00    0.00   clock source latency
     1    0.02    0.13    0.08    0.08 ^ clock (in)
                                         clock (net)
                  0.13    0.00    0.08 ^ clkbuf_0_clock/A (sky130_fd_sc_hd__clkbuf_16)
     4    0.04    0.09    0.26    0.35 ^ clkbuf_0_clock/X (sky130_fd_sc_hd__clkbuf_16)
                                         clknet_0_clock (net)
                  0.09    0.00    0.35 ^ clkbuf_2_3__f_clock/A (sky130_fd_sc_hd__clkbuf_16)
    10    0.03    0.08    0.24    0.58 ^ clkbuf_2_3__f_clock/X (sky130_fd_sc_hd__clkbuf_16)
                                         clknet_2_3__leaf_clock (net)
                  0.08    0.00    0.58 ^ accumulator._2365_/CLK (sky130_fd_sc_hd__dfxtp_1)
     4    0.02    0.21    0.68    1.26 v accumulator._2365_/Q (sky130_fd_sc_hd__dfxtp_1)
                                         accumulator.io_accOut[8] (net)
                  0.21    0.00    1.26 v _08_/A (sky130_fd_sc_hd__clkbuf_1)
     1    0.01    0.10    0.25    1.51 v _08_/X (sky130_fd_sc_hd__clkbuf_1)
                                         net53 (net)
                  0.10    0.00    1.52 v output53/A (sky130_fd_sc_hd__clkbuf_4)
     1    0.03    0.14    0.32    1.84 v output53/X (sky130_fd_sc_hd__clkbuf_4)
                                         io_accOut[8] (net)
                  0.14    0.00    1.84 v io_accOut[8] (out)
                                  1.84   data arrival time

                          0.00    0.00   clock clock (rise edge)
                          0.00    0.00   clock network delay (propagated)
                          0.25    0.25   clock uncertainty
                          0.00    0.25   clock reconvergence pessimism
                         -5.00   -4.75   output external delay
                                 -4.75   data required time
-----------------------------------------------------------------------------
                                 -4.75   data required time
                                 -1.84   data arrival time
-----------------------------------------------------------------------------
                                  6.59   slack (MET)


Startpoint: accumulator._2377_
            (rising edge-triggered flip-flop clocked by clock)
Endpoint: io_accOut[20] (output port clocked by clock)
Path Group: clock
Path Type: min
Corner: Slowest

Fanout     Cap    Slew   Delay    Time   Description
-----------------------------------------------------------------------------
                          0.00    0.00   clock clock (rise edge)
                          0.00    0.00   clock source latency
     1    0.02    0.13    0.08    0.08 ^ clock (in)
                                         clock (net)
                  0.13    0.00    0.08 ^ clkbuf_0_clock/A (sky130_fd_sc_hd__clkbuf_16)
     4    0.04    0.09    0.26    0.35 ^ clkbuf_0_clock/X (sky130_fd_sc_hd__clkbuf_16)
                                         clknet_0_clock (net)
                  0.09    0.00    0.35 ^ clkbuf_2_0__f_clock/A (sky130_fd_sc_hd__clkbuf_16)
    11    0.03    0.09    0.24    0.59 ^ clkbuf_2_0__f_clock/X (sky130_fd_sc_hd__clkbuf_16)
                                         clknet_2_0__leaf_clock (net)
                  0.09    0.00    0.59 ^ accumulator._2377_/CLK (sky130_fd_sc_hd__dfxtp_1)
     4    0.01    0.13    0.62    1.21 v accumulator._2377_/Q (sky130_fd_sc_hd__dfxtp_1)
                                         accumulator.io_accOut[20] (net)
                  0.13    0.00    1.21 v _20_/A (sky130_fd_sc_hd__buf_1)
     1    0.01    0.17    0.27    1.47 v _20_/X (sky130_fd_sc_hd__buf_1)
                                         net35 (net)
                  0.17    0.00    1.47 v output35/A (sky130_fd_sc_hd__buf_2)
     1    0.03    0.17    0.37    1.85 v output35/X (sky130_fd_sc_hd__buf_2)
                                         io_accOut[20] (net)
                  0.17    0.00    1.85 v io_accOut[20] (out)
                                  1.85   data arrival time

                          0.00    0.00   clock clock (rise edge)
                          0.00    0.00   clock network delay (propagated)
                          0.25    0.25   clock uncertainty
                          0.00    0.25   clock reconvergence pessimism
                         -5.00   -4.75   output external delay
                                 -4.75   data required time
-----------------------------------------------------------------------------
                                 -4.75   data required time
                                 -1.85   data arrival time
-----------------------------------------------------------------------------
                                  6.60   slack (MET)


Startpoint: accumulator._2363_
            (rising edge-triggered flip-flop clocked by clock)
Endpoint: io_accOut[6] (output port clocked by clock)
Path Group: clock
Path Type: min
Corner: Slowest

Fanout     Cap    Slew   Delay    Time   Description
-----------------------------------------------------------------------------
                          0.00    0.00   clock clock (rise edge)
                          0.00    0.00   clock source latency
     1    0.02    0.13    0.08    0.08 ^ clock (in)
                                         clock (net)
                  0.13    0.00    0.08 ^ clkbuf_0_clock/A (sky130_fd_sc_hd__clkbuf_16)
     4    0.04    0.09    0.26    0.35 ^ clkbuf_0_clock/X (sky130_fd_sc_hd__clkbuf_16)
                                         clknet_0_clock (net)
                  0.09    0.00    0.35 ^ clkbuf_2_0__f_clock/A (sky130_fd_sc_hd__clkbuf_16)
    11    0.03    0.09    0.24    0.59 ^ clkbuf_2_0__f_clock/X (sky130_fd_sc_hd__clkbuf_16)
                                         clknet_2_0__leaf_clock (net)
                  0.09    0.00    0.59 ^ accumulator._2363_/CLK (sky130_fd_sc_hd__dfxtp_2)
     6    0.04    0.17    0.69    1.28 v accumulator._2363_/Q (sky130_fd_sc_hd__dfxtp_2)
                                         accumulator.io_accOut[6] (net)
                  0.17    0.00    1.28 v _06_/A (sky130_fd_sc_hd__clkbuf_1)
     1    0.01    0.09    0.23    1.51 v _06_/X (sky130_fd_sc_hd__clkbuf_1)
                                         net51 (net)
                  0.09    0.00    1.51 v output51/A (sky130_fd_sc_hd__buf_2)
     1    0.03    0.17    0.34    1.85 v output51/X (sky130_fd_sc_hd__buf_2)
                                         io_accOut[6] (net)
                  0.17    0.00    1.85 v io_accOut[6] (out)
                                  1.85   data arrival time

                          0.00    0.00   clock clock (rise edge)
                          0.00    0.00   clock network delay (propagated)
                          0.25    0.25   clock uncertainty
                          0.00    0.25   clock reconvergence pessimism
                         -5.00   -4.75   output external delay
                                 -4.75   data required time
-----------------------------------------------------------------------------
                                 -4.75   data required time
                                 -1.85   data arrival time
-----------------------------------------------------------------------------
                                  6.60   slack (MET)


Startpoint: accumulator._2372_
            (rising edge-triggered flip-flop clocked by clock)
Endpoint: io_accOut[15] (output port clocked by clock)
Path Group: clock
Path Type: min
Corner: Slowest

Fanout     Cap    Slew   Delay    Time   Description
-----------------------------------------------------------------------------
                          0.00    0.00   clock clock (rise edge)
                          0.00    0.00   clock source latency
     1    0.02    0.13    0.08    0.08 ^ clock (in)
                                         clock (net)
                  0.13    0.00    0.08 ^ clkbuf_0_clock/A (sky130_fd_sc_hd__clkbuf_16)
     4    0.04    0.09    0.26    0.35 ^ clkbuf_0_clock/X (sky130_fd_sc_hd__clkbuf_16)
                                         clknet_0_clock (net)
                  0.09    0.00    0.35 ^ clkbuf_2_0__f_clock/A (sky130_fd_sc_hd__clkbuf_16)
    11    0.03    0.09    0.24    0.59 ^ clkbuf_2_0__f_clock/X (sky130_fd_sc_hd__clkbuf_16)
                                         clknet_2_0__leaf_clock (net)
                  0.09    0.00    0.59 ^ accumulator._2372_/CLK (sky130_fd_sc_hd__dfxtp_1)
     3    0.01    0.12    0.61    1.20 v accumulator._2372_/Q (sky130_fd_sc_hd__dfxtp_1)
                                         accumulator.io_accOut[15] (net)
                  0.12    0.00    1.20 v _15_/A (sky130_fd_sc_hd__buf_1)
     1    0.02    0.18    0.27    1.47 v _15_/X (sky130_fd_sc_hd__buf_1)
                                         net29 (net)
                  0.18    0.00    1.48 v output29/A (sky130_fd_sc_hd__buf_2)
     1    0.03    0.17    0.38    1.85 v output29/X (sky130_fd_sc_hd__buf_2)
                                         io_accOut[15] (net)
                  0.17    0.00    1.85 v io_accOut[15] (out)
                                  1.85   data arrival time

                          0.00    0.00   clock clock (rise edge)
                          0.00    0.00   clock network delay (propagated)
                          0.25    0.25   clock uncertainty
                          0.00    0.25   clock reconvergence pessimism
                         -5.00   -4.75   output external delay
                                 -4.75   data required time
-----------------------------------------------------------------------------
                                 -4.75   data required time
                                 -1.85   data arrival time
-----------------------------------------------------------------------------
                                  6.60   slack (MET)


Startpoint: accumulator._2359_
            (rising edge-triggered flip-flop clocked by clock)
Endpoint: io_accOut[2] (output port clocked by clock)
Path Group: clock
Path Type: min
Corner: Slowest

Fanout     Cap    Slew   Delay    Time   Description
-----------------------------------------------------------------------------
                          0.00    0.00   clock clock (rise edge)
                          0.00    0.00   clock source latency
     1    0.02    0.13    0.08    0.08 ^ clock (in)
                                         clock (net)
                  0.13    0.00    0.08 ^ clkbuf_0_clock/A (sky130_fd_sc_hd__clkbuf_16)
     4    0.04    0.09    0.26    0.35 ^ clkbuf_0_clock/X (sky130_fd_sc_hd__clkbuf_16)
                                         clknet_0_clock (net)
                  0.09    0.00    0.35 ^ clkbuf_2_3__f_clock/A (sky130_fd_sc_hd__clkbuf_16)
    10    0.03    0.08    0.24    0.58 ^ clkbuf_2_3__f_clock/X (sky130_fd_sc_hd__clkbuf_16)
                                         clknet_2_3__leaf_clock (net)
                  0.08    0.00    0.58 ^ accumulator._2359_/CLK (sky130_fd_sc_hd__dfxtp_2)
     6    0.04    0.19    0.70    1.29 v accumulator._2359_/Q (sky130_fd_sc_hd__dfxtp_2)
                                         accumulator.io_accOut[2] (net)
                  0.19    0.00    1.29 v _02_/A (sky130_fd_sc_hd__clkbuf_1)
     1    0.01    0.10    0.25    1.54 v _02_/X (sky130_fd_sc_hd__clkbuf_1)
                                         net45 (net)
                  0.10    0.00    1.54 v output45/A (sky130_fd_sc_hd__clkbuf_4)
     1    0.03    0.14    0.32    1.86 v output45/X (sky130_fd_sc_hd__clkbuf_4)
                                         io_accOut[2] (net)
                  0.14    0.00    1.86 v io_accOut[2] (out)
                                  1.86   data arrival time

                          0.00    0.00   clock clock (rise edge)
                          0.00    0.00   clock network delay (propagated)
                          0.25    0.25   clock uncertainty
                          0.00    0.25   clock reconvergence pessimism
                         -5.00   -4.75   output external delay
                                 -4.75   data required time
-----------------------------------------------------------------------------
                                 -4.75   data required time
                                 -1.86   data arrival time
-----------------------------------------------------------------------------
                                  6.61   slack (MET)


Startpoint: accumulator._2368_
            (rising edge-triggered flip-flop clocked by clock)
Endpoint: io_accOut[11] (output port clocked by clock)
Path Group: clock
Path Type: min
Corner: Slowest

Fanout     Cap    Slew   Delay    Time   Description
-----------------------------------------------------------------------------
                          0.00    0.00   clock clock (rise edge)
                          0.00    0.00   clock source latency
     1    0.02    0.13    0.08    0.08 ^ clock (in)
                                         clock (net)
                  0.13    0.00    0.08 ^ clkbuf_0_clock/A (sky130_fd_sc_hd__clkbuf_16)
     4    0.04    0.09    0.26    0.35 ^ clkbuf_0_clock/X (sky130_fd_sc_hd__clkbuf_16)
                                         clknet_0_clock (net)
                  0.09    0.00    0.35 ^ clkbuf_2_1__f_clock/A (sky130_fd_sc_hd__clkbuf_16)
     9    0.03    0.08    0.24    0.58 ^ clkbuf_2_1__f_clock/X (sky130_fd_sc_hd__clkbuf_16)
                                         clknet_2_1__leaf_clock (net)
                  0.08    0.00    0.58 ^ accumulator._2368_/CLK (sky130_fd_sc_hd__dfxtp_1)
     4    0.01    0.14    0.63    1.21 v accumulator._2368_/Q (sky130_fd_sc_hd__dfxtp_1)
                                         accumulator.io_accOut[11] (net)
                  0.14    0.00    1.21 v _11_/A (sky130_fd_sc_hd__buf_1)
     1    0.02    0.18    0.28    1.49 v _11_/X (sky130_fd_sc_hd__buf_1)
                                         net25 (net)
                  0.18    0.00    1.49 v output25/A (sky130_fd_sc_hd__buf_2)
     1    0.03    0.17    0.38    1.87 v output25/X (sky130_fd_sc_hd__buf_2)
                                         io_accOut[11] (net)
                  0.17    0.00    1.87 v io_accOut[11] (out)
                                  1.87   data arrival time

                          0.00    0.00   clock clock (rise edge)
                          0.00    0.00   clock network delay (propagated)
                          0.25    0.25   clock uncertainty
                          0.00    0.25   clock reconvergence pessimism
                         -5.00   -4.75   output external delay
                                 -4.75   data required time
-----------------------------------------------------------------------------
                                 -4.75   data required time
                                 -1.87   data arrival time
-----------------------------------------------------------------------------
                                  6.62   slack (MET)


Startpoint: accumulator._2375_
            (rising edge-triggered flip-flop clocked by clock)
Endpoint: io_accOut[18] (output port clocked by clock)
Path Group: clock
Path Type: min
Corner: Slowest

Fanout     Cap    Slew   Delay    Time   Description
-----------------------------------------------------------------------------
                          0.00    0.00   clock clock (rise edge)
                          0.00    0.00   clock source latency
     1    0.02    0.13    0.08    0.08 ^ clock (in)
                                         clock (net)
                  0.13    0.00    0.08 ^ clkbuf_0_clock/A (sky130_fd_sc_hd__clkbuf_16)
     4    0.04    0.09    0.26    0.35 ^ clkbuf_0_clock/X (sky130_fd_sc_hd__clkbuf_16)
                                         clknet_0_clock (net)
                  0.09    0.00    0.35 ^ clkbuf_2_0__f_clock/A (sky130_fd_sc_hd__clkbuf_16)
    11    0.03    0.09    0.24    0.59 ^ clkbuf_2_0__f_clock/X (sky130_fd_sc_hd__clkbuf_16)
                                         clknet_2_0__leaf_clock (net)
                  0.09    0.00    0.59 ^ accumulator._2375_/CLK (sky130_fd_sc_hd__dfxtp_1)
     4    0.02    0.20    0.67    1.26 v accumulator._2375_/Q (sky130_fd_sc_hd__dfxtp_1)
                                         accumulator.io_accOut[18] (net)
                  0.20    0.00    1.26 v _18_/A (sky130_fd_sc_hd__clkbuf_1)
     1    0.01    0.12    0.27    1.52 v _18_/X (sky130_fd_sc_hd__clkbuf_1)
                                         net32 (net)
                  0.12    0.00    1.52 v output32/A (sky130_fd_sc_hd__buf_2)
     1    0.03    0.16    0.35    1.87 v output32/X (sky130_fd_sc_hd__buf_2)
                                         io_accOut[18] (net)
                  0.16    0.00    1.87 v io_accOut[18] (out)
                                  1.87   data arrival time

                          0.00    0.00   clock clock (rise edge)
                          0.00    0.00   clock network delay (propagated)
                          0.25    0.25   clock uncertainty
                          0.00    0.25   clock reconvergence pessimism
                         -5.00   -4.75   output external delay
                                 -4.75   data required time
-----------------------------------------------------------------------------
                                 -4.75   data required time
                                 -1.87   data arrival time
-----------------------------------------------------------------------------
                                  6.62   slack (MET)


Startpoint: accumulator._2382_
            (rising edge-triggered flip-flop clocked by clock)
Endpoint: io_accOut[25] (output port clocked by clock)
Path Group: clock
Path Type: min
Corner: Slowest

Fanout     Cap    Slew   Delay    Time   Description
-----------------------------------------------------------------------------
                          0.00    0.00   clock clock (rise edge)
                          0.00    0.00   clock source latency
     1    0.02    0.13    0.08    0.08 ^ clock (in)
                                         clock (net)
                  0.13    0.00    0.08 ^ clkbuf_0_clock/A (sky130_fd_sc_hd__clkbuf_16)
     4    0.04    0.09    0.26    0.35 ^ clkbuf_0_clock/X (sky130_fd_sc_hd__clkbuf_16)
                                         clknet_0_clock (net)
                  0.09    0.00    0.35 ^ clkbuf_2_2__f_clock/A (sky130_fd_sc_hd__clkbuf_16)
     7    0.03    0.08    0.23    0.58 ^ clkbuf_2_2__f_clock/X (sky130_fd_sc_hd__clkbuf_16)
                                         clknet_2_2__leaf_clock (net)
                  0.08    0.00    0.58 ^ accumulator._2382_/CLK (sky130_fd_sc_hd__dfxtp_2)
     6    0.04    0.17    0.68    1.26 v accumulator._2382_/Q (sky130_fd_sc_hd__dfxtp_2)
                                         accumulator.io_accOut[25] (net)
                  0.17    0.00    1.26 v _25_/A (sky130_fd_sc_hd__buf_1)
     1    0.01    0.13    0.26    1.52 v _25_/X (sky130_fd_sc_hd__buf_1)
                                         net40 (net)
                  0.13    0.00    1.52 v output40/A (sky130_fd_sc_hd__buf_2)
     1    0.03    0.16    0.35    1.88 v output40/X (sky130_fd_sc_hd__buf_2)
                                         io_accOut[25] (net)
                  0.16    0.00    1.88 v io_accOut[25] (out)
                                  1.88   data arrival time

                          0.00    0.00   clock clock (rise edge)
                          0.00    0.00   clock network delay (propagated)
                          0.25    0.25   clock uncertainty
                          0.00    0.25   clock reconvergence pessimism
                         -5.00   -4.75   output external delay
                                 -4.75   data required time
-----------------------------------------------------------------------------
                                 -4.75   data required time
                                 -1.88   data arrival time
-----------------------------------------------------------------------------
                                  6.63   slack (MET)


Startpoint: accumulator._2366_
            (rising edge-triggered flip-flop clocked by clock)
Endpoint: io_accOut[9] (output port clocked by clock)
Path Group: clock
Path Type: min
Corner: Slowest

Fanout     Cap    Slew   Delay    Time   Description
-----------------------------------------------------------------------------
                          0.00    0.00   clock clock (rise edge)
                          0.00    0.00   clock source latency
     1    0.02    0.13    0.08    0.08 ^ clock (in)
                                         clock (net)
                  0.13    0.00    0.08 ^ clkbuf_0_clock/A (sky130_fd_sc_hd__clkbuf_16)
     4    0.04    0.09    0.26    0.35 ^ clkbuf_0_clock/X (sky130_fd_sc_hd__clkbuf_16)
                                         clknet_0_clock (net)
                  0.09    0.00    0.35 ^ clkbuf_2_1__f_clock/A (sky130_fd_sc_hd__clkbuf_16)
     9    0.03    0.08    0.24    0.58 ^ clkbuf_2_1__f_clock/X (sky130_fd_sc_hd__clkbuf_16)
                                         clknet_2_1__leaf_clock (net)
                  0.08    0.00    0.58 ^ accumulator._2366_/CLK (sky130_fd_sc_hd__dfxtp_1)
     4    0.02    0.15    0.63    1.22 v accumulator._2366_/Q (sky130_fd_sc_hd__dfxtp_1)
                                         accumulator.io_accOut[9] (net)
                  0.15    0.00    1.22 v _09_/A (sky130_fd_sc_hd__buf_1)
     1    0.02    0.18    0.28    1.50 v _09_/X (sky130_fd_sc_hd__buf_1)
                                         net54 (net)
                  0.18    0.00    1.50 v output54/A (sky130_fd_sc_hd__buf_2)
     1    0.03    0.17    0.38    1.88 v output54/X (sky130_fd_sc_hd__buf_2)
                                         io_accOut[9] (net)
                  0.17    0.00    1.88 v io_accOut[9] (out)
                                  1.88   data arrival time

                          0.00    0.00   clock clock (rise edge)
                          0.00    0.00   clock network delay (propagated)
                          0.25    0.25   clock uncertainty
                          0.00    0.25   clock reconvergence pessimism
                         -5.00   -4.75   output external delay
                                 -4.75   data required time
-----------------------------------------------------------------------------
                                 -4.75   data required time
                                 -1.88   data arrival time
-----------------------------------------------------------------------------
                                  6.63   slack (MET)


Startpoint: accumulator._2381_
            (rising edge-triggered flip-flop clocked by clock)
Endpoint: io_accOut[24] (output port clocked by clock)
Path Group: clock
Path Type: min
Corner: Slowest

Fanout     Cap    Slew   Delay    Time   Description
-----------------------------------------------------------------------------
                          0.00    0.00   clock clock (rise edge)
                          0.00    0.00   clock source latency
     1    0.02    0.13    0.08    0.08 ^ clock (in)
                                         clock (net)
                  0.13    0.00    0.08 ^ clkbuf_0_clock/A (sky130_fd_sc_hd__clkbuf_16)
     4    0.04    0.09    0.26    0.35 ^ clkbuf_0_clock/X (sky130_fd_sc_hd__clkbuf_16)
                                         clknet_0_clock (net)
                  0.09    0.00    0.35 ^ clkbuf_2_2__f_clock/A (sky130_fd_sc_hd__clkbuf_16)
     7    0.03    0.08    0.23    0.58 ^ clkbuf_2_2__f_clock/X (sky130_fd_sc_hd__clkbuf_16)
                                         clknet_2_2__leaf_clock (net)
                  0.08    0.00    0.58 ^ accumulator._2381_/CLK (sky130_fd_sc_hd__dfxtp_1)
     6    0.03    0.23    0.69    1.27 v accumulator._2381_/Q (sky130_fd_sc_hd__dfxtp_1)
                                         accumulator.io_accOut[24] (net)
                  0.23    0.00    1.27 v _24_/A (sky130_fd_sc_hd__clkbuf_1)
     1    0.01    0.10    0.27    1.54 v _24_/X (sky130_fd_sc_hd__clkbuf_1)
                                         net39 (net)
                  0.10    0.00    1.54 v output39/A (sky130_fd_sc_hd__buf_2)
     1    0.03    0.16    0.34    1.88 v output39/X (sky130_fd_sc_hd__buf_2)
                                         io_accOut[24] (net)
                  0.16    0.00    1.88 v io_accOut[24] (out)
                                  1.88   data arrival time

                          0.00    0.00   clock clock (rise edge)
                          0.00    0.00   clock network delay (propagated)
                          0.25    0.25   clock uncertainty
                          0.00    0.25   clock reconvergence pessimism
                         -5.00   -4.75   output external delay
                                 -4.75   data required time
-----------------------------------------------------------------------------
                                 -4.75   data required time
                                 -1.88   data arrival time
-----------------------------------------------------------------------------
                                  6.63   slack (MET)


Startpoint: accumulator._2373_
            (rising edge-triggered flip-flop clocked by clock)
Endpoint: io_accOut[16] (output port clocked by clock)
Path Group: clock
Path Type: min
Corner: Slowest

Fanout     Cap    Slew   Delay    Time   Description
-----------------------------------------------------------------------------
                          0.00    0.00   clock clock (rise edge)
                          0.00    0.00   clock source latency
     1    0.02    0.13    0.08    0.08 ^ clock (in)
                                         clock (net)
                  0.13    0.00    0.08 ^ clkbuf_0_clock/A (sky130_fd_sc_hd__clkbuf_16)
     4    0.04    0.09    0.26    0.35 ^ clkbuf_0_clock/X (sky130_fd_sc_hd__clkbuf_16)
                                         clknet_0_clock (net)
                  0.09    0.00    0.35 ^ clkbuf_2_1__f_clock/A (sky130_fd_sc_hd__clkbuf_16)
     9    0.03    0.08    0.24    0.58 ^ clkbuf_2_1__f_clock/X (sky130_fd_sc_hd__clkbuf_16)
                                         clknet_2_1__leaf_clock (net)
                  0.08    0.00    0.58 ^ accumulator._2373_/CLK (sky130_fd_sc_hd__dfxtp_1)
     3    0.02    0.14    0.63    1.22 v accumulator._2373_/Q (sky130_fd_sc_hd__dfxtp_1)
                                         accumulator.io_accOut[16] (net)
                  0.14    0.00    1.22 v _16_/A (sky130_fd_sc_hd__buf_1)
     1    0.02    0.19    0.29    1.50 v _16_/X (sky130_fd_sc_hd__buf_1)
                                         net30 (net)
                  0.19    0.00    1.51 v output30/A (sky130_fd_sc_hd__buf_2)
     1    0.03    0.17    0.38    1.89 v output30/X (sky130_fd_sc_hd__buf_2)
                                         io_accOut[16] (net)
                  0.17    0.00    1.89 v io_accOut[16] (out)
                                  1.89   data arrival time

                          0.00    0.00   clock clock (rise edge)
                          0.00    0.00   clock network delay (propagated)
                          0.25    0.25   clock uncertainty
                          0.00    0.25   clock reconvergence pessimism
                         -5.00   -4.75   output external delay
                                 -4.75   data required time
-----------------------------------------------------------------------------
                                 -4.75   data required time
                                 -1.89   data arrival time
-----------------------------------------------------------------------------
                                  6.64   slack (MET)


Startpoint: accumulator._2376_
            (rising edge-triggered flip-flop clocked by clock)
Endpoint: io_accOut[19] (output port clocked by clock)
Path Group: clock
Path Type: min
Corner: Slowest

Fanout     Cap    Slew   Delay    Time   Description
-----------------------------------------------------------------------------
                          0.00    0.00   clock clock (rise edge)
                          0.00    0.00   clock source latency
     1    0.02    0.13    0.08    0.08 ^ clock (in)
                                         clock (net)
                  0.13    0.00    0.08 ^ clkbuf_0_clock/A (sky130_fd_sc_hd__clkbuf_16)
     4    0.04    0.09    0.26    0.35 ^ clkbuf_0_clock/X (sky130_fd_sc_hd__clkbuf_16)
                                         clknet_0_clock (net)
                  0.09    0.00    0.35 ^ clkbuf_2_1__f_clock/A (sky130_fd_sc_hd__clkbuf_16)
     9    0.03    0.08    0.24    0.58 ^ clkbuf_2_1__f_clock/X (sky130_fd_sc_hd__clkbuf_16)
                                         clknet_2_1__leaf_clock (net)
                  0.08    0.00    0.58 ^ accumulator._2376_/CLK (sky130_fd_sc_hd__dfxtp_1)
     4    0.02    0.16    0.64    1.22 v accumulator._2376_/Q (sky130_fd_sc_hd__dfxtp_1)
                                         accumulator.io_accOut[19] (net)
                  0.16    0.00    1.22 v _19_/A (sky130_fd_sc_hd__buf_1)
     1    0.01    0.17    0.28    1.51 v _19_/X (sky130_fd_sc_hd__buf_1)
                                         net33 (net)
                  0.17    0.00    1.51 v output33/A (sky130_fd_sc_hd__buf_2)
     1    0.03    0.17    0.38    1.89 v output33/X (sky130_fd_sc_hd__buf_2)
                                         io_accOut[19] (net)
                  0.17    0.00    1.89 v io_accOut[19] (out)
                                  1.89   data arrival time

                          0.00    0.00   clock clock (rise edge)
                          0.00    0.00   clock network delay (propagated)
                          0.25    0.25   clock uncertainty
                          0.00    0.25   clock reconvergence pessimism
                         -5.00   -4.75   output external delay
                                 -4.75   data required time
-----------------------------------------------------------------------------
                                 -4.75   data required time
                                 -1.89   data arrival time
-----------------------------------------------------------------------------
                                  6.64   slack (MET)


Startpoint: accumulator._2364_
            (rising edge-triggered flip-flop clocked by clock)
Endpoint: io_accOut[7] (output port clocked by clock)
Path Group: clock
Path Type: min
Corner: Slowest

Fanout     Cap    Slew   Delay    Time   Description
-----------------------------------------------------------------------------
                          0.00    0.00   clock clock (rise edge)
                          0.00    0.00   clock source latency
     1    0.02    0.13    0.08    0.08 ^ clock (in)
                                         clock (net)
                  0.13    0.00    0.08 ^ clkbuf_0_clock/A (sky130_fd_sc_hd__clkbuf_16)
     4    0.04    0.09    0.26    0.35 ^ clkbuf_0_clock/X (sky130_fd_sc_hd__clkbuf_16)
                                         clknet_0_clock (net)
                  0.09    0.00    0.35 ^ clkbuf_2_1__f_clock/A (sky130_fd_sc_hd__clkbuf_16)
     9    0.03    0.08    0.24    0.58 ^ clkbuf_2_1__f_clock/X (sky130_fd_sc_hd__clkbuf_16)
                                         clknet_2_1__leaf_clock (net)
                  0.08    0.00    0.58 ^ accumulator._2364_/CLK (sky130_fd_sc_hd__dfxtp_2)
     6    0.04    0.17    0.69    1.27 v accumulator._2364_/Q (sky130_fd_sc_hd__dfxtp_2)
                                         accumulator.io_accOut[7] (net)
                  0.17    0.00    1.27 v _07_/A (sky130_fd_sc_hd__clkbuf_1)
     1    0.01    0.13    0.26    1.54 v _07_/X (sky130_fd_sc_hd__clkbuf_1)
                                         net52 (net)
                  0.13    0.00    1.54 v output52/A (sky130_fd_sc_hd__buf_2)
     1    0.03    0.17    0.36    1.89 v output52/X (sky130_fd_sc_hd__buf_2)
                                         io_accOut[7] (net)
                  0.17    0.00    1.89 v io_accOut[7] (out)
                                  1.89   data arrival time

                          0.00    0.00   clock clock (rise edge)
                          0.00    0.00   clock network delay (propagated)
                          0.25    0.25   clock uncertainty
                          0.00    0.25   clock reconvergence pessimism
                         -5.00   -4.75   output external delay
                                 -4.75   data required time
-----------------------------------------------------------------------------
                                 -4.75   data required time
                                 -1.89   data arrival time
-----------------------------------------------------------------------------
                                  6.64   slack (MET)


Startpoint: accumulator._2374_
            (rising edge-triggered flip-flop clocked by clock)
Endpoint: io_accOut[17] (output port clocked by clock)
Path Group: clock
Path Type: min
Corner: Slowest

Fanout     Cap    Slew   Delay    Time   Description
-----------------------------------------------------------------------------
                          0.00    0.00   clock clock (rise edge)
                          0.00    0.00   clock source latency
     1    0.02    0.13    0.08    0.08 ^ clock (in)
                                         clock (net)
                  0.13    0.00    0.08 ^ clkbuf_0_clock/A (sky130_fd_sc_hd__clkbuf_16)
     4    0.04    0.09    0.26    0.35 ^ clkbuf_0_clock/X (sky130_fd_sc_hd__clkbuf_16)
                                         clknet_0_clock (net)
                  0.09    0.00    0.35 ^ clkbuf_2_0__f_clock/A (sky130_fd_sc_hd__clkbuf_16)
    11    0.03    0.09    0.24    0.59 ^ clkbuf_2_0__f_clock/X (sky130_fd_sc_hd__clkbuf_16)
                                         clknet_2_0__leaf_clock (net)
                  0.09    0.00    0.59 ^ accumulator._2374_/CLK (sky130_fd_sc_hd__dfxtp_1)
     4    0.01    0.14    0.63    1.21 v accumulator._2374_/Q (sky130_fd_sc_hd__dfxtp_1)
                                         accumulator.io_accOut[17] (net)
                  0.14    0.00    1.22 v _17_/A (sky130_fd_sc_hd__buf_1)
     1    0.02    0.20    0.29    1.51 v _17_/X (sky130_fd_sc_hd__buf_1)
                                         net31 (net)
                  0.20    0.00    1.51 v output31/A (sky130_fd_sc_hd__buf_2)
     1    0.03    0.16    0.38    1.89 v output31/X (sky130_fd_sc_hd__buf_2)
                                         io_accOut[17] (net)
                  0.16    0.00    1.89 v io_accOut[17] (out)
                                  1.89   data arrival time

                          0.00    0.00   clock clock (rise edge)
                          0.00    0.00   clock network delay (propagated)
                          0.25    0.25   clock uncertainty
                          0.00    0.25   clock reconvergence pessimism
                         -5.00   -4.75   output external delay
                                 -4.75   data required time
-----------------------------------------------------------------------------
                                 -4.75   data required time
                                 -1.89   data arrival time
-----------------------------------------------------------------------------
                                  6.64   slack (MET)


Startpoint: accumulator._2380_
            (rising edge-triggered flip-flop clocked by clock)
Endpoint: io_accOut[23] (output port clocked by clock)
Path Group: clock
Path Type: min
Corner: Slowest

Fanout     Cap    Slew   Delay    Time   Description
-----------------------------------------------------------------------------
                          0.00    0.00   clock clock (rise edge)
                          0.00    0.00   clock source latency
     1    0.02    0.13    0.08    0.08 ^ clock (in)
                                         clock (net)
                  0.13    0.00    0.08 ^ clkbuf_0_clock/A (sky130_fd_sc_hd__clkbuf_16)
     4    0.04    0.09    0.26    0.35 ^ clkbuf_0_clock/X (sky130_fd_sc_hd__clkbuf_16)
                                         clknet_0_clock (net)
                  0.09    0.00    0.35 ^ clkbuf_2_2__f_clock/A (sky130_fd_sc_hd__clkbuf_16)
     7    0.03    0.08    0.23    0.58 ^ clkbuf_2_2__f_clock/X (sky130_fd_sc_hd__clkbuf_16)
                                         clknet_2_2__leaf_clock (net)
                  0.08    0.00    0.58 ^ accumulator._2380_/CLK (sky130_fd_sc_hd__dfxtp_1)
     6    0.03    0.26    0.71    1.29 v accumulator._2380_/Q (sky130_fd_sc_hd__dfxtp_1)
                                         accumulator.io_accOut[23] (net)
                  0.26    0.00    1.29 v _23_/A (sky130_fd_sc_hd__clkbuf_1)
     1    0.01    0.10    0.27    1.56 v _23_/X (sky130_fd_sc_hd__clkbuf_1)
                                         net38 (net)
                  0.10    0.00    1.56 v output38/A (sky130_fd_sc_hd__buf_2)
     1    0.03    0.16    0.34    1.90 v output38/X (sky130_fd_sc_hd__buf_2)
                                         io_accOut[23] (net)
                  0.16    0.00    1.90 v io_accOut[23] (out)
                                  1.90   data arrival time

                          0.00    0.00   clock clock (rise edge)
                          0.00    0.00   clock network delay (propagated)
                          0.25    0.25   clock uncertainty
                          0.00    0.25   clock reconvergence pessimism
                         -5.00   -4.75   output external delay
                                 -4.75   data required time
-----------------------------------------------------------------------------
                                 -4.75   data required time
                                 -1.90   data arrival time
-----------------------------------------------------------------------------
                                  6.65   slack (MET)


Startpoint: accumulator._2357_
            (rising edge-triggered flip-flop clocked by clock)
Endpoint: io_accOut[0] (output port clocked by clock)
Path Group: clock
Path Type: min
Corner: Slowest

Fanout     Cap    Slew   Delay    Time   Description
-----------------------------------------------------------------------------
                          0.00    0.00   clock clock (rise edge)
                          0.00    0.00   clock source latency
     1    0.02    0.13    0.08    0.08 ^ clock (in)
                                         clock (net)
                  0.13    0.00    0.08 ^ clkbuf_0_clock/A (sky130_fd_sc_hd__clkbuf_16)
     4    0.04    0.09    0.26    0.35 ^ clkbuf_0_clock/X (sky130_fd_sc_hd__clkbuf_16)
                                         clknet_0_clock (net)
                  0.09    0.00    0.35 ^ clkbuf_2_0__f_clock/A (sky130_fd_sc_hd__clkbuf_16)
    11    0.03    0.09    0.24    0.59 ^ clkbuf_2_0__f_clock/X (sky130_fd_sc_hd__clkbuf_16)
                                         clknet_2_0__leaf_clock (net)
                  0.09    0.00    0.59 ^ accumulator._2357_/CLK (sky130_fd_sc_hd__dfxtp_2)
     5    0.03    0.16    0.68    1.27 v accumulator._2357_/Q (sky130_fd_sc_hd__dfxtp_2)
                                         accumulator.io_accOut[0] (net)
                  0.16    0.00    1.27 v _00_/A (sky130_fd_sc_hd__buf_1)
     1    0.01    0.15    0.28    1.55 v _00_/X (sky130_fd_sc_hd__buf_1)
                                         net23 (net)
                  0.15    0.00    1.55 v output23/A (sky130_fd_sc_hd__buf_2)
     1    0.03    0.16    0.37    1.91 v output23/X (sky130_fd_sc_hd__buf_2)
                                         io_accOut[0] (net)
                  0.16    0.00    1.91 v io_accOut[0] (out)
                                  1.91   data arrival time

                          0.00    0.00   clock clock (rise edge)
                          0.00    0.00   clock network delay (propagated)
                          0.25    0.25   clock uncertainty
                          0.00    0.25   clock reconvergence pessimism
                         -5.00   -4.75   output external delay
                                 -4.75   data required time
-----------------------------------------------------------------------------
                                 -4.75   data required time
                                 -1.91   data arrival time
-----------------------------------------------------------------------------
                                  6.66   slack (MET)


Startpoint: accumulator._2387_
            (rising edge-triggered flip-flop clocked by clock)
Endpoint: io_accOut[30] (output port clocked by clock)
Path Group: clock
Path Type: min
Corner: Slowest

Fanout     Cap    Slew   Delay    Time   Description
-----------------------------------------------------------------------------
                          0.00    0.00   clock clock (rise edge)
                          0.00    0.00   clock source latency
     1    0.02    0.13    0.08    0.08 ^ clock (in)
                                         clock (net)
                  0.13    0.00    0.08 ^ clkbuf_0_clock/A (sky130_fd_sc_hd__clkbuf_16)
     4    0.04    0.09    0.26    0.35 ^ clkbuf_0_clock/X (sky130_fd_sc_hd__clkbuf_16)
                                         clknet_0_clock (net)
                  0.09    0.00    0.35 ^ clkbuf_2_2__f_clock/A (sky130_fd_sc_hd__clkbuf_16)
     7    0.03    0.08    0.23    0.58 ^ clkbuf_2_2__f_clock/X (sky130_fd_sc_hd__clkbuf_16)
                                         clknet_2_2__leaf_clock (net)
                  0.08    0.00    0.58 ^ accumulator._2387_/CLK (sky130_fd_sc_hd__dfxtp_2)
     7    0.06    0.28    0.77    1.35 v accumulator._2387_/Q (sky130_fd_sc_hd__dfxtp_2)
                                         accumulator.io_accOut[30] (net)
                  0.28    0.00    1.35 v _30_/A (sky130_fd_sc_hd__clkbuf_1)
     1    0.01    0.08    0.26    1.61 v _30_/X (sky130_fd_sc_hd__clkbuf_1)
                                         net46 (net)
                  0.08    0.00    1.61 v output46/A (sky130_fd_sc_hd__buf_2)
     1    0.03    0.16    0.33    1.94 v output46/X (sky130_fd_sc_hd__buf_2)
                                         io_accOut[30] (net)
                  0.16    0.00    1.94 v io_accOut[30] (out)
                                  1.94   data arrival time

                          0.00    0.00   clock clock (rise edge)
                          0.00    0.00   clock network delay (propagated)
                          0.25    0.25   clock uncertainty
                          0.00    0.25   clock reconvergence pessimism
                         -5.00   -4.75   output external delay
                                 -4.75   data required time
-----------------------------------------------------------------------------
                                 -4.75   data required time
                                 -1.94   data arrival time
-----------------------------------------------------------------------------
                                  6.69   slack (MET)


Startpoint: accumulator._2379_
            (rising edge-triggered flip-flop clocked by clock)
Endpoint: io_accOut[22] (output port clocked by clock)
Path Group: clock
Path Type: min
Corner: Slowest

Fanout     Cap    Slew   Delay    Time   Description
-----------------------------------------------------------------------------
                          0.00    0.00   clock clock (rise edge)
                          0.00    0.00   clock source latency
     1    0.02    0.13    0.08    0.08 ^ clock (in)
                                         clock (net)
                  0.13    0.00    0.08 ^ clkbuf_0_clock/A (sky130_fd_sc_hd__clkbuf_16)
     4    0.04    0.09    0.26    0.35 ^ clkbuf_0_clock/X (sky130_fd_sc_hd__clkbuf_16)
                                         clknet_0_clock (net)
                  0.09    0.00    0.35 ^ clkbuf_2_3__f_clock/A (sky130_fd_sc_hd__clkbuf_16)
    10    0.03    0.08    0.24    0.58 ^ clkbuf_2_3__f_clock/X (sky130_fd_sc_hd__clkbuf_16)
                                         clknet_2_3__leaf_clock (net)
                  0.08    0.00    0.58 ^ accumulator._2379_/CLK (sky130_fd_sc_hd__dfxtp_1)
     4    0.03    0.25    0.71    1.29 v accumulator._2379_/Q (sky130_fd_sc_hd__dfxtp_1)
                                         accumulator.io_accOut[22] (net)
                  0.25    0.00    1.29 v _22_/A (sky130_fd_sc_hd__buf_1)
     1    0.01    0.13    0.29    1.59 v _22_/X (sky130_fd_sc_hd__buf_1)
                                         net37 (net)
                  0.13    0.00    1.59 v output37/A (sky130_fd_sc_hd__buf_2)
     1    0.03    0.16    0.35    1.94 v output37/X (sky130_fd_sc_hd__buf_2)
                                         io_accOut[22] (net)
                  0.16    0.00    1.94 v io_accOut[22] (out)
                                  1.94   data arrival time

                          0.00    0.00   clock clock (rise edge)
                          0.00    0.00   clock network delay (propagated)
                          0.25    0.25   clock uncertainty
                          0.00    0.25   clock reconvergence pessimism
                         -5.00   -4.75   output external delay
                                 -4.75   data required time
-----------------------------------------------------------------------------
                                 -4.75   data required time
                                 -1.94   data arrival time
-----------------------------------------------------------------------------
                                  6.69   slack (MET)


Startpoint: accumulator._2355_
            (rising edge-triggered flip-flop clocked by clock)
Endpoint: io_accOut[31] (output port clocked by clock)
Path Group: clock
Path Type: min
Corner: Slowest

Fanout     Cap    Slew   Delay    Time   Description
-----------------------------------------------------------------------------
                          0.00    0.00   clock clock (rise edge)
                          0.00    0.00   clock source latency
     1    0.02    0.13    0.08    0.08 ^ clock (in)
                                         clock (net)
                  0.13    0.00    0.08 ^ clkbuf_0_clock/A (sky130_fd_sc_hd__clkbuf_16)
     4    0.04    0.09    0.26    0.35 ^ clkbuf_0_clock/X (sky130_fd_sc_hd__clkbuf_16)
                                         clknet_0_clock (net)
                  0.09    0.00    0.35 ^ clkbuf_2_0__f_clock/A (sky130_fd_sc_hd__clkbuf_16)
    11    0.03    0.09    0.24    0.59 ^ clkbuf_2_0__f_clock/X (sky130_fd_sc_hd__clkbuf_16)
                                         clknet_2_0__leaf_clock (net)
                  0.09    0.00    0.59 ^ accumulator._2355_/CLK (sky130_fd_sc_hd__dfxtp_2)
     4    0.03    0.16    0.68    1.27 v accumulator._2355_/Q (sky130_fd_sc_hd__dfxtp_2)
                                         accumulator.io_accOut[31] (net)
                  0.16    0.00    1.27 v _31_/A (sky130_fd_sc_hd__buf_1)
     1    0.02    0.20    0.31    1.58 v _31_/X (sky130_fd_sc_hd__buf_1)
                                         net47 (net)
                  0.20    0.00    1.58 v output47/A (sky130_fd_sc_hd__clkbuf_4)
     1    0.03    0.14    0.37    1.95 v output47/X (sky130_fd_sc_hd__clkbuf_4)
                                         io_accOut[31] (net)
                  0.14    0.00    1.95 v io_accOut[31] (out)
                                  1.95   data arrival time

                          0.00    0.00   clock clock (rise edge)
                          0.00    0.00   clock network delay (propagated)
                          0.25    0.25   clock uncertainty
                          0.00    0.25   clock reconvergence pessimism
                         -5.00   -4.75   output external delay
                                 -4.75   data required time
-----------------------------------------------------------------------------
                                 -4.75   data required time
                                 -1.95   data arrival time
-----------------------------------------------------------------------------
                                  6.70   slack (MET)


Startpoint: accumulator._2369_
            (rising edge-triggered flip-flop clocked by clock)
Endpoint: io_accOut[12] (output port clocked by clock)
Path Group: clock
Path Type: min
Corner: Slowest

Fanout     Cap    Slew   Delay    Time   Description
-----------------------------------------------------------------------------
                          0.00    0.00   clock clock (rise edge)
                          0.00    0.00   clock source latency
     1    0.02    0.13    0.08    0.08 ^ clock (in)
                                         clock (net)
                  0.13    0.00    0.08 ^ clkbuf_0_clock/A (sky130_fd_sc_hd__clkbuf_16)
     4    0.04    0.09    0.26    0.35 ^ clkbuf_0_clock/X (sky130_fd_sc_hd__clkbuf_16)
                                         clknet_0_clock (net)
                  0.09    0.00    0.35 ^ clkbuf_2_0__f_clock/A (sky130_fd_sc_hd__clkbuf_16)
    11    0.03    0.09    0.24    0.59 ^ clkbuf_2_0__f_clock/X (sky130_fd_sc_hd__clkbuf_16)
                                         clknet_2_0__leaf_clock (net)
                  0.09    0.00    0.59 ^ accumulator._2369_/CLK (sky130_fd_sc_hd__dfxtp_1)
     4    0.01    0.14    0.63    1.22 v accumulator._2369_/Q (sky130_fd_sc_hd__dfxtp_1)
                                         accumulator.io_accOut[12] (net)
                  0.14    0.00    1.22 v _12_/A (sky130_fd_sc_hd__buf_1)
     2    0.02    0.24    0.32    1.54 v _12_/X (sky130_fd_sc_hd__buf_1)
                                         net26 (net)
                  0.24    0.00    1.54 v output26/A (sky130_fd_sc_hd__buf_2)
     1    0.03    0.17    0.40    1.95 v output26/X (sky130_fd_sc_hd__buf_2)
                                         io_accOut[12] (net)
                  0.17    0.00    1.95 v io_accOut[12] (out)
                                  1.95   data arrival time

                          0.00    0.00   clock clock (rise edge)
                          0.00    0.00   clock network delay (propagated)
                          0.25    0.25   clock uncertainty
                          0.00    0.25   clock reconvergence pessimism
                         -5.00   -4.75   output external delay
                                 -4.75   data required time
-----------------------------------------------------------------------------
                                 -4.75   data required time
                                 -1.95   data arrival time
-----------------------------------------------------------------------------
                                  6.70   slack (MET)


Startpoint: accumulator._2371_
            (rising edge-triggered flip-flop clocked by clock)
Endpoint: io_accOut[14] (output port clocked by clock)
Path Group: clock
Path Type: min
Corner: Slowest

Fanout     Cap    Slew   Delay    Time   Description
-----------------------------------------------------------------------------
                          0.00    0.00   clock clock (rise edge)
                          0.00    0.00   clock source latency
     1    0.02    0.13    0.08    0.08 ^ clock (in)
                                         clock (net)
                  0.13    0.00    0.08 ^ clkbuf_0_clock/A (sky130_fd_sc_hd__clkbuf_16)
     4    0.04    0.09    0.26    0.35 ^ clkbuf_0_clock/X (sky130_fd_sc_hd__clkbuf_16)
                                         clknet_0_clock (net)
                  0.09    0.00    0.35 ^ clkbuf_2_1__f_clock/A (sky130_fd_sc_hd__clkbuf_16)
     9    0.03    0.08    0.24    0.58 ^ clkbuf_2_1__f_clock/X (sky130_fd_sc_hd__clkbuf_16)
                                         clknet_2_1__leaf_clock (net)
                  0.08    0.00    0.58 ^ accumulator._2371_/CLK (sky130_fd_sc_hd__dfxtp_1)
     4    0.02    0.18    0.66    1.24 v accumulator._2371_/Q (sky130_fd_sc_hd__dfxtp_1)
                                         accumulator.io_accOut[14] (net)
                  0.18    0.00    1.24 v _14_/A (sky130_fd_sc_hd__buf_1)
     2    0.02    0.20    0.32    1.56 v _14_/X (sky130_fd_sc_hd__buf_1)
                                         net28 (net)
                  0.20    0.00    1.56 v output28/A (sky130_fd_sc_hd__buf_2)
     1    0.03    0.16    0.39    1.95 v output28/X (sky130_fd_sc_hd__buf_2)
                                         io_accOut[14] (net)
                  0.16    0.00    1.95 v io_accOut[14] (out)
                                  1.95   data arrival time

                          0.00    0.00   clock clock (rise edge)
                          0.00    0.00   clock network delay (propagated)
                          0.25    0.25   clock uncertainty
                          0.00    0.25   clock reconvergence pessimism
                         -5.00   -4.75   output external delay
                                 -4.75   data required time
-----------------------------------------------------------------------------
                                 -4.75   data required time
                                 -1.95   data arrival time
-----------------------------------------------------------------------------
                                  6.70   slack (MET)


Startpoint: accumulator._2370_
            (rising edge-triggered flip-flop clocked by clock)
Endpoint: io_accOut[13] (output port clocked by clock)
Path Group: clock
Path Type: min
Corner: Slowest

Fanout     Cap    Slew   Delay    Time   Description
-----------------------------------------------------------------------------
                          0.00    0.00   clock clock (rise edge)
                          0.00    0.00   clock source latency
     1    0.02    0.13    0.08    0.08 ^ clock (in)
                                         clock (net)
                  0.13    0.00    0.08 ^ clkbuf_0_clock/A (sky130_fd_sc_hd__clkbuf_16)
     4    0.04    0.09    0.26    0.35 ^ clkbuf_0_clock/X (sky130_fd_sc_hd__clkbuf_16)
                                         clknet_0_clock (net)
                  0.09    0.00    0.35 ^ clkbuf_2_1__f_clock/A (sky130_fd_sc_hd__clkbuf_16)
     9    0.03    0.08    0.24    0.58 ^ clkbuf_2_1__f_clock/X (sky130_fd_sc_hd__clkbuf_16)
                                         clknet_2_1__leaf_clock (net)
                  0.08    0.00    0.58 ^ accumulator._2370_/CLK (sky130_fd_sc_hd__dfxtp_1)
     4    0.02    0.18    0.66    1.24 v accumulator._2370_/Q (sky130_fd_sc_hd__dfxtp_1)
                                         accumulator.io_accOut[13] (net)
                  0.18    0.00    1.24 v _13_/A (sky130_fd_sc_hd__buf_1)
     1    0.02    0.20    0.32    1.56 v _13_/X (sky130_fd_sc_hd__buf_1)
                                         net27 (net)
                  0.20    0.00    1.56 v output27/A (sky130_fd_sc_hd__buf_2)
     1    0.03    0.17    0.39    1.95 v output27/X (sky130_fd_sc_hd__buf_2)
                                         io_accOut[13] (net)
                  0.17    0.00    1.95 v io_accOut[13] (out)
                                  1.95   data arrival time

                          0.00    0.00   clock clock (rise edge)
                          0.00    0.00   clock network delay (propagated)
                          0.25    0.25   clock uncertainty
                          0.00    0.25   clock reconvergence pessimism
                         -5.00   -4.75   output external delay
                                 -4.75   data required time
-----------------------------------------------------------------------------
                                 -4.75   data required time
                                 -1.95   data arrival time
-----------------------------------------------------------------------------
                                  6.70   slack (MET)


Startpoint: accumulator._2360_
            (rising edge-triggered flip-flop clocked by clock)
Endpoint: io_accOut[3] (output port clocked by clock)
Path Group: clock
Path Type: min
Corner: Slowest

Fanout     Cap    Slew   Delay    Time   Description
-----------------------------------------------------------------------------
                          0.00    0.00   clock clock (rise edge)
                          0.00    0.00   clock source latency
     1    0.02    0.13    0.08    0.08 ^ clock (in)
                                         clock (net)
                  0.13    0.00    0.08 ^ clkbuf_0_clock/A (sky130_fd_sc_hd__clkbuf_16)
     4    0.04    0.09    0.26    0.35 ^ clkbuf_0_clock/X (sky130_fd_sc_hd__clkbuf_16)
                                         clknet_0_clock (net)
                  0.09    0.00    0.35 ^ clkbuf_2_0__f_clock/A (sky130_fd_sc_hd__clkbuf_16)
    11    0.03    0.09    0.24    0.59 ^ clkbuf_2_0__f_clock/X (sky130_fd_sc_hd__clkbuf_16)
                                         clknet_2_0__leaf_clock (net)
                  0.09    0.00    0.59 ^ accumulator._2360_/CLK (sky130_fd_sc_hd__dfxtp_1)
     4    0.02    0.22    0.69    1.28 v accumulator._2360_/Q (sky130_fd_sc_hd__dfxtp_1)
                                         accumulator.io_accOut[3] (net)
                  0.22    0.00    1.28 v _03_/A (sky130_fd_sc_hd__buf_1)
     1    0.01    0.16    0.30    1.58 v _03_/X (sky130_fd_sc_hd__buf_1)
                                         net48 (net)
                  0.16    0.00    1.58 v output48/A (sky130_fd_sc_hd__buf_2)
     1    0.03    0.17    0.37    1.95 v output48/X (sky130_fd_sc_hd__buf_2)
                                         io_accOut[3] (net)
                  0.17    0.00    1.95 v io_accOut[3] (out)
                                  1.95   data arrival time

                          0.00    0.00   clock clock (rise edge)
                          0.00    0.00   clock network delay (propagated)
                          0.25    0.25   clock uncertainty
                          0.00    0.25   clock reconvergence pessimism
                         -5.00   -4.75   output external delay
                                 -4.75   data required time
-----------------------------------------------------------------------------
                                 -4.75   data required time
                                 -1.95   data arrival time
-----------------------------------------------------------------------------
                                  6.70   slack (MET)


Startpoint: accumulator._2367_
            (rising edge-triggered flip-flop clocked by clock)
Endpoint: io_accOut[10] (output port clocked by clock)
Path Group: clock
Path Type: min
Corner: Slowest

Fanout     Cap    Slew   Delay    Time   Description
-----------------------------------------------------------------------------
                          0.00    0.00   clock clock (rise edge)
                          0.00    0.00   clock source latency
     1    0.02    0.13    0.08    0.08 ^ clock (in)
                                         clock (net)
                  0.13    0.00    0.08 ^ clkbuf_0_clock/A (sky130_fd_sc_hd__clkbuf_16)
     4    0.04    0.09    0.26    0.35 ^ clkbuf_0_clock/X (sky130_fd_sc_hd__clkbuf_16)
                                         clknet_0_clock (net)
                  0.09    0.00    0.35 ^ clkbuf_2_3__f_clock/A (sky130_fd_sc_hd__clkbuf_16)
    10    0.03    0.08    0.24    0.58 ^ clkbuf_2_3__f_clock/X (sky130_fd_sc_hd__clkbuf_16)
                                         clknet_2_3__leaf_clock (net)
                  0.08    0.00    0.58 ^ accumulator._2367_/CLK (sky130_fd_sc_hd__dfxtp_1)
     4    0.03    0.27    0.72    1.30 v accumulator._2367_/Q (sky130_fd_sc_hd__dfxtp_1)
                                         accumulator.io_accOut[10] (net)
                  0.27    0.00    1.30 v _10_/A (sky130_fd_sc_hd__clkbuf_1)
     1    0.01    0.15    0.31    1.61 v _10_/X (sky130_fd_sc_hd__clkbuf_1)
                                         net24 (net)
                  0.15    0.00    1.61 v output24/A (sky130_fd_sc_hd__buf_2)
     1    0.03    0.17    0.36    1.98 v output24/X (sky130_fd_sc_hd__buf_2)
                                         io_accOut[10] (net)
                  0.17    0.00    1.98 v io_accOut[10] (out)
                                  1.98   data arrival time

                          0.00    0.00   clock clock (rise edge)
                          0.00    0.00   clock network delay (propagated)
                          0.25    0.25   clock uncertainty
                          0.00    0.25   clock reconvergence pessimism
                         -5.00   -4.75   output external delay
                                 -4.75   data required time
-----------------------------------------------------------------------------
                                 -4.75   data required time
                                 -1.98   data arrival time
-----------------------------------------------------------------------------
                                  6.73   slack (MET)


Startpoint: accumulator._2378_
            (rising edge-triggered flip-flop clocked by clock)
Endpoint: io_accOut[21] (output port clocked by clock)
Path Group: clock
Path Type: min
Corner: Slowest

Fanout     Cap    Slew   Delay    Time   Description
-----------------------------------------------------------------------------
                          0.00    0.00   clock clock (rise edge)
                          0.00    0.00   clock source latency
     1    0.02    0.13    0.08    0.08 ^ clock (in)
                                         clock (net)
                  0.13    0.00    0.08 ^ clkbuf_0_clock/A (sky130_fd_sc_hd__clkbuf_16)
     4    0.04    0.09    0.26    0.35 ^ clkbuf_0_clock/X (sky130_fd_sc_hd__clkbuf_16)
                                         clknet_0_clock (net)
                  0.09    0.00    0.35 ^ clkbuf_2_1__f_clock/A (sky130_fd_sc_hd__clkbuf_16)
     9    0.03    0.08    0.24    0.58 ^ clkbuf_2_1__f_clock/X (sky130_fd_sc_hd__clkbuf_16)
                                         clknet_2_1__leaf_clock (net)
                  0.08    0.00    0.58 ^ accumulator._2378_/CLK (sky130_fd_sc_hd__dfxtp_1)
     4    0.03    0.25    0.71    1.29 v accumulator._2378_/Q (sky130_fd_sc_hd__dfxtp_1)
                                         accumulator.io_accOut[21] (net)
                  0.25    0.00    1.29 v _21_/A (sky130_fd_sc_hd__buf_1)
     1    0.01    0.16    0.32    1.61 v _21_/X (sky130_fd_sc_hd__buf_1)
                                         net36 (net)
                  0.16    0.00    1.61 v output36/A (sky130_fd_sc_hd__buf_2)
     1    0.03    0.17    0.37    1.98 v output36/X (sky130_fd_sc_hd__buf_2)
                                         io_accOut[21] (net)
                  0.17    0.00    1.98 v io_accOut[21] (out)
                                  1.98   data arrival time

                          0.00    0.00   clock clock (rise edge)
                          0.00    0.00   clock network delay (propagated)
                          0.25    0.25   clock uncertainty
                          0.00    0.25   clock reconvergence pessimism
                         -5.00   -4.75   output external delay
                                 -4.75   data required time
-----------------------------------------------------------------------------
                                 -4.75   data required time
                                 -1.98   data arrival time
-----------------------------------------------------------------------------
                                  6.73   slack (MET)


Startpoint: accumulator._2358_
            (rising edge-triggered flip-flop clocked by clock)
Endpoint: io_accOut[1] (output port clocked by clock)
Path Group: clock
Path Type: min
Corner: Slowest

Fanout     Cap    Slew   Delay    Time   Description
-----------------------------------------------------------------------------
                          0.00    0.00   clock clock (rise edge)
                          0.00    0.00   clock source latency
     1    0.02    0.13    0.08    0.08 ^ clock (in)
                                         clock (net)
                  0.13    0.00    0.08 ^ clkbuf_0_clock/A (sky130_fd_sc_hd__clkbuf_16)
     4    0.04    0.09    0.26    0.35 ^ clkbuf_0_clock/X (sky130_fd_sc_hd__clkbuf_16)
                                         clknet_0_clock (net)
                  0.09    0.00    0.35 ^ clkbuf_2_2__f_clock/A (sky130_fd_sc_hd__clkbuf_16)
     7    0.03    0.08    0.23    0.58 ^ clkbuf_2_2__f_clock/X (sky130_fd_sc_hd__clkbuf_16)
                                         clknet_2_2__leaf_clock (net)
                  0.08    0.00    0.58 ^ accumulator._2358_/CLK (sky130_fd_sc_hd__dfxtp_1)
     5    0.03    0.30    0.74    1.32 v accumulator._2358_/Q (sky130_fd_sc_hd__dfxtp_1)
                                         accumulator.io_accOut[1] (net)
                  0.30    0.00    1.32 v _01_/A (sky130_fd_sc_hd__buf_1)
     1    0.01    0.16    0.33    1.65 v _01_/X (sky130_fd_sc_hd__buf_1)
                                         net34 (net)
                  0.16    0.00    1.65 v output34/A (sky130_fd_sc_hd__buf_2)
     1    0.03    0.16    0.37    2.02 v output34/X (sky130_fd_sc_hd__buf_2)
                                         io_accOut[1] (net)
                  0.16    0.00    2.02 v io_accOut[1] (out)
                                  2.02   data arrival time

                          0.00    0.00   clock clock (rise edge)
                          0.00    0.00   clock network delay (propagated)
                          0.25    0.25   clock uncertainty
                          0.00    0.25   clock reconvergence pessimism
                         -5.00   -4.75   output external delay
                                 -4.75   data required time
-----------------------------------------------------------------------------
                                 -4.75   data required time
                                 -2.02   data arrival time
-----------------------------------------------------------------------------
                                  6.77   slack (MET)


Startpoint: accumulator._2361_
            (rising edge-triggered flip-flop clocked by clock)
Endpoint: io_accOut[4] (output port clocked by clock)
Path Group: clock
Path Type: min
Corner: Slowest

Fanout     Cap    Slew   Delay    Time   Description
-----------------------------------------------------------------------------
                          0.00    0.00   clock clock (rise edge)
                          0.00    0.00   clock source latency
     1    0.02    0.13    0.08    0.08 ^ clock (in)
                                         clock (net)
                  0.13    0.00    0.08 ^ clkbuf_0_clock/A (sky130_fd_sc_hd__clkbuf_16)
     4    0.04    0.09    0.26    0.35 ^ clkbuf_0_clock/X (sky130_fd_sc_hd__clkbuf_16)
                                         clknet_0_clock (net)
                  0.09    0.00    0.35 ^ clkbuf_2_0__f_clock/A (sky130_fd_sc_hd__clkbuf_16)
    11    0.03    0.09    0.24    0.59 ^ clkbuf_2_0__f_clock/X (sky130_fd_sc_hd__clkbuf_16)
                                         clknet_2_0__leaf_clock (net)
                  0.09    0.00    0.59 ^ accumulator._2361_/CLK (sky130_fd_sc_hd__dfxtp_1)
     5    0.03    0.27    0.72    1.31 v accumulator._2361_/Q (sky130_fd_sc_hd__dfxtp_1)
                                         accumulator.io_accOut[4] (net)
                  0.27    0.00    1.31 v _04_/A (sky130_fd_sc_hd__buf_1)
     1    0.02    0.18    0.34    1.65 v _04_/X (sky130_fd_sc_hd__buf_1)
                                         net49 (net)
                  0.18    0.00    1.65 v output49/A (sky130_fd_sc_hd__buf_2)
     1    0.03    0.17    0.38    2.02 v output49/X (sky130_fd_sc_hd__buf_2)
                                         io_accOut[4] (net)
                  0.17    0.00    2.03 v io_accOut[4] (out)
                                  2.03   data arrival time

                          0.00    0.00   clock clock (rise edge)
                          0.00    0.00   clock network delay (propagated)
                          0.25    0.25   clock uncertainty
                          0.00    0.25   clock reconvergence pessimism
                         -5.00   -4.75   output external delay
                                 -4.75   data required time
-----------------------------------------------------------------------------
                                 -4.75   data required time
                                 -2.03   data arrival time
-----------------------------------------------------------------------------
                                  6.78   slack (MET)


Startpoint: accumulator._2356_
            (rising edge-triggered flip-flop clocked by clock)
Endpoint: io_done (output port clocked by clock)
Path Group: clock
Path Type: min
Corner: Slowest

Fanout     Cap    Slew   Delay    Time   Description
-----------------------------------------------------------------------------
                          0.00    0.00   clock clock (rise edge)
                          0.00    0.00   clock source latency
     1    0.02    0.13    0.08    0.08 ^ clock (in)
                                         clock (net)
                  0.13    0.00    0.08 ^ clkbuf_0_clock/A (sky130_fd_sc_hd__clkbuf_16)
     4    0.04    0.09    0.26    0.35 ^ clkbuf_0_clock/X (sky130_fd_sc_hd__clkbuf_16)
                                         clknet_0_clock (net)
                  0.09    0.00    0.35 ^ clkbuf_2_3__f_clock/A (sky130_fd_sc_hd__clkbuf_16)
    10    0.03    0.08    0.24    0.58 ^ clkbuf_2_3__f_clock/X (sky130_fd_sc_hd__clkbuf_16)
                                         clknet_2_3__leaf_clock (net)
                  0.08    0.00    0.58 ^ accumulator._2356_/CLK (sky130_fd_sc_hd__dfxtp_1)
     3    0.01    0.09    0.59    1.17 v accumulator._2356_/Q (sky130_fd_sc_hd__dfxtp_1)
                                         accumulator.state[1] (net)
                  0.09    0.00    1.17 v accumulator._1177_/B (sky130_fd_sc_hd__and2b_1)
     1    0.00    0.06    0.31    1.47 v accumulator._1177_/X (sky130_fd_sc_hd__and2b_1)
                                         accumulator._1145_ (net)
                  0.06    0.00    1.47 v accumulator._1178_/A (sky130_fd_sc_hd__buf_1)
     2    0.01    0.12    0.20    1.68 v accumulator._1178_/X (sky130_fd_sc_hd__buf_1)
                                         net55 (net)
                  0.12    0.00    1.68 v output55/A (sky130_fd_sc_hd__buf_2)
     1    0.03    0.16    0.35    2.03 v output55/X (sky130_fd_sc_hd__buf_2)
                                         io_done (net)
                  0.16    0.00    2.03 v io_done (out)
                                  2.03   data arrival time

                          0.00    0.00   clock clock (rise edge)
                          0.00    0.00   clock network delay (propagated)
                          0.25    0.25   clock uncertainty
                          0.00    0.25   clock reconvergence pessimism
                         -5.00   -4.75   output external delay
                                 -4.75   data required time
-----------------------------------------------------------------------------
                                 -4.75   data required time
                                 -2.03   data arrival time
-----------------------------------------------------------------------------
                                  6.78   slack (MET)


Startpoint: accumulator._2362_
            (rising edge-triggered flip-flop clocked by clock)
Endpoint: io_accOut[5] (output port clocked by clock)
Path Group: clock
Path Type: min
Corner: Slowest

Fanout     Cap    Slew   Delay    Time   Description
-----------------------------------------------------------------------------
                          0.00    0.00   clock clock (rise edge)
                          0.00    0.00   clock source latency
     1    0.02    0.13    0.08    0.08 ^ clock (in)
                                         clock (net)
                  0.13    0.00    0.08 ^ clkbuf_0_clock/A (sky130_fd_sc_hd__clkbuf_16)
     4    0.04    0.09    0.26    0.35 ^ clkbuf_0_clock/X (sky130_fd_sc_hd__clkbuf_16)
                                         clknet_0_clock (net)
                  0.09    0.00    0.35 ^ clkbuf_2_0__f_clock/A (sky130_fd_sc_hd__clkbuf_16)
    11    0.03    0.09    0.24    0.59 ^ clkbuf_2_0__f_clock/X (sky130_fd_sc_hd__clkbuf_16)
                                         clknet_2_0__leaf_clock (net)
                  0.09    0.00    0.59 ^ accumulator._2362_/CLK (sky130_fd_sc_hd__dfxtp_1)
     6    0.03    0.29    0.74    1.33 v accumulator._2362_/Q (sky130_fd_sc_hd__dfxtp_1)
                                         accumulator.io_accOut[5] (net)
                  0.29    0.00    1.33 v _05_/A (sky130_fd_sc_hd__buf_1)
     1    0.02    0.19    0.35    1.68 v _05_/X (sky130_fd_sc_hd__buf_1)
                                         net50 (net)
                  0.19    0.00    1.68 v output50/A (sky130_fd_sc_hd__clkbuf_4)
     1    0.03    0.14    0.36    2.04 v output50/X (sky130_fd_sc_hd__clkbuf_4)
                                         io_accOut[5] (net)
                  0.14    0.00    2.04 v io_accOut[5] (out)
                                  2.04   data arrival time

                          0.00    0.00   clock clock (rise edge)
                          0.00    0.00   clock network delay (propagated)
                          0.25    0.25   clock uncertainty
                          0.00    0.25   clock reconvergence pessimism
                         -5.00   -4.75   output external delay
                                 -4.75   data required time
-----------------------------------------------------------------------------
                                 -4.75   data required time
                                 -2.04   data arrival time
-----------------------------------------------------------------------------
                                  6.79   slack (MET)



worst slack corner Slowest: 0.8398
======================= Typical Corner ===================================

Startpoint: accumulator._2382_
            (rising edge-triggered flip-flop clocked by clock)
Endpoint: accumulator._2382_ (rising edge-triggered flip-flop clocked by clock)
Path Group: clock
Path Type: min
Corner: Typical

Fanout     Cap    Slew   Delay    Time   Description
-----------------------------------------------------------------------------
                          0.00    0.00   clock clock (rise edge)
                          0.00    0.00   clock source latency
     1    0.02    0.08    0.05    0.05 ^ clock (in)
                                         clock (net)
                  0.08    0.00    0.05 ^ clkbuf_0_clock/A (sky130_fd_sc_hd__clkbuf_16)
     4    0.04    0.06    0.15    0.20 ^ clkbuf_0_clock/X (sky130_fd_sc_hd__clkbuf_16)
                                         clknet_0_clock (net)
                  0.06    0.00    0.20 ^ clkbuf_2_2__f_clock/A (sky130_fd_sc_hd__clkbuf_16)
     7    0.03    0.05    0.13    0.33 ^ clkbuf_2_2__f_clock/X (sky130_fd_sc_hd__clkbuf_16)
                                         clknet_2_2__leaf_clock (net)
                  0.05    0.00    0.33 ^ accumulator._2382_/CLK (sky130_fd_sc_hd__dfxtp_2)
     6    0.04    0.09    0.35    0.69 v accumulator._2382_/Q (sky130_fd_sc_hd__dfxtp_2)
                                         accumulator.io_accOut[25] (net)
                  0.09    0.00    0.69 v accumulator._2300_/A1 (sky130_fd_sc_hd__o21ai_1)
     1    0.00    0.08    0.13    0.82 ^ accumulator._2300_/Y (sky130_fd_sc_hd__o21ai_1)
                                         accumulator._0252_ (net)
                  0.08    0.00    0.82 ^ accumulator._2301_/B1 (sky130_fd_sc_hd__a21oi_1)
     1    0.00    0.03    0.04    0.86 v accumulator._2301_/Y (sky130_fd_sc_hd__a21oi_1)
                                         accumulator._0027_ (net)
                  0.03    0.00    0.86 v accumulator._2382_/D (sky130_fd_sc_hd__dfxtp_2)
                                  0.86   data arrival time

                          0.00    0.00   clock clock (rise edge)
                          0.00    0.00   clock source latency
     1    0.02    0.08    0.06    0.06 ^ clock (in)
                                         clock (net)
                  0.08    0.00    0.06 ^ clkbuf_0_clock/A (sky130_fd_sc_hd__clkbuf_16)
     4    0.04    0.06    0.16    0.22 ^ clkbuf_0_clock/X (sky130_fd_sc_hd__clkbuf_16)
                                         clknet_0_clock (net)
                  0.06    0.00    0.22 ^ clkbuf_2_2__f_clock/A (sky130_fd_sc_hd__clkbuf_16)
     7    0.03    0.05    0.15    0.37 ^ clkbuf_2_2__f_clock/X (sky130_fd_sc_hd__clkbuf_16)
                                         clknet_2_2__leaf_clock (net)
                  0.05    0.00    0.37 ^ accumulator._2382_/CLK (sky130_fd_sc_hd__dfxtp_2)
                          0.25    0.62   clock uncertainty
                         -0.04    0.58   clock reconvergence pessimism
                         -0.04    0.55   library hold time
                                  0.55   data required time
-----------------------------------------------------------------------------
                                  0.55   data required time
                                 -0.86   data arrival time
-----------------------------------------------------------------------------
                                  0.32   slack (MET)


Startpoint: accumulator._2375_
            (rising edge-triggered flip-flop clocked by clock)
Endpoint: accumulator._2375_ (rising edge-triggered flip-flop clocked by clock)
Path Group: clock
Path Type: min
Corner: Typical

Fanout     Cap    Slew   Delay    Time   Description
-----------------------------------------------------------------------------
                          0.00    0.00   clock clock (rise edge)
                          0.00    0.00   clock source latency
     1    0.02    0.08    0.05    0.05 ^ clock (in)
                                         clock (net)
                  0.08    0.00    0.05 ^ clkbuf_0_clock/A (sky130_fd_sc_hd__clkbuf_16)
     4    0.04    0.06    0.15    0.20 ^ clkbuf_0_clock/X (sky130_fd_sc_hd__clkbuf_16)
                                         clknet_0_clock (net)
                  0.06    0.00    0.20 ^ clkbuf_2_0__f_clock/A (sky130_fd_sc_hd__clkbuf_16)
    11    0.04    0.06    0.14    0.34 ^ clkbuf_2_0__f_clock/X (sky130_fd_sc_hd__clkbuf_16)
                                         clknet_2_0__leaf_clock (net)
                  0.06    0.00    0.34 ^ accumulator._2375_/CLK (sky130_fd_sc_hd__dfxtp_1)
     4    0.02    0.21    0.41    0.74 ^ accumulator._2375_/Q (sky130_fd_sc_hd__dfxtp_1)
                                         accumulator.io_accOut[18] (net)
                  0.21    0.00    0.74 ^ accumulator._2250_/A1 (sky130_fd_sc_hd__o211a_1)
     1    0.00    0.04    0.17    0.91 ^ accumulator._2250_/X (sky130_fd_sc_hd__o211a_1)
                                         accumulator._0020_ (net)
                  0.04    0.00    0.91 ^ accumulator._2375_/D (sky130_fd_sc_hd__dfxtp_1)
                                  0.91   data arrival time

                          0.00    0.00   clock clock (rise edge)
                          0.00    0.00   clock source latency
     1    0.02    0.08    0.06    0.06 ^ clock (in)
                                         clock (net)
                  0.08    0.00    0.06 ^ clkbuf_0_clock/A (sky130_fd_sc_hd__clkbuf_16)
     4    0.04    0.06    0.16    0.22 ^ clkbuf_0_clock/X (sky130_fd_sc_hd__clkbuf_16)
                                         clknet_0_clock (net)
                  0.06    0.00    0.22 ^ clkbuf_2_0__f_clock/A (sky130_fd_sc_hd__clkbuf_16)
    11    0.04    0.06    0.15    0.37 ^ clkbuf_2_0__f_clock/X (sky130_fd_sc_hd__clkbuf_16)
                                         clknet_2_0__leaf_clock (net)
                  0.06    0.00    0.37 ^ accumulator._2375_/CLK (sky130_fd_sc_hd__dfxtp_1)
                          0.25    0.62   clock uncertainty
                         -0.04    0.59   clock reconvergence pessimism
                         -0.03    0.56   library hold time
                                  0.56   data required time
-----------------------------------------------------------------------------
                                  0.56   data required time
                                 -0.91   data arrival time
-----------------------------------------------------------------------------
                                  0.35   slack (MET)


Startpoint: accumulator._2388_
            (rising edge-triggered flip-flop clocked by clock)
Endpoint: accumulator._2356_ (rising edge-triggered flip-flop clocked by clock)
Path Group: clock
Path Type: min
Corner: Typical

Fanout     Cap    Slew   Delay    Time   Description
-----------------------------------------------------------------------------
                          0.00    0.00   clock clock (rise edge)
                          0.00    0.00   clock source latency
     1    0.02    0.08    0.05    0.05 ^ clock (in)
                                         clock (net)
                  0.08    0.00    0.05 ^ clkbuf_0_clock/A (sky130_fd_sc_hd__clkbuf_16)
     4    0.04    0.06    0.15    0.20 ^ clkbuf_0_clock/X (sky130_fd_sc_hd__clkbuf_16)
                                         clknet_0_clock (net)
                  0.06    0.00    0.20 ^ clkbuf_2_3__f_clock/A (sky130_fd_sc_hd__clkbuf_16)
    10    0.03    0.05    0.13    0.34 ^ clkbuf_2_3__f_clock/X (sky130_fd_sc_hd__clkbuf_16)
                                         clknet_2_3__leaf_clock (net)
                  0.05    0.00    0.34 ^ accumulator._2388_/CLK (sky130_fd_sc_hd__dfxtp_1)
     5    0.01    0.08    0.32    0.66 v accumulator._2388_/Q (sky130_fd_sc_hd__dfxtp_1)
                                         accumulator.state[0] (net)
                  0.08    0.00    0.66 v accumulator._1295_/B (sky130_fd_sc_hd__and2b_1)
     1    0.00    0.04    0.16    0.82 v accumulator._1295_/X (sky130_fd_sc_hd__and2b_1)
                                         accumulator._0391_ (net)
                  0.04    0.00    0.82 v accumulator._1296_/A (sky130_fd_sc_hd__clkbuf_1)
     1    0.00    0.02    0.08    0.90 v accumulator._1296_/X (sky130_fd_sc_hd__clkbuf_1)
                                         accumulator._0001_ (net)
                  0.02    0.00    0.90 v accumulator._2356_/D (sky130_fd_sc_hd__dfxtp_1)
                                  0.90   data arrival time

                          0.00    0.00   clock clock (rise edge)
                          0.00    0.00   clock source latency
     1    0.02    0.08    0.06    0.06 ^ clock (in)
                                         clock (net)
                  0.08    0.00    0.06 ^ clkbuf_0_clock/A (sky130_fd_sc_hd__clkbuf_16)
     4    0.04    0.06    0.16    0.22 ^ clkbuf_0_clock/X (sky130_fd_sc_hd__clkbuf_16)
                                         clknet_0_clock (net)
                  0.06    0.00    0.22 ^ clkbuf_2_3__f_clock/A (sky130_fd_sc_hd__clkbuf_16)
    10    0.03    0.05    0.15    0.37 ^ clkbuf_2_3__f_clock/X (sky130_fd_sc_hd__clkbuf_16)
                                         clknet_2_3__leaf_clock (net)
                  0.05    0.00    0.37 ^ accumulator._2356_/CLK (sky130_fd_sc_hd__dfxtp_1)
                          0.25    0.62   clock uncertainty
                         -0.04    0.59   clock reconvergence pessimism
                         -0.04    0.54   library hold time
                                  0.54   data required time
-----------------------------------------------------------------------------
                                  0.54   data required time
                                 -0.90   data arrival time
-----------------------------------------------------------------------------
                                  0.35   slack (MET)


Startpoint: accumulator._2381_
            (rising edge-triggered flip-flop clocked by clock)
Endpoint: accumulator._2381_ (rising edge-triggered flip-flop clocked by clock)
Path Group: clock
Path Type: min
Corner: Typical

Fanout     Cap    Slew   Delay    Time   Description
-----------------------------------------------------------------------------
                          0.00    0.00   clock clock (rise edge)
                          0.00    0.00   clock source latency
     1    0.02    0.08    0.05    0.05 ^ clock (in)
                                         clock (net)
                  0.08    0.00    0.05 ^ clkbuf_0_clock/A (sky130_fd_sc_hd__clkbuf_16)
     4    0.04    0.06    0.15    0.20 ^ clkbuf_0_clock/X (sky130_fd_sc_hd__clkbuf_16)
                                         clknet_0_clock (net)
                  0.06    0.00    0.20 ^ clkbuf_2_2__f_clock/A (sky130_fd_sc_hd__clkbuf_16)
     7    0.03    0.05    0.13    0.33 ^ clkbuf_2_2__f_clock/X (sky130_fd_sc_hd__clkbuf_16)
                                         clknet_2_2__leaf_clock (net)
                  0.05    0.00    0.33 ^ accumulator._2381_/CLK (sky130_fd_sc_hd__dfxtp_1)
     6    0.03    0.12    0.36    0.69 v accumulator._2381_/Q (sky130_fd_sc_hd__dfxtp_1)
                                         accumulator.io_accOut[24] (net)
                  0.12    0.00    0.69 v accumulator._2294_/A1 (sky130_fd_sc_hd__o211a_1)
     1    0.00    0.03    0.23    0.92 v accumulator._2294_/X (sky130_fd_sc_hd__o211a_1)
                                         accumulator._0026_ (net)
                  0.03    0.00    0.92 v accumulator._2381_/D (sky130_fd_sc_hd__dfxtp_1)
                                  0.92   data arrival time

                          0.00    0.00   clock clock (rise edge)
                          0.00    0.00   clock source latency
     1    0.02    0.08    0.06    0.06 ^ clock (in)
                                         clock (net)
                  0.08    0.00    0.06 ^ clkbuf_0_clock/A (sky130_fd_sc_hd__clkbuf_16)
     4    0.04    0.06    0.16    0.22 ^ clkbuf_0_clock/X (sky130_fd_sc_hd__clkbuf_16)
                                         clknet_0_clock (net)
                  0.06    0.00    0.22 ^ clkbuf_2_2__f_clock/A (sky130_fd_sc_hd__clkbuf_16)
     7    0.03    0.05    0.15    0.37 ^ clkbuf_2_2__f_clock/X (sky130_fd_sc_hd__clkbuf_16)
                                         clknet_2_2__leaf_clock (net)
                  0.05    0.00    0.37 ^ accumulator._2381_/CLK (sky130_fd_sc_hd__dfxtp_1)
                          0.25    0.62   clock uncertainty
                         -0.04    0.58   clock reconvergence pessimism
                         -0.04    0.54   library hold time
                                  0.54   data required time
-----------------------------------------------------------------------------
                                  0.54   data required time
                                 -0.92   data arrival time
-----------------------------------------------------------------------------
                                  0.38   slack (MET)


Startpoint: accumulator._2355_
            (rising edge-triggered flip-flop clocked by clock)
Endpoint: accumulator._2355_ (rising edge-triggered flip-flop clocked by clock)
Path Group: clock
Path Type: min
Corner: Typical

Fanout     Cap    Slew   Delay    Time   Description
-----------------------------------------------------------------------------
                          0.00    0.00   clock clock (rise edge)
                          0.00    0.00   clock source latency
     1    0.02    0.08    0.05    0.05 ^ clock (in)
                                         clock (net)
                  0.08    0.00    0.05 ^ clkbuf_0_clock/A (sky130_fd_sc_hd__clkbuf_16)
     4    0.04    0.06    0.15    0.20 ^ clkbuf_0_clock/X (sky130_fd_sc_hd__clkbuf_16)
                                         clknet_0_clock (net)
                  0.06    0.00    0.20 ^ clkbuf_2_0__f_clock/A (sky130_fd_sc_hd__clkbuf_16)
    11    0.04    0.06    0.14    0.34 ^ clkbuf_2_0__f_clock/X (sky130_fd_sc_hd__clkbuf_16)
                                         clknet_2_0__leaf_clock (net)
                  0.06    0.00    0.34 ^ accumulator._2355_/CLK (sky130_fd_sc_hd__dfxtp_2)
     4    0.03    0.09    0.35    0.69 v accumulator._2355_/Q (sky130_fd_sc_hd__dfxtp_2)
                                         accumulator.io_accOut[31] (net)
                  0.09    0.00    0.69 v accumulator._1293_/B1 (sky130_fd_sc_hd__a21o_1)
     1    0.00    0.03    0.16    0.85 v accumulator._1293_/X (sky130_fd_sc_hd__a21o_1)
                                         accumulator._0390_ (net)
                  0.03    0.00    0.85 v accumulator._1294_/C1 (sky130_fd_sc_hd__o311a_1)
     1    0.00    0.02    0.09    0.94 v accumulator._1294_/X (sky130_fd_sc_hd__o311a_1)
                                         accumulator._0000_ (net)
                  0.02    0.00    0.94 v accumulator._2355_/D (sky130_fd_sc_hd__dfxtp_2)
                                  0.94   data arrival time

                          0.00    0.00   clock clock (rise edge)
                          0.00    0.00   clock source latency
     1    0.02    0.08    0.06    0.06 ^ clock (in)
                                         clock (net)
                  0.08    0.00    0.06 ^ clkbuf_0_clock/A (sky130_fd_sc_hd__clkbuf_16)
     4    0.04    0.06    0.16    0.22 ^ clkbuf_0_clock/X (sky130_fd_sc_hd__clkbuf_16)
                                         clknet_0_clock (net)
                  0.06    0.00    0.22 ^ clkbuf_2_0__f_clock/A (sky130_fd_sc_hd__clkbuf_16)
    11    0.04    0.06    0.15    0.37 ^ clkbuf_2_0__f_clock/X (sky130_fd_sc_hd__clkbuf_16)
                                         clknet_2_0__leaf_clock (net)
                  0.06    0.00    0.37 ^ accumulator._2355_/CLK (sky130_fd_sc_hd__dfxtp_2)
                          0.25    0.62   clock uncertainty
                         -0.04    0.59   clock reconvergence pessimism
                         -0.04    0.55   library hold time
                                  0.55   data required time
-----------------------------------------------------------------------------
                                  0.55   data required time
                                 -0.94   data arrival time
-----------------------------------------------------------------------------
                                  0.38   slack (MET)


Startpoint: accumulator._2366_
            (rising edge-triggered flip-flop clocked by clock)
Endpoint: accumulator._2366_ (rising edge-triggered flip-flop clocked by clock)
Path Group: clock
Path Type: min
Corner: Typical

Fanout     Cap    Slew   Delay    Time   Description
-----------------------------------------------------------------------------
                          0.00    0.00   clock clock (rise edge)
                          0.00    0.00   clock source latency
     1    0.02    0.08    0.05    0.05 ^ clock (in)
                                         clock (net)
                  0.08    0.00    0.05 ^ clkbuf_0_clock/A (sky130_fd_sc_hd__clkbuf_16)
     4    0.04    0.06    0.15    0.20 ^ clkbuf_0_clock/X (sky130_fd_sc_hd__clkbuf_16)
                                         clknet_0_clock (net)
                  0.06    0.00    0.20 ^ clkbuf_2_1__f_clock/A (sky130_fd_sc_hd__clkbuf_16)
     9    0.03    0.05    0.13    0.34 ^ clkbuf_2_1__f_clock/X (sky130_fd_sc_hd__clkbuf_16)
                                         clknet_2_1__leaf_clock (net)
                  0.05    0.00    0.34 ^ accumulator._2366_/CLK (sky130_fd_sc_hd__dfxtp_1)
     4    0.02    0.16    0.37    0.71 ^ accumulator._2366_/Q (sky130_fd_sc_hd__dfxtp_1)
                                         accumulator.io_accOut[9] (net)
                  0.16    0.00    0.71 ^ accumulator._2178_/A1 (sky130_fd_sc_hd__a22o_1)
     1    0.00    0.05    0.15    0.86 ^ accumulator._2178_/X (sky130_fd_sc_hd__a22o_1)
                                         accumulator._0133_ (net)
                  0.05    0.00    0.86 ^ accumulator._2179_/A2 (sky130_fd_sc_hd__o21a_1)
     1    0.00    0.04    0.09    0.95 ^ accumulator._2179_/X (sky130_fd_sc_hd__o21a_1)
                                         accumulator._0011_ (net)
                  0.04    0.00    0.95 ^ accumulator._2366_/D (sky130_fd_sc_hd__dfxtp_1)
                                  0.95   data arrival time

                          0.00    0.00   clock clock (rise edge)
                          0.00    0.00   clock source latency
     1    0.02    0.08    0.06    0.06 ^ clock (in)
                                         clock (net)
                  0.08    0.00    0.06 ^ clkbuf_0_clock/A (sky130_fd_sc_hd__clkbuf_16)
     4    0.04    0.06    0.16    0.22 ^ clkbuf_0_clock/X (sky130_fd_sc_hd__clkbuf_16)
                                         clknet_0_clock (net)
                  0.06    0.00    0.22 ^ clkbuf_2_1__f_clock/A (sky130_fd_sc_hd__clkbuf_16)
     9    0.03    0.05    0.15    0.37 ^ clkbuf_2_1__f_clock/X (sky130_fd_sc_hd__clkbuf_16)
                                         clknet_2_1__leaf_clock (net)
                  0.05    0.00    0.37 ^ accumulator._2366_/CLK (sky130_fd_sc_hd__dfxtp_1)
                          0.25    0.62   clock uncertainty
                         -0.04    0.59   clock reconvergence pessimism
                         -0.03    0.56   library hold time
                                  0.56   data required time
-----------------------------------------------------------------------------
                                  0.56   data required time
                                 -0.95   data arrival time
-----------------------------------------------------------------------------
                                  0.39   slack (MET)


Startpoint: accumulator._2368_
            (rising edge-triggered flip-flop clocked by clock)
Endpoint: accumulator._2368_ (rising edge-triggered flip-flop clocked by clock)
Path Group: clock
Path Type: min
Corner: Typical

Fanout     Cap    Slew   Delay    Time   Description
-----------------------------------------------------------------------------
                          0.00    0.00   clock clock (rise edge)
                          0.00    0.00   clock source latency
     1    0.02    0.08    0.05    0.05 ^ clock (in)
                                         clock (net)
                  0.08    0.00    0.05 ^ clkbuf_0_clock/A (sky130_fd_sc_hd__clkbuf_16)
     4    0.04    0.06    0.15    0.20 ^ clkbuf_0_clock/X (sky130_fd_sc_hd__clkbuf_16)
                                         clknet_0_clock (net)
                  0.06    0.00    0.20 ^ clkbuf_2_1__f_clock/A (sky130_fd_sc_hd__clkbuf_16)
     9    0.03    0.05    0.13    0.34 ^ clkbuf_2_1__f_clock/X (sky130_fd_sc_hd__clkbuf_16)
                                         clknet_2_1__leaf_clock (net)
                  0.05    0.00    0.34 ^ accumulator._2368_/CLK (sky130_fd_sc_hd__dfxtp_1)
     4    0.01    0.15    0.36    0.70 ^ accumulator._2368_/Q (sky130_fd_sc_hd__dfxtp_1)
                                         accumulator.io_accOut[11] (net)
                  0.15    0.00    0.70 ^ accumulator._2191_/B1 (sky130_fd_sc_hd__a2bb2o_2)
     1    0.00    0.04    0.17    0.87 ^ accumulator._2191_/X (sky130_fd_sc_hd__a2bb2o_2)
                                         accumulator._0146_ (net)
                  0.04    0.00    0.87 ^ accumulator._2192_/A2 (sky130_fd_sc_hd__o21a_1)
     1    0.00    0.03    0.09    0.96 ^ accumulator._2192_/X (sky130_fd_sc_hd__o21a_1)
                                         accumulator._0013_ (net)
                  0.03    0.00    0.96 ^ accumulator._2368_/D (sky130_fd_sc_hd__dfxtp_1)
                                  0.96   data arrival time

                          0.00    0.00   clock clock (rise edge)
                          0.00    0.00   clock source latency
     1    0.02    0.08    0.06    0.06 ^ clock (in)
                                         clock (net)
                  0.08    0.00    0.06 ^ clkbuf_0_clock/A (sky130_fd_sc_hd__clkbuf_16)
     4    0.04    0.06    0.16    0.22 ^ clkbuf_0_clock/X (sky130_fd_sc_hd__clkbuf_16)
                                         clknet_0_clock (net)
                  0.06    0.00    0.22 ^ clkbuf_2_1__f_clock/A (sky130_fd_sc_hd__clkbuf_16)
     9    0.03    0.05    0.15    0.37 ^ clkbuf_2_1__f_clock/X (sky130_fd_sc_hd__clkbuf_16)
                                         clknet_2_1__leaf_clock (net)
                  0.05    0.00    0.37 ^ accumulator._2368_/CLK (sky130_fd_sc_hd__dfxtp_1)
                          0.25    0.62   clock uncertainty
                         -0.04    0.59   clock reconvergence pessimism
                         -0.03    0.56   library hold time
                                  0.56   data required time
-----------------------------------------------------------------------------
                                  0.56   data required time
                                 -0.96   data arrival time
-----------------------------------------------------------------------------
                                  0.40   slack (MET)


Startpoint: accumulator._2360_
            (rising edge-triggered flip-flop clocked by clock)
Endpoint: accumulator._2360_ (rising edge-triggered flip-flop clocked by clock)
Path Group: clock
Path Type: min
Corner: Typical

Fanout     Cap    Slew   Delay    Time   Description
-----------------------------------------------------------------------------
                          0.00    0.00   clock clock (rise edge)
                          0.00    0.00   clock source latency
     1    0.02    0.08    0.05    0.05 ^ clock (in)
                                         clock (net)
                  0.08    0.00    0.05 ^ clkbuf_0_clock/A (sky130_fd_sc_hd__clkbuf_16)
     4    0.04    0.06    0.15    0.20 ^ clkbuf_0_clock/X (sky130_fd_sc_hd__clkbuf_16)
                                         clknet_0_clock (net)
                  0.06    0.00    0.20 ^ clkbuf_2_0__f_clock/A (sky130_fd_sc_hd__clkbuf_16)
    11    0.04    0.06    0.14    0.34 ^ clkbuf_2_0__f_clock/X (sky130_fd_sc_hd__clkbuf_16)
                                         clknet_2_0__leaf_clock (net)
                  0.06    0.00    0.34 ^ accumulator._2360_/CLK (sky130_fd_sc_hd__dfxtp_1)
     4    0.02    0.12    0.35    0.69 v accumulator._2360_/Q (sky130_fd_sc_hd__dfxtp_1)
                                         accumulator.io_accOut[3] (net)
                  0.12    0.00    0.69 v accumulator._1712_/A (sky130_fd_sc_hd__inv_2)
     2    0.01    0.06    0.09    0.78 ^ accumulator._1712_/Y (sky130_fd_sc_hd__inv_2)
                                         accumulator._0807_ (net)
                  0.06    0.00    0.78 ^ accumulator._2128_/A1 (sky130_fd_sc_hd__o22a_1)
     1    0.00    0.04    0.13    0.91 ^ accumulator._2128_/X (sky130_fd_sc_hd__o22a_1)
                                         accumulator._0084_ (net)
                  0.04    0.00    0.91 ^ accumulator._2129_/B (sky130_fd_sc_hd__nor2_1)
     1    0.00    0.02    0.03    0.95 v accumulator._2129_/Y (sky130_fd_sc_hd__nor2_1)
                                         accumulator._0005_ (net)
                  0.02    0.00    0.95 v accumulator._2360_/D (sky130_fd_sc_hd__dfxtp_1)
                                  0.95   data arrival time

                          0.00    0.00   clock clock (rise edge)
                          0.00    0.00   clock source latency
     1    0.02    0.08    0.06    0.06 ^ clock (in)
                                         clock (net)
                  0.08    0.00    0.06 ^ clkbuf_0_clock/A (sky130_fd_sc_hd__clkbuf_16)
     4    0.04    0.06    0.16    0.22 ^ clkbuf_0_clock/X (sky130_fd_sc_hd__clkbuf_16)
                                         clknet_0_clock (net)
                  0.06    0.00    0.22 ^ clkbuf_2_0__f_clock/A (sky130_fd_sc_hd__clkbuf_16)
    11    0.04    0.06    0.15    0.37 ^ clkbuf_2_0__f_clock/X (sky130_fd_sc_hd__clkbuf_16)
                                         clknet_2_0__leaf_clock (net)
                  0.06    0.00    0.38 ^ accumulator._2360_/CLK (sky130_fd_sc_hd__dfxtp_1)
                          0.25    0.63   clock uncertainty
                         -0.04    0.59   clock reconvergence pessimism
                         -0.04    0.55   library hold time
                                  0.55   data required time
-----------------------------------------------------------------------------
                                  0.55   data required time
                                 -0.95   data arrival time
-----------------------------------------------------------------------------
                                  0.40   slack (MET)


Startpoint: accumulator._2385_
            (rising edge-triggered flip-flop clocked by clock)
Endpoint: accumulator._2385_ (rising edge-triggered flip-flop clocked by clock)
Path Group: clock
Path Type: min
Corner: Typical

Fanout     Cap    Slew   Delay    Time   Description
-----------------------------------------------------------------------------
                          0.00    0.00   clock clock (rise edge)
                          0.00    0.00   clock source latency
     1    0.02    0.08    0.05    0.05 ^ clock (in)
                                         clock (net)
                  0.08    0.00    0.05 ^ clkbuf_0_clock/A (sky130_fd_sc_hd__clkbuf_16)
     4    0.04    0.06    0.15    0.20 ^ clkbuf_0_clock/X (sky130_fd_sc_hd__clkbuf_16)
                                         clknet_0_clock (net)
                  0.06    0.00    0.20 ^ clkbuf_2_3__f_clock/A (sky130_fd_sc_hd__clkbuf_16)
    10    0.03    0.05    0.13    0.34 ^ clkbuf_2_3__f_clock/X (sky130_fd_sc_hd__clkbuf_16)
                                         clknet_2_3__leaf_clock (net)
                  0.05    0.00    0.34 ^ accumulator._2385_/CLK (sky130_fd_sc_hd__dfxtp_1)
     6    0.02    0.18    0.39    0.72 ^ accumulator._2385_/Q (sky130_fd_sc_hd__dfxtp_1)
                                         accumulator.io_accOut[28] (net)
                  0.18    0.00    0.72 ^ accumulator._2333_/A (sky130_fd_sc_hd__or2_1)
     1    0.00    0.04    0.12    0.85 ^ accumulator._2333_/X (sky130_fd_sc_hd__or2_1)
                                         accumulator._0285_ (net)
                  0.04    0.00    0.85 ^ accumulator._2334_/B1 (sky130_fd_sc_hd__o211a_1)
     1    0.00    0.04    0.12    0.97 ^ accumulator._2334_/X (sky130_fd_sc_hd__o211a_1)
                                         accumulator._0030_ (net)
                  0.04    0.00    0.97 ^ accumulator._2385_/D (sky130_fd_sc_hd__dfxtp_1)
                                  0.97   data arrival time

                          0.00    0.00   clock clock (rise edge)
                          0.00    0.00   clock source latency
     1    0.02    0.08    0.06    0.06 ^ clock (in)
                                         clock (net)
                  0.08    0.00    0.06 ^ clkbuf_0_clock/A (sky130_fd_sc_hd__clkbuf_16)
     4    0.04    0.06    0.16    0.22 ^ clkbuf_0_clock/X (sky130_fd_sc_hd__clkbuf_16)
                                         clknet_0_clock (net)
                  0.06    0.00    0.22 ^ clkbuf_2_3__f_clock/A (sky130_fd_sc_hd__clkbuf_16)
    10    0.03    0.05    0.15    0.37 ^ clkbuf_2_3__f_clock/X (sky130_fd_sc_hd__clkbuf_16)
                                         clknet_2_3__leaf_clock (net)
                  0.05    0.00    0.37 ^ accumulator._2385_/CLK (sky130_fd_sc_hd__dfxtp_1)
                          0.25    0.62   clock uncertainty
                         -0.04    0.59   clock reconvergence pessimism
                         -0.03    0.56   library hold time
                                  0.56   data required time
-----------------------------------------------------------------------------
                                  0.56   data required time
                                 -0.97   data arrival time
-----------------------------------------------------------------------------
                                  0.41   slack (MET)


Startpoint: accumulator._2386_
            (rising edge-triggered flip-flop clocked by clock)
Endpoint: accumulator._2386_ (rising edge-triggered flip-flop clocked by clock)
Path Group: clock
Path Type: min
Corner: Typical

Fanout     Cap    Slew   Delay    Time   Description
-----------------------------------------------------------------------------
                          0.00    0.00   clock clock (rise edge)
                          0.00    0.00   clock source latency
     1    0.02    0.08    0.05    0.05 ^ clock (in)
                                         clock (net)
                  0.08    0.00    0.05 ^ clkbuf_0_clock/A (sky130_fd_sc_hd__clkbuf_16)
     4    0.04    0.06    0.15    0.20 ^ clkbuf_0_clock/X (sky130_fd_sc_hd__clkbuf_16)
                                         clknet_0_clock (net)
                  0.06    0.00    0.20 ^ clkbuf_2_3__f_clock/A (sky130_fd_sc_hd__clkbuf_16)
    10    0.03    0.05    0.13    0.34 ^ clkbuf_2_3__f_clock/X (sky130_fd_sc_hd__clkbuf_16)
                                         clknet_2_3__leaf_clock (net)
                  0.05    0.00    0.34 ^ accumulator._2386_/CLK (sky130_fd_sc_hd__dfxtp_1)
     6    0.02    0.19    0.39    0.73 ^ accumulator._2386_/Q (sky130_fd_sc_hd__dfxtp_1)
                                         accumulator.io_accOut[29] (net)
                  0.19    0.00    0.73 ^ accumulator._2342_/A (sky130_fd_sc_hd__or2_1)
     1    0.00    0.04    0.12    0.85 ^ accumulator._2342_/X (sky130_fd_sc_hd__or2_1)
                                         accumulator._0294_ (net)
                  0.04    0.00    0.85 ^ accumulator._2343_/B1 (sky130_fd_sc_hd__o211a_1)
     1    0.00    0.03    0.12    0.97 ^ accumulator._2343_/X (sky130_fd_sc_hd__o211a_1)
                                         accumulator._0031_ (net)
                  0.03    0.00    0.97 ^ accumulator._2386_/D (sky130_fd_sc_hd__dfxtp_1)
                                  0.97   data arrival time

                          0.00    0.00   clock clock (rise edge)
                          0.00    0.00   clock source latency
     1    0.02    0.08    0.06    0.06 ^ clock (in)
                                         clock (net)
                  0.08    0.00    0.06 ^ clkbuf_0_clock/A (sky130_fd_sc_hd__clkbuf_16)
     4    0.04    0.06    0.16    0.22 ^ clkbuf_0_clock/X (sky130_fd_sc_hd__clkbuf_16)
                                         clknet_0_clock (net)
                  0.06    0.00    0.22 ^ clkbuf_2_3__f_clock/A (sky130_fd_sc_hd__clkbuf_16)
    10    0.03    0.05    0.15    0.37 ^ clkbuf_2_3__f_clock/X (sky130_fd_sc_hd__clkbuf_16)
                                         clknet_2_3__leaf_clock (net)
                  0.05    0.00    0.37 ^ accumulator._2386_/CLK (sky130_fd_sc_hd__dfxtp_1)
                          0.25    0.62   clock uncertainty
                         -0.04    0.59   clock reconvergence pessimism
                         -0.03    0.56   library hold time
                                  0.56   data required time
-----------------------------------------------------------------------------
                                  0.56   data required time
                                 -0.97   data arrival time
-----------------------------------------------------------------------------
                                  0.41   slack (MET)


Startpoint: accumulator._2361_
            (rising edge-triggered flip-flop clocked by clock)
Endpoint: accumulator._2361_ (rising edge-triggered flip-flop clocked by clock)
Path Group: clock
Path Type: min
Corner: Typical

Fanout     Cap    Slew   Delay    Time   Description
-----------------------------------------------------------------------------
                          0.00    0.00   clock clock (rise edge)
                          0.00    0.00   clock source latency
     1    0.02    0.08    0.05    0.05 ^ clock (in)
                                         clock (net)
                  0.08    0.00    0.05 ^ clkbuf_0_clock/A (sky130_fd_sc_hd__clkbuf_16)
     4    0.04    0.06    0.15    0.20 ^ clkbuf_0_clock/X (sky130_fd_sc_hd__clkbuf_16)
                                         clknet_0_clock (net)
                  0.06    0.00    0.20 ^ clkbuf_2_0__f_clock/A (sky130_fd_sc_hd__clkbuf_16)
    11    0.04    0.06    0.14    0.34 ^ clkbuf_2_0__f_clock/X (sky130_fd_sc_hd__clkbuf_16)
                                         clknet_2_0__leaf_clock (net)
                  0.06    0.00    0.34 ^ accumulator._2361_/CLK (sky130_fd_sc_hd__dfxtp_1)
     5    0.03    0.14    0.37    0.71 v accumulator._2361_/Q (sky130_fd_sc_hd__dfxtp_1)
                                         accumulator.io_accOut[4] (net)
                  0.14    0.00    0.71 v accumulator._1709_/A (sky130_fd_sc_hd__inv_2)
     2    0.01    0.06    0.09    0.80 ^ accumulator._1709_/Y (sky130_fd_sc_hd__inv_2)
                                         accumulator._0804_ (net)
                  0.06    0.00    0.80 ^ accumulator._2135_/A1 (sky130_fd_sc_hd__o22a_1)
     1    0.00    0.05    0.13    0.93 ^ accumulator._2135_/X (sky130_fd_sc_hd__o22a_1)
                                         accumulator._0091_ (net)
                  0.05    0.00    0.93 ^ accumulator._2136_/B (sky130_fd_sc_hd__nor2_1)
     1    0.00    0.02    0.03    0.97 v accumulator._2136_/Y (sky130_fd_sc_hd__nor2_1)
                                         accumulator._0006_ (net)
                  0.02    0.00    0.97 v accumulator._2361_/D (sky130_fd_sc_hd__dfxtp_1)
                                  0.97   data arrival time

                          0.00    0.00   clock clock (rise edge)
                          0.00    0.00   clock source latency
     1    0.02    0.08    0.06    0.06 ^ clock (in)
                                         clock (net)
                  0.08    0.00    0.06 ^ clkbuf_0_clock/A (sky130_fd_sc_hd__clkbuf_16)
     4    0.04    0.06    0.16    0.22 ^ clkbuf_0_clock/X (sky130_fd_sc_hd__clkbuf_16)
                                         clknet_0_clock (net)
                  0.06    0.00    0.22 ^ clkbuf_2_0__f_clock/A (sky130_fd_sc_hd__clkbuf_16)
    11    0.04    0.06    0.15    0.37 ^ clkbuf_2_0__f_clock/X (sky130_fd_sc_hd__clkbuf_16)
                                         clknet_2_0__leaf_clock (net)
                  0.06    0.00    0.38 ^ accumulator._2361_/CLK (sky130_fd_sc_hd__dfxtp_1)
                          0.25    0.63   clock uncertainty
                         -0.04    0.59   clock reconvergence pessimism
                         -0.04    0.55   library hold time
                                  0.55   data required time
-----------------------------------------------------------------------------
                                  0.55   data required time
                                 -0.97   data arrival time
-----------------------------------------------------------------------------
                                  0.42   slack (MET)


Startpoint: accumulator._2363_
            (rising edge-triggered flip-flop clocked by clock)
Endpoint: accumulator._2363_ (rising edge-triggered flip-flop clocked by clock)
Path Group: clock
Path Type: min
Corner: Typical

Fanout     Cap    Slew   Delay    Time   Description
-----------------------------------------------------------------------------
                          0.00    0.00   clock clock (rise edge)
                          0.00    0.00   clock source latency
     1    0.02    0.08    0.05    0.05 ^ clock (in)
                                         clock (net)
                  0.08    0.00    0.05 ^ clkbuf_0_clock/A (sky130_fd_sc_hd__clkbuf_16)
     4    0.04    0.06    0.15    0.20 ^ clkbuf_0_clock/X (sky130_fd_sc_hd__clkbuf_16)
                                         clknet_0_clock (net)
                  0.06    0.00    0.20 ^ clkbuf_2_0__f_clock/A (sky130_fd_sc_hd__clkbuf_16)
    11    0.04    0.06    0.14    0.34 ^ clkbuf_2_0__f_clock/X (sky130_fd_sc_hd__clkbuf_16)
                                         clknet_2_0__leaf_clock (net)
                  0.06    0.00    0.34 ^ accumulator._2363_/CLK (sky130_fd_sc_hd__dfxtp_2)
     6    0.04    0.09    0.36    0.70 v accumulator._2363_/Q (sky130_fd_sc_hd__dfxtp_2)
                                         accumulator.io_accOut[6] (net)
                  0.09    0.00    0.70 v accumulator._2150_/A1_N (sky130_fd_sc_hd__o2bb2a_1)
     1    0.00    0.06    0.25    0.95 ^ accumulator._2150_/X (sky130_fd_sc_hd__o2bb2a_1)
                                         accumulator._0106_ (net)
                  0.06    0.00    0.95 ^ accumulator._2151_/B (sky130_fd_sc_hd__nor2_1)
     1    0.00    0.02    0.04    0.98 v accumulator._2151_/Y (sky130_fd_sc_hd__nor2_1)
                                         accumulator._0008_ (net)
                  0.02    0.00    0.98 v accumulator._2363_/D (sky130_fd_sc_hd__dfxtp_2)
                                  0.98   data arrival time

                          0.00    0.00   clock clock (rise edge)
                          0.00    0.00   clock source latency
     1    0.02    0.08    0.06    0.06 ^ clock (in)
                                         clock (net)
                  0.08    0.00    0.06 ^ clkbuf_0_clock/A (sky130_fd_sc_hd__clkbuf_16)
     4    0.04    0.06    0.16    0.22 ^ clkbuf_0_clock/X (sky130_fd_sc_hd__clkbuf_16)
                                         clknet_0_clock (net)
                  0.06    0.00    0.22 ^ clkbuf_2_0__f_clock/A (sky130_fd_sc_hd__clkbuf_16)
    11    0.04    0.06    0.15    0.37 ^ clkbuf_2_0__f_clock/X (sky130_fd_sc_hd__clkbuf_16)
                                         clknet_2_0__leaf_clock (net)
                  0.06    0.00    0.37 ^ accumulator._2363_/CLK (sky130_fd_sc_hd__dfxtp_2)
                          0.25    0.62   clock uncertainty
                         -0.04    0.59   clock reconvergence pessimism
                         -0.03    0.56   library hold time
                                  0.56   data required time
-----------------------------------------------------------------------------
                                  0.56   data required time
                                 -0.98   data arrival time
-----------------------------------------------------------------------------
                                  0.43   slack (MET)


Startpoint: accumulator._2364_
            (rising edge-triggered flip-flop clocked by clock)
Endpoint: accumulator._2364_ (rising edge-triggered flip-flop clocked by clock)
Path Group: clock
Path Type: min
Corner: Typical

Fanout     Cap    Slew   Delay    Time   Description
-----------------------------------------------------------------------------
                          0.00    0.00   clock clock (rise edge)
                          0.00    0.00   clock source latency
     1    0.02    0.08    0.05    0.05 ^ clock (in)
                                         clock (net)
                  0.08    0.00    0.05 ^ clkbuf_0_clock/A (sky130_fd_sc_hd__clkbuf_16)
     4    0.04    0.06    0.15    0.20 ^ clkbuf_0_clock/X (sky130_fd_sc_hd__clkbuf_16)
                                         clknet_0_clock (net)
                  0.06    0.00    0.20 ^ clkbuf_2_1__f_clock/A (sky130_fd_sc_hd__clkbuf_16)
     9    0.03    0.05    0.13    0.34 ^ clkbuf_2_1__f_clock/X (sky130_fd_sc_hd__clkbuf_16)
                                         clknet_2_1__leaf_clock (net)
                  0.05    0.00    0.34 ^ accumulator._2364_/CLK (sky130_fd_sc_hd__dfxtp_2)
     6    0.04    0.19    0.41    0.74 ^ accumulator._2364_/Q (sky130_fd_sc_hd__dfxtp_2)
                                         accumulator.io_accOut[7] (net)
                  0.19    0.00    0.75 ^ accumulator._2161_/B2 (sky130_fd_sc_hd__a32o_1)
     1    0.00    0.06    0.15    0.89 ^ accumulator._2161_/X (sky130_fd_sc_hd__a32o_1)
                                         accumulator._0117_ (net)
                  0.06    0.00    0.89 ^ accumulator._2163_/A2 (sky130_fd_sc_hd__o21a_1)
     1    0.00    0.04    0.09    0.99 ^ accumulator._2163_/X (sky130_fd_sc_hd__o21a_1)
                                         accumulator._0009_ (net)
                  0.04    0.00    0.99 ^ accumulator._2364_/D (sky130_fd_sc_hd__dfxtp_2)
                                  0.99   data arrival time

                          0.00    0.00   clock clock (rise edge)
                          0.00    0.00   clock source latency
     1    0.02    0.08    0.06    0.06 ^ clock (in)
                                         clock (net)
                  0.08    0.00    0.06 ^ clkbuf_0_clock/A (sky130_fd_sc_hd__clkbuf_16)
     4    0.04    0.06    0.16    0.22 ^ clkbuf_0_clock/X (sky130_fd_sc_hd__clkbuf_16)
                                         clknet_0_clock (net)
                  0.06    0.00    0.22 ^ clkbuf_2_1__f_clock/A (sky130_fd_sc_hd__clkbuf_16)
     9    0.03    0.05    0.15    0.37 ^ clkbuf_2_1__f_clock/X (sky130_fd_sc_hd__clkbuf_16)
                                         clknet_2_1__leaf_clock (net)
                  0.05    0.00    0.37 ^ accumulator._2364_/CLK (sky130_fd_sc_hd__dfxtp_2)
                          0.25    0.62   clock uncertainty
                         -0.04    0.59   clock reconvergence pessimism
                         -0.03    0.56   library hold time
                                  0.56   data required time
-----------------------------------------------------------------------------
                                  0.56   data required time
                                 -0.99   data arrival time
-----------------------------------------------------------------------------
                                  0.43   slack (MET)


Startpoint: accumulator._2373_
            (rising edge-triggered flip-flop clocked by clock)
Endpoint: accumulator._2373_ (rising edge-triggered flip-flop clocked by clock)
Path Group: clock
Path Type: min
Corner: Typical

Fanout     Cap    Slew   Delay    Time   Description
-----------------------------------------------------------------------------
                          0.00    0.00   clock clock (rise edge)
                          0.00    0.00   clock source latency
     1    0.02    0.08    0.05    0.05 ^ clock (in)
                                         clock (net)
                  0.08    0.00    0.05 ^ clkbuf_0_clock/A (sky130_fd_sc_hd__clkbuf_16)
     4    0.04    0.06    0.15    0.20 ^ clkbuf_0_clock/X (sky130_fd_sc_hd__clkbuf_16)
                                         clknet_0_clock (net)
                  0.06    0.00    0.20 ^ clkbuf_2_1__f_clock/A (sky130_fd_sc_hd__clkbuf_16)
     9    0.03    0.05    0.13    0.34 ^ clkbuf_2_1__f_clock/X (sky130_fd_sc_hd__clkbuf_16)
                                         clknet_2_1__leaf_clock (net)
                  0.05    0.00    0.34 ^ accumulator._2373_/CLK (sky130_fd_sc_hd__dfxtp_1)
     3    0.01    0.08    0.32    0.66 v accumulator._2373_/Q (sky130_fd_sc_hd__dfxtp_1)
                                         accumulator.io_accOut[16] (net)
                  0.08    0.00    0.66 v accumulator._1759_/A (sky130_fd_sc_hd__inv_2)
     2    0.01    0.06    0.08    0.74 ^ accumulator._1759_/Y (sky130_fd_sc_hd__inv_2)
                                         accumulator._0854_ (net)
                  0.06    0.00    0.74 ^ accumulator._2235_/A1 (sky130_fd_sc_hd__o221a_1)
     1    0.00    0.05    0.17    0.91 ^ accumulator._2235_/X (sky130_fd_sc_hd__o221a_1)
                                         accumulator._0189_ (net)
                  0.05    0.00    0.91 ^ accumulator._2236_/A2 (sky130_fd_sc_hd__a21oi_1)
     1    0.00    0.04    0.06    0.97 v accumulator._2236_/Y (sky130_fd_sc_hd__a21oi_1)
                                         accumulator._0018_ (net)
                  0.04    0.00    0.97 v accumulator._2373_/D (sky130_fd_sc_hd__dfxtp_1)
                                  0.97   data arrival time

                          0.00    0.00   clock clock (rise edge)
                          0.00    0.00   clock source latency
     1    0.02    0.08    0.06    0.06 ^ clock (in)
                                         clock (net)
                  0.08    0.00    0.06 ^ clkbuf_0_clock/A (sky130_fd_sc_hd__clkbuf_16)
     4    0.04    0.06    0.16    0.22 ^ clkbuf_0_clock/X (sky130_fd_sc_hd__clkbuf_16)
                                         clknet_0_clock (net)
                  0.06    0.00    0.22 ^ clkbuf_2_1__f_clock/A (sky130_fd_sc_hd__clkbuf_16)
     9    0.03    0.05    0.15    0.37 ^ clkbuf_2_1__f_clock/X (sky130_fd_sc_hd__clkbuf_16)
                                         clknet_2_1__leaf_clock (net)
                  0.05    0.00    0.37 ^ accumulator._2373_/CLK (sky130_fd_sc_hd__dfxtp_1)
                          0.25    0.62   clock uncertainty
                         -0.04    0.59   clock reconvergence pessimism
                         -0.05    0.54   library hold time
                                  0.54   data required time
-----------------------------------------------------------------------------
                                  0.54   data required time
                                 -0.97   data arrival time
-----------------------------------------------------------------------------
                                  0.43   slack (MET)


Startpoint: accumulator._2367_
            (rising edge-triggered flip-flop clocked by clock)
Endpoint: accumulator._2367_ (rising edge-triggered flip-flop clocked by clock)
Path Group: clock
Path Type: min
Corner: Typical

Fanout     Cap    Slew   Delay    Time   Description
-----------------------------------------------------------------------------
                          0.00    0.00   clock clock (rise edge)
                          0.00    0.00   clock source latency
     1    0.02    0.08    0.05    0.05 ^ clock (in)
                                         clock (net)
                  0.08    0.00    0.05 ^ clkbuf_0_clock/A (sky130_fd_sc_hd__clkbuf_16)
     4    0.04    0.06    0.15    0.20 ^ clkbuf_0_clock/X (sky130_fd_sc_hd__clkbuf_16)
                                         clknet_0_clock (net)
                  0.06    0.00    0.20 ^ clkbuf_2_3__f_clock/A (sky130_fd_sc_hd__clkbuf_16)
    10    0.03    0.05    0.13    0.34 ^ clkbuf_2_3__f_clock/X (sky130_fd_sc_hd__clkbuf_16)
                                         clknet_2_3__leaf_clock (net)
                  0.05    0.00    0.34 ^ accumulator._2367_/CLK (sky130_fd_sc_hd__dfxtp_1)
     4    0.03    0.14    0.37    0.71 v accumulator._2367_/Q (sky130_fd_sc_hd__dfxtp_1)
                                         accumulator.io_accOut[10] (net)
                  0.14    0.00    0.71 v accumulator._2184_/A (sky130_fd_sc_hd__nand2_1)
     1    0.00    0.05    0.09    0.80 ^ accumulator._2184_/Y (sky130_fd_sc_hd__nand2_1)
                                         accumulator._0139_ (net)
                  0.05    0.00    0.80 ^ accumulator._2185_/C1 (sky130_fd_sc_hd__o221a_1)
     1    0.00    0.06    0.16    0.95 ^ accumulator._2185_/X (sky130_fd_sc_hd__o221a_1)
                                         accumulator._0140_ (net)
                  0.06    0.00    0.95 ^ accumulator._2186_/B (sky130_fd_sc_hd__nor2_1)
     1    0.00    0.02    0.04    0.99 v accumulator._2186_/Y (sky130_fd_sc_hd__nor2_1)
                                         accumulator._0012_ (net)
                  0.02    0.00    0.99 v accumulator._2367_/D (sky130_fd_sc_hd__dfxtp_1)
                                  0.99   data arrival time

                          0.00    0.00   clock clock (rise edge)
                          0.00    0.00   clock source latency
     1    0.02    0.08    0.06    0.06 ^ clock (in)
                                         clock (net)
                  0.08    0.00    0.06 ^ clkbuf_0_clock/A (sky130_fd_sc_hd__clkbuf_16)
     4    0.04    0.06    0.16    0.22 ^ clkbuf_0_clock/X (sky130_fd_sc_hd__clkbuf_16)
                                         clknet_0_clock (net)
                  0.06    0.00    0.22 ^ clkbuf_2_3__f_clock/A (sky130_fd_sc_hd__clkbuf_16)
    10    0.03    0.05    0.15    0.37 ^ clkbuf_2_3__f_clock/X (sky130_fd_sc_hd__clkbuf_16)
                                         clknet_2_3__leaf_clock (net)
                  0.05    0.00    0.37 ^ accumulator._2367_/CLK (sky130_fd_sc_hd__dfxtp_1)
                          0.25    0.62   clock uncertainty
                         -0.04    0.59   clock reconvergence pessimism
                         -0.04    0.55   library hold time
                                  0.55   data required time
-----------------------------------------------------------------------------
                                  0.55   data required time
                                 -0.99   data arrival time
-----------------------------------------------------------------------------
                                  0.44   slack (MET)


Startpoint: accumulator._2379_
            (rising edge-triggered flip-flop clocked by clock)
Endpoint: accumulator._2379_ (rising edge-triggered flip-flop clocked by clock)
Path Group: clock
Path Type: min
Corner: Typical

Fanout     Cap    Slew   Delay    Time   Description
-----------------------------------------------------------------------------
                          0.00    0.00   clock clock (rise edge)
                          0.00    0.00   clock source latency
     1    0.02    0.08    0.05    0.05 ^ clock (in)
                                         clock (net)
                  0.08    0.00    0.05 ^ clkbuf_0_clock/A (sky130_fd_sc_hd__clkbuf_16)
     4    0.04    0.06    0.15    0.20 ^ clkbuf_0_clock/X (sky130_fd_sc_hd__clkbuf_16)
                                         clknet_0_clock (net)
                  0.06    0.00    0.20 ^ clkbuf_2_3__f_clock/A (sky130_fd_sc_hd__clkbuf_16)
    10    0.03    0.05    0.13    0.34 ^ clkbuf_2_3__f_clock/X (sky130_fd_sc_hd__clkbuf_16)
                                         clknet_2_3__leaf_clock (net)
                  0.05    0.00    0.34 ^ accumulator._2379_/CLK (sky130_fd_sc_hd__dfxtp_1)
     4    0.03    0.13    0.37    0.70 v accumulator._2379_/Q (sky130_fd_sc_hd__dfxtp_1)
                                         accumulator.io_accOut[22] (net)
                  0.13    0.00    0.70 v accumulator._2275_/A (sky130_fd_sc_hd__inv_2)
     1    0.00    0.04    0.07    0.77 ^ accumulator._2275_/Y (sky130_fd_sc_hd__inv_2)
                                         accumulator._0227_ (net)
                  0.04    0.00    0.77 ^ accumulator._2279_/A1 (sky130_fd_sc_hd__o221a_1)
     1    0.00    0.05    0.17    0.94 ^ accumulator._2279_/X (sky130_fd_sc_hd__o221a_1)
                                         accumulator._0231_ (net)
                  0.05    0.00    0.94 ^ accumulator._2280_/A2 (sky130_fd_sc_hd__a21oi_1)
     1    0.00    0.04    0.06    1.00 v accumulator._2280_/Y (sky130_fd_sc_hd__a21oi_1)
                                         accumulator._0024_ (net)
                  0.04    0.00    1.00 v accumulator._2379_/D (sky130_fd_sc_hd__dfxtp_1)
                                  1.00   data arrival time

                          0.00    0.00   clock clock (rise edge)
                          0.00    0.00   clock source latency
     1    0.02    0.08    0.06    0.06 ^ clock (in)
                                         clock (net)
                  0.08    0.00    0.06 ^ clkbuf_0_clock/A (sky130_fd_sc_hd__clkbuf_16)
     4    0.04    0.06    0.16    0.22 ^ clkbuf_0_clock/X (sky130_fd_sc_hd__clkbuf_16)
                                         clknet_0_clock (net)
                  0.06    0.00    0.22 ^ clkbuf_2_3__f_clock/A (sky130_fd_sc_hd__clkbuf_16)
    10    0.03    0.05    0.15    0.37 ^ clkbuf_2_3__f_clock/X (sky130_fd_sc_hd__clkbuf_16)
                                         clknet_2_3__leaf_clock (net)
                  0.05    0.00    0.37 ^ accumulator._2379_/CLK (sky130_fd_sc_hd__dfxtp_1)
                          0.25    0.62   clock uncertainty
                         -0.04    0.59   clock reconvergence pessimism
                         -0.05    0.54   library hold time
                                  0.54   data required time
-----------------------------------------------------------------------------
                                  0.54   data required time
                                 -1.00   data arrival time
-----------------------------------------------------------------------------
                                  0.46   slack (MET)


Startpoint: accumulator._2383_
            (rising edge-triggered flip-flop clocked by clock)
Endpoint: accumulator._2383_ (rising edge-triggered flip-flop clocked by clock)
Path Group: clock
Path Type: min
Corner: Typical

Fanout     Cap    Slew   Delay    Time   Description
-----------------------------------------------------------------------------
                          0.00    0.00   clock clock (rise edge)
                          0.00    0.00   clock source latency
     1    0.02    0.08    0.05    0.05 ^ clock (in)
                                         clock (net)
                  0.08    0.00    0.05 ^ clkbuf_0_clock/A (sky130_fd_sc_hd__clkbuf_16)
     4    0.04    0.06    0.15    0.20 ^ clkbuf_0_clock/X (sky130_fd_sc_hd__clkbuf_16)
                                         clknet_0_clock (net)
                  0.06    0.00    0.20 ^ clkbuf_2_3__f_clock/A (sky130_fd_sc_hd__clkbuf_16)
    10    0.03    0.05    0.13    0.34 ^ clkbuf_2_3__f_clock/X (sky130_fd_sc_hd__clkbuf_16)
                                         clknet_2_3__leaf_clock (net)
                  0.05    0.00    0.34 ^ accumulator._2383_/CLK (sky130_fd_sc_hd__dfxtp_1)
     6    0.02    0.24    0.42    0.76 ^ accumulator._2383_/Q (sky130_fd_sc_hd__dfxtp_1)
                                         accumulator.io_accOut[26] (net)
                  0.24    0.00    0.76 ^ accumulator._2312_/A (sky130_fd_sc_hd__or2_1)
     1    0.00    0.04    0.13    0.89 ^ accumulator._2312_/X (sky130_fd_sc_hd__or2_1)
                                         accumulator._0264_ (net)
                  0.04    0.00    0.89 ^ accumulator._2313_/B1 (sky130_fd_sc_hd__o211a_1)
     1    0.00    0.04    0.12    1.02 ^ accumulator._2313_/X (sky130_fd_sc_hd__o211a_1)
                                         accumulator._0028_ (net)
                  0.04    0.00    1.02 ^ accumulator._2383_/D (sky130_fd_sc_hd__dfxtp_1)
                                  1.02   data arrival time

                          0.00    0.00   clock clock (rise edge)
                          0.00    0.00   clock source latency
     1    0.02    0.08    0.06    0.06 ^ clock (in)
                                         clock (net)
                  0.08    0.00    0.06 ^ clkbuf_0_clock/A (sky130_fd_sc_hd__clkbuf_16)
     4    0.04    0.06    0.16    0.22 ^ clkbuf_0_clock/X (sky130_fd_sc_hd__clkbuf_16)
                                         clknet_0_clock (net)
                  0.06    0.00    0.22 ^ clkbuf_2_3__f_clock/A (sky130_fd_sc_hd__clkbuf_16)
    10    0.03    0.05    0.15    0.37 ^ clkbuf_2_3__f_clock/X (sky130_fd_sc_hd__clkbuf_16)
                                         clknet_2_3__leaf_clock (net)
                  0.05    0.00    0.37 ^ accumulator._2383_/CLK (sky130_fd_sc_hd__dfxtp_1)
                          0.25    0.62   clock uncertainty
                         -0.04    0.59   clock reconvergence pessimism
                         -0.03    0.56   library hold time
                                  0.56   data required time
-----------------------------------------------------------------------------
                                  0.56   data required time
                                 -1.02   data arrival time
-----------------------------------------------------------------------------
                                  0.46   slack (MET)


Startpoint: accumulator._2362_
            (rising edge-triggered flip-flop clocked by clock)
Endpoint: accumulator._2362_ (rising edge-triggered flip-flop clocked by clock)
Path Group: clock
Path Type: min
Corner: Typical

Fanout     Cap    Slew   Delay    Time   Description
-----------------------------------------------------------------------------
                          0.00    0.00   clock clock (rise edge)
                          0.00    0.00   clock source latency
     1    0.02    0.08    0.05    0.05 ^ clock (in)
                                         clock (net)
                  0.08    0.00    0.05 ^ clkbuf_0_clock/A (sky130_fd_sc_hd__clkbuf_16)
     4    0.04    0.06    0.15    0.20 ^ clkbuf_0_clock/X (sky130_fd_sc_hd__clkbuf_16)
                                         clknet_0_clock (net)
                  0.06    0.00    0.20 ^ clkbuf_2_0__f_clock/A (sky130_fd_sc_hd__clkbuf_16)
    11    0.04    0.06    0.14    0.34 ^ clkbuf_2_0__f_clock/X (sky130_fd_sc_hd__clkbuf_16)
                                         clknet_2_0__leaf_clock (net)
                  0.06    0.00    0.34 ^ accumulator._2362_/CLK (sky130_fd_sc_hd__dfxtp_1)
     6    0.03    0.16    0.38    0.72 v accumulator._2362_/Q (sky130_fd_sc_hd__dfxtp_1)
                                         accumulator.io_accOut[5] (net)
                  0.16    0.00    0.72 v accumulator._2143_/A1_N (sky130_fd_sc_hd__o2bb2a_1)
     1    0.00    0.05    0.27    0.99 ^ accumulator._2143_/X (sky130_fd_sc_hd__o2bb2a_1)
                                         accumulator._0099_ (net)
                  0.05    0.00    0.99 ^ accumulator._2144_/B (sky130_fd_sc_hd__nor2_1)
     1    0.00    0.02    0.03    1.02 v accumulator._2144_/Y (sky130_fd_sc_hd__nor2_1)
                                         accumulator._0007_ (net)
                  0.02    0.00    1.02 v accumulator._2362_/D (sky130_fd_sc_hd__dfxtp_1)
                                  1.02   data arrival time

                          0.00    0.00   clock clock (rise edge)
                          0.00    0.00   clock source latency
     1    0.02    0.08    0.06    0.06 ^ clock (in)
                                         clock (net)
                  0.08    0.00    0.06 ^ clkbuf_0_clock/A (sky130_fd_sc_hd__clkbuf_16)
     4    0.04    0.06    0.16    0.22 ^ clkbuf_0_clock/X (sky130_fd_sc_hd__clkbuf_16)
                                         clknet_0_clock (net)
                  0.06    0.00    0.22 ^ clkbuf_2_0__f_clock/A (sky130_fd_sc_hd__clkbuf_16)
    11    0.04    0.06    0.15    0.37 ^ clkbuf_2_0__f_clock/X (sky130_fd_sc_hd__clkbuf_16)
                                         clknet_2_0__leaf_clock (net)
                  0.06    0.00    0.38 ^ accumulator._2362_/CLK (sky130_fd_sc_hd__dfxtp_1)
                          0.25    0.63   clock uncertainty
                         -0.04    0.59   clock reconvergence pessimism
                         -0.04    0.55   library hold time
                                  0.55   data required time
-----------------------------------------------------------------------------
                                  0.55   data required time
                                 -1.02   data arrival time
-----------------------------------------------------------------------------
                                  0.48   slack (MET)


Startpoint: accumulator._2387_
            (rising edge-triggered flip-flop clocked by clock)
Endpoint: accumulator._2387_ (rising edge-triggered flip-flop clocked by clock)
Path Group: clock
Path Type: min
Corner: Typical

Fanout     Cap    Slew   Delay    Time   Description
-----------------------------------------------------------------------------
                          0.00    0.00   clock clock (rise edge)
                          0.00    0.00   clock source latency
     1    0.02    0.08    0.05    0.05 ^ clock (in)
                                         clock (net)
                  0.08    0.00    0.05 ^ clkbuf_0_clock/A (sky130_fd_sc_hd__clkbuf_16)
     4    0.04    0.06    0.15    0.20 ^ clkbuf_0_clock/X (sky130_fd_sc_hd__clkbuf_16)
                                         clknet_0_clock (net)
                  0.06    0.00    0.20 ^ clkbuf_2_2__f_clock/A (sky130_fd_sc_hd__clkbuf_16)
     7    0.03    0.05    0.13    0.33 ^ clkbuf_2_2__f_clock/X (sky130_fd_sc_hd__clkbuf_16)
                                         clknet_2_2__leaf_clock (net)
                  0.05    0.00    0.33 ^ accumulator._2387_/CLK (sky130_fd_sc_hd__dfxtp_2)
     7    0.06    0.15    0.40    0.73 v accumulator._2387_/Q (sky130_fd_sc_hd__dfxtp_2)
                                         accumulator.io_accOut[30] (net)
                  0.15    0.00    0.73 v accumulator._1288_/A (sky130_fd_sc_hd__inv_2)
     2    0.02    0.11    0.14    0.87 ^ accumulator._1288_/Y (sky130_fd_sc_hd__inv_2)
                                         accumulator._0385_ (net)
                  0.11    0.00    0.87 ^ accumulator._2351_/A1 (sky130_fd_sc_hd__a21oi_1)
     1    0.00    0.05    0.07    0.94 v accumulator._2351_/Y (sky130_fd_sc_hd__a21oi_1)
                                         accumulator._0303_ (net)
                  0.05    0.00    0.94 v accumulator._2352_/B1 (sky130_fd_sc_hd__o31a_1)
     1    0.00    0.03    0.09    1.03 v accumulator._2352_/X (sky130_fd_sc_hd__o31a_1)
                                         accumulator._0032_ (net)
                  0.03    0.00    1.03 v accumulator._2387_/D (sky130_fd_sc_hd__dfxtp_2)
                                  1.03   data arrival time

                          0.00    0.00   clock clock (rise edge)
                          0.00    0.00   clock source latency
     1    0.02    0.08    0.06    0.06 ^ clock (in)
                                         clock (net)
                  0.08    0.00    0.06 ^ clkbuf_0_clock/A (sky130_fd_sc_hd__clkbuf_16)
     4    0.04    0.06    0.16    0.22 ^ clkbuf_0_clock/X (sky130_fd_sc_hd__clkbuf_16)
                                         clknet_0_clock (net)
                  0.06    0.00    0.22 ^ clkbuf_2_2__f_clock/A (sky130_fd_sc_hd__clkbuf_16)
     7    0.03    0.05    0.15    0.37 ^ clkbuf_2_2__f_clock/X (sky130_fd_sc_hd__clkbuf_16)
                                         clknet_2_2__leaf_clock (net)
                  0.05    0.00    0.37 ^ accumulator._2387_/CLK (sky130_fd_sc_hd__dfxtp_2)
                          0.25    0.62   clock uncertainty
                         -0.04    0.58   clock reconvergence pessimism
                         -0.04    0.55   library hold time
                                  0.55   data required time
-----------------------------------------------------------------------------
                                  0.55   data required time
                                 -1.03   data arrival time
-----------------------------------------------------------------------------
                                  0.49   slack (MET)


Startpoint: accumulator._2372_
            (rising edge-triggered flip-flop clocked by clock)
Endpoint: accumulator._2372_ (rising edge-triggered flip-flop clocked by clock)
Path Group: clock
Path Type: min
Corner: Typical

Fanout     Cap    Slew   Delay    Time   Description
-----------------------------------------------------------------------------
                          0.00    0.00   clock clock (rise edge)
                          0.00    0.00   clock source latency
     1    0.02    0.08    0.05    0.05 ^ clock (in)
                                         clock (net)
                  0.08    0.00    0.05 ^ clkbuf_0_clock/A (sky130_fd_sc_hd__clkbuf_16)
     4    0.04    0.06    0.15    0.20 ^ clkbuf_0_clock/X (sky130_fd_sc_hd__clkbuf_16)
                                         clknet_0_clock (net)
                  0.06    0.00    0.20 ^ clkbuf_2_0__f_clock/A (sky130_fd_sc_hd__clkbuf_16)
    11    0.04    0.06    0.14    0.34 ^ clkbuf_2_0__f_clock/X (sky130_fd_sc_hd__clkbuf_16)
                                         clknet_2_0__leaf_clock (net)
                  0.06    0.00    0.34 ^ accumulator._2372_/CLK (sky130_fd_sc_hd__dfxtp_1)
     3    0.01    0.06    0.31    0.65 v accumulator._2372_/Q (sky130_fd_sc_hd__dfxtp_1)
                                         accumulator.io_accOut[15] (net)
                  0.06    0.00    0.65 v accumulator._1764_/A (sky130_fd_sc_hd__inv_2)
     2    0.02    0.09    0.09    0.75 ^ accumulator._1764_/Y (sky130_fd_sc_hd__inv_2)
                                         accumulator._0859_ (net)
                  0.09    0.00    0.75 ^ accumulator._2227_/A1 (sky130_fd_sc_hd__o221a_1)
     1    0.00    0.06    0.19    0.93 ^ accumulator._2227_/X (sky130_fd_sc_hd__o221a_1)
                                         accumulator._0181_ (net)
                  0.06    0.00    0.93 ^ accumulator._2228_/A2 (sky130_fd_sc_hd__a21oi_1)
     1    0.01    0.07    0.09    1.02 v accumulator._2228_/Y (sky130_fd_sc_hd__a21oi_1)
                                         accumulator._0017_ (net)
                  0.07    0.00    1.02 v accumulator._2372_/D (sky130_fd_sc_hd__dfxtp_1)
                                  1.02   data arrival time

                          0.00    0.00   clock clock (rise edge)
                          0.00    0.00   clock source latency
     1    0.02    0.08    0.06    0.06 ^ clock (in)
                                         clock (net)
                  0.08    0.00    0.06 ^ clkbuf_0_clock/A (sky130_fd_sc_hd__clkbuf_16)
     4    0.04    0.06    0.16    0.22 ^ clkbuf_0_clock/X (sky130_fd_sc_hd__clkbuf_16)
                                         clknet_0_clock (net)
                  0.06    0.00    0.22 ^ clkbuf_2_0__f_clock/A (sky130_fd_sc_hd__clkbuf_16)
    11    0.04    0.06    0.15    0.37 ^ clkbuf_2_0__f_clock/X (sky130_fd_sc_hd__clkbuf_16)
                                         clknet_2_0__leaf_clock (net)
                  0.06    0.00    0.38 ^ accumulator._2372_/CLK (sky130_fd_sc_hd__dfxtp_1)
                          0.25    0.63   clock uncertainty
                         -0.04    0.59   clock reconvergence pessimism
                         -0.06    0.53   library hold time
                                  0.53   data required time
-----------------------------------------------------------------------------
                                  0.53   data required time
                                 -1.02   data arrival time
-----------------------------------------------------------------------------
                                  0.49   slack (MET)


Startpoint: accumulator._2380_
            (rising edge-triggered flip-flop clocked by clock)
Endpoint: accumulator._2380_ (rising edge-triggered flip-flop clocked by clock)
Path Group: clock
Path Type: min
Corner: Typical

Fanout     Cap    Slew   Delay    Time   Description
-----------------------------------------------------------------------------
                          0.00    0.00   clock clock (rise edge)
                          0.00    0.00   clock source latency
     1    0.02    0.08    0.05    0.05 ^ clock (in)
                                         clock (net)
                  0.08    0.00    0.05 ^ clkbuf_0_clock/A (sky130_fd_sc_hd__clkbuf_16)
     4    0.04    0.06    0.15    0.20 ^ clkbuf_0_clock/X (sky130_fd_sc_hd__clkbuf_16)
                                         clknet_0_clock (net)
                  0.06    0.00    0.20 ^ clkbuf_2_2__f_clock/A (sky130_fd_sc_hd__clkbuf_16)
     7    0.03    0.05    0.13    0.33 ^ clkbuf_2_2__f_clock/X (sky130_fd_sc_hd__clkbuf_16)
                                         clknet_2_2__leaf_clock (net)
                  0.05    0.00    0.33 ^ accumulator._2380_/CLK (sky130_fd_sc_hd__dfxtp_1)
     6    0.03    0.28    0.45    0.79 ^ accumulator._2380_/Q (sky130_fd_sc_hd__dfxtp_1)
                                         accumulator.io_accOut[23] (net)
                  0.28    0.00    0.79 ^ accumulator._2284_/A (sky130_fd_sc_hd__or2_1)
     1    0.00    0.04    0.14    0.93 ^ accumulator._2284_/X (sky130_fd_sc_hd__or2_1)
                                         accumulator._0236_ (net)
                  0.04    0.00    0.93 ^ accumulator._2285_/B1 (sky130_fd_sc_hd__o211a_1)
     1    0.00    0.04    0.12    1.05 ^ accumulator._2285_/X (sky130_fd_sc_hd__o211a_1)
                                         accumulator._0025_ (net)
                  0.04    0.00    1.05 ^ accumulator._2380_/D (sky130_fd_sc_hd__dfxtp_1)
                                  1.05   data arrival time

                          0.00    0.00   clock clock (rise edge)
                          0.00    0.00   clock source latency
     1    0.02    0.08    0.06    0.06 ^ clock (in)
                                         clock (net)
                  0.08    0.00    0.06 ^ clkbuf_0_clock/A (sky130_fd_sc_hd__clkbuf_16)
     4    0.04    0.06    0.16    0.22 ^ clkbuf_0_clock/X (sky130_fd_sc_hd__clkbuf_16)
                                         clknet_0_clock (net)
                  0.06    0.00    0.22 ^ clkbuf_2_2__f_clock/A (sky130_fd_sc_hd__clkbuf_16)
     7    0.03    0.05    0.15    0.37 ^ clkbuf_2_2__f_clock/X (sky130_fd_sc_hd__clkbuf_16)
                                         clknet_2_2__leaf_clock (net)
                  0.05    0.00    0.37 ^ accumulator._2380_/CLK (sky130_fd_sc_hd__dfxtp_1)
                          0.25    0.62   clock uncertainty
                         -0.04    0.58   clock reconvergence pessimism
                         -0.03    0.56   library hold time
                                  0.56   data required time
-----------------------------------------------------------------------------
                                  0.56   data required time
                                 -1.05   data arrival time
-----------------------------------------------------------------------------
                                  0.50   slack (MET)


Startpoint: accumulator._2378_
            (rising edge-triggered flip-flop clocked by clock)
Endpoint: accumulator._2378_ (rising edge-triggered flip-flop clocked by clock)
Path Group: clock
Path Type: min
Corner: Typical

Fanout     Cap    Slew   Delay    Time   Description
-----------------------------------------------------------------------------
                          0.00    0.00   clock clock (rise edge)
                          0.00    0.00   clock source latency
     1    0.02    0.08    0.05    0.05 ^ clock (in)
                                         clock (net)
                  0.08    0.00    0.05 ^ clkbuf_0_clock/A (sky130_fd_sc_hd__clkbuf_16)
     4    0.04    0.06    0.15    0.20 ^ clkbuf_0_clock/X (sky130_fd_sc_hd__clkbuf_16)
                                         clknet_0_clock (net)
                  0.06    0.00    0.20 ^ clkbuf_2_1__f_clock/A (sky130_fd_sc_hd__clkbuf_16)
     9    0.03    0.05    0.13    0.34 ^ clkbuf_2_1__f_clock/X (sky130_fd_sc_hd__clkbuf_16)
                                         clknet_2_1__leaf_clock (net)
                  0.05    0.00    0.34 ^ accumulator._2378_/CLK (sky130_fd_sc_hd__dfxtp_1)
     4    0.03    0.27    0.44    0.78 ^ accumulator._2378_/Q (sky130_fd_sc_hd__dfxtp_1)
                                         accumulator.io_accOut[21] (net)
                  0.27    0.00    0.78 ^ accumulator._2272_/A1 (sky130_fd_sc_hd__a221o_1)
     1    0.00    0.04    0.19    0.97 ^ accumulator._2272_/X (sky130_fd_sc_hd__a221o_1)
                                         accumulator._0225_ (net)
                  0.04    0.00    0.97 ^ accumulator._2273_/A2 (sky130_fd_sc_hd__o21a_1)
     1    0.00    0.03    0.09    1.06 ^ accumulator._2273_/X (sky130_fd_sc_hd__o21a_1)
                                         accumulator._0023_ (net)
                  0.03    0.00    1.06 ^ accumulator._2378_/D (sky130_fd_sc_hd__dfxtp_1)
                                  1.06   data arrival time

                          0.00    0.00   clock clock (rise edge)
                          0.00    0.00   clock source latency
     1    0.02    0.08    0.06    0.06 ^ clock (in)
                                         clock (net)
                  0.08    0.00    0.06 ^ clkbuf_0_clock/A (sky130_fd_sc_hd__clkbuf_16)
     4    0.04    0.06    0.16    0.22 ^ clkbuf_0_clock/X (sky130_fd_sc_hd__clkbuf_16)
                                         clknet_0_clock (net)
                  0.06    0.00    0.22 ^ clkbuf_2_1__f_clock/A (sky130_fd_sc_hd__clkbuf_16)
     9    0.03    0.05    0.15    0.37 ^ clkbuf_2_1__f_clock/X (sky130_fd_sc_hd__clkbuf_16)
                                         clknet_2_1__leaf_clock (net)
                  0.05    0.00    0.37 ^ accumulator._2378_/CLK (sky130_fd_sc_hd__dfxtp_1)
                          0.25    0.62   clock uncertainty
                         -0.04    0.59   clock reconvergence pessimism
                         -0.03    0.56   library hold time
                                  0.56   data required time
-----------------------------------------------------------------------------
                                  0.56   data required time
                                 -1.06   data arrival time
-----------------------------------------------------------------------------
                                  0.50   slack (MET)


Startpoint: accumulator._2356_
            (rising edge-triggered flip-flop clocked by clock)
Endpoint: accumulator._2388_ (rising edge-triggered flip-flop clocked by clock)
Path Group: clock
Path Type: min
Corner: Typical

Fanout     Cap    Slew   Delay    Time   Description
-----------------------------------------------------------------------------
                          0.00    0.00   clock clock (rise edge)
                          0.00    0.00   clock source latency
     1    0.02    0.08    0.05    0.05 ^ clock (in)
                                         clock (net)
                  0.08    0.00    0.05 ^ clkbuf_0_clock/A (sky130_fd_sc_hd__clkbuf_16)
     4    0.04    0.06    0.15    0.20 ^ clkbuf_0_clock/X (sky130_fd_sc_hd__clkbuf_16)
                                         clknet_0_clock (net)
                  0.06    0.00    0.20 ^ clkbuf_2_3__f_clock/A (sky130_fd_sc_hd__clkbuf_16)
    10    0.03    0.05    0.13    0.34 ^ clkbuf_2_3__f_clock/X (sky130_fd_sc_hd__clkbuf_16)
                                         clknet_2_3__leaf_clock (net)
                  0.05    0.00    0.34 ^ accumulator._2356_/CLK (sky130_fd_sc_hd__dfxtp_1)
     3    0.01    0.09    0.32    0.66 ^ accumulator._2356_/Q (sky130_fd_sc_hd__dfxtp_1)
                                         accumulator.state[1] (net)
                  0.09    0.00    0.66 ^ accumulator._1177_/B (sky130_fd_sc_hd__and2b_1)
     1    0.00    0.04    0.12    0.78 ^ accumulator._1177_/X (sky130_fd_sc_hd__and2b_1)
                                         accumulator._1145_ (net)
                  0.04    0.00    0.78 ^ accumulator._1178_/A (sky130_fd_sc_hd__buf_1)
     2    0.01    0.12    0.13    0.91 ^ accumulator._1178_/X (sky130_fd_sc_hd__buf_1)
                                         net55 (net)
                  0.12    0.00    0.91 ^ accumulator._2353_/B (sky130_fd_sc_hd__nor2_1)
     1    0.00    0.04    0.05    0.96 v accumulator._2353_/Y (sky130_fd_sc_hd__nor2_1)
                                         accumulator._0304_ (net)
                  0.04    0.00    0.96 v accumulator._2354_/C1 (sky130_fd_sc_hd__o211a_1)
     1    0.00    0.03    0.09    1.05 v accumulator._2354_/X (sky130_fd_sc_hd__o211a_1)
                                         accumulator._0033_ (net)
                  0.03    0.00    1.05 v accumulator._2388_/D (sky130_fd_sc_hd__dfxtp_1)
                                  1.05   data arrival time

                          0.00    0.00   clock clock (rise edge)
                          0.00    0.00   clock source latency
     1    0.02    0.08    0.06    0.06 ^ clock (in)
                                         clock (net)
                  0.08    0.00    0.06 ^ clkbuf_0_clock/A (sky130_fd_sc_hd__clkbuf_16)
     4    0.04    0.06    0.16    0.22 ^ clkbuf_0_clock/X (sky130_fd_sc_hd__clkbuf_16)
                                         clknet_0_clock (net)
                  0.06    0.00    0.22 ^ clkbuf_2_3__f_clock/A (sky130_fd_sc_hd__clkbuf_16)
    10    0.03    0.05    0.15    0.37 ^ clkbuf_2_3__f_clock/X (sky130_fd_sc_hd__clkbuf_16)
                                         clknet_2_3__leaf_clock (net)
                  0.05    0.00    0.37 ^ accumulator._2388_/CLK (sky130_fd_sc_hd__dfxtp_1)
                          0.25    0.62   clock uncertainty
                         -0.04    0.59   clock reconvergence pessimism
                         -0.04    0.54   library hold time
                                  0.54   data required time
-----------------------------------------------------------------------------
                                  0.54   data required time
                                 -1.05   data arrival time
-----------------------------------------------------------------------------
                                  0.51   slack (MET)


Startpoint: accumulator._2357_
            (rising edge-triggered flip-flop clocked by clock)
Endpoint: accumulator._2357_ (rising edge-triggered flip-flop clocked by clock)
Path Group: clock
Path Type: min
Corner: Typical

Fanout     Cap    Slew   Delay    Time   Description
-----------------------------------------------------------------------------
                          0.00    0.00   clock clock (rise edge)
                          0.00    0.00   clock source latency
     1    0.02    0.08    0.05    0.05 ^ clock (in)
                                         clock (net)
                  0.08    0.00    0.05 ^ clkbuf_0_clock/A (sky130_fd_sc_hd__clkbuf_16)
     4    0.04    0.06    0.15    0.20 ^ clkbuf_0_clock/X (sky130_fd_sc_hd__clkbuf_16)
                                         clknet_0_clock (net)
                  0.06    0.00    0.20 ^ clkbuf_2_0__f_clock/A (sky130_fd_sc_hd__clkbuf_16)
    11    0.04    0.06    0.14    0.34 ^ clkbuf_2_0__f_clock/X (sky130_fd_sc_hd__clkbuf_16)
                                         clknet_2_0__leaf_clock (net)
                  0.06    0.00    0.34 ^ accumulator._2357_/CLK (sky130_fd_sc_hd__dfxtp_2)
     5    0.04    0.18    0.40    0.74 ^ accumulator._2357_/Q (sky130_fd_sc_hd__dfxtp_2)
                                         accumulator.io_accOut[0] (net)
                  0.18    0.00    0.74 ^ accumulator._2095_/A1 (sky130_fd_sc_hd__a22o_1)
     1    0.00    0.04    0.15    0.89 ^ accumulator._2095_/X (sky130_fd_sc_hd__a22o_1)
                                         accumulator._0051_ (net)
                  0.04    0.00    0.89 ^ accumulator._2096_/B (sky130_fd_sc_hd__and2_1)
     1    0.00    0.05    0.11    1.00 ^ accumulator._2096_/X (sky130_fd_sc_hd__and2_1)
                                         accumulator._0052_ (net)
                  0.05    0.00    1.00 ^ accumulator._2097_/A (sky130_fd_sc_hd__clkbuf_1)
     1    0.00    0.03    0.07    1.07 ^ accumulator._2097_/X (sky130_fd_sc_hd__clkbuf_1)
                                         accumulator._0002_ (net)
                  0.03    0.00    1.07 ^ accumulator._2357_/D (sky130_fd_sc_hd__dfxtp_2)
                                  1.07   data arrival time

                          0.00    0.00   clock clock (rise edge)
                          0.00    0.00   clock source latency
     1    0.02    0.08    0.06    0.06 ^ clock (in)
                                         clock (net)
                  0.08    0.00    0.06 ^ clkbuf_0_clock/A (sky130_fd_sc_hd__clkbuf_16)
     4    0.04    0.06    0.16    0.22 ^ clkbuf_0_clock/X (sky130_fd_sc_hd__clkbuf_16)
                                         clknet_0_clock (net)
                  0.06    0.00    0.22 ^ clkbuf_2_0__f_clock/A (sky130_fd_sc_hd__clkbuf_16)
    11    0.04    0.06    0.15    0.37 ^ clkbuf_2_0__f_clock/X (sky130_fd_sc_hd__clkbuf_16)
                                         clknet_2_0__leaf_clock (net)
                  0.06    0.00    0.37 ^ accumulator._2357_/CLK (sky130_fd_sc_hd__dfxtp_2)
                          0.25    0.62   clock uncertainty
                         -0.04    0.59   clock reconvergence pessimism
                         -0.03    0.56   library hold time
                                  0.56   data required time
-----------------------------------------------------------------------------
                                  0.56   data required time
                                 -1.07   data arrival time
-----------------------------------------------------------------------------
                                  0.51   slack (MET)


Startpoint: accumulator._2359_
            (rising edge-triggered flip-flop clocked by clock)
Endpoint: accumulator._2359_ (rising edge-triggered flip-flop clocked by clock)
Path Group: clock
Path Type: min
Corner: Typical

Fanout     Cap    Slew   Delay    Time   Description
-----------------------------------------------------------------------------
                          0.00    0.00   clock clock (rise edge)
                          0.00    0.00   clock source latency
     1    0.02    0.08    0.05    0.05 ^ clock (in)
                                         clock (net)
                  0.08    0.00    0.05 ^ clkbuf_0_clock/A (sky130_fd_sc_hd__clkbuf_16)
     4    0.04    0.06    0.15    0.20 ^ clkbuf_0_clock/X (sky130_fd_sc_hd__clkbuf_16)
                                         clknet_0_clock (net)
                  0.06    0.00    0.20 ^ clkbuf_2_3__f_clock/A (sky130_fd_sc_hd__clkbuf_16)
    10    0.03    0.05    0.13    0.34 ^ clkbuf_2_3__f_clock/X (sky130_fd_sc_hd__clkbuf_16)
                                         clknet_2_3__leaf_clock (net)
                  0.05    0.00    0.34 ^ accumulator._2359_/CLK (sky130_fd_sc_hd__dfxtp_2)
     6    0.04    0.22    0.43    0.76 ^ accumulator._2359_/Q (sky130_fd_sc_hd__dfxtp_2)
                                         accumulator.io_accOut[2] (net)
                  0.22    0.00    0.76 ^ accumulator._2115_/B2 (sky130_fd_sc_hd__a2bb2o_1)
     1    0.00    0.04    0.15    0.92 ^ accumulator._2115_/X (sky130_fd_sc_hd__a2bb2o_1)
                                         accumulator._0071_ (net)
                  0.04    0.00    0.92 ^ accumulator._2116_/B (sky130_fd_sc_hd__and2_1)
     1    0.00    0.05    0.11    1.02 ^ accumulator._2116_/X (sky130_fd_sc_hd__and2_1)
                                         accumulator._0072_ (net)
                  0.05    0.00    1.02 ^ accumulator._2117_/A (sky130_fd_sc_hd__clkbuf_1)
     1    0.00    0.05    0.08    1.10 ^ accumulator._2117_/X (sky130_fd_sc_hd__clkbuf_1)
                                         accumulator._0004_ (net)
                  0.05    0.00    1.10 ^ accumulator._2359_/D (sky130_fd_sc_hd__dfxtp_2)
                                  1.10   data arrival time

                          0.00    0.00   clock clock (rise edge)
                          0.00    0.00   clock source latency
     1    0.02    0.08    0.06    0.06 ^ clock (in)
                                         clock (net)
                  0.08    0.00    0.06 ^ clkbuf_0_clock/A (sky130_fd_sc_hd__clkbuf_16)
     4    0.04    0.06    0.16    0.22 ^ clkbuf_0_clock/X (sky130_fd_sc_hd__clkbuf_16)
                                         clknet_0_clock (net)
                  0.06    0.00    0.22 ^ clkbuf_2_3__f_clock/A (sky130_fd_sc_hd__clkbuf_16)
    10    0.03    0.05    0.15    0.37 ^ clkbuf_2_3__f_clock/X (sky130_fd_sc_hd__clkbuf_16)
                                         clknet_2_3__leaf_clock (net)
                  0.05    0.00    0.37 ^ accumulator._2359_/CLK (sky130_fd_sc_hd__dfxtp_2)
                          0.25    0.62   clock uncertainty
                         -0.04    0.59   clock reconvergence pessimism
                         -0.03    0.56   library hold time
                                  0.56   data required time
-----------------------------------------------------------------------------
                                  0.56   data required time
                                 -1.10   data arrival time
-----------------------------------------------------------------------------
                                  0.55   slack (MET)


Startpoint: accumulator._2365_
            (rising edge-triggered flip-flop clocked by clock)
Endpoint: accumulator._2365_ (rising edge-triggered flip-flop clocked by clock)
Path Group: clock
Path Type: min
Corner: Typical

Fanout     Cap    Slew   Delay    Time   Description
-----------------------------------------------------------------------------
                          0.00    0.00   clock clock (rise edge)
                          0.00    0.00   clock source latency
     1    0.02    0.08    0.05    0.05 ^ clock (in)
                                         clock (net)
                  0.08    0.00    0.05 ^ clkbuf_0_clock/A (sky130_fd_sc_hd__clkbuf_16)
     4    0.04    0.06    0.15    0.20 ^ clkbuf_0_clock/X (sky130_fd_sc_hd__clkbuf_16)
                                         clknet_0_clock (net)
                  0.06    0.00    0.20 ^ clkbuf_2_3__f_clock/A (sky130_fd_sc_hd__clkbuf_16)
    10    0.03    0.05    0.13    0.34 ^ clkbuf_2_3__f_clock/X (sky130_fd_sc_hd__clkbuf_16)
                                         clknet_2_3__leaf_clock (net)
                  0.05    0.00    0.34 ^ accumulator._2365_/CLK (sky130_fd_sc_hd__dfxtp_1)
     4    0.02    0.22    0.41    0.75 ^ accumulator._2365_/Q (sky130_fd_sc_hd__dfxtp_1)
                                         accumulator.io_accOut[8] (net)
                  0.22    0.00    0.75 ^ accumulator._2169_/A1 (sky130_fd_sc_hd__a221o_1)
     1    0.01    0.06    0.19    0.94 ^ accumulator._2169_/X (sky130_fd_sc_hd__a221o_1)
                                         accumulator._0124_ (net)
                  0.06    0.00    0.94 ^ accumulator._2170_/B (sky130_fd_sc_hd__and2_1)
     1    0.00    0.04    0.11    1.06 ^ accumulator._2170_/X (sky130_fd_sc_hd__and2_1)
                                         accumulator._0126_ (net)
                  0.04    0.00    1.06 ^ accumulator._2171_/A (sky130_fd_sc_hd__clkbuf_1)
     1    0.00    0.05    0.08    1.13 ^ accumulator._2171_/X (sky130_fd_sc_hd__clkbuf_1)
                                         accumulator._0010_ (net)
                  0.05    0.00    1.13 ^ accumulator._2365_/D (sky130_fd_sc_hd__dfxtp_1)
                                  1.13   data arrival time

                          0.00    0.00   clock clock (rise edge)
                          0.00    0.00   clock source latency
     1    0.02    0.08    0.06    0.06 ^ clock (in)
                                         clock (net)
                  0.08    0.00    0.06 ^ clkbuf_0_clock/A (sky130_fd_sc_hd__clkbuf_16)
     4    0.04    0.06    0.16    0.22 ^ clkbuf_0_clock/X (sky130_fd_sc_hd__clkbuf_16)
                                         clknet_0_clock (net)
                  0.06    0.00    0.22 ^ clkbuf_2_3__f_clock/A (sky130_fd_sc_hd__clkbuf_16)
    10    0.03    0.05    0.15    0.37 ^ clkbuf_2_3__f_clock/X (sky130_fd_sc_hd__clkbuf_16)
                                         clknet_2_3__leaf_clock (net)
                  0.05    0.00    0.37 ^ accumulator._2365_/CLK (sky130_fd_sc_hd__dfxtp_1)
                          0.25    0.62   clock uncertainty
                         -0.04    0.59   clock reconvergence pessimism
                         -0.03    0.56   library hold time
                                  0.56   data required time
-----------------------------------------------------------------------------
                                  0.56   data required time
                                 -1.13   data arrival time
-----------------------------------------------------------------------------
                                  0.58   slack (MET)


Startpoint: accumulator._2388_
            (rising edge-triggered flip-flop clocked by clock)
Endpoint: accumulator._2358_ (rising edge-triggered flip-flop clocked by clock)
Path Group: clock
Path Type: min
Corner: Typical

Fanout     Cap    Slew   Delay    Time   Description
-----------------------------------------------------------------------------
                          0.00    0.00   clock clock (rise edge)
                          0.00    0.00   clock source latency
     1    0.02    0.08    0.05    0.05 ^ clock (in)
                                         clock (net)
                  0.08    0.00    0.05 ^ clkbuf_0_clock/A (sky130_fd_sc_hd__clkbuf_16)
     4    0.04    0.06    0.15    0.20 ^ clkbuf_0_clock/X (sky130_fd_sc_hd__clkbuf_16)
                                         clknet_0_clock (net)
                  0.06    0.00    0.20 ^ clkbuf_2_3__f_clock/A (sky130_fd_sc_hd__clkbuf_16)
    10    0.03    0.05    0.13    0.34 ^ clkbuf_2_3__f_clock/X (sky130_fd_sc_hd__clkbuf_16)
                                         clknet_2_3__leaf_clock (net)
                  0.05    0.00    0.34 ^ accumulator._2388_/CLK (sky130_fd_sc_hd__dfxtp_1)
     5    0.01    0.08    0.32    0.66 v accumulator._2388_/Q (sky130_fd_sc_hd__dfxtp_1)
                                         accumulator.state[0] (net)
                  0.08    0.00    0.66 v accumulator._1179_/B (sky130_fd_sc_hd__nand2b_2)
     9    0.03    0.19    0.17    0.83 ^ accumulator._1179_/Y (sky130_fd_sc_hd__nand2b_2)
                                         accumulator._1166_ (net)
                  0.19    0.00    0.83 ^ accumulator._2107_/B1 (sky130_fd_sc_hd__a2bb2o_1)
     1    0.00    0.04    0.15    0.98 ^ accumulator._2107_/X (sky130_fd_sc_hd__a2bb2o_1)
                                         accumulator._0063_ (net)
                  0.04    0.00    0.98 ^ accumulator._2108_/B (sky130_fd_sc_hd__and2_1)
     1    0.00    0.05    0.11    1.09 ^ accumulator._2108_/X (sky130_fd_sc_hd__and2_1)
                                         accumulator._0064_ (net)
                  0.05    0.00    1.09 ^ accumulator._2109_/A (sky130_fd_sc_hd__clkbuf_1)
     1    0.00    0.05    0.08    1.17 ^ accumulator._2109_/X (sky130_fd_sc_hd__clkbuf_1)
                                         accumulator._0003_ (net)
                  0.05    0.00    1.17 ^ accumulator._2358_/D (sky130_fd_sc_hd__dfxtp_1)
                                  1.17   data arrival time

                          0.00    0.00   clock clock (rise edge)
                          0.00    0.00   clock source latency
     1    0.02    0.08    0.06    0.06 ^ clock (in)
                                         clock (net)
                  0.08    0.00    0.06 ^ clkbuf_0_clock/A (sky130_fd_sc_hd__clkbuf_16)
     4    0.04    0.06    0.16    0.22 ^ clkbuf_0_clock/X (sky130_fd_sc_hd__clkbuf_16)
                                         clknet_0_clock (net)
                  0.06    0.00    0.22 ^ clkbuf_2_2__f_clock/A (sky130_fd_sc_hd__clkbuf_16)
     7    0.03    0.05    0.15    0.37 ^ clkbuf_2_2__f_clock/X (sky130_fd_sc_hd__clkbuf_16)
                                         clknet_2_2__leaf_clock (net)
                  0.05    0.00    0.37 ^ accumulator._2358_/CLK (sky130_fd_sc_hd__dfxtp_1)
                          0.25    0.62   clock uncertainty
                         -0.02    0.60   clock reconvergence pessimism
                         -0.03    0.57   library hold time
                                  0.57   data required time
-----------------------------------------------------------------------------
                                  0.57   data required time
                                 -1.17   data arrival time
-----------------------------------------------------------------------------
                                  0.60   slack (MET)


Startpoint: accumulator._2388_
            (rising edge-triggered flip-flop clocked by clock)
Endpoint: accumulator._2384_ (rising edge-triggered flip-flop clocked by clock)
Path Group: clock
Path Type: min
Corner: Typical

Fanout     Cap    Slew   Delay    Time   Description
-----------------------------------------------------------------------------
                          0.00    0.00   clock clock (rise edge)
                          0.00    0.00   clock source latency
     1    0.02    0.08    0.05    0.05 ^ clock (in)
                                         clock (net)
                  0.08    0.00    0.05 ^ clkbuf_0_clock/A (sky130_fd_sc_hd__clkbuf_16)
     4    0.04    0.06    0.15    0.20 ^ clkbuf_0_clock/X (sky130_fd_sc_hd__clkbuf_16)
                                         clknet_0_clock (net)
                  0.06    0.00    0.20 ^ clkbuf_2_3__f_clock/A (sky130_fd_sc_hd__clkbuf_16)
    10    0.03    0.05    0.13    0.34 ^ clkbuf_2_3__f_clock/X (sky130_fd_sc_hd__clkbuf_16)
                                         clknet_2_3__leaf_clock (net)
                  0.05    0.00    0.34 ^ accumulator._2388_/CLK (sky130_fd_sc_hd__dfxtp_1)
     5    0.01    0.08    0.32    0.66 v accumulator._2388_/Q (sky130_fd_sc_hd__dfxtp_1)
                                         accumulator.state[0] (net)
                  0.08    0.00    0.66 v accumulator._1179_/B (sky130_fd_sc_hd__nand2b_2)
     9    0.03    0.19    0.17    0.83 ^ accumulator._1179_/Y (sky130_fd_sc_hd__nand2b_2)
                                         accumulator._1166_ (net)
                  0.19    0.00    0.83 ^ accumulator._1180_/A (sky130_fd_sc_hd__clkbuf_4)
    10    0.06    0.18    0.27    1.11 ^ accumulator._1180_/X (sky130_fd_sc_hd__clkbuf_4)
                                         accumulator._0034_ (net)
                  0.18    0.00    1.11 ^ accumulator._2324_/B1 (sky130_fd_sc_hd__a21oi_1)
     1    0.01    0.07    0.09    1.20 v accumulator._2324_/Y (sky130_fd_sc_hd__a21oi_1)
                                         accumulator._0276_ (net)
                  0.07    0.00    1.20 v accumulator._2326_/A (sky130_fd_sc_hd__nor2_1)
     1    0.00    0.06    0.09    1.29 ^ accumulator._2326_/Y (sky130_fd_sc_hd__nor2_1)
                                         accumulator._0029_ (net)
                  0.06    0.00    1.29 ^ accumulator._2384_/D (sky130_fd_sc_hd__dfxtp_1)
                                  1.29   data arrival time

                          0.00    0.00   clock clock (rise edge)
                          0.00    0.00   clock source latency
     1    0.02    0.08    0.06    0.06 ^ clock (in)
                                         clock (net)
                  0.08    0.00    0.06 ^ clkbuf_0_clock/A (sky130_fd_sc_hd__clkbuf_16)
     4    0.04    0.06    0.16    0.22 ^ clkbuf_0_clock/X (sky130_fd_sc_hd__clkbuf_16)
                                         clknet_0_clock (net)
                  0.06    0.00    0.22 ^ clkbuf_2_2__f_clock/A (sky130_fd_sc_hd__clkbuf_16)
     7    0.03    0.05    0.15    0.37 ^ clkbuf_2_2__f_clock/X (sky130_fd_sc_hd__clkbuf_16)
                                         clknet_2_2__leaf_clock (net)
                  0.05    0.00    0.37 ^ accumulator._2384_/CLK (sky130_fd_sc_hd__dfxtp_1)
                          0.25    0.62   clock uncertainty
                         -0.02    0.60   clock reconvergence pessimism
                         -0.03    0.56   library hold time
                                  0.56   data required time
-----------------------------------------------------------------------------
                                  0.56   data required time
                                 -1.29   data arrival time
-----------------------------------------------------------------------------
                                  0.72   slack (MET)


Startpoint: accumulator._2374_
            (rising edge-triggered flip-flop clocked by clock)
Endpoint: accumulator._2374_ (rising edge-triggered flip-flop clocked by clock)
Path Group: clock
Path Type: min
Corner: Typical

Fanout     Cap    Slew   Delay    Time   Description
-----------------------------------------------------------------------------
                          0.00    0.00   clock clock (rise edge)
                          0.00    0.00   clock source latency
     1    0.02    0.08    0.05    0.05 ^ clock (in)
                                         clock (net)
                  0.08    0.00    0.05 ^ clkbuf_0_clock/A (sky130_fd_sc_hd__clkbuf_16)
     4    0.04    0.06    0.15    0.20 ^ clkbuf_0_clock/X (sky130_fd_sc_hd__clkbuf_16)
                                         clknet_0_clock (net)
                  0.06    0.00    0.20 ^ clkbuf_2_0__f_clock/A (sky130_fd_sc_hd__clkbuf_16)
    11    0.04    0.06    0.14    0.34 ^ clkbuf_2_0__f_clock/X (sky130_fd_sc_hd__clkbuf_16)
                                         clknet_2_0__leaf_clock (net)
                  0.06    0.00    0.34 ^ accumulator._2374_/CLK (sky130_fd_sc_hd__dfxtp_1)
     4    0.01    0.15    0.36    0.70 ^ accumulator._2374_/Q (sky130_fd_sc_hd__dfxtp_1)
                                         accumulator.io_accOut[17] (net)
                  0.15    0.00    0.70 ^ hold48/A (sky130_fd_sc_hd__dlygate4sd3_1)
     1    0.00    0.05    0.53    1.24 ^ hold48/X (sky130_fd_sc_hd__dlygate4sd3_1)
                                         net106 (net)
                  0.05    0.00    1.24 ^ accumulator._2242_/A1 (sky130_fd_sc_hd__o211a_1)
     1    0.00    0.04    0.14    1.37 ^ accumulator._2242_/X (sky130_fd_sc_hd__o211a_1)
                                         accumulator._0019_ (net)
                  0.04    0.00    1.37 ^ accumulator._2374_/D (sky130_fd_sc_hd__dfxtp_1)
                                  1.37   data arrival time

                          0.00    0.00   clock clock (rise edge)
                          0.00    0.00   clock source latency
     1    0.02    0.08    0.06    0.06 ^ clock (in)
                                         clock (net)
                  0.08    0.00    0.06 ^ clkbuf_0_clock/A (sky130_fd_sc_hd__clkbuf_16)
     4    0.04    0.06    0.16    0.22 ^ clkbuf_0_clock/X (sky130_fd_sc_hd__clkbuf_16)
                                         clknet_0_clock (net)
                  0.06    0.00    0.22 ^ clkbuf_2_0__f_clock/A (sky130_fd_sc_hd__clkbuf_16)
    11    0.04    0.06    0.15    0.37 ^ clkbuf_2_0__f_clock/X (sky130_fd_sc_hd__clkbuf_16)
                                         clknet_2_0__leaf_clock (net)
                  0.06    0.00    0.38 ^ accumulator._2374_/CLK (sky130_fd_sc_hd__dfxtp_1)
                          0.25    0.63   clock uncertainty
                         -0.04    0.59   clock reconvergence pessimism
                         -0.03    0.56   library hold time
                                  0.56   data required time
-----------------------------------------------------------------------------
                                  0.56   data required time
                                 -1.37   data arrival time
-----------------------------------------------------------------------------
                                  0.81   slack (MET)


Startpoint: accumulator._2388_
            (rising edge-triggered flip-flop clocked by clock)
Endpoint: accumulator._2371_ (rising edge-triggered flip-flop clocked by clock)
Path Group: clock
Path Type: min
Corner: Typical

Fanout     Cap    Slew   Delay    Time   Description
-----------------------------------------------------------------------------
                          0.00    0.00   clock clock (rise edge)
                          0.00    0.00   clock source latency
     1    0.02    0.08    0.05    0.05 ^ clock (in)
                                         clock (net)
                  0.08    0.00    0.05 ^ clkbuf_0_clock/A (sky130_fd_sc_hd__clkbuf_16)
     4    0.04    0.06    0.15    0.20 ^ clkbuf_0_clock/X (sky130_fd_sc_hd__clkbuf_16)
                                         clknet_0_clock (net)
                  0.06    0.00    0.20 ^ clkbuf_2_3__f_clock/A (sky130_fd_sc_hd__clkbuf_16)
    10    0.03    0.05    0.13    0.34 ^ clkbuf_2_3__f_clock/X (sky130_fd_sc_hd__clkbuf_16)
                                         clknet_2_3__leaf_clock (net)
                  0.05    0.00    0.34 ^ accumulator._2388_/CLK (sky130_fd_sc_hd__dfxtp_1)
     5    0.01    0.08    0.32    0.66 v accumulator._2388_/Q (sky130_fd_sc_hd__dfxtp_1)
                                         accumulator.state[0] (net)
                  0.08    0.00    0.66 v accumulator._1285_/B (sky130_fd_sc_hd__and2b_1)
     1    0.00    0.03    0.15    0.81 v accumulator._1285_/X (sky130_fd_sc_hd__and2b_1)
                                         accumulator._0382_ (net)
                  0.03    0.00    0.81 v accumulator._1286_/A (sky130_fd_sc_hd__buf_2)
    10    0.04    0.11    0.18    0.99 v accumulator._1286_/X (sky130_fd_sc_hd__buf_2)
                                         accumulator._0383_ (net)
                  0.11    0.00    1.00 v accumulator._1287_/A (sky130_fd_sc_hd__buf_2)
    10    0.04    0.10    0.20    1.20 v accumulator._1287_/X (sky130_fd_sc_hd__buf_2)
                                         accumulator._0384_ (net)
                  0.10    0.00    1.20 v accumulator._2220_/A2 (sky130_fd_sc_hd__o21ai_1)
     1    0.00    0.08    0.13    1.33 ^ accumulator._2220_/Y (sky130_fd_sc_hd__o21ai_1)
                                         accumulator._0175_ (net)
                  0.08    0.00    1.33 ^ accumulator._2221_/B1 (sky130_fd_sc_hd__a21oi_1)
     1    0.00    0.03    0.04    1.37 v accumulator._2221_/Y (sky130_fd_sc_hd__a21oi_1)
                                         accumulator._0016_ (net)
                  0.03    0.00    1.37 v accumulator._2371_/D (sky130_fd_sc_hd__dfxtp_1)
                                  1.37   data arrival time

                          0.00    0.00   clock clock (rise edge)
                          0.00    0.00   clock source latency
     1    0.02    0.08    0.06    0.06 ^ clock (in)
                                         clock (net)
                  0.08    0.00    0.06 ^ clkbuf_0_clock/A (sky130_fd_sc_hd__clkbuf_16)
     4    0.04    0.06    0.16    0.22 ^ clkbuf_0_clock/X (sky130_fd_sc_hd__clkbuf_16)
                                         clknet_0_clock (net)
                  0.06    0.00    0.22 ^ clkbuf_2_1__f_clock/A (sky130_fd_sc_hd__clkbuf_16)
     9    0.03    0.05    0.15    0.37 ^ clkbuf_2_1__f_clock/X (sky130_fd_sc_hd__clkbuf_16)
                                         clknet_2_1__leaf_clock (net)
                  0.05    0.00    0.37 ^ accumulator._2371_/CLK (sky130_fd_sc_hd__dfxtp_1)
                          0.25    0.62   clock uncertainty
                         -0.02    0.60   clock reconvergence pessimism
                         -0.05    0.55   library hold time
                                  0.55   data required time
-----------------------------------------------------------------------------
                                  0.55   data required time
                                 -1.37   data arrival time
-----------------------------------------------------------------------------
                                  0.82   slack (MET)


Startpoint: accumulator._2369_
            (rising edge-triggered flip-flop clocked by clock)
Endpoint: accumulator._2369_ (rising edge-triggered flip-flop clocked by clock)
Path Group: clock
Path Type: min
Corner: Typical

Fanout     Cap    Slew   Delay    Time   Description
-----------------------------------------------------------------------------
                          0.00    0.00   clock clock (rise edge)
                          0.00    0.00   clock source latency
     1    0.02    0.08    0.05    0.05 ^ clock (in)
                                         clock (net)
                  0.08    0.00    0.05 ^ clkbuf_0_clock/A (sky130_fd_sc_hd__clkbuf_16)
     4    0.04    0.06    0.15    0.20 ^ clkbuf_0_clock/X (sky130_fd_sc_hd__clkbuf_16)
                                         clknet_0_clock (net)
                  0.06    0.00    0.20 ^ clkbuf_2_0__f_clock/A (sky130_fd_sc_hd__clkbuf_16)
    11    0.04    0.06    0.14    0.34 ^ clkbuf_2_0__f_clock/X (sky130_fd_sc_hd__clkbuf_16)
                                         clknet_2_0__leaf_clock (net)
                  0.06    0.00    0.34 ^ accumulator._2369_/CLK (sky130_fd_sc_hd__dfxtp_1)
     4    0.02    0.15    0.37    0.71 ^ accumulator._2369_/Q (sky130_fd_sc_hd__dfxtp_1)
                                         accumulator.io_accOut[12] (net)
                  0.15    0.00    0.71 ^ hold47/A (sky130_fd_sc_hd__dlygate4sd3_1)
     1    0.00    0.05    0.54    1.24 ^ hold47/X (sky130_fd_sc_hd__dlygate4sd3_1)
                                         net105 (net)
                  0.05    0.00    1.24 ^ accumulator._2206_/A1 (sky130_fd_sc_hd__o211a_1)
     1    0.00    0.04    0.14    1.38 ^ accumulator._2206_/X (sky130_fd_sc_hd__o211a_1)
                                         accumulator._0014_ (net)
                  0.04    0.00    1.38 ^ accumulator._2369_/D (sky130_fd_sc_hd__dfxtp_1)
                                  1.38   data arrival time

                          0.00    0.00   clock clock (rise edge)
                          0.00    0.00   clock source latency
     1    0.02    0.08    0.06    0.06 ^ clock (in)
                                         clock (net)
                  0.08    0.00    0.06 ^ clkbuf_0_clock/A (sky130_fd_sc_hd__clkbuf_16)
     4    0.04    0.06    0.16    0.22 ^ clkbuf_0_clock/X (sky130_fd_sc_hd__clkbuf_16)
                                         clknet_0_clock (net)
                  0.06    0.00    0.22 ^ clkbuf_2_0__f_clock/A (sky130_fd_sc_hd__clkbuf_16)
    11    0.04    0.06    0.15    0.37 ^ clkbuf_2_0__f_clock/X (sky130_fd_sc_hd__clkbuf_16)
                                         clknet_2_0__leaf_clock (net)
                  0.06    0.00    0.38 ^ accumulator._2369_/CLK (sky130_fd_sc_hd__dfxtp_1)
                          0.25    0.63   clock uncertainty
                         -0.04    0.59   clock reconvergence pessimism
                         -0.03    0.56   library hold time
                                  0.56   data required time
-----------------------------------------------------------------------------
                                  0.56   data required time
                                 -1.38   data arrival time
-----------------------------------------------------------------------------
                                  0.82   slack (MET)


Startpoint: accumulator._2388_
            (rising edge-triggered flip-flop clocked by clock)
Endpoint: accumulator._2377_ (rising edge-triggered flip-flop clocked by clock)
Path Group: clock
Path Type: min
Corner: Typical

Fanout     Cap    Slew   Delay    Time   Description
-----------------------------------------------------------------------------
                          0.00    0.00   clock clock (rise edge)
                          0.00    0.00   clock source latency
     1    0.02    0.08    0.05    0.05 ^ clock (in)
                                         clock (net)
                  0.08    0.00    0.05 ^ clkbuf_0_clock/A (sky130_fd_sc_hd__clkbuf_16)
     4    0.04    0.06    0.15    0.20 ^ clkbuf_0_clock/X (sky130_fd_sc_hd__clkbuf_16)
                                         clknet_0_clock (net)
                  0.06    0.00    0.20 ^ clkbuf_2_3__f_clock/A (sky130_fd_sc_hd__clkbuf_16)
    10    0.03    0.05    0.13    0.34 ^ clkbuf_2_3__f_clock/X (sky130_fd_sc_hd__clkbuf_16)
                                         clknet_2_3__leaf_clock (net)
                  0.05    0.00    0.34 ^ accumulator._2388_/CLK (sky130_fd_sc_hd__dfxtp_1)
     5    0.01    0.08    0.32    0.66 v accumulator._2388_/Q (sky130_fd_sc_hd__dfxtp_1)
                                         accumulator.state[0] (net)
                  0.08    0.00    0.66 v accumulator._1179_/B (sky130_fd_sc_hd__nand2b_2)
     9    0.03    0.19    0.17    0.83 ^ accumulator._1179_/Y (sky130_fd_sc_hd__nand2b_2)
                                         accumulator._1166_ (net)
                  0.19    0.00    0.83 ^ accumulator._1297_/A (sky130_fd_sc_hd__buf_2)
    10    0.04    0.22    0.26    1.10 ^ accumulator._1297_/X (sky130_fd_sc_hd__buf_2)
                                         accumulator._0392_ (net)
                  0.22    0.00    1.10 ^ accumulator._2264_/A (sky130_fd_sc_hd__or2_4)
     1    0.00    0.03    0.15    1.25 ^ accumulator._2264_/X (sky130_fd_sc_hd__or2_4)
                                         accumulator._0217_ (net)
                  0.03    0.00    1.25 ^ accumulator._2265_/B2 (sky130_fd_sc_hd__o221a_1)
     1    0.00    0.06    0.15    1.40 ^ accumulator._2265_/X (sky130_fd_sc_hd__o221a_1)
                                         accumulator._0022_ (net)
                  0.06    0.00    1.40 ^ accumulator._2377_/D (sky130_fd_sc_hd__dfxtp_1)
                                  1.40   data arrival time

                          0.00    0.00   clock clock (rise edge)
                          0.00    0.00   clock source latency
     1    0.02    0.08    0.06    0.06 ^ clock (in)
                                         clock (net)
                  0.08    0.00    0.06 ^ clkbuf_0_clock/A (sky130_fd_sc_hd__clkbuf_16)
     4    0.04    0.06    0.16    0.22 ^ clkbuf_0_clock/X (sky130_fd_sc_hd__clkbuf_16)
                                         clknet_0_clock (net)
                  0.06    0.00    0.22 ^ clkbuf_2_0__f_clock/A (sky130_fd_sc_hd__clkbuf_16)
    11    0.04    0.06    0.15    0.37 ^ clkbuf_2_0__f_clock/X (sky130_fd_sc_hd__clkbuf_16)
                                         clknet_2_0__leaf_clock (net)
                  0.06    0.00    0.37 ^ accumulator._2377_/CLK (sky130_fd_sc_hd__dfxtp_1)
                          0.25    0.62   clock uncertainty
                         -0.02    0.60   clock reconvergence pessimism
                         -0.03    0.57   library hold time
                                  0.57   data required time
-----------------------------------------------------------------------------
                                  0.57   data required time
                                 -1.40   data arrival time
-----------------------------------------------------------------------------
                                  0.83   slack (MET)


Startpoint: accumulator._2376_
            (rising edge-triggered flip-flop clocked by clock)
Endpoint: accumulator._2376_ (rising edge-triggered flip-flop clocked by clock)
Path Group: clock
Path Type: min
Corner: Typical

Fanout     Cap    Slew   Delay    Time   Description
-----------------------------------------------------------------------------
                          0.00    0.00   clock clock (rise edge)
                          0.00    0.00   clock source latency
     1    0.02    0.08    0.05    0.05 ^ clock (in)
                                         clock (net)
                  0.08    0.00    0.05 ^ clkbuf_0_clock/A (sky130_fd_sc_hd__clkbuf_16)
     4    0.04    0.06    0.15    0.20 ^ clkbuf_0_clock/X (sky130_fd_sc_hd__clkbuf_16)
                                         clknet_0_clock (net)
                  0.06    0.00    0.20 ^ clkbuf_2_1__f_clock/A (sky130_fd_sc_hd__clkbuf_16)
     9    0.03    0.05    0.13    0.34 ^ clkbuf_2_1__f_clock/X (sky130_fd_sc_hd__clkbuf_16)
                                         clknet_2_1__leaf_clock (net)
                  0.05    0.00    0.34 ^ accumulator._2376_/CLK (sky130_fd_sc_hd__dfxtp_1)
     4    0.02    0.17    0.38    0.71 ^ accumulator._2376_/Q (sky130_fd_sc_hd__dfxtp_1)
                                         accumulator.io_accOut[19] (net)
                  0.17    0.00    0.71 ^ hold50/A (sky130_fd_sc_hd__dlygate4sd3_1)
     1    0.00    0.05    0.54    1.25 ^ hold50/X (sky130_fd_sc_hd__dlygate4sd3_1)
                                         net108 (net)
                  0.05    0.00    1.25 ^ accumulator._2256_/A1 (sky130_fd_sc_hd__o221a_1)
     1    0.00    0.05    0.16    1.41 ^ accumulator._2256_/X (sky130_fd_sc_hd__o221a_1)
                                         accumulator._0021_ (net)
                  0.05    0.00    1.41 ^ accumulator._2376_/D (sky130_fd_sc_hd__dfxtp_1)
                                  1.41   data arrival time

                          0.00    0.00   clock clock (rise edge)
                          0.00    0.00   clock source latency
     1    0.02    0.08    0.06    0.06 ^ clock (in)
                                         clock (net)
                  0.08    0.00    0.06 ^ clkbuf_0_clock/A (sky130_fd_sc_hd__clkbuf_16)
     4    0.04    0.06    0.16    0.22 ^ clkbuf_0_clock/X (sky130_fd_sc_hd__clkbuf_16)
                                         clknet_0_clock (net)
                  0.06    0.00    0.22 ^ clkbuf_2_1__f_clock/A (sky130_fd_sc_hd__clkbuf_16)
     9    0.03    0.05    0.15    0.37 ^ clkbuf_2_1__f_clock/X (sky130_fd_sc_hd__clkbuf_16)
                                         clknet_2_1__leaf_clock (net)
                  0.05    0.00    0.37 ^ accumulator._2376_/CLK (sky130_fd_sc_hd__dfxtp_1)
                          0.25    0.62   clock uncertainty
                         -0.04    0.59   clock reconvergence pessimism
                         -0.03    0.56   library hold time
                                  0.56   data required time
-----------------------------------------------------------------------------
                                  0.56   data required time
                                 -1.41   data arrival time
-----------------------------------------------------------------------------
                                  0.86   slack (MET)


Startpoint: accumulator._2370_
            (rising edge-triggered flip-flop clocked by clock)
Endpoint: accumulator._2370_ (rising edge-triggered flip-flop clocked by clock)
Path Group: clock
Path Type: min
Corner: Typical

Fanout     Cap    Slew   Delay    Time   Description
-----------------------------------------------------------------------------
                          0.00    0.00   clock clock (rise edge)
                          0.00    0.00   clock source latency
     1    0.02    0.08    0.05    0.05 ^ clock (in)
                                         clock (net)
                  0.08    0.00    0.05 ^ clkbuf_0_clock/A (sky130_fd_sc_hd__clkbuf_16)
     4    0.04    0.06    0.15    0.20 ^ clkbuf_0_clock/X (sky130_fd_sc_hd__clkbuf_16)
                                         clknet_0_clock (net)
                  0.06    0.00    0.20 ^ clkbuf_2_1__f_clock/A (sky130_fd_sc_hd__clkbuf_16)
     9    0.03    0.05    0.13    0.34 ^ clkbuf_2_1__f_clock/X (sky130_fd_sc_hd__clkbuf_16)
                                         clknet_2_1__leaf_clock (net)
                  0.05    0.00    0.34 ^ accumulator._2370_/CLK (sky130_fd_sc_hd__dfxtp_1)
     4    0.02    0.20    0.40    0.73 ^ accumulator._2370_/Q (sky130_fd_sc_hd__dfxtp_1)
                                         accumulator.io_accOut[13] (net)
                  0.20    0.00    0.73 ^ hold55/A (sky130_fd_sc_hd__dlygate4sd3_1)
     1    0.00    0.06    0.55    1.28 ^ hold55/X (sky130_fd_sc_hd__dlygate4sd3_1)
                                         net113 (net)
                  0.06    0.00    1.28 ^ accumulator._2213_/A1 (sky130_fd_sc_hd__o221a_1)
     1    0.00    0.05    0.16    1.45 ^ accumulator._2213_/X (sky130_fd_sc_hd__o221a_1)
                                         accumulator._0015_ (net)
                  0.05    0.00    1.45 ^ accumulator._2370_/D (sky130_fd_sc_hd__dfxtp_1)
                                  1.45   data arrival time

                          0.00    0.00   clock clock (rise edge)
                          0.00    0.00   clock source latency
     1    0.02    0.08    0.06    0.06 ^ clock (in)
                                         clock (net)
                  0.08    0.00    0.06 ^ clkbuf_0_clock/A (sky130_fd_sc_hd__clkbuf_16)
     4    0.04    0.06    0.16    0.22 ^ clkbuf_0_clock/X (sky130_fd_sc_hd__clkbuf_16)
                                         clknet_0_clock (net)
                  0.06    0.00    0.22 ^ clkbuf_2_1__f_clock/A (sky130_fd_sc_hd__clkbuf_16)
     9    0.03    0.05    0.15    0.37 ^ clkbuf_2_1__f_clock/X (sky130_fd_sc_hd__clkbuf_16)
                                         clknet_2_1__leaf_clock (net)
                  0.05    0.00    0.37 ^ accumulator._2370_/CLK (sky130_fd_sc_hd__dfxtp_1)
                          0.25    0.62   clock uncertainty
                         -0.04    0.59   clock reconvergence pessimism
                         -0.03    0.56   library hold time
                                  0.56   data required time
-----------------------------------------------------------------------------
                                  0.56   data required time
                                 -1.45   data arrival time
-----------------------------------------------------------------------------
                                  0.89   slack (MET)


Startpoint: accumulator._2386_
            (rising edge-triggered flip-flop clocked by clock)
Endpoint: io_accOut[29] (output port clocked by clock)
Path Group: clock
Path Type: min
Corner: Typical

Fanout     Cap    Slew   Delay    Time   Description
-----------------------------------------------------------------------------
                          0.00    0.00   clock clock (rise edge)
                          0.00    0.00   clock source latency
     1    0.02    0.08    0.05    0.05 ^ clock (in)
                                         clock (net)
                  0.08    0.00    0.05 ^ clkbuf_0_clock/A (sky130_fd_sc_hd__clkbuf_16)
     4    0.04    0.06    0.15    0.20 ^ clkbuf_0_clock/X (sky130_fd_sc_hd__clkbuf_16)
                                         clknet_0_clock (net)
                  0.06    0.00    0.20 ^ clkbuf_2_3__f_clock/A (sky130_fd_sc_hd__clkbuf_16)
    10    0.03    0.05    0.13    0.34 ^ clkbuf_2_3__f_clock/X (sky130_fd_sc_hd__clkbuf_16)
                                         clknet_2_3__leaf_clock (net)
                  0.05    0.00    0.34 ^ accumulator._2386_/CLK (sky130_fd_sc_hd__dfxtp_1)
     6    0.02    0.09    0.33    0.67 v accumulator._2386_/Q (sky130_fd_sc_hd__dfxtp_1)
                                         accumulator.io_accOut[29] (net)
                  0.09    0.00    0.67 v _29_/A (sky130_fd_sc_hd__clkbuf_1)
     1    0.01    0.04    0.11    0.79 v _29_/X (sky130_fd_sc_hd__clkbuf_1)
                                         net44 (net)
                  0.04    0.00    0.79 v output44/A (sky130_fd_sc_hd__buf_2)
     1    0.03    0.09    0.17    0.95 v output44/X (sky130_fd_sc_hd__buf_2)
                                         io_accOut[29] (net)
                  0.09    0.00    0.95 v io_accOut[29] (out)
                                  0.95   data arrival time

                          0.00    0.00   clock clock (rise edge)
                          0.00    0.00   clock network delay (propagated)
                          0.25    0.25   clock uncertainty
                          0.00    0.25   clock reconvergence pessimism
                         -5.00   -4.75   output external delay
                                 -4.75   data required time
-----------------------------------------------------------------------------
                                 -4.75   data required time
                                 -0.95   data arrival time
-----------------------------------------------------------------------------
                                  5.70   slack (MET)


Startpoint: accumulator._2385_
            (rising edge-triggered flip-flop clocked by clock)
Endpoint: io_accOut[28] (output port clocked by clock)
Path Group: clock
Path Type: min
Corner: Typical

Fanout     Cap    Slew   Delay    Time   Description
-----------------------------------------------------------------------------
                          0.00    0.00   clock clock (rise edge)
                          0.00    0.00   clock source latency
     1    0.02    0.08    0.05    0.05 ^ clock (in)
                                         clock (net)
                  0.08    0.00    0.05 ^ clkbuf_0_clock/A (sky130_fd_sc_hd__clkbuf_16)
     4    0.04    0.06    0.15    0.20 ^ clkbuf_0_clock/X (sky130_fd_sc_hd__clkbuf_16)
                                         clknet_0_clock (net)
                  0.06    0.00    0.20 ^ clkbuf_2_3__f_clock/A (sky130_fd_sc_hd__clkbuf_16)
    10    0.03    0.05    0.13    0.34 ^ clkbuf_2_3__f_clock/X (sky130_fd_sc_hd__clkbuf_16)
                                         clknet_2_3__leaf_clock (net)
                  0.05    0.00    0.34 ^ accumulator._2385_/CLK (sky130_fd_sc_hd__dfxtp_1)
     6    0.02    0.09    0.33    0.67 v accumulator._2385_/Q (sky130_fd_sc_hd__dfxtp_1)
                                         accumulator.io_accOut[28] (net)
                  0.09    0.00    0.67 v _28_/A (sky130_fd_sc_hd__clkbuf_1)
     1    0.01    0.04    0.12    0.79 v _28_/X (sky130_fd_sc_hd__clkbuf_1)
                                         net43 (net)
                  0.04    0.00    0.79 v output43/A (sky130_fd_sc_hd__buf_2)
     1    0.03    0.09    0.17    0.96 v output43/X (sky130_fd_sc_hd__buf_2)
                                         io_accOut[28] (net)
                  0.09    0.00    0.96 v io_accOut[28] (out)
                                  0.96   data arrival time

                          0.00    0.00   clock clock (rise edge)
                          0.00    0.00   clock network delay (propagated)
                          0.25    0.25   clock uncertainty
                          0.00    0.25   clock reconvergence pessimism
                         -5.00   -4.75   output external delay
                                 -4.75   data required time
-----------------------------------------------------------------------------
                                 -4.75   data required time
                                 -0.96   data arrival time
-----------------------------------------------------------------------------
                                  5.71   slack (MET)


Startpoint: accumulator._2384_
            (rising edge-triggered flip-flop clocked by clock)
Endpoint: io_accOut[27] (output port clocked by clock)
Path Group: clock
Path Type: min
Corner: Typical

Fanout     Cap    Slew   Delay    Time   Description
-----------------------------------------------------------------------------
                          0.00    0.00   clock clock (rise edge)
                          0.00    0.00   clock source latency
     1    0.02    0.08    0.05    0.05 ^ clock (in)
                                         clock (net)
                  0.08    0.00    0.05 ^ clkbuf_0_clock/A (sky130_fd_sc_hd__clkbuf_16)
     4    0.04    0.06    0.15    0.20 ^ clkbuf_0_clock/X (sky130_fd_sc_hd__clkbuf_16)
                                         clknet_0_clock (net)
                  0.06    0.00    0.20 ^ clkbuf_2_2__f_clock/A (sky130_fd_sc_hd__clkbuf_16)
     7    0.03    0.05    0.13    0.33 ^ clkbuf_2_2__f_clock/X (sky130_fd_sc_hd__clkbuf_16)
                                         clknet_2_2__leaf_clock (net)
                  0.05    0.00    0.33 ^ accumulator._2384_/CLK (sky130_fd_sc_hd__dfxtp_1)
     6    0.02    0.09    0.33    0.66 v accumulator._2384_/Q (sky130_fd_sc_hd__dfxtp_1)
                                         accumulator.io_accOut[27] (net)
                  0.09    0.00    0.66 v _27_/A (sky130_fd_sc_hd__clkbuf_1)
     1    0.01    0.06    0.12    0.79 v _27_/X (sky130_fd_sc_hd__clkbuf_1)
                                         net42 (net)
                  0.06    0.00    0.79 v output42/A (sky130_fd_sc_hd__buf_2)
     1    0.03    0.09    0.18    0.96 v output42/X (sky130_fd_sc_hd__buf_2)
                                         io_accOut[27] (net)
                  0.09    0.00    0.96 v io_accOut[27] (out)
                                  0.96   data arrival time

                          0.00    0.00   clock clock (rise edge)
                          0.00    0.00   clock network delay (propagated)
                          0.25    0.25   clock uncertainty
                          0.00    0.25   clock reconvergence pessimism
                         -5.00   -4.75   output external delay
                                 -4.75   data required time
-----------------------------------------------------------------------------
                                 -4.75   data required time
                                 -0.96   data arrival time
-----------------------------------------------------------------------------
                                  5.71   slack (MET)


Startpoint: accumulator._2383_
            (rising edge-triggered flip-flop clocked by clock)
Endpoint: io_accOut[26] (output port clocked by clock)
Path Group: clock
Path Type: min
Corner: Typical

Fanout     Cap    Slew   Delay    Time   Description
-----------------------------------------------------------------------------
                          0.00    0.00   clock clock (rise edge)
                          0.00    0.00   clock source latency
     1    0.02    0.08    0.05    0.05 ^ clock (in)
                                         clock (net)
                  0.08    0.00    0.05 ^ clkbuf_0_clock/A (sky130_fd_sc_hd__clkbuf_16)
     4    0.04    0.06    0.15    0.20 ^ clkbuf_0_clock/X (sky130_fd_sc_hd__clkbuf_16)
                                         clknet_0_clock (net)
                  0.06    0.00    0.20 ^ clkbuf_2_3__f_clock/A (sky130_fd_sc_hd__clkbuf_16)
    10    0.03    0.05    0.13    0.34 ^ clkbuf_2_3__f_clock/X (sky130_fd_sc_hd__clkbuf_16)
                                         clknet_2_3__leaf_clock (net)
                  0.05    0.00    0.34 ^ accumulator._2383_/CLK (sky130_fd_sc_hd__dfxtp_1)
     6    0.02    0.12    0.35    0.69 v accumulator._2383_/Q (sky130_fd_sc_hd__dfxtp_1)
                                         accumulator.io_accOut[26] (net)
                  0.12    0.00    0.69 v _26_/A (sky130_fd_sc_hd__clkbuf_1)
     1    0.01    0.04    0.12    0.81 v _26_/X (sky130_fd_sc_hd__clkbuf_1)
                                         net41 (net)
                  0.04    0.00    0.81 v output41/A (sky130_fd_sc_hd__buf_2)
     1    0.03    0.09    0.17    0.98 v output41/X (sky130_fd_sc_hd__buf_2)
                                         io_accOut[26] (net)
                  0.09    0.00    0.98 v io_accOut[26] (out)
                                  0.98   data arrival time

                          0.00    0.00   clock clock (rise edge)
                          0.00    0.00   clock network delay (propagated)
                          0.25    0.25   clock uncertainty
                          0.00    0.25   clock reconvergence pessimism
                         -5.00   -4.75   output external delay
                                 -4.75   data required time
-----------------------------------------------------------------------------
                                 -4.75   data required time
                                 -0.98   data arrival time
-----------------------------------------------------------------------------
                                  5.73   slack (MET)


Startpoint: accumulator._2377_
            (rising edge-triggered flip-flop clocked by clock)
Endpoint: io_accOut[20] (output port clocked by clock)
Path Group: clock
Path Type: min
Corner: Typical

Fanout     Cap    Slew   Delay    Time   Description
-----------------------------------------------------------------------------
                          0.00    0.00   clock clock (rise edge)
                          0.00    0.00   clock source latency
     1    0.02    0.08    0.05    0.05 ^ clock (in)
                                         clock (net)
                  0.08    0.00    0.05 ^ clkbuf_0_clock/A (sky130_fd_sc_hd__clkbuf_16)
     4    0.04    0.06    0.15    0.20 ^ clkbuf_0_clock/X (sky130_fd_sc_hd__clkbuf_16)
                                         clknet_0_clock (net)
                  0.06    0.00    0.20 ^ clkbuf_2_0__f_clock/A (sky130_fd_sc_hd__clkbuf_16)
    11    0.04    0.06    0.14    0.34 ^ clkbuf_2_0__f_clock/X (sky130_fd_sc_hd__clkbuf_16)
                                         clknet_2_0__leaf_clock (net)
                  0.06    0.00    0.34 ^ accumulator._2377_/CLK (sky130_fd_sc_hd__dfxtp_1)
     4    0.01    0.07    0.32    0.66 v accumulator._2377_/Q (sky130_fd_sc_hd__dfxtp_1)
                                         accumulator.io_accOut[20] (net)
                  0.07    0.00    0.66 v _20_/A (sky130_fd_sc_hd__buf_1)
     1    0.01    0.09    0.14    0.80 v _20_/X (sky130_fd_sc_hd__buf_1)
                                         net35 (net)
                  0.09    0.00    0.80 v output35/A (sky130_fd_sc_hd__buf_2)
     1    0.03    0.09    0.19    0.99 v output35/X (sky130_fd_sc_hd__buf_2)
                                         io_accOut[20] (net)
                  0.09    0.00    0.99 v io_accOut[20] (out)
                                  0.99   data arrival time

                          0.00    0.00   clock clock (rise edge)
                          0.00    0.00   clock network delay (propagated)
                          0.25    0.25   clock uncertainty
                          0.00    0.25   clock reconvergence pessimism
                         -5.00   -4.75   output external delay
                                 -4.75   data required time
-----------------------------------------------------------------------------
                                 -4.75   data required time
                                 -0.99   data arrival time
-----------------------------------------------------------------------------
                                  5.74   slack (MET)


Startpoint: accumulator._2372_
            (rising edge-triggered flip-flop clocked by clock)
Endpoint: io_accOut[15] (output port clocked by clock)
Path Group: clock
Path Type: min
Corner: Typical

Fanout     Cap    Slew   Delay    Time   Description
-----------------------------------------------------------------------------
                          0.00    0.00   clock clock (rise edge)
                          0.00    0.00   clock source latency
     1    0.02    0.08    0.05    0.05 ^ clock (in)
                                         clock (net)
                  0.08    0.00    0.05 ^ clkbuf_0_clock/A (sky130_fd_sc_hd__clkbuf_16)
     4    0.04    0.06    0.15    0.20 ^ clkbuf_0_clock/X (sky130_fd_sc_hd__clkbuf_16)
                                         clknet_0_clock (net)
                  0.06    0.00    0.20 ^ clkbuf_2_0__f_clock/A (sky130_fd_sc_hd__clkbuf_16)
    11    0.04    0.06    0.14    0.34 ^ clkbuf_2_0__f_clock/X (sky130_fd_sc_hd__clkbuf_16)
                                         clknet_2_0__leaf_clock (net)
                  0.06    0.00    0.34 ^ accumulator._2372_/CLK (sky130_fd_sc_hd__dfxtp_1)
     3    0.01    0.06    0.31    0.65 v accumulator._2372_/Q (sky130_fd_sc_hd__dfxtp_1)
                                         accumulator.io_accOut[15] (net)
                  0.06    0.00    0.65 v _15_/A (sky130_fd_sc_hd__buf_1)
     1    0.02    0.09    0.14    0.80 v _15_/X (sky130_fd_sc_hd__buf_1)
                                         net29 (net)
                  0.09    0.00    0.80 v output29/A (sky130_fd_sc_hd__buf_2)
     1    0.03    0.09    0.19    0.99 v output29/X (sky130_fd_sc_hd__buf_2)
                                         io_accOut[15] (net)
                  0.09    0.00    0.99 v io_accOut[15] (out)
                                  0.99   data arrival time

                          0.00    0.00   clock clock (rise edge)
                          0.00    0.00   clock network delay (propagated)
                          0.25    0.25   clock uncertainty
                          0.00    0.25   clock reconvergence pessimism
                         -5.00   -4.75   output external delay
                                 -4.75   data required time
-----------------------------------------------------------------------------
                                 -4.75   data required time
                                 -0.99   data arrival time
-----------------------------------------------------------------------------
                                  5.74   slack (MET)


Startpoint: accumulator._2363_
            (rising edge-triggered flip-flop clocked by clock)
Endpoint: io_accOut[6] (output port clocked by clock)
Path Group: clock
Path Type: min
Corner: Typical

Fanout     Cap    Slew   Delay    Time   Description
-----------------------------------------------------------------------------
                          0.00    0.00   clock clock (rise edge)
                          0.00    0.00   clock source latency
     1    0.02    0.08    0.05    0.05 ^ clock (in)
                                         clock (net)
                  0.08    0.00    0.05 ^ clkbuf_0_clock/A (sky130_fd_sc_hd__clkbuf_16)
     4    0.04    0.06    0.15    0.20 ^ clkbuf_0_clock/X (sky130_fd_sc_hd__clkbuf_16)
                                         clknet_0_clock (net)
                  0.06    0.00    0.20 ^ clkbuf_2_0__f_clock/A (sky130_fd_sc_hd__clkbuf_16)
    11    0.04    0.06    0.14    0.34 ^ clkbuf_2_0__f_clock/X (sky130_fd_sc_hd__clkbuf_16)
                                         clknet_2_0__leaf_clock (net)
                  0.06    0.00    0.34 ^ accumulator._2363_/CLK (sky130_fd_sc_hd__dfxtp_2)
     6    0.04    0.09    0.36    0.70 v accumulator._2363_/Q (sky130_fd_sc_hd__dfxtp_2)
                                         accumulator.io_accOut[6] (net)
                  0.09    0.00    0.70 v _06_/A (sky130_fd_sc_hd__clkbuf_1)
     1    0.01    0.05    0.12    0.82 v _06_/X (sky130_fd_sc_hd__clkbuf_1)
                                         net51 (net)
                  0.05    0.00    0.82 v output51/A (sky130_fd_sc_hd__buf_2)
     1    0.03    0.09    0.17    0.99 v output51/X (sky130_fd_sc_hd__buf_2)
                                         io_accOut[6] (net)
                  0.09    0.00    0.99 v io_accOut[6] (out)
                                  0.99   data arrival time

                          0.00    0.00   clock clock (rise edge)
                          0.00    0.00   clock network delay (propagated)
                          0.25    0.25   clock uncertainty
                          0.00    0.25   clock reconvergence pessimism
                         -5.00   -4.75   output external delay
                                 -4.75   data required time
-----------------------------------------------------------------------------
                                 -4.75   data required time
                                 -0.99   data arrival time
-----------------------------------------------------------------------------
                                  5.74   slack (MET)


Startpoint: accumulator._2365_
            (rising edge-triggered flip-flop clocked by clock)
Endpoint: io_accOut[8] (output port clocked by clock)
Path Group: clock
Path Type: min
Corner: Typical

Fanout     Cap    Slew   Delay    Time   Description
-----------------------------------------------------------------------------
                          0.00    0.00   clock clock (rise edge)
                          0.00    0.00   clock source latency
     1    0.02    0.08    0.05    0.05 ^ clock (in)
                                         clock (net)
                  0.08    0.00    0.05 ^ clkbuf_0_clock/A (sky130_fd_sc_hd__clkbuf_16)
     4    0.04    0.06    0.15    0.20 ^ clkbuf_0_clock/X (sky130_fd_sc_hd__clkbuf_16)
                                         clknet_0_clock (net)
                  0.06    0.00    0.20 ^ clkbuf_2_3__f_clock/A (sky130_fd_sc_hd__clkbuf_16)
    10    0.03    0.05    0.13    0.34 ^ clkbuf_2_3__f_clock/X (sky130_fd_sc_hd__clkbuf_16)
                                         clknet_2_3__leaf_clock (net)
                  0.05    0.00    0.34 ^ accumulator._2365_/CLK (sky130_fd_sc_hd__dfxtp_1)
     4    0.02    0.11    0.35    0.68 v accumulator._2365_/Q (sky130_fd_sc_hd__dfxtp_1)
                                         accumulator.io_accOut[8] (net)
                  0.11    0.00    0.69 v _08_/A (sky130_fd_sc_hd__clkbuf_1)
     1    0.01    0.05    0.13    0.82 v _08_/X (sky130_fd_sc_hd__clkbuf_1)
                                         net53 (net)
                  0.05    0.00    0.82 v output53/A (sky130_fd_sc_hd__clkbuf_4)
     1    0.03    0.08    0.18    0.99 v output53/X (sky130_fd_sc_hd__clkbuf_4)
                                         io_accOut[8] (net)
                  0.08    0.00    1.00 v io_accOut[8] (out)
                                  1.00   data arrival time

                          0.00    0.00   clock clock (rise edge)
                          0.00    0.00   clock network delay (propagated)
                          0.25    0.25   clock uncertainty
                          0.00    0.25   clock reconvergence pessimism
                         -5.00   -4.75   output external delay
                                 -4.75   data required time
-----------------------------------------------------------------------------
                                 -4.75   data required time
                                 -1.00   data arrival time
-----------------------------------------------------------------------------
                                  5.75   slack (MET)


Startpoint: accumulator._2368_
            (rising edge-triggered flip-flop clocked by clock)
Endpoint: io_accOut[11] (output port clocked by clock)
Path Group: clock
Path Type: min
Corner: Typical

Fanout     Cap    Slew   Delay    Time   Description
-----------------------------------------------------------------------------
                          0.00    0.00   clock clock (rise edge)
                          0.00    0.00   clock source latency
     1    0.02    0.08    0.05    0.05 ^ clock (in)
                                         clock (net)
                  0.08    0.00    0.05 ^ clkbuf_0_clock/A (sky130_fd_sc_hd__clkbuf_16)
     4    0.04    0.06    0.15    0.20 ^ clkbuf_0_clock/X (sky130_fd_sc_hd__clkbuf_16)
                                         clknet_0_clock (net)
                  0.06    0.00    0.20 ^ clkbuf_2_1__f_clock/A (sky130_fd_sc_hd__clkbuf_16)
     9    0.03    0.05    0.13    0.34 ^ clkbuf_2_1__f_clock/X (sky130_fd_sc_hd__clkbuf_16)
                                         clknet_2_1__leaf_clock (net)
                  0.05    0.00    0.34 ^ accumulator._2368_/CLK (sky130_fd_sc_hd__dfxtp_1)
     4    0.01    0.07    0.32    0.66 v accumulator._2368_/Q (sky130_fd_sc_hd__dfxtp_1)
                                         accumulator.io_accOut[11] (net)
                  0.07    0.00    0.66 v _11_/A (sky130_fd_sc_hd__buf_1)
     1    0.02    0.09    0.15    0.81 v _11_/X (sky130_fd_sc_hd__buf_1)
                                         net25 (net)
                  0.09    0.00    0.81 v output25/A (sky130_fd_sc_hd__buf_2)
     1    0.03    0.09    0.19    1.00 v output25/X (sky130_fd_sc_hd__buf_2)
                                         io_accOut[11] (net)
                  0.09    0.00    1.00 v io_accOut[11] (out)
                                  1.00   data arrival time

                          0.00    0.00   clock clock (rise edge)
                          0.00    0.00   clock network delay (propagated)
                          0.25    0.25   clock uncertainty
                          0.00    0.25   clock reconvergence pessimism
                         -5.00   -4.75   output external delay
                                 -4.75   data required time
-----------------------------------------------------------------------------
                                 -4.75   data required time
                                 -1.00   data arrival time
-----------------------------------------------------------------------------
                                  5.75   slack (MET)


Startpoint: accumulator._2375_
            (rising edge-triggered flip-flop clocked by clock)
Endpoint: io_accOut[18] (output port clocked by clock)
Path Group: clock
Path Type: min
Corner: Typical

Fanout     Cap    Slew   Delay    Time   Description
-----------------------------------------------------------------------------
                          0.00    0.00   clock clock (rise edge)
                          0.00    0.00   clock source latency
     1    0.02    0.08    0.05    0.05 ^ clock (in)
                                         clock (net)
                  0.08    0.00    0.05 ^ clkbuf_0_clock/A (sky130_fd_sc_hd__clkbuf_16)
     4    0.04    0.06    0.15    0.20 ^ clkbuf_0_clock/X (sky130_fd_sc_hd__clkbuf_16)
                                         clknet_0_clock (net)
                  0.06    0.00    0.20 ^ clkbuf_2_0__f_clock/A (sky130_fd_sc_hd__clkbuf_16)
    11    0.04    0.06    0.14    0.34 ^ clkbuf_2_0__f_clock/X (sky130_fd_sc_hd__clkbuf_16)
                                         clknet_2_0__leaf_clock (net)
                  0.06    0.00    0.34 ^ accumulator._2375_/CLK (sky130_fd_sc_hd__dfxtp_1)
     4    0.02    0.10    0.34    0.68 v accumulator._2375_/Q (sky130_fd_sc_hd__dfxtp_1)
                                         accumulator.io_accOut[18] (net)
                  0.10    0.00    0.68 v _18_/A (sky130_fd_sc_hd__clkbuf_1)
     1    0.01    0.06    0.14    0.82 v _18_/X (sky130_fd_sc_hd__clkbuf_1)
                                         net32 (net)
                  0.06    0.00    0.82 v output32/A (sky130_fd_sc_hd__buf_2)
     1    0.03    0.09    0.18    1.00 v output32/X (sky130_fd_sc_hd__buf_2)
                                         io_accOut[18] (net)
                  0.09    0.00    1.00 v io_accOut[18] (out)
                                  1.00   data arrival time

                          0.00    0.00   clock clock (rise edge)
                          0.00    0.00   clock network delay (propagated)
                          0.25    0.25   clock uncertainty
                          0.00    0.25   clock reconvergence pessimism
                         -5.00   -4.75   output external delay
                                 -4.75   data required time
-----------------------------------------------------------------------------
                                 -4.75   data required time
                                 -1.00   data arrival time
-----------------------------------------------------------------------------
                                  5.75   slack (MET)


Startpoint: accumulator._2366_
            (rising edge-triggered flip-flop clocked by clock)
Endpoint: io_accOut[9] (output port clocked by clock)
Path Group: clock
Path Type: min
Corner: Typical

Fanout     Cap    Slew   Delay    Time   Description
-----------------------------------------------------------------------------
                          0.00    0.00   clock clock (rise edge)
                          0.00    0.00   clock source latency
     1    0.02    0.08    0.05    0.05 ^ clock (in)
                                         clock (net)
                  0.08    0.00    0.05 ^ clkbuf_0_clock/A (sky130_fd_sc_hd__clkbuf_16)
     4    0.04    0.06    0.15    0.20 ^ clkbuf_0_clock/X (sky130_fd_sc_hd__clkbuf_16)
                                         clknet_0_clock (net)
                  0.06    0.00    0.20 ^ clkbuf_2_1__f_clock/A (sky130_fd_sc_hd__clkbuf_16)
     9    0.03    0.05    0.13    0.34 ^ clkbuf_2_1__f_clock/X (sky130_fd_sc_hd__clkbuf_16)
                                         clknet_2_1__leaf_clock (net)
                  0.05    0.00    0.34 ^ accumulator._2366_/CLK (sky130_fd_sc_hd__dfxtp_1)
     4    0.02    0.08    0.32    0.66 v accumulator._2366_/Q (sky130_fd_sc_hd__dfxtp_1)
                                         accumulator.io_accOut[9] (net)
                  0.08    0.00    0.66 v _09_/A (sky130_fd_sc_hd__buf_1)
     1    0.02    0.09    0.15    0.81 v _09_/X (sky130_fd_sc_hd__buf_1)
                                         net54 (net)
                  0.09    0.00    0.81 v output54/A (sky130_fd_sc_hd__buf_2)
     1    0.03    0.09    0.19    1.00 v output54/X (sky130_fd_sc_hd__buf_2)
                                         io_accOut[9] (net)
                  0.09    0.00    1.00 v io_accOut[9] (out)
                                  1.00   data arrival time

                          0.00    0.00   clock clock (rise edge)
                          0.00    0.00   clock network delay (propagated)
                          0.25    0.25   clock uncertainty
                          0.00    0.25   clock reconvergence pessimism
                         -5.00   -4.75   output external delay
                                 -4.75   data required time
-----------------------------------------------------------------------------
                                 -4.75   data required time
                                 -1.00   data arrival time
-----------------------------------------------------------------------------
                                  5.75   slack (MET)


Startpoint: accumulator._2382_
            (rising edge-triggered flip-flop clocked by clock)
Endpoint: io_accOut[25] (output port clocked by clock)
Path Group: clock
Path Type: min
Corner: Typical

Fanout     Cap    Slew   Delay    Time   Description
-----------------------------------------------------------------------------
                          0.00    0.00   clock clock (rise edge)
                          0.00    0.00   clock source latency
     1    0.02    0.08    0.05    0.05 ^ clock (in)
                                         clock (net)
                  0.08    0.00    0.05 ^ clkbuf_0_clock/A (sky130_fd_sc_hd__clkbuf_16)
     4    0.04    0.06    0.15    0.20 ^ clkbuf_0_clock/X (sky130_fd_sc_hd__clkbuf_16)
                                         clknet_0_clock (net)
                  0.06    0.00    0.20 ^ clkbuf_2_2__f_clock/A (sky130_fd_sc_hd__clkbuf_16)
     7    0.03    0.05    0.13    0.33 ^ clkbuf_2_2__f_clock/X (sky130_fd_sc_hd__clkbuf_16)
                                         clknet_2_2__leaf_clock (net)
                  0.05    0.00    0.33 ^ accumulator._2382_/CLK (sky130_fd_sc_hd__dfxtp_2)
     6    0.04    0.09    0.35    0.69 v accumulator._2382_/Q (sky130_fd_sc_hd__dfxtp_2)
                                         accumulator.io_accOut[25] (net)
                  0.09    0.00    0.69 v _25_/A (sky130_fd_sc_hd__buf_1)
     1    0.01    0.07    0.14    0.82 v _25_/X (sky130_fd_sc_hd__buf_1)
                                         net40 (net)
                  0.07    0.00    0.82 v output40/A (sky130_fd_sc_hd__buf_2)
     1    0.03    0.09    0.18    1.00 v output40/X (sky130_fd_sc_hd__buf_2)
                                         io_accOut[25] (net)
                  0.09    0.00    1.01 v io_accOut[25] (out)
                                  1.01   data arrival time

                          0.00    0.00   clock clock (rise edge)
                          0.00    0.00   clock network delay (propagated)
                          0.25    0.25   clock uncertainty
                          0.00    0.25   clock reconvergence pessimism
                         -5.00   -4.75   output external delay
                                 -4.75   data required time
-----------------------------------------------------------------------------
                                 -4.75   data required time
                                 -1.01   data arrival time
-----------------------------------------------------------------------------
                                  5.76   slack (MET)


Startpoint: accumulator._2381_
            (rising edge-triggered flip-flop clocked by clock)
Endpoint: io_accOut[24] (output port clocked by clock)
Path Group: clock
Path Type: min
Corner: Typical

Fanout     Cap    Slew   Delay    Time   Description
-----------------------------------------------------------------------------
                          0.00    0.00   clock clock (rise edge)
                          0.00    0.00   clock source latency
     1    0.02    0.08    0.05    0.05 ^ clock (in)
                                         clock (net)
                  0.08    0.00    0.05 ^ clkbuf_0_clock/A (sky130_fd_sc_hd__clkbuf_16)
     4    0.04    0.06    0.15    0.20 ^ clkbuf_0_clock/X (sky130_fd_sc_hd__clkbuf_16)
                                         clknet_0_clock (net)
                  0.06    0.00    0.20 ^ clkbuf_2_2__f_clock/A (sky130_fd_sc_hd__clkbuf_16)
     7    0.03    0.05    0.13    0.33 ^ clkbuf_2_2__f_clock/X (sky130_fd_sc_hd__clkbuf_16)
                                         clknet_2_2__leaf_clock (net)
                  0.05    0.00    0.33 ^ accumulator._2381_/CLK (sky130_fd_sc_hd__dfxtp_1)
     6    0.03    0.12    0.36    0.69 v accumulator._2381_/Q (sky130_fd_sc_hd__dfxtp_1)
                                         accumulator.io_accOut[24] (net)
                  0.12    0.00    0.69 v _24_/A (sky130_fd_sc_hd__clkbuf_1)
     1    0.01    0.05    0.14    0.83 v _24_/X (sky130_fd_sc_hd__clkbuf_1)
                                         net39 (net)
                  0.05    0.00    0.83 v output39/A (sky130_fd_sc_hd__buf_2)
     1    0.03    0.09    0.17    1.00 v output39/X (sky130_fd_sc_hd__buf_2)
                                         io_accOut[24] (net)
                  0.09    0.00    1.01 v io_accOut[24] (out)
                                  1.01   data arrival time

                          0.00    0.00   clock clock (rise edge)
                          0.00    0.00   clock network delay (propagated)
                          0.25    0.25   clock uncertainty
                          0.00    0.25   clock reconvergence pessimism
                         -5.00   -4.75   output external delay
                                 -4.75   data required time
-----------------------------------------------------------------------------
                                 -4.75   data required time
                                 -1.01   data arrival time
-----------------------------------------------------------------------------
                                  5.76   slack (MET)


Startpoint: accumulator._2373_
            (rising edge-triggered flip-flop clocked by clock)
Endpoint: io_accOut[16] (output port clocked by clock)
Path Group: clock
Path Type: min
Corner: Typical

Fanout     Cap    Slew   Delay    Time   Description
-----------------------------------------------------------------------------
                          0.00    0.00   clock clock (rise edge)
                          0.00    0.00   clock source latency
     1    0.02    0.08    0.05    0.05 ^ clock (in)
                                         clock (net)
                  0.08    0.00    0.05 ^ clkbuf_0_clock/A (sky130_fd_sc_hd__clkbuf_16)
     4    0.04    0.06    0.15    0.20 ^ clkbuf_0_clock/X (sky130_fd_sc_hd__clkbuf_16)
                                         clknet_0_clock (net)
                  0.06    0.00    0.20 ^ clkbuf_2_1__f_clock/A (sky130_fd_sc_hd__clkbuf_16)
     9    0.03    0.05    0.13    0.34 ^ clkbuf_2_1__f_clock/X (sky130_fd_sc_hd__clkbuf_16)
                                         clknet_2_1__leaf_clock (net)
                  0.05    0.00    0.34 ^ accumulator._2373_/CLK (sky130_fd_sc_hd__dfxtp_1)
     3    0.01    0.08    0.32    0.66 v accumulator._2373_/Q (sky130_fd_sc_hd__dfxtp_1)
                                         accumulator.io_accOut[16] (net)
                  0.08    0.00    0.66 v _16_/A (sky130_fd_sc_hd__buf_1)
     1    0.02    0.10    0.15    0.81 v _16_/X (sky130_fd_sc_hd__buf_1)
                                         net30 (net)
                  0.10    0.00    0.81 v output30/A (sky130_fd_sc_hd__buf_2)
     1    0.03    0.09    0.19    1.01 v output30/X (sky130_fd_sc_hd__buf_2)
                                         io_accOut[16] (net)
                  0.09    0.00    1.01 v io_accOut[16] (out)
                                  1.01   data arrival time

                          0.00    0.00   clock clock (rise edge)
                          0.00    0.00   clock network delay (propagated)
                          0.25    0.25   clock uncertainty
                          0.00    0.25   clock reconvergence pessimism
                         -5.00   -4.75   output external delay
                                 -4.75   data required time
-----------------------------------------------------------------------------
                                 -4.75   data required time
                                 -1.01   data arrival time
-----------------------------------------------------------------------------
                                  5.76   slack (MET)


Startpoint: accumulator._2376_
            (rising edge-triggered flip-flop clocked by clock)
Endpoint: io_accOut[19] (output port clocked by clock)
Path Group: clock
Path Type: min
Corner: Typical

Fanout     Cap    Slew   Delay    Time   Description
-----------------------------------------------------------------------------
                          0.00    0.00   clock clock (rise edge)
                          0.00    0.00   clock source latency
     1    0.02    0.08    0.05    0.05 ^ clock (in)
                                         clock (net)
                  0.08    0.00    0.05 ^ clkbuf_0_clock/A (sky130_fd_sc_hd__clkbuf_16)
     4    0.04    0.06    0.15    0.20 ^ clkbuf_0_clock/X (sky130_fd_sc_hd__clkbuf_16)
                                         clknet_0_clock (net)
                  0.06    0.00    0.20 ^ clkbuf_2_1__f_clock/A (sky130_fd_sc_hd__clkbuf_16)
     9    0.03    0.05    0.13    0.34 ^ clkbuf_2_1__f_clock/X (sky130_fd_sc_hd__clkbuf_16)
                                         clknet_2_1__leaf_clock (net)
                  0.05    0.00    0.34 ^ accumulator._2376_/CLK (sky130_fd_sc_hd__dfxtp_1)
     4    0.02    0.08    0.33    0.67 v accumulator._2376_/Q (sky130_fd_sc_hd__dfxtp_1)
                                         accumulator.io_accOut[19] (net)
                  0.08    0.00    0.67 v _19_/A (sky130_fd_sc_hd__buf_1)
     1    0.01    0.09    0.15    0.81 v _19_/X (sky130_fd_sc_hd__buf_1)
                                         net33 (net)
                  0.09    0.00    0.82 v output33/A (sky130_fd_sc_hd__buf_2)
     1    0.03    0.09    0.19    1.01 v output33/X (sky130_fd_sc_hd__buf_2)
                                         io_accOut[19] (net)
                  0.09    0.00    1.01 v io_accOut[19] (out)
                                  1.01   data arrival time

                          0.00    0.00   clock clock (rise edge)
                          0.00    0.00   clock network delay (propagated)
                          0.25    0.25   clock uncertainty
                          0.00    0.25   clock reconvergence pessimism
                         -5.00   -4.75   output external delay
                                 -4.75   data required time
-----------------------------------------------------------------------------
                                 -4.75   data required time
                                 -1.01   data arrival time
-----------------------------------------------------------------------------
                                  5.76   slack (MET)


Startpoint: accumulator._2374_
            (rising edge-triggered flip-flop clocked by clock)
Endpoint: io_accOut[17] (output port clocked by clock)
Path Group: clock
Path Type: min
Corner: Typical

Fanout     Cap    Slew   Delay    Time   Description
-----------------------------------------------------------------------------
                          0.00    0.00   clock clock (rise edge)
                          0.00    0.00   clock source latency
     1    0.02    0.08    0.05    0.05 ^ clock (in)
                                         clock (net)
                  0.08    0.00    0.05 ^ clkbuf_0_clock/A (sky130_fd_sc_hd__clkbuf_16)
     4    0.04    0.06    0.15    0.20 ^ clkbuf_0_clock/X (sky130_fd_sc_hd__clkbuf_16)
                                         clknet_0_clock (net)
                  0.06    0.00    0.20 ^ clkbuf_2_0__f_clock/A (sky130_fd_sc_hd__clkbuf_16)
    11    0.04    0.06    0.14    0.34 ^ clkbuf_2_0__f_clock/X (sky130_fd_sc_hd__clkbuf_16)
                                         clknet_2_0__leaf_clock (net)
                  0.06    0.00    0.34 ^ accumulator._2374_/CLK (sky130_fd_sc_hd__dfxtp_1)
     4    0.01    0.07    0.32    0.66 v accumulator._2374_/Q (sky130_fd_sc_hd__dfxtp_1)
                                         accumulator.io_accOut[17] (net)
                  0.07    0.00    0.66 v _17_/A (sky130_fd_sc_hd__buf_1)
     1    0.02    0.10    0.15    0.81 v _17_/X (sky130_fd_sc_hd__buf_1)
                                         net31 (net)
                  0.10    0.00    0.82 v output31/A (sky130_fd_sc_hd__buf_2)
     1    0.03    0.09    0.20    1.01 v output31/X (sky130_fd_sc_hd__buf_2)
                                         io_accOut[17] (net)
                  0.09    0.00    1.01 v io_accOut[17] (out)
                                  1.01   data arrival time

                          0.00    0.00   clock clock (rise edge)
                          0.00    0.00   clock network delay (propagated)
                          0.25    0.25   clock uncertainty
                          0.00    0.25   clock reconvergence pessimism
                         -5.00   -4.75   output external delay
                                 -4.75   data required time
-----------------------------------------------------------------------------
                                 -4.75   data required time
                                 -1.01   data arrival time
-----------------------------------------------------------------------------
                                  5.76   slack (MET)


Startpoint: accumulator._2359_
            (rising edge-triggered flip-flop clocked by clock)
Endpoint: io_accOut[2] (output port clocked by clock)
Path Group: clock
Path Type: min
Corner: Typical

Fanout     Cap    Slew   Delay    Time   Description
-----------------------------------------------------------------------------
                          0.00    0.00   clock clock (rise edge)
                          0.00    0.00   clock source latency
     1    0.02    0.08    0.05    0.05 ^ clock (in)
                                         clock (net)
                  0.08    0.00    0.05 ^ clkbuf_0_clock/A (sky130_fd_sc_hd__clkbuf_16)
     4    0.04    0.06    0.15    0.20 ^ clkbuf_0_clock/X (sky130_fd_sc_hd__clkbuf_16)
                                         clknet_0_clock (net)
                  0.06    0.00    0.20 ^ clkbuf_2_3__f_clock/A (sky130_fd_sc_hd__clkbuf_16)
    10    0.03    0.05    0.13    0.34 ^ clkbuf_2_3__f_clock/X (sky130_fd_sc_hd__clkbuf_16)
                                         clknet_2_3__leaf_clock (net)
                  0.05    0.00    0.34 ^ accumulator._2359_/CLK (sky130_fd_sc_hd__dfxtp_2)
     6    0.04    0.11    0.36    0.70 v accumulator._2359_/Q (sky130_fd_sc_hd__dfxtp_2)
                                         accumulator.io_accOut[2] (net)
                  0.11    0.00    0.70 v _02_/A (sky130_fd_sc_hd__clkbuf_1)
     1    0.01    0.05    0.13    0.83 v _02_/X (sky130_fd_sc_hd__clkbuf_1)
                                         net45 (net)
                  0.05    0.00    0.83 v output45/A (sky130_fd_sc_hd__clkbuf_4)
     1    0.03    0.08    0.18    1.01 v output45/X (sky130_fd_sc_hd__clkbuf_4)
                                         io_accOut[2] (net)
                  0.08    0.00    1.01 v io_accOut[2] (out)
                                  1.01   data arrival time

                          0.00    0.00   clock clock (rise edge)
                          0.00    0.00   clock network delay (propagated)
                          0.25    0.25   clock uncertainty
                          0.00    0.25   clock reconvergence pessimism
                         -5.00   -4.75   output external delay
                                 -4.75   data required time
-----------------------------------------------------------------------------
                                 -4.75   data required time
                                 -1.01   data arrival time
-----------------------------------------------------------------------------
                                  5.76   slack (MET)


Startpoint: accumulator._2364_
            (rising edge-triggered flip-flop clocked by clock)
Endpoint: io_accOut[7] (output port clocked by clock)
Path Group: clock
Path Type: min
Corner: Typical

Fanout     Cap    Slew   Delay    Time   Description
-----------------------------------------------------------------------------
                          0.00    0.00   clock clock (rise edge)
                          0.00    0.00   clock source latency
     1    0.02    0.08    0.05    0.05 ^ clock (in)
                                         clock (net)
                  0.08    0.00    0.05 ^ clkbuf_0_clock/A (sky130_fd_sc_hd__clkbuf_16)
     4    0.04    0.06    0.15    0.20 ^ clkbuf_0_clock/X (sky130_fd_sc_hd__clkbuf_16)
                                         clknet_0_clock (net)
                  0.06    0.00    0.20 ^ clkbuf_2_1__f_clock/A (sky130_fd_sc_hd__clkbuf_16)
     9    0.03    0.05    0.13    0.34 ^ clkbuf_2_1__f_clock/X (sky130_fd_sc_hd__clkbuf_16)
                                         clknet_2_1__leaf_clock (net)
                  0.05    0.00    0.34 ^ accumulator._2364_/CLK (sky130_fd_sc_hd__dfxtp_2)
     6    0.04    0.09    0.36    0.69 v accumulator._2364_/Q (sky130_fd_sc_hd__dfxtp_2)
                                         accumulator.io_accOut[7] (net)
                  0.09    0.00    0.70 v _07_/A (sky130_fd_sc_hd__clkbuf_1)
     1    0.01    0.07    0.14    0.83 v _07_/X (sky130_fd_sc_hd__clkbuf_1)
                                         net52 (net)
                  0.07    0.00    0.83 v output52/A (sky130_fd_sc_hd__buf_2)
     1    0.03    0.09    0.18    1.01 v output52/X (sky130_fd_sc_hd__buf_2)
                                         io_accOut[7] (net)
                  0.09    0.00    1.01 v io_accOut[7] (out)
                                  1.01   data arrival time

                          0.00    0.00   clock clock (rise edge)
                          0.00    0.00   clock network delay (propagated)
                          0.25    0.25   clock uncertainty
                          0.00    0.25   clock reconvergence pessimism
                         -5.00   -4.75   output external delay
                                 -4.75   data required time
-----------------------------------------------------------------------------
                                 -4.75   data required time
                                 -1.01   data arrival time
-----------------------------------------------------------------------------
                                  5.76   slack (MET)


Startpoint: accumulator._2380_
            (rising edge-triggered flip-flop clocked by clock)
Endpoint: io_accOut[23] (output port clocked by clock)
Path Group: clock
Path Type: min
Corner: Typical

Fanout     Cap    Slew   Delay    Time   Description
-----------------------------------------------------------------------------
                          0.00    0.00   clock clock (rise edge)
                          0.00    0.00   clock source latency
     1    0.02    0.08    0.05    0.05 ^ clock (in)
                                         clock (net)
                  0.08    0.00    0.05 ^ clkbuf_0_clock/A (sky130_fd_sc_hd__clkbuf_16)
     4    0.04    0.06    0.15    0.20 ^ clkbuf_0_clock/X (sky130_fd_sc_hd__clkbuf_16)
                                         clknet_0_clock (net)
                  0.06    0.00    0.20 ^ clkbuf_2_2__f_clock/A (sky130_fd_sc_hd__clkbuf_16)
     7    0.03    0.05    0.13    0.33 ^ clkbuf_2_2__f_clock/X (sky130_fd_sc_hd__clkbuf_16)
                                         clknet_2_2__leaf_clock (net)
                  0.05    0.00    0.33 ^ accumulator._2380_/CLK (sky130_fd_sc_hd__dfxtp_1)
     6    0.03    0.14    0.37    0.70 v accumulator._2380_/Q (sky130_fd_sc_hd__dfxtp_1)
                                         accumulator.io_accOut[23] (net)
                  0.14    0.00    0.70 v _23_/A (sky130_fd_sc_hd__clkbuf_1)
     1    0.01    0.05    0.14    0.84 v _23_/X (sky130_fd_sc_hd__clkbuf_1)
                                         net38 (net)
                  0.05    0.00    0.84 v output38/A (sky130_fd_sc_hd__buf_2)
     1    0.03    0.09    0.17    1.02 v output38/X (sky130_fd_sc_hd__buf_2)
                                         io_accOut[23] (net)
                  0.09    0.00    1.02 v io_accOut[23] (out)
                                  1.02   data arrival time

                          0.00    0.00   clock clock (rise edge)
                          0.00    0.00   clock network delay (propagated)
                          0.25    0.25   clock uncertainty
                          0.00    0.25   clock reconvergence pessimism
                         -5.00   -4.75   output external delay
                                 -4.75   data required time
-----------------------------------------------------------------------------
                                 -4.75   data required time
                                 -1.02   data arrival time
-----------------------------------------------------------------------------
                                  5.77   slack (MET)


Startpoint: accumulator._2357_
            (rising edge-triggered flip-flop clocked by clock)
Endpoint: io_accOut[0] (output port clocked by clock)
Path Group: clock
Path Type: min
Corner: Typical

Fanout     Cap    Slew   Delay    Time   Description
-----------------------------------------------------------------------------
                          0.00    0.00   clock clock (rise edge)
                          0.00    0.00   clock source latency
     1    0.02    0.08    0.05    0.05 ^ clock (in)
                                         clock (net)
                  0.08    0.00    0.05 ^ clkbuf_0_clock/A (sky130_fd_sc_hd__clkbuf_16)
     4    0.04    0.06    0.15    0.20 ^ clkbuf_0_clock/X (sky130_fd_sc_hd__clkbuf_16)
                                         clknet_0_clock (net)
                  0.06    0.00    0.20 ^ clkbuf_2_0__f_clock/A (sky130_fd_sc_hd__clkbuf_16)
    11    0.04    0.06    0.14    0.34 ^ clkbuf_2_0__f_clock/X (sky130_fd_sc_hd__clkbuf_16)
                                         clknet_2_0__leaf_clock (net)
                  0.06    0.00    0.34 ^ accumulator._2357_/CLK (sky130_fd_sc_hd__dfxtp_2)
     5    0.03    0.09    0.35    0.69 v accumulator._2357_/Q (sky130_fd_sc_hd__dfxtp_2)
                                         accumulator.io_accOut[0] (net)
                  0.09    0.00    0.69 v _00_/A (sky130_fd_sc_hd__buf_1)
     1    0.01    0.08    0.15    0.84 v _00_/X (sky130_fd_sc_hd__buf_1)
                                         net23 (net)
                  0.08    0.00    0.84 v output23/A (sky130_fd_sc_hd__buf_2)
     1    0.03    0.09    0.19    1.03 v output23/X (sky130_fd_sc_hd__buf_2)
                                         io_accOut[0] (net)
                  0.09    0.00    1.03 v io_accOut[0] (out)
                                  1.03   data arrival time

                          0.00    0.00   clock clock (rise edge)
                          0.00    0.00   clock network delay (propagated)
                          0.25    0.25   clock uncertainty
                          0.00    0.25   clock reconvergence pessimism
                         -5.00   -4.75   output external delay
                                 -4.75   data required time
-----------------------------------------------------------------------------
                                 -4.75   data required time
                                 -1.03   data arrival time
-----------------------------------------------------------------------------
                                  5.78   slack (MET)


Startpoint: accumulator._2379_
            (rising edge-triggered flip-flop clocked by clock)
Endpoint: io_accOut[22] (output port clocked by clock)
Path Group: clock
Path Type: min
Corner: Typical

Fanout     Cap    Slew   Delay    Time   Description
-----------------------------------------------------------------------------
                          0.00    0.00   clock clock (rise edge)
                          0.00    0.00   clock source latency
     1    0.02    0.08    0.05    0.05 ^ clock (in)
                                         clock (net)
                  0.08    0.00    0.05 ^ clkbuf_0_clock/A (sky130_fd_sc_hd__clkbuf_16)
     4    0.04    0.06    0.15    0.20 ^ clkbuf_0_clock/X (sky130_fd_sc_hd__clkbuf_16)
                                         clknet_0_clock (net)
                  0.06    0.00    0.20 ^ clkbuf_2_3__f_clock/A (sky130_fd_sc_hd__clkbuf_16)
    10    0.03    0.05    0.13    0.34 ^ clkbuf_2_3__f_clock/X (sky130_fd_sc_hd__clkbuf_16)
                                         clknet_2_3__leaf_clock (net)
                  0.05    0.00    0.34 ^ accumulator._2379_/CLK (sky130_fd_sc_hd__dfxtp_1)
     4    0.03    0.13    0.37    0.70 v accumulator._2379_/Q (sky130_fd_sc_hd__dfxtp_1)
                                         accumulator.io_accOut[22] (net)
                  0.13    0.00    0.70 v _22_/A (sky130_fd_sc_hd__buf_1)
     1    0.01    0.07    0.15    0.86 v _22_/X (sky130_fd_sc_hd__buf_1)
                                         net37 (net)
                  0.07    0.00    0.86 v output37/A (sky130_fd_sc_hd__buf_2)
     1    0.03    0.09    0.18    1.04 v output37/X (sky130_fd_sc_hd__buf_2)
                                         io_accOut[22] (net)
                  0.09    0.00    1.04 v io_accOut[22] (out)
                                  1.04   data arrival time

                          0.00    0.00   clock clock (rise edge)
                          0.00    0.00   clock network delay (propagated)
                          0.25    0.25   clock uncertainty
                          0.00    0.25   clock reconvergence pessimism
                         -5.00   -4.75   output external delay
                                 -4.75   data required time
-----------------------------------------------------------------------------
                                 -4.75   data required time
                                 -1.04   data arrival time
-----------------------------------------------------------------------------
                                  5.79   slack (MET)


Startpoint: accumulator._2387_
            (rising edge-triggered flip-flop clocked by clock)
Endpoint: io_accOut[30] (output port clocked by clock)
Path Group: clock
Path Type: min
Corner: Typical

Fanout     Cap    Slew   Delay    Time   Description
-----------------------------------------------------------------------------
                          0.00    0.00   clock clock (rise edge)
                          0.00    0.00   clock source latency
     1    0.02    0.08    0.05    0.05 ^ clock (in)
                                         clock (net)
                  0.08    0.00    0.05 ^ clkbuf_0_clock/A (sky130_fd_sc_hd__clkbuf_16)
     4    0.04    0.06    0.15    0.20 ^ clkbuf_0_clock/X (sky130_fd_sc_hd__clkbuf_16)
                                         clknet_0_clock (net)
                  0.06    0.00    0.20 ^ clkbuf_2_2__f_clock/A (sky130_fd_sc_hd__clkbuf_16)
     7    0.03    0.05    0.13    0.33 ^ clkbuf_2_2__f_clock/X (sky130_fd_sc_hd__clkbuf_16)
                                         clknet_2_2__leaf_clock (net)
                  0.05    0.00    0.33 ^ accumulator._2387_/CLK (sky130_fd_sc_hd__dfxtp_2)
     7    0.06    0.15    0.40    0.73 v accumulator._2387_/Q (sky130_fd_sc_hd__dfxtp_2)
                                         accumulator.io_accOut[30] (net)
                  0.15    0.00    0.73 v _30_/A (sky130_fd_sc_hd__clkbuf_1)
     1    0.01    0.04    0.14    0.87 v _30_/X (sky130_fd_sc_hd__clkbuf_1)
                                         net46 (net)
                  0.04    0.00    0.87 v output46/A (sky130_fd_sc_hd__buf_2)
     1    0.03    0.09    0.17    1.04 v output46/X (sky130_fd_sc_hd__buf_2)
                                         io_accOut[30] (net)
                  0.09    0.00    1.04 v io_accOut[30] (out)
                                  1.04   data arrival time

                          0.00    0.00   clock clock (rise edge)
                          0.00    0.00   clock network delay (propagated)
                          0.25    0.25   clock uncertainty
                          0.00    0.25   clock reconvergence pessimism
                         -5.00   -4.75   output external delay
                                 -4.75   data required time
-----------------------------------------------------------------------------
                                 -4.75   data required time
                                 -1.04   data arrival time
-----------------------------------------------------------------------------
                                  5.79   slack (MET)


Startpoint: accumulator._2369_
            (rising edge-triggered flip-flop clocked by clock)
Endpoint: io_accOut[12] (output port clocked by clock)
Path Group: clock
Path Type: min
Corner: Typical

Fanout     Cap    Slew   Delay    Time   Description
-----------------------------------------------------------------------------
                          0.00    0.00   clock clock (rise edge)
                          0.00    0.00   clock source latency
     1    0.02    0.08    0.05    0.05 ^ clock (in)
                                         clock (net)
                  0.08    0.00    0.05 ^ clkbuf_0_clock/A (sky130_fd_sc_hd__clkbuf_16)
     4    0.04    0.06    0.15    0.20 ^ clkbuf_0_clock/X (sky130_fd_sc_hd__clkbuf_16)
                                         clknet_0_clock (net)
                  0.06    0.00    0.20 ^ clkbuf_2_0__f_clock/A (sky130_fd_sc_hd__clkbuf_16)
    11    0.04    0.06    0.14    0.34 ^ clkbuf_2_0__f_clock/X (sky130_fd_sc_hd__clkbuf_16)
                                         clknet_2_0__leaf_clock (net)
                  0.06    0.00    0.34 ^ accumulator._2369_/CLK (sky130_fd_sc_hd__dfxtp_1)
     4    0.01    0.08    0.32    0.66 v accumulator._2369_/Q (sky130_fd_sc_hd__dfxtp_1)
                                         accumulator.io_accOut[12] (net)
                  0.08    0.00    0.66 v _12_/A (sky130_fd_sc_hd__buf_1)
     2    0.02    0.12    0.17    0.83 v _12_/X (sky130_fd_sc_hd__buf_1)
                                         net26 (net)
                  0.12    0.00    0.83 v output26/A (sky130_fd_sc_hd__buf_2)
     1    0.03    0.09    0.20    1.04 v output26/X (sky130_fd_sc_hd__buf_2)
                                         io_accOut[12] (net)
                  0.09    0.00    1.04 v io_accOut[12] (out)
                                  1.04   data arrival time

                          0.00    0.00   clock clock (rise edge)
                          0.00    0.00   clock network delay (propagated)
                          0.25    0.25   clock uncertainty
                          0.00    0.25   clock reconvergence pessimism
                         -5.00   -4.75   output external delay
                                 -4.75   data required time
-----------------------------------------------------------------------------
                                 -4.75   data required time
                                 -1.04   data arrival time
-----------------------------------------------------------------------------
                                  5.79   slack (MET)


Startpoint: accumulator._2371_
            (rising edge-triggered flip-flop clocked by clock)
Endpoint: io_accOut[14] (output port clocked by clock)
Path Group: clock
Path Type: min
Corner: Typical

Fanout     Cap    Slew   Delay    Time   Description
-----------------------------------------------------------------------------
                          0.00    0.00   clock clock (rise edge)
                          0.00    0.00   clock source latency
     1    0.02    0.08    0.05    0.05 ^ clock (in)
                                         clock (net)
                  0.08    0.00    0.05 ^ clkbuf_0_clock/A (sky130_fd_sc_hd__clkbuf_16)
     4    0.04    0.06    0.15    0.20 ^ clkbuf_0_clock/X (sky130_fd_sc_hd__clkbuf_16)
                                         clknet_0_clock (net)
                  0.06    0.00    0.20 ^ clkbuf_2_1__f_clock/A (sky130_fd_sc_hd__clkbuf_16)
     9    0.03    0.05    0.13    0.34 ^ clkbuf_2_1__f_clock/X (sky130_fd_sc_hd__clkbuf_16)
                                         clknet_2_1__leaf_clock (net)
                  0.05    0.00    0.34 ^ accumulator._2371_/CLK (sky130_fd_sc_hd__dfxtp_1)
     4    0.02    0.10    0.34    0.68 v accumulator._2371_/Q (sky130_fd_sc_hd__dfxtp_1)
                                         accumulator.io_accOut[14] (net)
                  0.10    0.00    0.68 v _14_/A (sky130_fd_sc_hd__buf_1)
     2    0.02    0.10    0.16    0.84 v _14_/X (sky130_fd_sc_hd__buf_1)
                                         net28 (net)
                  0.10    0.00    0.84 v output28/A (sky130_fd_sc_hd__buf_2)
     1    0.03    0.09    0.20    1.04 v output28/X (sky130_fd_sc_hd__buf_2)
                                         io_accOut[14] (net)
                  0.09    0.00    1.04 v io_accOut[14] (out)
                                  1.04   data arrival time

                          0.00    0.00   clock clock (rise edge)
                          0.00    0.00   clock network delay (propagated)
                          0.25    0.25   clock uncertainty
                          0.00    0.25   clock reconvergence pessimism
                         -5.00   -4.75   output external delay
                                 -4.75   data required time
-----------------------------------------------------------------------------
                                 -4.75   data required time
                                 -1.04   data arrival time
-----------------------------------------------------------------------------
                                  5.79   slack (MET)


Startpoint: accumulator._2370_
            (rising edge-triggered flip-flop clocked by clock)
Endpoint: io_accOut[13] (output port clocked by clock)
Path Group: clock
Path Type: min
Corner: Typical

Fanout     Cap    Slew   Delay    Time   Description
-----------------------------------------------------------------------------
                          0.00    0.00   clock clock (rise edge)
                          0.00    0.00   clock source latency
     1    0.02    0.08    0.05    0.05 ^ clock (in)
                                         clock (net)
                  0.08    0.00    0.05 ^ clkbuf_0_clock/A (sky130_fd_sc_hd__clkbuf_16)
     4    0.04    0.06    0.15    0.20 ^ clkbuf_0_clock/X (sky130_fd_sc_hd__clkbuf_16)
                                         clknet_0_clock (net)
                  0.06    0.00    0.20 ^ clkbuf_2_1__f_clock/A (sky130_fd_sc_hd__clkbuf_16)
     9    0.03    0.05    0.13    0.34 ^ clkbuf_2_1__f_clock/X (sky130_fd_sc_hd__clkbuf_16)
                                         clknet_2_1__leaf_clock (net)
                  0.05    0.00    0.34 ^ accumulator._2370_/CLK (sky130_fd_sc_hd__dfxtp_1)
     4    0.02    0.10    0.34    0.68 v accumulator._2370_/Q (sky130_fd_sc_hd__dfxtp_1)
                                         accumulator.io_accOut[13] (net)
                  0.10    0.00    0.68 v _13_/A (sky130_fd_sc_hd__buf_1)
     1    0.02    0.10    0.17    0.84 v _13_/X (sky130_fd_sc_hd__buf_1)
                                         net27 (net)
                  0.10    0.00    0.84 v output27/A (sky130_fd_sc_hd__buf_2)
     1    0.03    0.09    0.20    1.04 v output27/X (sky130_fd_sc_hd__buf_2)
                                         io_accOut[13] (net)
                  0.09    0.00    1.04 v io_accOut[13] (out)
                                  1.04   data arrival time

                          0.00    0.00   clock clock (rise edge)
                          0.00    0.00   clock network delay (propagated)
                          0.25    0.25   clock uncertainty
                          0.00    0.25   clock reconvergence pessimism
                         -5.00   -4.75   output external delay
                                 -4.75   data required time
-----------------------------------------------------------------------------
                                 -4.75   data required time
                                 -1.04   data arrival time
-----------------------------------------------------------------------------
                                  5.79   slack (MET)


Startpoint: accumulator._2360_
            (rising edge-triggered flip-flop clocked by clock)
Endpoint: io_accOut[3] (output port clocked by clock)
Path Group: clock
Path Type: min
Corner: Typical

Fanout     Cap    Slew   Delay    Time   Description
-----------------------------------------------------------------------------
                          0.00    0.00   clock clock (rise edge)
                          0.00    0.00   clock source latency
     1    0.02    0.08    0.05    0.05 ^ clock (in)
                                         clock (net)
                  0.08    0.00    0.05 ^ clkbuf_0_clock/A (sky130_fd_sc_hd__clkbuf_16)
     4    0.04    0.06    0.15    0.20 ^ clkbuf_0_clock/X (sky130_fd_sc_hd__clkbuf_16)
                                         clknet_0_clock (net)
                  0.06    0.00    0.20 ^ clkbuf_2_0__f_clock/A (sky130_fd_sc_hd__clkbuf_16)
    11    0.04    0.06    0.14    0.34 ^ clkbuf_2_0__f_clock/X (sky130_fd_sc_hd__clkbuf_16)
                                         clknet_2_0__leaf_clock (net)
                  0.06    0.00    0.34 ^ accumulator._2360_/CLK (sky130_fd_sc_hd__dfxtp_1)
     4    0.02    0.12    0.35    0.69 v accumulator._2360_/Q (sky130_fd_sc_hd__dfxtp_1)
                                         accumulator.io_accOut[3] (net)
                  0.12    0.00    0.70 v _03_/A (sky130_fd_sc_hd__buf_1)
     1    0.01    0.08    0.16    0.85 v _03_/X (sky130_fd_sc_hd__buf_1)
                                         net48 (net)
                  0.08    0.00    0.85 v output48/A (sky130_fd_sc_hd__buf_2)
     1    0.03    0.09    0.19    1.04 v output48/X (sky130_fd_sc_hd__buf_2)
                                         io_accOut[3] (net)
                  0.09    0.00    1.04 v io_accOut[3] (out)
                                  1.04   data arrival time

                          0.00    0.00   clock clock (rise edge)
                          0.00    0.00   clock network delay (propagated)
                          0.25    0.25   clock uncertainty
                          0.00    0.25   clock reconvergence pessimism
                         -5.00   -4.75   output external delay
                                 -4.75   data required time
-----------------------------------------------------------------------------
                                 -4.75   data required time
                                 -1.04   data arrival time
-----------------------------------------------------------------------------
                                  5.79   slack (MET)


Startpoint: accumulator._2355_
            (rising edge-triggered flip-flop clocked by clock)
Endpoint: io_accOut[31] (output port clocked by clock)
Path Group: clock
Path Type: min
Corner: Typical

Fanout     Cap    Slew   Delay    Time   Description
-----------------------------------------------------------------------------
                          0.00    0.00   clock clock (rise edge)
                          0.00    0.00   clock source latency
     1    0.02    0.08    0.05    0.05 ^ clock (in)
                                         clock (net)
                  0.08    0.00    0.05 ^ clkbuf_0_clock/A (sky130_fd_sc_hd__clkbuf_16)
     4    0.04    0.06    0.15    0.20 ^ clkbuf_0_clock/X (sky130_fd_sc_hd__clkbuf_16)
                                         clknet_0_clock (net)
                  0.06    0.00    0.20 ^ clkbuf_2_0__f_clock/A (sky130_fd_sc_hd__clkbuf_16)
    11    0.04    0.06    0.14    0.34 ^ clkbuf_2_0__f_clock/X (sky130_fd_sc_hd__clkbuf_16)
                                         clknet_2_0__leaf_clock (net)
                  0.06    0.00    0.34 ^ accumulator._2355_/CLK (sky130_fd_sc_hd__dfxtp_2)
     4    0.03    0.09    0.35    0.69 v accumulator._2355_/Q (sky130_fd_sc_hd__dfxtp_2)
                                         accumulator.io_accOut[31] (net)
                  0.09    0.00    0.69 v _31_/A (sky130_fd_sc_hd__buf_1)
     1    0.02    0.10    0.16    0.85 v _31_/X (sky130_fd_sc_hd__buf_1)
                                         net47 (net)
                  0.10    0.00    0.85 v output47/A (sky130_fd_sc_hd__clkbuf_4)
     1    0.03    0.08    0.20    1.05 v output47/X (sky130_fd_sc_hd__clkbuf_4)
                                         io_accOut[31] (net)
                  0.08    0.00    1.05 v io_accOut[31] (out)
                                  1.05   data arrival time

                          0.00    0.00   clock clock (rise edge)
                          0.00    0.00   clock network delay (propagated)
                          0.25    0.25   clock uncertainty
                          0.00    0.25   clock reconvergence pessimism
                         -5.00   -4.75   output external delay
                                 -4.75   data required time
-----------------------------------------------------------------------------
                                 -4.75   data required time
                                 -1.05   data arrival time
-----------------------------------------------------------------------------
                                  5.80   slack (MET)


Startpoint: accumulator._2378_
            (rising edge-triggered flip-flop clocked by clock)
Endpoint: io_accOut[21] (output port clocked by clock)
Path Group: clock
Path Type: min
Corner: Typical

Fanout     Cap    Slew   Delay    Time   Description
-----------------------------------------------------------------------------
                          0.00    0.00   clock clock (rise edge)
                          0.00    0.00   clock source latency
     1    0.02    0.08    0.05    0.05 ^ clock (in)
                                         clock (net)
                  0.08    0.00    0.05 ^ clkbuf_0_clock/A (sky130_fd_sc_hd__clkbuf_16)
     4    0.04    0.06    0.15    0.20 ^ clkbuf_0_clock/X (sky130_fd_sc_hd__clkbuf_16)
                                         clknet_0_clock (net)
                  0.06    0.00    0.20 ^ clkbuf_2_1__f_clock/A (sky130_fd_sc_hd__clkbuf_16)
     9    0.03    0.05    0.13    0.34 ^ clkbuf_2_1__f_clock/X (sky130_fd_sc_hd__clkbuf_16)
                                         clknet_2_1__leaf_clock (net)
                  0.05    0.00    0.34 ^ accumulator._2378_/CLK (sky130_fd_sc_hd__dfxtp_1)
     4    0.03    0.13    0.36    0.70 v accumulator._2378_/Q (sky130_fd_sc_hd__dfxtp_1)
                                         accumulator.io_accOut[21] (net)
                  0.13    0.00    0.70 v _21_/A (sky130_fd_sc_hd__buf_1)
     1    0.01    0.08    0.16    0.87 v _21_/X (sky130_fd_sc_hd__buf_1)
                                         net36 (net)
                  0.08    0.00    0.87 v output36/A (sky130_fd_sc_hd__buf_2)
     1    0.03    0.09    0.19    1.05 v output36/X (sky130_fd_sc_hd__buf_2)
                                         io_accOut[21] (net)
                  0.09    0.00    1.06 v io_accOut[21] (out)
                                  1.06   data arrival time

                          0.00    0.00   clock clock (rise edge)
                          0.00    0.00   clock network delay (propagated)
                          0.25    0.25   clock uncertainty
                          0.00    0.25   clock reconvergence pessimism
                         -5.00   -4.75   output external delay
                                 -4.75   data required time
-----------------------------------------------------------------------------
                                 -4.75   data required time
                                 -1.06   data arrival time
-----------------------------------------------------------------------------
                                  5.81   slack (MET)


Startpoint: accumulator._2367_
            (rising edge-triggered flip-flop clocked by clock)
Endpoint: io_accOut[10] (output port clocked by clock)
Path Group: clock
Path Type: min
Corner: Typical

Fanout     Cap    Slew   Delay    Time   Description
-----------------------------------------------------------------------------
                          0.00    0.00   clock clock (rise edge)
                          0.00    0.00   clock source latency
     1    0.02    0.08    0.05    0.05 ^ clock (in)
                                         clock (net)
                  0.08    0.00    0.05 ^ clkbuf_0_clock/A (sky130_fd_sc_hd__clkbuf_16)
     4    0.04    0.06    0.15    0.20 ^ clkbuf_0_clock/X (sky130_fd_sc_hd__clkbuf_16)
                                         clknet_0_clock (net)
                  0.06    0.00    0.20 ^ clkbuf_2_3__f_clock/A (sky130_fd_sc_hd__clkbuf_16)
    10    0.03    0.05    0.13    0.34 ^ clkbuf_2_3__f_clock/X (sky130_fd_sc_hd__clkbuf_16)
                                         clknet_2_3__leaf_clock (net)
                  0.05    0.00    0.34 ^ accumulator._2367_/CLK (sky130_fd_sc_hd__dfxtp_1)
     4    0.03    0.14    0.37    0.71 v accumulator._2367_/Q (sky130_fd_sc_hd__dfxtp_1)
                                         accumulator.io_accOut[10] (net)
                  0.14    0.00    0.71 v _10_/A (sky130_fd_sc_hd__clkbuf_1)
     1    0.01    0.08    0.16    0.87 v _10_/X (sky130_fd_sc_hd__clkbuf_1)
                                         net24 (net)
                  0.08    0.00    0.87 v output24/A (sky130_fd_sc_hd__buf_2)
     1    0.03    0.09    0.18    1.05 v output24/X (sky130_fd_sc_hd__buf_2)
                                         io_accOut[10] (net)
                  0.09    0.00    1.06 v io_accOut[10] (out)
                                  1.06   data arrival time

                          0.00    0.00   clock clock (rise edge)
                          0.00    0.00   clock network delay (propagated)
                          0.25    0.25   clock uncertainty
                          0.00    0.25   clock reconvergence pessimism
                         -5.00   -4.75   output external delay
                                 -4.75   data required time
-----------------------------------------------------------------------------
                                 -4.75   data required time
                                 -1.06   data arrival time
-----------------------------------------------------------------------------
                                  5.81   slack (MET)


Startpoint: accumulator._2356_
            (rising edge-triggered flip-flop clocked by clock)
Endpoint: io_done (output port clocked by clock)
Path Group: clock
Path Type: min
Corner: Typical

Fanout     Cap    Slew   Delay    Time   Description
-----------------------------------------------------------------------------
                          0.00    0.00   clock clock (rise edge)
                          0.00    0.00   clock source latency
     1    0.02    0.08    0.05    0.05 ^ clock (in)
                                         clock (net)
                  0.08    0.00    0.05 ^ clkbuf_0_clock/A (sky130_fd_sc_hd__clkbuf_16)
     4    0.04    0.06    0.15    0.20 ^ clkbuf_0_clock/X (sky130_fd_sc_hd__clkbuf_16)
                                         clknet_0_clock (net)
                  0.06    0.00    0.20 ^ clkbuf_2_3__f_clock/A (sky130_fd_sc_hd__clkbuf_16)
    10    0.03    0.05    0.13    0.34 ^ clkbuf_2_3__f_clock/X (sky130_fd_sc_hd__clkbuf_16)
                                         clknet_2_3__leaf_clock (net)
                  0.05    0.00    0.34 ^ accumulator._2356_/CLK (sky130_fd_sc_hd__dfxtp_1)
     3    0.01    0.05    0.30    0.64 v accumulator._2356_/Q (sky130_fd_sc_hd__dfxtp_1)
                                         accumulator.state[1] (net)
                  0.05    0.00    0.64 v accumulator._1177_/B (sky130_fd_sc_hd__and2b_1)
     1    0.00    0.03    0.14    0.78 v accumulator._1177_/X (sky130_fd_sc_hd__and2b_1)
                                         accumulator._1145_ (net)
                  0.03    0.00    0.78 v accumulator._1178_/A (sky130_fd_sc_hd__buf_1)
     2    0.01    0.06    0.11    0.89 v accumulator._1178_/X (sky130_fd_sc_hd__buf_1)
                                         net55 (net)
                  0.06    0.00    0.89 v output55/A (sky130_fd_sc_hd__buf_2)
     1    0.03    0.09    0.18    1.07 v output55/X (sky130_fd_sc_hd__buf_2)
                                         io_done (net)
                  0.09    0.00    1.07 v io_done (out)
                                  1.07   data arrival time

                          0.00    0.00   clock clock (rise edge)
                          0.00    0.00   clock network delay (propagated)
                          0.25    0.25   clock uncertainty
                          0.00    0.25   clock reconvergence pessimism
                         -5.00   -4.75   output external delay
                                 -4.75   data required time
-----------------------------------------------------------------------------
                                 -4.75   data required time
                                 -1.07   data arrival time
-----------------------------------------------------------------------------
                                  5.82   slack (MET)


Startpoint: accumulator._2358_
            (rising edge-triggered flip-flop clocked by clock)
Endpoint: io_accOut[1] (output port clocked by clock)
Path Group: clock
Path Type: min
Corner: Typical

Fanout     Cap    Slew   Delay    Time   Description
-----------------------------------------------------------------------------
                          0.00    0.00   clock clock (rise edge)
                          0.00    0.00   clock source latency
     1    0.02    0.08    0.05    0.05 ^ clock (in)
                                         clock (net)
                  0.08    0.00    0.05 ^ clkbuf_0_clock/A (sky130_fd_sc_hd__clkbuf_16)
     4    0.04    0.06    0.15    0.20 ^ clkbuf_0_clock/X (sky130_fd_sc_hd__clkbuf_16)
                                         clknet_0_clock (net)
                  0.06    0.00    0.20 ^ clkbuf_2_2__f_clock/A (sky130_fd_sc_hd__clkbuf_16)
     7    0.03    0.05    0.13    0.33 ^ clkbuf_2_2__f_clock/X (sky130_fd_sc_hd__clkbuf_16)
                                         clknet_2_2__leaf_clock (net)
                  0.05    0.00    0.33 ^ accumulator._2358_/CLK (sky130_fd_sc_hd__dfxtp_1)
     5    0.03    0.16    0.38    0.71 v accumulator._2358_/Q (sky130_fd_sc_hd__dfxtp_1)
                                         accumulator.io_accOut[1] (net)
                  0.16    0.00    0.72 v _01_/A (sky130_fd_sc_hd__buf_1)
     1    0.01    0.08    0.17    0.89 v _01_/X (sky130_fd_sc_hd__buf_1)
                                         net34 (net)
                  0.08    0.00    0.89 v output34/A (sky130_fd_sc_hd__buf_2)
     1    0.03    0.09    0.19    1.08 v output34/X (sky130_fd_sc_hd__buf_2)
                                         io_accOut[1] (net)
                  0.09    0.00    1.08 v io_accOut[1] (out)
                                  1.08   data arrival time

                          0.00    0.00   clock clock (rise edge)
                          0.00    0.00   clock network delay (propagated)
                          0.25    0.25   clock uncertainty
                          0.00    0.25   clock reconvergence pessimism
                         -5.00   -4.75   output external delay
                                 -4.75   data required time
-----------------------------------------------------------------------------
                                 -4.75   data required time
                                 -1.08   data arrival time
-----------------------------------------------------------------------------
                                  5.83   slack (MET)


Startpoint: accumulator._2361_
            (rising edge-triggered flip-flop clocked by clock)
Endpoint: io_accOut[4] (output port clocked by clock)
Path Group: clock
Path Type: min
Corner: Typical

Fanout     Cap    Slew   Delay    Time   Description
-----------------------------------------------------------------------------
                          0.00    0.00   clock clock (rise edge)
                          0.00    0.00   clock source latency
     1    0.02    0.08    0.05    0.05 ^ clock (in)
                                         clock (net)
                  0.08    0.00    0.05 ^ clkbuf_0_clock/A (sky130_fd_sc_hd__clkbuf_16)
     4    0.04    0.06    0.15    0.20 ^ clkbuf_0_clock/X (sky130_fd_sc_hd__clkbuf_16)
                                         clknet_0_clock (net)
                  0.06    0.00    0.20 ^ clkbuf_2_0__f_clock/A (sky130_fd_sc_hd__clkbuf_16)
    11    0.04    0.06    0.14    0.34 ^ clkbuf_2_0__f_clock/X (sky130_fd_sc_hd__clkbuf_16)
                                         clknet_2_0__leaf_clock (net)
                  0.06    0.00    0.34 ^ accumulator._2361_/CLK (sky130_fd_sc_hd__dfxtp_1)
     5    0.03    0.14    0.37    0.71 v accumulator._2361_/Q (sky130_fd_sc_hd__dfxtp_1)
                                         accumulator.io_accOut[4] (net)
                  0.14    0.00    0.71 v _04_/A (sky130_fd_sc_hd__buf_1)
     1    0.02    0.10    0.18    0.89 v _04_/X (sky130_fd_sc_hd__buf_1)
                                         net49 (net)
                  0.10    0.00    0.89 v output49/A (sky130_fd_sc_hd__buf_2)
     1    0.03    0.09    0.19    1.08 v output49/X (sky130_fd_sc_hd__buf_2)
                                         io_accOut[4] (net)
                  0.09    0.00    1.08 v io_accOut[4] (out)
                                  1.08   data arrival time

                          0.00    0.00   clock clock (rise edge)
                          0.00    0.00   clock network delay (propagated)
                          0.25    0.25   clock uncertainty
                          0.00    0.25   clock reconvergence pessimism
                         -5.00   -4.75   output external delay
                                 -4.75   data required time
-----------------------------------------------------------------------------
                                 -4.75   data required time
                                 -1.08   data arrival time
-----------------------------------------------------------------------------
                                  5.83   slack (MET)


Startpoint: accumulator._2362_
            (rising edge-triggered flip-flop clocked by clock)
Endpoint: io_accOut[5] (output port clocked by clock)
Path Group: clock
Path Type: min
Corner: Typical

Fanout     Cap    Slew   Delay    Time   Description
-----------------------------------------------------------------------------
                          0.00    0.00   clock clock (rise edge)
                          0.00    0.00   clock source latency
     1    0.02    0.08    0.05    0.05 ^ clock (in)
                                         clock (net)
                  0.08    0.00    0.05 ^ clkbuf_0_clock/A (sky130_fd_sc_hd__clkbuf_16)
     4    0.04    0.06    0.15    0.20 ^ clkbuf_0_clock/X (sky130_fd_sc_hd__clkbuf_16)
                                         clknet_0_clock (net)
                  0.06    0.00    0.20 ^ clkbuf_2_0__f_clock/A (sky130_fd_sc_hd__clkbuf_16)
    11    0.04    0.06    0.14    0.34 ^ clkbuf_2_0__f_clock/X (sky130_fd_sc_hd__clkbuf_16)
                                         clknet_2_0__leaf_clock (net)
                  0.06    0.00    0.34 ^ accumulator._2362_/CLK (sky130_fd_sc_hd__dfxtp_1)
     6    0.03    0.16    0.38    0.72 v accumulator._2362_/Q (sky130_fd_sc_hd__dfxtp_1)
                                         accumulator.io_accOut[5] (net)
                  0.16    0.00    0.72 v _05_/A (sky130_fd_sc_hd__buf_1)
     1    0.02    0.10    0.18    0.90 v _05_/X (sky130_fd_sc_hd__buf_1)
                                         net50 (net)
                  0.10    0.00    0.90 v output50/A (sky130_fd_sc_hd__clkbuf_4)
     1    0.03    0.08    0.20    1.10 v output50/X (sky130_fd_sc_hd__clkbuf_4)
                                         io_accOut[5] (net)
                  0.08    0.00    1.10 v io_accOut[5] (out)
                                  1.10   data arrival time

                          0.00    0.00   clock clock (rise edge)
                          0.00    0.00   clock network delay (propagated)
                          0.25    0.25   clock uncertainty
                          0.00    0.25   clock reconvergence pessimism
                         -5.00   -4.75   output external delay
                                 -4.75   data required time
-----------------------------------------------------------------------------
                                 -4.75   data required time
                                 -1.10   data arrival time
-----------------------------------------------------------------------------
                                  5.85   slack (MET)



worst slack corner Typical: 0.3183
