
===========================================================================
report_checks -unconstrained
===========================================================================
======================= Fastest Corner ===================================

Startpoint: io_inScaleA[7] (input port clocked by clock)
Endpoint: accumulator._2420_ (rising edge-triggered flip-flop clocked by clock)
Path Group: clock
Path Type: max
Corner: Fastest

Fanout     Cap    Slew   Delay    Time   Description
-----------------------------------------------------------------------------
                          0.00    0.00   clock clock (rise edge)
                          0.00    0.00   clock network delay (propagated)
                          4.00    4.00 v input external delay
     1    0.01    0.01    0.00    4.00 v io_inScaleA[7] (in)
                                         io_inScaleA[7] (net)
                  0.01    0.00    4.00 v input16/A (sky130_fd_sc_hd__buf_6)
     5    0.03    0.03    0.08    4.09 v input16/X (sky130_fd_sc_hd__buf_6)
                                         net16 (net)
                  0.03    0.00    4.09 v scaleAdd._421_/A1 (sky130_fd_sc_hd__o21a_4)
     4    0.03    0.05    0.16    4.25 v scaleAdd._421_/X (sky130_fd_sc_hd__o21a_4)
                                         scaleAdd._002_ (net)
                  0.05    0.00    4.25 v scaleAdd._428_/A (sky130_fd_sc_hd__xor2_2)
     2    0.01    0.05    0.13    4.38 v scaleAdd._428_/X (sky130_fd_sc_hd__xor2_2)
                                         scaleAdd._009_ (net)
                  0.05    0.00    4.38 v scaleAdd._429_/B (sky130_fd_sc_hd__xnor2_2)
     2    0.01    0.05    0.11    4.49 v scaleAdd._429_/Y (sky130_fd_sc_hd__xnor2_2)
                                         scaleAdd._010_ (net)
                  0.05    0.00    4.49 v scaleAdd._431_/A (sky130_fd_sc_hd__xnor2_2)
     2    0.02    0.18    0.19    4.68 ^ scaleAdd._431_/Y (sky130_fd_sc_hd__xnor2_2)
                                         scaleAdd._012_ (net)
                  0.18    0.00    4.68 ^ scaleAdd._432_/B (sky130_fd_sc_hd__xnor2_2)
     2    0.01    0.06    0.07    4.75 v scaleAdd._432_/Y (sky130_fd_sc_hd__xnor2_2)
                                         scaleAdd._013_ (net)
                  0.06    0.00    4.75 v scaleAdd._435_/A (sky130_fd_sc_hd__xor2_2)
     2    0.01    0.06    0.14    4.89 v scaleAdd._435_/X (sky130_fd_sc_hd__xor2_2)
                                         scaleAdd._016_ (net)
                  0.06    0.00    4.89 v scaleAdd._436_/B (sky130_fd_sc_hd__xnor2_2)
     2    0.01    0.05    0.11    5.01 v scaleAdd._436_/Y (sky130_fd_sc_hd__xnor2_2)
                                         scaleAdd._017_ (net)
                  0.05    0.00    5.01 v scaleAdd._438_/A (sky130_fd_sc_hd__xnor2_2)
     2    0.01    0.15    0.17    5.18 ^ scaleAdd._438_/Y (sky130_fd_sc_hd__xnor2_2)
                                         scaleAdd._019_ (net)
                  0.15    0.00    5.18 ^ scaleAdd._439_/A (sky130_fd_sc_hd__xor2_2)
     5    0.03    0.27    0.24    5.41 ^ scaleAdd._439_/X (sky130_fd_sc_hd__xor2_2)
                                         scaleAdd._020_ (net)
                  0.27    0.00    5.42 ^ scaleAdd._521_/B (sky130_fd_sc_hd__nor2_2)
     1    0.01    0.06    0.03    5.45 v scaleAdd._521_/Y (sky130_fd_sc_hd__nor2_2)
                                         scaleAdd._100_ (net)
                  0.06    0.00    5.45 v scaleAdd._527_/A1 (sky130_fd_sc_hd__o31ai_4)
     4    0.02    0.25    0.28    5.73 ^ scaleAdd._527_/Y (sky130_fd_sc_hd__o31ai_4)
                                         scaleAdd._106_ (net)
                  0.25    0.00    5.73 ^ scaleAdd._561_/A2 (sky130_fd_sc_hd__a21oi_1)
     1    0.01    0.08    0.09    5.82 v scaleAdd._561_/Y (sky130_fd_sc_hd__a21oi_1)
                                         scaleAdd._139_ (net)
                  0.08    0.00    5.82 v scaleAdd._562_/B (sky130_fd_sc_hd__xnor2_2)
     5    0.03    0.28    0.25    6.07 ^ scaleAdd._562_/Y (sky130_fd_sc_hd__xnor2_2)
                                         scaleAdd._140_ (net)
                  0.28    0.00    6.07 ^ scaleAdd._563_/C (sky130_fd_sc_hd__and3_1)
     2    0.01    0.05    0.14    6.21 ^ scaleAdd._563_/X (sky130_fd_sc_hd__and3_1)
                                         scaleAdd._141_ (net)
                  0.05    0.00    6.21 ^ scaleAdd._565_/A_N (sky130_fd_sc_hd__and2b_1)
     1    0.01    0.03    0.12    6.33 v scaleAdd._565_/X (sky130_fd_sc_hd__and2b_1)
                                         scaleAdd._143_ (net)
                  0.03    0.00    6.33 v scaleAdd._566_/B (sky130_fd_sc_hd__xnor2_1)
     2    0.01    0.16    0.16    6.49 ^ scaleAdd._566_/Y (sky130_fd_sc_hd__xnor2_1)
                                         scaleAdd._144_ (net)
                  0.16    0.00    6.49 ^ scaleAdd._569_/A (sky130_fd_sc_hd__xor2_1)
     2    0.01    0.15    0.16    6.64 ^ scaleAdd._569_/X (sky130_fd_sc_hd__xor2_1)
                                         scaleAdd._147_ (net)
                  0.15    0.00    6.64 ^ scaleAdd._570_/B (sky130_fd_sc_hd__xnor2_1)
     3    0.01    0.22    0.14    6.79 ^ scaleAdd._570_/Y (sky130_fd_sc_hd__xnor2_1)
                                         scaleAdd._148_ (net)
                  0.22    0.00    6.79 ^ scaleAdd._572_/B1 (sky130_fd_sc_hd__a21oi_2)
     4    0.02    0.06    0.05    6.83 v scaleAdd._572_/Y (sky130_fd_sc_hd__a21oi_2)
                                         scaleAdd._150_ (net)
                  0.06    0.00    6.83 v scaleAdd._603_/A3 (sky130_fd_sc_hd__o311ai_4)
     3    0.01    0.18    0.18    7.01 ^ scaleAdd._603_/Y (sky130_fd_sc_hd__o311ai_4)
                                         scaleAdd._180_ (net)
                  0.18    0.00    7.01 ^ scaleAdd._652_/A2 (sky130_fd_sc_hd__a311o_1)
     4    0.02    0.14    0.20    7.21 ^ scaleAdd._652_/X (sky130_fd_sc_hd__a311o_1)
                                         scaleAdd._227_ (net)
                  0.14    0.00    7.21 ^ scaleAdd._688_/A2 (sky130_fd_sc_hd__a311o_1)
     3    0.02    0.15    0.20    7.42 ^ scaleAdd._688_/X (sky130_fd_sc_hd__a311o_1)
                                         scaleAdd._261_ (net)
                  0.15    0.00    7.42 ^ scaleAdd._708_/A2 (sky130_fd_sc_hd__a31oi_4)
     2    0.01    0.07    0.08    7.49 v scaleAdd._708_/Y (sky130_fd_sc_hd__a31oi_4)
                                         scaleAdd._279_ (net)
                  0.07    0.00    7.49 v scaleAdd._711_/A2 (sky130_fd_sc_hd__a211o_1)
     4    0.01    0.06    0.23    7.73 v scaleAdd._711_/X (sky130_fd_sc_hd__a211o_1)
                                         accumulator.io_inMant[17] (net)
                  0.06    0.00    7.73 v accumulator._1204_/A (sky130_fd_sc_hd__or4_4)
     4    0.01    0.07    0.36    8.09 v accumulator._1204_/X (sky130_fd_sc_hd__or4_4)
                                         accumulator._0065_ (net)
                  0.07    0.00    8.09 v accumulator._1223_/B (sky130_fd_sc_hd__or2_4)
     1    0.00    0.03    0.16    8.25 v accumulator._1223_/X (sky130_fd_sc_hd__or2_4)
                                         accumulator._0254_ (net)
                  0.03    0.00    8.25 v accumulator._1224_/A (sky130_fd_sc_hd__buf_6)
     8    0.04    0.04    0.10    8.35 v accumulator._1224_/X (sky130_fd_sc_hd__buf_6)
                                         accumulator._0263_ (net)
                  0.04    0.00    8.35 v accumulator._1225_/B (sky130_fd_sc_hd__and2_4)
     4    0.02    0.03    0.12    8.47 v accumulator._1225_/X (sky130_fd_sc_hd__and2_4)
                                         accumulator._0273_ (net)
                  0.03    0.00    8.47 v accumulator._1227_/B (sky130_fd_sc_hd__nor2_4)
     3    0.01    0.08    0.08    8.55 ^ accumulator._1227_/Y (sky130_fd_sc_hd__nor2_4)
                                         accumulator._0293_ (net)
                  0.08    0.00    8.55 ^ accumulator._1241_/A1 (sky130_fd_sc_hd__a311o_1)
     3    0.01    0.09    0.15    8.69 ^ accumulator._1241_/X (sky130_fd_sc_hd__a311o_1)
                                         accumulator._0340_ (net)
                  0.09    0.00    8.69 ^ rebuffer22/A (sky130_fd_sc_hd__clkbuf_1)
     1    0.01    0.06    0.08    8.77 ^ rebuffer22/X (sky130_fd_sc_hd__clkbuf_1)
                                         net79 (net)
                  0.06    0.00    8.77 ^ accumulator._1254_/C (sky130_fd_sc_hd__nand3_2)
     2    0.01    0.06    0.05    8.82 v accumulator._1254_/Y (sky130_fd_sc_hd__nand3_2)
                                         accumulator._0353_ (net)
                  0.06    0.00    8.82 v accumulator._1257_/A2 (sky130_fd_sc_hd__a211o_1)
     3    0.01    0.05    0.22    9.04 v accumulator._1257_/X (sky130_fd_sc_hd__a211o_1)
                                         accumulator._0356_ (net)
                  0.05    0.00    9.04 v accumulator._1263_/A (sky130_fd_sc_hd__and2_4)
     5    0.01    0.03    0.11    9.15 v accumulator._1263_/X (sky130_fd_sc_hd__and2_4)
                                         accumulator._0362_ (net)
                  0.03    0.00    9.15 v accumulator._1274_/D (sky130_fd_sc_hd__or4_4)
     2    0.01    0.06    0.26    9.41 v accumulator._1274_/X (sky130_fd_sc_hd__or4_4)
                                         accumulator._0373_ (net)
                  0.06    0.00    9.41 v accumulator._1276_/A2 (sky130_fd_sc_hd__a21o_1)
     2    0.01    0.04    0.14    9.55 v accumulator._1276_/X (sky130_fd_sc_hd__a21o_1)
                                         accumulator._0375_ (net)
                  0.04    0.00    9.55 v accumulator._1278_/A1 (sky130_fd_sc_hd__a21o_4)
     2    0.01    0.03    0.13    9.68 v accumulator._1278_/X (sky130_fd_sc_hd__a21o_4)
                                         accumulator._0377_ (net)
                  0.03    0.00    9.68 v accumulator._1284_/A1 (sky130_fd_sc_hd__a21o_1)
     2    0.01    0.04    0.11    9.80 v accumulator._1284_/X (sky130_fd_sc_hd__a21o_1)
                                         accumulator._0383_ (net)
                  0.04    0.00    9.80 v accumulator._1285_/A1 (sky130_fd_sc_hd__a21o_4)
     2    0.01    0.03    0.13    9.93 v accumulator._1285_/X (sky130_fd_sc_hd__a21o_4)
                                         accumulator._0384_ (net)
                  0.03    0.00    9.93 v accumulator._1290_/A1 (sky130_fd_sc_hd__a21o_1)
     2    0.01    0.05    0.12   10.06 v accumulator._1290_/X (sky130_fd_sc_hd__a21o_1)
                                         accumulator._0389_ (net)
                  0.05    0.00   10.06 v accumulator._1293_/A1 (sky130_fd_sc_hd__a21boi_4)
     3    0.03    0.21    0.20   10.26 ^ accumulator._1293_/Y (sky130_fd_sc_hd__a21boi_4)
                                         accumulator._0392_ (net)
                  0.21    0.00   10.26 ^ accumulator._1302_/B (sky130_fd_sc_hd__xor2_2)
     3    0.01    0.12    0.12   10.38 ^ accumulator._1302_/X (sky130_fd_sc_hd__xor2_2)
                                         accumulator._0401_ (net)
                  0.12    0.00   10.38 ^ rebuffer30/A (sky130_fd_sc_hd__clkbuf_2)
     1    0.00    0.02    0.08   10.47 ^ rebuffer30/X (sky130_fd_sc_hd__clkbuf_2)
                                         net87 (net)
                  0.02    0.00   10.47 ^ rebuffer25/A (sky130_fd_sc_hd__clkbuf_1)
     1    0.01    0.05    0.07   10.54 ^ rebuffer25/X (sky130_fd_sc_hd__clkbuf_1)
                                         net82 (net)
                  0.05    0.00   10.54 ^ accumulator._1303_/A (sky130_fd_sc_hd__buf_6)
     6    0.03    0.06    0.09   10.63 ^ accumulator._1303_/X (sky130_fd_sc_hd__buf_6)
                                         accumulator._0402_ (net)
                  0.06    0.00   10.64 ^ accumulator._1335_/S (sky130_fd_sc_hd__mux2_4)
     6    0.03    0.07    0.24   10.87 v accumulator._1335_/X (sky130_fd_sc_hd__mux2_4)
                                         accumulator._0432_ (net)
                  0.07    0.00   10.87 v accumulator._1381_/A (sky130_fd_sc_hd__buf_6)
     5    0.02    0.03    0.10   10.98 v accumulator._1381_/X (sky130_fd_sc_hd__buf_6)
                                         accumulator._0478_ (net)
                  0.03    0.00   10.98 v accumulator._1390_/A2 (sky130_fd_sc_hd__a21o_1)
     2    0.01    0.03    0.12   11.10 v accumulator._1390_/X (sky130_fd_sc_hd__a21o_1)
                                         accumulator._0487_ (net)
                  0.03    0.00   11.10 v accumulator._1402_/A2 (sky130_fd_sc_hd__a21o_1)
     2    0.01    0.04    0.14   11.24 v accumulator._1402_/X (sky130_fd_sc_hd__a21o_1)
                                         accumulator._0499_ (net)
                  0.04    0.00   11.24 v accumulator._1403_/B (sky130_fd_sc_hd__and2_4)
     2    0.01    0.02    0.11   11.35 v accumulator._1403_/X (sky130_fd_sc_hd__and2_4)
                                         accumulator._0500_ (net)
                  0.02    0.00   11.35 v accumulator._1427_/A2 (sky130_fd_sc_hd__a211o_1)
     1    0.01    0.06    0.21   11.56 v accumulator._1427_/X (sky130_fd_sc_hd__a211o_1)
                                         accumulator._0524_ (net)
                  0.06    0.00   11.56 v accumulator._1505_/A1 (sky130_fd_sc_hd__a32o_2)
     4    0.03    0.07    0.18   11.75 v accumulator._1505_/X (sky130_fd_sc_hd__a32o_2)
                                         accumulator._0602_ (net)
                  0.07    0.00   11.75 v accumulator._1507_/B (sky130_fd_sc_hd__xnor2_4)
     3    0.02    0.15    0.16   11.91 ^ accumulator._1507_/Y (sky130_fd_sc_hd__xnor2_4)
                                         accumulator._0604_ (net)
                  0.15    0.00   11.91 ^ accumulator._1837_/A3 (sky130_fd_sc_hd__a311o_1)
     2    0.01    0.09    0.16   12.06 ^ accumulator._1837_/X (sky130_fd_sc_hd__a311o_1)
                                         accumulator._0934_ (net)
                  0.09    0.00   12.06 ^ accumulator._1839_/A1 (sky130_fd_sc_hd__a311o_1)
     3    0.01    0.11    0.16   12.22 ^ accumulator._1839_/X (sky130_fd_sc_hd__a311o_1)
                                         accumulator._0936_ (net)
                  0.11    0.00   12.22 ^ accumulator._1842_/A2 (sky130_fd_sc_hd__a311o_1)
     2    0.01    0.13    0.18   12.40 ^ accumulator._1842_/X (sky130_fd_sc_hd__a311o_1)
                                         accumulator._0939_ (net)
                  0.13    0.00   12.40 ^ accumulator._1844_/A2 (sky130_fd_sc_hd__a31oi_4)
     3    0.01    0.06    0.07   12.47 v accumulator._1844_/Y (sky130_fd_sc_hd__a31oi_4)
                                         accumulator._0941_ (net)
                  0.06    0.00   12.47 v accumulator._1846_/A2 (sky130_fd_sc_hd__a211o_1)
     2    0.01    0.05    0.22   12.69 v accumulator._1846_/X (sky130_fd_sc_hd__a211o_1)
                                         accumulator._0943_ (net)
                  0.05    0.00   12.69 v accumulator._1847_/A2 (sky130_fd_sc_hd__a311o_1)
     3    0.01    0.08    0.25   12.94 v accumulator._1847_/X (sky130_fd_sc_hd__a311o_1)
                                         accumulator._0944_ (net)
                  0.08    0.00   12.94 v accumulator._1855_/A2 (sky130_fd_sc_hd__o311a_4)
     4    0.02    0.06    0.27   13.21 v accumulator._1855_/X (sky130_fd_sc_hd__o311a_4)
                                         accumulator._0952_ (net)
                  0.06    0.00   13.21 v accumulator._1866_/A2 (sky130_fd_sc_hd__o31ai_4)
     3    0.01    0.17    0.20   13.41 ^ accumulator._1866_/Y (sky130_fd_sc_hd__o31ai_4)
                                         accumulator._0963_ (net)
                  0.17    0.00   13.41 ^ accumulator._1867_/B (sky130_fd_sc_hd__nand3b_1)
     1    0.00    0.05    0.06   13.47 v accumulator._1867_/Y (sky130_fd_sc_hd__nand3b_1)
                                         accumulator._0964_ (net)
                  0.05    0.00   13.47 v accumulator._1868_/C1 (sky130_fd_sc_hd__o211a_1)
     3    0.01    0.06    0.11   13.58 v accumulator._1868_/X (sky130_fd_sc_hd__o211a_1)
                                         accumulator._0965_ (net)
                  0.06    0.00   13.58 v accumulator._1871_/A4 (sky130_fd_sc_hd__o41a_4)
     7    0.03    0.07    0.26   13.84 v accumulator._1871_/X (sky130_fd_sc_hd__o41a_4)
                                         accumulator._0968_ (net)
                  0.07    0.00   13.84 v accumulator._1872_/A (sky130_fd_sc_hd__and2_4)
     5    0.03    0.04    0.13   13.98 v accumulator._1872_/X (sky130_fd_sc_hd__and2_4)
                                         accumulator._0969_ (net)
                  0.04    0.00   13.98 v accumulator._1895_/A (sky130_fd_sc_hd__buf_6)
    10    0.06    0.04    0.11   14.09 v accumulator._1895_/X (sky130_fd_sc_hd__buf_6)
                                         accumulator._0992_ (net)
                  0.04    0.00   14.09 v accumulator._1912_/B (sky130_fd_sc_hd__nor2_8)
     1    0.02    0.08    0.08   14.17 ^ accumulator._1912_/Y (sky130_fd_sc_hd__nor2_8)
                                         accumulator._1009_ (net)
                  0.08    0.00   14.17 ^ accumulator._1913_/A (sky130_fd_sc_hd__xor2_4)
     5    0.02    0.15    0.15   14.33 ^ accumulator._1913_/X (sky130_fd_sc_hd__xor2_4)
                                         accumulator._1010_ (net)
                  0.15    0.00   14.33 ^ accumulator._2072_/B1 (sky130_fd_sc_hd__o21ai_1)
     1    0.00    0.05    0.04   14.37 v accumulator._2072_/Y (sky130_fd_sc_hd__o21ai_1)
                                         accumulator._1169_ (net)
                  0.05    0.00   14.37 v accumulator._2073_/A2 (sky130_fd_sc_hd__a21oi_1)
     1    0.00    0.08    0.11   14.48 ^ accumulator._2073_/Y (sky130_fd_sc_hd__a21oi_1)
                                         accumulator._1170_ (net)
                  0.08    0.00   14.48 ^ accumulator._2074_/A2 (sky130_fd_sc_hd__o21ai_1)
     1    0.00    0.05    0.04   14.52 v accumulator._2074_/Y (sky130_fd_sc_hd__o21ai_1)
                                         accumulator._1171_ (net)
                  0.05    0.00   14.52 v accumulator._2075_/A2 (sky130_fd_sc_hd__a21o_1)
     1    0.00    0.02    0.12   14.64 v accumulator._2075_/X (sky130_fd_sc_hd__a21o_1)
                                         accumulator._1172_ (net)
                  0.02    0.00   14.64 v accumulator._2076_/A1 (sky130_fd_sc_hd__a21oi_1)
     1    0.00    0.09    0.09   14.73 ^ accumulator._2076_/Y (sky130_fd_sc_hd__a21oi_1)
                                         accumulator._1173_ (net)
                  0.09    0.00   14.73 ^ accumulator._2077_/A2 (sky130_fd_sc_hd__o21ai_1)
     1    0.00    0.05    0.04   14.77 v accumulator._2077_/Y (sky130_fd_sc_hd__o21ai_1)
                                         accumulator._1174_ (net)
                  0.05    0.00   14.77 v accumulator._2078_/A2 (sky130_fd_sc_hd__a21oi_1)
     1    0.00    0.08    0.11   14.88 ^ accumulator._2078_/Y (sky130_fd_sc_hd__a21oi_1)
                                         accumulator._1175_ (net)
                  0.08    0.00   14.88 ^ accumulator._2079_/A2 (sky130_fd_sc_hd__o21bai_1)
     1    0.00    0.06    0.04   14.92 v accumulator._2079_/Y (sky130_fd_sc_hd__o21bai_1)
                                         accumulator._1176_ (net)
                  0.06    0.00   14.92 v accumulator._2082_/A2 (sky130_fd_sc_hd__a21o_2)
     7    0.04    0.09    0.22   15.13 v accumulator._2082_/X (sky130_fd_sc_hd__a21o_2)
                                         accumulator._1180_ (net)
                  0.09    0.00   15.13 v accumulator._2083_/A (sky130_fd_sc_hd__nand2_4)
     5    0.04    0.10    0.11   15.25 ^ accumulator._2083_/Y (sky130_fd_sc_hd__nand2_4)
                                         accumulator._1181_ (net)
                  0.10    0.00   15.25 ^ clone18/A (sky130_fd_sc_hd__clkbuf_16)
     5    0.03    0.04    0.11   15.36 ^ clone18/X (sky130_fd_sc_hd__clkbuf_16)
                                         net75 (net)
                  0.04    0.00   15.36 ^ accumulator._2161_/S (sky130_fd_sc_hd__mux2_4)
     2    0.01    0.04    0.20   15.56 v accumulator._2161_/X (sky130_fd_sc_hd__mux2_4)
                                         accumulator._0096_ (net)
                  0.04    0.00   15.56 v accumulator._2224_/A0 (sky130_fd_sc_hd__mux2_4)
     1    0.01    0.04    0.16   15.73 v accumulator._2224_/X (sky130_fd_sc_hd__mux2_4)
                                         accumulator._0159_ (net)
                  0.04    0.00   15.73 v accumulator._2228_/A0 (sky130_fd_sc_hd__mux2_4)
     2    0.01    0.04    0.17   15.90 v accumulator._2228_/X (sky130_fd_sc_hd__mux2_4)
                                         accumulator._0163_ (net)
                  0.04    0.00   15.90 v accumulator._2298_/A0 (sky130_fd_sc_hd__mux2_4)
     1    0.01    0.04    0.17   16.06 v accumulator._2298_/X (sky130_fd_sc_hd__mux2_4)
                                         accumulator._0232_ (net)
                  0.04    0.00   16.06 v accumulator._2300_/A3 (sky130_fd_sc_hd__o311a_1)
     1    0.00    0.04    0.18   16.24 v accumulator._2300_/X (sky130_fd_sc_hd__o311a_1)
                                         accumulator._0021_ (net)
                  0.04    0.00   16.24 v accumulator._2420_/D (sky130_fd_sc_hd__dfxtp_1)
                                 16.24   data arrival time

                         20.00   20.00   clock clock (rise edge)
                          0.00   20.00   clock source latency
     1    0.02    0.07    0.05   20.05 ^ clock (in)
                                         clock (net)
                  0.07    0.00   20.05 ^ clkbuf_0_clock/A (sky130_fd_sc_hd__clkbuf_16)
     4    0.04    0.05    0.10   20.15 ^ clkbuf_0_clock/X (sky130_fd_sc_hd__clkbuf_16)
                                         clknet_0_clock (net)
                  0.05    0.00   20.15 ^ clkbuf_2_1__f_clock/A (sky130_fd_sc_hd__clkbuf_16)
    10    0.03    0.04    0.09   20.25 ^ clkbuf_2_1__f_clock/X (sky130_fd_sc_hd__clkbuf_16)
                                         clknet_2_1__leaf_clock (net)
                  0.04    0.00   20.25 ^ accumulator._2420_/CLK (sky130_fd_sc_hd__dfxtp_1)
                         -0.25   20.00   clock uncertainty
                          0.00   20.00   clock reconvergence pessimism
                         -0.07   19.93   library setup time
                                 19.93   data required time
-----------------------------------------------------------------------------
                                 19.93   data required time
                                -16.24   data arrival time
-----------------------------------------------------------------------------
                                  3.68   slack (MET)



======================= Slowest Corner ===================================

Startpoint: io_inScaleA[7] (input port clocked by clock)
Endpoint: accumulator._2420_ (rising edge-triggered flip-flop clocked by clock)
Path Group: clock
Path Type: max
Corner: Slowest

Fanout     Cap    Slew   Delay    Time   Description
-----------------------------------------------------------------------------
                          0.00    0.00   clock clock (rise edge)
                          0.00    0.00   clock network delay (propagated)
                          4.00    4.00 v input external delay
     1    0.01    0.03    0.02    4.02 v io_inScaleA[7] (in)
                                         io_inScaleA[7] (net)
                  0.03    0.00    4.02 v input16/A (sky130_fd_sc_hd__buf_6)
     5    0.03    0.07    0.23    4.24 v input16/X (sky130_fd_sc_hd__buf_6)
                                         net16 (net)
                  0.07    0.00    4.24 v scaleAdd._421_/A1 (sky130_fd_sc_hd__o21a_4)
     4    0.03    0.11    0.48    4.72 v scaleAdd._421_/X (sky130_fd_sc_hd__o21a_4)
                                         scaleAdd._002_ (net)
                  0.11    0.00    4.72 v scaleAdd._428_/A (sky130_fd_sc_hd__xor2_2)
     2    0.01    0.14    0.38    5.10 v scaleAdd._428_/X (sky130_fd_sc_hd__xor2_2)
                                         scaleAdd._009_ (net)
                  0.14    0.00    5.10 v scaleAdd._429_/B (sky130_fd_sc_hd__xnor2_2)
     2    0.01    0.15    0.33    5.43 v scaleAdd._429_/Y (sky130_fd_sc_hd__xnor2_2)
                                         scaleAdd._010_ (net)
                  0.15    0.00    5.44 v scaleAdd._431_/A (sky130_fd_sc_hd__xnor2_2)
     2    0.02    0.37    0.44    5.88 ^ scaleAdd._431_/Y (sky130_fd_sc_hd__xnor2_2)
                                         scaleAdd._012_ (net)
                  0.37    0.00    5.88 ^ scaleAdd._432_/B (sky130_fd_sc_hd__xnor2_2)
     2    0.02    0.38    0.38    6.26 ^ scaleAdd._432_/Y (sky130_fd_sc_hd__xnor2_2)
                                         scaleAdd._013_ (net)
                  0.38    0.00    6.26 ^ scaleAdd._435_/A (sky130_fd_sc_hd__xor2_2)
     2    0.01    0.28    0.43    6.69 ^ scaleAdd._435_/X (sky130_fd_sc_hd__xor2_2)
                                         scaleAdd._016_ (net)
                  0.28    0.00    6.69 ^ scaleAdd._436_/B (sky130_fd_sc_hd__xnor2_2)
     2    0.01    0.31    0.33    7.02 ^ scaleAdd._436_/Y (sky130_fd_sc_hd__xnor2_2)
                                         scaleAdd._017_ (net)
                  0.31    0.00    7.02 ^ scaleAdd._438_/A (sky130_fd_sc_hd__xnor2_2)
     2    0.01    0.32    0.35    7.37 ^ scaleAdd._438_/Y (sky130_fd_sc_hd__xnor2_2)
                                         scaleAdd._019_ (net)
                  0.32    0.00    7.37 ^ scaleAdd._439_/A (sky130_fd_sc_hd__xor2_2)
     5    0.03    0.57    0.64    8.01 ^ scaleAdd._439_/X (sky130_fd_sc_hd__xor2_2)
                                         scaleAdd._020_ (net)
                  0.57    0.00    8.01 ^ scaleAdd._521_/B (sky130_fd_sc_hd__nor2_2)
     1    0.01    0.13    0.24    8.25 v scaleAdd._521_/Y (sky130_fd_sc_hd__nor2_2)
                                         scaleAdd._100_ (net)
                  0.13    0.00    8.25 v scaleAdd._527_/A1 (sky130_fd_sc_hd__o31ai_4)
     4    0.02    0.53    0.66    8.91 ^ scaleAdd._527_/Y (sky130_fd_sc_hd__o31ai_4)
                                         scaleAdd._106_ (net)
                  0.53    0.00    8.91 ^ scaleAdd._561_/A2 (sky130_fd_sc_hd__a21oi_1)
     1    0.01    0.21    0.39    9.30 v scaleAdd._561_/Y (sky130_fd_sc_hd__a21oi_1)
                                         scaleAdd._139_ (net)
                  0.21    0.00    9.30 v scaleAdd._562_/B (sky130_fd_sc_hd__xnor2_2)
     5    0.03    0.58    0.59    9.88 ^ scaleAdd._562_/Y (sky130_fd_sc_hd__xnor2_2)
                                         scaleAdd._140_ (net)
                  0.58    0.00    9.88 ^ scaleAdd._563_/C (sky130_fd_sc_hd__and3_1)
     2    0.01    0.12    0.51   10.40 ^ scaleAdd._563_/X (sky130_fd_sc_hd__and3_1)
                                         scaleAdd._141_ (net)
                  0.12    0.00   10.40 ^ scaleAdd._565_/A_N (sky130_fd_sc_hd__and2b_1)
     1    0.01    0.08    0.42   10.81 v scaleAdd._565_/X (sky130_fd_sc_hd__and2b_1)
                                         scaleAdd._143_ (net)
                  0.08    0.00   10.82 v scaleAdd._566_/B (sky130_fd_sc_hd__xnor2_1)
     2    0.01    0.38    0.39   11.20 ^ scaleAdd._566_/Y (sky130_fd_sc_hd__xnor2_1)
                                         scaleAdd._144_ (net)
                  0.38    0.00   11.20 ^ scaleAdd._569_/A (sky130_fd_sc_hd__xor2_1)
     2    0.01    0.34    0.48   11.68 ^ scaleAdd._569_/X (sky130_fd_sc_hd__xor2_1)
                                         scaleAdd._147_ (net)
                  0.34    0.00   11.68 ^ scaleAdd._570_/B (sky130_fd_sc_hd__xnor2_1)
     3    0.01    0.51    0.42   12.10 ^ scaleAdd._570_/Y (sky130_fd_sc_hd__xnor2_1)
                                         scaleAdd._148_ (net)
                  0.51    0.00   12.10 ^ scaleAdd._572_/B1 (sky130_fd_sc_hd__a21oi_2)
     4    0.02    0.15    0.26   12.36 v scaleAdd._572_/Y (sky130_fd_sc_hd__a21oi_2)
                                         scaleAdd._150_ (net)
                  0.15    0.00   12.36 v scaleAdd._603_/A3 (sky130_fd_sc_hd__o311ai_4)
     3    0.01    0.36    0.42   12.78 ^ scaleAdd._603_/Y (sky130_fd_sc_hd__o311ai_4)
                                         scaleAdd._180_ (net)
                  0.36    0.00   12.78 ^ scaleAdd._652_/A2 (sky130_fd_sc_hd__a311o_1)
     4    0.02    0.30    0.64   13.43 ^ scaleAdd._652_/X (sky130_fd_sc_hd__a311o_1)
                                         scaleAdd._227_ (net)
                  0.30    0.00   13.43 ^ scaleAdd._688_/A2 (sky130_fd_sc_hd__a311o_1)
     3    0.02    0.32    0.64   14.07 ^ scaleAdd._688_/X (sky130_fd_sc_hd__a311o_1)
                                         scaleAdd._261_ (net)
                  0.32    0.00   14.07 ^ scaleAdd._708_/A2 (sky130_fd_sc_hd__a31oi_4)
     2    0.01    0.17    0.30   14.36 v scaleAdd._708_/Y (sky130_fd_sc_hd__a31oi_4)
                                         scaleAdd._279_ (net)
                  0.17    0.00   14.36 v scaleAdd._711_/A2 (sky130_fd_sc_hd__a211o_1)
     4    0.01    0.16    0.70   15.06 v scaleAdd._711_/X (sky130_fd_sc_hd__a211o_1)
                                         accumulator.io_inMant[17] (net)
                  0.16    0.00   15.06 v accumulator._1204_/A (sky130_fd_sc_hd__or4_4)
     4    0.02    0.19    1.20   16.26 v accumulator._1204_/X (sky130_fd_sc_hd__or4_4)
                                         accumulator._0065_ (net)
                  0.19    0.00   16.27 v accumulator._1206_/A (sky130_fd_sc_hd__or2_4)
     3    0.01    0.10    0.57   16.84 v accumulator._1206_/X (sky130_fd_sc_hd__or2_4)
                                         accumulator._0085_ (net)
                  0.10    0.00   16.84 v accumulator._1207_/B (sky130_fd_sc_hd__or2_4)
     4    0.01    0.10    0.50   17.34 v accumulator._1207_/X (sky130_fd_sc_hd__or2_4)
                                         accumulator._0095_ (net)
                  0.10    0.00   17.34 v accumulator._1240_/A (sky130_fd_sc_hd__and2_4)
     2    0.01    0.05    0.27   17.61 v accumulator._1240_/X (sky130_fd_sc_hd__and2_4)
                                         accumulator._0339_ (net)
                  0.05    0.00   17.61 v accumulator._1241_/C1 (sky130_fd_sc_hd__a311o_1)
     3    0.01    0.16    0.61   18.22 v accumulator._1241_/X (sky130_fd_sc_hd__a311o_1)
                                         accumulator._0340_ (net)
                  0.16    0.00   18.22 v accumulator._1255_/A2 (sky130_fd_sc_hd__a21o_1)
     2    0.01    0.09    0.40   18.62 v accumulator._1255_/X (sky130_fd_sc_hd__a21o_1)
                                         accumulator._0354_ (net)
                  0.09    0.00   18.62 v accumulator._1257_/A1 (sky130_fd_sc_hd__a211o_1)
     3    0.01    0.12    0.56   19.18 v accumulator._1257_/X (sky130_fd_sc_hd__a211o_1)
                                         accumulator._0356_ (net)
                  0.12    0.00   19.18 v rebuffer6/A (sky130_fd_sc_hd__dlymetal6s2s_1)
     3    0.01    0.12    0.37   19.55 v rebuffer6/X (sky130_fd_sc_hd__dlymetal6s2s_1)
                                         net63 (net)
                  0.12    0.00   19.55 v accumulator._1271_/A1 (sky130_fd_sc_hd__a21oi_2)
     3    0.02    0.37    0.42   19.97 ^ accumulator._1271_/Y (sky130_fd_sc_hd__a21oi_2)
                                         accumulator._0370_ (net)
                  0.37    0.00   19.97 ^ accumulator._1275_/A_N (sky130_fd_sc_hd__and2b_1)
     1    0.00    0.07    0.49   20.46 v accumulator._1275_/X (sky130_fd_sc_hd__and2b_1)
                                         accumulator._0374_ (net)
                  0.07    0.00   20.46 v accumulator._1276_/B1 (sky130_fd_sc_hd__a21o_1)
     2    0.01    0.10    0.33   20.80 v accumulator._1276_/X (sky130_fd_sc_hd__a21o_1)
                                         accumulator._0375_ (net)
                  0.10    0.00   20.80 v accumulator._1278_/A1 (sky130_fd_sc_hd__a21o_4)
     2    0.01    0.06    0.39   21.19 v accumulator._1278_/X (sky130_fd_sc_hd__a21o_4)
                                         accumulator._0377_ (net)
                  0.06    0.00   21.19 v accumulator._1284_/A1 (sky130_fd_sc_hd__a21o_1)
     2    0.01    0.09    0.33   21.52 v accumulator._1284_/X (sky130_fd_sc_hd__a21o_1)
                                         accumulator._0383_ (net)
                  0.09    0.00   21.52 v accumulator._1285_/A1 (sky130_fd_sc_hd__a21o_4)
     2    0.01    0.06    0.39   21.92 v accumulator._1285_/X (sky130_fd_sc_hd__a21o_4)
                                         accumulator._0384_ (net)
                  0.06    0.00   21.92 v accumulator._1290_/A1 (sky130_fd_sc_hd__a21o_1)
     2    0.01    0.12    0.36   22.28 v accumulator._1290_/X (sky130_fd_sc_hd__a21o_1)
                                         accumulator._0389_ (net)
                  0.12    0.00   22.28 v accumulator._1293_/A1 (sky130_fd_sc_hd__a21boi_4)
     3    0.03    0.44    0.48   22.76 ^ accumulator._1293_/Y (sky130_fd_sc_hd__a21boi_4)
                                         accumulator._0392_ (net)
                  0.44    0.00   22.76 ^ accumulator._1302_/B (sky130_fd_sc_hd__xor2_2)
     3    0.01    0.24    0.41   23.17 ^ accumulator._1302_/X (sky130_fd_sc_hd__xor2_2)
                                         accumulator._0401_ (net)
                  0.24    0.00   23.17 ^ rebuffer30/A (sky130_fd_sc_hd__clkbuf_2)
     1    0.00    0.05    0.26   23.43 ^ rebuffer30/X (sky130_fd_sc_hd__clkbuf_2)
                                         net87 (net)
                  0.05    0.00   23.43 ^ rebuffer25/A (sky130_fd_sc_hd__clkbuf_1)
     1    0.01    0.12    0.18   23.62 ^ rebuffer25/X (sky130_fd_sc_hd__clkbuf_1)
                                         net82 (net)
                  0.12    0.00   23.62 ^ accumulator._1303_/A (sky130_fd_sc_hd__buf_6)
     6    0.03    0.12    0.25   23.87 ^ accumulator._1303_/X (sky130_fd_sc_hd__buf_6)
                                         accumulator._0402_ (net)
                  0.12    0.00   23.87 ^ accumulator._1335_/S (sky130_fd_sc_hd__mux2_4)
     6    0.03    0.15    0.71   24.58 v accumulator._1335_/X (sky130_fd_sc_hd__mux2_4)
                                         accumulator._0432_ (net)
                  0.15    0.00   24.58 v accumulator._1381_/A (sky130_fd_sc_hd__buf_6)
     5    0.02    0.06    0.28   24.86 v accumulator._1381_/X (sky130_fd_sc_hd__buf_6)
                                         accumulator._0478_ (net)
                  0.06    0.00   24.86 v accumulator._1413_/A1 (sky130_fd_sc_hd__a21o_1)
     2    0.01    0.10    0.33   25.19 v accumulator._1413_/X (sky130_fd_sc_hd__a21o_1)
                                         accumulator._0510_ (net)
                  0.10    0.00   25.19 v accumulator._1568_/B (sky130_fd_sc_hd__and3_1)
     2    0.01    0.10    0.40   25.59 v accumulator._1568_/X (sky130_fd_sc_hd__and3_1)
                                         accumulator._0665_ (net)
                  0.10    0.00   25.59 v accumulator._1659_/A (sky130_fd_sc_hd__or2_4)
     1    0.00    0.08    0.49   26.08 v accumulator._1659_/X (sky130_fd_sc_hd__or2_4)
                                         accumulator._0756_ (net)
                  0.08    0.00   26.08 v accumulator._1660_/A1 (sky130_fd_sc_hd__mux2_4)
     2    0.01    0.10    0.53   26.61 v accumulator._1660_/X (sky130_fd_sc_hd__mux2_4)
                                         accumulator._0757_ (net)
                  0.10    0.00   26.61 v accumulator._1661_/B (sky130_fd_sc_hd__or2_4)
     1    0.01    0.09    0.48   27.09 v accumulator._1661_/X (sky130_fd_sc_hd__or2_4)
                                         accumulator._0758_ (net)
                  0.09    0.00   27.09 v accumulator._1667_/A2 (sky130_fd_sc_hd__a32o_2)
     4    0.03    0.17    0.63   27.72 v accumulator._1667_/X (sky130_fd_sc_hd__a32o_2)
                                         accumulator._0764_ (net)
                  0.17    0.00   27.72 v accumulator._1834_/A (sky130_fd_sc_hd__xnor2_4)
     3    0.02    0.30    0.39   28.11 ^ accumulator._1834_/Y (sky130_fd_sc_hd__xnor2_4)
                                         accumulator._0931_ (net)
                  0.30    0.00   28.11 ^ accumulator._1839_/A2 (sky130_fd_sc_hd__a311o_1)
     3    0.01    0.23    0.56   28.67 ^ accumulator._1839_/X (sky130_fd_sc_hd__a311o_1)
                                         accumulator._0936_ (net)
                  0.23    0.00   28.67 ^ accumulator._1842_/A2 (sky130_fd_sc_hd__a311o_1)
     2    0.01    0.28    0.58   29.25 ^ accumulator._1842_/X (sky130_fd_sc_hd__a311o_1)
                                         accumulator._0939_ (net)
                  0.28    0.00   29.25 ^ accumulator._1844_/A2 (sky130_fd_sc_hd__a31oi_4)
     3    0.01    0.16    0.28   29.53 v accumulator._1844_/Y (sky130_fd_sc_hd__a31oi_4)
                                         accumulator._0941_ (net)
                  0.16    0.00   29.53 v accumulator._1846_/A2 (sky130_fd_sc_hd__a211o_1)
     2    0.01    0.13    0.66   30.19 v accumulator._1846_/X (sky130_fd_sc_hd__a211o_1)
                                         accumulator._0943_ (net)
                  0.13    0.00   30.19 v accumulator._1847_/A2 (sky130_fd_sc_hd__a311o_1)
     3    0.01    0.20    0.76   30.95 v accumulator._1847_/X (sky130_fd_sc_hd__a311o_1)
                                         accumulator._0944_ (net)
                  0.20    0.00   30.95 v accumulator._1855_/A2 (sky130_fd_sc_hd__o311a_4)
     4    0.02    0.12    0.77   31.72 v accumulator._1855_/X (sky130_fd_sc_hd__o311a_4)
                                         accumulator._0952_ (net)
                  0.12    0.00   31.72 v accumulator._1866_/A2 (sky130_fd_sc_hd__o31ai_4)
     3    0.01    0.36    0.47   32.19 ^ accumulator._1866_/Y (sky130_fd_sc_hd__o31ai_4)
                                         accumulator._0963_ (net)
                  0.36    0.00   32.19 ^ accumulator._1867_/B (sky130_fd_sc_hd__nand3b_1)
     1    0.00    0.16    0.28   32.48 v accumulator._1867_/Y (sky130_fd_sc_hd__nand3b_1)
                                         accumulator._0964_ (net)
                  0.16    0.00   32.48 v accumulator._1868_/C1 (sky130_fd_sc_hd__o211a_1)
     3    0.01    0.16    0.34   32.81 v accumulator._1868_/X (sky130_fd_sc_hd__o211a_1)
                                         accumulator._0965_ (net)
                  0.16    0.00   32.81 v accumulator._1871_/A4 (sky130_fd_sc_hd__o41a_4)
     7    0.03    0.17    0.82   33.64 v accumulator._1871_/X (sky130_fd_sc_hd__o41a_4)
                                         accumulator._0968_ (net)
                  0.17    0.00   33.64 v accumulator._1872_/A (sky130_fd_sc_hd__and2_4)
     5    0.03    0.10    0.37   34.01 v accumulator._1872_/X (sky130_fd_sc_hd__and2_4)
                                         accumulator._0969_ (net)
                  0.10    0.00   34.01 v accumulator._2056_/A2 (sky130_fd_sc_hd__a22o_4)
     4    0.01    0.08    0.52   34.53 v accumulator._2056_/X (sky130_fd_sc_hd__a22o_4)
                                         accumulator._1153_ (net)
                  0.08    0.00   34.53 v accumulator._2070_/A1 (sky130_fd_sc_hd__o21ba_1)
     1    0.00    0.06    0.35   34.88 v accumulator._2070_/X (sky130_fd_sc_hd__o21ba_1)
                                         accumulator._1167_ (net)
                  0.06    0.00   34.88 v accumulator._2071_/A2 (sky130_fd_sc_hd__o21ba_1)
     1    0.00    0.06    0.32   35.19 v accumulator._2071_/X (sky130_fd_sc_hd__o21ba_1)
                                         accumulator._1168_ (net)
                  0.06    0.00   35.19 v accumulator._2072_/A1 (sky130_fd_sc_hd__o21ai_1)
     1    0.00    0.21    0.26   35.45 ^ accumulator._2072_/Y (sky130_fd_sc_hd__o21ai_1)
                                         accumulator._1169_ (net)
                  0.21    0.00   35.45 ^ accumulator._2073_/A2 (sky130_fd_sc_hd__a21oi_1)
     1    0.00    0.13    0.19   35.65 v accumulator._2073_/Y (sky130_fd_sc_hd__a21oi_1)
                                         accumulator._1170_ (net)
                  0.13    0.00   35.65 v accumulator._2074_/A2 (sky130_fd_sc_hd__o21ai_1)
     1    0.00    0.16    0.23   35.87 ^ accumulator._2074_/Y (sky130_fd_sc_hd__o21ai_1)
                                         accumulator._1171_ (net)
                  0.16    0.00   35.87 ^ accumulator._2075_/A2 (sky130_fd_sc_hd__a21o_1)
     1    0.00    0.07    0.26   36.13 ^ accumulator._2075_/X (sky130_fd_sc_hd__a21o_1)
                                         accumulator._1172_ (net)
                  0.07    0.00   36.13 ^ accumulator._2076_/A1 (sky130_fd_sc_hd__a21oi_1)
     1    0.00    0.12    0.13   36.26 v accumulator._2076_/Y (sky130_fd_sc_hd__a21oi_1)
                                         accumulator._1173_ (net)
                  0.12    0.00   36.26 v accumulator._2077_/A2 (sky130_fd_sc_hd__o21ai_1)
     1    0.00    0.18    0.23   36.50 ^ accumulator._2077_/Y (sky130_fd_sc_hd__o21ai_1)
                                         accumulator._1174_ (net)
                  0.18    0.00   36.50 ^ accumulator._2078_/A2 (sky130_fd_sc_hd__a21oi_1)
     1    0.00    0.12    0.18   36.68 v accumulator._2078_/Y (sky130_fd_sc_hd__a21oi_1)
                                         accumulator._1175_ (net)
                  0.12    0.00   36.68 v accumulator._2079_/A2 (sky130_fd_sc_hd__o21bai_1)
     1    0.00    0.19    0.25   36.92 ^ accumulator._2079_/Y (sky130_fd_sc_hd__o21bai_1)
                                         accumulator._1176_ (net)
                  0.19    0.00   36.92 ^ accumulator._2082_/A2 (sky130_fd_sc_hd__a21o_2)
     7    0.04    0.33    0.53   37.45 ^ accumulator._2082_/X (sky130_fd_sc_hd__a21o_2)
                                         accumulator._1180_ (net)
                  0.33    0.00   37.45 ^ accumulator._2083_/A (sky130_fd_sc_hd__nand2_4)
     5    0.04    0.19    0.28   37.74 v accumulator._2083_/Y (sky130_fd_sc_hd__nand2_4)
                                         accumulator._1181_ (net)
                  0.19    0.00   37.74 v clone18/A (sky130_fd_sc_hd__clkbuf_16)
     5    0.03    0.06    0.34   38.08 v clone18/X (sky130_fd_sc_hd__clkbuf_16)
                                         net75 (net)
                  0.06    0.00   38.08 v accumulator._2161_/S (sky130_fd_sc_hd__mux2_4)
     2    0.01    0.10    0.58   38.67 v accumulator._2161_/X (sky130_fd_sc_hd__mux2_4)
                                         accumulator._0096_ (net)
                  0.10    0.00   38.67 v accumulator._2224_/A0 (sky130_fd_sc_hd__mux2_4)
     1    0.01    0.09    0.53   39.20 v accumulator._2224_/X (sky130_fd_sc_hd__mux2_4)
                                         accumulator._0159_ (net)
                  0.09    0.00   39.20 v accumulator._2228_/A0 (sky130_fd_sc_hd__mux2_4)
     2    0.01    0.10    0.54   39.74 v accumulator._2228_/X (sky130_fd_sc_hd__mux2_4)
                                         accumulator._0163_ (net)
                  0.10    0.00   39.74 v accumulator._2298_/A0 (sky130_fd_sc_hd__mux2_4)
     1    0.01    0.10    0.55   40.29 v accumulator._2298_/X (sky130_fd_sc_hd__mux2_4)
                                         accumulator._0232_ (net)
                  0.10    0.00   40.29 v accumulator._2300_/A3 (sky130_fd_sc_hd__o311a_1)
     1    0.00    0.09    0.57   40.86 v accumulator._2300_/X (sky130_fd_sc_hd__o311a_1)
                                         accumulator._0021_ (net)
                  0.09    0.00   40.86 v accumulator._2420_/D (sky130_fd_sc_hd__dfxtp_1)
                                 40.86   data arrival time

                         20.00   20.00   clock clock (rise edge)
                          0.00   20.00   clock source latency
     1    0.02    0.15    0.10   20.10 ^ clock (in)
                                         clock (net)
                  0.15    0.00   20.10 ^ clkbuf_0_clock/A (sky130_fd_sc_hd__clkbuf_16)
     4    0.04    0.10    0.28   20.38 ^ clkbuf_0_clock/X (sky130_fd_sc_hd__clkbuf_16)
                                         clknet_0_clock (net)
                  0.10    0.00   20.38 ^ clkbuf_2_1__f_clock/A (sky130_fd_sc_hd__clkbuf_16)
    10    0.03    0.08    0.23   20.61 ^ clkbuf_2_1__f_clock/X (sky130_fd_sc_hd__clkbuf_16)
                                         clknet_2_1__leaf_clock (net)
                  0.08    0.00   20.61 ^ accumulator._2420_/CLK (sky130_fd_sc_hd__dfxtp_1)
                         -0.25   20.36   clock uncertainty
                          0.00   20.36   clock reconvergence pessimism
                         -0.27   20.09   library setup time
                                 20.09   data required time
-----------------------------------------------------------------------------
                                 20.09   data required time
                                -40.86   data arrival time
-----------------------------------------------------------------------------
                                -20.77   slack (VIOLATED)



======================= Typical Corner ===================================

Startpoint: io_inScaleA[7] (input port clocked by clock)
Endpoint: accumulator._2420_ (rising edge-triggered flip-flop clocked by clock)
Path Group: clock
Path Type: max
Corner: Typical

Fanout     Cap    Slew   Delay    Time   Description
-----------------------------------------------------------------------------
                          0.00    0.00   clock clock (rise edge)
                          0.00    0.00   clock network delay (propagated)
                          4.00    4.00 v input external delay
     1    0.00    0.01    0.01    4.01 v io_inScaleA[7] (in)
                                         io_inScaleA[7] (net)
                  0.01    0.00    4.01 v input16/A (sky130_fd_sc_hd__buf_6)
     5    0.03    0.04    0.12    4.13 v input16/X (sky130_fd_sc_hd__buf_6)
                                         net16 (net)
                  0.04    0.00    4.13 v scaleAdd._421_/A1 (sky130_fd_sc_hd__o21a_4)
     4    0.03    0.06    0.25    4.39 v scaleAdd._421_/X (sky130_fd_sc_hd__o21a_4)
                                         scaleAdd._002_ (net)
                  0.06    0.00    4.39 v scaleAdd._428_/A (sky130_fd_sc_hd__xor2_2)
     2    0.01    0.07    0.20    4.59 v scaleAdd._428_/X (sky130_fd_sc_hd__xor2_2)
                                         scaleAdd._009_ (net)
                  0.07    0.00    4.59 v scaleAdd._429_/B (sky130_fd_sc_hd__xnor2_2)
     2    0.01    0.08    0.17    4.76 v scaleAdd._429_/Y (sky130_fd_sc_hd__xnor2_2)
                                         scaleAdd._010_ (net)
                  0.08    0.00    4.76 v scaleAdd._431_/A (sky130_fd_sc_hd__xnor2_2)
     2    0.02    0.23    0.26    5.02 ^ scaleAdd._431_/Y (sky130_fd_sc_hd__xnor2_2)
                                         scaleAdd._012_ (net)
                  0.23    0.00    5.02 ^ scaleAdd._432_/B (sky130_fd_sc_hd__xnor2_2)
     2    0.02    0.24    0.19    5.21 ^ scaleAdd._432_/Y (sky130_fd_sc_hd__xnor2_2)
                                         scaleAdd._013_ (net)
                  0.24    0.00    5.21 ^ scaleAdd._435_/A (sky130_fd_sc_hd__xor2_2)
     2    0.01    0.18    0.23    5.44 ^ scaleAdd._435_/X (sky130_fd_sc_hd__xor2_2)
                                         scaleAdd._016_ (net)
                  0.18    0.00    5.44 ^ scaleAdd._436_/B (sky130_fd_sc_hd__xnor2_2)
     2    0.01    0.08    0.11    5.55 v scaleAdd._436_/Y (sky130_fd_sc_hd__xnor2_2)
                                         scaleAdd._017_ (net)
                  0.08    0.00    5.55 v scaleAdd._438_/A (sky130_fd_sc_hd__xnor2_2)
     2    0.01    0.20    0.24    5.79 ^ scaleAdd._438_/Y (sky130_fd_sc_hd__xnor2_2)
                                         scaleAdd._019_ (net)
                  0.20    0.00    5.79 ^ scaleAdd._439_/A (sky130_fd_sc_hd__xor2_2)
     5    0.03    0.36    0.36    6.15 ^ scaleAdd._439_/X (sky130_fd_sc_hd__xor2_2)
                                         scaleAdd._020_ (net)
                  0.36    0.00    6.15 ^ scaleAdd._521_/B (sky130_fd_sc_hd__nor2_2)
     1    0.01    0.08    0.09    6.24 v scaleAdd._521_/Y (sky130_fd_sc_hd__nor2_2)
                                         scaleAdd._100_ (net)
                  0.08    0.00    6.24 v scaleAdd._527_/A1 (sky130_fd_sc_hd__o31ai_4)
     4    0.02    0.34    0.40    6.64 ^ scaleAdd._527_/Y (sky130_fd_sc_hd__o31ai_4)
                                         scaleAdd._106_ (net)
                  0.34    0.00    6.64 ^ scaleAdd._561_/A2 (sky130_fd_sc_hd__a21oi_1)
     1    0.01    0.11    0.17    6.81 v scaleAdd._561_/Y (sky130_fd_sc_hd__a21oi_1)
                                         scaleAdd._139_ (net)
                  0.11    0.00    6.81 v scaleAdd._562_/B (sky130_fd_sc_hd__xnor2_2)
     5    0.03    0.37    0.36    7.17 ^ scaleAdd._562_/Y (sky130_fd_sc_hd__xnor2_2)
                                         scaleAdd._140_ (net)
                  0.37    0.00    7.17 ^ scaleAdd._563_/C (sky130_fd_sc_hd__and3_1)
     2    0.01    0.07    0.24    7.41 ^ scaleAdd._563_/X (sky130_fd_sc_hd__and3_1)
                                         scaleAdd._141_ (net)
                  0.07    0.00    7.41 ^ scaleAdd._565_/A_N (sky130_fd_sc_hd__and2b_1)
     1    0.01    0.04    0.20    7.60 v scaleAdd._565_/X (sky130_fd_sc_hd__and2b_1)
                                         scaleAdd._143_ (net)
                  0.04    0.00    7.60 v scaleAdd._566_/B (sky130_fd_sc_hd__xnor2_1)
     2    0.01    0.23    0.23    7.83 ^ scaleAdd._566_/Y (sky130_fd_sc_hd__xnor2_1)
                                         scaleAdd._144_ (net)
                  0.23    0.00    7.83 ^ scaleAdd._569_/A (sky130_fd_sc_hd__xor2_1)
     2    0.01    0.21    0.25    8.09 ^ scaleAdd._569_/X (sky130_fd_sc_hd__xor2_1)
                                         scaleAdd._147_ (net)
                  0.21    0.00    8.09 ^ scaleAdd._600_/A2 (sky130_fd_sc_hd__a21bo_1)
     2    0.01    0.09    0.19    8.27 ^ scaleAdd._600_/X (sky130_fd_sc_hd__a21bo_1)
                                         scaleAdd._177_ (net)
                  0.09    0.00    8.28 ^ scaleAdd._601_/B (sky130_fd_sc_hd__xor2_1)
     2    0.01    0.27    0.28    8.56 ^ scaleAdd._601_/X (sky130_fd_sc_hd__xor2_1)
                                         scaleAdd._178_ (net)
                  0.27    0.00    8.56 ^ scaleAdd._603_/C1 (sky130_fd_sc_hd__o311ai_4)
     3    0.01    0.11    0.16    8.71 v scaleAdd._603_/Y (sky130_fd_sc_hd__o311ai_4)
                                         scaleAdd._180_ (net)
                  0.11    0.00    8.71 v scaleAdd._652_/A2 (sky130_fd_sc_hd__a311o_1)
     4    0.02    0.11    0.42    9.13 v scaleAdd._652_/X (sky130_fd_sc_hd__a311o_1)
                                         scaleAdd._227_ (net)
                  0.11    0.00    9.13 v scaleAdd._688_/A2 (sky130_fd_sc_hd__a311o_1)
     3    0.02    0.12    0.43    9.56 v scaleAdd._688_/X (sky130_fd_sc_hd__a311o_1)
                                         scaleAdd._261_ (net)
                  0.12    0.00    9.56 v scaleAdd._691_/A (sky130_fd_sc_hd__and2_4)
     1    0.00    0.03    0.17    9.73 v scaleAdd._691_/X (sky130_fd_sc_hd__and2_4)
                                         scaleAdd._264_ (net)
                  0.03    0.00    9.73 v scaleAdd._692_/A (sky130_fd_sc_hd__buf_4)
     5    0.02    0.04    0.15    9.88 v scaleAdd._692_/X (sky130_fd_sc_hd__buf_4)
                                         accumulator.io_inMant[14] (net)
                  0.04    0.00    9.88 v accumulator._1204_/B (sky130_fd_sc_hd__or4_4)
     4    0.01    0.10    0.57   10.45 v accumulator._1204_/X (sky130_fd_sc_hd__or4_4)
                                         accumulator._0065_ (net)
                  0.10    0.00   10.45 v accumulator._1206_/A (sky130_fd_sc_hd__or2_4)
     3    0.01    0.06    0.29   10.74 v accumulator._1206_/X (sky130_fd_sc_hd__or2_4)
                                         accumulator._0085_ (net)
                  0.06    0.00   10.74 v accumulator._1207_/B (sky130_fd_sc_hd__or2_4)
     4    0.01    0.06    0.26   11.00 v accumulator._1207_/X (sky130_fd_sc_hd__or2_4)
                                         accumulator._0095_ (net)
                  0.06    0.00   11.00 v accumulator._1240_/A (sky130_fd_sc_hd__and2_4)
     2    0.01    0.03    0.15   11.14 v accumulator._1240_/X (sky130_fd_sc_hd__and2_4)
                                         accumulator._0339_ (net)
                  0.03    0.00   11.14 v accumulator._1241_/C1 (sky130_fd_sc_hd__a311o_1)
     3    0.01    0.09    0.32   11.47 v accumulator._1241_/X (sky130_fd_sc_hd__a311o_1)
                                         accumulator._0340_ (net)
                  0.09    0.00   11.47 v accumulator._1242_/A1 (sky130_fd_sc_hd__a32o_2)
     1    0.02    0.07    0.31   11.78 v accumulator._1242_/X (sky130_fd_sc_hd__a32o_2)
                                         accumulator._0341_ (net)
                  0.07    0.00   11.78 v accumulator._1244_/A (sky130_fd_sc_hd__xnor2_4)
     5    0.02    0.09    0.18   11.95 v accumulator._1244_/Y (sky130_fd_sc_hd__xnor2_4)
                                         accumulator._0343_ (net)
                  0.09    0.00   11.95 v accumulator._1263_/B (sky130_fd_sc_hd__and2_4)
     5    0.01    0.04    0.20   12.15 v accumulator._1263_/X (sky130_fd_sc_hd__and2_4)
                                         accumulator._0362_ (net)
                  0.04    0.00   12.15 v accumulator._1274_/D (sky130_fd_sc_hd__or4_4)
     2    0.01    0.09    0.44   12.59 v accumulator._1274_/X (sky130_fd_sc_hd__or4_4)
                                         accumulator._0373_ (net)
                  0.09    0.00   12.59 v accumulator._1276_/A2 (sky130_fd_sc_hd__a21o_1)
     2    0.01    0.05    0.22   12.81 v accumulator._1276_/X (sky130_fd_sc_hd__a21o_1)
                                         accumulator._0375_ (net)
                  0.05    0.00   12.81 v accumulator._1278_/A1 (sky130_fd_sc_hd__a21o_4)
     2    0.01    0.04    0.21   13.02 v accumulator._1278_/X (sky130_fd_sc_hd__a21o_4)
                                         accumulator._0377_ (net)
                  0.04    0.00   13.02 v accumulator._1284_/A1 (sky130_fd_sc_hd__a21o_1)
     2    0.01    0.05    0.17   13.19 v accumulator._1284_/X (sky130_fd_sc_hd__a21o_1)
                                         accumulator._0383_ (net)
                  0.05    0.00   13.19 v accumulator._1285_/A1 (sky130_fd_sc_hd__a21o_4)
     2    0.01    0.04    0.21   13.40 v accumulator._1285_/X (sky130_fd_sc_hd__a21o_4)
                                         accumulator._0384_ (net)
                  0.04    0.00   13.40 v accumulator._1290_/A1 (sky130_fd_sc_hd__a21o_1)
     2    0.01    0.07    0.19   13.59 v accumulator._1290_/X (sky130_fd_sc_hd__a21o_1)
                                         accumulator._0389_ (net)
                  0.07    0.00   13.59 v accumulator._1293_/A1 (sky130_fd_sc_hd__a21boi_4)
     3    0.03    0.28    0.29   13.88 ^ accumulator._1293_/Y (sky130_fd_sc_hd__a21boi_4)
                                         accumulator._0392_ (net)
                  0.28    0.00   13.88 ^ accumulator._1302_/B (sky130_fd_sc_hd__xor2_2)
     3    0.01    0.16    0.21   14.09 ^ accumulator._1302_/X (sky130_fd_sc_hd__xor2_2)
                                         accumulator._0401_ (net)
                  0.16    0.00   14.09 ^ rebuffer30/A (sky130_fd_sc_hd__clkbuf_2)
     1    0.00    0.03    0.13   14.23 ^ rebuffer30/X (sky130_fd_sc_hd__clkbuf_2)
                                         net87 (net)
                  0.03    0.00   14.23 ^ rebuffer25/A (sky130_fd_sc_hd__clkbuf_1)
     1    0.01    0.07    0.10   14.33 ^ rebuffer25/X (sky130_fd_sc_hd__clkbuf_1)
                                         net82 (net)
                  0.07    0.00   14.33 ^ accumulator._1303_/A (sky130_fd_sc_hd__buf_6)
     6    0.03    0.07    0.14   14.47 ^ accumulator._1303_/X (sky130_fd_sc_hd__buf_6)
                                         accumulator._0402_ (net)
                  0.07    0.00   14.47 ^ accumulator._1335_/S (sky130_fd_sc_hd__mux2_4)
     6    0.03    0.09    0.37   14.85 v accumulator._1335_/X (sky130_fd_sc_hd__mux2_4)
                                         accumulator._0432_ (net)
                  0.09    0.00   14.85 v accumulator._1381_/A (sky130_fd_sc_hd__buf_6)
     5    0.02    0.03    0.15   15.00 v accumulator._1381_/X (sky130_fd_sc_hd__buf_6)
                                         accumulator._0478_ (net)
                  0.03    0.00   15.00 v accumulator._1408_/A2 (sky130_fd_sc_hd__a21o_1)
     2    0.01    0.05    0.20   15.20 v accumulator._1408_/X (sky130_fd_sc_hd__a21o_1)
                                         accumulator._0505_ (net)
                  0.05    0.00   15.20 v accumulator._1568_/A (sky130_fd_sc_hd__and3_1)
     2    0.01    0.05    0.17   15.37 v accumulator._1568_/X (sky130_fd_sc_hd__and3_1)
                                         accumulator._0665_ (net)
                  0.05    0.00   15.37 v accumulator._1659_/A (sky130_fd_sc_hd__or2_4)
     1    0.00    0.04    0.25   15.62 v accumulator._1659_/X (sky130_fd_sc_hd__or2_4)
                                         accumulator._0756_ (net)
                  0.04    0.00   15.62 v accumulator._1660_/A1 (sky130_fd_sc_hd__mux2_4)
     2    0.01    0.06    0.28   15.91 v accumulator._1660_/X (sky130_fd_sc_hd__mux2_4)
                                         accumulator._0757_ (net)
                  0.06    0.00   15.91 v accumulator._1661_/B (sky130_fd_sc_hd__or2_4)
     1    0.01    0.05    0.25   16.15 v accumulator._1661_/X (sky130_fd_sc_hd__or2_4)
                                         accumulator._0758_ (net)
                  0.05    0.00   16.15 v accumulator._1667_/A2 (sky130_fd_sc_hd__a32o_2)
     4    0.03    0.10    0.35   16.50 v accumulator._1667_/X (sky130_fd_sc_hd__a32o_2)
                                         accumulator._0764_ (net)
                  0.10    0.00   16.50 v accumulator._1834_/A (sky130_fd_sc_hd__xnor2_4)
     3    0.02    0.19    0.24   16.74 ^ accumulator._1834_/Y (sky130_fd_sc_hd__xnor2_4)
                                         accumulator._0931_ (net)
                  0.19    0.00   16.74 ^ accumulator._1839_/A2 (sky130_fd_sc_hd__a311o_1)
     3    0.01    0.14    0.28   17.01 ^ accumulator._1839_/X (sky130_fd_sc_hd__a311o_1)
                                         accumulator._0936_ (net)
                  0.14    0.00   17.01 ^ accumulator._1842_/A2 (sky130_fd_sc_hd__a311o_1)
     2    0.01    0.17    0.28   17.30 ^ accumulator._1842_/X (sky130_fd_sc_hd__a311o_1)
                                         accumulator._0939_ (net)
                  0.17    0.00   17.30 ^ accumulator._1844_/A2 (sky130_fd_sc_hd__a31oi_4)
     3    0.01    0.09    0.13   17.42 v accumulator._1844_/Y (sky130_fd_sc_hd__a31oi_4)
                                         accumulator._0941_ (net)
                  0.09    0.00   17.43 v accumulator._1846_/A2 (sky130_fd_sc_hd__a211o_1)
     2    0.01    0.07    0.35   17.77 v accumulator._1846_/X (sky130_fd_sc_hd__a211o_1)
                                         accumulator._0943_ (net)
                  0.07    0.00   17.77 v accumulator._1847_/A2 (sky130_fd_sc_hd__a311o_1)
     3    0.01    0.11    0.40   18.17 v accumulator._1847_/X (sky130_fd_sc_hd__a311o_1)
                                         accumulator._0944_ (net)
                  0.11    0.00   18.17 v accumulator._1855_/A2 (sky130_fd_sc_hd__o311a_4)
     4    0.02    0.07    0.42   18.59 v accumulator._1855_/X (sky130_fd_sc_hd__o311a_4)
                                         accumulator._0952_ (net)
                  0.07    0.00   18.59 v accumulator._1866_/A2 (sky130_fd_sc_hd__o31ai_4)
     3    0.01    0.23    0.28   18.88 ^ accumulator._1866_/Y (sky130_fd_sc_hd__o31ai_4)
                                         accumulator._0963_ (net)
                  0.23    0.00   18.88 ^ accumulator._1867_/B (sky130_fd_sc_hd__nand3b_1)
     1    0.00    0.08    0.12   19.00 v accumulator._1867_/Y (sky130_fd_sc_hd__nand3b_1)
                                         accumulator._0964_ (net)
                  0.08    0.00   19.00 v accumulator._1868_/C1 (sky130_fd_sc_hd__o211a_1)
     3    0.01    0.08    0.17   19.17 v accumulator._1868_/X (sky130_fd_sc_hd__o211a_1)
                                         accumulator._0965_ (net)
                  0.08    0.00   19.17 v accumulator._1871_/A4 (sky130_fd_sc_hd__o41a_4)
     7    0.03    0.10    0.43   19.59 v accumulator._1871_/X (sky130_fd_sc_hd__o41a_4)
                                         accumulator._0968_ (net)
                  0.10    0.00   19.60 v accumulator._1872_/A (sky130_fd_sc_hd__and2_4)
     5    0.03    0.06    0.20   19.79 v accumulator._1872_/X (sky130_fd_sc_hd__and2_4)
                                         accumulator._0969_ (net)
                  0.06    0.00   19.80 v accumulator._2056_/A2 (sky130_fd_sc_hd__a22o_4)
     4    0.01    0.05    0.28   20.08 v accumulator._2056_/X (sky130_fd_sc_hd__a22o_4)
                                         accumulator._1153_ (net)
                  0.05    0.00   20.08 v accumulator._2070_/A1 (sky130_fd_sc_hd__o21ba_1)
     1    0.00    0.03    0.19   20.27 v accumulator._2070_/X (sky130_fd_sc_hd__o21ba_1)
                                         accumulator._1167_ (net)
                  0.03    0.00   20.27 v accumulator._2071_/A2 (sky130_fd_sc_hd__o21ba_1)
     1    0.00    0.03    0.16   20.43 v accumulator._2071_/X (sky130_fd_sc_hd__o21ba_1)
                                         accumulator._1168_ (net)
                  0.03    0.00   20.43 v accumulator._2072_/A1 (sky130_fd_sc_hd__o21ai_1)
     1    0.00    0.13    0.15   20.58 ^ accumulator._2072_/Y (sky130_fd_sc_hd__o21ai_1)
                                         accumulator._1169_ (net)
                  0.13    0.00   20.58 ^ accumulator._2073_/A2 (sky130_fd_sc_hd__a21oi_1)
     1    0.00    0.08    0.09   20.67 v accumulator._2073_/Y (sky130_fd_sc_hd__a21oi_1)
                                         accumulator._1170_ (net)
                  0.08    0.00   20.67 v accumulator._2074_/A2 (sky130_fd_sc_hd__o21ai_1)
     1    0.00    0.10    0.13   20.80 ^ accumulator._2074_/Y (sky130_fd_sc_hd__o21ai_1)
                                         accumulator._1171_ (net)
                  0.10    0.00   20.80 ^ accumulator._2075_/A2 (sky130_fd_sc_hd__a21o_1)
     1    0.00    0.04    0.13   20.92 ^ accumulator._2075_/X (sky130_fd_sc_hd__a21o_1)
                                         accumulator._1172_ (net)
                  0.04    0.00   20.92 ^ accumulator._2076_/A1 (sky130_fd_sc_hd__a21oi_1)
     1    0.00    0.08    0.06   20.98 v accumulator._2076_/Y (sky130_fd_sc_hd__a21oi_1)
                                         accumulator._1173_ (net)
                  0.08    0.00   20.98 v accumulator._2077_/A2 (sky130_fd_sc_hd__o21ai_1)
     1    0.00    0.11    0.14   21.12 ^ accumulator._2077_/Y (sky130_fd_sc_hd__o21ai_1)
                                         accumulator._1174_ (net)
                  0.11    0.00   21.12 ^ accumulator._2078_/A2 (sky130_fd_sc_hd__a21oi_1)
     1    0.00    0.08    0.08   21.20 v accumulator._2078_/Y (sky130_fd_sc_hd__a21oi_1)
                                         accumulator._1175_ (net)
                  0.08    0.00   21.20 v accumulator._2079_/A2 (sky130_fd_sc_hd__o21bai_1)
     1    0.00    0.12    0.14   21.34 ^ accumulator._2079_/Y (sky130_fd_sc_hd__o21bai_1)
                                         accumulator._1176_ (net)
                  0.12    0.00   21.34 ^ accumulator._2082_/A2 (sky130_fd_sc_hd__a21o_2)
     7    0.04    0.21    0.28   21.63 ^ accumulator._2082_/X (sky130_fd_sc_hd__a21o_2)
                                         accumulator._1180_ (net)
                  0.21    0.00   21.63 ^ accumulator._2083_/A (sky130_fd_sc_hd__nand2_4)
     5    0.04    0.11    0.14   21.76 v accumulator._2083_/Y (sky130_fd_sc_hd__nand2_4)
                                         accumulator._1181_ (net)
                  0.11    0.00   21.77 v clone18/A (sky130_fd_sc_hd__clkbuf_16)
     5    0.03    0.04    0.19   21.96 v clone18/X (sky130_fd_sc_hd__clkbuf_16)
                                         net75 (net)
                  0.04    0.00   21.96 v accumulator._2161_/S (sky130_fd_sc_hd__mux2_4)
     2    0.01    0.06    0.32   22.27 v accumulator._2161_/X (sky130_fd_sc_hd__mux2_4)
                                         accumulator._0096_ (net)
                  0.06    0.00   22.27 v accumulator._2224_/A0 (sky130_fd_sc_hd__mux2_4)
     1    0.01    0.05    0.29   22.56 v accumulator._2224_/X (sky130_fd_sc_hd__mux2_4)
                                         accumulator._0159_ (net)
                  0.05    0.00   22.56 v accumulator._2228_/A0 (sky130_fd_sc_hd__mux2_4)
     2    0.01    0.06    0.29   22.86 v accumulator._2228_/X (sky130_fd_sc_hd__mux2_4)
                                         accumulator._0163_ (net)
                  0.06    0.00   22.86 v accumulator._2298_/A0 (sky130_fd_sc_hd__mux2_4)
     1    0.01    0.06    0.29   23.15 v accumulator._2298_/X (sky130_fd_sc_hd__mux2_4)
                                         accumulator._0232_ (net)
                  0.06    0.00   23.15 v accumulator._2300_/A3 (sky130_fd_sc_hd__o311a_1)
     1    0.00    0.05    0.29   23.44 v accumulator._2300_/X (sky130_fd_sc_hd__o311a_1)
                                         accumulator._0021_ (net)
                  0.05    0.00   23.44 v accumulator._2420_/D (sky130_fd_sc_hd__dfxtp_1)
                                 23.44   data arrival time

                         20.00   20.00   clock clock (rise edge)
                          0.00   20.00   clock source latency
     1    0.02    0.10    0.06   20.06 ^ clock (in)
                                         clock (net)
                  0.10    0.00   20.06 ^ clkbuf_0_clock/A (sky130_fd_sc_hd__clkbuf_16)
     4    0.04    0.06    0.15   20.22 ^ clkbuf_0_clock/X (sky130_fd_sc_hd__clkbuf_16)
                                         clknet_0_clock (net)
                  0.06    0.00   20.22 ^ clkbuf_2_1__f_clock/A (sky130_fd_sc_hd__clkbuf_16)
    10    0.03    0.05    0.13   20.35 ^ clkbuf_2_1__f_clock/X (sky130_fd_sc_hd__clkbuf_16)
                                         clknet_2_1__leaf_clock (net)
                  0.05    0.00   20.35 ^ accumulator._2420_/CLK (sky130_fd_sc_hd__dfxtp_1)
                         -0.25   20.10   clock uncertainty
                          0.00   20.10   clock reconvergence pessimism
                         -0.11   19.99   library setup time
                                 19.99   data required time
-----------------------------------------------------------------------------
                                 19.99   data required time
                                -23.44   data arrival time
-----------------------------------------------------------------------------
                                 -3.45   slack (VIOLATED)




===========================================================================
report_checks --slack_max -0.01
============================================================================
======================= Fastest Corner ===================================

No paths found.

======================= Slowest Corner ===================================

Startpoint: io_inScaleA[7] (input port clocked by clock)
Endpoint: accumulator._2420_ (rising edge-triggered flip-flop clocked by clock)
Path Group: clock
Path Type: max
Corner: Slowest

Fanout     Cap    Slew   Delay    Time   Description
-----------------------------------------------------------------------------
                          0.00    0.00   clock clock (rise edge)
                          0.00    0.00   clock network delay (propagated)
                          4.00    4.00 v input external delay
     1    0.01    0.03    0.02    4.02 v io_inScaleA[7] (in)
                                         io_inScaleA[7] (net)
                  0.03    0.00    4.02 v input16/A (sky130_fd_sc_hd__buf_6)
     5    0.03    0.07    0.23    4.24 v input16/X (sky130_fd_sc_hd__buf_6)
                                         net16 (net)
                  0.07    0.00    4.24 v scaleAdd._421_/A1 (sky130_fd_sc_hd__o21a_4)
     4    0.03    0.11    0.48    4.72 v scaleAdd._421_/X (sky130_fd_sc_hd__o21a_4)
                                         scaleAdd._002_ (net)
                  0.11    0.00    4.72 v scaleAdd._428_/A (sky130_fd_sc_hd__xor2_2)
     2    0.01    0.14    0.38    5.10 v scaleAdd._428_/X (sky130_fd_sc_hd__xor2_2)
                                         scaleAdd._009_ (net)
                  0.14    0.00    5.10 v scaleAdd._429_/B (sky130_fd_sc_hd__xnor2_2)
     2    0.01    0.15    0.33    5.43 v scaleAdd._429_/Y (sky130_fd_sc_hd__xnor2_2)
                                         scaleAdd._010_ (net)
                  0.15    0.00    5.44 v scaleAdd._431_/A (sky130_fd_sc_hd__xnor2_2)
     2    0.02    0.37    0.44    5.88 ^ scaleAdd._431_/Y (sky130_fd_sc_hd__xnor2_2)
                                         scaleAdd._012_ (net)
                  0.37    0.00    5.88 ^ scaleAdd._432_/B (sky130_fd_sc_hd__xnor2_2)
     2    0.02    0.38    0.38    6.26 ^ scaleAdd._432_/Y (sky130_fd_sc_hd__xnor2_2)
                                         scaleAdd._013_ (net)
                  0.38    0.00    6.26 ^ scaleAdd._435_/A (sky130_fd_sc_hd__xor2_2)
     2    0.01    0.28    0.43    6.69 ^ scaleAdd._435_/X (sky130_fd_sc_hd__xor2_2)
                                         scaleAdd._016_ (net)
                  0.28    0.00    6.69 ^ scaleAdd._436_/B (sky130_fd_sc_hd__xnor2_2)
     2    0.01    0.31    0.33    7.02 ^ scaleAdd._436_/Y (sky130_fd_sc_hd__xnor2_2)
                                         scaleAdd._017_ (net)
                  0.31    0.00    7.02 ^ scaleAdd._438_/A (sky130_fd_sc_hd__xnor2_2)
     2    0.01    0.32    0.35    7.37 ^ scaleAdd._438_/Y (sky130_fd_sc_hd__xnor2_2)
                                         scaleAdd._019_ (net)
                  0.32    0.00    7.37 ^ scaleAdd._439_/A (sky130_fd_sc_hd__xor2_2)
     5    0.03    0.57    0.64    8.01 ^ scaleAdd._439_/X (sky130_fd_sc_hd__xor2_2)
                                         scaleAdd._020_ (net)
                  0.57    0.00    8.01 ^ scaleAdd._521_/B (sky130_fd_sc_hd__nor2_2)
     1    0.01    0.13    0.24    8.25 v scaleAdd._521_/Y (sky130_fd_sc_hd__nor2_2)
                                         scaleAdd._100_ (net)
                  0.13    0.00    8.25 v scaleAdd._527_/A1 (sky130_fd_sc_hd__o31ai_4)
     4    0.02    0.53    0.66    8.91 ^ scaleAdd._527_/Y (sky130_fd_sc_hd__o31ai_4)
                                         scaleAdd._106_ (net)
                  0.53    0.00    8.91 ^ scaleAdd._561_/A2 (sky130_fd_sc_hd__a21oi_1)
     1    0.01    0.21    0.39    9.30 v scaleAdd._561_/Y (sky130_fd_sc_hd__a21oi_1)
                                         scaleAdd._139_ (net)
                  0.21    0.00    9.30 v scaleAdd._562_/B (sky130_fd_sc_hd__xnor2_2)
     5    0.03    0.58    0.59    9.88 ^ scaleAdd._562_/Y (sky130_fd_sc_hd__xnor2_2)
                                         scaleAdd._140_ (net)
                  0.58    0.00    9.88 ^ scaleAdd._563_/C (sky130_fd_sc_hd__and3_1)
     2    0.01    0.12    0.51   10.40 ^ scaleAdd._563_/X (sky130_fd_sc_hd__and3_1)
                                         scaleAdd._141_ (net)
                  0.12    0.00   10.40 ^ scaleAdd._565_/A_N (sky130_fd_sc_hd__and2b_1)
     1    0.01    0.08    0.42   10.81 v scaleAdd._565_/X (sky130_fd_sc_hd__and2b_1)
                                         scaleAdd._143_ (net)
                  0.08    0.00   10.82 v scaleAdd._566_/B (sky130_fd_sc_hd__xnor2_1)
     2    0.01    0.38    0.39   11.20 ^ scaleAdd._566_/Y (sky130_fd_sc_hd__xnor2_1)
                                         scaleAdd._144_ (net)
                  0.38    0.00   11.20 ^ scaleAdd._569_/A (sky130_fd_sc_hd__xor2_1)
     2    0.01    0.34    0.48   11.68 ^ scaleAdd._569_/X (sky130_fd_sc_hd__xor2_1)
                                         scaleAdd._147_ (net)
                  0.34    0.00   11.68 ^ scaleAdd._570_/B (sky130_fd_sc_hd__xnor2_1)
     3    0.01    0.51    0.42   12.10 ^ scaleAdd._570_/Y (sky130_fd_sc_hd__xnor2_1)
                                         scaleAdd._148_ (net)
                  0.51    0.00   12.10 ^ scaleAdd._572_/B1 (sky130_fd_sc_hd__a21oi_2)
     4    0.02    0.15    0.26   12.36 v scaleAdd._572_/Y (sky130_fd_sc_hd__a21oi_2)
                                         scaleAdd._150_ (net)
                  0.15    0.00   12.36 v scaleAdd._603_/A3 (sky130_fd_sc_hd__o311ai_4)
     3    0.01    0.36    0.42   12.78 ^ scaleAdd._603_/Y (sky130_fd_sc_hd__o311ai_4)
                                         scaleAdd._180_ (net)
                  0.36    0.00   12.78 ^ scaleAdd._652_/A2 (sky130_fd_sc_hd__a311o_1)
     4    0.02    0.30    0.64   13.43 ^ scaleAdd._652_/X (sky130_fd_sc_hd__a311o_1)
                                         scaleAdd._227_ (net)
                  0.30    0.00   13.43 ^ scaleAdd._688_/A2 (sky130_fd_sc_hd__a311o_1)
     3    0.02    0.32    0.64   14.07 ^ scaleAdd._688_/X (sky130_fd_sc_hd__a311o_1)
                                         scaleAdd._261_ (net)
                  0.32    0.00   14.07 ^ scaleAdd._708_/A2 (sky130_fd_sc_hd__a31oi_4)
     2    0.01    0.17    0.30   14.36 v scaleAdd._708_/Y (sky130_fd_sc_hd__a31oi_4)
                                         scaleAdd._279_ (net)
                  0.17    0.00   14.36 v scaleAdd._711_/A2 (sky130_fd_sc_hd__a211o_1)
     4    0.01    0.16    0.70   15.06 v scaleAdd._711_/X (sky130_fd_sc_hd__a211o_1)
                                         accumulator.io_inMant[17] (net)
                  0.16    0.00   15.06 v accumulator._1204_/A (sky130_fd_sc_hd__or4_4)
     4    0.02    0.19    1.20   16.26 v accumulator._1204_/X (sky130_fd_sc_hd__or4_4)
                                         accumulator._0065_ (net)
                  0.19    0.00   16.27 v accumulator._1206_/A (sky130_fd_sc_hd__or2_4)
     3    0.01    0.10    0.57   16.84 v accumulator._1206_/X (sky130_fd_sc_hd__or2_4)
                                         accumulator._0085_ (net)
                  0.10    0.00   16.84 v accumulator._1207_/B (sky130_fd_sc_hd__or2_4)
     4    0.01    0.10    0.50   17.34 v accumulator._1207_/X (sky130_fd_sc_hd__or2_4)
                                         accumulator._0095_ (net)
                  0.10    0.00   17.34 v accumulator._1240_/A (sky130_fd_sc_hd__and2_4)
     2    0.01    0.05    0.27   17.61 v accumulator._1240_/X (sky130_fd_sc_hd__and2_4)
                                         accumulator._0339_ (net)
                  0.05    0.00   17.61 v accumulator._1241_/C1 (sky130_fd_sc_hd__a311o_1)
     3    0.01    0.16    0.61   18.22 v accumulator._1241_/X (sky130_fd_sc_hd__a311o_1)
                                         accumulator._0340_ (net)
                  0.16    0.00   18.22 v accumulator._1255_/A2 (sky130_fd_sc_hd__a21o_1)
     2    0.01    0.09    0.40   18.62 v accumulator._1255_/X (sky130_fd_sc_hd__a21o_1)
                                         accumulator._0354_ (net)
                  0.09    0.00   18.62 v accumulator._1257_/A1 (sky130_fd_sc_hd__a211o_1)
     3    0.01    0.12    0.56   19.18 v accumulator._1257_/X (sky130_fd_sc_hd__a211o_1)
                                         accumulator._0356_ (net)
                  0.12    0.00   19.18 v rebuffer6/A (sky130_fd_sc_hd__dlymetal6s2s_1)
     3    0.01    0.12    0.37   19.55 v rebuffer6/X (sky130_fd_sc_hd__dlymetal6s2s_1)
                                         net63 (net)
                  0.12    0.00   19.55 v accumulator._1271_/A1 (sky130_fd_sc_hd__a21oi_2)
     3    0.02    0.37    0.42   19.97 ^ accumulator._1271_/Y (sky130_fd_sc_hd__a21oi_2)
                                         accumulator._0370_ (net)
                  0.37    0.00   19.97 ^ accumulator._1275_/A_N (sky130_fd_sc_hd__and2b_1)
     1    0.00    0.07    0.49   20.46 v accumulator._1275_/X (sky130_fd_sc_hd__and2b_1)
                                         accumulator._0374_ (net)
                  0.07    0.00   20.46 v accumulator._1276_/B1 (sky130_fd_sc_hd__a21o_1)
     2    0.01    0.10    0.33   20.80 v accumulator._1276_/X (sky130_fd_sc_hd__a21o_1)
                                         accumulator._0375_ (net)
                  0.10    0.00   20.80 v accumulator._1278_/A1 (sky130_fd_sc_hd__a21o_4)
     2    0.01    0.06    0.39   21.19 v accumulator._1278_/X (sky130_fd_sc_hd__a21o_4)
                                         accumulator._0377_ (net)
                  0.06    0.00   21.19 v accumulator._1284_/A1 (sky130_fd_sc_hd__a21o_1)
     2    0.01    0.09    0.33   21.52 v accumulator._1284_/X (sky130_fd_sc_hd__a21o_1)
                                         accumulator._0383_ (net)
                  0.09    0.00   21.52 v accumulator._1285_/A1 (sky130_fd_sc_hd__a21o_4)
     2    0.01    0.06    0.39   21.92 v accumulator._1285_/X (sky130_fd_sc_hd__a21o_4)
                                         accumulator._0384_ (net)
                  0.06    0.00   21.92 v accumulator._1290_/A1 (sky130_fd_sc_hd__a21o_1)
     2    0.01    0.12    0.36   22.28 v accumulator._1290_/X (sky130_fd_sc_hd__a21o_1)
                                         accumulator._0389_ (net)
                  0.12    0.00   22.28 v accumulator._1293_/A1 (sky130_fd_sc_hd__a21boi_4)
     3    0.03    0.44    0.48   22.76 ^ accumulator._1293_/Y (sky130_fd_sc_hd__a21boi_4)
                                         accumulator._0392_ (net)
                  0.44    0.00   22.76 ^ accumulator._1302_/B (sky130_fd_sc_hd__xor2_2)
     3    0.01    0.24    0.41   23.17 ^ accumulator._1302_/X (sky130_fd_sc_hd__xor2_2)
                                         accumulator._0401_ (net)
                  0.24    0.00   23.17 ^ rebuffer30/A (sky130_fd_sc_hd__clkbuf_2)
     1    0.00    0.05    0.26   23.43 ^ rebuffer30/X (sky130_fd_sc_hd__clkbuf_2)
                                         net87 (net)
                  0.05    0.00   23.43 ^ rebuffer25/A (sky130_fd_sc_hd__clkbuf_1)
     1    0.01    0.12    0.18   23.62 ^ rebuffer25/X (sky130_fd_sc_hd__clkbuf_1)
                                         net82 (net)
                  0.12    0.00   23.62 ^ accumulator._1303_/A (sky130_fd_sc_hd__buf_6)
     6    0.03    0.12    0.25   23.87 ^ accumulator._1303_/X (sky130_fd_sc_hd__buf_6)
                                         accumulator._0402_ (net)
                  0.12    0.00   23.87 ^ accumulator._1335_/S (sky130_fd_sc_hd__mux2_4)
     6    0.03    0.15    0.71   24.58 v accumulator._1335_/X (sky130_fd_sc_hd__mux2_4)
                                         accumulator._0432_ (net)
                  0.15    0.00   24.58 v accumulator._1381_/A (sky130_fd_sc_hd__buf_6)
     5    0.02    0.06    0.28   24.86 v accumulator._1381_/X (sky130_fd_sc_hd__buf_6)
                                         accumulator._0478_ (net)
                  0.06    0.00   24.86 v accumulator._1413_/A1 (sky130_fd_sc_hd__a21o_1)
     2    0.01    0.10    0.33   25.19 v accumulator._1413_/X (sky130_fd_sc_hd__a21o_1)
                                         accumulator._0510_ (net)
                  0.10    0.00   25.19 v accumulator._1568_/B (sky130_fd_sc_hd__and3_1)
     2    0.01    0.10    0.40   25.59 v accumulator._1568_/X (sky130_fd_sc_hd__and3_1)
                                         accumulator._0665_ (net)
                  0.10    0.00   25.59 v accumulator._1659_/A (sky130_fd_sc_hd__or2_4)
     1    0.00    0.08    0.49   26.08 v accumulator._1659_/X (sky130_fd_sc_hd__or2_4)
                                         accumulator._0756_ (net)
                  0.08    0.00   26.08 v accumulator._1660_/A1 (sky130_fd_sc_hd__mux2_4)
     2    0.01    0.10    0.53   26.61 v accumulator._1660_/X (sky130_fd_sc_hd__mux2_4)
                                         accumulator._0757_ (net)
                  0.10    0.00   26.61 v accumulator._1661_/B (sky130_fd_sc_hd__or2_4)
     1    0.01    0.09    0.48   27.09 v accumulator._1661_/X (sky130_fd_sc_hd__or2_4)
                                         accumulator._0758_ (net)
                  0.09    0.00   27.09 v accumulator._1667_/A2 (sky130_fd_sc_hd__a32o_2)
     4    0.03    0.17    0.63   27.72 v accumulator._1667_/X (sky130_fd_sc_hd__a32o_2)
                                         accumulator._0764_ (net)
                  0.17    0.00   27.72 v accumulator._1834_/A (sky130_fd_sc_hd__xnor2_4)
     3    0.02    0.30    0.39   28.11 ^ accumulator._1834_/Y (sky130_fd_sc_hd__xnor2_4)
                                         accumulator._0931_ (net)
                  0.30    0.00   28.11 ^ accumulator._1839_/A2 (sky130_fd_sc_hd__a311o_1)
     3    0.01    0.23    0.56   28.67 ^ accumulator._1839_/X (sky130_fd_sc_hd__a311o_1)
                                         accumulator._0936_ (net)
                  0.23    0.00   28.67 ^ accumulator._1842_/A2 (sky130_fd_sc_hd__a311o_1)
     2    0.01    0.28    0.58   29.25 ^ accumulator._1842_/X (sky130_fd_sc_hd__a311o_1)
                                         accumulator._0939_ (net)
                  0.28    0.00   29.25 ^ accumulator._1844_/A2 (sky130_fd_sc_hd__a31oi_4)
     3    0.01    0.16    0.28   29.53 v accumulator._1844_/Y (sky130_fd_sc_hd__a31oi_4)
                                         accumulator._0941_ (net)
                  0.16    0.00   29.53 v accumulator._1846_/A2 (sky130_fd_sc_hd__a211o_1)
     2    0.01    0.13    0.66   30.19 v accumulator._1846_/X (sky130_fd_sc_hd__a211o_1)
                                         accumulator._0943_ (net)
                  0.13    0.00   30.19 v accumulator._1847_/A2 (sky130_fd_sc_hd__a311o_1)
     3    0.01    0.20    0.76   30.95 v accumulator._1847_/X (sky130_fd_sc_hd__a311o_1)
                                         accumulator._0944_ (net)
                  0.20    0.00   30.95 v accumulator._1855_/A2 (sky130_fd_sc_hd__o311a_4)
     4    0.02    0.12    0.77   31.72 v accumulator._1855_/X (sky130_fd_sc_hd__o311a_4)
                                         accumulator._0952_ (net)
                  0.12    0.00   31.72 v accumulator._1866_/A2 (sky130_fd_sc_hd__o31ai_4)
     3    0.01    0.36    0.47   32.19 ^ accumulator._1866_/Y (sky130_fd_sc_hd__o31ai_4)
                                         accumulator._0963_ (net)
                  0.36    0.00   32.19 ^ accumulator._1867_/B (sky130_fd_sc_hd__nand3b_1)
     1    0.00    0.16    0.28   32.48 v accumulator._1867_/Y (sky130_fd_sc_hd__nand3b_1)
                                         accumulator._0964_ (net)
                  0.16    0.00   32.48 v accumulator._1868_/C1 (sky130_fd_sc_hd__o211a_1)
     3    0.01    0.16    0.34   32.81 v accumulator._1868_/X (sky130_fd_sc_hd__o211a_1)
                                         accumulator._0965_ (net)
                  0.16    0.00   32.81 v accumulator._1871_/A4 (sky130_fd_sc_hd__o41a_4)
     7    0.03    0.17    0.82   33.64 v accumulator._1871_/X (sky130_fd_sc_hd__o41a_4)
                                         accumulator._0968_ (net)
                  0.17    0.00   33.64 v accumulator._1872_/A (sky130_fd_sc_hd__and2_4)
     5    0.03    0.10    0.37   34.01 v accumulator._1872_/X (sky130_fd_sc_hd__and2_4)
                                         accumulator._0969_ (net)
                  0.10    0.00   34.01 v accumulator._2056_/A2 (sky130_fd_sc_hd__a22o_4)
     4    0.01    0.08    0.52   34.53 v accumulator._2056_/X (sky130_fd_sc_hd__a22o_4)
                                         accumulator._1153_ (net)
                  0.08    0.00   34.53 v accumulator._2070_/A1 (sky130_fd_sc_hd__o21ba_1)
     1    0.00    0.06    0.35   34.88 v accumulator._2070_/X (sky130_fd_sc_hd__o21ba_1)
                                         accumulator._1167_ (net)
                  0.06    0.00   34.88 v accumulator._2071_/A2 (sky130_fd_sc_hd__o21ba_1)
     1    0.00    0.06    0.32   35.19 v accumulator._2071_/X (sky130_fd_sc_hd__o21ba_1)
                                         accumulator._1168_ (net)
                  0.06    0.00   35.19 v accumulator._2072_/A1 (sky130_fd_sc_hd__o21ai_1)
     1    0.00    0.21    0.26   35.45 ^ accumulator._2072_/Y (sky130_fd_sc_hd__o21ai_1)
                                         accumulator._1169_ (net)
                  0.21    0.00   35.45 ^ accumulator._2073_/A2 (sky130_fd_sc_hd__a21oi_1)
     1    0.00    0.13    0.19   35.65 v accumulator._2073_/Y (sky130_fd_sc_hd__a21oi_1)
                                         accumulator._1170_ (net)
                  0.13    0.00   35.65 v accumulator._2074_/A2 (sky130_fd_sc_hd__o21ai_1)
     1    0.00    0.16    0.23   35.87 ^ accumulator._2074_/Y (sky130_fd_sc_hd__o21ai_1)
                                         accumulator._1171_ (net)
                  0.16    0.00   35.87 ^ accumulator._2075_/A2 (sky130_fd_sc_hd__a21o_1)
     1    0.00    0.07    0.26   36.13 ^ accumulator._2075_/X (sky130_fd_sc_hd__a21o_1)
                                         accumulator._1172_ (net)
                  0.07    0.00   36.13 ^ accumulator._2076_/A1 (sky130_fd_sc_hd__a21oi_1)
     1    0.00    0.12    0.13   36.26 v accumulator._2076_/Y (sky130_fd_sc_hd__a21oi_1)
                                         accumulator._1173_ (net)
                  0.12    0.00   36.26 v accumulator._2077_/A2 (sky130_fd_sc_hd__o21ai_1)
     1    0.00    0.18    0.23   36.50 ^ accumulator._2077_/Y (sky130_fd_sc_hd__o21ai_1)
                                         accumulator._1174_ (net)
                  0.18    0.00   36.50 ^ accumulator._2078_/A2 (sky130_fd_sc_hd__a21oi_1)
     1    0.00    0.12    0.18   36.68 v accumulator._2078_/Y (sky130_fd_sc_hd__a21oi_1)
                                         accumulator._1175_ (net)
                  0.12    0.00   36.68 v accumulator._2079_/A2 (sky130_fd_sc_hd__o21bai_1)
     1    0.00    0.19    0.25   36.92 ^ accumulator._2079_/Y (sky130_fd_sc_hd__o21bai_1)
                                         accumulator._1176_ (net)
                  0.19    0.00   36.92 ^ accumulator._2082_/A2 (sky130_fd_sc_hd__a21o_2)
     7    0.04    0.33    0.53   37.45 ^ accumulator._2082_/X (sky130_fd_sc_hd__a21o_2)
                                         accumulator._1180_ (net)
                  0.33    0.00   37.45 ^ accumulator._2083_/A (sky130_fd_sc_hd__nand2_4)
     5    0.04    0.19    0.28   37.74 v accumulator._2083_/Y (sky130_fd_sc_hd__nand2_4)
                                         accumulator._1181_ (net)
                  0.19    0.00   37.74 v clone18/A (sky130_fd_sc_hd__clkbuf_16)
     5    0.03    0.06    0.34   38.08 v clone18/X (sky130_fd_sc_hd__clkbuf_16)
                                         net75 (net)
                  0.06    0.00   38.08 v accumulator._2161_/S (sky130_fd_sc_hd__mux2_4)
     2    0.01    0.10    0.58   38.67 v accumulator._2161_/X (sky130_fd_sc_hd__mux2_4)
                                         accumulator._0096_ (net)
                  0.10    0.00   38.67 v accumulator._2224_/A0 (sky130_fd_sc_hd__mux2_4)
     1    0.01    0.09    0.53   39.20 v accumulator._2224_/X (sky130_fd_sc_hd__mux2_4)
                                         accumulator._0159_ (net)
                  0.09    0.00   39.20 v accumulator._2228_/A0 (sky130_fd_sc_hd__mux2_4)
     2    0.01    0.10    0.54   39.74 v accumulator._2228_/X (sky130_fd_sc_hd__mux2_4)
                                         accumulator._0163_ (net)
                  0.10    0.00   39.74 v accumulator._2298_/A0 (sky130_fd_sc_hd__mux2_4)
     1    0.01    0.10    0.55   40.29 v accumulator._2298_/X (sky130_fd_sc_hd__mux2_4)
                                         accumulator._0232_ (net)
                  0.10    0.00   40.29 v accumulator._2300_/A3 (sky130_fd_sc_hd__o311a_1)
     1    0.00    0.09    0.57   40.86 v accumulator._2300_/X (sky130_fd_sc_hd__o311a_1)
                                         accumulator._0021_ (net)
                  0.09    0.00   40.86 v accumulator._2420_/D (sky130_fd_sc_hd__dfxtp_1)
                                 40.86   data arrival time

                         20.00   20.00   clock clock (rise edge)
                          0.00   20.00   clock source latency
     1    0.02    0.15    0.10   20.10 ^ clock (in)
                                         clock (net)
                  0.15    0.00   20.10 ^ clkbuf_0_clock/A (sky130_fd_sc_hd__clkbuf_16)
     4    0.04    0.10    0.28   20.38 ^ clkbuf_0_clock/X (sky130_fd_sc_hd__clkbuf_16)
                                         clknet_0_clock (net)
                  0.10    0.00   20.38 ^ clkbuf_2_1__f_clock/A (sky130_fd_sc_hd__clkbuf_16)
    10    0.03    0.08    0.23   20.61 ^ clkbuf_2_1__f_clock/X (sky130_fd_sc_hd__clkbuf_16)
                                         clknet_2_1__leaf_clock (net)
                  0.08    0.00   20.61 ^ accumulator._2420_/CLK (sky130_fd_sc_hd__dfxtp_1)
                         -0.25   20.36   clock uncertainty
                          0.00   20.36   clock reconvergence pessimism
                         -0.27   20.09   library setup time
                                 20.09   data required time
-----------------------------------------------------------------------------
                                 20.09   data required time
                                -40.86   data arrival time
-----------------------------------------------------------------------------
                                -20.77   slack (VIOLATED)



======================= Typical Corner ===================================

Startpoint: io_inScaleA[7] (input port clocked by clock)
Endpoint: accumulator._2420_ (rising edge-triggered flip-flop clocked by clock)
Path Group: clock
Path Type: max
Corner: Typical

Fanout     Cap    Slew   Delay    Time   Description
-----------------------------------------------------------------------------
                          0.00    0.00   clock clock (rise edge)
                          0.00    0.00   clock network delay (propagated)
                          4.00    4.00 v input external delay
     1    0.00    0.01    0.01    4.01 v io_inScaleA[7] (in)
                                         io_inScaleA[7] (net)
                  0.01    0.00    4.01 v input16/A (sky130_fd_sc_hd__buf_6)
     5    0.03    0.04    0.12    4.13 v input16/X (sky130_fd_sc_hd__buf_6)
                                         net16 (net)
                  0.04    0.00    4.13 v scaleAdd._421_/A1 (sky130_fd_sc_hd__o21a_4)
     4    0.03    0.06    0.25    4.39 v scaleAdd._421_/X (sky130_fd_sc_hd__o21a_4)
                                         scaleAdd._002_ (net)
                  0.06    0.00    4.39 v scaleAdd._428_/A (sky130_fd_sc_hd__xor2_2)
     2    0.01    0.07    0.20    4.59 v scaleAdd._428_/X (sky130_fd_sc_hd__xor2_2)
                                         scaleAdd._009_ (net)
                  0.07    0.00    4.59 v scaleAdd._429_/B (sky130_fd_sc_hd__xnor2_2)
     2    0.01    0.08    0.17    4.76 v scaleAdd._429_/Y (sky130_fd_sc_hd__xnor2_2)
                                         scaleAdd._010_ (net)
                  0.08    0.00    4.76 v scaleAdd._431_/A (sky130_fd_sc_hd__xnor2_2)
     2    0.02    0.23    0.26    5.02 ^ scaleAdd._431_/Y (sky130_fd_sc_hd__xnor2_2)
                                         scaleAdd._012_ (net)
                  0.23    0.00    5.02 ^ scaleAdd._432_/B (sky130_fd_sc_hd__xnor2_2)
     2    0.02    0.24    0.19    5.21 ^ scaleAdd._432_/Y (sky130_fd_sc_hd__xnor2_2)
                                         scaleAdd._013_ (net)
                  0.24    0.00    5.21 ^ scaleAdd._435_/A (sky130_fd_sc_hd__xor2_2)
     2    0.01    0.18    0.23    5.44 ^ scaleAdd._435_/X (sky130_fd_sc_hd__xor2_2)
                                         scaleAdd._016_ (net)
                  0.18    0.00    5.44 ^ scaleAdd._436_/B (sky130_fd_sc_hd__xnor2_2)
     2    0.01    0.08    0.11    5.55 v scaleAdd._436_/Y (sky130_fd_sc_hd__xnor2_2)
                                         scaleAdd._017_ (net)
                  0.08    0.00    5.55 v scaleAdd._438_/A (sky130_fd_sc_hd__xnor2_2)
     2    0.01    0.20    0.24    5.79 ^ scaleAdd._438_/Y (sky130_fd_sc_hd__xnor2_2)
                                         scaleAdd._019_ (net)
                  0.20    0.00    5.79 ^ scaleAdd._439_/A (sky130_fd_sc_hd__xor2_2)
     5    0.03    0.36    0.36    6.15 ^ scaleAdd._439_/X (sky130_fd_sc_hd__xor2_2)
                                         scaleAdd._020_ (net)
                  0.36    0.00    6.15 ^ scaleAdd._521_/B (sky130_fd_sc_hd__nor2_2)
     1    0.01    0.08    0.09    6.24 v scaleAdd._521_/Y (sky130_fd_sc_hd__nor2_2)
                                         scaleAdd._100_ (net)
                  0.08    0.00    6.24 v scaleAdd._527_/A1 (sky130_fd_sc_hd__o31ai_4)
     4    0.02    0.34    0.40    6.64 ^ scaleAdd._527_/Y (sky130_fd_sc_hd__o31ai_4)
                                         scaleAdd._106_ (net)
                  0.34    0.00    6.64 ^ scaleAdd._561_/A2 (sky130_fd_sc_hd__a21oi_1)
     1    0.01    0.11    0.17    6.81 v scaleAdd._561_/Y (sky130_fd_sc_hd__a21oi_1)
                                         scaleAdd._139_ (net)
                  0.11    0.00    6.81 v scaleAdd._562_/B (sky130_fd_sc_hd__xnor2_2)
     5    0.03    0.37    0.36    7.17 ^ scaleAdd._562_/Y (sky130_fd_sc_hd__xnor2_2)
                                         scaleAdd._140_ (net)
                  0.37    0.00    7.17 ^ scaleAdd._563_/C (sky130_fd_sc_hd__and3_1)
     2    0.01    0.07    0.24    7.41 ^ scaleAdd._563_/X (sky130_fd_sc_hd__and3_1)
                                         scaleAdd._141_ (net)
                  0.07    0.00    7.41 ^ scaleAdd._565_/A_N (sky130_fd_sc_hd__and2b_1)
     1    0.01    0.04    0.20    7.60 v scaleAdd._565_/X (sky130_fd_sc_hd__and2b_1)
                                         scaleAdd._143_ (net)
                  0.04    0.00    7.60 v scaleAdd._566_/B (sky130_fd_sc_hd__xnor2_1)
     2    0.01    0.23    0.23    7.83 ^ scaleAdd._566_/Y (sky130_fd_sc_hd__xnor2_1)
                                         scaleAdd._144_ (net)
                  0.23    0.00    7.83 ^ scaleAdd._569_/A (sky130_fd_sc_hd__xor2_1)
     2    0.01    0.21    0.25    8.09 ^ scaleAdd._569_/X (sky130_fd_sc_hd__xor2_1)
                                         scaleAdd._147_ (net)
                  0.21    0.00    8.09 ^ scaleAdd._600_/A2 (sky130_fd_sc_hd__a21bo_1)
     2    0.01    0.09    0.19    8.27 ^ scaleAdd._600_/X (sky130_fd_sc_hd__a21bo_1)
                                         scaleAdd._177_ (net)
                  0.09    0.00    8.28 ^ scaleAdd._601_/B (sky130_fd_sc_hd__xor2_1)
     2    0.01    0.27    0.28    8.56 ^ scaleAdd._601_/X (sky130_fd_sc_hd__xor2_1)
                                         scaleAdd._178_ (net)
                  0.27    0.00    8.56 ^ scaleAdd._603_/C1 (sky130_fd_sc_hd__o311ai_4)
     3    0.01    0.11    0.16    8.71 v scaleAdd._603_/Y (sky130_fd_sc_hd__o311ai_4)
                                         scaleAdd._180_ (net)
                  0.11    0.00    8.71 v scaleAdd._652_/A2 (sky130_fd_sc_hd__a311o_1)
     4    0.02    0.11    0.42    9.13 v scaleAdd._652_/X (sky130_fd_sc_hd__a311o_1)
                                         scaleAdd._227_ (net)
                  0.11    0.00    9.13 v scaleAdd._688_/A2 (sky130_fd_sc_hd__a311o_1)
     3    0.02    0.12    0.43    9.56 v scaleAdd._688_/X (sky130_fd_sc_hd__a311o_1)
                                         scaleAdd._261_ (net)
                  0.12    0.00    9.56 v scaleAdd._691_/A (sky130_fd_sc_hd__and2_4)
     1    0.00    0.03    0.17    9.73 v scaleAdd._691_/X (sky130_fd_sc_hd__and2_4)
                                         scaleAdd._264_ (net)
                  0.03    0.00    9.73 v scaleAdd._692_/A (sky130_fd_sc_hd__buf_4)
     5    0.02    0.04    0.15    9.88 v scaleAdd._692_/X (sky130_fd_sc_hd__buf_4)
                                         accumulator.io_inMant[14] (net)
                  0.04    0.00    9.88 v accumulator._1204_/B (sky130_fd_sc_hd__or4_4)
     4    0.01    0.10    0.57   10.45 v accumulator._1204_/X (sky130_fd_sc_hd__or4_4)
                                         accumulator._0065_ (net)
                  0.10    0.00   10.45 v accumulator._1206_/A (sky130_fd_sc_hd__or2_4)
     3    0.01    0.06    0.29   10.74 v accumulator._1206_/X (sky130_fd_sc_hd__or2_4)
                                         accumulator._0085_ (net)
                  0.06    0.00   10.74 v accumulator._1207_/B (sky130_fd_sc_hd__or2_4)
     4    0.01    0.06    0.26   11.00 v accumulator._1207_/X (sky130_fd_sc_hd__or2_4)
                                         accumulator._0095_ (net)
                  0.06    0.00   11.00 v accumulator._1240_/A (sky130_fd_sc_hd__and2_4)
     2    0.01    0.03    0.15   11.14 v accumulator._1240_/X (sky130_fd_sc_hd__and2_4)
                                         accumulator._0339_ (net)
                  0.03    0.00   11.14 v accumulator._1241_/C1 (sky130_fd_sc_hd__a311o_1)
     3    0.01    0.09    0.32   11.47 v accumulator._1241_/X (sky130_fd_sc_hd__a311o_1)
                                         accumulator._0340_ (net)
                  0.09    0.00   11.47 v accumulator._1242_/A1 (sky130_fd_sc_hd__a32o_2)
     1    0.02    0.07    0.31   11.78 v accumulator._1242_/X (sky130_fd_sc_hd__a32o_2)
                                         accumulator._0341_ (net)
                  0.07    0.00   11.78 v accumulator._1244_/A (sky130_fd_sc_hd__xnor2_4)
     5    0.02    0.09    0.18   11.95 v accumulator._1244_/Y (sky130_fd_sc_hd__xnor2_4)
                                         accumulator._0343_ (net)
                  0.09    0.00   11.95 v accumulator._1263_/B (sky130_fd_sc_hd__and2_4)
     5    0.01    0.04    0.20   12.15 v accumulator._1263_/X (sky130_fd_sc_hd__and2_4)
                                         accumulator._0362_ (net)
                  0.04    0.00   12.15 v accumulator._1274_/D (sky130_fd_sc_hd__or4_4)
     2    0.01    0.09    0.44   12.59 v accumulator._1274_/X (sky130_fd_sc_hd__or4_4)
                                         accumulator._0373_ (net)
                  0.09    0.00   12.59 v accumulator._1276_/A2 (sky130_fd_sc_hd__a21o_1)
     2    0.01    0.05    0.22   12.81 v accumulator._1276_/X (sky130_fd_sc_hd__a21o_1)
                                         accumulator._0375_ (net)
                  0.05    0.00   12.81 v accumulator._1278_/A1 (sky130_fd_sc_hd__a21o_4)
     2    0.01    0.04    0.21   13.02 v accumulator._1278_/X (sky130_fd_sc_hd__a21o_4)
                                         accumulator._0377_ (net)
                  0.04    0.00   13.02 v accumulator._1284_/A1 (sky130_fd_sc_hd__a21o_1)
     2    0.01    0.05    0.17   13.19 v accumulator._1284_/X (sky130_fd_sc_hd__a21o_1)
                                         accumulator._0383_ (net)
                  0.05    0.00   13.19 v accumulator._1285_/A1 (sky130_fd_sc_hd__a21o_4)
     2    0.01    0.04    0.21   13.40 v accumulator._1285_/X (sky130_fd_sc_hd__a21o_4)
                                         accumulator._0384_ (net)
                  0.04    0.00   13.40 v accumulator._1290_/A1 (sky130_fd_sc_hd__a21o_1)
     2    0.01    0.07    0.19   13.59 v accumulator._1290_/X (sky130_fd_sc_hd__a21o_1)
                                         accumulator._0389_ (net)
                  0.07    0.00   13.59 v accumulator._1293_/A1 (sky130_fd_sc_hd__a21boi_4)
     3    0.03    0.28    0.29   13.88 ^ accumulator._1293_/Y (sky130_fd_sc_hd__a21boi_4)
                                         accumulator._0392_ (net)
                  0.28    0.00   13.88 ^ accumulator._1302_/B (sky130_fd_sc_hd__xor2_2)
     3    0.01    0.16    0.21   14.09 ^ accumulator._1302_/X (sky130_fd_sc_hd__xor2_2)
                                         accumulator._0401_ (net)
                  0.16    0.00   14.09 ^ rebuffer30/A (sky130_fd_sc_hd__clkbuf_2)
     1    0.00    0.03    0.13   14.23 ^ rebuffer30/X (sky130_fd_sc_hd__clkbuf_2)
                                         net87 (net)
                  0.03    0.00   14.23 ^ rebuffer25/A (sky130_fd_sc_hd__clkbuf_1)
     1    0.01    0.07    0.10   14.33 ^ rebuffer25/X (sky130_fd_sc_hd__clkbuf_1)
                                         net82 (net)
                  0.07    0.00   14.33 ^ accumulator._1303_/A (sky130_fd_sc_hd__buf_6)
     6    0.03    0.07    0.14   14.47 ^ accumulator._1303_/X (sky130_fd_sc_hd__buf_6)
                                         accumulator._0402_ (net)
                  0.07    0.00   14.47 ^ accumulator._1335_/S (sky130_fd_sc_hd__mux2_4)
     6    0.03    0.09    0.37   14.85 v accumulator._1335_/X (sky130_fd_sc_hd__mux2_4)
                                         accumulator._0432_ (net)
                  0.09    0.00   14.85 v accumulator._1381_/A (sky130_fd_sc_hd__buf_6)
     5    0.02    0.03    0.15   15.00 v accumulator._1381_/X (sky130_fd_sc_hd__buf_6)
                                         accumulator._0478_ (net)
                  0.03    0.00   15.00 v accumulator._1408_/A2 (sky130_fd_sc_hd__a21o_1)
     2    0.01    0.05    0.20   15.20 v accumulator._1408_/X (sky130_fd_sc_hd__a21o_1)
                                         accumulator._0505_ (net)
                  0.05    0.00   15.20 v accumulator._1568_/A (sky130_fd_sc_hd__and3_1)
     2    0.01    0.05    0.17   15.37 v accumulator._1568_/X (sky130_fd_sc_hd__and3_1)
                                         accumulator._0665_ (net)
                  0.05    0.00   15.37 v accumulator._1659_/A (sky130_fd_sc_hd__or2_4)
     1    0.00    0.04    0.25   15.62 v accumulator._1659_/X (sky130_fd_sc_hd__or2_4)
                                         accumulator._0756_ (net)
                  0.04    0.00   15.62 v accumulator._1660_/A1 (sky130_fd_sc_hd__mux2_4)
     2    0.01    0.06    0.28   15.91 v accumulator._1660_/X (sky130_fd_sc_hd__mux2_4)
                                         accumulator._0757_ (net)
                  0.06    0.00   15.91 v accumulator._1661_/B (sky130_fd_sc_hd__or2_4)
     1    0.01    0.05    0.25   16.15 v accumulator._1661_/X (sky130_fd_sc_hd__or2_4)
                                         accumulator._0758_ (net)
                  0.05    0.00   16.15 v accumulator._1667_/A2 (sky130_fd_sc_hd__a32o_2)
     4    0.03    0.10    0.35   16.50 v accumulator._1667_/X (sky130_fd_sc_hd__a32o_2)
                                         accumulator._0764_ (net)
                  0.10    0.00   16.50 v accumulator._1834_/A (sky130_fd_sc_hd__xnor2_4)
     3    0.02    0.19    0.24   16.74 ^ accumulator._1834_/Y (sky130_fd_sc_hd__xnor2_4)
                                         accumulator._0931_ (net)
                  0.19    0.00   16.74 ^ accumulator._1839_/A2 (sky130_fd_sc_hd__a311o_1)
     3    0.01    0.14    0.28   17.01 ^ accumulator._1839_/X (sky130_fd_sc_hd__a311o_1)
                                         accumulator._0936_ (net)
                  0.14    0.00   17.01 ^ accumulator._1842_/A2 (sky130_fd_sc_hd__a311o_1)
     2    0.01    0.17    0.28   17.30 ^ accumulator._1842_/X (sky130_fd_sc_hd__a311o_1)
                                         accumulator._0939_ (net)
                  0.17    0.00   17.30 ^ accumulator._1844_/A2 (sky130_fd_sc_hd__a31oi_4)
     3    0.01    0.09    0.13   17.42 v accumulator._1844_/Y (sky130_fd_sc_hd__a31oi_4)
                                         accumulator._0941_ (net)
                  0.09    0.00   17.43 v accumulator._1846_/A2 (sky130_fd_sc_hd__a211o_1)
     2    0.01    0.07    0.35   17.77 v accumulator._1846_/X (sky130_fd_sc_hd__a211o_1)
                                         accumulator._0943_ (net)
                  0.07    0.00   17.77 v accumulator._1847_/A2 (sky130_fd_sc_hd__a311o_1)
     3    0.01    0.11    0.40   18.17 v accumulator._1847_/X (sky130_fd_sc_hd__a311o_1)
                                         accumulator._0944_ (net)
                  0.11    0.00   18.17 v accumulator._1855_/A2 (sky130_fd_sc_hd__o311a_4)
     4    0.02    0.07    0.42   18.59 v accumulator._1855_/X (sky130_fd_sc_hd__o311a_4)
                                         accumulator._0952_ (net)
                  0.07    0.00   18.59 v accumulator._1866_/A2 (sky130_fd_sc_hd__o31ai_4)
     3    0.01    0.23    0.28   18.88 ^ accumulator._1866_/Y (sky130_fd_sc_hd__o31ai_4)
                                         accumulator._0963_ (net)
                  0.23    0.00   18.88 ^ accumulator._1867_/B (sky130_fd_sc_hd__nand3b_1)
     1    0.00    0.08    0.12   19.00 v accumulator._1867_/Y (sky130_fd_sc_hd__nand3b_1)
                                         accumulator._0964_ (net)
                  0.08    0.00   19.00 v accumulator._1868_/C1 (sky130_fd_sc_hd__o211a_1)
     3    0.01    0.08    0.17   19.17 v accumulator._1868_/X (sky130_fd_sc_hd__o211a_1)
                                         accumulator._0965_ (net)
                  0.08    0.00   19.17 v accumulator._1871_/A4 (sky130_fd_sc_hd__o41a_4)
     7    0.03    0.10    0.43   19.59 v accumulator._1871_/X (sky130_fd_sc_hd__o41a_4)
                                         accumulator._0968_ (net)
                  0.10    0.00   19.60 v accumulator._1872_/A (sky130_fd_sc_hd__and2_4)
     5    0.03    0.06    0.20   19.79 v accumulator._1872_/X (sky130_fd_sc_hd__and2_4)
                                         accumulator._0969_ (net)
                  0.06    0.00   19.80 v accumulator._2056_/A2 (sky130_fd_sc_hd__a22o_4)
     4    0.01    0.05    0.28   20.08 v accumulator._2056_/X (sky130_fd_sc_hd__a22o_4)
                                         accumulator._1153_ (net)
                  0.05    0.00   20.08 v accumulator._2070_/A1 (sky130_fd_sc_hd__o21ba_1)
     1    0.00    0.03    0.19   20.27 v accumulator._2070_/X (sky130_fd_sc_hd__o21ba_1)
                                         accumulator._1167_ (net)
                  0.03    0.00   20.27 v accumulator._2071_/A2 (sky130_fd_sc_hd__o21ba_1)
     1    0.00    0.03    0.16   20.43 v accumulator._2071_/X (sky130_fd_sc_hd__o21ba_1)
                                         accumulator._1168_ (net)
                  0.03    0.00   20.43 v accumulator._2072_/A1 (sky130_fd_sc_hd__o21ai_1)
     1    0.00    0.13    0.15   20.58 ^ accumulator._2072_/Y (sky130_fd_sc_hd__o21ai_1)
                                         accumulator._1169_ (net)
                  0.13    0.00   20.58 ^ accumulator._2073_/A2 (sky130_fd_sc_hd__a21oi_1)
     1    0.00    0.08    0.09   20.67 v accumulator._2073_/Y (sky130_fd_sc_hd__a21oi_1)
                                         accumulator._1170_ (net)
                  0.08    0.00   20.67 v accumulator._2074_/A2 (sky130_fd_sc_hd__o21ai_1)
     1    0.00    0.10    0.13   20.80 ^ accumulator._2074_/Y (sky130_fd_sc_hd__o21ai_1)
                                         accumulator._1171_ (net)
                  0.10    0.00   20.80 ^ accumulator._2075_/A2 (sky130_fd_sc_hd__a21o_1)
     1    0.00    0.04    0.13   20.92 ^ accumulator._2075_/X (sky130_fd_sc_hd__a21o_1)
                                         accumulator._1172_ (net)
                  0.04    0.00   20.92 ^ accumulator._2076_/A1 (sky130_fd_sc_hd__a21oi_1)
     1    0.00    0.08    0.06   20.98 v accumulator._2076_/Y (sky130_fd_sc_hd__a21oi_1)
                                         accumulator._1173_ (net)
                  0.08    0.00   20.98 v accumulator._2077_/A2 (sky130_fd_sc_hd__o21ai_1)
     1    0.00    0.11    0.14   21.12 ^ accumulator._2077_/Y (sky130_fd_sc_hd__o21ai_1)
                                         accumulator._1174_ (net)
                  0.11    0.00   21.12 ^ accumulator._2078_/A2 (sky130_fd_sc_hd__a21oi_1)
     1    0.00    0.08    0.08   21.20 v accumulator._2078_/Y (sky130_fd_sc_hd__a21oi_1)
                                         accumulator._1175_ (net)
                  0.08    0.00   21.20 v accumulator._2079_/A2 (sky130_fd_sc_hd__o21bai_1)
     1    0.00    0.12    0.14   21.34 ^ accumulator._2079_/Y (sky130_fd_sc_hd__o21bai_1)
                                         accumulator._1176_ (net)
                  0.12    0.00   21.34 ^ accumulator._2082_/A2 (sky130_fd_sc_hd__a21o_2)
     7    0.04    0.21    0.28   21.63 ^ accumulator._2082_/X (sky130_fd_sc_hd__a21o_2)
                                         accumulator._1180_ (net)
                  0.21    0.00   21.63 ^ accumulator._2083_/A (sky130_fd_sc_hd__nand2_4)
     5    0.04    0.11    0.14   21.76 v accumulator._2083_/Y (sky130_fd_sc_hd__nand2_4)
                                         accumulator._1181_ (net)
                  0.11    0.00   21.77 v clone18/A (sky130_fd_sc_hd__clkbuf_16)
     5    0.03    0.04    0.19   21.96 v clone18/X (sky130_fd_sc_hd__clkbuf_16)
                                         net75 (net)
                  0.04    0.00   21.96 v accumulator._2161_/S (sky130_fd_sc_hd__mux2_4)
     2    0.01    0.06    0.32   22.27 v accumulator._2161_/X (sky130_fd_sc_hd__mux2_4)
                                         accumulator._0096_ (net)
                  0.06    0.00   22.27 v accumulator._2224_/A0 (sky130_fd_sc_hd__mux2_4)
     1    0.01    0.05    0.29   22.56 v accumulator._2224_/X (sky130_fd_sc_hd__mux2_4)
                                         accumulator._0159_ (net)
                  0.05    0.00   22.56 v accumulator._2228_/A0 (sky130_fd_sc_hd__mux2_4)
     2    0.01    0.06    0.29   22.86 v accumulator._2228_/X (sky130_fd_sc_hd__mux2_4)
                                         accumulator._0163_ (net)
                  0.06    0.00   22.86 v accumulator._2298_/A0 (sky130_fd_sc_hd__mux2_4)
     1    0.01    0.06    0.29   23.15 v accumulator._2298_/X (sky130_fd_sc_hd__mux2_4)
                                         accumulator._0232_ (net)
                  0.06    0.00   23.15 v accumulator._2300_/A3 (sky130_fd_sc_hd__o311a_1)
     1    0.00    0.05    0.29   23.44 v accumulator._2300_/X (sky130_fd_sc_hd__o311a_1)
                                         accumulator._0021_ (net)
                  0.05    0.00   23.44 v accumulator._2420_/D (sky130_fd_sc_hd__dfxtp_1)
                                 23.44   data arrival time

                         20.00   20.00   clock clock (rise edge)
                          0.00   20.00   clock source latency
     1    0.02    0.10    0.06   20.06 ^ clock (in)
                                         clock (net)
                  0.10    0.00   20.06 ^ clkbuf_0_clock/A (sky130_fd_sc_hd__clkbuf_16)
     4    0.04    0.06    0.15   20.22 ^ clkbuf_0_clock/X (sky130_fd_sc_hd__clkbuf_16)
                                         clknet_0_clock (net)
                  0.06    0.00   20.22 ^ clkbuf_2_1__f_clock/A (sky130_fd_sc_hd__clkbuf_16)
    10    0.03    0.05    0.13   20.35 ^ clkbuf_2_1__f_clock/X (sky130_fd_sc_hd__clkbuf_16)
                                         clknet_2_1__leaf_clock (net)
                  0.05    0.00   20.35 ^ accumulator._2420_/CLK (sky130_fd_sc_hd__dfxtp_1)
                         -0.25   20.10   clock uncertainty
                          0.00   20.10   clock reconvergence pessimism
                         -0.11   19.99   library setup time
                                 19.99   data required time
-----------------------------------------------------------------------------
                                 19.99   data required time
                                -23.44   data arrival time
-----------------------------------------------------------------------------
                                 -3.45   slack (VIOLATED)




===========================================================================
 report_check_types -max_slew -max_cap -max_fanout -violators
============================================================================
======================= Fastest Corner ===================================


max slew violations count Fastest: 0
max fanout violations count Fastest: 0
max cap violations count Fastest: 0
======================= Slowest Corner ===================================


max slew violations count Slowest: 0
max fanout violations count Slowest: 0
max cap violations count Slowest: 0
======================= Typical Corner ===================================


max slew violations count Typical: 0
max fanout violations count Typical: 0
max cap violations count Typical: 0

===========================================================================
report_parasitic_annotation -report_unannotated
============================================================================
Found 11 unannotated drivers.
 io_inScaleB[0]
 io_inScaleB[1]
 io_inScaleB[2]
 io_inScaleB[3]
 io_inScaleB[4]
 io_inScaleB[5]
 clkload0/Y
 clkload1/X
 clkload2/Y
 scaleAdd._736__56/HI
 scaleAdd._737__57/HI
Found 0 partially unannotated drivers.

===========================================================================
max slew violation count 0
max fanout violation count 0
max cap violation count 0
============================================================================

===========================================================================
check_setup -verbose -unconstrained_endpoints -multiple_clock -no_clock -no_input_delay -loops -generated_clocks
===========================================================================
