
===========================================================================
report_checks -unconstrained
===========================================================================
======================= Fastest Corner ===================================

Startpoint: io_inScaleA[7] (input port clocked by clock)
Endpoint: _3113_ (rising edge-triggered flip-flop clocked by clock)
Path Group: clock
Path Type: max
Corner: Fastest

Fanout     Cap    Slew   Delay    Time   Description
-----------------------------------------------------------------------------
                          0.00    0.00   clock clock (rise edge)
                          0.00    0.00   clock network delay (propagated)
                          2.00    2.00 v input external delay
     1    0.01    0.01    0.00    2.00 v io_inScaleA[7] (in)
                                         io_inScaleA[7] (net)
                  0.01    0.00    2.00 v input16/A (sky130_fd_sc_hd__buf_6)
     5    0.02    0.02    0.08    2.08 v input16/X (sky130_fd_sc_hd__buf_6)
                                         net16 (net)
                  0.02    0.00    2.08 v _1585_/A1 (sky130_fd_sc_hd__o21ai_4)
     5    0.04    0.24    0.22    2.30 ^ _1585_/Y (sky130_fd_sc_hd__o21ai_4)
                                         _0419_ (net)
                  0.24    0.00    2.30 ^ _1595_/A (sky130_fd_sc_hd__xnor2_2)
     1    0.02    0.08    0.09    2.39 v _1595_/Y (sky130_fd_sc_hd__xnor2_2)
                                         _0521_ (net)
                  0.08    0.00    2.39 v _1596_/B (sky130_fd_sc_hd__xnor2_4)
     2    0.01    0.06    0.12    2.51 v _1596_/Y (sky130_fd_sc_hd__xnor2_4)
                                         _0530_ (net)
                  0.06    0.00    2.51 v _1597_/B (sky130_fd_sc_hd__xnor2_2)
     2    0.01    0.07    0.11    2.62 v _1597_/Y (sky130_fd_sc_hd__xnor2_2)
                                         _0540_ (net)
                  0.07    0.00    2.62 v _1621_/B (sky130_fd_sc_hd__or3_4)
     1    0.00    0.04    0.24    2.86 v _1621_/X (sky130_fd_sc_hd__or3_4)
                                         _0705_ (net)
                  0.04    0.00    2.86 v _1622_/B1_N (sky130_fd_sc_hd__a21bo_4)
     2    0.01    0.05    0.14    3.00 ^ _1622_/X (sky130_fd_sc_hd__a21bo_4)
                                         _0706_ (net)
                  0.05    0.00    3.00 ^ _1626_/A (sky130_fd_sc_hd__xor2_2)
     2    0.01    0.14    0.13    3.13 ^ _1626_/X (sky130_fd_sc_hd__xor2_2)
                                         _0710_ (net)
                  0.14    0.00    3.13 ^ _1637_/B (sky130_fd_sc_hd__nand2_1)
     2    0.01    0.05    0.06    3.18 v _1637_/Y (sky130_fd_sc_hd__nand2_1)
                                         _0721_ (net)
                  0.05    0.00    3.18 v _1647_/A2 (sky130_fd_sc_hd__a21oi_1)
     3    0.01    0.23    0.22    3.41 ^ _1647_/Y (sky130_fd_sc_hd__a21oi_1)
                                         _0731_ (net)
                  0.23    0.00    3.41 ^ _1649_/A (sky130_fd_sc_hd__nor2_1)
     2    0.01    0.08    0.08    3.49 v _1649_/Y (sky130_fd_sc_hd__nor2_1)
                                         _0733_ (net)
                  0.08    0.00    3.49 v _1650_/B (sky130_fd_sc_hd__xnor2_1)
     2    0.01    0.22    0.22    3.71 ^ _1650_/Y (sky130_fd_sc_hd__xnor2_1)
                                         _0734_ (net)
                  0.22    0.00    3.71 ^ _1651_/B1 (sky130_fd_sc_hd__o21ai_4)
     6    0.02    0.07    0.05    3.76 v _1651_/Y (sky130_fd_sc_hd__o21ai_4)
                                         _0735_ (net)
                  0.07    0.00    3.76 v _1687_/B (sky130_fd_sc_hd__and3_1)
     2    0.01    0.03    0.13    3.89 v _1687_/X (sky130_fd_sc_hd__and3_1)
                                         _0771_ (net)
                  0.03    0.00    3.89 v _1688_/B (sky130_fd_sc_hd__or2_4)
     3    0.01    0.04    0.16    4.05 v _1688_/X (sky130_fd_sc_hd__or2_4)
                                         _0772_ (net)
                  0.04    0.00    4.05 v _1689_/B (sky130_fd_sc_hd__or2_4)
     2    0.01    0.03    0.15    4.20 v _1689_/X (sky130_fd_sc_hd__or2_4)
                                         _0773_ (net)
                  0.03    0.00    4.20 v _1690_/B (sky130_fd_sc_hd__or3_4)
     3    0.02    0.06    0.26    4.46 v _1690_/X (sky130_fd_sc_hd__or3_4)
                                         _0774_ (net)
                  0.06    0.00    4.46 v _1727_/A (sky130_fd_sc_hd__nand2_4)
     2    0.01    0.05    0.06    4.52 ^ _1727_/Y (sky130_fd_sc_hd__nand2_4)
                                         _0811_ (net)
                  0.05    0.00    4.52 ^ _1730_/A (sky130_fd_sc_hd__xor2_2)
     2    0.01    0.10    0.10    4.62 ^ _1730_/X (sky130_fd_sc_hd__xor2_2)
                                         _0814_ (net)
                  0.10    0.00    4.62 ^ _1747_/A (sky130_fd_sc_hd__xnor2_1)
     2    0.01    0.05    0.07    4.69 v _1747_/Y (sky130_fd_sc_hd__xnor2_1)
                                         _0831_ (net)
                  0.05    0.00    4.69 v _1748_/B (sky130_fd_sc_hd__and2_4)
     2    0.01    0.03    0.11    4.80 v _1748_/X (sky130_fd_sc_hd__and2_4)
                                         _0832_ (net)
                  0.03    0.00    4.80 v _1750_/A (sky130_fd_sc_hd__or2_4)
     2    0.01    0.04    0.17    4.97 v _1750_/X (sky130_fd_sc_hd__or2_4)
                                         _0834_ (net)
                  0.04    0.00    4.97 v _1840_/A1 (sky130_fd_sc_hd__o211a_1)
     2    0.01    0.05    0.17    5.14 v _1840_/X (sky130_fd_sc_hd__o211a_1)
                                         _0924_ (net)
                  0.05    0.00    5.14 v _1841_/A3 (sky130_fd_sc_hd__o31a_4)
     4    0.02    0.05    0.21    5.35 v _1841_/X (sky130_fd_sc_hd__o31a_4)
                                         _0925_ (net)
                  0.05    0.00    5.35 v rebuffer28/A (sky130_fd_sc_hd__buf_8)
     1    0.02    0.02    0.09    5.44 v rebuffer28/X (sky130_fd_sc_hd__buf_8)
                                         net83 (net)
                  0.02    0.00    5.44 v _1879_/A (sky130_fd_sc_hd__xnor2_4)
     7    0.02    0.16    0.17    5.61 ^ _1879_/Y (sky130_fd_sc_hd__xnor2_4)
                                         _0963_ (net)
                  0.16    0.00    5.61 ^ _1934_/A (sky130_fd_sc_hd__and4_1)
     2    0.01    0.10    0.18    5.79 ^ _1934_/X (sky130_fd_sc_hd__and4_1)
                                         _1018_ (net)
                  0.10    0.00    5.79 ^ _1935_/A (sky130_fd_sc_hd__buf_6)
     5    0.02    0.04    0.08    5.88 ^ _1935_/X (sky130_fd_sc_hd__buf_6)
                                         _1019_ (net)
                  0.04    0.00    5.88 ^ _1936_/A (sky130_fd_sc_hd__and2_4)
     1    0.01    0.03    0.09    5.96 ^ _1936_/X (sky130_fd_sc_hd__and2_4)
                                         _1020_ (net)
                  0.03    0.00    5.96 ^ _1937_/A (sky130_fd_sc_hd__buf_8)
     7    0.04    0.06    0.09    6.05 ^ _1937_/X (sky130_fd_sc_hd__buf_8)
                                         _1021_ (net)
                  0.06    0.00    6.05 ^ _1942_/B (sky130_fd_sc_hd__xnor2_4)
     2    0.01    0.06    0.05    6.11 v _1942_/Y (sky130_fd_sc_hd__xnor2_4)
                                         _1026_ (net)
                  0.06    0.00    6.11 v _1952_/A2 (sky130_fd_sc_hd__o221a_4)
     2    0.01    0.04    0.19    6.29 v _1952_/X (sky130_fd_sc_hd__o221a_4)
                                         _1036_ (net)
                  0.04    0.00    6.29 v _1955_/A (sky130_fd_sc_hd__nor2b_4)
     2    0.02    0.09    0.11    6.40 ^ _1955_/Y (sky130_fd_sc_hd__nor2b_4)
                                         _1039_ (net)
                  0.09    0.00    6.40 ^ _1958_/A2 (sky130_fd_sc_hd__a31oi_4)
     5    0.02    0.08    0.07    6.47 v _1958_/Y (sky130_fd_sc_hd__a31oi_4)
                                         _1042_ (net)
                  0.08    0.00    6.47 v _1959_/C (sky130_fd_sc_hd__or3_4)
     4    0.02    0.07    0.25    6.73 v _1959_/X (sky130_fd_sc_hd__or3_4)
                                         _1043_ (net)
                  0.07    0.00    6.73 v _1965_/A1 (sky130_fd_sc_hd__a21o_4)
     2    0.03    0.04    0.17    6.90 v _1965_/X (sky130_fd_sc_hd__a21o_4)
                                         _1049_ (net)
                  0.04    0.00    6.90 v _1971_/A1 (sky130_fd_sc_hd__a21o_4)
     2    0.02    0.04    0.16    7.06 v _1971_/X (sky130_fd_sc_hd__a21o_4)
                                         _1055_ (net)
                  0.04    0.00    7.06 v _1977_/A1 (sky130_fd_sc_hd__a21bo_4)
     2    0.02    0.04    0.16    7.22 v _1977_/X (sky130_fd_sc_hd__a21bo_4)
                                         _1061_ (net)
                  0.04    0.00    7.22 v _1986_/A1 (sky130_fd_sc_hd__a21o_4)
     2    0.02    0.04    0.16    7.38 v _1986_/X (sky130_fd_sc_hd__a21o_4)
                                         _1070_ (net)
                  0.04    0.00    7.38 v _1989_/A1 (sky130_fd_sc_hd__a21o_4)
     2    0.02    0.04    0.15    7.53 v _1989_/X (sky130_fd_sc_hd__a21o_4)
                                         _1073_ (net)
                  0.04    0.00    7.53 v _1992_/A1 (sky130_fd_sc_hd__a21oi_4)
     3    0.04    0.22    0.21    7.74 ^ _1992_/Y (sky130_fd_sc_hd__a21oi_4)
                                         _1076_ (net)
                  0.22    0.00    7.74 ^ max_cap1/A (sky130_fd_sc_hd__buf_6)
     3    0.04    0.06    0.11    7.85 ^ max_cap1/X (sky130_fd_sc_hd__buf_6)
                                         net90 (net)
                  0.06    0.00    7.85 ^ _2007_/B (sky130_fd_sc_hd__xnor2_4)
     6    0.05    0.32    0.15    8.00 ^ _2007_/Y (sky130_fd_sc_hd__xnor2_4)
                                         _1091_ (net)
                  0.32    0.00    8.01 ^ _2008_/A (sky130_fd_sc_hd__buf_6)
     5    0.03    0.05    0.11    8.11 ^ _2008_/X (sky130_fd_sc_hd__buf_6)
                                         _1092_ (net)
                  0.05    0.00    8.11 ^ _2141_/S (sky130_fd_sc_hd__mux2_2)
     2    0.02    0.06    0.24    8.36 v _2141_/X (sky130_fd_sc_hd__mux2_2)
                                         _1225_ (net)
                  0.06    0.00    8.36 v _2142_/A2 (sky130_fd_sc_hd__a21o_1)
     2    0.01    0.03    0.14    8.50 v _2142_/X (sky130_fd_sc_hd__a21o_1)
                                         _1226_ (net)
                  0.03    0.00    8.50 v _2149_/A (sky130_fd_sc_hd__and2_1)
     2    0.01    0.04    0.10    8.60 v _2149_/X (sky130_fd_sc_hd__and2_1)
                                         _1233_ (net)
                  0.04    0.00    8.60 v _2182_/A1 (sky130_fd_sc_hd__a211oi_2)
     2    0.02    0.23    0.22    8.83 ^ _2182_/Y (sky130_fd_sc_hd__a211oi_2)
                                         _1266_ (net)
                  0.23    0.00    8.83 ^ _2317_/D1 (sky130_fd_sc_hd__a2111o_1)
     3    0.01    0.08    0.10    8.93 ^ _2317_/X (sky130_fd_sc_hd__a2111o_1)
                                         _1401_ (net)
                  0.08    0.00    8.93 ^ rebuffer7/A (sky130_fd_sc_hd__clkbuf_1)
     1    0.00    0.04    0.06    8.99 ^ rebuffer7/X (sky130_fd_sc_hd__clkbuf_1)
                                         net62 (net)
                  0.04    0.00    8.99 ^ rebuffer4/A (sky130_fd_sc_hd__clkbuf_1)
     1    0.01    0.06    0.08    9.07 ^ rebuffer4/X (sky130_fd_sc_hd__clkbuf_1)
                                         net59 (net)
                  0.06    0.00    9.07 ^ _2320_/A (sky130_fd_sc_hd__nand3_2)
     2    0.01    0.04    0.05    9.12 v _2320_/Y (sky130_fd_sc_hd__nand3_2)
                                         _1404_ (net)
                  0.04    0.00    9.12 v _2357_/A2 (sky130_fd_sc_hd__a2111o_4)
     4    0.02    0.07    0.35    9.47 v _2357_/X (sky130_fd_sc_hd__a2111o_4)
                                         _1441_ (net)
                  0.07    0.00    9.47 v _2359_/A2 (sky130_fd_sc_hd__a21o_1)
     3    0.01    0.05    0.16    9.62 v _2359_/X (sky130_fd_sc_hd__a21o_1)
                                         _1443_ (net)
                  0.05    0.00    9.62 v _2374_/A2 (sky130_fd_sc_hd__a311o_1)
     3    0.01    0.07    0.24    9.86 v _2374_/X (sky130_fd_sc_hd__a311o_1)
                                         _1459_ (net)
                  0.07    0.00    9.86 v _2391_/A1 (sky130_fd_sc_hd__a2111o_1)
     2    0.01    0.08    0.28   10.14 v _2391_/X (sky130_fd_sc_hd__a2111o_1)
                                         _1478_ (net)
                  0.08    0.00   10.14 v _2400_/A1 (sky130_fd_sc_hd__a41oi_4)
     4    0.02    0.18    0.16   10.30 ^ _2400_/Y (sky130_fd_sc_hd__a41oi_4)
                                         _1488_ (net)
                  0.18    0.00   10.30 ^ _2437_/A2 (sky130_fd_sc_hd__a311oi_2)
     2    0.01    0.07    0.08   10.38 v _2437_/Y (sky130_fd_sc_hd__a311oi_2)
                                         _1527_ (net)
                  0.07    0.00   10.38 v _2461_/A2 (sky130_fd_sc_hd__a2111o_1)
     2    0.01    0.06    0.29   10.68 v _2461_/X (sky130_fd_sc_hd__a2111o_1)
                                         _0047_ (net)
                  0.06    0.00   10.68 v _2489_/A1 (sky130_fd_sc_hd__a21o_1)
     2    0.01    0.04    0.12   10.80 v _2489_/X (sky130_fd_sc_hd__a21o_1)
                                         _0077_ (net)
                  0.04    0.00   10.80 v rebuffer12/A (sky130_fd_sc_hd__buf_2)
     1    0.00    0.02    0.08   10.88 v rebuffer12/X (sky130_fd_sc_hd__buf_2)
                                         net67 (net)
                  0.02    0.00   10.88 v _2558_/A1 (sky130_fd_sc_hd__a31o_1)
     1    0.01    0.04    0.12   11.00 v _2558_/X (sky130_fd_sc_hd__a31o_1)
                                         _0153_ (net)
                  0.04    0.00   11.00 v _2559_/A1 (sky130_fd_sc_hd__a311oi_2)
     2    0.01    0.22    0.20   11.20 ^ _2559_/Y (sky130_fd_sc_hd__a311oi_2)
                                         _0154_ (net)
                  0.22    0.00   11.20 ^ _2570_/A2 (sky130_fd_sc_hd__o31a_4)
     3    0.02    0.05    0.13   11.33 ^ _2570_/X (sky130_fd_sc_hd__o31a_4)
                                         _0167_ (net)
                  0.05    0.00   11.33 ^ rebuffer9/A (sky130_fd_sc_hd__buf_2)
     4    0.01    0.04    0.09   11.42 ^ rebuffer9/X (sky130_fd_sc_hd__buf_2)
                                         net64 (net)
                  0.04    0.00   11.42 ^ rebuffer10/A (sky130_fd_sc_hd__dlymetal6s2s_1)
     3    0.01    0.09    0.10   11.52 ^ rebuffer10/X (sky130_fd_sc_hd__dlymetal6s2s_1)
                                         net65 (net)
                  0.09    0.00   11.52 ^ _2571_/A (sky130_fd_sc_hd__buf_2)
    10    0.03    0.12    0.15   11.68 ^ _2571_/X (sky130_fd_sc_hd__buf_2)
                                         _0168_ (net)
                  0.12    0.00   11.68 ^ _2730_/A (sky130_fd_sc_hd__nor2_1)
     1    0.01    0.05    0.06   11.73 v _2730_/Y (sky130_fd_sc_hd__nor2_1)
                                         _0343_ (net)
                  0.05    0.00   11.73 v _2731_/B (sky130_fd_sc_hd__xnor2_2)
     5    0.02    0.21    0.19   11.93 ^ _2731_/Y (sky130_fd_sc_hd__xnor2_2)
                                         _0344_ (net)
                  0.21    0.00   11.93 ^ _2776_/A (sky130_fd_sc_hd__nand2_1)
     2    0.01    0.07    0.06   11.99 v _2776_/Y (sky130_fd_sc_hd__nand2_1)
                                         _0393_ (net)
                  0.07    0.00   11.99 v _2777_/B1 (sky130_fd_sc_hd__a31o_1)
     1    0.00    0.03    0.09   12.08 v _2777_/X (sky130_fd_sc_hd__a31o_1)
                                         _0394_ (net)
                  0.03    0.00   12.08 v _2778_/A3 (sky130_fd_sc_hd__a31oi_1)
     1    0.01    0.13    0.14   12.22 ^ _2778_/Y (sky130_fd_sc_hd__a31oi_1)
                                         _0395_ (net)
                  0.13    0.00   12.22 ^ _2779_/A2 (sky130_fd_sc_hd__o21bai_1)
     1    0.00    0.04    0.05   12.27 v _2779_/Y (sky130_fd_sc_hd__o21bai_1)
                                         _0396_ (net)
                  0.04    0.00   12.27 v _2780_/A3 (sky130_fd_sc_hd__a311o_1)
     1    0.01    0.05    0.24   12.51 v _2780_/X (sky130_fd_sc_hd__a311o_1)
                                         _0398_ (net)
                  0.05    0.00   12.51 v _2781_/A2 (sky130_fd_sc_hd__a21oi_1)
     2    0.01    0.11    0.13   12.64 ^ _2781_/Y (sky130_fd_sc_hd__a21oi_1)
                                         _0399_ (net)
                  0.11    0.00   12.64 ^ _2824_/B (sky130_fd_sc_hd__or2_1)
     1    0.00    0.03    0.07   12.72 ^ _2824_/X (sky130_fd_sc_hd__or2_1)
                                         _0445_ (net)
                  0.03    0.00   12.72 ^ _2825_/A (sky130_fd_sc_hd__buf_2)
     7    0.04    0.16    0.17   12.88 ^ _2825_/X (sky130_fd_sc_hd__buf_2)
                                         _0446_ (net)
                  0.16    0.00   12.89 ^ _3013_/A (sky130_fd_sc_hd__nor2_1)
     3    0.01    0.07    0.07   12.96 v _3013_/Y (sky130_fd_sc_hd__nor2_1)
                                         _0630_ (net)
                  0.07    0.00   12.96 v _3015_/A (sky130_fd_sc_hd__nor2_2)
     3    0.01    0.10    0.12   13.08 ^ _3015_/Y (sky130_fd_sc_hd__nor2_2)
                                         _0632_ (net)
                  0.10    0.00   13.08 ^ _3031_/A (sky130_fd_sc_hd__inv_2)
     1    0.00    0.02    0.01   13.10 v _3031_/Y (sky130_fd_sc_hd__inv_2)
                                         _0648_ (net)
                  0.02    0.00   13.10 v _3032_/A3 (sky130_fd_sc_hd__a41o_1)
     2    0.01    0.05    0.17   13.27 v _3032_/X (sky130_fd_sc_hd__a41o_1)
                                         _0649_ (net)
                  0.05    0.00   13.27 v _3044_/A2 (sky130_fd_sc_hd__a21bo_1)
     2    0.01    0.05    0.16   13.43 v _3044_/X (sky130_fd_sc_hd__a21bo_1)
                                         _0661_ (net)
                  0.05    0.00   13.43 v _3056_/A1 (sky130_fd_sc_hd__a21oi_2)
     2    0.01    0.12    0.14   13.56 ^ _3056_/Y (sky130_fd_sc_hd__a21oi_2)
                                         _0673_ (net)
                  0.12    0.00   13.57 ^ _3063_/B1 (sky130_fd_sc_hd__o22ai_2)
     2    0.01    0.05    0.05   13.61 v _3063_/Y (sky130_fd_sc_hd__o22ai_2)
                                         _0680_ (net)
                  0.05    0.00   13.61 v _3067_/A (sky130_fd_sc_hd__or2_1)
     1    0.00    0.03    0.14   13.76 v _3067_/X (sky130_fd_sc_hd__or2_1)
                                         _0684_ (net)
                  0.03    0.00   13.76 v _3068_/B (sky130_fd_sc_hd__and2_4)
     1    0.00    0.02    0.10   13.86 v _3068_/X (sky130_fd_sc_hd__and2_4)
                                         _0685_ (net)
                  0.02    0.00   13.86 v _3070_/A2 (sky130_fd_sc_hd__o211a_1)
     1    0.00    0.03    0.13   13.99 v _3070_/X (sky130_fd_sc_hd__o211a_1)
                                         _0030_ (net)
                  0.03    0.00   13.99 v _3113_/D (sky130_fd_sc_hd__dfxtp_1)
                                 13.99   data arrival time

                         10.00   10.00   clock clock (rise edge)
                          0.00   10.00   clock source latency
     1    0.02    0.06    0.04   10.04 ^ clock (in)
                                         clock (net)
                  0.06    0.00   10.04 ^ clkbuf_0_clock/A (sky130_fd_sc_hd__clkbuf_16)
     4    0.05    0.05    0.10   10.15 ^ clkbuf_0_clock/X (sky130_fd_sc_hd__clkbuf_16)
                                         clknet_0_clock (net)
                  0.05    0.00   10.15 ^ clkbuf_2_2__f_clock/A (sky130_fd_sc_hd__clkbuf_16)
     7    0.03    0.04    0.09   10.24 ^ clkbuf_2_2__f_clock/X (sky130_fd_sc_hd__clkbuf_16)
                                         clknet_2_2__leaf_clock (net)
                  0.04    0.00   10.24 ^ _3113_/CLK (sky130_fd_sc_hd__dfxtp_1)
                         -0.25    9.99   clock uncertainty
                          0.00    9.99   clock reconvergence pessimism
                         -0.07    9.92   library setup time
                                  9.92   data required time
-----------------------------------------------------------------------------
                                  9.92   data required time
                                -13.99   data arrival time
-----------------------------------------------------------------------------
                                 -4.07   slack (VIOLATED)



======================= Slowest Corner ===================================

Startpoint: io_inScaleA[7] (input port clocked by clock)
Endpoint: _3113_ (rising edge-triggered flip-flop clocked by clock)
Path Group: clock
Path Type: max
Corner: Slowest

Fanout     Cap    Slew   Delay    Time   Description
-----------------------------------------------------------------------------
                          0.00    0.00   clock clock (rise edge)
                          0.00    0.00   clock network delay (propagated)
                          2.00    2.00 v input external delay
     1    0.01    0.03    0.02    2.02 v io_inScaleA[7] (in)
                                         io_inScaleA[7] (net)
                  0.03    0.00    2.02 v input16/A (sky130_fd_sc_hd__buf_6)
     5    0.02    0.06    0.22    2.23 v input16/X (sky130_fd_sc_hd__buf_6)
                                         net16 (net)
                  0.06    0.00    2.23 v _1585_/A1 (sky130_fd_sc_hd__o21ai_4)
     5    0.04    0.51    0.51    2.75 ^ _1585_/Y (sky130_fd_sc_hd__o21ai_4)
                                         _0419_ (net)
                  0.51    0.00    2.75 ^ _1595_/A (sky130_fd_sc_hd__xnor2_2)
     1    0.02    0.21    0.39    3.14 v _1595_/Y (sky130_fd_sc_hd__xnor2_2)
                                         _0521_ (net)
                  0.21    0.00    3.14 v _1596_/B (sky130_fd_sc_hd__xnor2_4)
     2    0.01    0.13    0.33    3.47 v _1596_/Y (sky130_fd_sc_hd__xnor2_4)
                                         _0530_ (net)
                  0.13    0.00    3.47 v _1597_/B (sky130_fd_sc_hd__xnor2_2)
     2    0.01    0.18    0.33    3.80 v _1597_/Y (sky130_fd_sc_hd__xnor2_2)
                                         _0540_ (net)
                  0.18    0.00    3.80 v _1621_/B (sky130_fd_sc_hd__or3_4)
     1    0.00    0.11    0.78    4.58 v _1621_/X (sky130_fd_sc_hd__or3_4)
                                         _0705_ (net)
                  0.11    0.00    4.58 v _1622_/B1_N (sky130_fd_sc_hd__a21bo_4)
     2    0.01    0.10    0.38    4.96 ^ _1622_/X (sky130_fd_sc_hd__a21bo_4)
                                         _0706_ (net)
                  0.10    0.00    4.96 ^ _1626_/A (sky130_fd_sc_hd__xor2_2)
     2    0.01    0.29    0.33    5.29 ^ _1626_/X (sky130_fd_sc_hd__xor2_2)
                                         _0710_ (net)
                  0.29    0.00    5.29 ^ _1627_/B (sky130_fd_sc_hd__xnor2_2)
     2    0.02    0.48    0.39    5.68 ^ _1627_/Y (sky130_fd_sc_hd__xnor2_2)
                                         _0711_ (net)
                  0.48    0.00    5.68 ^ _1628_/A (sky130_fd_sc_hd__xor2_4)
     2    0.02    0.29    0.47    6.15 ^ _1628_/X (sky130_fd_sc_hd__xor2_4)
                                         _0712_ (net)
                  0.29    0.00    6.15 ^ _1633_/A_N (sky130_fd_sc_hd__and2b_1)
     1    0.00    0.07    0.46    6.62 v _1633_/X (sky130_fd_sc_hd__and2b_1)
                                         _0717_ (net)
                  0.07    0.00    6.62 v _1634_/B1 (sky130_fd_sc_hd__a31o_1)
     2    0.01    0.15    0.45    7.06 v _1634_/X (sky130_fd_sc_hd__a31o_1)
                                         _0718_ (net)
                  0.15    0.00    7.06 v _1651_/A1 (sky130_fd_sc_hd__o21ai_4)
     6    0.02    0.33    0.42    7.48 ^ _1651_/Y (sky130_fd_sc_hd__o21ai_4)
                                         _0735_ (net)
                  0.33    0.00    7.48 ^ _1697_/A1 (sky130_fd_sc_hd__a31o_4)
     2    0.02    0.11    0.44    7.92 ^ _1697_/X (sky130_fd_sc_hd__a31o_4)
                                         _0781_ (net)
                  0.11    0.00    7.93 ^ _1701_/A (sky130_fd_sc_hd__xnor2_2)
     5    0.02    0.24    0.29    8.21 v _1701_/Y (sky130_fd_sc_hd__xnor2_2)
                                         _0785_ (net)
                  0.24    0.00    8.21 v _1741_/C (sky130_fd_sc_hd__or3_4)
     3    0.01    0.14    0.79    9.01 v _1741_/X (sky130_fd_sc_hd__or3_4)
                                         _0825_ (net)
                  0.14    0.00    9.01 v _1756_/A (sky130_fd_sc_hd__and2_4)
     2    0.01    0.06    0.31    9.32 v _1756_/X (sky130_fd_sc_hd__and2_4)
                                         _0840_ (net)
                  0.06    0.00    9.32 v _1759_/B (sky130_fd_sc_hd__xnor2_2)
     2    0.01    0.11    0.26    9.57 v _1759_/Y (sky130_fd_sc_hd__xnor2_2)
                                         _0843_ (net)
                  0.11    0.00    9.57 v _1776_/B (sky130_fd_sc_hd__xnor2_1)
     2    0.01    0.12    0.26    9.84 v _1776_/Y (sky130_fd_sc_hd__xnor2_1)
                                         _0860_ (net)
                  0.12    0.00    9.84 v _1777_/C (sky130_fd_sc_hd__or3_1)
     2    0.01    0.17    0.82   10.66 v _1777_/X (sky130_fd_sc_hd__or3_1)
                                         _0861_ (net)
                  0.17    0.00   10.66 v _1834_/A1 (sky130_fd_sc_hd__a21o_1)
     2    0.01    0.15    0.44   11.10 v _1834_/X (sky130_fd_sc_hd__a21o_1)
                                         _0918_ (net)
                  0.15    0.00   11.10 v _1836_/A2 (sky130_fd_sc_hd__a21oi_4)
     3    0.02    0.28    0.39   11.49 ^ _1836_/Y (sky130_fd_sc_hd__a21oi_4)
                                         _0920_ (net)
                  0.28    0.00   11.49 ^ _1875_/A2 (sky130_fd_sc_hd__o21a_1)
     1    0.01    0.16    0.37   11.86 ^ _1875_/X (sky130_fd_sc_hd__o21a_1)
                                         _0959_ (net)
                  0.16    0.00   11.86 ^ _1877_/B (sky130_fd_sc_hd__xnor2_2)
     6    0.02    0.46    0.33   12.19 ^ _1877_/Y (sky130_fd_sc_hd__xnor2_2)
                                         _0961_ (net)
                  0.46    0.00   12.19 ^ _1924_/B (sky130_fd_sc_hd__and4b_1)
     2    0.01    0.20    0.63   12.82 ^ _1924_/X (sky130_fd_sc_hd__and4b_1)
                                         _1008_ (net)
                  0.20    0.00   12.82 ^ _1926_/B_N (sky130_fd_sc_hd__and4bb_1)
     1    0.01    0.10    0.54   13.36 v _1926_/X (sky130_fd_sc_hd__and4bb_1)
                                         _1010_ (net)
                  0.10    0.00   13.36 v _1927_/A (sky130_fd_sc_hd__buf_6)
     8    0.03    0.08    0.28   13.63 v _1927_/X (sky130_fd_sc_hd__buf_6)
                                         _1011_ (net)
                  0.08    0.00   13.63 v _1943_/A (sky130_fd_sc_hd__or2b_1)
     3    0.01    0.16    0.59   14.22 v _1943_/X (sky130_fd_sc_hd__or2b_1)
                                         _1027_ (net)
                  0.16    0.00   14.22 v _1947_/B1 (sky130_fd_sc_hd__o21a_1)
     1    0.01    0.09    0.26   14.49 v _1947_/X (sky130_fd_sc_hd__o21a_1)
                                         _1031_ (net)
                  0.09    0.00   14.49 v _1952_/B1 (sky130_fd_sc_hd__o221a_4)
     2    0.01    0.10    0.51   15.00 v _1952_/X (sky130_fd_sc_hd__o221a_4)
                                         _1036_ (net)
                  0.10    0.00   15.00 v _1955_/A (sky130_fd_sc_hd__nor2b_4)
     2    0.02    0.20    0.27   15.27 ^ _1955_/Y (sky130_fd_sc_hd__nor2b_4)
                                         _1039_ (net)
                  0.20    0.00   15.27 ^ _1958_/A2 (sky130_fd_sc_hd__a31oi_4)
     5    0.02    0.20    0.27   15.54 v _1958_/Y (sky130_fd_sc_hd__a31oi_4)
                                         _1042_ (net)
                  0.20    0.00   15.54 v _1959_/C (sky130_fd_sc_hd__or3_4)
     4    0.02    0.17    0.83   16.37 v _1959_/X (sky130_fd_sc_hd__or3_4)
                                         _1043_ (net)
                  0.17    0.00   16.37 v _1965_/A1 (sky130_fd_sc_hd__a21o_4)
     2    0.03    0.10    0.49   16.86 v _1965_/X (sky130_fd_sc_hd__a21o_4)
                                         _1049_ (net)
                  0.10    0.00   16.86 v _1971_/A1 (sky130_fd_sc_hd__a21o_4)
     2    0.02    0.10    0.45   17.31 v _1971_/X (sky130_fd_sc_hd__a21o_4)
                                         _1055_ (net)
                  0.10    0.00   17.31 v _1977_/A1 (sky130_fd_sc_hd__a21bo_4)
     2    0.02    0.10    0.47   17.78 v _1977_/X (sky130_fd_sc_hd__a21bo_4)
                                         _1061_ (net)
                  0.10    0.00   17.78 v _1986_/A1 (sky130_fd_sc_hd__a21o_4)
     2    0.02    0.10    0.45   18.24 v _1986_/X (sky130_fd_sc_hd__a21o_4)
                                         _1070_ (net)
                  0.10    0.00   18.24 v _1989_/A1 (sky130_fd_sc_hd__a21o_4)
     2    0.02    0.09    0.44   18.68 v _1989_/X (sky130_fd_sc_hd__a21o_4)
                                         _1073_ (net)
                  0.09    0.00   18.68 v _1992_/A1 (sky130_fd_sc_hd__a21oi_4)
     3    0.04    0.47    0.48   19.16 ^ _1992_/Y (sky130_fd_sc_hd__a21oi_4)
                                         _1076_ (net)
                  0.47    0.00   19.16 ^ max_cap1/A (sky130_fd_sc_hd__buf_6)
     3    0.04    0.13    0.40   19.56 ^ max_cap1/X (sky130_fd_sc_hd__buf_6)
                                         net90 (net)
                  0.13    0.00   19.56 ^ _2007_/B (sky130_fd_sc_hd__xnor2_4)
     6    0.05    0.65    0.38   19.95 ^ _2007_/Y (sky130_fd_sc_hd__xnor2_4)
                                         _1091_ (net)
                  0.65    0.01   19.95 ^ clone3/A (sky130_fd_sc_hd__buf_6)
     5    0.03    0.11    0.45   20.40 ^ clone3/X (sky130_fd_sc_hd__buf_6)
                                         net58 (net)
                  0.11    0.00   20.40 ^ _2154_/S (sky130_fd_sc_hd__mux2_2)
     2    0.02    0.16    0.83   21.23 v _2154_/X (sky130_fd_sc_hd__mux2_2)
                                         _1238_ (net)
                  0.16    0.00   21.23 v _2155_/A2 (sky130_fd_sc_hd__a21o_1)
     2    0.00    0.07    0.38   21.61 v _2155_/X (sky130_fd_sc_hd__a21o_1)
                                         _1239_ (net)
                  0.07    0.00   21.61 v _2162_/B (sky130_fd_sc_hd__and3_1)
     2    0.01    0.12    0.41   22.02 v _2162_/X (sky130_fd_sc_hd__and3_1)
                                         _1246_ (net)
                  0.12    0.00   22.02 v _2182_/C1 (sky130_fd_sc_hd__a211oi_2)
     2    0.01    0.52    0.51   22.52 ^ _2182_/Y (sky130_fd_sc_hd__a211oi_2)
                                         _1266_ (net)
                  0.52    0.00   22.53 ^ _2317_/D1 (sky130_fd_sc_hd__a2111o_1)
     3    0.01    0.18    0.41   22.94 ^ _2317_/X (sky130_fd_sc_hd__a2111o_1)
                                         _1401_ (net)
                  0.18    0.00   22.94 ^ rebuffer7/A (sky130_fd_sc_hd__clkbuf_1)
     1    0.00    0.08    0.21   23.15 ^ rebuffer7/X (sky130_fd_sc_hd__clkbuf_1)
                                         net62 (net)
                  0.08    0.00   23.15 ^ rebuffer4/A (sky130_fd_sc_hd__clkbuf_1)
     1    0.01    0.13    0.21   23.36 ^ rebuffer4/X (sky130_fd_sc_hd__clkbuf_1)
                                         net59 (net)
                  0.13    0.00   23.36 ^ _2320_/A (sky130_fd_sc_hd__nand3_2)
     2    0.01    0.15    0.18   23.54 v _2320_/Y (sky130_fd_sc_hd__nand3_2)
                                         _1404_ (net)
                  0.15    0.00   23.54 v _2357_/A2 (sky130_fd_sc_hd__a2111o_4)
     4    0.02    0.16    1.05   24.59 v _2357_/X (sky130_fd_sc_hd__a2111o_4)
                                         _1441_ (net)
                  0.16    0.00   24.59 v _2359_/A2 (sky130_fd_sc_hd__a21o_1)
     3    0.01    0.12    0.44   25.03 v _2359_/X (sky130_fd_sc_hd__a21o_1)
                                         _1443_ (net)
                  0.12    0.00   25.03 v _2374_/A2 (sky130_fd_sc_hd__a311o_1)
     3    0.01    0.17    0.72   25.75 v _2374_/X (sky130_fd_sc_hd__a311o_1)
                                         _1459_ (net)
                  0.17    0.00   25.75 v _2391_/A1 (sky130_fd_sc_hd__a2111o_1)
     2    0.01    0.21    0.91   26.66 v _2391_/X (sky130_fd_sc_hd__a2111o_1)
                                         _1478_ (net)
                  0.21    0.00   26.66 v _2400_/A1 (sky130_fd_sc_hd__a41oi_4)
     4    0.02    0.34    0.39   27.06 ^ _2400_/Y (sky130_fd_sc_hd__a41oi_4)
                                         _1488_ (net)
                  0.34    0.00   27.06 ^ _2437_/A2 (sky130_fd_sc_hd__a311oi_2)
     2    0.01    0.20    0.34   27.40 v _2437_/Y (sky130_fd_sc_hd__a311oi_2)
                                         _1527_ (net)
                  0.20    0.00   27.40 v _2461_/A2 (sky130_fd_sc_hd__a2111o_1)
     2    0.01    0.15    0.93   28.33 v _2461_/X (sky130_fd_sc_hd__a2111o_1)
                                         _0047_ (net)
                  0.15    0.00   28.33 v _2489_/A1 (sky130_fd_sc_hd__a21o_1)
     2    0.01    0.09    0.37   28.70 v _2489_/X (sky130_fd_sc_hd__a21o_1)
                                         _0077_ (net)
                  0.09    0.00   28.70 v _2495_/A (sky130_fd_sc_hd__and3_1)
     3    0.01    0.15    0.41   29.11 v _2495_/X (sky130_fd_sc_hd__and3_1)
                                         _0084_ (net)
                  0.15    0.00   29.11 v _2557_/A3 (sky130_fd_sc_hd__o311a_4)
     2    0.01    0.10    0.63   29.74 v _2557_/X (sky130_fd_sc_hd__o311a_4)
                                         _0152_ (net)
                  0.10    0.00   29.74 v _2570_/A3 (sky130_fd_sc_hd__o31a_4)
     3    0.02    0.11    0.59   30.33 v _2570_/X (sky130_fd_sc_hd__o31a_4)
                                         _0167_ (net)
                  0.11    0.00   30.33 v rebuffer9/A (sky130_fd_sc_hd__buf_2)
     4    0.01    0.07    0.29   30.62 v rebuffer9/X (sky130_fd_sc_hd__buf_2)
                                         net64 (net)
                  0.07    0.00   30.62 v rebuffer10/A (sky130_fd_sc_hd__dlymetal6s2s_1)
     3    0.01    0.12    0.34   30.95 v rebuffer10/X (sky130_fd_sc_hd__dlymetal6s2s_1)
                                         net65 (net)
                  0.12    0.00   30.95 v _2571_/A (sky130_fd_sc_hd__buf_2)
    10    0.03    0.15    0.37   31.32 v _2571_/X (sky130_fd_sc_hd__buf_2)
                                         _0168_ (net)
                  0.15    0.00   31.32 v _2730_/A (sky130_fd_sc_hd__nor2_1)
     1    0.01    0.30    0.34   31.67 ^ _2730_/Y (sky130_fd_sc_hd__nor2_1)
                                         _0343_ (net)
                  0.30    0.00   31.67 ^ _2731_/B (sky130_fd_sc_hd__xnor2_2)
     5    0.02    0.44    0.38   32.04 ^ _2731_/Y (sky130_fd_sc_hd__xnor2_2)
                                         _0344_ (net)
                  0.44    0.00   32.04 ^ _2776_/A (sky130_fd_sc_hd__nand2_1)
     2    0.01    0.17    0.29   32.34 v _2776_/Y (sky130_fd_sc_hd__nand2_1)
                                         _0393_ (net)
                  0.17    0.00   32.34 v _2777_/B1 (sky130_fd_sc_hd__a31o_1)
     1    0.00    0.07    0.40   32.74 v _2777_/X (sky130_fd_sc_hd__a31o_1)
                                         _0394_ (net)
                  0.07    0.00   32.74 v _2778_/A3 (sky130_fd_sc_hd__a31oi_1)
     1    0.01    0.28    0.34   33.08 ^ _2778_/Y (sky130_fd_sc_hd__a31oi_1)
                                         _0395_ (net)
                  0.28    0.00   33.08 ^ _2779_/A2 (sky130_fd_sc_hd__o21bai_1)
     1    0.00    0.13    0.22   33.30 v _2779_/Y (sky130_fd_sc_hd__o21bai_1)
                                         _0396_ (net)
                  0.13    0.00   33.30 v _2780_/A3 (sky130_fd_sc_hd__a311o_1)
     1    0.01    0.12    0.73   34.03 v _2780_/X (sky130_fd_sc_hd__a311o_1)
                                         _0398_ (net)
                  0.12    0.00   34.03 v _2781_/A2 (sky130_fd_sc_hd__a21oi_1)
     2    0.01    0.24    0.32   34.35 ^ _2781_/Y (sky130_fd_sc_hd__a21oi_1)
                                         _0399_ (net)
                  0.24    0.00   34.35 ^ _2824_/B (sky130_fd_sc_hd__or2_1)
     1    0.00    0.06    0.24   34.59 ^ _2824_/X (sky130_fd_sc_hd__or2_1)
                                         _0445_ (net)
                  0.06    0.00   34.59 ^ _2825_/A (sky130_fd_sc_hd__buf_2)
     7    0.04    0.34    0.41   34.99 ^ _2825_/X (sky130_fd_sc_hd__buf_2)
                                         _0446_ (net)
                  0.34    0.00   34.99 ^ _3013_/A (sky130_fd_sc_hd__nor2_1)
     3    0.01    0.14    0.26   35.26 v _3013_/Y (sky130_fd_sc_hd__nor2_1)
                                         _0630_ (net)
                  0.14    0.00   35.26 v _3025_/A (sky130_fd_sc_hd__nor2_1)
     2    0.01    0.22    0.28   35.53 ^ _3025_/Y (sky130_fd_sc_hd__nor2_1)
                                         _0642_ (net)
                  0.22    0.00   35.53 ^ _3027_/A (sky130_fd_sc_hd__nor2_1)
     2    0.01    0.10    0.19   35.72 v _3027_/Y (sky130_fd_sc_hd__nor2_1)
                                         _0644_ (net)
                  0.10    0.00   35.72 v _3032_/A1 (sky130_fd_sc_hd__a41o_1)
     2    0.01    0.13    0.42   36.14 v _3032_/X (sky130_fd_sc_hd__a41o_1)
                                         _0649_ (net)
                  0.13    0.00   36.14 v _3044_/A2 (sky130_fd_sc_hd__a21bo_1)
     2    0.01    0.13    0.45   36.59 v _3044_/X (sky130_fd_sc_hd__a21bo_1)
                                         _0661_ (net)
                  0.13    0.00   36.59 v _3056_/A1 (sky130_fd_sc_hd__a21oi_2)
     2    0.01    0.27    0.34   36.92 ^ _3056_/Y (sky130_fd_sc_hd__a21oi_2)
                                         _0673_ (net)
                  0.27    0.00   36.93 ^ _3063_/B1 (sky130_fd_sc_hd__o22ai_2)
     2    0.01    0.13    0.24   37.16 v _3063_/Y (sky130_fd_sc_hd__o22ai_2)
                                         _0680_ (net)
                  0.13    0.00   37.16 v _3067_/A (sky130_fd_sc_hd__or2_1)
     1    0.00    0.10    0.55   37.72 v _3067_/X (sky130_fd_sc_hd__or2_1)
                                         _0684_ (net)
                  0.10    0.00   37.72 v _3068_/B (sky130_fd_sc_hd__and2_4)
     1    0.00    0.05    0.31   38.02 v _3068_/X (sky130_fd_sc_hd__and2_4)
                                         _0685_ (net)
                  0.05    0.00   38.02 v _3070_/A2 (sky130_fd_sc_hd__o211a_1)
     1    0.00    0.07    0.38   38.40 v _3070_/X (sky130_fd_sc_hd__o211a_1)
                                         _0030_ (net)
                  0.07    0.00   38.40 v _3113_/D (sky130_fd_sc_hd__dfxtp_1)
                                 38.40   data arrival time

                         10.00   10.00   clock clock (rise edge)
                          0.00   10.00   clock source latency
     1    0.02    0.13    0.09   10.09 ^ clock (in)
                                         clock (net)
                  0.13    0.00   10.09 ^ clkbuf_0_clock/A (sky130_fd_sc_hd__clkbuf_16)
     4    0.05    0.10    0.27   10.36 ^ clkbuf_0_clock/X (sky130_fd_sc_hd__clkbuf_16)
                                         clknet_0_clock (net)
                  0.10    0.00   10.36 ^ clkbuf_2_2__f_clock/A (sky130_fd_sc_hd__clkbuf_16)
     7    0.03    0.08    0.24   10.60 ^ clkbuf_2_2__f_clock/X (sky130_fd_sc_hd__clkbuf_16)
                                         clknet_2_2__leaf_clock (net)
                  0.08    0.00   10.60 ^ _3113_/CLK (sky130_fd_sc_hd__dfxtp_1)
                         -0.25   10.35   clock uncertainty
                          0.00   10.35   clock reconvergence pessimism
                         -0.27   10.08   library setup time
                                 10.08   data required time
-----------------------------------------------------------------------------
                                 10.08   data required time
                                -38.40   data arrival time
-----------------------------------------------------------------------------
                                -28.32   slack (VIOLATED)



======================= Typical Corner ===================================

Startpoint: io_inScaleA[7] (input port clocked by clock)
Endpoint: _3089_ (rising edge-triggered flip-flop clocked by clock)
Path Group: clock
Path Type: max
Corner: Typical

Fanout     Cap    Slew   Delay    Time   Description
-----------------------------------------------------------------------------
                          0.00    0.00   clock clock (rise edge)
                          0.00    0.00   clock network delay (propagated)
                          2.00    2.00 v input external delay
     1    0.01    0.01    0.01    2.01 v io_inScaleA[7] (in)
                                         io_inScaleA[7] (net)
                  0.01    0.00    2.01 v input16/A (sky130_fd_sc_hd__buf_6)
     5    0.02    0.03    0.12    2.13 v input16/X (sky130_fd_sc_hd__buf_6)
                                         net16 (net)
                  0.03    0.00    2.13 v _1585_/A1 (sky130_fd_sc_hd__o21ai_4)
     5    0.04    0.32    0.31    2.44 ^ _1585_/Y (sky130_fd_sc_hd__o21ai_4)
                                         _0419_ (net)
                  0.32    0.00    2.44 ^ _1595_/A (sky130_fd_sc_hd__xnor2_2)
     1    0.02    0.11    0.17    2.61 v _1595_/Y (sky130_fd_sc_hd__xnor2_2)
                                         _0521_ (net)
                  0.11    0.00    2.61 v _1596_/B (sky130_fd_sc_hd__xnor2_4)
     2    0.01    0.08    0.17    2.78 v _1596_/Y (sky130_fd_sc_hd__xnor2_4)
                                         _0530_ (net)
                  0.08    0.00    2.78 v _1597_/B (sky130_fd_sc_hd__xnor2_2)
     2    0.01    0.09    0.17    2.96 v _1597_/Y (sky130_fd_sc_hd__xnor2_2)
                                         _0540_ (net)
                  0.09    0.00    2.96 v _1621_/B (sky130_fd_sc_hd__or3_4)
     1    0.00    0.06    0.39    3.35 v _1621_/X (sky130_fd_sc_hd__or3_4)
                                         _0705_ (net)
                  0.06    0.00    3.35 v _1622_/B1_N (sky130_fd_sc_hd__a21bo_4)
     2    0.01    0.06    0.21    3.55 ^ _1622_/X (sky130_fd_sc_hd__a21bo_4)
                                         _0706_ (net)
                  0.06    0.00    3.56 ^ _1626_/A (sky130_fd_sc_hd__xor2_2)
     2    0.01    0.18    0.19    3.75 ^ _1626_/X (sky130_fd_sc_hd__xor2_2)
                                         _0710_ (net)
                  0.18    0.00    3.75 ^ _1627_/B (sky130_fd_sc_hd__xnor2_2)
     2    0.02    0.31    0.20    3.95 ^ _1627_/Y (sky130_fd_sc_hd__xnor2_2)
                                         _0711_ (net)
                  0.31    0.00    3.95 ^ _1628_/A (sky130_fd_sc_hd__xor2_4)
     2    0.02    0.18    0.24    4.20 ^ _1628_/X (sky130_fd_sc_hd__xor2_4)
                                         _0712_ (net)
                  0.18    0.00    4.20 ^ _1633_/A_N (sky130_fd_sc_hd__and2b_1)
     1    0.00    0.04    0.21    4.41 v _1633_/X (sky130_fd_sc_hd__and2b_1)
                                         _0717_ (net)
                  0.04    0.00    4.41 v _1634_/B1 (sky130_fd_sc_hd__a31o_1)
     2    0.01    0.08    0.24    4.65 v _1634_/X (sky130_fd_sc_hd__a31o_1)
                                         _0718_ (net)
                  0.08    0.00    4.65 v _1651_/A1 (sky130_fd_sc_hd__o21ai_4)
     6    0.02    0.21    0.25    4.89 ^ _1651_/Y (sky130_fd_sc_hd__o21ai_4)
                                         _0735_ (net)
                  0.21    0.00    4.89 ^ _1662_/A (sky130_fd_sc_hd__nor2_1)
     1    0.00    0.06    0.09    4.98 v _1662_/Y (sky130_fd_sc_hd__nor2_1)
                                         _0746_ (net)
                  0.06    0.00    4.98 v _1676_/A1 (sky130_fd_sc_hd__a22o_2)
     2    0.02    0.07    0.29    5.28 v _1676_/X (sky130_fd_sc_hd__a22o_2)
                                         _0760_ (net)
                  0.07    0.00    5.28 v _1678_/A (sky130_fd_sc_hd__xor2_2)
     5    0.03    0.37    0.38    5.65 ^ _1678_/X (sky130_fd_sc_hd__xor2_2)
                                         _0762_ (net)
                  0.37    0.00    5.66 ^ _1726_/B1 (sky130_fd_sc_hd__o221ai_1)
     1    0.01    0.19    0.28    5.93 v _1726_/Y (sky130_fd_sc_hd__o221ai_1)
                                         _0810_ (net)
                  0.19    0.00    5.94 v _1727_/B (sky130_fd_sc_hd__nand2_4)
     2    0.01    0.08    0.14    6.08 ^ _1727_/Y (sky130_fd_sc_hd__nand2_4)
                                         _0811_ (net)
                  0.08    0.00    6.08 ^ _1730_/A (sky130_fd_sc_hd__xor2_2)
     2    0.01    0.13    0.15    6.23 ^ _1730_/X (sky130_fd_sc_hd__xor2_2)
                                         _0814_ (net)
                  0.13    0.00    6.23 ^ _1747_/A (sky130_fd_sc_hd__xnor2_1)
     2    0.01    0.07    0.11    6.35 v _1747_/Y (sky130_fd_sc_hd__xnor2_1)
                                         _0831_ (net)
                  0.07    0.00    6.35 v _1748_/B (sky130_fd_sc_hd__and2_4)
     2    0.01    0.03    0.18    6.52 v _1748_/X (sky130_fd_sc_hd__and2_4)
                                         _0832_ (net)
                  0.03    0.00    6.52 v _1750_/A (sky130_fd_sc_hd__or2_4)
     2    0.01    0.06    0.27    6.79 v _1750_/X (sky130_fd_sc_hd__or2_4)
                                         _0834_ (net)
                  0.06    0.00    6.79 v _1840_/A1 (sky130_fd_sc_hd__o211a_1)
     2    0.01    0.07    0.27    7.06 v _1840_/X (sky130_fd_sc_hd__o211a_1)
                                         _0924_ (net)
                  0.07    0.00    7.06 v _1841_/A3 (sky130_fd_sc_hd__o31a_4)
     4    0.02    0.07    0.33    7.39 v _1841_/X (sky130_fd_sc_hd__o31a_4)
                                         _0925_ (net)
                  0.07    0.00    7.39 v rebuffer28/A (sky130_fd_sc_hd__buf_8)
     1    0.02    0.03    0.14    7.53 v rebuffer28/X (sky130_fd_sc_hd__buf_8)
                                         net83 (net)
                  0.03    0.00    7.53 v _1879_/A (sky130_fd_sc_hd__xnor2_4)
     7    0.02    0.21    0.23    7.76 ^ _1879_/Y (sky130_fd_sc_hd__xnor2_4)
                                         _0963_ (net)
                  0.21    0.00    7.76 ^ _1934_/A (sky130_fd_sc_hd__and4_1)
     2    0.01    0.14    0.30    8.06 ^ _1934_/X (sky130_fd_sc_hd__and4_1)
                                         _1018_ (net)
                  0.14    0.00    8.06 ^ _1935_/A (sky130_fd_sc_hd__buf_6)
     5    0.02    0.05    0.14    8.20 ^ _1935_/X (sky130_fd_sc_hd__buf_6)
                                         _1019_ (net)
                  0.05    0.00    8.20 ^ _1936_/A (sky130_fd_sc_hd__and2_4)
     1    0.01    0.04    0.14    8.34 ^ _1936_/X (sky130_fd_sc_hd__and2_4)
                                         _1020_ (net)
                  0.04    0.00    8.34 ^ _1937_/A (sky130_fd_sc_hd__buf_8)
     7    0.04    0.08    0.13    8.47 ^ _1937_/X (sky130_fd_sc_hd__buf_8)
                                         _1021_ (net)
                  0.08    0.00    8.47 ^ _1942_/B (sky130_fd_sc_hd__xnor2_4)
     2    0.01    0.08    0.08    8.55 v _1942_/Y (sky130_fd_sc_hd__xnor2_4)
                                         _1026_ (net)
                  0.08    0.00    8.55 v _1952_/A2 (sky130_fd_sc_hd__o221a_4)
     2    0.01    0.05    0.30    8.86 v _1952_/X (sky130_fd_sc_hd__o221a_4)
                                         _1036_ (net)
                  0.05    0.00    8.86 v _1955_/A (sky130_fd_sc_hd__nor2b_4)
     2    0.02    0.12    0.16    9.01 ^ _1955_/Y (sky130_fd_sc_hd__nor2b_4)
                                         _1039_ (net)
                  0.12    0.00    9.01 ^ _1958_/A2 (sky130_fd_sc_hd__a31oi_4)
     5    0.01    0.11    0.12    9.14 v _1958_/Y (sky130_fd_sc_hd__a31oi_4)
                                         _1042_ (net)
                  0.11    0.00    9.14 v _1959_/C (sky130_fd_sc_hd__or3_4)
     4    0.02    0.10    0.41    9.55 v _1959_/X (sky130_fd_sc_hd__or3_4)
                                         _1043_ (net)
                  0.10    0.00    9.55 v _1965_/A1 (sky130_fd_sc_hd__a21o_4)
     2    0.03    0.06    0.26    9.81 v _1965_/X (sky130_fd_sc_hd__a21o_4)
                                         _1049_ (net)
                  0.06    0.00    9.81 v _1971_/A1 (sky130_fd_sc_hd__a21o_4)
     2    0.02    0.06    0.24   10.06 v _1971_/X (sky130_fd_sc_hd__a21o_4)
                                         _1055_ (net)
                  0.06    0.00   10.06 v _1977_/A1 (sky130_fd_sc_hd__a21bo_4)
     2    0.02    0.06    0.25   10.31 v _1977_/X (sky130_fd_sc_hd__a21bo_4)
                                         _1061_ (net)
                  0.06    0.00   10.31 v _1986_/A1 (sky130_fd_sc_hd__a21o_4)
     2    0.02    0.06    0.24   10.55 v _1986_/X (sky130_fd_sc_hd__a21o_4)
                                         _1070_ (net)
                  0.06    0.00   10.55 v _1989_/A1 (sky130_fd_sc_hd__a21o_4)
     2    0.02    0.05    0.24   10.79 v _1989_/X (sky130_fd_sc_hd__a21o_4)
                                         _1073_ (net)
                  0.05    0.00   10.79 v _1992_/A1 (sky130_fd_sc_hd__a21oi_4)
     3    0.04    0.30    0.29   11.08 ^ _1992_/Y (sky130_fd_sc_hd__a21oi_4)
                                         _1076_ (net)
                  0.30    0.00   11.08 ^ max_cap1/A (sky130_fd_sc_hd__buf_6)
     3    0.04    0.08    0.20   11.27 ^ max_cap1/X (sky130_fd_sc_hd__buf_6)
                                         net90 (net)
                  0.08    0.00   11.28 ^ _2007_/B (sky130_fd_sc_hd__xnor2_4)
     6    0.05    0.42    0.22   11.49 ^ _2007_/Y (sky130_fd_sc_hd__xnor2_4)
                                         _1091_ (net)
                  0.42    0.00   11.50 ^ _2008_/A (sky130_fd_sc_hd__buf_6)
     5    0.03    0.07    0.20   11.70 ^ _2008_/X (sky130_fd_sc_hd__buf_6)
                                         _1092_ (net)
                  0.07    0.00   11.70 ^ _2111_/S (sky130_fd_sc_hd__mux2_2)
     2    0.02    0.09    0.41   12.11 v _2111_/X (sky130_fd_sc_hd__mux2_2)
                                         _1195_ (net)
                  0.09    0.00   12.11 v _2251_/A2 (sky130_fd_sc_hd__a21o_1)
     2    0.01    0.04    0.21   12.33 v _2251_/X (sky130_fd_sc_hd__a21o_1)
                                         _1335_ (net)
                  0.04    0.00   12.33 v _2252_/A2 (sky130_fd_sc_hd__a21o_1)
     2    0.01    0.06    0.21   12.54 v _2252_/X (sky130_fd_sc_hd__a21o_1)
                                         _1336_ (net)
                  0.06    0.00   12.54 v _2253_/A2 (sky130_fd_sc_hd__a21oi_1)
     2    0.01    0.22    0.24   12.78 ^ _2253_/Y (sky130_fd_sc_hd__a21oi_1)
                                         _1337_ (net)
                  0.22    0.00   12.78 ^ _2322_/A3 (sky130_fd_sc_hd__o31a_1)
     2    0.02    0.17    0.25   13.03 ^ _2322_/X (sky130_fd_sc_hd__o31a_1)
                                         _1406_ (net)
                  0.17    0.00   13.03 ^ _2328_/A1_N (sky130_fd_sc_hd__a2bb2o_4)
     7    0.04    0.07    0.30   13.33 v _2328_/X (sky130_fd_sc_hd__a2bb2o_4)
                                         _1412_ (net)
                  0.07    0.00   13.33 v _2357_/B1 (sky130_fd_sc_hd__a2111o_4)
     4    0.02    0.09    0.53   13.86 v _2357_/X (sky130_fd_sc_hd__a2111o_4)
                                         _1441_ (net)
                  0.09    0.00   13.86 v _2359_/A2 (sky130_fd_sc_hd__a21o_1)
     3    0.01    0.06    0.24   14.10 v _2359_/X (sky130_fd_sc_hd__a21o_1)
                                         _1443_ (net)
                  0.06    0.00   14.10 v _2374_/A2 (sky130_fd_sc_hd__a311o_1)
     3    0.01    0.09    0.38   14.48 v _2374_/X (sky130_fd_sc_hd__a311o_1)
                                         _1459_ (net)
                  0.09    0.00   14.48 v _2391_/A1 (sky130_fd_sc_hd__a2111o_1)
     2    0.01    0.11    0.46   14.93 v _2391_/X (sky130_fd_sc_hd__a2111o_1)
                                         _1478_ (net)
                  0.11    0.00   14.93 v _2400_/A1 (sky130_fd_sc_hd__a41oi_4)
     4    0.02    0.23    0.23   15.16 ^ _2400_/Y (sky130_fd_sc_hd__a41oi_4)
                                         _1488_ (net)
                  0.23    0.00   15.16 ^ _2437_/A2 (sky130_fd_sc_hd__a311oi_2)
     2    0.01    0.10    0.16   15.31 v _2437_/Y (sky130_fd_sc_hd__a311oi_2)
                                         _1527_ (net)
                  0.10    0.00   15.32 v _2461_/A2 (sky130_fd_sc_hd__a2111o_1)
     2    0.01    0.08    0.48   15.79 v _2461_/X (sky130_fd_sc_hd__a2111o_1)
                                         _0047_ (net)
                  0.08    0.00   15.79 v _2489_/A1 (sky130_fd_sc_hd__a21o_1)
     2    0.01    0.05    0.19   15.99 v _2489_/X (sky130_fd_sc_hd__a21o_1)
                                         _0077_ (net)
                  0.05    0.00   15.99 v _2495_/A (sky130_fd_sc_hd__and3_1)
     3    0.01    0.08    0.20   16.18 v _2495_/X (sky130_fd_sc_hd__and3_1)
                                         _0084_ (net)
                  0.08    0.00   16.18 v _2557_/A3 (sky130_fd_sc_hd__o311a_4)
     2    0.01    0.06    0.34   16.52 v _2557_/X (sky130_fd_sc_hd__o311a_4)
                                         _0152_ (net)
                  0.06    0.00   16.52 v _2570_/A3 (sky130_fd_sc_hd__o31a_4)
     3    0.02    0.07    0.32   16.84 v _2570_/X (sky130_fd_sc_hd__o31a_4)
                                         _0167_ (net)
                  0.07    0.00   16.84 v _2774_/S (sky130_fd_sc_hd__mux2_4)
     2    0.01    0.05    0.32   17.16 v _2774_/X (sky130_fd_sc_hd__mux2_4)
                                         _0391_ (net)
                  0.05    0.00   17.16 v _2790_/B2 (sky130_fd_sc_hd__a221o_1)
     1    0.00    0.06    0.34   17.49 v _2790_/X (sky130_fd_sc_hd__a221o_1)
                                         _0409_ (net)
                  0.06    0.00   17.49 v _2791_/A1 (sky130_fd_sc_hd__a21bo_1)
     1    0.00    0.04    0.18   17.67 v _2791_/X (sky130_fd_sc_hd__a21bo_1)
                                         _0410_ (net)
                  0.04    0.00   17.67 v _2792_/A1 (sky130_fd_sc_hd__a21o_1)
     1    0.00    0.03    0.16   17.83 v _2792_/X (sky130_fd_sc_hd__a21o_1)
                                         _0411_ (net)
                  0.03    0.00   17.83 v _2793_/A1 (sky130_fd_sc_hd__a21o_1)
     1    0.00    0.04    0.16   17.99 v _2793_/X (sky130_fd_sc_hd__a21o_1)
                                         _0412_ (net)
                  0.04    0.00   17.99 v _2794_/A1 (sky130_fd_sc_hd__a21o_1)
     1    0.00    0.03    0.15   18.15 v _2794_/X (sky130_fd_sc_hd__a21o_1)
                                         _0413_ (net)
                  0.03    0.00   18.15 v _2796_/A1 (sky130_fd_sc_hd__a21o_1)
     1    0.01    0.04    0.16   18.31 v _2796_/X (sky130_fd_sc_hd__a21o_1)
                                         _0415_ (net)
                  0.04    0.00   18.31 v _2797_/A1 (sky130_fd_sc_hd__a21o_1)
     1    0.00    0.03    0.16   18.47 v _2797_/X (sky130_fd_sc_hd__a21o_1)
                                         _0416_ (net)
                  0.03    0.00   18.47 v _2798_/A1 (sky130_fd_sc_hd__a21o_1)
     1    0.01    0.05    0.17   18.64 v _2798_/X (sky130_fd_sc_hd__a21o_1)
                                         _0417_ (net)
                  0.05    0.00   18.64 v _2800_/A1 (sky130_fd_sc_hd__a21o_1)
     1    0.00    0.04    0.17   18.81 v _2800_/X (sky130_fd_sc_hd__a21o_1)
                                         _0420_ (net)
                  0.04    0.00   18.81 v _2801_/A1 (sky130_fd_sc_hd__a21oi_2)
     1    0.00    0.10    0.12   18.93 ^ _2801_/Y (sky130_fd_sc_hd__a21oi_2)
                                         _0421_ (net)
                  0.10    0.00   18.93 ^ _2802_/A2 (sky130_fd_sc_hd__o21ba_1)
     1    0.00    0.06    0.14   19.07 ^ _2802_/X (sky130_fd_sc_hd__o21ba_1)
                                         _0422_ (net)
                  0.06    0.00   19.07 ^ _2804_/A1 (sky130_fd_sc_hd__o21ai_1)
     1    0.00    0.07    0.07   19.13 v _2804_/Y (sky130_fd_sc_hd__o21ai_1)
                                         _0424_ (net)
                  0.07    0.00   19.13 v _2805_/A1 (sky130_fd_sc_hd__a21o_1)
     4    0.03    0.13    0.27   19.40 v _2805_/X (sky130_fd_sc_hd__a21o_1)
                                         _0425_ (net)
                  0.13    0.00   19.40 v clone13/A (sky130_fd_sc_hd__buf_6)
     5    0.03    0.04    0.18   19.59 v clone13/X (sky130_fd_sc_hd__buf_6)
                                         net68 (net)
                  0.04    0.00   19.59 v _2839_/S (sky130_fd_sc_hd__mux2_4)
     2    0.01    0.06    0.32   19.90 v _2839_/X (sky130_fd_sc_hd__mux2_4)
                                         _0459_ (net)
                  0.06    0.00   19.90 v _2865_/A0 (sky130_fd_sc_hd__mux2_4)
     2    0.01    0.06    0.31   20.21 v _2865_/X (sky130_fd_sc_hd__mux2_4)
                                         _0486_ (net)
                  0.06    0.00   20.21 v _2866_/A (sky130_fd_sc_hd__nor2_4)
     1    0.01    0.07    0.11   20.33 ^ _2866_/Y (sky130_fd_sc_hd__nor2_4)
                                         _0487_ (net)
                  0.07    0.00   20.33 ^ _2867_/B1 (sky130_fd_sc_hd__a21oi_2)
     2    0.01    0.06    0.04   20.37 v _2867_/Y (sky130_fd_sc_hd__a21oi_2)
                                         _0488_ (net)
                  0.06    0.00   20.37 v _2869_/A0 (sky130_fd_sc_hd__mux2_4)
     2    0.01    0.07    0.31   20.69 v _2869_/X (sky130_fd_sc_hd__mux2_4)
                                         _0490_ (net)
                  0.07    0.00   20.69 v _2870_/B1 (sky130_fd_sc_hd__a22o_1)
     1    0.00    0.04    0.19   20.88 v _2870_/X (sky130_fd_sc_hd__a22o_1)
                                         _0492_ (net)
                  0.04    0.00   20.88 v _2871_/A (sky130_fd_sc_hd__and2_4)
     1    0.00    0.03    0.13   21.01 v _2871_/X (sky130_fd_sc_hd__and2_4)
                                         _0493_ (net)
                  0.03    0.00   21.01 v _2872_/A (sky130_fd_sc_hd__clkbuf_1)
     1    0.00    0.02    0.08   21.09 v _2872_/X (sky130_fd_sc_hd__clkbuf_1)
                                         _0006_ (net)
                  0.02    0.00   21.09 v _3089_/D (sky130_fd_sc_hd__dfxtp_2)
                                 21.09   data arrival time

                         10.00   10.00   clock clock (rise edge)
                          0.00   10.00   clock source latency
     1    0.02    0.09    0.06   10.06 ^ clock (in)
                                         clock (net)
                  0.09    0.00   10.06 ^ clkbuf_0_clock/A (sky130_fd_sc_hd__clkbuf_16)
     4    0.05    0.06    0.15   10.21 ^ clkbuf_0_clock/X (sky130_fd_sc_hd__clkbuf_16)
                                         clknet_0_clock (net)
                  0.06    0.00   10.21 ^ clkbuf_2_3__f_clock/A (sky130_fd_sc_hd__clkbuf_16)
    10    0.03    0.05    0.13   10.34 ^ clkbuf_2_3__f_clock/X (sky130_fd_sc_hd__clkbuf_16)
                                         clknet_2_3__leaf_clock (net)
                  0.05    0.00   10.34 ^ _3089_/CLK (sky130_fd_sc_hd__dfxtp_2)
                         -0.25   10.09   clock uncertainty
                          0.00   10.09   clock reconvergence pessimism
                         -0.10    9.99   library setup time
                                  9.99   data required time
-----------------------------------------------------------------------------
                                  9.99   data required time
                                -21.09   data arrival time
-----------------------------------------------------------------------------
                                -11.10   slack (VIOLATED)




===========================================================================
report_checks --slack_max -0.01
============================================================================
======================= Fastest Corner ===================================

Startpoint: io_inScaleA[7] (input port clocked by clock)
Endpoint: _3113_ (rising edge-triggered flip-flop clocked by clock)
Path Group: clock
Path Type: max
Corner: Fastest

Fanout     Cap    Slew   Delay    Time   Description
-----------------------------------------------------------------------------
                          0.00    0.00   clock clock (rise edge)
                          0.00    0.00   clock network delay (propagated)
                          2.00    2.00 v input external delay
     1    0.01    0.01    0.00    2.00 v io_inScaleA[7] (in)
                                         io_inScaleA[7] (net)
                  0.01    0.00    2.00 v input16/A (sky130_fd_sc_hd__buf_6)
     5    0.02    0.02    0.08    2.08 v input16/X (sky130_fd_sc_hd__buf_6)
                                         net16 (net)
                  0.02    0.00    2.08 v _1585_/A1 (sky130_fd_sc_hd__o21ai_4)
     5    0.04    0.24    0.22    2.30 ^ _1585_/Y (sky130_fd_sc_hd__o21ai_4)
                                         _0419_ (net)
                  0.24    0.00    2.30 ^ _1595_/A (sky130_fd_sc_hd__xnor2_2)
     1    0.02    0.08    0.09    2.39 v _1595_/Y (sky130_fd_sc_hd__xnor2_2)
                                         _0521_ (net)
                  0.08    0.00    2.39 v _1596_/B (sky130_fd_sc_hd__xnor2_4)
     2    0.01    0.06    0.12    2.51 v _1596_/Y (sky130_fd_sc_hd__xnor2_4)
                                         _0530_ (net)
                  0.06    0.00    2.51 v _1597_/B (sky130_fd_sc_hd__xnor2_2)
     2    0.01    0.07    0.11    2.62 v _1597_/Y (sky130_fd_sc_hd__xnor2_2)
                                         _0540_ (net)
                  0.07    0.00    2.62 v _1621_/B (sky130_fd_sc_hd__or3_4)
     1    0.00    0.04    0.24    2.86 v _1621_/X (sky130_fd_sc_hd__or3_4)
                                         _0705_ (net)
                  0.04    0.00    2.86 v _1622_/B1_N (sky130_fd_sc_hd__a21bo_4)
     2    0.01    0.05    0.14    3.00 ^ _1622_/X (sky130_fd_sc_hd__a21bo_4)
                                         _0706_ (net)
                  0.05    0.00    3.00 ^ _1626_/A (sky130_fd_sc_hd__xor2_2)
     2    0.01    0.14    0.13    3.13 ^ _1626_/X (sky130_fd_sc_hd__xor2_2)
                                         _0710_ (net)
                  0.14    0.00    3.13 ^ _1637_/B (sky130_fd_sc_hd__nand2_1)
     2    0.01    0.05    0.06    3.18 v _1637_/Y (sky130_fd_sc_hd__nand2_1)
                                         _0721_ (net)
                  0.05    0.00    3.18 v _1647_/A2 (sky130_fd_sc_hd__a21oi_1)
     3    0.01    0.23    0.22    3.41 ^ _1647_/Y (sky130_fd_sc_hd__a21oi_1)
                                         _0731_ (net)
                  0.23    0.00    3.41 ^ _1649_/A (sky130_fd_sc_hd__nor2_1)
     2    0.01    0.08    0.08    3.49 v _1649_/Y (sky130_fd_sc_hd__nor2_1)
                                         _0733_ (net)
                  0.08    0.00    3.49 v _1650_/B (sky130_fd_sc_hd__xnor2_1)
     2    0.01    0.22    0.22    3.71 ^ _1650_/Y (sky130_fd_sc_hd__xnor2_1)
                                         _0734_ (net)
                  0.22    0.00    3.71 ^ _1651_/B1 (sky130_fd_sc_hd__o21ai_4)
     6    0.02    0.07    0.05    3.76 v _1651_/Y (sky130_fd_sc_hd__o21ai_4)
                                         _0735_ (net)
                  0.07    0.00    3.76 v _1687_/B (sky130_fd_sc_hd__and3_1)
     2    0.01    0.03    0.13    3.89 v _1687_/X (sky130_fd_sc_hd__and3_1)
                                         _0771_ (net)
                  0.03    0.00    3.89 v _1688_/B (sky130_fd_sc_hd__or2_4)
     3    0.01    0.04    0.16    4.05 v _1688_/X (sky130_fd_sc_hd__or2_4)
                                         _0772_ (net)
                  0.04    0.00    4.05 v _1689_/B (sky130_fd_sc_hd__or2_4)
     2    0.01    0.03    0.15    4.20 v _1689_/X (sky130_fd_sc_hd__or2_4)
                                         _0773_ (net)
                  0.03    0.00    4.20 v _1690_/B (sky130_fd_sc_hd__or3_4)
     3    0.02    0.06    0.26    4.46 v _1690_/X (sky130_fd_sc_hd__or3_4)
                                         _0774_ (net)
                  0.06    0.00    4.46 v _1727_/A (sky130_fd_sc_hd__nand2_4)
     2    0.01    0.05    0.06    4.52 ^ _1727_/Y (sky130_fd_sc_hd__nand2_4)
                                         _0811_ (net)
                  0.05    0.00    4.52 ^ _1730_/A (sky130_fd_sc_hd__xor2_2)
     2    0.01    0.10    0.10    4.62 ^ _1730_/X (sky130_fd_sc_hd__xor2_2)
                                         _0814_ (net)
                  0.10    0.00    4.62 ^ _1747_/A (sky130_fd_sc_hd__xnor2_1)
     2    0.01    0.05    0.07    4.69 v _1747_/Y (sky130_fd_sc_hd__xnor2_1)
                                         _0831_ (net)
                  0.05    0.00    4.69 v _1748_/B (sky130_fd_sc_hd__and2_4)
     2    0.01    0.03    0.11    4.80 v _1748_/X (sky130_fd_sc_hd__and2_4)
                                         _0832_ (net)
                  0.03    0.00    4.80 v _1750_/A (sky130_fd_sc_hd__or2_4)
     2    0.01    0.04    0.17    4.97 v _1750_/X (sky130_fd_sc_hd__or2_4)
                                         _0834_ (net)
                  0.04    0.00    4.97 v _1840_/A1 (sky130_fd_sc_hd__o211a_1)
     2    0.01    0.05    0.17    5.14 v _1840_/X (sky130_fd_sc_hd__o211a_1)
                                         _0924_ (net)
                  0.05    0.00    5.14 v _1841_/A3 (sky130_fd_sc_hd__o31a_4)
     4    0.02    0.05    0.21    5.35 v _1841_/X (sky130_fd_sc_hd__o31a_4)
                                         _0925_ (net)
                  0.05    0.00    5.35 v rebuffer28/A (sky130_fd_sc_hd__buf_8)
     1    0.02    0.02    0.09    5.44 v rebuffer28/X (sky130_fd_sc_hd__buf_8)
                                         net83 (net)
                  0.02    0.00    5.44 v _1879_/A (sky130_fd_sc_hd__xnor2_4)
     7    0.02    0.16    0.17    5.61 ^ _1879_/Y (sky130_fd_sc_hd__xnor2_4)
                                         _0963_ (net)
                  0.16    0.00    5.61 ^ _1934_/A (sky130_fd_sc_hd__and4_1)
     2    0.01    0.10    0.18    5.79 ^ _1934_/X (sky130_fd_sc_hd__and4_1)
                                         _1018_ (net)
                  0.10    0.00    5.79 ^ _1935_/A (sky130_fd_sc_hd__buf_6)
     5    0.02    0.04    0.08    5.88 ^ _1935_/X (sky130_fd_sc_hd__buf_6)
                                         _1019_ (net)
                  0.04    0.00    5.88 ^ _1936_/A (sky130_fd_sc_hd__and2_4)
     1    0.01    0.03    0.09    5.96 ^ _1936_/X (sky130_fd_sc_hd__and2_4)
                                         _1020_ (net)
                  0.03    0.00    5.96 ^ _1937_/A (sky130_fd_sc_hd__buf_8)
     7    0.04    0.06    0.09    6.05 ^ _1937_/X (sky130_fd_sc_hd__buf_8)
                                         _1021_ (net)
                  0.06    0.00    6.05 ^ _1942_/B (sky130_fd_sc_hd__xnor2_4)
     2    0.01    0.06    0.05    6.11 v _1942_/Y (sky130_fd_sc_hd__xnor2_4)
                                         _1026_ (net)
                  0.06    0.00    6.11 v _1952_/A2 (sky130_fd_sc_hd__o221a_4)
     2    0.01    0.04    0.19    6.29 v _1952_/X (sky130_fd_sc_hd__o221a_4)
                                         _1036_ (net)
                  0.04    0.00    6.29 v _1955_/A (sky130_fd_sc_hd__nor2b_4)
     2    0.02    0.09    0.11    6.40 ^ _1955_/Y (sky130_fd_sc_hd__nor2b_4)
                                         _1039_ (net)
                  0.09    0.00    6.40 ^ _1958_/A2 (sky130_fd_sc_hd__a31oi_4)
     5    0.02    0.08    0.07    6.47 v _1958_/Y (sky130_fd_sc_hd__a31oi_4)
                                         _1042_ (net)
                  0.08    0.00    6.47 v _1959_/C (sky130_fd_sc_hd__or3_4)
     4    0.02    0.07    0.25    6.73 v _1959_/X (sky130_fd_sc_hd__or3_4)
                                         _1043_ (net)
                  0.07    0.00    6.73 v _1965_/A1 (sky130_fd_sc_hd__a21o_4)
     2    0.03    0.04    0.17    6.90 v _1965_/X (sky130_fd_sc_hd__a21o_4)
                                         _1049_ (net)
                  0.04    0.00    6.90 v _1971_/A1 (sky130_fd_sc_hd__a21o_4)
     2    0.02    0.04    0.16    7.06 v _1971_/X (sky130_fd_sc_hd__a21o_4)
                                         _1055_ (net)
                  0.04    0.00    7.06 v _1977_/A1 (sky130_fd_sc_hd__a21bo_4)
     2    0.02    0.04    0.16    7.22 v _1977_/X (sky130_fd_sc_hd__a21bo_4)
                                         _1061_ (net)
                  0.04    0.00    7.22 v _1986_/A1 (sky130_fd_sc_hd__a21o_4)
     2    0.02    0.04    0.16    7.38 v _1986_/X (sky130_fd_sc_hd__a21o_4)
                                         _1070_ (net)
                  0.04    0.00    7.38 v _1989_/A1 (sky130_fd_sc_hd__a21o_4)
     2    0.02    0.04    0.15    7.53 v _1989_/X (sky130_fd_sc_hd__a21o_4)
                                         _1073_ (net)
                  0.04    0.00    7.53 v _1992_/A1 (sky130_fd_sc_hd__a21oi_4)
     3    0.04    0.22    0.21    7.74 ^ _1992_/Y (sky130_fd_sc_hd__a21oi_4)
                                         _1076_ (net)
                  0.22    0.00    7.74 ^ max_cap1/A (sky130_fd_sc_hd__buf_6)
     3    0.04    0.06    0.11    7.85 ^ max_cap1/X (sky130_fd_sc_hd__buf_6)
                                         net90 (net)
                  0.06    0.00    7.85 ^ _2007_/B (sky130_fd_sc_hd__xnor2_4)
     6    0.05    0.32    0.15    8.00 ^ _2007_/Y (sky130_fd_sc_hd__xnor2_4)
                                         _1091_ (net)
                  0.32    0.00    8.01 ^ _2008_/A (sky130_fd_sc_hd__buf_6)
     5    0.03    0.05    0.11    8.11 ^ _2008_/X (sky130_fd_sc_hd__buf_6)
                                         _1092_ (net)
                  0.05    0.00    8.11 ^ _2141_/S (sky130_fd_sc_hd__mux2_2)
     2    0.02    0.06    0.24    8.36 v _2141_/X (sky130_fd_sc_hd__mux2_2)
                                         _1225_ (net)
                  0.06    0.00    8.36 v _2142_/A2 (sky130_fd_sc_hd__a21o_1)
     2    0.01    0.03    0.14    8.50 v _2142_/X (sky130_fd_sc_hd__a21o_1)
                                         _1226_ (net)
                  0.03    0.00    8.50 v _2149_/A (sky130_fd_sc_hd__and2_1)
     2    0.01    0.04    0.10    8.60 v _2149_/X (sky130_fd_sc_hd__and2_1)
                                         _1233_ (net)
                  0.04    0.00    8.60 v _2182_/A1 (sky130_fd_sc_hd__a211oi_2)
     2    0.02    0.23    0.22    8.83 ^ _2182_/Y (sky130_fd_sc_hd__a211oi_2)
                                         _1266_ (net)
                  0.23    0.00    8.83 ^ _2317_/D1 (sky130_fd_sc_hd__a2111o_1)
     3    0.01    0.08    0.10    8.93 ^ _2317_/X (sky130_fd_sc_hd__a2111o_1)
                                         _1401_ (net)
                  0.08    0.00    8.93 ^ rebuffer7/A (sky130_fd_sc_hd__clkbuf_1)
     1    0.00    0.04    0.06    8.99 ^ rebuffer7/X (sky130_fd_sc_hd__clkbuf_1)
                                         net62 (net)
                  0.04    0.00    8.99 ^ rebuffer4/A (sky130_fd_sc_hd__clkbuf_1)
     1    0.01    0.06    0.08    9.07 ^ rebuffer4/X (sky130_fd_sc_hd__clkbuf_1)
                                         net59 (net)
                  0.06    0.00    9.07 ^ _2320_/A (sky130_fd_sc_hd__nand3_2)
     2    0.01    0.04    0.05    9.12 v _2320_/Y (sky130_fd_sc_hd__nand3_2)
                                         _1404_ (net)
                  0.04    0.00    9.12 v _2357_/A2 (sky130_fd_sc_hd__a2111o_4)
     4    0.02    0.07    0.35    9.47 v _2357_/X (sky130_fd_sc_hd__a2111o_4)
                                         _1441_ (net)
                  0.07    0.00    9.47 v _2359_/A2 (sky130_fd_sc_hd__a21o_1)
     3    0.01    0.05    0.16    9.62 v _2359_/X (sky130_fd_sc_hd__a21o_1)
                                         _1443_ (net)
                  0.05    0.00    9.62 v _2374_/A2 (sky130_fd_sc_hd__a311o_1)
     3    0.01    0.07    0.24    9.86 v _2374_/X (sky130_fd_sc_hd__a311o_1)
                                         _1459_ (net)
                  0.07    0.00    9.86 v _2391_/A1 (sky130_fd_sc_hd__a2111o_1)
     2    0.01    0.08    0.28   10.14 v _2391_/X (sky130_fd_sc_hd__a2111o_1)
                                         _1478_ (net)
                  0.08    0.00   10.14 v _2400_/A1 (sky130_fd_sc_hd__a41oi_4)
     4    0.02    0.18    0.16   10.30 ^ _2400_/Y (sky130_fd_sc_hd__a41oi_4)
                                         _1488_ (net)
                  0.18    0.00   10.30 ^ _2437_/A2 (sky130_fd_sc_hd__a311oi_2)
     2    0.01    0.07    0.08   10.38 v _2437_/Y (sky130_fd_sc_hd__a311oi_2)
                                         _1527_ (net)
                  0.07    0.00   10.38 v _2461_/A2 (sky130_fd_sc_hd__a2111o_1)
     2    0.01    0.06    0.29   10.68 v _2461_/X (sky130_fd_sc_hd__a2111o_1)
                                         _0047_ (net)
                  0.06    0.00   10.68 v _2489_/A1 (sky130_fd_sc_hd__a21o_1)
     2    0.01    0.04    0.12   10.80 v _2489_/X (sky130_fd_sc_hd__a21o_1)
                                         _0077_ (net)
                  0.04    0.00   10.80 v rebuffer12/A (sky130_fd_sc_hd__buf_2)
     1    0.00    0.02    0.08   10.88 v rebuffer12/X (sky130_fd_sc_hd__buf_2)
                                         net67 (net)
                  0.02    0.00   10.88 v _2558_/A1 (sky130_fd_sc_hd__a31o_1)
     1    0.01    0.04    0.12   11.00 v _2558_/X (sky130_fd_sc_hd__a31o_1)
                                         _0153_ (net)
                  0.04    0.00   11.00 v _2559_/A1 (sky130_fd_sc_hd__a311oi_2)
     2    0.01    0.22    0.20   11.20 ^ _2559_/Y (sky130_fd_sc_hd__a311oi_2)
                                         _0154_ (net)
                  0.22    0.00   11.20 ^ _2570_/A2 (sky130_fd_sc_hd__o31a_4)
     3    0.02    0.05    0.13   11.33 ^ _2570_/X (sky130_fd_sc_hd__o31a_4)
                                         _0167_ (net)
                  0.05    0.00   11.33 ^ rebuffer9/A (sky130_fd_sc_hd__buf_2)
     4    0.01    0.04    0.09   11.42 ^ rebuffer9/X (sky130_fd_sc_hd__buf_2)
                                         net64 (net)
                  0.04    0.00   11.42 ^ rebuffer10/A (sky130_fd_sc_hd__dlymetal6s2s_1)
     3    0.01    0.09    0.10   11.52 ^ rebuffer10/X (sky130_fd_sc_hd__dlymetal6s2s_1)
                                         net65 (net)
                  0.09    0.00   11.52 ^ _2571_/A (sky130_fd_sc_hd__buf_2)
    10    0.03    0.12    0.15   11.68 ^ _2571_/X (sky130_fd_sc_hd__buf_2)
                                         _0168_ (net)
                  0.12    0.00   11.68 ^ _2730_/A (sky130_fd_sc_hd__nor2_1)
     1    0.01    0.05    0.06   11.73 v _2730_/Y (sky130_fd_sc_hd__nor2_1)
                                         _0343_ (net)
                  0.05    0.00   11.73 v _2731_/B (sky130_fd_sc_hd__xnor2_2)
     5    0.02    0.21    0.19   11.93 ^ _2731_/Y (sky130_fd_sc_hd__xnor2_2)
                                         _0344_ (net)
                  0.21    0.00   11.93 ^ _2776_/A (sky130_fd_sc_hd__nand2_1)
     2    0.01    0.07    0.06   11.99 v _2776_/Y (sky130_fd_sc_hd__nand2_1)
                                         _0393_ (net)
                  0.07    0.00   11.99 v _2777_/B1 (sky130_fd_sc_hd__a31o_1)
     1    0.00    0.03    0.09   12.08 v _2777_/X (sky130_fd_sc_hd__a31o_1)
                                         _0394_ (net)
                  0.03    0.00   12.08 v _2778_/A3 (sky130_fd_sc_hd__a31oi_1)
     1    0.01    0.13    0.14   12.22 ^ _2778_/Y (sky130_fd_sc_hd__a31oi_1)
                                         _0395_ (net)
                  0.13    0.00   12.22 ^ _2779_/A2 (sky130_fd_sc_hd__o21bai_1)
     1    0.00    0.04    0.05   12.27 v _2779_/Y (sky130_fd_sc_hd__o21bai_1)
                                         _0396_ (net)
                  0.04    0.00   12.27 v _2780_/A3 (sky130_fd_sc_hd__a311o_1)
     1    0.01    0.05    0.24   12.51 v _2780_/X (sky130_fd_sc_hd__a311o_1)
                                         _0398_ (net)
                  0.05    0.00   12.51 v _2781_/A2 (sky130_fd_sc_hd__a21oi_1)
     2    0.01    0.11    0.13   12.64 ^ _2781_/Y (sky130_fd_sc_hd__a21oi_1)
                                         _0399_ (net)
                  0.11    0.00   12.64 ^ _2824_/B (sky130_fd_sc_hd__or2_1)
     1    0.00    0.03    0.07   12.72 ^ _2824_/X (sky130_fd_sc_hd__or2_1)
                                         _0445_ (net)
                  0.03    0.00   12.72 ^ _2825_/A (sky130_fd_sc_hd__buf_2)
     7    0.04    0.16    0.17   12.88 ^ _2825_/X (sky130_fd_sc_hd__buf_2)
                                         _0446_ (net)
                  0.16    0.00   12.89 ^ _3013_/A (sky130_fd_sc_hd__nor2_1)
     3    0.01    0.07    0.07   12.96 v _3013_/Y (sky130_fd_sc_hd__nor2_1)
                                         _0630_ (net)
                  0.07    0.00   12.96 v _3015_/A (sky130_fd_sc_hd__nor2_2)
     3    0.01    0.10    0.12   13.08 ^ _3015_/Y (sky130_fd_sc_hd__nor2_2)
                                         _0632_ (net)
                  0.10    0.00   13.08 ^ _3031_/A (sky130_fd_sc_hd__inv_2)
     1    0.00    0.02    0.01   13.10 v _3031_/Y (sky130_fd_sc_hd__inv_2)
                                         _0648_ (net)
                  0.02    0.00   13.10 v _3032_/A3 (sky130_fd_sc_hd__a41o_1)
     2    0.01    0.05    0.17   13.27 v _3032_/X (sky130_fd_sc_hd__a41o_1)
                                         _0649_ (net)
                  0.05    0.00   13.27 v _3044_/A2 (sky130_fd_sc_hd__a21bo_1)
     2    0.01    0.05    0.16   13.43 v _3044_/X (sky130_fd_sc_hd__a21bo_1)
                                         _0661_ (net)
                  0.05    0.00   13.43 v _3056_/A1 (sky130_fd_sc_hd__a21oi_2)
     2    0.01    0.12    0.14   13.56 ^ _3056_/Y (sky130_fd_sc_hd__a21oi_2)
                                         _0673_ (net)
                  0.12    0.00   13.57 ^ _3063_/B1 (sky130_fd_sc_hd__o22ai_2)
     2    0.01    0.05    0.05   13.61 v _3063_/Y (sky130_fd_sc_hd__o22ai_2)
                                         _0680_ (net)
                  0.05    0.00   13.61 v _3067_/A (sky130_fd_sc_hd__or2_1)
     1    0.00    0.03    0.14   13.76 v _3067_/X (sky130_fd_sc_hd__or2_1)
                                         _0684_ (net)
                  0.03    0.00   13.76 v _3068_/B (sky130_fd_sc_hd__and2_4)
     1    0.00    0.02    0.10   13.86 v _3068_/X (sky130_fd_sc_hd__and2_4)
                                         _0685_ (net)
                  0.02    0.00   13.86 v _3070_/A2 (sky130_fd_sc_hd__o211a_1)
     1    0.00    0.03    0.13   13.99 v _3070_/X (sky130_fd_sc_hd__o211a_1)
                                         _0030_ (net)
                  0.03    0.00   13.99 v _3113_/D (sky130_fd_sc_hd__dfxtp_1)
                                 13.99   data arrival time

                         10.00   10.00   clock clock (rise edge)
                          0.00   10.00   clock source latency
     1    0.02    0.06    0.04   10.04 ^ clock (in)
                                         clock (net)
                  0.06    0.00   10.04 ^ clkbuf_0_clock/A (sky130_fd_sc_hd__clkbuf_16)
     4    0.05    0.05    0.10   10.15 ^ clkbuf_0_clock/X (sky130_fd_sc_hd__clkbuf_16)
                                         clknet_0_clock (net)
                  0.05    0.00   10.15 ^ clkbuf_2_2__f_clock/A (sky130_fd_sc_hd__clkbuf_16)
     7    0.03    0.04    0.09   10.24 ^ clkbuf_2_2__f_clock/X (sky130_fd_sc_hd__clkbuf_16)
                                         clknet_2_2__leaf_clock (net)
                  0.04    0.00   10.24 ^ _3113_/CLK (sky130_fd_sc_hd__dfxtp_1)
                         -0.25    9.99   clock uncertainty
                          0.00    9.99   clock reconvergence pessimism
                         -0.07    9.92   library setup time
                                  9.92   data required time
-----------------------------------------------------------------------------
                                  9.92   data required time
                                -13.99   data arrival time
-----------------------------------------------------------------------------
                                 -4.07   slack (VIOLATED)



======================= Slowest Corner ===================================

Startpoint: io_inScaleA[7] (input port clocked by clock)
Endpoint: _3113_ (rising edge-triggered flip-flop clocked by clock)
Path Group: clock
Path Type: max
Corner: Slowest

Fanout     Cap    Slew   Delay    Time   Description
-----------------------------------------------------------------------------
                          0.00    0.00   clock clock (rise edge)
                          0.00    0.00   clock network delay (propagated)
                          2.00    2.00 v input external delay
     1    0.01    0.03    0.02    2.02 v io_inScaleA[7] (in)
                                         io_inScaleA[7] (net)
                  0.03    0.00    2.02 v input16/A (sky130_fd_sc_hd__buf_6)
     5    0.02    0.06    0.22    2.23 v input16/X (sky130_fd_sc_hd__buf_6)
                                         net16 (net)
                  0.06    0.00    2.23 v _1585_/A1 (sky130_fd_sc_hd__o21ai_4)
     5    0.04    0.51    0.51    2.75 ^ _1585_/Y (sky130_fd_sc_hd__o21ai_4)
                                         _0419_ (net)
                  0.51    0.00    2.75 ^ _1595_/A (sky130_fd_sc_hd__xnor2_2)
     1    0.02    0.21    0.39    3.14 v _1595_/Y (sky130_fd_sc_hd__xnor2_2)
                                         _0521_ (net)
                  0.21    0.00    3.14 v _1596_/B (sky130_fd_sc_hd__xnor2_4)
     2    0.01    0.13    0.33    3.47 v _1596_/Y (sky130_fd_sc_hd__xnor2_4)
                                         _0530_ (net)
                  0.13    0.00    3.47 v _1597_/B (sky130_fd_sc_hd__xnor2_2)
     2    0.01    0.18    0.33    3.80 v _1597_/Y (sky130_fd_sc_hd__xnor2_2)
                                         _0540_ (net)
                  0.18    0.00    3.80 v _1621_/B (sky130_fd_sc_hd__or3_4)
     1    0.00    0.11    0.78    4.58 v _1621_/X (sky130_fd_sc_hd__or3_4)
                                         _0705_ (net)
                  0.11    0.00    4.58 v _1622_/B1_N (sky130_fd_sc_hd__a21bo_4)
     2    0.01    0.10    0.38    4.96 ^ _1622_/X (sky130_fd_sc_hd__a21bo_4)
                                         _0706_ (net)
                  0.10    0.00    4.96 ^ _1626_/A (sky130_fd_sc_hd__xor2_2)
     2    0.01    0.29    0.33    5.29 ^ _1626_/X (sky130_fd_sc_hd__xor2_2)
                                         _0710_ (net)
                  0.29    0.00    5.29 ^ _1627_/B (sky130_fd_sc_hd__xnor2_2)
     2    0.02    0.48    0.39    5.68 ^ _1627_/Y (sky130_fd_sc_hd__xnor2_2)
                                         _0711_ (net)
                  0.48    0.00    5.68 ^ _1628_/A (sky130_fd_sc_hd__xor2_4)
     2    0.02    0.29    0.47    6.15 ^ _1628_/X (sky130_fd_sc_hd__xor2_4)
                                         _0712_ (net)
                  0.29    0.00    6.15 ^ _1633_/A_N (sky130_fd_sc_hd__and2b_1)
     1    0.00    0.07    0.46    6.62 v _1633_/X (sky130_fd_sc_hd__and2b_1)
                                         _0717_ (net)
                  0.07    0.00    6.62 v _1634_/B1 (sky130_fd_sc_hd__a31o_1)
     2    0.01    0.15    0.45    7.06 v _1634_/X (sky130_fd_sc_hd__a31o_1)
                                         _0718_ (net)
                  0.15    0.00    7.06 v _1651_/A1 (sky130_fd_sc_hd__o21ai_4)
     6    0.02    0.33    0.42    7.48 ^ _1651_/Y (sky130_fd_sc_hd__o21ai_4)
                                         _0735_ (net)
                  0.33    0.00    7.48 ^ _1697_/A1 (sky130_fd_sc_hd__a31o_4)
     2    0.02    0.11    0.44    7.92 ^ _1697_/X (sky130_fd_sc_hd__a31o_4)
                                         _0781_ (net)
                  0.11    0.00    7.93 ^ _1701_/A (sky130_fd_sc_hd__xnor2_2)
     5    0.02    0.24    0.29    8.21 v _1701_/Y (sky130_fd_sc_hd__xnor2_2)
                                         _0785_ (net)
                  0.24    0.00    8.21 v _1741_/C (sky130_fd_sc_hd__or3_4)
     3    0.01    0.14    0.79    9.01 v _1741_/X (sky130_fd_sc_hd__or3_4)
                                         _0825_ (net)
                  0.14    0.00    9.01 v _1756_/A (sky130_fd_sc_hd__and2_4)
     2    0.01    0.06    0.31    9.32 v _1756_/X (sky130_fd_sc_hd__and2_4)
                                         _0840_ (net)
                  0.06    0.00    9.32 v _1759_/B (sky130_fd_sc_hd__xnor2_2)
     2    0.01    0.11    0.26    9.57 v _1759_/Y (sky130_fd_sc_hd__xnor2_2)
                                         _0843_ (net)
                  0.11    0.00    9.57 v _1776_/B (sky130_fd_sc_hd__xnor2_1)
     2    0.01    0.12    0.26    9.84 v _1776_/Y (sky130_fd_sc_hd__xnor2_1)
                                         _0860_ (net)
                  0.12    0.00    9.84 v _1777_/C (sky130_fd_sc_hd__or3_1)
     2    0.01    0.17    0.82   10.66 v _1777_/X (sky130_fd_sc_hd__or3_1)
                                         _0861_ (net)
                  0.17    0.00   10.66 v _1834_/A1 (sky130_fd_sc_hd__a21o_1)
     2    0.01    0.15    0.44   11.10 v _1834_/X (sky130_fd_sc_hd__a21o_1)
                                         _0918_ (net)
                  0.15    0.00   11.10 v _1836_/A2 (sky130_fd_sc_hd__a21oi_4)
     3    0.02    0.28    0.39   11.49 ^ _1836_/Y (sky130_fd_sc_hd__a21oi_4)
                                         _0920_ (net)
                  0.28    0.00   11.49 ^ _1875_/A2 (sky130_fd_sc_hd__o21a_1)
     1    0.01    0.16    0.37   11.86 ^ _1875_/X (sky130_fd_sc_hd__o21a_1)
                                         _0959_ (net)
                  0.16    0.00   11.86 ^ _1877_/B (sky130_fd_sc_hd__xnor2_2)
     6    0.02    0.46    0.33   12.19 ^ _1877_/Y (sky130_fd_sc_hd__xnor2_2)
                                         _0961_ (net)
                  0.46    0.00   12.19 ^ _1924_/B (sky130_fd_sc_hd__and4b_1)
     2    0.01    0.20    0.63   12.82 ^ _1924_/X (sky130_fd_sc_hd__and4b_1)
                                         _1008_ (net)
                  0.20    0.00   12.82 ^ _1926_/B_N (sky130_fd_sc_hd__and4bb_1)
     1    0.01    0.10    0.54   13.36 v _1926_/X (sky130_fd_sc_hd__and4bb_1)
                                         _1010_ (net)
                  0.10    0.00   13.36 v _1927_/A (sky130_fd_sc_hd__buf_6)
     8    0.03    0.08    0.28   13.63 v _1927_/X (sky130_fd_sc_hd__buf_6)
                                         _1011_ (net)
                  0.08    0.00   13.63 v _1943_/A (sky130_fd_sc_hd__or2b_1)
     3    0.01    0.16    0.59   14.22 v _1943_/X (sky130_fd_sc_hd__or2b_1)
                                         _1027_ (net)
                  0.16    0.00   14.22 v _1947_/B1 (sky130_fd_sc_hd__o21a_1)
     1    0.01    0.09    0.26   14.49 v _1947_/X (sky130_fd_sc_hd__o21a_1)
                                         _1031_ (net)
                  0.09    0.00   14.49 v _1952_/B1 (sky130_fd_sc_hd__o221a_4)
     2    0.01    0.10    0.51   15.00 v _1952_/X (sky130_fd_sc_hd__o221a_4)
                                         _1036_ (net)
                  0.10    0.00   15.00 v _1955_/A (sky130_fd_sc_hd__nor2b_4)
     2    0.02    0.20    0.27   15.27 ^ _1955_/Y (sky130_fd_sc_hd__nor2b_4)
                                         _1039_ (net)
                  0.20    0.00   15.27 ^ _1958_/A2 (sky130_fd_sc_hd__a31oi_4)
     5    0.02    0.20    0.27   15.54 v _1958_/Y (sky130_fd_sc_hd__a31oi_4)
                                         _1042_ (net)
                  0.20    0.00   15.54 v _1959_/C (sky130_fd_sc_hd__or3_4)
     4    0.02    0.17    0.83   16.37 v _1959_/X (sky130_fd_sc_hd__or3_4)
                                         _1043_ (net)
                  0.17    0.00   16.37 v _1965_/A1 (sky130_fd_sc_hd__a21o_4)
     2    0.03    0.10    0.49   16.86 v _1965_/X (sky130_fd_sc_hd__a21o_4)
                                         _1049_ (net)
                  0.10    0.00   16.86 v _1971_/A1 (sky130_fd_sc_hd__a21o_4)
     2    0.02    0.10    0.45   17.31 v _1971_/X (sky130_fd_sc_hd__a21o_4)
                                         _1055_ (net)
                  0.10    0.00   17.31 v _1977_/A1 (sky130_fd_sc_hd__a21bo_4)
     2    0.02    0.10    0.47   17.78 v _1977_/X (sky130_fd_sc_hd__a21bo_4)
                                         _1061_ (net)
                  0.10    0.00   17.78 v _1986_/A1 (sky130_fd_sc_hd__a21o_4)
     2    0.02    0.10    0.45   18.24 v _1986_/X (sky130_fd_sc_hd__a21o_4)
                                         _1070_ (net)
                  0.10    0.00   18.24 v _1989_/A1 (sky130_fd_sc_hd__a21o_4)
     2    0.02    0.09    0.44   18.68 v _1989_/X (sky130_fd_sc_hd__a21o_4)
                                         _1073_ (net)
                  0.09    0.00   18.68 v _1992_/A1 (sky130_fd_sc_hd__a21oi_4)
     3    0.04    0.47    0.48   19.16 ^ _1992_/Y (sky130_fd_sc_hd__a21oi_4)
                                         _1076_ (net)
                  0.47    0.00   19.16 ^ max_cap1/A (sky130_fd_sc_hd__buf_6)
     3    0.04    0.13    0.40   19.56 ^ max_cap1/X (sky130_fd_sc_hd__buf_6)
                                         net90 (net)
                  0.13    0.00   19.56 ^ _2007_/B (sky130_fd_sc_hd__xnor2_4)
     6    0.05    0.65    0.38   19.95 ^ _2007_/Y (sky130_fd_sc_hd__xnor2_4)
                                         _1091_ (net)
                  0.65    0.01   19.95 ^ clone3/A (sky130_fd_sc_hd__buf_6)
     5    0.03    0.11    0.45   20.40 ^ clone3/X (sky130_fd_sc_hd__buf_6)
                                         net58 (net)
                  0.11    0.00   20.40 ^ _2154_/S (sky130_fd_sc_hd__mux2_2)
     2    0.02    0.16    0.83   21.23 v _2154_/X (sky130_fd_sc_hd__mux2_2)
                                         _1238_ (net)
                  0.16    0.00   21.23 v _2155_/A2 (sky130_fd_sc_hd__a21o_1)
     2    0.00    0.07    0.38   21.61 v _2155_/X (sky130_fd_sc_hd__a21o_1)
                                         _1239_ (net)
                  0.07    0.00   21.61 v _2162_/B (sky130_fd_sc_hd__and3_1)
     2    0.01    0.12    0.41   22.02 v _2162_/X (sky130_fd_sc_hd__and3_1)
                                         _1246_ (net)
                  0.12    0.00   22.02 v _2182_/C1 (sky130_fd_sc_hd__a211oi_2)
     2    0.01    0.52    0.51   22.52 ^ _2182_/Y (sky130_fd_sc_hd__a211oi_2)
                                         _1266_ (net)
                  0.52    0.00   22.53 ^ _2317_/D1 (sky130_fd_sc_hd__a2111o_1)
     3    0.01    0.18    0.41   22.94 ^ _2317_/X (sky130_fd_sc_hd__a2111o_1)
                                         _1401_ (net)
                  0.18    0.00   22.94 ^ rebuffer7/A (sky130_fd_sc_hd__clkbuf_1)
     1    0.00    0.08    0.21   23.15 ^ rebuffer7/X (sky130_fd_sc_hd__clkbuf_1)
                                         net62 (net)
                  0.08    0.00   23.15 ^ rebuffer4/A (sky130_fd_sc_hd__clkbuf_1)
     1    0.01    0.13    0.21   23.36 ^ rebuffer4/X (sky130_fd_sc_hd__clkbuf_1)
                                         net59 (net)
                  0.13    0.00   23.36 ^ _2320_/A (sky130_fd_sc_hd__nand3_2)
     2    0.01    0.15    0.18   23.54 v _2320_/Y (sky130_fd_sc_hd__nand3_2)
                                         _1404_ (net)
                  0.15    0.00   23.54 v _2357_/A2 (sky130_fd_sc_hd__a2111o_4)
     4    0.02    0.16    1.05   24.59 v _2357_/X (sky130_fd_sc_hd__a2111o_4)
                                         _1441_ (net)
                  0.16    0.00   24.59 v _2359_/A2 (sky130_fd_sc_hd__a21o_1)
     3    0.01    0.12    0.44   25.03 v _2359_/X (sky130_fd_sc_hd__a21o_1)
                                         _1443_ (net)
                  0.12    0.00   25.03 v _2374_/A2 (sky130_fd_sc_hd__a311o_1)
     3    0.01    0.17    0.72   25.75 v _2374_/X (sky130_fd_sc_hd__a311o_1)
                                         _1459_ (net)
                  0.17    0.00   25.75 v _2391_/A1 (sky130_fd_sc_hd__a2111o_1)
     2    0.01    0.21    0.91   26.66 v _2391_/X (sky130_fd_sc_hd__a2111o_1)
                                         _1478_ (net)
                  0.21    0.00   26.66 v _2400_/A1 (sky130_fd_sc_hd__a41oi_4)
     4    0.02    0.34    0.39   27.06 ^ _2400_/Y (sky130_fd_sc_hd__a41oi_4)
                                         _1488_ (net)
                  0.34    0.00   27.06 ^ _2437_/A2 (sky130_fd_sc_hd__a311oi_2)
     2    0.01    0.20    0.34   27.40 v _2437_/Y (sky130_fd_sc_hd__a311oi_2)
                                         _1527_ (net)
                  0.20    0.00   27.40 v _2461_/A2 (sky130_fd_sc_hd__a2111o_1)
     2    0.01    0.15    0.93   28.33 v _2461_/X (sky130_fd_sc_hd__a2111o_1)
                                         _0047_ (net)
                  0.15    0.00   28.33 v _2489_/A1 (sky130_fd_sc_hd__a21o_1)
     2    0.01    0.09    0.37   28.70 v _2489_/X (sky130_fd_sc_hd__a21o_1)
                                         _0077_ (net)
                  0.09    0.00   28.70 v _2495_/A (sky130_fd_sc_hd__and3_1)
     3    0.01    0.15    0.41   29.11 v _2495_/X (sky130_fd_sc_hd__and3_1)
                                         _0084_ (net)
                  0.15    0.00   29.11 v _2557_/A3 (sky130_fd_sc_hd__o311a_4)
     2    0.01    0.10    0.63   29.74 v _2557_/X (sky130_fd_sc_hd__o311a_4)
                                         _0152_ (net)
                  0.10    0.00   29.74 v _2570_/A3 (sky130_fd_sc_hd__o31a_4)
     3    0.02    0.11    0.59   30.33 v _2570_/X (sky130_fd_sc_hd__o31a_4)
                                         _0167_ (net)
                  0.11    0.00   30.33 v rebuffer9/A (sky130_fd_sc_hd__buf_2)
     4    0.01    0.07    0.29   30.62 v rebuffer9/X (sky130_fd_sc_hd__buf_2)
                                         net64 (net)
                  0.07    0.00   30.62 v rebuffer10/A (sky130_fd_sc_hd__dlymetal6s2s_1)
     3    0.01    0.12    0.34   30.95 v rebuffer10/X (sky130_fd_sc_hd__dlymetal6s2s_1)
                                         net65 (net)
                  0.12    0.00   30.95 v _2571_/A (sky130_fd_sc_hd__buf_2)
    10    0.03    0.15    0.37   31.32 v _2571_/X (sky130_fd_sc_hd__buf_2)
                                         _0168_ (net)
                  0.15    0.00   31.32 v _2730_/A (sky130_fd_sc_hd__nor2_1)
     1    0.01    0.30    0.34   31.67 ^ _2730_/Y (sky130_fd_sc_hd__nor2_1)
                                         _0343_ (net)
                  0.30    0.00   31.67 ^ _2731_/B (sky130_fd_sc_hd__xnor2_2)
     5    0.02    0.44    0.38   32.04 ^ _2731_/Y (sky130_fd_sc_hd__xnor2_2)
                                         _0344_ (net)
                  0.44    0.00   32.04 ^ _2776_/A (sky130_fd_sc_hd__nand2_1)
     2    0.01    0.17    0.29   32.34 v _2776_/Y (sky130_fd_sc_hd__nand2_1)
                                         _0393_ (net)
                  0.17    0.00   32.34 v _2777_/B1 (sky130_fd_sc_hd__a31o_1)
     1    0.00    0.07    0.40   32.74 v _2777_/X (sky130_fd_sc_hd__a31o_1)
                                         _0394_ (net)
                  0.07    0.00   32.74 v _2778_/A3 (sky130_fd_sc_hd__a31oi_1)
     1    0.01    0.28    0.34   33.08 ^ _2778_/Y (sky130_fd_sc_hd__a31oi_1)
                                         _0395_ (net)
                  0.28    0.00   33.08 ^ _2779_/A2 (sky130_fd_sc_hd__o21bai_1)
     1    0.00    0.13    0.22   33.30 v _2779_/Y (sky130_fd_sc_hd__o21bai_1)
                                         _0396_ (net)
                  0.13    0.00   33.30 v _2780_/A3 (sky130_fd_sc_hd__a311o_1)
     1    0.01    0.12    0.73   34.03 v _2780_/X (sky130_fd_sc_hd__a311o_1)
                                         _0398_ (net)
                  0.12    0.00   34.03 v _2781_/A2 (sky130_fd_sc_hd__a21oi_1)
     2    0.01    0.24    0.32   34.35 ^ _2781_/Y (sky130_fd_sc_hd__a21oi_1)
                                         _0399_ (net)
                  0.24    0.00   34.35 ^ _2824_/B (sky130_fd_sc_hd__or2_1)
     1    0.00    0.06    0.24   34.59 ^ _2824_/X (sky130_fd_sc_hd__or2_1)
                                         _0445_ (net)
                  0.06    0.00   34.59 ^ _2825_/A (sky130_fd_sc_hd__buf_2)
     7    0.04    0.34    0.41   34.99 ^ _2825_/X (sky130_fd_sc_hd__buf_2)
                                         _0446_ (net)
                  0.34    0.00   34.99 ^ _3013_/A (sky130_fd_sc_hd__nor2_1)
     3    0.01    0.14    0.26   35.26 v _3013_/Y (sky130_fd_sc_hd__nor2_1)
                                         _0630_ (net)
                  0.14    0.00   35.26 v _3025_/A (sky130_fd_sc_hd__nor2_1)
     2    0.01    0.22    0.28   35.53 ^ _3025_/Y (sky130_fd_sc_hd__nor2_1)
                                         _0642_ (net)
                  0.22    0.00   35.53 ^ _3027_/A (sky130_fd_sc_hd__nor2_1)
     2    0.01    0.10    0.19   35.72 v _3027_/Y (sky130_fd_sc_hd__nor2_1)
                                         _0644_ (net)
                  0.10    0.00   35.72 v _3032_/A1 (sky130_fd_sc_hd__a41o_1)
     2    0.01    0.13    0.42   36.14 v _3032_/X (sky130_fd_sc_hd__a41o_1)
                                         _0649_ (net)
                  0.13    0.00   36.14 v _3044_/A2 (sky130_fd_sc_hd__a21bo_1)
     2    0.01    0.13    0.45   36.59 v _3044_/X (sky130_fd_sc_hd__a21bo_1)
                                         _0661_ (net)
                  0.13    0.00   36.59 v _3056_/A1 (sky130_fd_sc_hd__a21oi_2)
     2    0.01    0.27    0.34   36.92 ^ _3056_/Y (sky130_fd_sc_hd__a21oi_2)
                                         _0673_ (net)
                  0.27    0.00   36.93 ^ _3063_/B1 (sky130_fd_sc_hd__o22ai_2)
     2    0.01    0.13    0.24   37.16 v _3063_/Y (sky130_fd_sc_hd__o22ai_2)
                                         _0680_ (net)
                  0.13    0.00   37.16 v _3067_/A (sky130_fd_sc_hd__or2_1)
     1    0.00    0.10    0.55   37.72 v _3067_/X (sky130_fd_sc_hd__or2_1)
                                         _0684_ (net)
                  0.10    0.00   37.72 v _3068_/B (sky130_fd_sc_hd__and2_4)
     1    0.00    0.05    0.31   38.02 v _3068_/X (sky130_fd_sc_hd__and2_4)
                                         _0685_ (net)
                  0.05    0.00   38.02 v _3070_/A2 (sky130_fd_sc_hd__o211a_1)
     1    0.00    0.07    0.38   38.40 v _3070_/X (sky130_fd_sc_hd__o211a_1)
                                         _0030_ (net)
                  0.07    0.00   38.40 v _3113_/D (sky130_fd_sc_hd__dfxtp_1)
                                 38.40   data arrival time

                         10.00   10.00   clock clock (rise edge)
                          0.00   10.00   clock source latency
     1    0.02    0.13    0.09   10.09 ^ clock (in)
                                         clock (net)
                  0.13    0.00   10.09 ^ clkbuf_0_clock/A (sky130_fd_sc_hd__clkbuf_16)
     4    0.05    0.10    0.27   10.36 ^ clkbuf_0_clock/X (sky130_fd_sc_hd__clkbuf_16)
                                         clknet_0_clock (net)
                  0.10    0.00   10.36 ^ clkbuf_2_2__f_clock/A (sky130_fd_sc_hd__clkbuf_16)
     7    0.03    0.08    0.24   10.60 ^ clkbuf_2_2__f_clock/X (sky130_fd_sc_hd__clkbuf_16)
                                         clknet_2_2__leaf_clock (net)
                  0.08    0.00   10.60 ^ _3113_/CLK (sky130_fd_sc_hd__dfxtp_1)
                         -0.25   10.35   clock uncertainty
                          0.00   10.35   clock reconvergence pessimism
                         -0.27   10.08   library setup time
                                 10.08   data required time
-----------------------------------------------------------------------------
                                 10.08   data required time
                                -38.40   data arrival time
-----------------------------------------------------------------------------
                                -28.32   slack (VIOLATED)



======================= Typical Corner ===================================

Startpoint: io_inScaleA[7] (input port clocked by clock)
Endpoint: _3089_ (rising edge-triggered flip-flop clocked by clock)
Path Group: clock
Path Type: max
Corner: Typical

Fanout     Cap    Slew   Delay    Time   Description
-----------------------------------------------------------------------------
                          0.00    0.00   clock clock (rise edge)
                          0.00    0.00   clock network delay (propagated)
                          2.00    2.00 v input external delay
     1    0.01    0.01    0.01    2.01 v io_inScaleA[7] (in)
                                         io_inScaleA[7] (net)
                  0.01    0.00    2.01 v input16/A (sky130_fd_sc_hd__buf_6)
     5    0.02    0.03    0.12    2.13 v input16/X (sky130_fd_sc_hd__buf_6)
                                         net16 (net)
                  0.03    0.00    2.13 v _1585_/A1 (sky130_fd_sc_hd__o21ai_4)
     5    0.04    0.32    0.31    2.44 ^ _1585_/Y (sky130_fd_sc_hd__o21ai_4)
                                         _0419_ (net)
                  0.32    0.00    2.44 ^ _1595_/A (sky130_fd_sc_hd__xnor2_2)
     1    0.02    0.11    0.17    2.61 v _1595_/Y (sky130_fd_sc_hd__xnor2_2)
                                         _0521_ (net)
                  0.11    0.00    2.61 v _1596_/B (sky130_fd_sc_hd__xnor2_4)
     2    0.01    0.08    0.17    2.78 v _1596_/Y (sky130_fd_sc_hd__xnor2_4)
                                         _0530_ (net)
                  0.08    0.00    2.78 v _1597_/B (sky130_fd_sc_hd__xnor2_2)
     2    0.01    0.09    0.17    2.96 v _1597_/Y (sky130_fd_sc_hd__xnor2_2)
                                         _0540_ (net)
                  0.09    0.00    2.96 v _1621_/B (sky130_fd_sc_hd__or3_4)
     1    0.00    0.06    0.39    3.35 v _1621_/X (sky130_fd_sc_hd__or3_4)
                                         _0705_ (net)
                  0.06    0.00    3.35 v _1622_/B1_N (sky130_fd_sc_hd__a21bo_4)
     2    0.01    0.06    0.21    3.55 ^ _1622_/X (sky130_fd_sc_hd__a21bo_4)
                                         _0706_ (net)
                  0.06    0.00    3.56 ^ _1626_/A (sky130_fd_sc_hd__xor2_2)
     2    0.01    0.18    0.19    3.75 ^ _1626_/X (sky130_fd_sc_hd__xor2_2)
                                         _0710_ (net)
                  0.18    0.00    3.75 ^ _1627_/B (sky130_fd_sc_hd__xnor2_2)
     2    0.02    0.31    0.20    3.95 ^ _1627_/Y (sky130_fd_sc_hd__xnor2_2)
                                         _0711_ (net)
                  0.31    0.00    3.95 ^ _1628_/A (sky130_fd_sc_hd__xor2_4)
     2    0.02    0.18    0.24    4.20 ^ _1628_/X (sky130_fd_sc_hd__xor2_4)
                                         _0712_ (net)
                  0.18    0.00    4.20 ^ _1633_/A_N (sky130_fd_sc_hd__and2b_1)
     1    0.00    0.04    0.21    4.41 v _1633_/X (sky130_fd_sc_hd__and2b_1)
                                         _0717_ (net)
                  0.04    0.00    4.41 v _1634_/B1 (sky130_fd_sc_hd__a31o_1)
     2    0.01    0.08    0.24    4.65 v _1634_/X (sky130_fd_sc_hd__a31o_1)
                                         _0718_ (net)
                  0.08    0.00    4.65 v _1651_/A1 (sky130_fd_sc_hd__o21ai_4)
     6    0.02    0.21    0.25    4.89 ^ _1651_/Y (sky130_fd_sc_hd__o21ai_4)
                                         _0735_ (net)
                  0.21    0.00    4.89 ^ _1662_/A (sky130_fd_sc_hd__nor2_1)
     1    0.00    0.06    0.09    4.98 v _1662_/Y (sky130_fd_sc_hd__nor2_1)
                                         _0746_ (net)
                  0.06    0.00    4.98 v _1676_/A1 (sky130_fd_sc_hd__a22o_2)
     2    0.02    0.07    0.29    5.28 v _1676_/X (sky130_fd_sc_hd__a22o_2)
                                         _0760_ (net)
                  0.07    0.00    5.28 v _1678_/A (sky130_fd_sc_hd__xor2_2)
     5    0.03    0.37    0.38    5.65 ^ _1678_/X (sky130_fd_sc_hd__xor2_2)
                                         _0762_ (net)
                  0.37    0.00    5.66 ^ _1726_/B1 (sky130_fd_sc_hd__o221ai_1)
     1    0.01    0.19    0.28    5.93 v _1726_/Y (sky130_fd_sc_hd__o221ai_1)
                                         _0810_ (net)
                  0.19    0.00    5.94 v _1727_/B (sky130_fd_sc_hd__nand2_4)
     2    0.01    0.08    0.14    6.08 ^ _1727_/Y (sky130_fd_sc_hd__nand2_4)
                                         _0811_ (net)
                  0.08    0.00    6.08 ^ _1730_/A (sky130_fd_sc_hd__xor2_2)
     2    0.01    0.13    0.15    6.23 ^ _1730_/X (sky130_fd_sc_hd__xor2_2)
                                         _0814_ (net)
                  0.13    0.00    6.23 ^ _1747_/A (sky130_fd_sc_hd__xnor2_1)
     2    0.01    0.07    0.11    6.35 v _1747_/Y (sky130_fd_sc_hd__xnor2_1)
                                         _0831_ (net)
                  0.07    0.00    6.35 v _1748_/B (sky130_fd_sc_hd__and2_4)
     2    0.01    0.03    0.18    6.52 v _1748_/X (sky130_fd_sc_hd__and2_4)
                                         _0832_ (net)
                  0.03    0.00    6.52 v _1750_/A (sky130_fd_sc_hd__or2_4)
     2    0.01    0.06    0.27    6.79 v _1750_/X (sky130_fd_sc_hd__or2_4)
                                         _0834_ (net)
                  0.06    0.00    6.79 v _1840_/A1 (sky130_fd_sc_hd__o211a_1)
     2    0.01    0.07    0.27    7.06 v _1840_/X (sky130_fd_sc_hd__o211a_1)
                                         _0924_ (net)
                  0.07    0.00    7.06 v _1841_/A3 (sky130_fd_sc_hd__o31a_4)
     4    0.02    0.07    0.33    7.39 v _1841_/X (sky130_fd_sc_hd__o31a_4)
                                         _0925_ (net)
                  0.07    0.00    7.39 v rebuffer28/A (sky130_fd_sc_hd__buf_8)
     1    0.02    0.03    0.14    7.53 v rebuffer28/X (sky130_fd_sc_hd__buf_8)
                                         net83 (net)
                  0.03    0.00    7.53 v _1879_/A (sky130_fd_sc_hd__xnor2_4)
     7    0.02    0.21    0.23    7.76 ^ _1879_/Y (sky130_fd_sc_hd__xnor2_4)
                                         _0963_ (net)
                  0.21    0.00    7.76 ^ _1934_/A (sky130_fd_sc_hd__and4_1)
     2    0.01    0.14    0.30    8.06 ^ _1934_/X (sky130_fd_sc_hd__and4_1)
                                         _1018_ (net)
                  0.14    0.00    8.06 ^ _1935_/A (sky130_fd_sc_hd__buf_6)
     5    0.02    0.05    0.14    8.20 ^ _1935_/X (sky130_fd_sc_hd__buf_6)
                                         _1019_ (net)
                  0.05    0.00    8.20 ^ _1936_/A (sky130_fd_sc_hd__and2_4)
     1    0.01    0.04    0.14    8.34 ^ _1936_/X (sky130_fd_sc_hd__and2_4)
                                         _1020_ (net)
                  0.04    0.00    8.34 ^ _1937_/A (sky130_fd_sc_hd__buf_8)
     7    0.04    0.08    0.13    8.47 ^ _1937_/X (sky130_fd_sc_hd__buf_8)
                                         _1021_ (net)
                  0.08    0.00    8.47 ^ _1942_/B (sky130_fd_sc_hd__xnor2_4)
     2    0.01    0.08    0.08    8.55 v _1942_/Y (sky130_fd_sc_hd__xnor2_4)
                                         _1026_ (net)
                  0.08    0.00    8.55 v _1952_/A2 (sky130_fd_sc_hd__o221a_4)
     2    0.01    0.05    0.30    8.86 v _1952_/X (sky130_fd_sc_hd__o221a_4)
                                         _1036_ (net)
                  0.05    0.00    8.86 v _1955_/A (sky130_fd_sc_hd__nor2b_4)
     2    0.02    0.12    0.16    9.01 ^ _1955_/Y (sky130_fd_sc_hd__nor2b_4)
                                         _1039_ (net)
                  0.12    0.00    9.01 ^ _1958_/A2 (sky130_fd_sc_hd__a31oi_4)
     5    0.01    0.11    0.12    9.14 v _1958_/Y (sky130_fd_sc_hd__a31oi_4)
                                         _1042_ (net)
                  0.11    0.00    9.14 v _1959_/C (sky130_fd_sc_hd__or3_4)
     4    0.02    0.10    0.41    9.55 v _1959_/X (sky130_fd_sc_hd__or3_4)
                                         _1043_ (net)
                  0.10    0.00    9.55 v _1965_/A1 (sky130_fd_sc_hd__a21o_4)
     2    0.03    0.06    0.26    9.81 v _1965_/X (sky130_fd_sc_hd__a21o_4)
                                         _1049_ (net)
                  0.06    0.00    9.81 v _1971_/A1 (sky130_fd_sc_hd__a21o_4)
     2    0.02    0.06    0.24   10.06 v _1971_/X (sky130_fd_sc_hd__a21o_4)
                                         _1055_ (net)
                  0.06    0.00   10.06 v _1977_/A1 (sky130_fd_sc_hd__a21bo_4)
     2    0.02    0.06    0.25   10.31 v _1977_/X (sky130_fd_sc_hd__a21bo_4)
                                         _1061_ (net)
                  0.06    0.00   10.31 v _1986_/A1 (sky130_fd_sc_hd__a21o_4)
     2    0.02    0.06    0.24   10.55 v _1986_/X (sky130_fd_sc_hd__a21o_4)
                                         _1070_ (net)
                  0.06    0.00   10.55 v _1989_/A1 (sky130_fd_sc_hd__a21o_4)
     2    0.02    0.05    0.24   10.79 v _1989_/X (sky130_fd_sc_hd__a21o_4)
                                         _1073_ (net)
                  0.05    0.00   10.79 v _1992_/A1 (sky130_fd_sc_hd__a21oi_4)
     3    0.04    0.30    0.29   11.08 ^ _1992_/Y (sky130_fd_sc_hd__a21oi_4)
                                         _1076_ (net)
                  0.30    0.00   11.08 ^ max_cap1/A (sky130_fd_sc_hd__buf_6)
     3    0.04    0.08    0.20   11.27 ^ max_cap1/X (sky130_fd_sc_hd__buf_6)
                                         net90 (net)
                  0.08    0.00   11.28 ^ _2007_/B (sky130_fd_sc_hd__xnor2_4)
     6    0.05    0.42    0.22   11.49 ^ _2007_/Y (sky130_fd_sc_hd__xnor2_4)
                                         _1091_ (net)
                  0.42    0.00   11.50 ^ _2008_/A (sky130_fd_sc_hd__buf_6)
     5    0.03    0.07    0.20   11.70 ^ _2008_/X (sky130_fd_sc_hd__buf_6)
                                         _1092_ (net)
                  0.07    0.00   11.70 ^ _2111_/S (sky130_fd_sc_hd__mux2_2)
     2    0.02    0.09    0.41   12.11 v _2111_/X (sky130_fd_sc_hd__mux2_2)
                                         _1195_ (net)
                  0.09    0.00   12.11 v _2251_/A2 (sky130_fd_sc_hd__a21o_1)
     2    0.01    0.04    0.21   12.33 v _2251_/X (sky130_fd_sc_hd__a21o_1)
                                         _1335_ (net)
                  0.04    0.00   12.33 v _2252_/A2 (sky130_fd_sc_hd__a21o_1)
     2    0.01    0.06    0.21   12.54 v _2252_/X (sky130_fd_sc_hd__a21o_1)
                                         _1336_ (net)
                  0.06    0.00   12.54 v _2253_/A2 (sky130_fd_sc_hd__a21oi_1)
     2    0.01    0.22    0.24   12.78 ^ _2253_/Y (sky130_fd_sc_hd__a21oi_1)
                                         _1337_ (net)
                  0.22    0.00   12.78 ^ _2322_/A3 (sky130_fd_sc_hd__o31a_1)
     2    0.02    0.17    0.25   13.03 ^ _2322_/X (sky130_fd_sc_hd__o31a_1)
                                         _1406_ (net)
                  0.17    0.00   13.03 ^ _2328_/A1_N (sky130_fd_sc_hd__a2bb2o_4)
     7    0.04    0.07    0.30   13.33 v _2328_/X (sky130_fd_sc_hd__a2bb2o_4)
                                         _1412_ (net)
                  0.07    0.00   13.33 v _2357_/B1 (sky130_fd_sc_hd__a2111o_4)
     4    0.02    0.09    0.53   13.86 v _2357_/X (sky130_fd_sc_hd__a2111o_4)
                                         _1441_ (net)
                  0.09    0.00   13.86 v _2359_/A2 (sky130_fd_sc_hd__a21o_1)
     3    0.01    0.06    0.24   14.10 v _2359_/X (sky130_fd_sc_hd__a21o_1)
                                         _1443_ (net)
                  0.06    0.00   14.10 v _2374_/A2 (sky130_fd_sc_hd__a311o_1)
     3    0.01    0.09    0.38   14.48 v _2374_/X (sky130_fd_sc_hd__a311o_1)
                                         _1459_ (net)
                  0.09    0.00   14.48 v _2391_/A1 (sky130_fd_sc_hd__a2111o_1)
     2    0.01    0.11    0.46   14.93 v _2391_/X (sky130_fd_sc_hd__a2111o_1)
                                         _1478_ (net)
                  0.11    0.00   14.93 v _2400_/A1 (sky130_fd_sc_hd__a41oi_4)
     4    0.02    0.23    0.23   15.16 ^ _2400_/Y (sky130_fd_sc_hd__a41oi_4)
                                         _1488_ (net)
                  0.23    0.00   15.16 ^ _2437_/A2 (sky130_fd_sc_hd__a311oi_2)
     2    0.01    0.10    0.16   15.31 v _2437_/Y (sky130_fd_sc_hd__a311oi_2)
                                         _1527_ (net)
                  0.10    0.00   15.32 v _2461_/A2 (sky130_fd_sc_hd__a2111o_1)
     2    0.01    0.08    0.48   15.79 v _2461_/X (sky130_fd_sc_hd__a2111o_1)
                                         _0047_ (net)
                  0.08    0.00   15.79 v _2489_/A1 (sky130_fd_sc_hd__a21o_1)
     2    0.01    0.05    0.19   15.99 v _2489_/X (sky130_fd_sc_hd__a21o_1)
                                         _0077_ (net)
                  0.05    0.00   15.99 v _2495_/A (sky130_fd_sc_hd__and3_1)
     3    0.01    0.08    0.20   16.18 v _2495_/X (sky130_fd_sc_hd__and3_1)
                                         _0084_ (net)
                  0.08    0.00   16.18 v _2557_/A3 (sky130_fd_sc_hd__o311a_4)
     2    0.01    0.06    0.34   16.52 v _2557_/X (sky130_fd_sc_hd__o311a_4)
                                         _0152_ (net)
                  0.06    0.00   16.52 v _2570_/A3 (sky130_fd_sc_hd__o31a_4)
     3    0.02    0.07    0.32   16.84 v _2570_/X (sky130_fd_sc_hd__o31a_4)
                                         _0167_ (net)
                  0.07    0.00   16.84 v _2774_/S (sky130_fd_sc_hd__mux2_4)
     2    0.01    0.05    0.32   17.16 v _2774_/X (sky130_fd_sc_hd__mux2_4)
                                         _0391_ (net)
                  0.05    0.00   17.16 v _2790_/B2 (sky130_fd_sc_hd__a221o_1)
     1    0.00    0.06    0.34   17.49 v _2790_/X (sky130_fd_sc_hd__a221o_1)
                                         _0409_ (net)
                  0.06    0.00   17.49 v _2791_/A1 (sky130_fd_sc_hd__a21bo_1)
     1    0.00    0.04    0.18   17.67 v _2791_/X (sky130_fd_sc_hd__a21bo_1)
                                         _0410_ (net)
                  0.04    0.00   17.67 v _2792_/A1 (sky130_fd_sc_hd__a21o_1)
     1    0.00    0.03    0.16   17.83 v _2792_/X (sky130_fd_sc_hd__a21o_1)
                                         _0411_ (net)
                  0.03    0.00   17.83 v _2793_/A1 (sky130_fd_sc_hd__a21o_1)
     1    0.00    0.04    0.16   17.99 v _2793_/X (sky130_fd_sc_hd__a21o_1)
                                         _0412_ (net)
                  0.04    0.00   17.99 v _2794_/A1 (sky130_fd_sc_hd__a21o_1)
     1    0.00    0.03    0.15   18.15 v _2794_/X (sky130_fd_sc_hd__a21o_1)
                                         _0413_ (net)
                  0.03    0.00   18.15 v _2796_/A1 (sky130_fd_sc_hd__a21o_1)
     1    0.01    0.04    0.16   18.31 v _2796_/X (sky130_fd_sc_hd__a21o_1)
                                         _0415_ (net)
                  0.04    0.00   18.31 v _2797_/A1 (sky130_fd_sc_hd__a21o_1)
     1    0.00    0.03    0.16   18.47 v _2797_/X (sky130_fd_sc_hd__a21o_1)
                                         _0416_ (net)
                  0.03    0.00   18.47 v _2798_/A1 (sky130_fd_sc_hd__a21o_1)
     1    0.01    0.05    0.17   18.64 v _2798_/X (sky130_fd_sc_hd__a21o_1)
                                         _0417_ (net)
                  0.05    0.00   18.64 v _2800_/A1 (sky130_fd_sc_hd__a21o_1)
     1    0.00    0.04    0.17   18.81 v _2800_/X (sky130_fd_sc_hd__a21o_1)
                                         _0420_ (net)
                  0.04    0.00   18.81 v _2801_/A1 (sky130_fd_sc_hd__a21oi_2)
     1    0.00    0.10    0.12   18.93 ^ _2801_/Y (sky130_fd_sc_hd__a21oi_2)
                                         _0421_ (net)
                  0.10    0.00   18.93 ^ _2802_/A2 (sky130_fd_sc_hd__o21ba_1)
     1    0.00    0.06    0.14   19.07 ^ _2802_/X (sky130_fd_sc_hd__o21ba_1)
                                         _0422_ (net)
                  0.06    0.00   19.07 ^ _2804_/A1 (sky130_fd_sc_hd__o21ai_1)
     1    0.00    0.07    0.07   19.13 v _2804_/Y (sky130_fd_sc_hd__o21ai_1)
                                         _0424_ (net)
                  0.07    0.00   19.13 v _2805_/A1 (sky130_fd_sc_hd__a21o_1)
     4    0.03    0.13    0.27   19.40 v _2805_/X (sky130_fd_sc_hd__a21o_1)
                                         _0425_ (net)
                  0.13    0.00   19.40 v clone13/A (sky130_fd_sc_hd__buf_6)
     5    0.03    0.04    0.18   19.59 v clone13/X (sky130_fd_sc_hd__buf_6)
                                         net68 (net)
                  0.04    0.00   19.59 v _2839_/S (sky130_fd_sc_hd__mux2_4)
     2    0.01    0.06    0.32   19.90 v _2839_/X (sky130_fd_sc_hd__mux2_4)
                                         _0459_ (net)
                  0.06    0.00   19.90 v _2865_/A0 (sky130_fd_sc_hd__mux2_4)
     2    0.01    0.06    0.31   20.21 v _2865_/X (sky130_fd_sc_hd__mux2_4)
                                         _0486_ (net)
                  0.06    0.00   20.21 v _2866_/A (sky130_fd_sc_hd__nor2_4)
     1    0.01    0.07    0.11   20.33 ^ _2866_/Y (sky130_fd_sc_hd__nor2_4)
                                         _0487_ (net)
                  0.07    0.00   20.33 ^ _2867_/B1 (sky130_fd_sc_hd__a21oi_2)
     2    0.01    0.06    0.04   20.37 v _2867_/Y (sky130_fd_sc_hd__a21oi_2)
                                         _0488_ (net)
                  0.06    0.00   20.37 v _2869_/A0 (sky130_fd_sc_hd__mux2_4)
     2    0.01    0.07    0.31   20.69 v _2869_/X (sky130_fd_sc_hd__mux2_4)
                                         _0490_ (net)
                  0.07    0.00   20.69 v _2870_/B1 (sky130_fd_sc_hd__a22o_1)
     1    0.00    0.04    0.19   20.88 v _2870_/X (sky130_fd_sc_hd__a22o_1)
                                         _0492_ (net)
                  0.04    0.00   20.88 v _2871_/A (sky130_fd_sc_hd__and2_4)
     1    0.00    0.03    0.13   21.01 v _2871_/X (sky130_fd_sc_hd__and2_4)
                                         _0493_ (net)
                  0.03    0.00   21.01 v _2872_/A (sky130_fd_sc_hd__clkbuf_1)
     1    0.00    0.02    0.08   21.09 v _2872_/X (sky130_fd_sc_hd__clkbuf_1)
                                         _0006_ (net)
                  0.02    0.00   21.09 v _3089_/D (sky130_fd_sc_hd__dfxtp_2)
                                 21.09   data arrival time

                         10.00   10.00   clock clock (rise edge)
                          0.00   10.00   clock source latency
     1    0.02    0.09    0.06   10.06 ^ clock (in)
                                         clock (net)
                  0.09    0.00   10.06 ^ clkbuf_0_clock/A (sky130_fd_sc_hd__clkbuf_16)
     4    0.05    0.06    0.15   10.21 ^ clkbuf_0_clock/X (sky130_fd_sc_hd__clkbuf_16)
                                         clknet_0_clock (net)
                  0.06    0.00   10.21 ^ clkbuf_2_3__f_clock/A (sky130_fd_sc_hd__clkbuf_16)
    10    0.03    0.05    0.13   10.34 ^ clkbuf_2_3__f_clock/X (sky130_fd_sc_hd__clkbuf_16)
                                         clknet_2_3__leaf_clock (net)
                  0.05    0.00   10.34 ^ _3089_/CLK (sky130_fd_sc_hd__dfxtp_2)
                         -0.25   10.09   clock uncertainty
                          0.00   10.09   clock reconvergence pessimism
                         -0.10    9.99   library setup time
                                  9.99   data required time
-----------------------------------------------------------------------------
                                  9.99   data required time
                                -21.09   data arrival time
-----------------------------------------------------------------------------
                                -11.10   slack (VIOLATED)




===========================================================================
 report_check_types -max_slew -max_cap -max_fanout -violators
============================================================================
======================= Fastest Corner ===================================

max fanout

Pin                                   Limit Fanout  Slack
---------------------------------------------------------
clkbuf_2_1__f_clock/X                    10     11        (VIOLATED)


max slew violations count Fastest: 0
max fanout violations count Fastest: 1
max cap violations count Fastest: 0
======================= Slowest Corner ===================================

max fanout

Pin                                   Limit Fanout  Slack
---------------------------------------------------------
clkbuf_2_1__f_clock/X                    10     11        (VIOLATED)


max slew violations count Slowest: 0
max fanout violations count Slowest: 1
max cap violations count Slowest: 0
======================= Typical Corner ===================================

max fanout

Pin                                   Limit Fanout  Slack
---------------------------------------------------------
clkbuf_2_1__f_clock/X                    10     11        (VIOLATED)


max slew violations count Typical: 0
max fanout violations count Typical: 1
max cap violations count Typical: 0

===========================================================================
report_parasitic_annotation -report_unannotated
============================================================================
Found 9 unannotated drivers.
 io_inScaleB[0]
 io_inScaleB[1]
 io_inScaleB[2]
 io_inScaleB[3]
 io_inScaleB[4]
 io_inScaleB[5]
 clkload0/Y
 clkload1/Y
 clkload2/Y
Found 0 partially unannotated drivers.

===========================================================================
max slew violation count 0
max fanout violation count 1
max cap violation count 0
============================================================================

===========================================================================
check_setup -verbose -unconstrained_endpoints -multiple_clock -no_clock -no_input_delay -loops -generated_clocks
===========================================================================
