
===========================================================================
report_checks -path_delay min (Hold)
============================================================================
======================= Typical Corner ===================================

Startpoint: accumulator._2308_
            (rising edge-triggered flip-flop clocked by clock)
Endpoint: accumulator._2308_ (rising edge-triggered flip-flop clocked by clock)
Path Group: clock
Path Type: min

Fanout     Cap    Slew   Delay    Time   Description
-----------------------------------------------------------------------------
                          0.00    0.00   clock clock (rise edge)
                          0.00    0.00   clock source latency
     1    0.01    0.04    0.03    0.03 ^ clock (in)
                                         clock (net)
                  0.04    0.00    0.03 ^ clkbuf_0_clock/A (sky130_fd_sc_hd__clkbuf_16)
     4    0.03    0.05    0.13    0.15 ^ clkbuf_0_clock/X (sky130_fd_sc_hd__clkbuf_16)
                                         clknet_0_clock (net)
                  0.05    0.00    0.15 ^ clkbuf_2_3__f_clock/A (sky130_fd_sc_hd__clkbuf_16)
     9    0.03    0.05    0.13    0.29 ^ clkbuf_2_3__f_clock/X (sky130_fd_sc_hd__clkbuf_16)
                                         clknet_2_3__leaf_clock (net)
                  0.05    0.00    0.29 ^ accumulator._2308_/CLK (sky130_fd_sc_hd__dfxtp_1)
     4    0.01    0.09    0.32    0.61 ^ accumulator._2308_/Q (sky130_fd_sc_hd__dfxtp_1)
                                         accumulator.io_accOut[13] (net)
                  0.09    0.00    0.61 ^ accumulator._2154_/A1 (sky130_fd_sc_hd__o221a_1)
     1    0.00    0.05    0.18    0.79 ^ accumulator._2154_/X (sky130_fd_sc_hd__o221a_1)
                                         accumulator._0015_ (net)
                  0.05    0.00    0.79 ^ accumulator._2308_/D (sky130_fd_sc_hd__dfxtp_1)
                                  0.79   data arrival time

                          0.00    0.00   clock clock (rise edge)
                          0.00    0.00   clock source latency
     1    0.01    0.04    0.03    0.03 ^ clock (in)
                                         clock (net)
                  0.04    0.00    0.03 ^ clkbuf_0_clock/A (sky130_fd_sc_hd__clkbuf_16)
     4    0.03    0.05    0.14    0.17 ^ clkbuf_0_clock/X (sky130_fd_sc_hd__clkbuf_16)
                                         clknet_0_clock (net)
                  0.05    0.00    0.17 ^ clkbuf_2_3__f_clock/A (sky130_fd_sc_hd__clkbuf_16)
     9    0.03    0.05    0.15    0.32 ^ clkbuf_2_3__f_clock/X (sky130_fd_sc_hd__clkbuf_16)
                                         clknet_2_3__leaf_clock (net)
                  0.05    0.00    0.32 ^ accumulator._2308_/CLK (sky130_fd_sc_hd__dfxtp_1)
                          0.25    0.57   clock uncertainty
                         -0.03    0.54   clock reconvergence pessimism
                         -0.03    0.51   library hold time
                                  0.51   data required time
-----------------------------------------------------------------------------
                                  0.51   data required time
                                 -0.79   data arrival time
-----------------------------------------------------------------------------
                                  0.28   slack (MET)


Startpoint: accumulator._2320_
            (rising edge-triggered flip-flop clocked by clock)
Endpoint: accumulator._2320_ (rising edge-triggered flip-flop clocked by clock)
Path Group: clock
Path Type: min

Fanout     Cap    Slew   Delay    Time   Description
-----------------------------------------------------------------------------
                          0.00    0.00   clock clock (rise edge)
                          0.00    0.00   clock source latency
     1    0.01    0.04    0.03    0.03 ^ clock (in)
                                         clock (net)
                  0.04    0.00    0.03 ^ clkbuf_0_clock/A (sky130_fd_sc_hd__clkbuf_16)
     4    0.03    0.05    0.13    0.15 ^ clkbuf_0_clock/X (sky130_fd_sc_hd__clkbuf_16)
                                         clknet_0_clock (net)
                  0.05    0.00    0.15 ^ clkbuf_2_0__f_clock/A (sky130_fd_sc_hd__clkbuf_16)
     8    0.03    0.05    0.13    0.29 ^ clkbuf_2_0__f_clock/X (sky130_fd_sc_hd__clkbuf_16)
                                         clknet_2_0__leaf_clock (net)
                  0.05    0.00    0.29 ^ accumulator._2320_/CLK (sky130_fd_sc_hd__dfxtp_2)
     6    0.03    0.17    0.39    0.68 ^ accumulator._2320_/Q (sky130_fd_sc_hd__dfxtp_2)
                                         accumulator.io_accOut[25] (net)
                  0.17    0.00    0.68 ^ accumulator._2243_/A1 (sky130_fd_sc_hd__o211a_1)
     1    0.00    0.04    0.16    0.84 ^ accumulator._2243_/X (sky130_fd_sc_hd__o211a_1)
                                         accumulator._0027_ (net)
                  0.04    0.00    0.84 ^ accumulator._2320_/D (sky130_fd_sc_hd__dfxtp_2)
                                  0.84   data arrival time

                          0.00    0.00   clock clock (rise edge)
                          0.00    0.00   clock source latency
     1    0.01    0.04    0.03    0.03 ^ clock (in)
                                         clock (net)
                  0.04    0.00    0.03 ^ clkbuf_0_clock/A (sky130_fd_sc_hd__clkbuf_16)
     4    0.03    0.05    0.14    0.17 ^ clkbuf_0_clock/X (sky130_fd_sc_hd__clkbuf_16)
                                         clknet_0_clock (net)
                  0.05    0.00    0.17 ^ clkbuf_2_0__f_clock/A (sky130_fd_sc_hd__clkbuf_16)
     8    0.03    0.05    0.15    0.32 ^ clkbuf_2_0__f_clock/X (sky130_fd_sc_hd__clkbuf_16)
                                         clknet_2_0__leaf_clock (net)
                  0.05    0.00    0.32 ^ accumulator._2320_/CLK (sky130_fd_sc_hd__dfxtp_2)
                          0.25    0.57   clock uncertainty
                         -0.03    0.54   clock reconvergence pessimism
                         -0.03    0.51   library hold time
                                  0.51   data required time
-----------------------------------------------------------------------------
                                  0.51   data required time
                                 -0.84   data arrival time
-----------------------------------------------------------------------------
                                  0.33   slack (MET)


Startpoint: accumulator._2326_
            (rising edge-triggered flip-flop clocked by clock)
Endpoint: accumulator._2294_ (rising edge-triggered flip-flop clocked by clock)
Path Group: clock
Path Type: min

Fanout     Cap    Slew   Delay    Time   Description
-----------------------------------------------------------------------------
                          0.00    0.00   clock clock (rise edge)
                          0.00    0.00   clock source latency
     1    0.01    0.04    0.03    0.03 ^ clock (in)
                                         clock (net)
                  0.04    0.00    0.03 ^ clkbuf_0_clock/A (sky130_fd_sc_hd__clkbuf_16)
     4    0.03    0.05    0.13    0.15 ^ clkbuf_0_clock/X (sky130_fd_sc_hd__clkbuf_16)
                                         clknet_0_clock (net)
                  0.05    0.00    0.15 ^ clkbuf_2_1__f_clock/A (sky130_fd_sc_hd__clkbuf_16)
     8    0.03    0.05    0.13    0.29 ^ clkbuf_2_1__f_clock/X (sky130_fd_sc_hd__clkbuf_16)
                                         clknet_2_1__leaf_clock (net)
                  0.05    0.00    0.29 ^ accumulator._2326_/CLK (sky130_fd_sc_hd__dfxtp_1)
     5    0.01    0.08    0.32    0.61 v accumulator._2326_/Q (sky130_fd_sc_hd__dfxtp_1)
                                         accumulator.state[0] (net)
                  0.08    0.00    0.61 v accumulator._1261_/B (sky130_fd_sc_hd__and2b_1)
     1    0.00    0.04    0.16    0.77 v accumulator._1261_/X (sky130_fd_sc_hd__and2b_1)
                                         accumulator._0360_ (net)
                  0.04    0.00    0.77 v accumulator._1262_/A (sky130_fd_sc_hd__clkbuf_1)
     1    0.00    0.02    0.08    0.84 v accumulator._1262_/X (sky130_fd_sc_hd__clkbuf_1)
                                         accumulator._0001_ (net)
                  0.02    0.00    0.84 v accumulator._2294_/D (sky130_fd_sc_hd__dfxtp_1)
                                  0.84   data arrival time

                          0.00    0.00   clock clock (rise edge)
                          0.00    0.00   clock source latency
     1    0.01    0.04    0.03    0.03 ^ clock (in)
                                         clock (net)
                  0.04    0.00    0.03 ^ clkbuf_0_clock/A (sky130_fd_sc_hd__clkbuf_16)
     4    0.03    0.05    0.14    0.17 ^ clkbuf_0_clock/X (sky130_fd_sc_hd__clkbuf_16)
                                         clknet_0_clock (net)
                  0.05    0.00    0.17 ^ clkbuf_2_1__f_clock/A (sky130_fd_sc_hd__clkbuf_16)
     8    0.03    0.05    0.14    0.32 ^ clkbuf_2_1__f_clock/X (sky130_fd_sc_hd__clkbuf_16)
                                         clknet_2_1__leaf_clock (net)
                  0.05    0.00    0.32 ^ accumulator._2294_/CLK (sky130_fd_sc_hd__dfxtp_1)
                          0.25    0.57   clock uncertainty
                         -0.03    0.54   clock reconvergence pessimism
                         -0.04    0.49   library hold time
                                  0.49   data required time
-----------------------------------------------------------------------------
                                  0.49   data required time
                                 -0.84   data arrival time
-----------------------------------------------------------------------------
                                  0.35   slack (MET)


Startpoint: accumulator._2307_
            (rising edge-triggered flip-flop clocked by clock)
Endpoint: accumulator._2307_ (rising edge-triggered flip-flop clocked by clock)
Path Group: clock
Path Type: min

Fanout     Cap    Slew   Delay    Time   Description
-----------------------------------------------------------------------------
                          0.00    0.00   clock clock (rise edge)
                          0.00    0.00   clock source latency
     1    0.01    0.04    0.03    0.03 ^ clock (in)
                                         clock (net)
                  0.04    0.00    0.03 ^ clkbuf_0_clock/A (sky130_fd_sc_hd__clkbuf_16)
     4    0.03    0.05    0.13    0.15 ^ clkbuf_0_clock/X (sky130_fd_sc_hd__clkbuf_16)
                                         clknet_0_clock (net)
                  0.05    0.00    0.15 ^ clkbuf_2_3__f_clock/A (sky130_fd_sc_hd__clkbuf_16)
     9    0.03    0.05    0.13    0.29 ^ clkbuf_2_3__f_clock/X (sky130_fd_sc_hd__clkbuf_16)
                                         clknet_2_3__leaf_clock (net)
                  0.05    0.00    0.29 ^ accumulator._2307_/CLK (sky130_fd_sc_hd__dfxtp_1)
     4    0.02    0.18    0.38    0.67 ^ accumulator._2307_/Q (sky130_fd_sc_hd__dfxtp_1)
                                         accumulator.io_accOut[12] (net)
                  0.18    0.00    0.67 ^ accumulator._2145_/A1 (sky130_fd_sc_hd__o221a_1)
     1    0.00    0.05    0.19    0.86 ^ accumulator._2145_/X (sky130_fd_sc_hd__o221a_1)
                                         accumulator._0014_ (net)
                  0.05    0.00    0.86 ^ accumulator._2307_/D (sky130_fd_sc_hd__dfxtp_1)
                                  0.86   data arrival time

                          0.00    0.00   clock clock (rise edge)
                          0.00    0.00   clock source latency
     1    0.01    0.04    0.03    0.03 ^ clock (in)
                                         clock (net)
                  0.04    0.00    0.03 ^ clkbuf_0_clock/A (sky130_fd_sc_hd__clkbuf_16)
     4    0.03    0.05    0.14    0.17 ^ clkbuf_0_clock/X (sky130_fd_sc_hd__clkbuf_16)
                                         clknet_0_clock (net)
                  0.05    0.00    0.17 ^ clkbuf_2_3__f_clock/A (sky130_fd_sc_hd__clkbuf_16)
     9    0.03    0.05    0.15    0.32 ^ clkbuf_2_3__f_clock/X (sky130_fd_sc_hd__clkbuf_16)
                                         clknet_2_3__leaf_clock (net)
                  0.05    0.00    0.32 ^ accumulator._2307_/CLK (sky130_fd_sc_hd__dfxtp_1)
                          0.25    0.57   clock uncertainty
                         -0.03    0.54   clock reconvergence pessimism
                         -0.03    0.51   library hold time
                                  0.51   data required time
-----------------------------------------------------------------------------
                                  0.51   data required time
                                 -0.86   data arrival time
-----------------------------------------------------------------------------
                                  0.35   slack (MET)


Startpoint: accumulator._2299_
            (rising edge-triggered flip-flop clocked by clock)
Endpoint: accumulator._2299_ (rising edge-triggered flip-flop clocked by clock)
Path Group: clock
Path Type: min

Fanout     Cap    Slew   Delay    Time   Description
-----------------------------------------------------------------------------
                          0.00    0.00   clock clock (rise edge)
                          0.00    0.00   clock source latency
     1    0.01    0.04    0.03    0.03 ^ clock (in)
                                         clock (net)
                  0.04    0.00    0.03 ^ clkbuf_0_clock/A (sky130_fd_sc_hd__clkbuf_16)
     4    0.03    0.05    0.13    0.15 ^ clkbuf_0_clock/X (sky130_fd_sc_hd__clkbuf_16)
                                         clknet_0_clock (net)
                  0.05    0.00    0.15 ^ clkbuf_2_2__f_clock/A (sky130_fd_sc_hd__clkbuf_16)
    12    0.03    0.05    0.13    0.29 ^ clkbuf_2_2__f_clock/X (sky130_fd_sc_hd__clkbuf_16)
                                         clknet_2_2__leaf_clock (net)
                  0.05    0.00    0.29 ^ accumulator._2299_/CLK (sky130_fd_sc_hd__dfxtp_1)
     4    0.01    0.05    0.30    0.59 v accumulator._2299_/Q (sky130_fd_sc_hd__dfxtp_1)
                                         accumulator.io_accOut[4] (net)
                  0.05    0.00    0.59 v accumulator._2082_/A1_N (sky130_fd_sc_hd__o2bb2a_1)
     1    0.00    0.06    0.23    0.82 ^ accumulator._2082_/X (sky130_fd_sc_hd__o2bb2a_1)
                                         accumulator._0069_ (net)
                  0.06    0.00    0.82 ^ accumulator._2083_/B (sky130_fd_sc_hd__nor2_1)
     1    0.00    0.02    0.03    0.85 v accumulator._2083_/Y (sky130_fd_sc_hd__nor2_1)
                                         accumulator._0006_ (net)
                  0.02    0.00    0.85 v accumulator._2299_/D (sky130_fd_sc_hd__dfxtp_1)
                                  0.85   data arrival time

                          0.00    0.00   clock clock (rise edge)
                          0.00    0.00   clock source latency
     1    0.01    0.04    0.03    0.03 ^ clock (in)
                                         clock (net)
                  0.04    0.00    0.03 ^ clkbuf_0_clock/A (sky130_fd_sc_hd__clkbuf_16)
     4    0.03    0.05    0.14    0.17 ^ clkbuf_0_clock/X (sky130_fd_sc_hd__clkbuf_16)
                                         clknet_0_clock (net)
                  0.05    0.00    0.17 ^ clkbuf_2_2__f_clock/A (sky130_fd_sc_hd__clkbuf_16)
    12    0.03    0.05    0.15    0.32 ^ clkbuf_2_2__f_clock/X (sky130_fd_sc_hd__clkbuf_16)
                                         clknet_2_2__leaf_clock (net)
                  0.05    0.00    0.32 ^ accumulator._2299_/CLK (sky130_fd_sc_hd__dfxtp_1)
                          0.25    0.57   clock uncertainty
                         -0.03    0.54   clock reconvergence pessimism
                         -0.04    0.50   library hold time
                                  0.50   data required time
-----------------------------------------------------------------------------
                                  0.50   data required time
                                 -0.85   data arrival time
-----------------------------------------------------------------------------
                                  0.35   slack (MET)


Startpoint: accumulator._2300_
            (rising edge-triggered flip-flop clocked by clock)
Endpoint: accumulator._2300_ (rising edge-triggered flip-flop clocked by clock)
Path Group: clock
Path Type: min

Fanout     Cap    Slew   Delay    Time   Description
-----------------------------------------------------------------------------
                          0.00    0.00   clock clock (rise edge)
                          0.00    0.00   clock source latency
     1    0.01    0.04    0.03    0.03 ^ clock (in)
                                         clock (net)
                  0.04    0.00    0.03 ^ clkbuf_0_clock/A (sky130_fd_sc_hd__clkbuf_16)
     4    0.03    0.05    0.13    0.15 ^ clkbuf_0_clock/X (sky130_fd_sc_hd__clkbuf_16)
                                         clknet_0_clock (net)
                  0.05    0.00    0.15 ^ clkbuf_2_2__f_clock/A (sky130_fd_sc_hd__clkbuf_16)
    12    0.03    0.05    0.13    0.29 ^ clkbuf_2_2__f_clock/X (sky130_fd_sc_hd__clkbuf_16)
                                         clknet_2_2__leaf_clock (net)
                  0.05    0.00    0.29 ^ accumulator._2300_/CLK (sky130_fd_sc_hd__dfxtp_2)
     5    0.01    0.04    0.31    0.60 v accumulator._2300_/Q (sky130_fd_sc_hd__dfxtp_2)
                                         accumulator.io_accOut[5] (net)
                  0.04    0.00    0.60 v accumulator._2089_/A1_N (sky130_fd_sc_hd__o2bb2a_1)
     1    0.00    0.05    0.22    0.83 ^ accumulator._2089_/X (sky130_fd_sc_hd__o2bb2a_1)
                                         accumulator._0076_ (net)
                  0.05    0.00    0.83 ^ accumulator._2090_/B (sky130_fd_sc_hd__nor2_1)
     1    0.00    0.02    0.03    0.86 v accumulator._2090_/Y (sky130_fd_sc_hd__nor2_1)
                                         accumulator._0007_ (net)
                  0.02    0.00    0.86 v accumulator._2300_/D (sky130_fd_sc_hd__dfxtp_2)
                                  0.86   data arrival time

                          0.00    0.00   clock clock (rise edge)
                          0.00    0.00   clock source latency
     1    0.01    0.04    0.03    0.03 ^ clock (in)
                                         clock (net)
                  0.04    0.00    0.03 ^ clkbuf_0_clock/A (sky130_fd_sc_hd__clkbuf_16)
     4    0.03    0.05    0.14    0.17 ^ clkbuf_0_clock/X (sky130_fd_sc_hd__clkbuf_16)
                                         clknet_0_clock (net)
                  0.05    0.00    0.17 ^ clkbuf_2_2__f_clock/A (sky130_fd_sc_hd__clkbuf_16)
    12    0.03    0.05    0.15    0.32 ^ clkbuf_2_2__f_clock/X (sky130_fd_sc_hd__clkbuf_16)
                                         clknet_2_2__leaf_clock (net)
                  0.05    0.00    0.32 ^ accumulator._2300_/CLK (sky130_fd_sc_hd__dfxtp_2)
                          0.25    0.57   clock uncertainty
                         -0.03    0.54   clock reconvergence pessimism
                         -0.03    0.50   library hold time
                                  0.50   data required time
-----------------------------------------------------------------------------
                                  0.50   data required time
                                 -0.86   data arrival time
-----------------------------------------------------------------------------
                                  0.35   slack (MET)


Startpoint: accumulator._2301_
            (rising edge-triggered flip-flop clocked by clock)
Endpoint: accumulator._2301_ (rising edge-triggered flip-flop clocked by clock)
Path Group: clock
Path Type: min

Fanout     Cap    Slew   Delay    Time   Description
-----------------------------------------------------------------------------
                          0.00    0.00   clock clock (rise edge)
                          0.00    0.00   clock source latency
     1    0.01    0.04    0.03    0.03 ^ clock (in)
                                         clock (net)
                  0.04    0.00    0.03 ^ clkbuf_0_clock/A (sky130_fd_sc_hd__clkbuf_16)
     4    0.03    0.05    0.13    0.15 ^ clkbuf_0_clock/X (sky130_fd_sc_hd__clkbuf_16)
                                         clknet_0_clock (net)
                  0.05    0.00    0.15 ^ clkbuf_2_2__f_clock/A (sky130_fd_sc_hd__clkbuf_16)
    12    0.03    0.05    0.13    0.29 ^ clkbuf_2_2__f_clock/X (sky130_fd_sc_hd__clkbuf_16)
                                         clknet_2_2__leaf_clock (net)
                  0.05    0.00    0.29 ^ accumulator._2301_/CLK (sky130_fd_sc_hd__dfxtp_2)
     6    0.02    0.05    0.32    0.61 v accumulator._2301_/Q (sky130_fd_sc_hd__dfxtp_2)
                                         accumulator.io_accOut[6] (net)
                  0.05    0.00    0.61 v accumulator._2096_/A1_N (sky130_fd_sc_hd__o2bb2a_1)
     1    0.00    0.05    0.23    0.83 ^ accumulator._2096_/X (sky130_fd_sc_hd__o2bb2a_1)
                                         accumulator._0082_ (net)
                  0.05    0.00    0.83 ^ accumulator._2097_/B (sky130_fd_sc_hd__nor2_1)
     1    0.00    0.02    0.03    0.87 v accumulator._2097_/Y (sky130_fd_sc_hd__nor2_1)
                                         accumulator._0008_ (net)
                  0.02    0.00    0.87 v accumulator._2301_/D (sky130_fd_sc_hd__dfxtp_2)
                                  0.87   data arrival time

                          0.00    0.00   clock clock (rise edge)
                          0.00    0.00   clock source latency
     1    0.01    0.04    0.03    0.03 ^ clock (in)
                                         clock (net)
                  0.04    0.00    0.03 ^ clkbuf_0_clock/A (sky130_fd_sc_hd__clkbuf_16)
     4    0.03    0.05    0.14    0.17 ^ clkbuf_0_clock/X (sky130_fd_sc_hd__clkbuf_16)
                                         clknet_0_clock (net)
                  0.05    0.00    0.17 ^ clkbuf_2_2__f_clock/A (sky130_fd_sc_hd__clkbuf_16)
    12    0.03    0.05    0.15    0.32 ^ clkbuf_2_2__f_clock/X (sky130_fd_sc_hd__clkbuf_16)
                                         clknet_2_2__leaf_clock (net)
                  0.05    0.00    0.32 ^ accumulator._2301_/CLK (sky130_fd_sc_hd__dfxtp_2)
                          0.25    0.57   clock uncertainty
                         -0.03    0.54   clock reconvergence pessimism
                         -0.03    0.50   library hold time
                                  0.50   data required time
-----------------------------------------------------------------------------
                                  0.50   data required time
                                 -0.87   data arrival time
-----------------------------------------------------------------------------
                                  0.36   slack (MET)


Startpoint: accumulator._2298_
            (rising edge-triggered flip-flop clocked by clock)
Endpoint: accumulator._2298_ (rising edge-triggered flip-flop clocked by clock)
Path Group: clock
Path Type: min

Fanout     Cap    Slew   Delay    Time   Description
-----------------------------------------------------------------------------
                          0.00    0.00   clock clock (rise edge)
                          0.00    0.00   clock source latency
     1    0.01    0.04    0.03    0.03 ^ clock (in)
                                         clock (net)
                  0.04    0.00    0.03 ^ clkbuf_0_clock/A (sky130_fd_sc_hd__clkbuf_16)
     4    0.03    0.05    0.13    0.15 ^ clkbuf_0_clock/X (sky130_fd_sc_hd__clkbuf_16)
                                         clknet_0_clock (net)
                  0.05    0.00    0.15 ^ clkbuf_2_2__f_clock/A (sky130_fd_sc_hd__clkbuf_16)
    12    0.03    0.05    0.13    0.29 ^ clkbuf_2_2__f_clock/X (sky130_fd_sc_hd__clkbuf_16)
                                         clknet_2_2__leaf_clock (net)
                  0.05    0.00    0.29 ^ accumulator._2298_/CLK (sky130_fd_sc_hd__dfxtp_1)
     5    0.01    0.06    0.31    0.60 v accumulator._2298_/Q (sky130_fd_sc_hd__dfxtp_1)
                                         accumulator.io_accOut[3] (net)
                  0.06    0.00    0.60 v accumulator._2068_/A1_N (sky130_fd_sc_hd__o2bb2a_1)
     1    0.00    0.05    0.23    0.83 ^ accumulator._2068_/X (sky130_fd_sc_hd__o2bb2a_1)
                                         accumulator._0055_ (net)
                  0.05    0.00    0.83 ^ accumulator._2069_/B (sky130_fd_sc_hd__nor2_1)
     1    0.00    0.02    0.03    0.86 v accumulator._2069_/Y (sky130_fd_sc_hd__nor2_1)
                                         accumulator._0005_ (net)
                  0.02    0.00    0.86 v accumulator._2298_/D (sky130_fd_sc_hd__dfxtp_1)
                                  0.86   data arrival time

                          0.00    0.00   clock clock (rise edge)
                          0.00    0.00   clock source latency
     1    0.01    0.04    0.03    0.03 ^ clock (in)
                                         clock (net)
                  0.04    0.00    0.03 ^ clkbuf_0_clock/A (sky130_fd_sc_hd__clkbuf_16)
     4    0.03    0.05    0.14    0.17 ^ clkbuf_0_clock/X (sky130_fd_sc_hd__clkbuf_16)
                                         clknet_0_clock (net)
                  0.05    0.00    0.17 ^ clkbuf_2_2__f_clock/A (sky130_fd_sc_hd__clkbuf_16)
    12    0.03    0.05    0.15    0.32 ^ clkbuf_2_2__f_clock/X (sky130_fd_sc_hd__clkbuf_16)
                                         clknet_2_2__leaf_clock (net)
                  0.05    0.00    0.32 ^ accumulator._2298_/CLK (sky130_fd_sc_hd__dfxtp_1)
                          0.25    0.57   clock uncertainty
                         -0.03    0.54   clock reconvergence pessimism
                         -0.04    0.50   library hold time
                                  0.50   data required time
-----------------------------------------------------------------------------
                                  0.50   data required time
                                 -0.86   data arrival time
-----------------------------------------------------------------------------
                                  0.37   slack (MET)


Startpoint: accumulator._2306_
            (rising edge-triggered flip-flop clocked by clock)
Endpoint: accumulator._2306_ (rising edge-triggered flip-flop clocked by clock)
Path Group: clock
Path Type: min

Fanout     Cap    Slew   Delay    Time   Description
-----------------------------------------------------------------------------
                          0.00    0.00   clock clock (rise edge)
                          0.00    0.00   clock source latency
     1    0.01    0.04    0.03    0.03 ^ clock (in)
                                         clock (net)
                  0.04    0.00    0.03 ^ clkbuf_0_clock/A (sky130_fd_sc_hd__clkbuf_16)
     4    0.03    0.05    0.13    0.15 ^ clkbuf_0_clock/X (sky130_fd_sc_hd__clkbuf_16)
                                         clknet_0_clock (net)
                  0.05    0.00    0.15 ^ clkbuf_2_2__f_clock/A (sky130_fd_sc_hd__clkbuf_16)
    12    0.03    0.05    0.13    0.29 ^ clkbuf_2_2__f_clock/X (sky130_fd_sc_hd__clkbuf_16)
                                         clknet_2_2__leaf_clock (net)
                  0.05    0.00    0.29 ^ accumulator._2306_/CLK (sky130_fd_sc_hd__dfxtp_2)
     5    0.02    0.07    0.34    0.62 v accumulator._2306_/Q (sky130_fd_sc_hd__dfxtp_2)
                                         accumulator.io_accOut[11] (net)
                  0.07    0.00    0.62 v accumulator._2133_/A (sky130_fd_sc_hd__nand2_1)
     1    0.00    0.04    0.06    0.69 ^ accumulator._2133_/Y (sky130_fd_sc_hd__nand2_1)
                                         accumulator._0118_ (net)
                  0.04    0.00    0.69 ^ accumulator._2134_/C1 (sky130_fd_sc_hd__o221a_1)
     1    0.00    0.06    0.15    0.84 ^ accumulator._2134_/X (sky130_fd_sc_hd__o221a_1)
                                         accumulator._0119_ (net)
                  0.06    0.00    0.84 ^ accumulator._2135_/B (sky130_fd_sc_hd__nor2_1)
     1    0.00    0.02    0.03    0.88 v accumulator._2135_/Y (sky130_fd_sc_hd__nor2_1)
                                         accumulator._0013_ (net)
                  0.02    0.00    0.88 v accumulator._2306_/D (sky130_fd_sc_hd__dfxtp_2)
                                  0.88   data arrival time

                          0.00    0.00   clock clock (rise edge)
                          0.00    0.00   clock source latency
     1    0.01    0.04    0.03    0.03 ^ clock (in)
                                         clock (net)
                  0.04    0.00    0.03 ^ clkbuf_0_clock/A (sky130_fd_sc_hd__clkbuf_16)
     4    0.03    0.05    0.14    0.17 ^ clkbuf_0_clock/X (sky130_fd_sc_hd__clkbuf_16)
                                         clknet_0_clock (net)
                  0.05    0.00    0.17 ^ clkbuf_2_2__f_clock/A (sky130_fd_sc_hd__clkbuf_16)
    12    0.03    0.05    0.15    0.32 ^ clkbuf_2_2__f_clock/X (sky130_fd_sc_hd__clkbuf_16)
                                         clknet_2_2__leaf_clock (net)
                  0.05    0.00    0.32 ^ accumulator._2306_/CLK (sky130_fd_sc_hd__dfxtp_2)
                          0.25    0.57   clock uncertainty
                         -0.03    0.54   clock reconvergence pessimism
                         -0.03    0.50   library hold time
                                  0.50   data required time
-----------------------------------------------------------------------------
                                  0.50   data required time
                                 -0.88   data arrival time
-----------------------------------------------------------------------------
                                  0.37   slack (MET)


Startpoint: accumulator._2304_
            (rising edge-triggered flip-flop clocked by clock)
Endpoint: accumulator._2304_ (rising edge-triggered flip-flop clocked by clock)
Path Group: clock
Path Type: min

Fanout     Cap    Slew   Delay    Time   Description
-----------------------------------------------------------------------------
                          0.00    0.00   clock clock (rise edge)
                          0.00    0.00   clock source latency
     1    0.01    0.04    0.03    0.03 ^ clock (in)
                                         clock (net)
                  0.04    0.00    0.03 ^ clkbuf_0_clock/A (sky130_fd_sc_hd__clkbuf_16)
     4    0.03    0.05    0.13    0.15 ^ clkbuf_0_clock/X (sky130_fd_sc_hd__clkbuf_16)
                                         clknet_0_clock (net)
                  0.05    0.00    0.15 ^ clkbuf_2_3__f_clock/A (sky130_fd_sc_hd__clkbuf_16)
     9    0.03    0.05    0.13    0.29 ^ clkbuf_2_3__f_clock/X (sky130_fd_sc_hd__clkbuf_16)
                                         clknet_2_3__leaf_clock (net)
                  0.05    0.00    0.29 ^ accumulator._2304_/CLK (sky130_fd_sc_hd__dfxtp_1)
     4    0.02    0.08    0.32    0.61 v accumulator._2304_/Q (sky130_fd_sc_hd__dfxtp_1)
                                         accumulator.io_accOut[9] (net)
                  0.08    0.00    0.61 v accumulator._2118_/A (sky130_fd_sc_hd__nand2_1)
     1    0.00    0.05    0.07    0.68 ^ accumulator._2118_/Y (sky130_fd_sc_hd__nand2_1)
                                         accumulator._0104_ (net)
                  0.05    0.00    0.68 ^ accumulator._2119_/C1 (sky130_fd_sc_hd__o221a_1)
     1    0.00    0.05    0.15    0.83 ^ accumulator._2119_/X (sky130_fd_sc_hd__o221a_1)
                                         accumulator._0105_ (net)
                  0.05    0.00    0.83 ^ accumulator._2120_/B (sky130_fd_sc_hd__nor2_1)
     1    0.00    0.02    0.04    0.87 v accumulator._2120_/Y (sky130_fd_sc_hd__nor2_1)
                                         accumulator._0011_ (net)
                  0.02    0.00    0.87 v accumulator._2304_/D (sky130_fd_sc_hd__dfxtp_1)
                                  0.87   data arrival time

                          0.00    0.00   clock clock (rise edge)
                          0.00    0.00   clock source latency
     1    0.01    0.04    0.03    0.03 ^ clock (in)
                                         clock (net)
                  0.04    0.00    0.03 ^ clkbuf_0_clock/A (sky130_fd_sc_hd__clkbuf_16)
     4    0.03    0.05    0.14    0.17 ^ clkbuf_0_clock/X (sky130_fd_sc_hd__clkbuf_16)
                                         clknet_0_clock (net)
                  0.05    0.00    0.17 ^ clkbuf_2_3__f_clock/A (sky130_fd_sc_hd__clkbuf_16)
     9    0.03    0.05    0.15    0.32 ^ clkbuf_2_3__f_clock/X (sky130_fd_sc_hd__clkbuf_16)
                                         clknet_2_3__leaf_clock (net)
                  0.05    0.00    0.32 ^ accumulator._2304_/CLK (sky130_fd_sc_hd__dfxtp_1)
                          0.25    0.57   clock uncertainty
                         -0.03    0.54   clock reconvergence pessimism
                         -0.04    0.50   library hold time
                                  0.50   data required time
-----------------------------------------------------------------------------
                                  0.50   data required time
                                 -0.87   data arrival time
-----------------------------------------------------------------------------
                                  0.37   slack (MET)


Startpoint: accumulator._2302_
            (rising edge-triggered flip-flop clocked by clock)
Endpoint: accumulator._2302_ (rising edge-triggered flip-flop clocked by clock)
Path Group: clock
Path Type: min

Fanout     Cap    Slew   Delay    Time   Description
-----------------------------------------------------------------------------
                          0.00    0.00   clock clock (rise edge)
                          0.00    0.00   clock source latency
     1    0.01    0.04    0.03    0.03 ^ clock (in)
                                         clock (net)
                  0.04    0.00    0.03 ^ clkbuf_0_clock/A (sky130_fd_sc_hd__clkbuf_16)
     4    0.03    0.05    0.13    0.15 ^ clkbuf_0_clock/X (sky130_fd_sc_hd__clkbuf_16)
                                         clknet_0_clock (net)
                  0.05    0.00    0.15 ^ clkbuf_2_3__f_clock/A (sky130_fd_sc_hd__clkbuf_16)
     9    0.03    0.05    0.13    0.29 ^ clkbuf_2_3__f_clock/X (sky130_fd_sc_hd__clkbuf_16)
                                         clknet_2_3__leaf_clock (net)
                  0.05    0.00    0.29 ^ accumulator._2302_/CLK (sky130_fd_sc_hd__dfxtp_2)
     6    0.02    0.12    0.36    0.65 ^ accumulator._2302_/Q (sky130_fd_sc_hd__dfxtp_2)
                                         accumulator.io_accOut[7] (net)
                  0.12    0.00    0.65 ^ accumulator._2105_/B2 (sky130_fd_sc_hd__a32o_1)
     1    0.00    0.05    0.13    0.78 ^ accumulator._2105_/X (sky130_fd_sc_hd__a32o_1)
                                         accumulator._0091_ (net)
                  0.05    0.00    0.78 ^ accumulator._2107_/A2 (sky130_fd_sc_hd__o21a_1)
     1    0.00    0.04    0.10    0.88 ^ accumulator._2107_/X (sky130_fd_sc_hd__o21a_1)
                                         accumulator._0009_ (net)
                  0.04    0.00    0.88 ^ accumulator._2302_/D (sky130_fd_sc_hd__dfxtp_2)
                                  0.88   data arrival time

                          0.00    0.00   clock clock (rise edge)
                          0.00    0.00   clock source latency
     1    0.01    0.04    0.03    0.03 ^ clock (in)
                                         clock (net)
                  0.04    0.00    0.03 ^ clkbuf_0_clock/A (sky130_fd_sc_hd__clkbuf_16)
     4    0.03    0.05    0.14    0.17 ^ clkbuf_0_clock/X (sky130_fd_sc_hd__clkbuf_16)
                                         clknet_0_clock (net)
                  0.05    0.00    0.17 ^ clkbuf_2_3__f_clock/A (sky130_fd_sc_hd__clkbuf_16)
     9    0.03    0.05    0.15    0.32 ^ clkbuf_2_3__f_clock/X (sky130_fd_sc_hd__clkbuf_16)
                                         clknet_2_3__leaf_clock (net)
                  0.05    0.00    0.32 ^ accumulator._2302_/CLK (sky130_fd_sc_hd__dfxtp_2)
                          0.25    0.57   clock uncertainty
                         -0.03    0.54   clock reconvergence pessimism
                         -0.03    0.51   library hold time
                                  0.51   data required time
-----------------------------------------------------------------------------
                                  0.51   data required time
                                 -0.88   data arrival time
-----------------------------------------------------------------------------
                                  0.38   slack (MET)


Startpoint: accumulator._2297_
            (rising edge-triggered flip-flop clocked by clock)
Endpoint: accumulator._2297_ (rising edge-triggered flip-flop clocked by clock)
Path Group: clock
Path Type: min

Fanout     Cap    Slew   Delay    Time   Description
-----------------------------------------------------------------------------
                          0.00    0.00   clock clock (rise edge)
                          0.00    0.00   clock source latency
     1    0.01    0.04    0.03    0.03 ^ clock (in)
                                         clock (net)
                  0.04    0.00    0.03 ^ clkbuf_0_clock/A (sky130_fd_sc_hd__clkbuf_16)
     4    0.03    0.05    0.13    0.15 ^ clkbuf_0_clock/X (sky130_fd_sc_hd__clkbuf_16)
                                         clknet_0_clock (net)
                  0.05    0.00    0.15 ^ clkbuf_2_2__f_clock/A (sky130_fd_sc_hd__clkbuf_16)
    12    0.03    0.05    0.13    0.29 ^ clkbuf_2_2__f_clock/X (sky130_fd_sc_hd__clkbuf_16)
                                         clknet_2_2__leaf_clock (net)
                  0.05    0.00    0.29 ^ accumulator._2297_/CLK (sky130_fd_sc_hd__dfxtp_1)
     5    0.01    0.06    0.31    0.60 v accumulator._2297_/Q (sky130_fd_sc_hd__dfxtp_1)
                                         accumulator.io_accOut[2] (net)
                  0.06    0.00    0.60 v accumulator._2058_/A1_N (sky130_fd_sc_hd__o2bb2a_1)
     1    0.00    0.05    0.24    0.84 ^ accumulator._2058_/X (sky130_fd_sc_hd__o2bb2a_1)
                                         accumulator._0045_ (net)
                  0.05    0.00    0.84 ^ accumulator._2059_/B (sky130_fd_sc_hd__nor2_1)
     1    0.00    0.02    0.04    0.88 v accumulator._2059_/Y (sky130_fd_sc_hd__nor2_1)
                                         accumulator._0004_ (net)
                  0.02    0.00    0.88 v accumulator._2297_/D (sky130_fd_sc_hd__dfxtp_1)
                                  0.88   data arrival time

                          0.00    0.00   clock clock (rise edge)
                          0.00    0.00   clock source latency
     1    0.01    0.04    0.03    0.03 ^ clock (in)
                                         clock (net)
                  0.04    0.00    0.03 ^ clkbuf_0_clock/A (sky130_fd_sc_hd__clkbuf_16)
     4    0.03    0.05    0.14    0.17 ^ clkbuf_0_clock/X (sky130_fd_sc_hd__clkbuf_16)
                                         clknet_0_clock (net)
                  0.05    0.00    0.17 ^ clkbuf_2_2__f_clock/A (sky130_fd_sc_hd__clkbuf_16)
    12    0.03    0.05    0.15    0.32 ^ clkbuf_2_2__f_clock/X (sky130_fd_sc_hd__clkbuf_16)
                                         clknet_2_2__leaf_clock (net)
                  0.05    0.00    0.32 ^ accumulator._2297_/CLK (sky130_fd_sc_hd__dfxtp_1)
                          0.25    0.57   clock uncertainty
                         -0.03    0.54   clock reconvergence pessimism
                         -0.04    0.50   library hold time
                                  0.50   data required time
-----------------------------------------------------------------------------
                                  0.50   data required time
                                 -0.88   data arrival time
-----------------------------------------------------------------------------
                                  0.38   slack (MET)


Startpoint: accumulator._2305_
            (rising edge-triggered flip-flop clocked by clock)
Endpoint: accumulator._2305_ (rising edge-triggered flip-flop clocked by clock)
Path Group: clock
Path Type: min

Fanout     Cap    Slew   Delay    Time   Description
-----------------------------------------------------------------------------
                          0.00    0.00   clock clock (rise edge)
                          0.00    0.00   clock source latency
     1    0.01    0.04    0.03    0.03 ^ clock (in)
                                         clock (net)
                  0.04    0.00    0.03 ^ clkbuf_0_clock/A (sky130_fd_sc_hd__clkbuf_16)
     4    0.03    0.05    0.13    0.15 ^ clkbuf_0_clock/X (sky130_fd_sc_hd__clkbuf_16)
                                         clknet_0_clock (net)
                  0.05    0.00    0.15 ^ clkbuf_2_2__f_clock/A (sky130_fd_sc_hd__clkbuf_16)
    12    0.03    0.05    0.13    0.29 ^ clkbuf_2_2__f_clock/X (sky130_fd_sc_hd__clkbuf_16)
                                         clknet_2_2__leaf_clock (net)
                  0.05    0.00    0.29 ^ accumulator._2305_/CLK (sky130_fd_sc_hd__dfxtp_1)
     4    0.01    0.08    0.32    0.61 v accumulator._2305_/Q (sky130_fd_sc_hd__dfxtp_1)
                                         accumulator.io_accOut[10] (net)
                  0.08    0.00    0.61 v accumulator._2125_/A (sky130_fd_sc_hd__nand2_1)
     1    0.00    0.05    0.07    0.68 ^ accumulator._2125_/Y (sky130_fd_sc_hd__nand2_1)
                                         accumulator._0110_ (net)
                  0.05    0.00    0.68 ^ accumulator._2126_/C1 (sky130_fd_sc_hd__o221a_1)
     1    0.00    0.06    0.16    0.84 ^ accumulator._2126_/X (sky130_fd_sc_hd__o221a_1)
                                         accumulator._0111_ (net)
                  0.06    0.00    0.84 ^ accumulator._2127_/B (sky130_fd_sc_hd__nor2_1)
     1    0.00    0.02    0.04    0.88 v accumulator._2127_/Y (sky130_fd_sc_hd__nor2_1)
                                         accumulator._0012_ (net)
                  0.02    0.00    0.88 v accumulator._2305_/D (sky130_fd_sc_hd__dfxtp_1)
                                  0.88   data arrival time

                          0.00    0.00   clock clock (rise edge)
                          0.00    0.00   clock source latency
     1    0.01    0.04    0.03    0.03 ^ clock (in)
                                         clock (net)
                  0.04    0.00    0.03 ^ clkbuf_0_clock/A (sky130_fd_sc_hd__clkbuf_16)
     4    0.03    0.05    0.14    0.17 ^ clkbuf_0_clock/X (sky130_fd_sc_hd__clkbuf_16)
                                         clknet_0_clock (net)
                  0.05    0.00    0.17 ^ clkbuf_2_2__f_clock/A (sky130_fd_sc_hd__clkbuf_16)
    12    0.03    0.05    0.15    0.32 ^ clkbuf_2_2__f_clock/X (sky130_fd_sc_hd__clkbuf_16)
                                         clknet_2_2__leaf_clock (net)
                  0.05    0.00    0.32 ^ accumulator._2305_/CLK (sky130_fd_sc_hd__dfxtp_1)
                          0.25    0.57   clock uncertainty
                         -0.03    0.54   clock reconvergence pessimism
                         -0.04    0.50   library hold time
                                  0.50   data required time
-----------------------------------------------------------------------------
                                  0.50   data required time
                                 -0.88   data arrival time
-----------------------------------------------------------------------------
                                  0.38   slack (MET)


Startpoint: accumulator._2293_
            (rising edge-triggered flip-flop clocked by clock)
Endpoint: accumulator._2293_ (rising edge-triggered flip-flop clocked by clock)
Path Group: clock
Path Type: min

Fanout     Cap    Slew   Delay    Time   Description
-----------------------------------------------------------------------------
                          0.00    0.00   clock clock (rise edge)
                          0.00    0.00   clock source latency
     1    0.01    0.04    0.03    0.03 ^ clock (in)
                                         clock (net)
                  0.04    0.00    0.03 ^ clkbuf_0_clock/A (sky130_fd_sc_hd__clkbuf_16)
     4    0.03    0.05    0.13    0.15 ^ clkbuf_0_clock/X (sky130_fd_sc_hd__clkbuf_16)
                                         clknet_0_clock (net)
                  0.05    0.00    0.15 ^ clkbuf_2_2__f_clock/A (sky130_fd_sc_hd__clkbuf_16)
    12    0.03    0.05    0.13    0.29 ^ clkbuf_2_2__f_clock/X (sky130_fd_sc_hd__clkbuf_16)
                                         clknet_2_2__leaf_clock (net)
                  0.05    0.00    0.29 ^ accumulator._2293_/CLK (sky130_fd_sc_hd__dfxtp_2)
     4    0.03    0.08    0.35    0.64 v accumulator._2293_/Q (sky130_fd_sc_hd__dfxtp_2)
                                         accumulator.io_accOut[31] (net)
                  0.08    0.00    0.64 v accumulator._1259_/B1 (sky130_fd_sc_hd__a21o_1)
     1    0.00    0.04    0.16    0.80 v accumulator._1259_/X (sky130_fd_sc_hd__a21o_1)
                                         accumulator._0359_ (net)
                  0.04    0.00    0.80 v accumulator._1260_/C1 (sky130_fd_sc_hd__o311a_1)
     1    0.00    0.03    0.09    0.89 v accumulator._1260_/X (sky130_fd_sc_hd__o311a_1)
                                         accumulator._0000_ (net)
                  0.03    0.00    0.89 v accumulator._2293_/D (sky130_fd_sc_hd__dfxtp_2)
                                  0.89   data arrival time

                          0.00    0.00   clock clock (rise edge)
                          0.00    0.00   clock source latency
     1    0.01    0.04    0.03    0.03 ^ clock (in)
                                         clock (net)
                  0.04    0.00    0.03 ^ clkbuf_0_clock/A (sky130_fd_sc_hd__clkbuf_16)
     4    0.03    0.05    0.14    0.17 ^ clkbuf_0_clock/X (sky130_fd_sc_hd__clkbuf_16)
                                         clknet_0_clock (net)
                  0.05    0.00    0.17 ^ clkbuf_2_2__f_clock/A (sky130_fd_sc_hd__clkbuf_16)
    12    0.03    0.05    0.15    0.32 ^ clkbuf_2_2__f_clock/X (sky130_fd_sc_hd__clkbuf_16)
                                         clknet_2_2__leaf_clock (net)
                  0.05    0.00    0.32 ^ accumulator._2293_/CLK (sky130_fd_sc_hd__dfxtp_2)
                          0.25    0.57   clock uncertainty
                         -0.03    0.54   clock reconvergence pessimism
                         -0.04    0.50   library hold time
                                  0.50   data required time
-----------------------------------------------------------------------------
                                  0.50   data required time
                                 -0.89   data arrival time
-----------------------------------------------------------------------------
                                  0.39   slack (MET)


Startpoint: accumulator._2311_
            (rising edge-triggered flip-flop clocked by clock)
Endpoint: accumulator._2311_ (rising edge-triggered flip-flop clocked by clock)
Path Group: clock
Path Type: min

Fanout     Cap    Slew   Delay    Time   Description
-----------------------------------------------------------------------------
                          0.00    0.00   clock clock (rise edge)
                          0.00    0.00   clock source latency
     1    0.01    0.04    0.03    0.03 ^ clock (in)
                                         clock (net)
                  0.04    0.00    0.03 ^ clkbuf_0_clock/A (sky130_fd_sc_hd__clkbuf_16)
     4    0.03    0.05    0.13    0.15 ^ clkbuf_0_clock/X (sky130_fd_sc_hd__clkbuf_16)
                                         clknet_0_clock (net)
                  0.05    0.00    0.15 ^ clkbuf_2_2__f_clock/A (sky130_fd_sc_hd__clkbuf_16)
    12    0.03    0.05    0.13    0.29 ^ clkbuf_2_2__f_clock/X (sky130_fd_sc_hd__clkbuf_16)
                                         clknet_2_2__leaf_clock (net)
                  0.05    0.00    0.29 ^ accumulator._2311_/CLK (sky130_fd_sc_hd__dfxtp_1)
     4    0.01    0.14    0.36    0.65 ^ accumulator._2311_/Q (sky130_fd_sc_hd__dfxtp_1)
                                         accumulator.io_accOut[16] (net)
                  0.14    0.00    0.65 ^ accumulator._2171_/B1 (sky130_fd_sc_hd__a2bb2o_1)
     1    0.00    0.05    0.15    0.79 ^ accumulator._2171_/X (sky130_fd_sc_hd__a2bb2o_1)
                                         accumulator._0155_ (net)
                  0.05    0.00    0.79 ^ accumulator._2177_/A1 (sky130_fd_sc_hd__o31a_1)
     1    0.00    0.04    0.11    0.91 ^ accumulator._2177_/X (sky130_fd_sc_hd__o31a_1)
                                         accumulator._0018_ (net)
                  0.04    0.00    0.91 ^ accumulator._2311_/D (sky130_fd_sc_hd__dfxtp_1)
                                  0.91   data arrival time

                          0.00    0.00   clock clock (rise edge)
                          0.00    0.00   clock source latency
     1    0.01    0.04    0.03    0.03 ^ clock (in)
                                         clock (net)
                  0.04    0.00    0.03 ^ clkbuf_0_clock/A (sky130_fd_sc_hd__clkbuf_16)
     4    0.03    0.05    0.14    0.17 ^ clkbuf_0_clock/X (sky130_fd_sc_hd__clkbuf_16)
                                         clknet_0_clock (net)
                  0.05    0.00    0.17 ^ clkbuf_2_2__f_clock/A (sky130_fd_sc_hd__clkbuf_16)
    12    0.03    0.05    0.15    0.32 ^ clkbuf_2_2__f_clock/X (sky130_fd_sc_hd__clkbuf_16)
                                         clknet_2_2__leaf_clock (net)
                  0.05    0.00    0.32 ^ accumulator._2311_/CLK (sky130_fd_sc_hd__dfxtp_1)
                          0.25    0.57   clock uncertainty
                         -0.03    0.54   clock reconvergence pessimism
                         -0.03    0.51   library hold time
                                  0.51   data required time
-----------------------------------------------------------------------------
                                  0.51   data required time
                                 -0.91   data arrival time
-----------------------------------------------------------------------------
                                  0.39   slack (MET)


Startpoint: accumulator._2296_
            (rising edge-triggered flip-flop clocked by clock)
Endpoint: accumulator._2296_ (rising edge-triggered flip-flop clocked by clock)
Path Group: clock
Path Type: min

Fanout     Cap    Slew   Delay    Time   Description
-----------------------------------------------------------------------------
                          0.00    0.00   clock clock (rise edge)
                          0.00    0.00   clock source latency
     1    0.01    0.04    0.03    0.03 ^ clock (in)
                                         clock (net)
                  0.04    0.00    0.03 ^ clkbuf_0_clock/A (sky130_fd_sc_hd__clkbuf_16)
     4    0.03    0.05    0.13    0.15 ^ clkbuf_0_clock/X (sky130_fd_sc_hd__clkbuf_16)
                                         clknet_0_clock (net)
                  0.05    0.00    0.15 ^ clkbuf_2_2__f_clock/A (sky130_fd_sc_hd__clkbuf_16)
    12    0.03    0.05    0.13    0.29 ^ clkbuf_2_2__f_clock/X (sky130_fd_sc_hd__clkbuf_16)
                                         clknet_2_2__leaf_clock (net)
                  0.05    0.00    0.29 ^ accumulator._2296_/CLK (sky130_fd_sc_hd__dfxtp_1)
     5    0.02    0.08    0.33    0.62 v accumulator._2296_/Q (sky130_fd_sc_hd__dfxtp_1)
                                         accumulator.io_accOut[1] (net)
                  0.08    0.00    0.62 v accumulator._2050_/A1_N (sky130_fd_sc_hd__o2bb2a_1)
     1    0.00    0.05    0.24    0.86 ^ accumulator._2050_/X (sky130_fd_sc_hd__o2bb2a_1)
                                         accumulator._0037_ (net)
                  0.05    0.00    0.86 ^ accumulator._2051_/B (sky130_fd_sc_hd__nor2_1)
     1    0.00    0.02    0.04    0.89 v accumulator._2051_/Y (sky130_fd_sc_hd__nor2_1)
                                         accumulator._0003_ (net)
                  0.02    0.00    0.89 v accumulator._2296_/D (sky130_fd_sc_hd__dfxtp_1)
                                  0.89   data arrival time

                          0.00    0.00   clock clock (rise edge)
                          0.00    0.00   clock source latency
     1    0.01    0.04    0.03    0.03 ^ clock (in)
                                         clock (net)
                  0.04    0.00    0.03 ^ clkbuf_0_clock/A (sky130_fd_sc_hd__clkbuf_16)
     4    0.03    0.05    0.14    0.17 ^ clkbuf_0_clock/X (sky130_fd_sc_hd__clkbuf_16)
                                         clknet_0_clock (net)
                  0.05    0.00    0.17 ^ clkbuf_2_2__f_clock/A (sky130_fd_sc_hd__clkbuf_16)
    12    0.03    0.05    0.15    0.32 ^ clkbuf_2_2__f_clock/X (sky130_fd_sc_hd__clkbuf_16)
                                         clknet_2_2__leaf_clock (net)
                  0.05    0.00    0.32 ^ accumulator._2296_/CLK (sky130_fd_sc_hd__dfxtp_1)
                          0.25    0.57   clock uncertainty
                         -0.03    0.54   clock reconvergence pessimism
                         -0.04    0.50   library hold time
                                  0.50   data required time
-----------------------------------------------------------------------------
                                  0.50   data required time
                                 -0.89   data arrival time
-----------------------------------------------------------------------------
                                  0.40   slack (MET)


Startpoint: accumulator._2321_
            (rising edge-triggered flip-flop clocked by clock)
Endpoint: accumulator._2321_ (rising edge-triggered flip-flop clocked by clock)
Path Group: clock
Path Type: min

Fanout     Cap    Slew   Delay    Time   Description
-----------------------------------------------------------------------------
                          0.00    0.00   clock clock (rise edge)
                          0.00    0.00   clock source latency
     1    0.01    0.04    0.03    0.03 ^ clock (in)
                                         clock (net)
                  0.04    0.00    0.03 ^ clkbuf_0_clock/A (sky130_fd_sc_hd__clkbuf_16)
     4    0.03    0.05    0.13    0.15 ^ clkbuf_0_clock/X (sky130_fd_sc_hd__clkbuf_16)
                                         clknet_0_clock (net)
                  0.05    0.00    0.15 ^ clkbuf_2_1__f_clock/A (sky130_fd_sc_hd__clkbuf_16)
     8    0.03    0.05    0.13    0.29 ^ clkbuf_2_1__f_clock/X (sky130_fd_sc_hd__clkbuf_16)
                                         clknet_2_1__leaf_clock (net)
                  0.05    0.00    0.29 ^ accumulator._2321_/CLK (sky130_fd_sc_hd__dfxtp_1)
     6    0.02    0.17    0.38    0.66 ^ accumulator._2321_/Q (sky130_fd_sc_hd__dfxtp_1)
                                         accumulator.io_accOut[26] (net)
                  0.17    0.00    0.66 ^ accumulator._2254_/A (sky130_fd_sc_hd__or2_1)
     1    0.00    0.04    0.12    0.78 ^ accumulator._2254_/X (sky130_fd_sc_hd__or2_1)
                                         accumulator._0236_ (net)
                  0.04    0.00    0.78 ^ accumulator._2255_/B1 (sky130_fd_sc_hd__o211a_1)
     1    0.00    0.04    0.12    0.91 ^ accumulator._2255_/X (sky130_fd_sc_hd__o211a_1)
                                         accumulator._0028_ (net)
                  0.04    0.00    0.91 ^ accumulator._2321_/D (sky130_fd_sc_hd__dfxtp_1)
                                  0.91   data arrival time

                          0.00    0.00   clock clock (rise edge)
                          0.00    0.00   clock source latency
     1    0.01    0.04    0.03    0.03 ^ clock (in)
                                         clock (net)
                  0.04    0.00    0.03 ^ clkbuf_0_clock/A (sky130_fd_sc_hd__clkbuf_16)
     4    0.03    0.05    0.14    0.17 ^ clkbuf_0_clock/X (sky130_fd_sc_hd__clkbuf_16)
                                         clknet_0_clock (net)
                  0.05    0.00    0.17 ^ clkbuf_2_1__f_clock/A (sky130_fd_sc_hd__clkbuf_16)
     8    0.03    0.05    0.14    0.32 ^ clkbuf_2_1__f_clock/X (sky130_fd_sc_hd__clkbuf_16)
                                         clknet_2_1__leaf_clock (net)
                  0.05    0.00    0.32 ^ accumulator._2321_/CLK (sky130_fd_sc_hd__dfxtp_1)
                          0.25    0.57   clock uncertainty
                         -0.03    0.54   clock reconvergence pessimism
                         -0.03    0.51   library hold time
                                  0.51   data required time
-----------------------------------------------------------------------------
                                  0.51   data required time
                                 -0.91   data arrival time
-----------------------------------------------------------------------------
                                  0.40   slack (MET)


Startpoint: accumulator._2315_
            (rising edge-triggered flip-flop clocked by clock)
Endpoint: accumulator._2315_ (rising edge-triggered flip-flop clocked by clock)
Path Group: clock
Path Type: min

Fanout     Cap    Slew   Delay    Time   Description
-----------------------------------------------------------------------------
                          0.00    0.00   clock clock (rise edge)
                          0.00    0.00   clock source latency
     1    0.01    0.04    0.03    0.03 ^ clock (in)
                                         clock (net)
                  0.04    0.00    0.03 ^ clkbuf_0_clock/A (sky130_fd_sc_hd__clkbuf_16)
     4    0.03    0.05    0.13    0.15 ^ clkbuf_0_clock/X (sky130_fd_sc_hd__clkbuf_16)
                                         clknet_0_clock (net)
                  0.05    0.00    0.15 ^ clkbuf_2_1__f_clock/A (sky130_fd_sc_hd__clkbuf_16)
     8    0.03    0.05    0.13    0.29 ^ clkbuf_2_1__f_clock/X (sky130_fd_sc_hd__clkbuf_16)
                                         clknet_2_1__leaf_clock (net)
                  0.05    0.00    0.29 ^ accumulator._2315_/CLK (sky130_fd_sc_hd__dfxtp_1)
     4    0.01    0.09    0.32    0.60 ^ accumulator._2315_/Q (sky130_fd_sc_hd__dfxtp_1)
                                         accumulator.io_accOut[20] (net)
                  0.09    0.00    0.60 ^ accumulator._2207_/A1 (sky130_fd_sc_hd__o221a_1)
     1    0.00    0.05    0.18    0.78 ^ accumulator._2207_/X (sky130_fd_sc_hd__o221a_1)
                                         accumulator._0190_ (net)
                  0.05    0.00    0.78 ^ accumulator._2208_/C1 (sky130_fd_sc_hd__o211a_1)
     1    0.00    0.04    0.13    0.91 ^ accumulator._2208_/X (sky130_fd_sc_hd__o211a_1)
                                         accumulator._0022_ (net)
                  0.04    0.00    0.91 ^ accumulator._2315_/D (sky130_fd_sc_hd__dfxtp_1)
                                  0.91   data arrival time

                          0.00    0.00   clock clock (rise edge)
                          0.00    0.00   clock source latency
     1    0.01    0.04    0.03    0.03 ^ clock (in)
                                         clock (net)
                  0.04    0.00    0.03 ^ clkbuf_0_clock/A (sky130_fd_sc_hd__clkbuf_16)
     4    0.03    0.05    0.14    0.17 ^ clkbuf_0_clock/X (sky130_fd_sc_hd__clkbuf_16)
                                         clknet_0_clock (net)
                  0.05    0.00    0.17 ^ clkbuf_2_1__f_clock/A (sky130_fd_sc_hd__clkbuf_16)
     8    0.03    0.05    0.14    0.32 ^ clkbuf_2_1__f_clock/X (sky130_fd_sc_hd__clkbuf_16)
                                         clknet_2_1__leaf_clock (net)
                  0.05    0.00    0.32 ^ accumulator._2315_/CLK (sky130_fd_sc_hd__dfxtp_1)
                          0.25    0.57   clock uncertainty
                         -0.03    0.54   clock reconvergence pessimism
                         -0.03    0.51   library hold time
                                  0.51   data required time
-----------------------------------------------------------------------------
                                  0.51   data required time
                                 -0.91   data arrival time
-----------------------------------------------------------------------------
                                  0.40   slack (MET)


Startpoint: accumulator._2317_
            (rising edge-triggered flip-flop clocked by clock)
Endpoint: accumulator._2317_ (rising edge-triggered flip-flop clocked by clock)
Path Group: clock
Path Type: min

Fanout     Cap    Slew   Delay    Time   Description
-----------------------------------------------------------------------------
                          0.00    0.00   clock clock (rise edge)
                          0.00    0.00   clock source latency
     1    0.01    0.04    0.03    0.03 ^ clock (in)
                                         clock (net)
                  0.04    0.00    0.03 ^ clkbuf_0_clock/A (sky130_fd_sc_hd__clkbuf_16)
     4    0.03    0.05    0.13    0.15 ^ clkbuf_0_clock/X (sky130_fd_sc_hd__clkbuf_16)
                                         clknet_0_clock (net)
                  0.05    0.00    0.15 ^ clkbuf_2_0__f_clock/A (sky130_fd_sc_hd__clkbuf_16)
     8    0.03    0.05    0.13    0.29 ^ clkbuf_2_0__f_clock/X (sky130_fd_sc_hd__clkbuf_16)
                                         clknet_2_0__leaf_clock (net)
                  0.05    0.00    0.29 ^ accumulator._2317_/CLK (sky130_fd_sc_hd__dfxtp_1)
     4    0.02    0.08    0.33    0.61 v accumulator._2317_/Q (sky130_fd_sc_hd__dfxtp_1)
                                         accumulator.io_accOut[22] (net)
                  0.08    0.00    0.61 v accumulator._2216_/A (sky130_fd_sc_hd__inv_2)
     1    0.00    0.03    0.06    0.67 ^ accumulator._2216_/Y (sky130_fd_sc_hd__inv_2)
                                         accumulator._0198_ (net)
                  0.03    0.00    0.67 ^ accumulator._2220_/A1 (sky130_fd_sc_hd__o221a_1)
     1    0.00    0.06    0.17    0.84 ^ accumulator._2220_/X (sky130_fd_sc_hd__o221a_1)
                                         accumulator._0203_ (net)
                  0.06    0.00    0.84 ^ accumulator._2221_/A2 (sky130_fd_sc_hd__a21oi_1)
     1    0.00    0.04    0.06    0.90 v accumulator._2221_/Y (sky130_fd_sc_hd__a21oi_1)
                                         accumulator._0024_ (net)
                  0.04    0.00    0.90 v accumulator._2317_/D (sky130_fd_sc_hd__dfxtp_1)
                                  0.90   data arrival time

                          0.00    0.00   clock clock (rise edge)
                          0.00    0.00   clock source latency
     1    0.01    0.04    0.03    0.03 ^ clock (in)
                                         clock (net)
                  0.04    0.00    0.03 ^ clkbuf_0_clock/A (sky130_fd_sc_hd__clkbuf_16)
     4    0.03    0.05    0.14    0.17 ^ clkbuf_0_clock/X (sky130_fd_sc_hd__clkbuf_16)
                                         clknet_0_clock (net)
                  0.05    0.00    0.17 ^ clkbuf_2_0__f_clock/A (sky130_fd_sc_hd__clkbuf_16)
     8    0.03    0.05    0.15    0.32 ^ clkbuf_2_0__f_clock/X (sky130_fd_sc_hd__clkbuf_16)
                                         clknet_2_0__leaf_clock (net)
                  0.05    0.00    0.32 ^ accumulator._2317_/CLK (sky130_fd_sc_hd__dfxtp_1)
                          0.25    0.57   clock uncertainty
                         -0.03    0.54   clock reconvergence pessimism
                         -0.05    0.49   library hold time
                                  0.49   data required time
-----------------------------------------------------------------------------
                                  0.49   data required time
                                 -0.90   data arrival time
-----------------------------------------------------------------------------
                                  0.41   slack (MET)


Startpoint: accumulator._2295_
            (rising edge-triggered flip-flop clocked by clock)
Endpoint: accumulator._2295_ (rising edge-triggered flip-flop clocked by clock)
Path Group: clock
Path Type: min

Fanout     Cap    Slew   Delay    Time   Description
-----------------------------------------------------------------------------
                          0.00    0.00   clock clock (rise edge)
                          0.00    0.00   clock source latency
     1    0.01    0.04    0.03    0.03 ^ clock (in)
                                         clock (net)
                  0.04    0.00    0.03 ^ clkbuf_0_clock/A (sky130_fd_sc_hd__clkbuf_16)
     4    0.03    0.05    0.13    0.15 ^ clkbuf_0_clock/X (sky130_fd_sc_hd__clkbuf_16)
                                         clknet_0_clock (net)
                  0.05    0.00    0.15 ^ clkbuf_2_2__f_clock/A (sky130_fd_sc_hd__clkbuf_16)
    12    0.03    0.05    0.13    0.29 ^ clkbuf_2_2__f_clock/X (sky130_fd_sc_hd__clkbuf_16)
                                         clknet_2_2__leaf_clock (net)
                  0.05    0.00    0.29 ^ accumulator._2295_/CLK (sky130_fd_sc_hd__dfxtp_1)
     5    0.02    0.09    0.34    0.63 v accumulator._2295_/Q (sky130_fd_sc_hd__dfxtp_1)
                                         accumulator.io_accOut[0] (net)
                  0.09    0.00    0.63 v accumulator._2041_/A1_N (sky130_fd_sc_hd__o2bb2a_1)
     1    0.00    0.05    0.25    0.87 ^ accumulator._2041_/X (sky130_fd_sc_hd__o2bb2a_1)
                                         accumulator._1140_ (net)
                  0.05    0.00    0.87 ^ accumulator._2042_/B (sky130_fd_sc_hd__nor2_1)
     1    0.00    0.02    0.04    0.91 v accumulator._2042_/Y (sky130_fd_sc_hd__nor2_1)
                                         accumulator._0002_ (net)
                  0.02    0.00    0.91 v accumulator._2295_/D (sky130_fd_sc_hd__dfxtp_1)
                                  0.91   data arrival time

                          0.00    0.00   clock clock (rise edge)
                          0.00    0.00   clock source latency
     1    0.01    0.04    0.03    0.03 ^ clock (in)
                                         clock (net)
                  0.04    0.00    0.03 ^ clkbuf_0_clock/A (sky130_fd_sc_hd__clkbuf_16)
     4    0.03    0.05    0.14    0.17 ^ clkbuf_0_clock/X (sky130_fd_sc_hd__clkbuf_16)
                                         clknet_0_clock (net)
                  0.05    0.00    0.17 ^ clkbuf_2_2__f_clock/A (sky130_fd_sc_hd__clkbuf_16)
    12    0.03    0.05    0.15    0.32 ^ clkbuf_2_2__f_clock/X (sky130_fd_sc_hd__clkbuf_16)
                                         clknet_2_2__leaf_clock (net)
                  0.05    0.00    0.32 ^ accumulator._2295_/CLK (sky130_fd_sc_hd__dfxtp_1)
                          0.25    0.57   clock uncertainty
                         -0.03    0.54   clock reconvergence pessimism
                         -0.04    0.50   library hold time
                                  0.50   data required time
-----------------------------------------------------------------------------
                                  0.50   data required time
                                 -0.91   data arrival time
-----------------------------------------------------------------------------
                                  0.41   slack (MET)


Startpoint: accumulator._2312_
            (rising edge-triggered flip-flop clocked by clock)
Endpoint: accumulator._2312_ (rising edge-triggered flip-flop clocked by clock)
Path Group: clock
Path Type: min

Fanout     Cap    Slew   Delay    Time   Description
-----------------------------------------------------------------------------
                          0.00    0.00   clock clock (rise edge)
                          0.00    0.00   clock source latency
     1    0.01    0.04    0.03    0.03 ^ clock (in)
                                         clock (net)
                  0.04    0.00    0.03 ^ clkbuf_0_clock/A (sky130_fd_sc_hd__clkbuf_16)
     4    0.03    0.05    0.13    0.15 ^ clkbuf_0_clock/X (sky130_fd_sc_hd__clkbuf_16)
                                         clknet_0_clock (net)
                  0.05    0.00    0.15 ^ clkbuf_2_3__f_clock/A (sky130_fd_sc_hd__clkbuf_16)
     9    0.03    0.05    0.13    0.29 ^ clkbuf_2_3__f_clock/X (sky130_fd_sc_hd__clkbuf_16)
                                         clknet_2_3__leaf_clock (net)
                  0.05    0.00    0.29 ^ accumulator._2312_/CLK (sky130_fd_sc_hd__dfxtp_1)
     4    0.01    0.08    0.32    0.61 v accumulator._2312_/Q (sky130_fd_sc_hd__dfxtp_1)
                                         accumulator.io_accOut[17] (net)
                  0.08    0.00    0.61 v accumulator._2183_/A1_N (sky130_fd_sc_hd__o2bb2a_1)
     1    0.00    0.05    0.24    0.85 ^ accumulator._2183_/X (sky130_fd_sc_hd__o2bb2a_1)
                                         accumulator._0167_ (net)
                  0.05    0.00    0.85 ^ accumulator._2184_/A2 (sky130_fd_sc_hd__a21oi_1)
     1    0.00    0.04    0.05    0.90 v accumulator._2184_/Y (sky130_fd_sc_hd__a21oi_1)
                                         accumulator._0019_ (net)
                  0.04    0.00    0.90 v accumulator._2312_/D (sky130_fd_sc_hd__dfxtp_1)
                                  0.90   data arrival time

                          0.00    0.00   clock clock (rise edge)
                          0.00    0.00   clock source latency
     1    0.01    0.04    0.03    0.03 ^ clock (in)
                                         clock (net)
                  0.04    0.00    0.03 ^ clkbuf_0_clock/A (sky130_fd_sc_hd__clkbuf_16)
     4    0.03    0.05    0.14    0.17 ^ clkbuf_0_clock/X (sky130_fd_sc_hd__clkbuf_16)
                                         clknet_0_clock (net)
                  0.05    0.00    0.17 ^ clkbuf_2_3__f_clock/A (sky130_fd_sc_hd__clkbuf_16)
     9    0.03    0.05    0.15    0.32 ^ clkbuf_2_3__f_clock/X (sky130_fd_sc_hd__clkbuf_16)
                                         clknet_2_3__leaf_clock (net)
                  0.05    0.00    0.32 ^ accumulator._2312_/CLK (sky130_fd_sc_hd__dfxtp_1)
                          0.25    0.57   clock uncertainty
                         -0.03    0.54   clock reconvergence pessimism
                         -0.05    0.49   library hold time
                                  0.49   data required time
-----------------------------------------------------------------------------
                                  0.49   data required time
                                 -0.90   data arrival time
-----------------------------------------------------------------------------
                                  0.41   slack (MET)


Startpoint: accumulator._2313_
            (rising edge-triggered flip-flop clocked by clock)
Endpoint: accumulator._2313_ (rising edge-triggered flip-flop clocked by clock)
Path Group: clock
Path Type: min

Fanout     Cap    Slew   Delay    Time   Description
-----------------------------------------------------------------------------
                          0.00    0.00   clock clock (rise edge)
                          0.00    0.00   clock source latency
     1    0.01    0.04    0.03    0.03 ^ clock (in)
                                         clock (net)
                  0.04    0.00    0.03 ^ clkbuf_0_clock/A (sky130_fd_sc_hd__clkbuf_16)
     4    0.03    0.05    0.13    0.15 ^ clkbuf_0_clock/X (sky130_fd_sc_hd__clkbuf_16)
                                         clknet_0_clock (net)
                  0.05    0.00    0.15 ^ clkbuf_2_3__f_clock/A (sky130_fd_sc_hd__clkbuf_16)
     9    0.03    0.05    0.13    0.29 ^ clkbuf_2_3__f_clock/X (sky130_fd_sc_hd__clkbuf_16)
                                         clknet_2_3__leaf_clock (net)
                  0.05    0.00    0.29 ^ accumulator._2313_/CLK (sky130_fd_sc_hd__dfxtp_1)
     4    0.01    0.08    0.32    0.61 v accumulator._2313_/Q (sky130_fd_sc_hd__dfxtp_1)
                                         accumulator.io_accOut[18] (net)
                  0.08    0.00    0.61 v accumulator._2190_/A1_N (sky130_fd_sc_hd__o2bb2a_1)
     1    0.00    0.05    0.24    0.85 ^ accumulator._2190_/X (sky130_fd_sc_hd__o2bb2a_1)
                                         accumulator._0174_ (net)
                  0.05    0.00    0.85 ^ accumulator._2191_/A2 (sky130_fd_sc_hd__a21oi_1)
     1    0.00    0.04    0.06    0.91 v accumulator._2191_/Y (sky130_fd_sc_hd__a21oi_1)
                                         accumulator._0020_ (net)
                  0.04    0.00    0.91 v accumulator._2313_/D (sky130_fd_sc_hd__dfxtp_1)
                                  0.91   data arrival time

                          0.00    0.00   clock clock (rise edge)
                          0.00    0.00   clock source latency
     1    0.01    0.04    0.03    0.03 ^ clock (in)
                                         clock (net)
                  0.04    0.00    0.03 ^ clkbuf_0_clock/A (sky130_fd_sc_hd__clkbuf_16)
     4    0.03    0.05    0.14    0.17 ^ clkbuf_0_clock/X (sky130_fd_sc_hd__clkbuf_16)
                                         clknet_0_clock (net)
                  0.05    0.00    0.17 ^ clkbuf_2_3__f_clock/A (sky130_fd_sc_hd__clkbuf_16)
     9    0.03    0.05    0.15    0.32 ^ clkbuf_2_3__f_clock/X (sky130_fd_sc_hd__clkbuf_16)
                                         clknet_2_3__leaf_clock (net)
                  0.05    0.00    0.32 ^ accumulator._2313_/CLK (sky130_fd_sc_hd__dfxtp_1)
                          0.25    0.57   clock uncertainty
                         -0.03    0.54   clock reconvergence pessimism
                         -0.05    0.49   library hold time
                                  0.49   data required time
-----------------------------------------------------------------------------
                                  0.49   data required time
                                 -0.91   data arrival time
-----------------------------------------------------------------------------
                                  0.42   slack (MET)


Startpoint: accumulator._2325_
            (rising edge-triggered flip-flop clocked by clock)
Endpoint: accumulator._2325_ (rising edge-triggered flip-flop clocked by clock)
Path Group: clock
Path Type: min

Fanout     Cap    Slew   Delay    Time   Description
-----------------------------------------------------------------------------
                          0.00    0.00   clock clock (rise edge)
                          0.00    0.00   clock source latency
     1    0.01    0.04    0.03    0.03 ^ clock (in)
                                         clock (net)
                  0.04    0.00    0.03 ^ clkbuf_0_clock/A (sky130_fd_sc_hd__clkbuf_16)
     4    0.03    0.05    0.13    0.15 ^ clkbuf_0_clock/X (sky130_fd_sc_hd__clkbuf_16)
                                         clknet_0_clock (net)
                  0.05    0.00    0.15 ^ clkbuf_2_1__f_clock/A (sky130_fd_sc_hd__clkbuf_16)
     8    0.03    0.05    0.13    0.29 ^ clkbuf_2_1__f_clock/X (sky130_fd_sc_hd__clkbuf_16)
                                         clknet_2_1__leaf_clock (net)
                  0.05    0.00    0.29 ^ accumulator._2325_/CLK (sky130_fd_sc_hd__dfxtp_2)
     5    0.03    0.16    0.39    0.67 ^ accumulator._2325_/Q (sky130_fd_sc_hd__dfxtp_2)
                                         accumulator.io_accOut[30] (net)
                  0.16    0.00    0.67 ^ accumulator._2289_/A (sky130_fd_sc_hd__or2_1)
     1    0.00    0.05    0.12    0.80 ^ accumulator._2289_/X (sky130_fd_sc_hd__or2_1)
                                         accumulator._0271_ (net)
                  0.05    0.00    0.80 ^ accumulator._2290_/B1 (sky130_fd_sc_hd__o211a_1)
     1    0.00    0.04    0.13    0.93 ^ accumulator._2290_/X (sky130_fd_sc_hd__o211a_1)
                                         accumulator._0032_ (net)
                  0.04    0.00    0.93 ^ accumulator._2325_/D (sky130_fd_sc_hd__dfxtp_2)
                                  0.93   data arrival time

                          0.00    0.00   clock clock (rise edge)
                          0.00    0.00   clock source latency
     1    0.01    0.04    0.03    0.03 ^ clock (in)
                                         clock (net)
                  0.04    0.00    0.03 ^ clkbuf_0_clock/A (sky130_fd_sc_hd__clkbuf_16)
     4    0.03    0.05    0.14    0.17 ^ clkbuf_0_clock/X (sky130_fd_sc_hd__clkbuf_16)
                                         clknet_0_clock (net)
                  0.05    0.00    0.17 ^ clkbuf_2_1__f_clock/A (sky130_fd_sc_hd__clkbuf_16)
     8    0.03    0.05    0.14    0.32 ^ clkbuf_2_1__f_clock/X (sky130_fd_sc_hd__clkbuf_16)
                                         clknet_2_1__leaf_clock (net)
                  0.05    0.00    0.32 ^ accumulator._2325_/CLK (sky130_fd_sc_hd__dfxtp_2)
                          0.25    0.57   clock uncertainty
                         -0.03    0.54   clock reconvergence pessimism
                         -0.03    0.51   library hold time
                                  0.51   data required time
-----------------------------------------------------------------------------
                                  0.51   data required time
                                 -0.93   data arrival time
-----------------------------------------------------------------------------
                                  0.42   slack (MET)


Startpoint: accumulator._2316_
            (rising edge-triggered flip-flop clocked by clock)
Endpoint: accumulator._2316_ (rising edge-triggered flip-flop clocked by clock)
Path Group: clock
Path Type: min

Fanout     Cap    Slew   Delay    Time   Description
-----------------------------------------------------------------------------
                          0.00    0.00   clock clock (rise edge)
                          0.00    0.00   clock source latency
     1    0.01    0.04    0.03    0.03 ^ clock (in)
                                         clock (net)
                  0.04    0.00    0.03 ^ clkbuf_0_clock/A (sky130_fd_sc_hd__clkbuf_16)
     4    0.03    0.05    0.13    0.15 ^ clkbuf_0_clock/X (sky130_fd_sc_hd__clkbuf_16)
                                         clknet_0_clock (net)
                  0.05    0.00    0.15 ^ clkbuf_2_3__f_clock/A (sky130_fd_sc_hd__clkbuf_16)
     9    0.03    0.05    0.13    0.29 ^ clkbuf_2_3__f_clock/X (sky130_fd_sc_hd__clkbuf_16)
                                         clknet_2_3__leaf_clock (net)
                  0.05    0.00    0.29 ^ accumulator._2316_/CLK (sky130_fd_sc_hd__dfxtp_1)
     4    0.02    0.17    0.38    0.67 ^ accumulator._2316_/Q (sky130_fd_sc_hd__dfxtp_1)
                                         accumulator.io_accOut[21] (net)
                  0.17    0.00    0.67 ^ accumulator._2213_/A1 (sky130_fd_sc_hd__a221o_1)
     1    0.00    0.05    0.17    0.84 ^ accumulator._2213_/X (sky130_fd_sc_hd__a221o_1)
                                         accumulator._0196_ (net)
                  0.05    0.00    0.84 ^ accumulator._2214_/A2 (sky130_fd_sc_hd__o21a_1)
     1    0.00    0.04    0.10    0.93 ^ accumulator._2214_/X (sky130_fd_sc_hd__o21a_1)
                                         accumulator._0023_ (net)
                  0.04    0.00    0.93 ^ accumulator._2316_/D (sky130_fd_sc_hd__dfxtp_1)
                                  0.93   data arrival time

                          0.00    0.00   clock clock (rise edge)
                          0.00    0.00   clock source latency
     1    0.01    0.04    0.03    0.03 ^ clock (in)
                                         clock (net)
                  0.04    0.00    0.03 ^ clkbuf_0_clock/A (sky130_fd_sc_hd__clkbuf_16)
     4    0.03    0.05    0.14    0.17 ^ clkbuf_0_clock/X (sky130_fd_sc_hd__clkbuf_16)
                                         clknet_0_clock (net)
                  0.05    0.00    0.17 ^ clkbuf_2_3__f_clock/A (sky130_fd_sc_hd__clkbuf_16)
     9    0.03    0.05    0.15    0.32 ^ clkbuf_2_3__f_clock/X (sky130_fd_sc_hd__clkbuf_16)
                                         clknet_2_3__leaf_clock (net)
                  0.05    0.00    0.32 ^ accumulator._2316_/CLK (sky130_fd_sc_hd__dfxtp_1)
                          0.25    0.57   clock uncertainty
                         -0.03    0.54   clock reconvergence pessimism
                         -0.03    0.51   library hold time
                                  0.51   data required time
-----------------------------------------------------------------------------
                                  0.51   data required time
                                 -0.93   data arrival time
-----------------------------------------------------------------------------
                                  0.42   slack (MET)


Startpoint: accumulator._2294_
            (rising edge-triggered flip-flop clocked by clock)
Endpoint: accumulator._2326_ (rising edge-triggered flip-flop clocked by clock)
Path Group: clock
Path Type: min

Fanout     Cap    Slew   Delay    Time   Description
-----------------------------------------------------------------------------
                          0.00    0.00   clock clock (rise edge)
                          0.00    0.00   clock source latency
     1    0.01    0.04    0.03    0.03 ^ clock (in)
                                         clock (net)
                  0.04    0.00    0.03 ^ clkbuf_0_clock/A (sky130_fd_sc_hd__clkbuf_16)
     4    0.03    0.05    0.13    0.15 ^ clkbuf_0_clock/X (sky130_fd_sc_hd__clkbuf_16)
                                         clknet_0_clock (net)
                  0.05    0.00    0.15 ^ clkbuf_2_1__f_clock/A (sky130_fd_sc_hd__clkbuf_16)
     8    0.03    0.05    0.13    0.29 ^ clkbuf_2_1__f_clock/X (sky130_fd_sc_hd__clkbuf_16)
                                         clknet_2_1__leaf_clock (net)
                  0.05    0.00    0.29 ^ accumulator._2294_/CLK (sky130_fd_sc_hd__dfxtp_1)
     3    0.01    0.11    0.34    0.62 ^ accumulator._2294_/Q (sky130_fd_sc_hd__dfxtp_1)
                                         accumulator.state[1] (net)
                  0.11    0.00    0.62 ^ accumulator._1146_/B (sky130_fd_sc_hd__and2b_1)
     1    0.00    0.04    0.13    0.75 ^ accumulator._1146_/X (sky130_fd_sc_hd__and2b_1)
                                         accumulator._1126_ (net)
                  0.04    0.00    0.75 ^ accumulator._1147_/A (sky130_fd_sc_hd__clkbuf_1)
     2    0.01    0.09    0.11    0.86 ^ accumulator._1147_/X (sky130_fd_sc_hd__clkbuf_1)
                                         net61 (net)
                  0.09    0.00    0.86 ^ accumulator._2291_/B (sky130_fd_sc_hd__nor2_1)
     1    0.00    0.03    0.05    0.91 v accumulator._2291_/Y (sky130_fd_sc_hd__nor2_1)
                                         accumulator._0272_ (net)
                  0.03    0.00    0.91 v accumulator._2292_/C1 (sky130_fd_sc_hd__o211a_1)
     1    0.00    0.03    0.09    1.00 v accumulator._2292_/X (sky130_fd_sc_hd__o211a_1)
                                         accumulator._0033_ (net)
                  0.03    0.00    1.00 v accumulator._2326_/D (sky130_fd_sc_hd__dfxtp_1)
                                  1.00   data arrival time

                          0.00    0.00   clock clock (rise edge)
                          0.00    0.00   clock source latency
     1    0.01    0.04    0.03    0.03 ^ clock (in)
                                         clock (net)
                  0.04    0.00    0.03 ^ clkbuf_0_clock/A (sky130_fd_sc_hd__clkbuf_16)
     4    0.03    0.05    0.14    0.17 ^ clkbuf_0_clock/X (sky130_fd_sc_hd__clkbuf_16)
                                         clknet_0_clock (net)
                  0.05    0.00    0.17 ^ clkbuf_2_1__f_clock/A (sky130_fd_sc_hd__clkbuf_16)
     8    0.03    0.05    0.14    0.32 ^ clkbuf_2_1__f_clock/X (sky130_fd_sc_hd__clkbuf_16)
                                         clknet_2_1__leaf_clock (net)
                  0.05    0.00    0.32 ^ accumulator._2326_/CLK (sky130_fd_sc_hd__dfxtp_1)
                          0.25    0.57   clock uncertainty
                         -0.03    0.54   clock reconvergence pessimism
                         -0.05    0.49   library hold time
                                  0.49   data required time
-----------------------------------------------------------------------------
                                  0.49   data required time
                                 -1.00   data arrival time
-----------------------------------------------------------------------------
                                  0.51   slack (MET)


Startpoint: accumulator._2294_
            (rising edge-triggered flip-flop clocked by clock)
Endpoint: accumulator._2322_ (rising edge-triggered flip-flop clocked by clock)
Path Group: clock
Path Type: min

Fanout     Cap    Slew   Delay    Time   Description
-----------------------------------------------------------------------------
                          0.00    0.00   clock clock (rise edge)
                          0.00    0.00   clock source latency
     1    0.01    0.04    0.03    0.03 ^ clock (in)
                                         clock (net)
                  0.04    0.00    0.03 ^ clkbuf_0_clock/A (sky130_fd_sc_hd__clkbuf_16)
     4    0.03    0.05    0.13    0.15 ^ clkbuf_0_clock/X (sky130_fd_sc_hd__clkbuf_16)
                                         clknet_0_clock (net)
                  0.05    0.00    0.15 ^ clkbuf_2_1__f_clock/A (sky130_fd_sc_hd__clkbuf_16)
     8    0.03    0.05    0.13    0.29 ^ clkbuf_2_1__f_clock/X (sky130_fd_sc_hd__clkbuf_16)
                                         clknet_2_1__leaf_clock (net)
                  0.05    0.00    0.29 ^ accumulator._2294_/CLK (sky130_fd_sc_hd__dfxtp_1)
     3    0.01    0.11    0.34    0.62 ^ accumulator._2294_/Q (sky130_fd_sc_hd__dfxtp_1)
                                         accumulator.state[1] (net)
                  0.11    0.00    0.62 ^ accumulator._1257_/A (sky130_fd_sc_hd__nor2b_2)
     7    0.01    0.05    0.07    0.69 v accumulator._1257_/Y (sky130_fd_sc_hd__nor2b_2)
                                         accumulator._0357_ (net)
                  0.05    0.00    0.69 v accumulator._1258_/A (sky130_fd_sc_hd__buf_2)
    10    0.03    0.08    0.17    0.86 v accumulator._1258_/X (sky130_fd_sc_hd__buf_2)
                                         accumulator._0358_ (net)
                  0.08    0.00    0.86 v accumulator._2265_/A2 (sky130_fd_sc_hd__o21ai_1)
     1    0.00    0.08    0.13    0.99 ^ accumulator._2265_/Y (sky130_fd_sc_hd__o21ai_1)
                                         accumulator._0247_ (net)
                  0.08    0.00    0.99 ^ accumulator._2266_/B1 (sky130_fd_sc_hd__a21oi_1)
     1    0.00    0.03    0.04    1.03 v accumulator._2266_/Y (sky130_fd_sc_hd__a21oi_1)
                                         accumulator._0029_ (net)
                  0.03    0.00    1.03 v accumulator._2322_/D (sky130_fd_sc_hd__dfxtp_2)
                                  1.03   data arrival time

                          0.00    0.00   clock clock (rise edge)
                          0.00    0.00   clock source latency
     1    0.01    0.04    0.03    0.03 ^ clock (in)
                                         clock (net)
                  0.04    0.00    0.03 ^ clkbuf_0_clock/A (sky130_fd_sc_hd__clkbuf_16)
     4    0.03    0.05    0.14    0.17 ^ clkbuf_0_clock/X (sky130_fd_sc_hd__clkbuf_16)
                                         clknet_0_clock (net)
                  0.05    0.00    0.17 ^ clkbuf_2_1__f_clock/A (sky130_fd_sc_hd__clkbuf_16)
     8    0.03    0.05    0.14    0.32 ^ clkbuf_2_1__f_clock/X (sky130_fd_sc_hd__clkbuf_16)
                                         clknet_2_1__leaf_clock (net)
                  0.05    0.00    0.32 ^ accumulator._2322_/CLK (sky130_fd_sc_hd__dfxtp_2)
                          0.25    0.57   clock uncertainty
                         -0.03    0.54   clock reconvergence pessimism
                         -0.04    0.50   library hold time
                                  0.50   data required time
-----------------------------------------------------------------------------
                                  0.50   data required time
                                 -1.03   data arrival time
-----------------------------------------------------------------------------
                                  0.53   slack (MET)


Startpoint: accumulator._2294_
            (rising edge-triggered flip-flop clocked by clock)
Endpoint: accumulator._2309_ (rising edge-triggered flip-flop clocked by clock)
Path Group: clock
Path Type: min

Fanout     Cap    Slew   Delay    Time   Description
-----------------------------------------------------------------------------
                          0.00    0.00   clock clock (rise edge)
                          0.00    0.00   clock source latency
     1    0.01    0.04    0.03    0.03 ^ clock (in)
                                         clock (net)
                  0.04    0.00    0.03 ^ clkbuf_0_clock/A (sky130_fd_sc_hd__clkbuf_16)
     4    0.03    0.05    0.13    0.15 ^ clkbuf_0_clock/X (sky130_fd_sc_hd__clkbuf_16)
                                         clknet_0_clock (net)
                  0.05    0.00    0.15 ^ clkbuf_2_1__f_clock/A (sky130_fd_sc_hd__clkbuf_16)
     8    0.03    0.05    0.13    0.29 ^ clkbuf_2_1__f_clock/X (sky130_fd_sc_hd__clkbuf_16)
                                         clknet_2_1__leaf_clock (net)
                  0.05    0.00    0.29 ^ accumulator._2294_/CLK (sky130_fd_sc_hd__dfxtp_1)
     3    0.01    0.11    0.34    0.62 ^ accumulator._2294_/Q (sky130_fd_sc_hd__dfxtp_1)
                                         accumulator.state[1] (net)
                  0.11    0.00    0.62 ^ accumulator._1257_/A (sky130_fd_sc_hd__nor2b_2)
     7    0.01    0.05    0.07    0.69 v accumulator._1257_/Y (sky130_fd_sc_hd__nor2b_2)
                                         accumulator._0357_ (net)
                  0.05    0.00    0.69 v accumulator._1258_/A (sky130_fd_sc_hd__buf_2)
    10    0.03    0.08    0.17    0.86 v accumulator._1258_/X (sky130_fd_sc_hd__buf_2)
                                         accumulator._0358_ (net)
                  0.08    0.00    0.86 v accumulator._2160_/C1 (sky130_fd_sc_hd__o211ai_2)
     1    0.00    0.05    0.07    0.93 ^ accumulator._2160_/Y (sky130_fd_sc_hd__o211ai_2)
                                         accumulator._0145_ (net)
                  0.05    0.00    0.93 ^ accumulator._2161_/C1 (sky130_fd_sc_hd__o211a_1)
     1    0.00    0.04    0.13    1.05 ^ accumulator._2161_/X (sky130_fd_sc_hd__o211a_1)
                                         accumulator._0016_ (net)
                  0.04    0.00    1.05 ^ accumulator._2309_/D (sky130_fd_sc_hd__dfxtp_1)
                                  1.05   data arrival time

                          0.00    0.00   clock clock (rise edge)
                          0.00    0.00   clock source latency
     1    0.01    0.04    0.03    0.03 ^ clock (in)
                                         clock (net)
                  0.04    0.00    0.03 ^ clkbuf_0_clock/A (sky130_fd_sc_hd__clkbuf_16)
     4    0.03    0.05    0.14    0.17 ^ clkbuf_0_clock/X (sky130_fd_sc_hd__clkbuf_16)
                                         clknet_0_clock (net)
                  0.05    0.00    0.17 ^ clkbuf_2_0__f_clock/A (sky130_fd_sc_hd__clkbuf_16)
     8    0.03    0.05    0.15    0.32 ^ clkbuf_2_0__f_clock/X (sky130_fd_sc_hd__clkbuf_16)
                                         clknet_2_0__leaf_clock (net)
                  0.05    0.00    0.32 ^ accumulator._2309_/CLK (sky130_fd_sc_hd__dfxtp_1)
                          0.25    0.57   clock uncertainty
                         -0.02    0.55   clock reconvergence pessimism
                         -0.03    0.52   library hold time
                                  0.52   data required time
-----------------------------------------------------------------------------
                                  0.52   data required time
                                 -1.05   data arrival time
-----------------------------------------------------------------------------
                                  0.53   slack (MET)


Startpoint: accumulator._2294_
            (rising edge-triggered flip-flop clocked by clock)
Endpoint: accumulator._2314_ (rising edge-triggered flip-flop clocked by clock)
Path Group: clock
Path Type: min

Fanout     Cap    Slew   Delay    Time   Description
-----------------------------------------------------------------------------
                          0.00    0.00   clock clock (rise edge)
                          0.00    0.00   clock source latency
     1    0.01    0.04    0.03    0.03 ^ clock (in)
                                         clock (net)
                  0.04    0.00    0.03 ^ clkbuf_0_clock/A (sky130_fd_sc_hd__clkbuf_16)
     4    0.03    0.05    0.13    0.15 ^ clkbuf_0_clock/X (sky130_fd_sc_hd__clkbuf_16)
                                         clknet_0_clock (net)
                  0.05    0.00    0.15 ^ clkbuf_2_1__f_clock/A (sky130_fd_sc_hd__clkbuf_16)
     8    0.03    0.05    0.13    0.29 ^ clkbuf_2_1__f_clock/X (sky130_fd_sc_hd__clkbuf_16)
                                         clknet_2_1__leaf_clock (net)
                  0.05    0.00    0.29 ^ accumulator._2294_/CLK (sky130_fd_sc_hd__dfxtp_1)
     3    0.01    0.11    0.34    0.62 ^ accumulator._2294_/Q (sky130_fd_sc_hd__dfxtp_1)
                                         accumulator.state[1] (net)
                  0.11    0.00    0.62 ^ accumulator._1257_/A (sky130_fd_sc_hd__nor2b_2)
     7    0.01    0.05    0.07    0.69 v accumulator._1257_/Y (sky130_fd_sc_hd__nor2b_2)
                                         accumulator._0357_ (net)
                  0.05    0.00    0.69 v accumulator._1258_/A (sky130_fd_sc_hd__buf_2)
    10    0.03    0.08    0.17    0.86 v accumulator._1258_/X (sky130_fd_sc_hd__buf_2)
                                         accumulator._0358_ (net)
                  0.08    0.00    0.86 v accumulator._2199_/A2 (sky130_fd_sc_hd__o21ai_1)
     1    0.00    0.08    0.13    0.99 ^ accumulator._2199_/Y (sky130_fd_sc_hd__o21ai_1)
                                         accumulator._0183_ (net)
                  0.08    0.00    0.99 ^ accumulator._2200_/B1 (sky130_fd_sc_hd__a21oi_1)
     1    0.00    0.03    0.04    1.03 v accumulator._2200_/Y (sky130_fd_sc_hd__a21oi_1)
                                         accumulator._0021_ (net)
                  0.03    0.00    1.03 v accumulator._2314_/D (sky130_fd_sc_hd__dfxtp_1)
                                  1.03   data arrival time

                          0.00    0.00   clock clock (rise edge)
                          0.00    0.00   clock source latency
     1    0.01    0.04    0.03    0.03 ^ clock (in)
                                         clock (net)
                  0.04    0.00    0.03 ^ clkbuf_0_clock/A (sky130_fd_sc_hd__clkbuf_16)
     4    0.03    0.05    0.14    0.17 ^ clkbuf_0_clock/X (sky130_fd_sc_hd__clkbuf_16)
                                         clknet_0_clock (net)
                  0.05    0.00    0.17 ^ clkbuf_2_1__f_clock/A (sky130_fd_sc_hd__clkbuf_16)
     8    0.03    0.05    0.14    0.32 ^ clkbuf_2_1__f_clock/X (sky130_fd_sc_hd__clkbuf_16)
                                         clknet_2_1__leaf_clock (net)
                  0.05    0.00    0.32 ^ accumulator._2314_/CLK (sky130_fd_sc_hd__dfxtp_1)
                          0.25    0.57   clock uncertainty
                         -0.03    0.54   clock reconvergence pessimism
                         -0.05    0.49   library hold time
                                  0.49   data required time
-----------------------------------------------------------------------------
                                  0.49   data required time
                                 -1.03   data arrival time
-----------------------------------------------------------------------------
                                  0.54   slack (MET)


Startpoint: accumulator._2326_
            (rising edge-triggered flip-flop clocked by clock)
Endpoint: accumulator._2310_ (rising edge-triggered flip-flop clocked by clock)
Path Group: clock
Path Type: min

Fanout     Cap    Slew   Delay    Time   Description
-----------------------------------------------------------------------------
                          0.00    0.00   clock clock (rise edge)
                          0.00    0.00   clock source latency
     1    0.01    0.04    0.03    0.03 ^ clock (in)
                                         clock (net)
                  0.04    0.00    0.03 ^ clkbuf_0_clock/A (sky130_fd_sc_hd__clkbuf_16)
     4    0.03    0.05    0.13    0.15 ^ clkbuf_0_clock/X (sky130_fd_sc_hd__clkbuf_16)
                                         clknet_0_clock (net)
                  0.05    0.00    0.15 ^ clkbuf_2_1__f_clock/A (sky130_fd_sc_hd__clkbuf_16)
     8    0.03    0.05    0.13    0.29 ^ clkbuf_2_1__f_clock/X (sky130_fd_sc_hd__clkbuf_16)
                                         clknet_2_1__leaf_clock (net)
                  0.05    0.00    0.29 ^ accumulator._2326_/CLK (sky130_fd_sc_hd__dfxtp_1)
     5    0.01    0.08    0.32    0.61 v accumulator._2326_/Q (sky130_fd_sc_hd__dfxtp_1)
                                         accumulator.state[0] (net)
                  0.08    0.00    0.61 v accumulator._1250_/B (sky130_fd_sc_hd__nand2b_2)
     8    0.03    0.16    0.15    0.76 ^ accumulator._1250_/Y (sky130_fd_sc_hd__nand2b_2)
                                         accumulator._0350_ (net)
                  0.16    0.00    0.76 ^ accumulator._2167_/B1 (sky130_fd_sc_hd__a31o_1)
     1    0.00    0.05    0.12    0.88 ^ accumulator._2167_/X (sky130_fd_sc_hd__a31o_1)
                                         accumulator._0151_ (net)
                  0.05    0.00    0.88 ^ accumulator._2168_/B1 (sky130_fd_sc_hd__a21o_1)
     1    0.00    0.05    0.09    0.97 ^ accumulator._2168_/X (sky130_fd_sc_hd__a21o_1)
                                         accumulator._0153_ (net)
                  0.05    0.00    0.97 ^ accumulator._2169_/C1 (sky130_fd_sc_hd__o211a_1)
     1    0.00    0.04    0.12    1.09 ^ accumulator._2169_/X (sky130_fd_sc_hd__o211a_1)
                                         accumulator._0017_ (net)
                  0.04    0.00    1.09 ^ accumulator._2310_/D (sky130_fd_sc_hd__dfxtp_1)
                                  1.09   data arrival time

                          0.00    0.00   clock clock (rise edge)
                          0.00    0.00   clock source latency
     1    0.01    0.04    0.03    0.03 ^ clock (in)
                                         clock (net)
                  0.04    0.00    0.03 ^ clkbuf_0_clock/A (sky130_fd_sc_hd__clkbuf_16)
     4    0.03    0.05    0.14    0.17 ^ clkbuf_0_clock/X (sky130_fd_sc_hd__clkbuf_16)
                                         clknet_0_clock (net)
                  0.05    0.00    0.17 ^ clkbuf_2_3__f_clock/A (sky130_fd_sc_hd__clkbuf_16)
     9    0.03    0.05    0.15    0.32 ^ clkbuf_2_3__f_clock/X (sky130_fd_sc_hd__clkbuf_16)
                                         clknet_2_3__leaf_clock (net)
                  0.05    0.00    0.32 ^ accumulator._2310_/CLK (sky130_fd_sc_hd__dfxtp_1)
                          0.25    0.57   clock uncertainty
                         -0.02    0.55   clock reconvergence pessimism
                         -0.03    0.52   library hold time
                                  0.52   data required time
-----------------------------------------------------------------------------
                                  0.52   data required time
                                 -1.09   data arrival time
-----------------------------------------------------------------------------
                                  0.57   slack (MET)


Startpoint: accumulator._2294_
            (rising edge-triggered flip-flop clocked by clock)
Endpoint: accumulator._2319_ (rising edge-triggered flip-flop clocked by clock)
Path Group: clock
Path Type: min

Fanout     Cap    Slew   Delay    Time   Description
-----------------------------------------------------------------------------
                          0.00    0.00   clock clock (rise edge)
                          0.00    0.00   clock source latency
     1    0.01    0.04    0.03    0.03 ^ clock (in)
                                         clock (net)
                  0.04    0.00    0.03 ^ clkbuf_0_clock/A (sky130_fd_sc_hd__clkbuf_16)
     4    0.03    0.05    0.13    0.15 ^ clkbuf_0_clock/X (sky130_fd_sc_hd__clkbuf_16)
                                         clknet_0_clock (net)
                  0.05    0.00    0.15 ^ clkbuf_2_1__f_clock/A (sky130_fd_sc_hd__clkbuf_16)
     8    0.03    0.05    0.13    0.29 ^ clkbuf_2_1__f_clock/X (sky130_fd_sc_hd__clkbuf_16)
                                         clknet_2_1__leaf_clock (net)
                  0.05    0.00    0.29 ^ accumulator._2294_/CLK (sky130_fd_sc_hd__dfxtp_1)
     3    0.01    0.11    0.34    0.62 ^ accumulator._2294_/Q (sky130_fd_sc_hd__dfxtp_1)
                                         accumulator.state[1] (net)
                  0.11    0.00    0.62 ^ accumulator._1257_/A (sky130_fd_sc_hd__nor2b_2)
     7    0.01    0.05    0.07    0.69 v accumulator._1257_/Y (sky130_fd_sc_hd__nor2b_2)
                                         accumulator._0357_ (net)
                  0.05    0.00    0.69 v accumulator._1258_/A (sky130_fd_sc_hd__buf_2)
    10    0.03    0.08    0.17    0.86 v accumulator._1258_/X (sky130_fd_sc_hd__buf_2)
                                         accumulator._0358_ (net)
                  0.08    0.00    0.86 v accumulator._2233_/B1 (sky130_fd_sc_hd__o21ai_1)
     1    0.00    0.10    0.10    0.96 ^ accumulator._2233_/Y (sky130_fd_sc_hd__o21ai_1)
                                         accumulator._0215_ (net)
                  0.10    0.00    0.96 ^ accumulator._2234_/C1 (sky130_fd_sc_hd__o211a_1)
     1    0.00    0.04    0.13    1.09 ^ accumulator._2234_/X (sky130_fd_sc_hd__o211a_1)
                                         accumulator._0026_ (net)
                  0.04    0.00    1.09 ^ accumulator._2319_/D (sky130_fd_sc_hd__dfxtp_1)
                                  1.09   data arrival time

                          0.00    0.00   clock clock (rise edge)
                          0.00    0.00   clock source latency
     1    0.01    0.04    0.03    0.03 ^ clock (in)
                                         clock (net)
                  0.04    0.00    0.03 ^ clkbuf_0_clock/A (sky130_fd_sc_hd__clkbuf_16)
     4    0.03    0.05    0.14    0.17 ^ clkbuf_0_clock/X (sky130_fd_sc_hd__clkbuf_16)
                                         clknet_0_clock (net)
                  0.05    0.00    0.17 ^ clkbuf_2_0__f_clock/A (sky130_fd_sc_hd__clkbuf_16)
     8    0.03    0.05    0.15    0.32 ^ clkbuf_2_0__f_clock/X (sky130_fd_sc_hd__clkbuf_16)
                                         clknet_2_0__leaf_clock (net)
                  0.05    0.00    0.32 ^ accumulator._2319_/CLK (sky130_fd_sc_hd__dfxtp_1)
                          0.25    0.57   clock uncertainty
                         -0.02    0.55   clock reconvergence pessimism
                         -0.03    0.52   library hold time
                                  0.52   data required time
-----------------------------------------------------------------------------
                                  0.52   data required time
                                 -1.09   data arrival time
-----------------------------------------------------------------------------
                                  0.57   slack (MET)


Startpoint: accumulator._2326_
            (rising edge-triggered flip-flop clocked by clock)
Endpoint: accumulator._2303_ (rising edge-triggered flip-flop clocked by clock)
Path Group: clock
Path Type: min

Fanout     Cap    Slew   Delay    Time   Description
-----------------------------------------------------------------------------
                          0.00    0.00   clock clock (rise edge)
                          0.00    0.00   clock source latency
     1    0.01    0.04    0.03    0.03 ^ clock (in)
                                         clock (net)
                  0.04    0.00    0.03 ^ clkbuf_0_clock/A (sky130_fd_sc_hd__clkbuf_16)
     4    0.03    0.05    0.13    0.15 ^ clkbuf_0_clock/X (sky130_fd_sc_hd__clkbuf_16)
                                         clknet_0_clock (net)
                  0.05    0.00    0.15 ^ clkbuf_2_1__f_clock/A (sky130_fd_sc_hd__clkbuf_16)
     8    0.03    0.05    0.13    0.29 ^ clkbuf_2_1__f_clock/X (sky130_fd_sc_hd__clkbuf_16)
                                         clknet_2_1__leaf_clock (net)
                  0.05    0.00    0.29 ^ accumulator._2326_/CLK (sky130_fd_sc_hd__dfxtp_1)
     5    0.02    0.15    0.37    0.65 ^ accumulator._2326_/Q (sky130_fd_sc_hd__dfxtp_1)
                                         accumulator.state[0] (net)
                  0.15    0.00    0.65 ^ accumulator._1250_/B (sky130_fd_sc_hd__nand2b_2)
     8    0.03    0.12    0.14    0.79 v accumulator._1250_/Y (sky130_fd_sc_hd__nand2b_2)
                                         accumulator._0350_ (net)
                  0.12    0.00    0.79 v accumulator._1251_/A (sky130_fd_sc_hd__clkbuf_4)
    10    0.02    0.06    0.19    0.98 v accumulator._1251_/X (sky130_fd_sc_hd__clkbuf_4)
                                         accumulator._0351_ (net)
                  0.06    0.00    0.98 v accumulator._2108_/B (sky130_fd_sc_hd__nand2_1)
     1    0.00    0.04    0.06    1.04 ^ accumulator._2108_/Y (sky130_fd_sc_hd__nand2_1)
                                         accumulator._0094_ (net)
                  0.04    0.00    1.04 ^ accumulator._2113_/A1 (sky130_fd_sc_hd__a21oi_1)
     1    0.00    0.04    0.05    1.09 v accumulator._2113_/Y (sky130_fd_sc_hd__a21oi_1)
                                         accumulator._0010_ (net)
                  0.04    0.00    1.09 v accumulator._2303_/D (sky130_fd_sc_hd__dfxtp_2)
                                  1.09   data arrival time

                          0.00    0.00   clock clock (rise edge)
                          0.00    0.00   clock source latency
     1    0.01    0.04    0.03    0.03 ^ clock (in)
                                         clock (net)
                  0.04    0.00    0.03 ^ clkbuf_0_clock/A (sky130_fd_sc_hd__clkbuf_16)
     4    0.03    0.05    0.14    0.17 ^ clkbuf_0_clock/X (sky130_fd_sc_hd__clkbuf_16)
                                         clknet_0_clock (net)
                  0.05    0.00    0.17 ^ clkbuf_2_2__f_clock/A (sky130_fd_sc_hd__clkbuf_16)
    12    0.03    0.05    0.15    0.32 ^ clkbuf_2_2__f_clock/X (sky130_fd_sc_hd__clkbuf_16)
                                         clknet_2_2__leaf_clock (net)
                  0.05    0.00    0.32 ^ accumulator._2303_/CLK (sky130_fd_sc_hd__dfxtp_2)
                          0.25    0.57   clock uncertainty
                         -0.02    0.55   clock reconvergence pessimism
                         -0.04    0.51   library hold time
                                  0.51   data required time
-----------------------------------------------------------------------------
                                  0.51   data required time
                                 -1.09   data arrival time
-----------------------------------------------------------------------------
                                  0.58   slack (MET)


Startpoint: accumulator._2326_
            (rising edge-triggered flip-flop clocked by clock)
Endpoint: accumulator._2318_ (rising edge-triggered flip-flop clocked by clock)
Path Group: clock
Path Type: min

Fanout     Cap    Slew   Delay    Time   Description
-----------------------------------------------------------------------------
                          0.00    0.00   clock clock (rise edge)
                          0.00    0.00   clock source latency
     1    0.01    0.04    0.03    0.03 ^ clock (in)
                                         clock (net)
                  0.04    0.00    0.03 ^ clkbuf_0_clock/A (sky130_fd_sc_hd__clkbuf_16)
     4    0.03    0.05    0.13    0.15 ^ clkbuf_0_clock/X (sky130_fd_sc_hd__clkbuf_16)
                                         clknet_0_clock (net)
                  0.05    0.00    0.15 ^ clkbuf_2_1__f_clock/A (sky130_fd_sc_hd__clkbuf_16)
     8    0.03    0.05    0.13    0.29 ^ clkbuf_2_1__f_clock/X (sky130_fd_sc_hd__clkbuf_16)
                                         clknet_2_1__leaf_clock (net)
                  0.05    0.00    0.29 ^ accumulator._2326_/CLK (sky130_fd_sc_hd__dfxtp_1)
     5    0.01    0.08    0.32    0.61 v accumulator._2326_/Q (sky130_fd_sc_hd__dfxtp_1)
                                         accumulator.state[0] (net)
                  0.08    0.00    0.61 v accumulator._1250_/B (sky130_fd_sc_hd__nand2b_2)
     8    0.03    0.16    0.15    0.76 ^ accumulator._1250_/Y (sky130_fd_sc_hd__nand2b_2)
                                         accumulator._0350_ (net)
                  0.16    0.00    0.76 ^ accumulator._1251_/A (sky130_fd_sc_hd__clkbuf_4)
    10    0.03    0.09    0.20    0.96 ^ accumulator._1251_/X (sky130_fd_sc_hd__clkbuf_4)
                                         accumulator._0351_ (net)
                  0.09    0.00    0.96 ^ accumulator._2226_/B1 (sky130_fd_sc_hd__a21o_1)
     1    0.00    0.04    0.09    1.04 ^ accumulator._2226_/X (sky130_fd_sc_hd__a21o_1)
                                         accumulator._0208_ (net)
                  0.04    0.00    1.04 ^ accumulator._2227_/C1 (sky130_fd_sc_hd__o211a_1)
     1    0.00    0.04    0.11    1.16 ^ accumulator._2227_/X (sky130_fd_sc_hd__o211a_1)
                                         accumulator._0025_ (net)
                  0.04    0.00    1.16 ^ accumulator._2318_/D (sky130_fd_sc_hd__dfxtp_1)
                                  1.16   data arrival time

                          0.00    0.00   clock clock (rise edge)
                          0.00    0.00   clock source latency
     1    0.01    0.04    0.03    0.03 ^ clock (in)
                                         clock (net)
                  0.04    0.00    0.03 ^ clkbuf_0_clock/A (sky130_fd_sc_hd__clkbuf_16)
     4    0.03    0.05    0.14    0.17 ^ clkbuf_0_clock/X (sky130_fd_sc_hd__clkbuf_16)
                                         clknet_0_clock (net)
                  0.05    0.00    0.17 ^ clkbuf_2_0__f_clock/A (sky130_fd_sc_hd__clkbuf_16)
     8    0.03    0.05    0.15    0.32 ^ clkbuf_2_0__f_clock/X (sky130_fd_sc_hd__clkbuf_16)
                                         clknet_2_0__leaf_clock (net)
                  0.05    0.00    0.32 ^ accumulator._2318_/CLK (sky130_fd_sc_hd__dfxtp_1)
                          0.25    0.57   clock uncertainty
                         -0.02    0.55   clock reconvergence pessimism
                         -0.03    0.52   library hold time
                                  0.52   data required time
-----------------------------------------------------------------------------
                                  0.52   data required time
                                 -1.16   data arrival time
-----------------------------------------------------------------------------
                                  0.64   slack (MET)


Startpoint: accumulator._2326_
            (rising edge-triggered flip-flop clocked by clock)
Endpoint: accumulator._2324_ (rising edge-triggered flip-flop clocked by clock)
Path Group: clock
Path Type: min

Fanout     Cap    Slew   Delay    Time   Description
-----------------------------------------------------------------------------
                          0.00    0.00   clock clock (rise edge)
                          0.00    0.00   clock source latency
     1    0.01    0.04    0.03    0.03 ^ clock (in)
                                         clock (net)
                  0.04    0.00    0.03 ^ clkbuf_0_clock/A (sky130_fd_sc_hd__clkbuf_16)
     4    0.03    0.05    0.13    0.15 ^ clkbuf_0_clock/X (sky130_fd_sc_hd__clkbuf_16)
                                         clknet_0_clock (net)
                  0.05    0.00    0.15 ^ clkbuf_2_1__f_clock/A (sky130_fd_sc_hd__clkbuf_16)
     8    0.03    0.05    0.13    0.29 ^ clkbuf_2_1__f_clock/X (sky130_fd_sc_hd__clkbuf_16)
                                         clknet_2_1__leaf_clock (net)
                  0.05    0.00    0.29 ^ accumulator._2326_/CLK (sky130_fd_sc_hd__dfxtp_1)
     5    0.01    0.08    0.32    0.61 v accumulator._2326_/Q (sky130_fd_sc_hd__dfxtp_1)
                                         accumulator.state[0] (net)
                  0.08    0.00    0.61 v accumulator._1250_/B (sky130_fd_sc_hd__nand2b_2)
     8    0.03    0.16    0.15    0.76 ^ accumulator._1250_/Y (sky130_fd_sc_hd__nand2b_2)
                                         accumulator._0350_ (net)
                  0.16    0.00    0.76 ^ accumulator._1251_/A (sky130_fd_sc_hd__clkbuf_4)
    10    0.03    0.09    0.20    0.96 ^ accumulator._1251_/X (sky130_fd_sc_hd__clkbuf_4)
                                         accumulator._0351_ (net)
                  0.09    0.00    0.96 ^ accumulator._2282_/B1 (sky130_fd_sc_hd__a21o_1)
     1    0.00    0.04    0.09    1.04 ^ accumulator._2282_/X (sky130_fd_sc_hd__a21o_1)
                                         accumulator._0264_ (net)
                  0.04    0.00    1.04 ^ accumulator._2283_/C1 (sky130_fd_sc_hd__o211a_1)
     1    0.00    0.04    0.12    1.16 ^ accumulator._2283_/X (sky130_fd_sc_hd__o211a_1)
                                         accumulator._0031_ (net)
                  0.04    0.00    1.16 ^ accumulator._2324_/D (sky130_fd_sc_hd__dfxtp_1)
                                  1.16   data arrival time

                          0.00    0.00   clock clock (rise edge)
                          0.00    0.00   clock source latency
     1    0.01    0.04    0.03    0.03 ^ clock (in)
                                         clock (net)
                  0.04    0.00    0.03 ^ clkbuf_0_clock/A (sky130_fd_sc_hd__clkbuf_16)
     4    0.03    0.05    0.14    0.17 ^ clkbuf_0_clock/X (sky130_fd_sc_hd__clkbuf_16)
                                         clknet_0_clock (net)
                  0.05    0.00    0.17 ^ clkbuf_2_0__f_clock/A (sky130_fd_sc_hd__clkbuf_16)
     8    0.03    0.05    0.15    0.32 ^ clkbuf_2_0__f_clock/X (sky130_fd_sc_hd__clkbuf_16)
                                         clknet_2_0__leaf_clock (net)
                  0.05    0.00    0.32 ^ accumulator._2324_/CLK (sky130_fd_sc_hd__dfxtp_1)
                          0.25    0.57   clock uncertainty
                         -0.02    0.55   clock reconvergence pessimism
                         -0.03    0.52   library hold time
                                  0.52   data required time
-----------------------------------------------------------------------------
                                  0.52   data required time
                                 -1.16   data arrival time
-----------------------------------------------------------------------------
                                  0.64   slack (MET)


Startpoint: accumulator._2326_
            (rising edge-triggered flip-flop clocked by clock)
Endpoint: accumulator._2323_ (rising edge-triggered flip-flop clocked by clock)
Path Group: clock
Path Type: min

Fanout     Cap    Slew   Delay    Time   Description
-----------------------------------------------------------------------------
                          0.00    0.00   clock clock (rise edge)
                          0.00    0.00   clock source latency
     1    0.01    0.04    0.03    0.03 ^ clock (in)
                                         clock (net)
                  0.04    0.00    0.03 ^ clkbuf_0_clock/A (sky130_fd_sc_hd__clkbuf_16)
     4    0.03    0.05    0.13    0.15 ^ clkbuf_0_clock/X (sky130_fd_sc_hd__clkbuf_16)
                                         clknet_0_clock (net)
                  0.05    0.00    0.15 ^ clkbuf_2_1__f_clock/A (sky130_fd_sc_hd__clkbuf_16)
     8    0.03    0.05    0.13    0.29 ^ clkbuf_2_1__f_clock/X (sky130_fd_sc_hd__clkbuf_16)
                                         clknet_2_1__leaf_clock (net)
                  0.05    0.00    0.29 ^ accumulator._2326_/CLK (sky130_fd_sc_hd__dfxtp_1)
     5    0.01    0.08    0.32    0.61 v accumulator._2326_/Q (sky130_fd_sc_hd__dfxtp_1)
                                         accumulator.state[0] (net)
                  0.08    0.00    0.61 v accumulator._1250_/B (sky130_fd_sc_hd__nand2b_2)
     8    0.03    0.16    0.15    0.76 ^ accumulator._1250_/Y (sky130_fd_sc_hd__nand2b_2)
                                         accumulator._0350_ (net)
                  0.16    0.00    0.76 ^ accumulator._1251_/A (sky130_fd_sc_hd__clkbuf_4)
    10    0.03    0.09    0.20    0.96 ^ accumulator._1251_/X (sky130_fd_sc_hd__clkbuf_4)
                                         accumulator._0351_ (net)
                  0.09    0.00    0.96 ^ accumulator._2273_/B1 (sky130_fd_sc_hd__a21o_1)
     1    0.00    0.05    0.09    1.05 ^ accumulator._2273_/X (sky130_fd_sc_hd__a21o_1)
                                         accumulator._0255_ (net)
                  0.05    0.00    1.05 ^ accumulator._2274_/C1 (sky130_fd_sc_hd__o211a_1)
     1    0.00    0.04    0.12    1.17 ^ accumulator._2274_/X (sky130_fd_sc_hd__o211a_1)
                                         accumulator._0030_ (net)
                  0.04    0.00    1.17 ^ accumulator._2323_/D (sky130_fd_sc_hd__dfxtp_1)
                                  1.17   data arrival time

                          0.00    0.00   clock clock (rise edge)
                          0.00    0.00   clock source latency
     1    0.01    0.04    0.03    0.03 ^ clock (in)
                                         clock (net)
                  0.04    0.00    0.03 ^ clkbuf_0_clock/A (sky130_fd_sc_hd__clkbuf_16)
     4    0.03    0.05    0.14    0.17 ^ clkbuf_0_clock/X (sky130_fd_sc_hd__clkbuf_16)
                                         clknet_0_clock (net)
                  0.05    0.00    0.17 ^ clkbuf_2_0__f_clock/A (sky130_fd_sc_hd__clkbuf_16)
     8    0.03    0.05    0.15    0.32 ^ clkbuf_2_0__f_clock/X (sky130_fd_sc_hd__clkbuf_16)
                                         clknet_2_0__leaf_clock (net)
                  0.05    0.00    0.32 ^ accumulator._2323_/CLK (sky130_fd_sc_hd__dfxtp_1)
                          0.25    0.57   clock uncertainty
                         -0.02    0.55   clock reconvergence pessimism
                         -0.03    0.52   library hold time
                                  0.52   data required time
-----------------------------------------------------------------------------
                                  0.52   data required time
                                 -1.17   data arrival time
-----------------------------------------------------------------------------
                                  0.65   slack (MET)


Startpoint: accumulator._2299_
            (rising edge-triggered flip-flop clocked by clock)
Endpoint: io_accOut[4] (output port clocked by clock)
Path Group: clock
Path Type: min

Fanout     Cap    Slew   Delay    Time   Description
-----------------------------------------------------------------------------
                          0.00    0.00   clock clock (rise edge)
                          0.00    0.00   clock source latency
     1    0.01    0.04    0.03    0.03 ^ clock (in)
                                         clock (net)
                  0.04    0.00    0.03 ^ clkbuf_0_clock/A (sky130_fd_sc_hd__clkbuf_16)
     4    0.03    0.05    0.13    0.15 ^ clkbuf_0_clock/X (sky130_fd_sc_hd__clkbuf_16)
                                         clknet_0_clock (net)
                  0.05    0.00    0.15 ^ clkbuf_2_2__f_clock/A (sky130_fd_sc_hd__clkbuf_16)
    12    0.03    0.05    0.13    0.29 ^ clkbuf_2_2__f_clock/X (sky130_fd_sc_hd__clkbuf_16)
                                         clknet_2_2__leaf_clock (net)
                  0.05    0.00    0.29 ^ accumulator._2299_/CLK (sky130_fd_sc_hd__dfxtp_1)
     4    0.01    0.05    0.30    0.59 v accumulator._2299_/Q (sky130_fd_sc_hd__dfxtp_1)
                                         accumulator.io_accOut[4] (net)
                  0.05    0.00    0.59 v _04_/A (sky130_fd_sc_hd__buf_1)
     1    0.00    0.02    0.08    0.66 v _04_/X (sky130_fd_sc_hd__buf_1)
                                         net55 (net)
                  0.02    0.00    0.66 v output55/A (sky130_fd_sc_hd__buf_2)
     1    0.03    0.09    0.16    0.83 v output55/X (sky130_fd_sc_hd__buf_2)
                                         io_accOut[4] (net)
                  0.09    0.00    0.83 v io_accOut[4] (out)
                                  0.83   data arrival time

                          0.00    0.00   clock clock (rise edge)
                          0.00    0.00   clock network delay (propagated)
                          0.25    0.25   clock uncertainty
                          0.00    0.25   clock reconvergence pessimism
                         -5.00   -4.75   output external delay
                                 -4.75   data required time
-----------------------------------------------------------------------------
                                 -4.75   data required time
                                 -0.83   data arrival time
-----------------------------------------------------------------------------
                                  5.58   slack (MET)


Startpoint: accumulator._2308_
            (rising edge-triggered flip-flop clocked by clock)
Endpoint: io_accOut[13] (output port clocked by clock)
Path Group: clock
Path Type: min

Fanout     Cap    Slew   Delay    Time   Description
-----------------------------------------------------------------------------
                          0.00    0.00   clock clock (rise edge)
                          0.00    0.00   clock source latency
     1    0.01    0.04    0.03    0.03 ^ clock (in)
                                         clock (net)
                  0.04    0.00    0.03 ^ clkbuf_0_clock/A (sky130_fd_sc_hd__clkbuf_16)
     4    0.03    0.05    0.13    0.15 ^ clkbuf_0_clock/X (sky130_fd_sc_hd__clkbuf_16)
                                         clknet_0_clock (net)
                  0.05    0.00    0.15 ^ clkbuf_2_3__f_clock/A (sky130_fd_sc_hd__clkbuf_16)
     9    0.03    0.05    0.13    0.29 ^ clkbuf_2_3__f_clock/X (sky130_fd_sc_hd__clkbuf_16)
                                         clknet_2_3__leaf_clock (net)
                  0.05    0.00    0.29 ^ accumulator._2308_/CLK (sky130_fd_sc_hd__dfxtp_1)
     4    0.01    0.05    0.30    0.59 v accumulator._2308_/Q (sky130_fd_sc_hd__dfxtp_1)
                                         accumulator.io_accOut[13] (net)
                  0.05    0.00    0.59 v _13_/A (sky130_fd_sc_hd__clkbuf_1)
     1    0.00    0.02    0.08    0.67 v _13_/X (sky130_fd_sc_hd__clkbuf_1)
                                         net33 (net)
                  0.02    0.00    0.67 v output33/A (sky130_fd_sc_hd__buf_2)
     1    0.03    0.09    0.16    0.83 v output33/X (sky130_fd_sc_hd__buf_2)
                                         io_accOut[13] (net)
                  0.09    0.00    0.83 v io_accOut[13] (out)
                                  0.83   data arrival time

                          0.00    0.00   clock clock (rise edge)
                          0.00    0.00   clock network delay (propagated)
                          0.25    0.25   clock uncertainty
                          0.00    0.25   clock reconvergence pessimism
                         -5.00   -4.75   output external delay
                                 -4.75   data required time
-----------------------------------------------------------------------------
                                 -4.75   data required time
                                 -0.83   data arrival time
-----------------------------------------------------------------------------
                                  5.58   slack (MET)


Startpoint: accumulator._2324_
            (rising edge-triggered flip-flop clocked by clock)
Endpoint: io_accOut[29] (output port clocked by clock)
Path Group: clock
Path Type: min

Fanout     Cap    Slew   Delay    Time   Description
-----------------------------------------------------------------------------
                          0.00    0.00   clock clock (rise edge)
                          0.00    0.00   clock source latency
     1    0.01    0.04    0.03    0.03 ^ clock (in)
                                         clock (net)
                  0.04    0.00    0.03 ^ clkbuf_0_clock/A (sky130_fd_sc_hd__clkbuf_16)
     4    0.03    0.05    0.13    0.15 ^ clkbuf_0_clock/X (sky130_fd_sc_hd__clkbuf_16)
                                         clknet_0_clock (net)
                  0.05    0.00    0.15 ^ clkbuf_2_0__f_clock/A (sky130_fd_sc_hd__clkbuf_16)
     8    0.03    0.05    0.13    0.29 ^ clkbuf_2_0__f_clock/X (sky130_fd_sc_hd__clkbuf_16)
                                         clknet_2_0__leaf_clock (net)
                  0.05    0.00    0.29 ^ accumulator._2324_/CLK (sky130_fd_sc_hd__dfxtp_1)
     6    0.01    0.07    0.32    0.60 v accumulator._2324_/Q (sky130_fd_sc_hd__dfxtp_1)
                                         accumulator.io_accOut[29] (net)
                  0.07    0.00    0.60 v _29_/A (sky130_fd_sc_hd__clkbuf_1)
     1    0.00    0.02    0.09    0.69 v _29_/X (sky130_fd_sc_hd__clkbuf_1)
                                         net50 (net)
                  0.02    0.00    0.69 v output50/A (sky130_fd_sc_hd__buf_2)
     1    0.03    0.09    0.16    0.85 v output50/X (sky130_fd_sc_hd__buf_2)
                                         io_accOut[29] (net)
                  0.09    0.00    0.85 v io_accOut[29] (out)
                                  0.85   data arrival time

                          0.00    0.00   clock clock (rise edge)
                          0.00    0.00   clock network delay (propagated)
                          0.25    0.25   clock uncertainty
                          0.00    0.25   clock reconvergence pessimism
                         -5.00   -4.75   output external delay
                                 -4.75   data required time
-----------------------------------------------------------------------------
                                 -4.75   data required time
                                 -0.85   data arrival time
-----------------------------------------------------------------------------
                                  5.60   slack (MET)


Startpoint: accumulator._2309_
            (rising edge-triggered flip-flop clocked by clock)
Endpoint: io_accOut[14] (output port clocked by clock)
Path Group: clock
Path Type: min

Fanout     Cap    Slew   Delay    Time   Description
-----------------------------------------------------------------------------
                          0.00    0.00   clock clock (rise edge)
                          0.00    0.00   clock source latency
     1    0.01    0.04    0.03    0.03 ^ clock (in)
                                         clock (net)
                  0.04    0.00    0.03 ^ clkbuf_0_clock/A (sky130_fd_sc_hd__clkbuf_16)
     4    0.03    0.05    0.13    0.15 ^ clkbuf_0_clock/X (sky130_fd_sc_hd__clkbuf_16)
                                         clknet_0_clock (net)
                  0.05    0.00    0.15 ^ clkbuf_2_0__f_clock/A (sky130_fd_sc_hd__clkbuf_16)
     8    0.03    0.05    0.13    0.29 ^ clkbuf_2_0__f_clock/X (sky130_fd_sc_hd__clkbuf_16)
                                         clknet_2_0__leaf_clock (net)
                  0.05    0.00    0.29 ^ accumulator._2309_/CLK (sky130_fd_sc_hd__dfxtp_1)
     4    0.01    0.07    0.32    0.60 v accumulator._2309_/Q (sky130_fd_sc_hd__dfxtp_1)
                                         accumulator.io_accOut[14] (net)
                  0.07    0.00    0.60 v _14_/A (sky130_fd_sc_hd__buf_1)
     1    0.00    0.02    0.09    0.69 v _14_/X (sky130_fd_sc_hd__buf_1)
                                         net34 (net)
                  0.02    0.00    0.69 v output34/A (sky130_fd_sc_hd__buf_2)
     1    0.04    0.09    0.17    0.85 v output34/X (sky130_fd_sc_hd__buf_2)
                                         io_accOut[14] (net)
                  0.09    0.00    0.86 v io_accOut[14] (out)
                                  0.86   data arrival time

                          0.00    0.00   clock clock (rise edge)
                          0.00    0.00   clock network delay (propagated)
                          0.25    0.25   clock uncertainty
                          0.00    0.25   clock reconvergence pessimism
                         -5.00   -4.75   output external delay
                                 -4.75   data required time
-----------------------------------------------------------------------------
                                 -4.75   data required time
                                 -0.86   data arrival time
-----------------------------------------------------------------------------
                                  5.61   slack (MET)


Startpoint: accumulator._2315_
            (rising edge-triggered flip-flop clocked by clock)
Endpoint: io_accOut[20] (output port clocked by clock)
Path Group: clock
Path Type: min

Fanout     Cap    Slew   Delay    Time   Description
-----------------------------------------------------------------------------
                          0.00    0.00   clock clock (rise edge)
                          0.00    0.00   clock source latency
     1    0.01    0.04    0.03    0.03 ^ clock (in)
                                         clock (net)
                  0.04    0.00    0.03 ^ clkbuf_0_clock/A (sky130_fd_sc_hd__clkbuf_16)
     4    0.03    0.05    0.13    0.15 ^ clkbuf_0_clock/X (sky130_fd_sc_hd__clkbuf_16)
                                         clknet_0_clock (net)
                  0.05    0.00    0.15 ^ clkbuf_2_1__f_clock/A (sky130_fd_sc_hd__clkbuf_16)
     8    0.03    0.05    0.13    0.29 ^ clkbuf_2_1__f_clock/X (sky130_fd_sc_hd__clkbuf_16)
                                         clknet_2_1__leaf_clock (net)
                  0.05    0.00    0.29 ^ accumulator._2315_/CLK (sky130_fd_sc_hd__dfxtp_1)
     4    0.01    0.05    0.30    0.58 v accumulator._2315_/Q (sky130_fd_sc_hd__dfxtp_1)
                                         accumulator.io_accOut[20] (net)
                  0.05    0.00    0.58 v _20_/A (sky130_fd_sc_hd__buf_1)
     1    0.01    0.05    0.10    0.68 v _20_/X (sky130_fd_sc_hd__buf_1)
                                         net41 (net)
                  0.05    0.00    0.68 v output41/A (sky130_fd_sc_hd__buf_2)
     1    0.04    0.09    0.18    0.86 v output41/X (sky130_fd_sc_hd__buf_2)
                                         io_accOut[20] (net)
                  0.09    0.00    0.86 v io_accOut[20] (out)
                                  0.86   data arrival time

                          0.00    0.00   clock clock (rise edge)
                          0.00    0.00   clock network delay (propagated)
                          0.25    0.25   clock uncertainty
                          0.00    0.25   clock reconvergence pessimism
                         -5.00   -4.75   output external delay
                                 -4.75   data required time
-----------------------------------------------------------------------------
                                 -4.75   data required time
                                 -0.86   data arrival time
-----------------------------------------------------------------------------
                                  5.61   slack (MET)


Startpoint: accumulator._2321_
            (rising edge-triggered flip-flop clocked by clock)
Endpoint: io_accOut[26] (output port clocked by clock)
Path Group: clock
Path Type: min

Fanout     Cap    Slew   Delay    Time   Description
-----------------------------------------------------------------------------
                          0.00    0.00   clock clock (rise edge)
                          0.00    0.00   clock source latency
     1    0.01    0.04    0.03    0.03 ^ clock (in)
                                         clock (net)
                  0.04    0.00    0.03 ^ clkbuf_0_clock/A (sky130_fd_sc_hd__clkbuf_16)
     4    0.03    0.05    0.13    0.15 ^ clkbuf_0_clock/X (sky130_fd_sc_hd__clkbuf_16)
                                         clknet_0_clock (net)
                  0.05    0.00    0.15 ^ clkbuf_2_1__f_clock/A (sky130_fd_sc_hd__clkbuf_16)
     8    0.03    0.05    0.13    0.29 ^ clkbuf_2_1__f_clock/X (sky130_fd_sc_hd__clkbuf_16)
                                         clknet_2_1__leaf_clock (net)
                  0.05    0.00    0.29 ^ accumulator._2321_/CLK (sky130_fd_sc_hd__dfxtp_1)
     6    0.02    0.08    0.33    0.61 v accumulator._2321_/Q (sky130_fd_sc_hd__dfxtp_1)
                                         accumulator.io_accOut[26] (net)
                  0.08    0.00    0.61 v _26_/A (sky130_fd_sc_hd__clkbuf_1)
     1    0.00    0.02    0.10    0.71 v _26_/X (sky130_fd_sc_hd__clkbuf_1)
                                         net47 (net)
                  0.02    0.00    0.71 v output47/A (sky130_fd_sc_hd__buf_2)
     1    0.03    0.09    0.16    0.87 v output47/X (sky130_fd_sc_hd__buf_2)
                                         io_accOut[26] (net)
                  0.09    0.00    0.87 v io_accOut[26] (out)
                                  0.87   data arrival time

                          0.00    0.00   clock clock (rise edge)
                          0.00    0.00   clock network delay (propagated)
                          0.25    0.25   clock uncertainty
                          0.00    0.25   clock reconvergence pessimism
                         -5.00   -4.75   output external delay
                                 -4.75   data required time
-----------------------------------------------------------------------------
                                 -4.75   data required time
                                 -0.87   data arrival time
-----------------------------------------------------------------------------
                                  5.62   slack (MET)


Startpoint: accumulator._2322_
            (rising edge-triggered flip-flop clocked by clock)
Endpoint: io_accOut[27] (output port clocked by clock)
Path Group: clock
Path Type: min

Fanout     Cap    Slew   Delay    Time   Description
-----------------------------------------------------------------------------
                          0.00    0.00   clock clock (rise edge)
                          0.00    0.00   clock source latency
     1    0.01    0.04    0.03    0.03 ^ clock (in)
                                         clock (net)
                  0.04    0.00    0.03 ^ clkbuf_0_clock/A (sky130_fd_sc_hd__clkbuf_16)
     4    0.03    0.05    0.13    0.15 ^ clkbuf_0_clock/X (sky130_fd_sc_hd__clkbuf_16)
                                         clknet_0_clock (net)
                  0.05    0.00    0.15 ^ clkbuf_2_1__f_clock/A (sky130_fd_sc_hd__clkbuf_16)
     8    0.03    0.05    0.13    0.29 ^ clkbuf_2_1__f_clock/X (sky130_fd_sc_hd__clkbuf_16)
                                         clknet_2_1__leaf_clock (net)
                  0.05    0.00    0.29 ^ accumulator._2322_/CLK (sky130_fd_sc_hd__dfxtp_2)
     6    0.02    0.07    0.33    0.62 v accumulator._2322_/Q (sky130_fd_sc_hd__dfxtp_2)
                                         accumulator.io_accOut[27] (net)
                  0.07    0.00    0.62 v _27_/A (sky130_fd_sc_hd__clkbuf_1)
     1    0.00    0.03    0.09    0.71 v _27_/X (sky130_fd_sc_hd__clkbuf_1)
                                         net48 (net)
                  0.03    0.00    0.71 v output48/A (sky130_fd_sc_hd__buf_2)
     1    0.03    0.09    0.16    0.87 v output48/X (sky130_fd_sc_hd__buf_2)
                                         io_accOut[27] (net)
                  0.09    0.00    0.87 v io_accOut[27] (out)
                                  0.87   data arrival time

                          0.00    0.00   clock clock (rise edge)
                          0.00    0.00   clock network delay (propagated)
                          0.25    0.25   clock uncertainty
                          0.00    0.25   clock reconvergence pessimism
                         -5.00   -4.75   output external delay
                                 -4.75   data required time
-----------------------------------------------------------------------------
                                 -4.75   data required time
                                 -0.87   data arrival time
-----------------------------------------------------------------------------
                                  5.62   slack (MET)


Startpoint: accumulator._2314_
            (rising edge-triggered flip-flop clocked by clock)
Endpoint: io_accOut[19] (output port clocked by clock)
Path Group: clock
Path Type: min

Fanout     Cap    Slew   Delay    Time   Description
-----------------------------------------------------------------------------
                          0.00    0.00   clock clock (rise edge)
                          0.00    0.00   clock source latency
     1    0.01    0.04    0.03    0.03 ^ clock (in)
                                         clock (net)
                  0.04    0.00    0.03 ^ clkbuf_0_clock/A (sky130_fd_sc_hd__clkbuf_16)
     4    0.03    0.05    0.13    0.15 ^ clkbuf_0_clock/X (sky130_fd_sc_hd__clkbuf_16)
                                         clknet_0_clock (net)
                  0.05    0.00    0.15 ^ clkbuf_2_1__f_clock/A (sky130_fd_sc_hd__clkbuf_16)
     8    0.03    0.05    0.13    0.29 ^ clkbuf_2_1__f_clock/X (sky130_fd_sc_hd__clkbuf_16)
                                         clknet_2_1__leaf_clock (net)
                  0.05    0.00    0.29 ^ accumulator._2314_/CLK (sky130_fd_sc_hd__dfxtp_1)
     4    0.02    0.08    0.33    0.61 v accumulator._2314_/Q (sky130_fd_sc_hd__dfxtp_1)
                                         accumulator.io_accOut[19] (net)
                  0.08    0.00    0.61 v _19_/A (sky130_fd_sc_hd__clkbuf_1)
     1    0.00    0.02    0.10    0.71 v _19_/X (sky130_fd_sc_hd__clkbuf_1)
                                         net39 (net)
                  0.02    0.00    0.71 v output39/A (sky130_fd_sc_hd__buf_2)
     1    0.04    0.09    0.17    0.88 v output39/X (sky130_fd_sc_hd__buf_2)
                                         io_accOut[19] (net)
                  0.09    0.00    0.88 v io_accOut[19] (out)
                                  0.88   data arrival time

                          0.00    0.00   clock clock (rise edge)
                          0.00    0.00   clock network delay (propagated)
                          0.25    0.25   clock uncertainty
                          0.00    0.25   clock reconvergence pessimism
                         -5.00   -4.75   output external delay
                                 -4.75   data required time
-----------------------------------------------------------------------------
                                 -4.75   data required time
                                 -0.88   data arrival time
-----------------------------------------------------------------------------
                                  5.63   slack (MET)


Startpoint: accumulator._2323_
            (rising edge-triggered flip-flop clocked by clock)
Endpoint: io_accOut[28] (output port clocked by clock)
Path Group: clock
Path Type: min

Fanout     Cap    Slew   Delay    Time   Description
-----------------------------------------------------------------------------
                          0.00    0.00   clock clock (rise edge)
                          0.00    0.00   clock source latency
     1    0.01    0.04    0.03    0.03 ^ clock (in)
                                         clock (net)
                  0.04    0.00    0.03 ^ clkbuf_0_clock/A (sky130_fd_sc_hd__clkbuf_16)
     4    0.03    0.05    0.13    0.15 ^ clkbuf_0_clock/X (sky130_fd_sc_hd__clkbuf_16)
                                         clknet_0_clock (net)
                  0.05    0.00    0.15 ^ clkbuf_2_0__f_clock/A (sky130_fd_sc_hd__clkbuf_16)
     8    0.03    0.05    0.13    0.29 ^ clkbuf_2_0__f_clock/X (sky130_fd_sc_hd__clkbuf_16)
                                         clknet_2_0__leaf_clock (net)
                  0.05    0.00    0.29 ^ accumulator._2323_/CLK (sky130_fd_sc_hd__dfxtp_1)
     6    0.01    0.07    0.32    0.60 v accumulator._2323_/Q (sky130_fd_sc_hd__dfxtp_1)
                                         accumulator.io_accOut[28] (net)
                  0.07    0.00    0.60 v _28_/A (sky130_fd_sc_hd__clkbuf_1)
     1    0.01    0.04    0.11    0.71 v _28_/X (sky130_fd_sc_hd__clkbuf_1)
                                         net49 (net)
                  0.04    0.00    0.71 v output49/A (sky130_fd_sc_hd__buf_2)
     1    0.04    0.09    0.17    0.88 v output49/X (sky130_fd_sc_hd__buf_2)
                                         io_accOut[28] (net)
                  0.09    0.00    0.88 v io_accOut[28] (out)
                                  0.88   data arrival time

                          0.00    0.00   clock clock (rise edge)
                          0.00    0.00   clock network delay (propagated)
                          0.25    0.25   clock uncertainty
                          0.00    0.25   clock reconvergence pessimism
                         -5.00   -4.75   output external delay
                                 -4.75   data required time
-----------------------------------------------------------------------------
                                 -4.75   data required time
                                 -0.88   data arrival time
-----------------------------------------------------------------------------
                                  5.63   slack (MET)


Startpoint: accumulator._2300_
            (rising edge-triggered flip-flop clocked by clock)
Endpoint: io_accOut[5] (output port clocked by clock)
Path Group: clock
Path Type: min

Fanout     Cap    Slew   Delay    Time   Description
-----------------------------------------------------------------------------
                          0.00    0.00   clock clock (rise edge)
                          0.00    0.00   clock source latency
     1    0.01    0.04    0.03    0.03 ^ clock (in)
                                         clock (net)
                  0.04    0.00    0.03 ^ clkbuf_0_clock/A (sky130_fd_sc_hd__clkbuf_16)
     4    0.03    0.05    0.13    0.15 ^ clkbuf_0_clock/X (sky130_fd_sc_hd__clkbuf_16)
                                         clknet_0_clock (net)
                  0.05    0.00    0.15 ^ clkbuf_2_2__f_clock/A (sky130_fd_sc_hd__clkbuf_16)
    12    0.03    0.05    0.13    0.29 ^ clkbuf_2_2__f_clock/X (sky130_fd_sc_hd__clkbuf_16)
                                         clknet_2_2__leaf_clock (net)
                  0.05    0.00    0.29 ^ accumulator._2300_/CLK (sky130_fd_sc_hd__dfxtp_2)
     5    0.01    0.04    0.31    0.60 v accumulator._2300_/Q (sky130_fd_sc_hd__dfxtp_2)
                                         accumulator.io_accOut[5] (net)
                  0.04    0.00    0.60 v _05_/A (sky130_fd_sc_hd__buf_1)
     1    0.01    0.06    0.11    0.71 v _05_/X (sky130_fd_sc_hd__buf_1)
                                         net56 (net)
                  0.06    0.00    0.71 v output56/A (sky130_fd_sc_hd__buf_2)
     1    0.03    0.09    0.18    0.89 v output56/X (sky130_fd_sc_hd__buf_2)
                                         io_accOut[5] (net)
                  0.09    0.00    0.89 v io_accOut[5] (out)
                                  0.89   data arrival time

                          0.00    0.00   clock clock (rise edge)
                          0.00    0.00   clock network delay (propagated)
                          0.25    0.25   clock uncertainty
                          0.00    0.25   clock reconvergence pessimism
                         -5.00   -4.75   output external delay
                                 -4.75   data required time
-----------------------------------------------------------------------------
                                 -4.75   data required time
                                 -0.89   data arrival time
-----------------------------------------------------------------------------
                                  5.64   slack (MET)


Startpoint: accumulator._2298_
            (rising edge-triggered flip-flop clocked by clock)
Endpoint: io_accOut[3] (output port clocked by clock)
Path Group: clock
Path Type: min

Fanout     Cap    Slew   Delay    Time   Description
-----------------------------------------------------------------------------
                          0.00    0.00   clock clock (rise edge)
                          0.00    0.00   clock source latency
     1    0.01    0.04    0.03    0.03 ^ clock (in)
                                         clock (net)
                  0.04    0.00    0.03 ^ clkbuf_0_clock/A (sky130_fd_sc_hd__clkbuf_16)
     4    0.03    0.05    0.13    0.15 ^ clkbuf_0_clock/X (sky130_fd_sc_hd__clkbuf_16)
                                         clknet_0_clock (net)
                  0.05    0.00    0.15 ^ clkbuf_2_2__f_clock/A (sky130_fd_sc_hd__clkbuf_16)
    12    0.03    0.05    0.13    0.29 ^ clkbuf_2_2__f_clock/X (sky130_fd_sc_hd__clkbuf_16)
                                         clknet_2_2__leaf_clock (net)
                  0.05    0.00    0.29 ^ accumulator._2298_/CLK (sky130_fd_sc_hd__dfxtp_1)
     5    0.01    0.06    0.31    0.60 v accumulator._2298_/Q (sky130_fd_sc_hd__dfxtp_1)
                                         accumulator.io_accOut[3] (net)
                  0.06    0.00    0.60 v _03_/A (sky130_fd_sc_hd__buf_1)
     1    0.01    0.06    0.11    0.71 v _03_/X (sky130_fd_sc_hd__buf_1)
                                         net54 (net)
                  0.06    0.00    0.71 v output54/A (sky130_fd_sc_hd__buf_2)
     1    0.03    0.09    0.18    0.89 v output54/X (sky130_fd_sc_hd__buf_2)
                                         io_accOut[3] (net)
                  0.09    0.00    0.89 v io_accOut[3] (out)
                                  0.89   data arrival time

                          0.00    0.00   clock clock (rise edge)
                          0.00    0.00   clock network delay (propagated)
                          0.25    0.25   clock uncertainty
                          0.00    0.25   clock reconvergence pessimism
                         -5.00   -4.75   output external delay
                                 -4.75   data required time
-----------------------------------------------------------------------------
                                 -4.75   data required time
                                 -0.89   data arrival time
-----------------------------------------------------------------------------
                                  5.64   slack (MET)


Startpoint: accumulator._2325_
            (rising edge-triggered flip-flop clocked by clock)
Endpoint: io_accOut[30] (output port clocked by clock)
Path Group: clock
Path Type: min

Fanout     Cap    Slew   Delay    Time   Description
-----------------------------------------------------------------------------
                          0.00    0.00   clock clock (rise edge)
                          0.00    0.00   clock source latency
     1    0.01    0.04    0.03    0.03 ^ clock (in)
                                         clock (net)
                  0.04    0.00    0.03 ^ clkbuf_0_clock/A (sky130_fd_sc_hd__clkbuf_16)
     4    0.03    0.05    0.13    0.15 ^ clkbuf_0_clock/X (sky130_fd_sc_hd__clkbuf_16)
                                         clknet_0_clock (net)
                  0.05    0.00    0.15 ^ clkbuf_2_1__f_clock/A (sky130_fd_sc_hd__clkbuf_16)
     8    0.03    0.05    0.13    0.29 ^ clkbuf_2_1__f_clock/X (sky130_fd_sc_hd__clkbuf_16)
                                         clknet_2_1__leaf_clock (net)
                  0.05    0.00    0.29 ^ accumulator._2325_/CLK (sky130_fd_sc_hd__dfxtp_2)
     5    0.03    0.08    0.34    0.63 v accumulator._2325_/Q (sky130_fd_sc_hd__dfxtp_2)
                                         accumulator.io_accOut[30] (net)
                  0.08    0.00    0.63 v _30_/A (sky130_fd_sc_hd__clkbuf_1)
     1    0.00    0.03    0.10    0.73 v _30_/X (sky130_fd_sc_hd__clkbuf_1)
                                         net52 (net)
                  0.03    0.00    0.73 v output52/A (sky130_fd_sc_hd__buf_2)
     1    0.03    0.09    0.17    0.89 v output52/X (sky130_fd_sc_hd__buf_2)
                                         io_accOut[30] (net)
                  0.09    0.00    0.89 v io_accOut[30] (out)
                                  0.89   data arrival time

                          0.00    0.00   clock clock (rise edge)
                          0.00    0.00   clock network delay (propagated)
                          0.25    0.25   clock uncertainty
                          0.00    0.25   clock reconvergence pessimism
                         -5.00   -4.75   output external delay
                                 -4.75   data required time
-----------------------------------------------------------------------------
                                 -4.75   data required time
                                 -0.89   data arrival time
-----------------------------------------------------------------------------
                                  5.64   slack (MET)


Startpoint: accumulator._2297_
            (rising edge-triggered flip-flop clocked by clock)
Endpoint: io_accOut[2] (output port clocked by clock)
Path Group: clock
Path Type: min

Fanout     Cap    Slew   Delay    Time   Description
-----------------------------------------------------------------------------
                          0.00    0.00   clock clock (rise edge)
                          0.00    0.00   clock source latency
     1    0.01    0.04    0.03    0.03 ^ clock (in)
                                         clock (net)
                  0.04    0.00    0.03 ^ clkbuf_0_clock/A (sky130_fd_sc_hd__clkbuf_16)
     4    0.03    0.05    0.13    0.15 ^ clkbuf_0_clock/X (sky130_fd_sc_hd__clkbuf_16)
                                         clknet_0_clock (net)
                  0.05    0.00    0.15 ^ clkbuf_2_2__f_clock/A (sky130_fd_sc_hd__clkbuf_16)
    12    0.03    0.05    0.13    0.29 ^ clkbuf_2_2__f_clock/X (sky130_fd_sc_hd__clkbuf_16)
                                         clknet_2_2__leaf_clock (net)
                  0.05    0.00    0.29 ^ accumulator._2297_/CLK (sky130_fd_sc_hd__dfxtp_1)
     5    0.01    0.06    0.31    0.60 v accumulator._2297_/Q (sky130_fd_sc_hd__dfxtp_1)
                                         accumulator.io_accOut[2] (net)
                  0.06    0.00    0.60 v _02_/A (sky130_fd_sc_hd__buf_1)
     1    0.01    0.06    0.12    0.72 v _02_/X (sky130_fd_sc_hd__buf_1)
                                         net51 (net)
                  0.06    0.00    0.72 v output51/A (sky130_fd_sc_hd__buf_2)
     1    0.03    0.09    0.18    0.90 v output51/X (sky130_fd_sc_hd__buf_2)
                                         io_accOut[2] (net)
                  0.09    0.00    0.90 v io_accOut[2] (out)
                                  0.90   data arrival time

                          0.00    0.00   clock clock (rise edge)
                          0.00    0.00   clock network delay (propagated)
                          0.25    0.25   clock uncertainty
                          0.00    0.25   clock reconvergence pessimism
                         -5.00   -4.75   output external delay
                                 -4.75   data required time
-----------------------------------------------------------------------------
                                 -4.75   data required time
                                 -0.90   data arrival time
-----------------------------------------------------------------------------
                                  5.65   slack (MET)


Startpoint: accumulator._2302_
            (rising edge-triggered flip-flop clocked by clock)
Endpoint: io_accOut[7] (output port clocked by clock)
Path Group: clock
Path Type: min

Fanout     Cap    Slew   Delay    Time   Description
-----------------------------------------------------------------------------
                          0.00    0.00   clock clock (rise edge)
                          0.00    0.00   clock source latency
     1    0.01    0.04    0.03    0.03 ^ clock (in)
                                         clock (net)
                  0.04    0.00    0.03 ^ clkbuf_0_clock/A (sky130_fd_sc_hd__clkbuf_16)
     4    0.03    0.05    0.13    0.15 ^ clkbuf_0_clock/X (sky130_fd_sc_hd__clkbuf_16)
                                         clknet_0_clock (net)
                  0.05    0.00    0.15 ^ clkbuf_2_3__f_clock/A (sky130_fd_sc_hd__clkbuf_16)
     9    0.03    0.05    0.13    0.29 ^ clkbuf_2_3__f_clock/X (sky130_fd_sc_hd__clkbuf_16)
                                         clknet_2_3__leaf_clock (net)
                  0.05    0.00    0.29 ^ accumulator._2302_/CLK (sky130_fd_sc_hd__dfxtp_2)
     6    0.02    0.06    0.33    0.62 v accumulator._2302_/Q (sky130_fd_sc_hd__dfxtp_2)
                                         accumulator.io_accOut[7] (net)
                  0.06    0.00    0.62 v _07_/A (sky130_fd_sc_hd__clkbuf_1)
     1    0.01    0.04    0.11    0.73 v _07_/X (sky130_fd_sc_hd__clkbuf_1)
                                         net58 (net)
                  0.04    0.00    0.73 v output58/A (sky130_fd_sc_hd__buf_2)
     1    0.03    0.09    0.17    0.90 v output58/X (sky130_fd_sc_hd__buf_2)
                                         io_accOut[7] (net)
                  0.09    0.00    0.90 v io_accOut[7] (out)
                                  0.90   data arrival time

                          0.00    0.00   clock clock (rise edge)
                          0.00    0.00   clock network delay (propagated)
                          0.25    0.25   clock uncertainty
                          0.00    0.25   clock reconvergence pessimism
                         -5.00   -4.75   output external delay
                                 -4.75   data required time
-----------------------------------------------------------------------------
                                 -4.75   data required time
                                 -0.90   data arrival time
-----------------------------------------------------------------------------
                                  5.65   slack (MET)


Startpoint: accumulator._2318_
            (rising edge-triggered flip-flop clocked by clock)
Endpoint: io_accOut[23] (output port clocked by clock)
Path Group: clock
Path Type: min

Fanout     Cap    Slew   Delay    Time   Description
-----------------------------------------------------------------------------
                          0.00    0.00   clock clock (rise edge)
                          0.00    0.00   clock source latency
     1    0.01    0.04    0.03    0.03 ^ clock (in)
                                         clock (net)
                  0.04    0.00    0.03 ^ clkbuf_0_clock/A (sky130_fd_sc_hd__clkbuf_16)
     4    0.03    0.05    0.13    0.15 ^ clkbuf_0_clock/X (sky130_fd_sc_hd__clkbuf_16)
                                         clknet_0_clock (net)
                  0.05    0.00    0.15 ^ clkbuf_2_0__f_clock/A (sky130_fd_sc_hd__clkbuf_16)
     8    0.03    0.05    0.13    0.29 ^ clkbuf_2_0__f_clock/X (sky130_fd_sc_hd__clkbuf_16)
                                         clknet_2_0__leaf_clock (net)
                  0.05    0.00    0.29 ^ accumulator._2318_/CLK (sky130_fd_sc_hd__dfxtp_1)
     6    0.02    0.09    0.33    0.62 v accumulator._2318_/Q (sky130_fd_sc_hd__dfxtp_1)
                                         accumulator.io_accOut[23] (net)
                  0.09    0.00    0.62 v _23_/A (sky130_fd_sc_hd__clkbuf_1)
     1    0.01    0.04    0.12    0.73 v _23_/X (sky130_fd_sc_hd__clkbuf_1)
                                         net44 (net)
                  0.04    0.00    0.73 v output44/A (sky130_fd_sc_hd__buf_2)
     1    0.03    0.09    0.17    0.90 v output44/X (sky130_fd_sc_hd__buf_2)
                                         io_accOut[23] (net)
                  0.09    0.00    0.90 v io_accOut[23] (out)
                                  0.90   data arrival time

                          0.00    0.00   clock clock (rise edge)
                          0.00    0.00   clock network delay (propagated)
                          0.25    0.25   clock uncertainty
                          0.00    0.25   clock reconvergence pessimism
                         -5.00   -4.75   output external delay
                                 -4.75   data required time
-----------------------------------------------------------------------------
                                 -4.75   data required time
                                 -0.90   data arrival time
-----------------------------------------------------------------------------
                                  5.65   slack (MET)


Startpoint: accumulator._2319_
            (rising edge-triggered flip-flop clocked by clock)
Endpoint: io_accOut[24] (output port clocked by clock)
Path Group: clock
Path Type: min

Fanout     Cap    Slew   Delay    Time   Description
-----------------------------------------------------------------------------
                          0.00    0.00   clock clock (rise edge)
                          0.00    0.00   clock source latency
     1    0.01    0.04    0.03    0.03 ^ clock (in)
                                         clock (net)
                  0.04    0.00    0.03 ^ clkbuf_0_clock/A (sky130_fd_sc_hd__clkbuf_16)
     4    0.03    0.05    0.13    0.15 ^ clkbuf_0_clock/X (sky130_fd_sc_hd__clkbuf_16)
                                         clknet_0_clock (net)
                  0.05    0.00    0.15 ^ clkbuf_2_0__f_clock/A (sky130_fd_sc_hd__clkbuf_16)
     8    0.03    0.05    0.13    0.29 ^ clkbuf_2_0__f_clock/X (sky130_fd_sc_hd__clkbuf_16)
                                         clknet_2_0__leaf_clock (net)
                  0.05    0.00    0.29 ^ accumulator._2319_/CLK (sky130_fd_sc_hd__dfxtp_1)
     6    0.02    0.08    0.33    0.62 v accumulator._2319_/Q (sky130_fd_sc_hd__dfxtp_1)
                                         accumulator.io_accOut[24] (net)
                  0.08    0.00    0.62 v _24_/A (sky130_fd_sc_hd__buf_1)
     1    0.01    0.05    0.12    0.73 v _24_/X (sky130_fd_sc_hd__buf_1)
                                         net45 (net)
                  0.05    0.00    0.73 v output45/A (sky130_fd_sc_hd__buf_2)
     1    0.03    0.09    0.17    0.91 v output45/X (sky130_fd_sc_hd__buf_2)
                                         io_accOut[24] (net)
                  0.09    0.00    0.91 v io_accOut[24] (out)
                                  0.91   data arrival time

                          0.00    0.00   clock clock (rise edge)
                          0.00    0.00   clock network delay (propagated)
                          0.25    0.25   clock uncertainty
                          0.00    0.25   clock reconvergence pessimism
                         -5.00   -4.75   output external delay
                                 -4.75   data required time
-----------------------------------------------------------------------------
                                 -4.75   data required time
                                 -0.91   data arrival time
-----------------------------------------------------------------------------
                                  5.66   slack (MET)


Startpoint: accumulator._2301_
            (rising edge-triggered flip-flop clocked by clock)
Endpoint: io_accOut[6] (output port clocked by clock)
Path Group: clock
Path Type: min

Fanout     Cap    Slew   Delay    Time   Description
-----------------------------------------------------------------------------
                          0.00    0.00   clock clock (rise edge)
                          0.00    0.00   clock source latency
     1    0.01    0.04    0.03    0.03 ^ clock (in)
                                         clock (net)
                  0.04    0.00    0.03 ^ clkbuf_0_clock/A (sky130_fd_sc_hd__clkbuf_16)
     4    0.03    0.05    0.13    0.15 ^ clkbuf_0_clock/X (sky130_fd_sc_hd__clkbuf_16)
                                         clknet_0_clock (net)
                  0.05    0.00    0.15 ^ clkbuf_2_2__f_clock/A (sky130_fd_sc_hd__clkbuf_16)
    12    0.03    0.05    0.13    0.29 ^ clkbuf_2_2__f_clock/X (sky130_fd_sc_hd__clkbuf_16)
                                         clknet_2_2__leaf_clock (net)
                  0.05    0.00    0.29 ^ accumulator._2301_/CLK (sky130_fd_sc_hd__dfxtp_2)
     6    0.02    0.05    0.32    0.61 v accumulator._2301_/Q (sky130_fd_sc_hd__dfxtp_2)
                                         accumulator.io_accOut[6] (net)
                  0.05    0.00    0.61 v _06_/A (sky130_fd_sc_hd__buf_1)
     1    0.01    0.06    0.12    0.72 v _06_/X (sky130_fd_sc_hd__buf_1)
                                         net57 (net)
                  0.06    0.00    0.72 v output57/A (sky130_fd_sc_hd__buf_2)
     1    0.04    0.09    0.18    0.91 v output57/X (sky130_fd_sc_hd__buf_2)
                                         io_accOut[6] (net)
                  0.09    0.00    0.91 v io_accOut[6] (out)
                                  0.91   data arrival time

                          0.00    0.00   clock clock (rise edge)
                          0.00    0.00   clock network delay (propagated)
                          0.25    0.25   clock uncertainty
                          0.00    0.25   clock reconvergence pessimism
                         -5.00   -4.75   output external delay
                                 -4.75   data required time
-----------------------------------------------------------------------------
                                 -4.75   data required time
                                 -0.91   data arrival time
-----------------------------------------------------------------------------
                                  5.66   slack (MET)


Startpoint: accumulator._2317_
            (rising edge-triggered flip-flop clocked by clock)
Endpoint: io_accOut[22] (output port clocked by clock)
Path Group: clock
Path Type: min

Fanout     Cap    Slew   Delay    Time   Description
-----------------------------------------------------------------------------
                          0.00    0.00   clock clock (rise edge)
                          0.00    0.00   clock source latency
     1    0.01    0.04    0.03    0.03 ^ clock (in)
                                         clock (net)
                  0.04    0.00    0.03 ^ clkbuf_0_clock/A (sky130_fd_sc_hd__clkbuf_16)
     4    0.03    0.05    0.13    0.15 ^ clkbuf_0_clock/X (sky130_fd_sc_hd__clkbuf_16)
                                         clknet_0_clock (net)
                  0.05    0.00    0.15 ^ clkbuf_2_0__f_clock/A (sky130_fd_sc_hd__clkbuf_16)
     8    0.03    0.05    0.13    0.29 ^ clkbuf_2_0__f_clock/X (sky130_fd_sc_hd__clkbuf_16)
                                         clknet_2_0__leaf_clock (net)
                  0.05    0.00    0.29 ^ accumulator._2317_/CLK (sky130_fd_sc_hd__dfxtp_1)
     4    0.02    0.08    0.33    0.61 v accumulator._2317_/Q (sky130_fd_sc_hd__dfxtp_1)
                                         accumulator.io_accOut[22] (net)
                  0.08    0.00    0.61 v _22_/A (sky130_fd_sc_hd__buf_1)
     1    0.01    0.05    0.12    0.74 v _22_/X (sky130_fd_sc_hd__buf_1)
                                         net43 (net)
                  0.05    0.00    0.74 v output43/A (sky130_fd_sc_hd__buf_2)
     1    0.03    0.09    0.17    0.91 v output43/X (sky130_fd_sc_hd__buf_2)
                                         io_accOut[22] (net)
                  0.09    0.00    0.91 v io_accOut[22] (out)
                                  0.91   data arrival time

                          0.00    0.00   clock clock (rise edge)
                          0.00    0.00   clock network delay (propagated)
                          0.25    0.25   clock uncertainty
                          0.00    0.25   clock reconvergence pessimism
                         -5.00   -4.75   output external delay
                                 -4.75   data required time
-----------------------------------------------------------------------------
                                 -4.75   data required time
                                 -0.91   data arrival time
-----------------------------------------------------------------------------
                                  5.66   slack (MET)


Startpoint: accumulator._2303_
            (rising edge-triggered flip-flop clocked by clock)
Endpoint: io_accOut[8] (output port clocked by clock)
Path Group: clock
Path Type: min

Fanout     Cap    Slew   Delay    Time   Description
-----------------------------------------------------------------------------
                          0.00    0.00   clock clock (rise edge)
                          0.00    0.00   clock source latency
     1    0.01    0.04    0.03    0.03 ^ clock (in)
                                         clock (net)
                  0.04    0.00    0.03 ^ clkbuf_0_clock/A (sky130_fd_sc_hd__clkbuf_16)
     4    0.03    0.05    0.13    0.15 ^ clkbuf_0_clock/X (sky130_fd_sc_hd__clkbuf_16)
                                         clknet_0_clock (net)
                  0.05    0.00    0.15 ^ clkbuf_2_2__f_clock/A (sky130_fd_sc_hd__clkbuf_16)
    12    0.03    0.05    0.13    0.29 ^ clkbuf_2_2__f_clock/X (sky130_fd_sc_hd__clkbuf_16)
                                         clknet_2_2__leaf_clock (net)
                  0.05    0.00    0.29 ^ accumulator._2303_/CLK (sky130_fd_sc_hd__dfxtp_2)
     6    0.01    0.04    0.31    0.60 v accumulator._2303_/Q (sky130_fd_sc_hd__dfxtp_2)
                                         accumulator.io_accOut[8] (net)
                  0.04    0.00    0.60 v _08_/A (sky130_fd_sc_hd__buf_1)
     1    0.01    0.07    0.12    0.72 v _08_/X (sky130_fd_sc_hd__buf_1)
                                         net59 (net)
                  0.07    0.00    0.72 v output59/A (sky130_fd_sc_hd__buf_2)
     1    0.04    0.09    0.19    0.91 v output59/X (sky130_fd_sc_hd__buf_2)
                                         io_accOut[8] (net)
                  0.09    0.00    0.91 v io_accOut[8] (out)
                                  0.91   data arrival time

                          0.00    0.00   clock clock (rise edge)
                          0.00    0.00   clock network delay (propagated)
                          0.25    0.25   clock uncertainty
                          0.00    0.25   clock reconvergence pessimism
                         -5.00   -4.75   output external delay
                                 -4.75   data required time
-----------------------------------------------------------------------------
                                 -4.75   data required time
                                 -0.91   data arrival time
-----------------------------------------------------------------------------
                                  5.66   slack (MET)


Startpoint: accumulator._2320_
            (rising edge-triggered flip-flop clocked by clock)
Endpoint: io_accOut[25] (output port clocked by clock)
Path Group: clock
Path Type: min

Fanout     Cap    Slew   Delay    Time   Description
-----------------------------------------------------------------------------
                          0.00    0.00   clock clock (rise edge)
                          0.00    0.00   clock source latency
     1    0.01    0.04    0.03    0.03 ^ clock (in)
                                         clock (net)
                  0.04    0.00    0.03 ^ clkbuf_0_clock/A (sky130_fd_sc_hd__clkbuf_16)
     4    0.03    0.05    0.13    0.15 ^ clkbuf_0_clock/X (sky130_fd_sc_hd__clkbuf_16)
                                         clknet_0_clock (net)
                  0.05    0.00    0.15 ^ clkbuf_2_0__f_clock/A (sky130_fd_sc_hd__clkbuf_16)
     8    0.03    0.05    0.13    0.29 ^ clkbuf_2_0__f_clock/X (sky130_fd_sc_hd__clkbuf_16)
                                         clknet_2_0__leaf_clock (net)
                  0.05    0.00    0.29 ^ accumulator._2320_/CLK (sky130_fd_sc_hd__dfxtp_2)
     6    0.03    0.08    0.35    0.63 v accumulator._2320_/Q (sky130_fd_sc_hd__dfxtp_2)
                                         accumulator.io_accOut[25] (net)
                  0.08    0.00    0.63 v _25_/A (sky130_fd_sc_hd__clkbuf_1)
     1    0.00    0.04    0.11    0.74 v _25_/X (sky130_fd_sc_hd__clkbuf_1)
                                         net46 (net)
                  0.04    0.00    0.74 v output46/A (sky130_fd_sc_hd__buf_2)
     1    0.04    0.09    0.17    0.91 v output46/X (sky130_fd_sc_hd__buf_2)
                                         io_accOut[25] (net)
                  0.09    0.00    0.91 v io_accOut[25] (out)
                                  0.91   data arrival time

                          0.00    0.00   clock clock (rise edge)
                          0.00    0.00   clock network delay (propagated)
                          0.25    0.25   clock uncertainty
                          0.00    0.25   clock reconvergence pessimism
                         -5.00   -4.75   output external delay
                                 -4.75   data required time
-----------------------------------------------------------------------------
                                 -4.75   data required time
                                 -0.91   data arrival time
-----------------------------------------------------------------------------
                                  5.66   slack (MET)


Startpoint: accumulator._2312_
            (rising edge-triggered flip-flop clocked by clock)
Endpoint: io_accOut[17] (output port clocked by clock)
Path Group: clock
Path Type: min

Fanout     Cap    Slew   Delay    Time   Description
-----------------------------------------------------------------------------
                          0.00    0.00   clock clock (rise edge)
                          0.00    0.00   clock source latency
     1    0.01    0.04    0.03    0.03 ^ clock (in)
                                         clock (net)
                  0.04    0.00    0.03 ^ clkbuf_0_clock/A (sky130_fd_sc_hd__clkbuf_16)
     4    0.03    0.05    0.13    0.15 ^ clkbuf_0_clock/X (sky130_fd_sc_hd__clkbuf_16)
                                         clknet_0_clock (net)
                  0.05    0.00    0.15 ^ clkbuf_2_3__f_clock/A (sky130_fd_sc_hd__clkbuf_16)
     9    0.03    0.05    0.13    0.29 ^ clkbuf_2_3__f_clock/X (sky130_fd_sc_hd__clkbuf_16)
                                         clknet_2_3__leaf_clock (net)
                  0.05    0.00    0.29 ^ accumulator._2312_/CLK (sky130_fd_sc_hd__dfxtp_1)
     4    0.01    0.08    0.32    0.61 v accumulator._2312_/Q (sky130_fd_sc_hd__dfxtp_1)
                                         accumulator.io_accOut[17] (net)
                  0.08    0.00    0.61 v _17_/A (sky130_fd_sc_hd__buf_1)
     1    0.01    0.06    0.12    0.74 v _17_/X (sky130_fd_sc_hd__buf_1)
                                         net37 (net)
                  0.06    0.00    0.74 v output37/A (sky130_fd_sc_hd__buf_2)
     1    0.03    0.09    0.18    0.91 v output37/X (sky130_fd_sc_hd__buf_2)
                                         io_accOut[17] (net)
                  0.09    0.00    0.91 v io_accOut[17] (out)
                                  0.91   data arrival time

                          0.00    0.00   clock clock (rise edge)
                          0.00    0.00   clock network delay (propagated)
                          0.25    0.25   clock uncertainty
                          0.00    0.25   clock reconvergence pessimism
                         -5.00   -4.75   output external delay
                                 -4.75   data required time
-----------------------------------------------------------------------------
                                 -4.75   data required time
                                 -0.91   data arrival time
-----------------------------------------------------------------------------
                                  5.66   slack (MET)


Startpoint: accumulator._2316_
            (rising edge-triggered flip-flop clocked by clock)
Endpoint: io_accOut[21] (output port clocked by clock)
Path Group: clock
Path Type: min

Fanout     Cap    Slew   Delay    Time   Description
-----------------------------------------------------------------------------
                          0.00    0.00   clock clock (rise edge)
                          0.00    0.00   clock source latency
     1    0.01    0.04    0.03    0.03 ^ clock (in)
                                         clock (net)
                  0.04    0.00    0.03 ^ clkbuf_0_clock/A (sky130_fd_sc_hd__clkbuf_16)
     4    0.03    0.05    0.13    0.15 ^ clkbuf_0_clock/X (sky130_fd_sc_hd__clkbuf_16)
                                         clknet_0_clock (net)
                  0.05    0.00    0.15 ^ clkbuf_2_3__f_clock/A (sky130_fd_sc_hd__clkbuf_16)
     9    0.03    0.05    0.13    0.29 ^ clkbuf_2_3__f_clock/X (sky130_fd_sc_hd__clkbuf_16)
                                         clknet_2_3__leaf_clock (net)
                  0.05    0.00    0.29 ^ accumulator._2316_/CLK (sky130_fd_sc_hd__dfxtp_1)
     4    0.02    0.09    0.33    0.62 v accumulator._2316_/Q (sky130_fd_sc_hd__dfxtp_1)
                                         accumulator.io_accOut[21] (net)
                  0.09    0.00    0.62 v _21_/A (sky130_fd_sc_hd__buf_1)
     1    0.01    0.06    0.12    0.74 v _21_/X (sky130_fd_sc_hd__buf_1)
                                         net42 (net)
                  0.06    0.00    0.74 v output42/A (sky130_fd_sc_hd__buf_2)
     1    0.04    0.09    0.18    0.92 v output42/X (sky130_fd_sc_hd__buf_2)
                                         io_accOut[21] (net)
                  0.09    0.00    0.92 v io_accOut[21] (out)
                                  0.92   data arrival time

                          0.00    0.00   clock clock (rise edge)
                          0.00    0.00   clock network delay (propagated)
                          0.25    0.25   clock uncertainty
                          0.00    0.25   clock reconvergence pessimism
                         -5.00   -4.75   output external delay
                                 -4.75   data required time
-----------------------------------------------------------------------------
                                 -4.75   data required time
                                 -0.92   data arrival time
-----------------------------------------------------------------------------
                                  5.67   slack (MET)


Startpoint: accumulator._2311_
            (rising edge-triggered flip-flop clocked by clock)
Endpoint: io_accOut[16] (output port clocked by clock)
Path Group: clock
Path Type: min

Fanout     Cap    Slew   Delay    Time   Description
-----------------------------------------------------------------------------
                          0.00    0.00   clock clock (rise edge)
                          0.00    0.00   clock source latency
     1    0.01    0.04    0.03    0.03 ^ clock (in)
                                         clock (net)
                  0.04    0.00    0.03 ^ clkbuf_0_clock/A (sky130_fd_sc_hd__clkbuf_16)
     4    0.03    0.05    0.13    0.15 ^ clkbuf_0_clock/X (sky130_fd_sc_hd__clkbuf_16)
                                         clknet_0_clock (net)
                  0.05    0.00    0.15 ^ clkbuf_2_2__f_clock/A (sky130_fd_sc_hd__clkbuf_16)
    12    0.03    0.05    0.13    0.29 ^ clkbuf_2_2__f_clock/X (sky130_fd_sc_hd__clkbuf_16)
                                         clknet_2_2__leaf_clock (net)
                  0.05    0.00    0.29 ^ accumulator._2311_/CLK (sky130_fd_sc_hd__dfxtp_1)
     4    0.01    0.07    0.32    0.61 v accumulator._2311_/Q (sky130_fd_sc_hd__dfxtp_1)
                                         accumulator.io_accOut[16] (net)
                  0.07    0.00    0.61 v _16_/A (sky130_fd_sc_hd__buf_1)
     1    0.01    0.07    0.13    0.74 v _16_/X (sky130_fd_sc_hd__buf_1)
                                         net36 (net)
                  0.07    0.00    0.74 v output36/A (sky130_fd_sc_hd__buf_2)
     1    0.03    0.09    0.18    0.92 v output36/X (sky130_fd_sc_hd__buf_2)
                                         io_accOut[16] (net)
                  0.09    0.00    0.92 v io_accOut[16] (out)
                                  0.92   data arrival time

                          0.00    0.00   clock clock (rise edge)
                          0.00    0.00   clock network delay (propagated)
                          0.25    0.25   clock uncertainty
                          0.00    0.25   clock reconvergence pessimism
                         -5.00   -4.75   output external delay
                                 -4.75   data required time
-----------------------------------------------------------------------------
                                 -4.75   data required time
                                 -0.92   data arrival time
-----------------------------------------------------------------------------
                                  5.67   slack (MET)


Startpoint: accumulator._2313_
            (rising edge-triggered flip-flop clocked by clock)
Endpoint: io_accOut[18] (output port clocked by clock)
Path Group: clock
Path Type: min

Fanout     Cap    Slew   Delay    Time   Description
-----------------------------------------------------------------------------
                          0.00    0.00   clock clock (rise edge)
                          0.00    0.00   clock source latency
     1    0.01    0.04    0.03    0.03 ^ clock (in)
                                         clock (net)
                  0.04    0.00    0.03 ^ clkbuf_0_clock/A (sky130_fd_sc_hd__clkbuf_16)
     4    0.03    0.05    0.13    0.15 ^ clkbuf_0_clock/X (sky130_fd_sc_hd__clkbuf_16)
                                         clknet_0_clock (net)
                  0.05    0.00    0.15 ^ clkbuf_2_3__f_clock/A (sky130_fd_sc_hd__clkbuf_16)
     9    0.03    0.05    0.13    0.29 ^ clkbuf_2_3__f_clock/X (sky130_fd_sc_hd__clkbuf_16)
                                         clknet_2_3__leaf_clock (net)
                  0.05    0.00    0.29 ^ accumulator._2313_/CLK (sky130_fd_sc_hd__dfxtp_1)
     4    0.01    0.08    0.32    0.61 v accumulator._2313_/Q (sky130_fd_sc_hd__dfxtp_1)
                                         accumulator.io_accOut[18] (net)
                  0.08    0.00    0.61 v _18_/A (sky130_fd_sc_hd__buf_1)
     1    0.01    0.07    0.13    0.74 v _18_/X (sky130_fd_sc_hd__buf_1)
                                         net38 (net)
                  0.07    0.00    0.74 v output38/A (sky130_fd_sc_hd__buf_2)
     1    0.03    0.09    0.18    0.92 v output38/X (sky130_fd_sc_hd__buf_2)
                                         io_accOut[18] (net)
                  0.09    0.00    0.93 v io_accOut[18] (out)
                                  0.93   data arrival time

                          0.00    0.00   clock clock (rise edge)
                          0.00    0.00   clock network delay (propagated)
                          0.25    0.25   clock uncertainty
                          0.00    0.25   clock reconvergence pessimism
                         -5.00   -4.75   output external delay
                                 -4.75   data required time
-----------------------------------------------------------------------------
                                 -4.75   data required time
                                 -0.93   data arrival time
-----------------------------------------------------------------------------
                                  5.68   slack (MET)


Startpoint: accumulator._2296_
            (rising edge-triggered flip-flop clocked by clock)
Endpoint: io_accOut[1] (output port clocked by clock)
Path Group: clock
Path Type: min

Fanout     Cap    Slew   Delay    Time   Description
-----------------------------------------------------------------------------
                          0.00    0.00   clock clock (rise edge)
                          0.00    0.00   clock source latency
     1    0.01    0.04    0.03    0.03 ^ clock (in)
                                         clock (net)
                  0.04    0.00    0.03 ^ clkbuf_0_clock/A (sky130_fd_sc_hd__clkbuf_16)
     4    0.03    0.05    0.13    0.15 ^ clkbuf_0_clock/X (sky130_fd_sc_hd__clkbuf_16)
                                         clknet_0_clock (net)
                  0.05    0.00    0.15 ^ clkbuf_2_2__f_clock/A (sky130_fd_sc_hd__clkbuf_16)
    12    0.03    0.05    0.13    0.29 ^ clkbuf_2_2__f_clock/X (sky130_fd_sc_hd__clkbuf_16)
                                         clknet_2_2__leaf_clock (net)
                  0.05    0.00    0.29 ^ accumulator._2296_/CLK (sky130_fd_sc_hd__dfxtp_1)
     5    0.02    0.08    0.33    0.62 v accumulator._2296_/Q (sky130_fd_sc_hd__dfxtp_1)
                                         accumulator.io_accOut[1] (net)
                  0.08    0.00    0.62 v _01_/A (sky130_fd_sc_hd__buf_1)
     1    0.01    0.06    0.13    0.75 v _01_/X (sky130_fd_sc_hd__buf_1)
                                         net40 (net)
                  0.06    0.00    0.75 v output40/A (sky130_fd_sc_hd__buf_2)
     1    0.03    0.09    0.18    0.93 v output40/X (sky130_fd_sc_hd__buf_2)
                                         io_accOut[1] (net)
                  0.09    0.00    0.93 v io_accOut[1] (out)
                                  0.93   data arrival time

                          0.00    0.00   clock clock (rise edge)
                          0.00    0.00   clock network delay (propagated)
                          0.25    0.25   clock uncertainty
                          0.00    0.25   clock reconvergence pessimism
                         -5.00   -4.75   output external delay
                                 -4.75   data required time
-----------------------------------------------------------------------------
                                 -4.75   data required time
                                 -0.93   data arrival time
-----------------------------------------------------------------------------
                                  5.68   slack (MET)


Startpoint: accumulator._2307_
            (rising edge-triggered flip-flop clocked by clock)
Endpoint: io_accOut[12] (output port clocked by clock)
Path Group: clock
Path Type: min

Fanout     Cap    Slew   Delay    Time   Description
-----------------------------------------------------------------------------
                          0.00    0.00   clock clock (rise edge)
                          0.00    0.00   clock source latency
     1    0.01    0.04    0.03    0.03 ^ clock (in)
                                         clock (net)
                  0.04    0.00    0.03 ^ clkbuf_0_clock/A (sky130_fd_sc_hd__clkbuf_16)
     4    0.03    0.05    0.13    0.15 ^ clkbuf_0_clock/X (sky130_fd_sc_hd__clkbuf_16)
                                         clknet_0_clock (net)
                  0.05    0.00    0.15 ^ clkbuf_2_3__f_clock/A (sky130_fd_sc_hd__clkbuf_16)
     9    0.03    0.05    0.13    0.29 ^ clkbuf_2_3__f_clock/X (sky130_fd_sc_hd__clkbuf_16)
                                         clknet_2_3__leaf_clock (net)
                  0.05    0.00    0.29 ^ accumulator._2307_/CLK (sky130_fd_sc_hd__dfxtp_1)
     4    0.02    0.09    0.33    0.62 v accumulator._2307_/Q (sky130_fd_sc_hd__dfxtp_1)
                                         accumulator.io_accOut[12] (net)
                  0.09    0.00    0.62 v _12_/A (sky130_fd_sc_hd__buf_1)
     1    0.01    0.06    0.13    0.75 v _12_/X (sky130_fd_sc_hd__buf_1)
                                         net32 (net)
                  0.06    0.00    0.75 v output32/A (sky130_fd_sc_hd__buf_2)
     1    0.03    0.09    0.18    0.93 v output32/X (sky130_fd_sc_hd__buf_2)
                                         io_accOut[12] (net)
                  0.09    0.00    0.93 v io_accOut[12] (out)
                                  0.93   data arrival time

                          0.00    0.00   clock clock (rise edge)
                          0.00    0.00   clock network delay (propagated)
                          0.25    0.25   clock uncertainty
                          0.00    0.25   clock reconvergence pessimism
                         -5.00   -4.75   output external delay
                                 -4.75   data required time
-----------------------------------------------------------------------------
                                 -4.75   data required time
                                 -0.93   data arrival time
-----------------------------------------------------------------------------
                                  5.68   slack (MET)


Startpoint: accumulator._2305_
            (rising edge-triggered flip-flop clocked by clock)
Endpoint: io_accOut[10] (output port clocked by clock)
Path Group: clock
Path Type: min

Fanout     Cap    Slew   Delay    Time   Description
-----------------------------------------------------------------------------
                          0.00    0.00   clock clock (rise edge)
                          0.00    0.00   clock source latency
     1    0.01    0.04    0.03    0.03 ^ clock (in)
                                         clock (net)
                  0.04    0.00    0.03 ^ clkbuf_0_clock/A (sky130_fd_sc_hd__clkbuf_16)
     4    0.03    0.05    0.13    0.15 ^ clkbuf_0_clock/X (sky130_fd_sc_hd__clkbuf_16)
                                         clknet_0_clock (net)
                  0.05    0.00    0.15 ^ clkbuf_2_2__f_clock/A (sky130_fd_sc_hd__clkbuf_16)
    12    0.03    0.05    0.13    0.29 ^ clkbuf_2_2__f_clock/X (sky130_fd_sc_hd__clkbuf_16)
                                         clknet_2_2__leaf_clock (net)
                  0.05    0.00    0.29 ^ accumulator._2305_/CLK (sky130_fd_sc_hd__dfxtp_1)
     4    0.01    0.08    0.32    0.61 v accumulator._2305_/Q (sky130_fd_sc_hd__dfxtp_1)
                                         accumulator.io_accOut[10] (net)
                  0.08    0.00    0.61 v _10_/A (sky130_fd_sc_hd__buf_1)
     1    0.01    0.07    0.13    0.74 v _10_/X (sky130_fd_sc_hd__buf_1)
                                         net30 (net)
                  0.07    0.00    0.75 v output30/A (sky130_fd_sc_hd__buf_2)
     1    0.04    0.09    0.19    0.93 v output30/X (sky130_fd_sc_hd__buf_2)
                                         io_accOut[10] (net)
                  0.09    0.00    0.93 v io_accOut[10] (out)
                                  0.93   data arrival time

                          0.00    0.00   clock clock (rise edge)
                          0.00    0.00   clock network delay (propagated)
                          0.25    0.25   clock uncertainty
                          0.00    0.25   clock reconvergence pessimism
                         -5.00   -4.75   output external delay
                                 -4.75   data required time
-----------------------------------------------------------------------------
                                 -4.75   data required time
                                 -0.93   data arrival time
-----------------------------------------------------------------------------
                                  5.68   slack (MET)


Startpoint: accumulator._2304_
            (rising edge-triggered flip-flop clocked by clock)
Endpoint: io_accOut[9] (output port clocked by clock)
Path Group: clock
Path Type: min

Fanout     Cap    Slew   Delay    Time   Description
-----------------------------------------------------------------------------
                          0.00    0.00   clock clock (rise edge)
                          0.00    0.00   clock source latency
     1    0.01    0.04    0.03    0.03 ^ clock (in)
                                         clock (net)
                  0.04    0.00    0.03 ^ clkbuf_0_clock/A (sky130_fd_sc_hd__clkbuf_16)
     4    0.03    0.05    0.13    0.15 ^ clkbuf_0_clock/X (sky130_fd_sc_hd__clkbuf_16)
                                         clknet_0_clock (net)
                  0.05    0.00    0.15 ^ clkbuf_2_3__f_clock/A (sky130_fd_sc_hd__clkbuf_16)
     9    0.03    0.05    0.13    0.29 ^ clkbuf_2_3__f_clock/X (sky130_fd_sc_hd__clkbuf_16)
                                         clknet_2_3__leaf_clock (net)
                  0.05    0.00    0.29 ^ accumulator._2304_/CLK (sky130_fd_sc_hd__dfxtp_1)
     4    0.02    0.08    0.32    0.61 v accumulator._2304_/Q (sky130_fd_sc_hd__dfxtp_1)
                                         accumulator.io_accOut[9] (net)
                  0.08    0.00    0.61 v _09_/A (sky130_fd_sc_hd__clkbuf_2)
     1    0.01    0.06    0.14    0.75 v _09_/X (sky130_fd_sc_hd__clkbuf_2)
                                         net60 (net)
                  0.06    0.00    0.75 v output60/A (sky130_fd_sc_hd__buf_2)
     1    0.04    0.09    0.18    0.94 v output60/X (sky130_fd_sc_hd__buf_2)
                                         io_accOut[9] (net)
                  0.09    0.00    0.94 v io_accOut[9] (out)
                                  0.94   data arrival time

                          0.00    0.00   clock clock (rise edge)
                          0.00    0.00   clock network delay (propagated)
                          0.25    0.25   clock uncertainty
                          0.00    0.25   clock reconvergence pessimism
                         -5.00   -4.75   output external delay
                                 -4.75   data required time
-----------------------------------------------------------------------------
                                 -4.75   data required time
                                 -0.94   data arrival time
-----------------------------------------------------------------------------
                                  5.69   slack (MET)


Startpoint: accumulator._2295_
            (rising edge-triggered flip-flop clocked by clock)
Endpoint: io_accOut[0] (output port clocked by clock)
Path Group: clock
Path Type: min

Fanout     Cap    Slew   Delay    Time   Description
-----------------------------------------------------------------------------
                          0.00    0.00   clock clock (rise edge)
                          0.00    0.00   clock source latency
     1    0.01    0.04    0.03    0.03 ^ clock (in)
                                         clock (net)
                  0.04    0.00    0.03 ^ clkbuf_0_clock/A (sky130_fd_sc_hd__clkbuf_16)
     4    0.03    0.05    0.13    0.15 ^ clkbuf_0_clock/X (sky130_fd_sc_hd__clkbuf_16)
                                         clknet_0_clock (net)
                  0.05    0.00    0.15 ^ clkbuf_2_2__f_clock/A (sky130_fd_sc_hd__clkbuf_16)
    12    0.03    0.05    0.13    0.29 ^ clkbuf_2_2__f_clock/X (sky130_fd_sc_hd__clkbuf_16)
                                         clknet_2_2__leaf_clock (net)
                  0.05    0.00    0.29 ^ accumulator._2295_/CLK (sky130_fd_sc_hd__dfxtp_1)
     5    0.02    0.09    0.34    0.63 v accumulator._2295_/Q (sky130_fd_sc_hd__dfxtp_1)
                                         accumulator.io_accOut[0] (net)
                  0.09    0.00    0.63 v _00_/A (sky130_fd_sc_hd__buf_1)
     1    0.01    0.06    0.13    0.76 v _00_/X (sky130_fd_sc_hd__buf_1)
                                         net29 (net)
                  0.06    0.00    0.76 v output29/A (sky130_fd_sc_hd__buf_2)
     1    0.03    0.09    0.18    0.94 v output29/X (sky130_fd_sc_hd__buf_2)
                                         io_accOut[0] (net)
                  0.09    0.00    0.94 v io_accOut[0] (out)
                                  0.94   data arrival time

                          0.00    0.00   clock clock (rise edge)
                          0.00    0.00   clock network delay (propagated)
                          0.25    0.25   clock uncertainty
                          0.00    0.25   clock reconvergence pessimism
                         -5.00   -4.75   output external delay
                                 -4.75   data required time
-----------------------------------------------------------------------------
                                 -4.75   data required time
                                 -0.94   data arrival time
-----------------------------------------------------------------------------
                                  5.69   slack (MET)


Startpoint: accumulator._2293_
            (rising edge-triggered flip-flop clocked by clock)
Endpoint: io_accOut[31] (output port clocked by clock)
Path Group: clock
Path Type: min

Fanout     Cap    Slew   Delay    Time   Description
-----------------------------------------------------------------------------
                          0.00    0.00   clock clock (rise edge)
                          0.00    0.00   clock source latency
     1    0.01    0.04    0.03    0.03 ^ clock (in)
                                         clock (net)
                  0.04    0.00    0.03 ^ clkbuf_0_clock/A (sky130_fd_sc_hd__clkbuf_16)
     4    0.03    0.05    0.13    0.15 ^ clkbuf_0_clock/X (sky130_fd_sc_hd__clkbuf_16)
                                         clknet_0_clock (net)
                  0.05    0.00    0.15 ^ clkbuf_2_2__f_clock/A (sky130_fd_sc_hd__clkbuf_16)
    12    0.03    0.05    0.13    0.29 ^ clkbuf_2_2__f_clock/X (sky130_fd_sc_hd__clkbuf_16)
                                         clknet_2_2__leaf_clock (net)
                  0.05    0.00    0.29 ^ accumulator._2293_/CLK (sky130_fd_sc_hd__dfxtp_2)
     4    0.03    0.08    0.35    0.64 v accumulator._2293_/Q (sky130_fd_sc_hd__dfxtp_2)
                                         accumulator.io_accOut[31] (net)
                  0.08    0.00    0.64 v _31_/A (sky130_fd_sc_hd__buf_1)
     1    0.01    0.06    0.12    0.76 v _31_/X (sky130_fd_sc_hd__buf_1)
                                         net53 (net)
                  0.06    0.00    0.76 v output53/A (sky130_fd_sc_hd__buf_2)
     1    0.03    0.09    0.18    0.94 v output53/X (sky130_fd_sc_hd__buf_2)
                                         io_accOut[31] (net)
                  0.09    0.00    0.94 v io_accOut[31] (out)
                                  0.94   data arrival time

                          0.00    0.00   clock clock (rise edge)
                          0.00    0.00   clock network delay (propagated)
                          0.25    0.25   clock uncertainty
                          0.00    0.25   clock reconvergence pessimism
                         -5.00   -4.75   output external delay
                                 -4.75   data required time
-----------------------------------------------------------------------------
                                 -4.75   data required time
                                 -0.94   data arrival time
-----------------------------------------------------------------------------
                                  5.69   slack (MET)


Startpoint: accumulator._2306_
            (rising edge-triggered flip-flop clocked by clock)
Endpoint: io_accOut[11] (output port clocked by clock)
Path Group: clock
Path Type: min

Fanout     Cap    Slew   Delay    Time   Description
-----------------------------------------------------------------------------
                          0.00    0.00   clock clock (rise edge)
                          0.00    0.00   clock source latency
     1    0.01    0.04    0.03    0.03 ^ clock (in)
                                         clock (net)
                  0.04    0.00    0.03 ^ clkbuf_0_clock/A (sky130_fd_sc_hd__clkbuf_16)
     4    0.03    0.05    0.13    0.15 ^ clkbuf_0_clock/X (sky130_fd_sc_hd__clkbuf_16)
                                         clknet_0_clock (net)
                  0.05    0.00    0.15 ^ clkbuf_2_2__f_clock/A (sky130_fd_sc_hd__clkbuf_16)
    12    0.03    0.05    0.13    0.29 ^ clkbuf_2_2__f_clock/X (sky130_fd_sc_hd__clkbuf_16)
                                         clknet_2_2__leaf_clock (net)
                  0.05    0.00    0.29 ^ accumulator._2306_/CLK (sky130_fd_sc_hd__dfxtp_2)
     5    0.02    0.07    0.34    0.62 v accumulator._2306_/Q (sky130_fd_sc_hd__dfxtp_2)
                                         accumulator.io_accOut[11] (net)
                  0.07    0.00    0.63 v _11_/A (sky130_fd_sc_hd__buf_1)
     1    0.01    0.07    0.13    0.76 v _11_/X (sky130_fd_sc_hd__buf_1)
                                         net31 (net)
                  0.07    0.00    0.76 v output31/A (sky130_fd_sc_hd__buf_2)
     1    0.03    0.09    0.18    0.94 v output31/X (sky130_fd_sc_hd__buf_2)
                                         io_accOut[11] (net)
                  0.09    0.00    0.94 v io_accOut[11] (out)
                                  0.94   data arrival time

                          0.00    0.00   clock clock (rise edge)
                          0.00    0.00   clock network delay (propagated)
                          0.25    0.25   clock uncertainty
                          0.00    0.25   clock reconvergence pessimism
                         -5.00   -4.75   output external delay
                                 -4.75   data required time
-----------------------------------------------------------------------------
                                 -4.75   data required time
                                 -0.94   data arrival time
-----------------------------------------------------------------------------
                                  5.69   slack (MET)


Startpoint: accumulator._2310_
            (rising edge-triggered flip-flop clocked by clock)
Endpoint: io_accOut[15] (output port clocked by clock)
Path Group: clock
Path Type: min

Fanout     Cap    Slew   Delay    Time   Description
-----------------------------------------------------------------------------
                          0.00    0.00   clock clock (rise edge)
                          0.00    0.00   clock source latency
     1    0.01    0.04    0.03    0.03 ^ clock (in)
                                         clock (net)
                  0.04    0.00    0.03 ^ clkbuf_0_clock/A (sky130_fd_sc_hd__clkbuf_16)
     4    0.03    0.05    0.13    0.15 ^ clkbuf_0_clock/X (sky130_fd_sc_hd__clkbuf_16)
                                         clknet_0_clock (net)
                  0.05    0.00    0.15 ^ clkbuf_2_3__f_clock/A (sky130_fd_sc_hd__clkbuf_16)
     9    0.03    0.05    0.13    0.29 ^ clkbuf_2_3__f_clock/X (sky130_fd_sc_hd__clkbuf_16)
                                         clknet_2_3__leaf_clock (net)
                  0.05    0.00    0.29 ^ accumulator._2310_/CLK (sky130_fd_sc_hd__dfxtp_1)
     4    0.02    0.09    0.33    0.62 v accumulator._2310_/Q (sky130_fd_sc_hd__dfxtp_1)
                                         accumulator.io_accOut[15] (net)
                  0.09    0.00    0.62 v _15_/A (sky130_fd_sc_hd__buf_1)
     1    0.01    0.07    0.13    0.76 v _15_/X (sky130_fd_sc_hd__buf_1)
                                         net35 (net)
                  0.07    0.00    0.76 v output35/A (sky130_fd_sc_hd__buf_2)
     1    0.04    0.09    0.18    0.94 v output35/X (sky130_fd_sc_hd__buf_2)
                                         io_accOut[15] (net)
                  0.09    0.00    0.94 v io_accOut[15] (out)
                                  0.94   data arrival time

                          0.00    0.00   clock clock (rise edge)
                          0.00    0.00   clock network delay (propagated)
                          0.25    0.25   clock uncertainty
                          0.00    0.25   clock reconvergence pessimism
                         -5.00   -4.75   output external delay
                                 -4.75   data required time
-----------------------------------------------------------------------------
                                 -4.75   data required time
                                 -0.94   data arrival time
-----------------------------------------------------------------------------
                                  5.69   slack (MET)


Startpoint: accumulator._2294_
            (rising edge-triggered flip-flop clocked by clock)
Endpoint: io_done (output port clocked by clock)
Path Group: clock
Path Type: min

Fanout     Cap    Slew   Delay    Time   Description
-----------------------------------------------------------------------------
                          0.00    0.00   clock clock (rise edge)
                          0.00    0.00   clock source latency
     1    0.01    0.04    0.03    0.03 ^ clock (in)
                                         clock (net)
                  0.04    0.00    0.03 ^ clkbuf_0_clock/A (sky130_fd_sc_hd__clkbuf_16)
     4    0.03    0.05    0.13    0.15 ^ clkbuf_0_clock/X (sky130_fd_sc_hd__clkbuf_16)
                                         clknet_0_clock (net)
                  0.05    0.00    0.15 ^ clkbuf_2_1__f_clock/A (sky130_fd_sc_hd__clkbuf_16)
     8    0.03    0.05    0.13    0.29 ^ clkbuf_2_1__f_clock/X (sky130_fd_sc_hd__clkbuf_16)
                                         clknet_2_1__leaf_clock (net)
                  0.05    0.00    0.29 ^ accumulator._2294_/CLK (sky130_fd_sc_hd__dfxtp_1)
     3    0.01    0.06    0.31    0.59 v accumulator._2294_/Q (sky130_fd_sc_hd__dfxtp_1)
                                         accumulator.state[1] (net)
                  0.06    0.00    0.59 v accumulator._1146_/B (sky130_fd_sc_hd__and2b_1)
     1    0.00    0.03    0.15    0.74 v accumulator._1146_/X (sky130_fd_sc_hd__and2b_1)
                                         accumulator._1126_ (net)
                  0.03    0.00    0.74 v accumulator._1147_/A (sky130_fd_sc_hd__clkbuf_1)
     2    0.01    0.05    0.10    0.84 v accumulator._1147_/X (sky130_fd_sc_hd__clkbuf_1)
                                         net61 (net)
                  0.05    0.00    0.84 v output61/A (sky130_fd_sc_hd__buf_2)
     1    0.03    0.09    0.17    1.01 v output61/X (sky130_fd_sc_hd__buf_2)
                                         io_done (net)
                  0.09    0.00    1.01 v io_done (out)
                                  1.01   data arrival time

                          0.00    0.00   clock clock (rise edge)
                          0.00    0.00   clock network delay (propagated)
                          0.25    0.25   clock uncertainty
                          0.00    0.25   clock reconvergence pessimism
                         -5.00   -4.75   output external delay
                                 -4.75   data required time
-----------------------------------------------------------------------------
                                 -4.75   data required time
                                 -1.01   data arrival time
-----------------------------------------------------------------------------
                                  5.76   slack (MET)



worst slack corner Typical: 0.2803
