
===========================================================================
report_checks -path_delay max (Setup)
============================================================================
======================= Typical Corner ===================================

Startpoint: io_inScaleA[2] (input port clocked by clock)
Endpoint: accumulator._2375_ (rising edge-triggered flip-flop clocked by clock)
Path Group: clock
Path Type: max

Fanout     Cap    Slew   Delay    Time   Description
-----------------------------------------------------------------------------
                  0.15    0.00    0.00   clock clock (rise edge)
                          0.00    0.00   clock network delay (ideal)
                          5.00    5.00 ^ input external delay
     1    0.00    0.02    0.01    5.01 ^ io_inScaleA[2] (in)
                                         io_inScaleA[2] (net)
                  0.02    0.00    5.01 ^ input11/A (sky130_fd_sc_hd__clkbuf_2)
    10    0.03    0.14    0.17    5.19 ^ input11/X (sky130_fd_sc_hd__clkbuf_2)
                                         net11 (net)
                  0.14    0.00    5.19 ^ scaleAdd._279_/A1 (sky130_fd_sc_hd__a22o_1)
     3    0.01    0.08    0.19    5.38 ^ scaleAdd._279_/X (sky130_fd_sc_hd__a22o_1)
                                         scaleAdd._221_ (net)
                  0.08    0.00    5.38 ^ scaleAdd._285_/B_N (sky130_fd_sc_hd__or2b_1)
     1    0.00    0.06    0.25    5.63 v scaleAdd._285_/X (sky130_fd_sc_hd__or2b_1)
                                         scaleAdd._227_ (net)
                  0.06    0.00    5.63 v scaleAdd._286_/A (sky130_fd_sc_hd__xnor2_1)
     3    0.01    0.08    0.16    5.79 v scaleAdd._286_/Y (sky130_fd_sc_hd__xnor2_1)
                                         scaleAdd._228_ (net)
                  0.08    0.00    5.79 v scaleAdd._311_/B (sky130_fd_sc_hd__or2_1)
     1    0.00    0.05    0.22    6.02 v scaleAdd._311_/X (sky130_fd_sc_hd__or2_1)
                                         scaleAdd._018_ (net)
                  0.05    0.00    6.02 v scaleAdd._313_/A2 (sky130_fd_sc_hd__a21oi_1)
     2    0.01    0.19    0.21    6.23 ^ scaleAdd._313_/Y (sky130_fd_sc_hd__a21oi_1)
                                         scaleAdd._020_ (net)
                  0.19    0.00    6.23 ^ scaleAdd._314_/B (sky130_fd_sc_hd__xnor2_1)
     2    0.01    0.19    0.17    6.40 ^ scaleAdd._314_/Y (sky130_fd_sc_hd__xnor2_1)
                                         scaleAdd._021_ (net)
                  0.19    0.00    6.40 ^ scaleAdd._315_/S (sky130_fd_sc_hd__mux2_2)
     5    0.02    0.08    0.43    6.83 v scaleAdd._315_/X (sky130_fd_sc_hd__mux2_2)
                                         scaleAdd._022_ (net)
                  0.08    0.00    6.83 v scaleAdd._321_/A2 (sky130_fd_sc_hd__a21o_1)
     2    0.00    0.04    0.20    7.03 v scaleAdd._321_/X (sky130_fd_sc_hd__a21o_1)
                                         scaleAdd._028_ (net)
                  0.04    0.00    7.03 v scaleAdd._325_/A (sky130_fd_sc_hd__and3_1)
     3    0.01    0.05    0.16    7.19 v scaleAdd._325_/X (sky130_fd_sc_hd__and3_1)
                                         scaleAdd._032_ (net)
                  0.05    0.00    7.19 v scaleAdd._328_/A (sky130_fd_sc_hd__or3_1)
     3    0.01    0.08    0.41    7.60 v scaleAdd._328_/X (sky130_fd_sc_hd__or3_1)
                                         scaleAdd._035_ (net)
                  0.08    0.00    7.60 v scaleAdd._332_/A1 (sky130_fd_sc_hd__a21o_1)
     2    0.00    0.04    0.18    7.78 v scaleAdd._332_/X (sky130_fd_sc_hd__a21o_1)
                                         scaleAdd._039_ (net)
                  0.04    0.00    7.78 v scaleAdd._361_/A2 (sky130_fd_sc_hd__a21o_1)
     2    0.01    0.07    0.22    8.00 v scaleAdd._361_/X (sky130_fd_sc_hd__a21o_1)
                                         scaleAdd._067_ (net)
                  0.07    0.00    8.00 v scaleAdd._383_/A2 (sky130_fd_sc_hd__a21o_1)
     2    0.01    0.07    0.23    8.22 v scaleAdd._383_/X (sky130_fd_sc_hd__a21o_1)
                                         scaleAdd._088_ (net)
                  0.07    0.00    8.22 v scaleAdd._399_/A2 (sky130_fd_sc_hd__a21o_1)
     2    0.01    0.07    0.23    8.45 v scaleAdd._399_/X (sky130_fd_sc_hd__a21o_1)
                                         scaleAdd._103_ (net)
                  0.07    0.00    8.45 v scaleAdd._417_/A2 (sky130_fd_sc_hd__a21bo_1)
     2    0.01    0.07    0.24    8.70 v scaleAdd._417_/X (sky130_fd_sc_hd__a21bo_1)
                                         scaleAdd._120_ (net)
                  0.07    0.00    8.70 v scaleAdd._432_/A2 (sky130_fd_sc_hd__a21o_1)
     2    0.01    0.07    0.23    8.93 v scaleAdd._432_/X (sky130_fd_sc_hd__a21o_1)
                                         scaleAdd._134_ (net)
                  0.07    0.00    8.93 v scaleAdd._444_/A2 (sky130_fd_sc_hd__a21o_1)
     2    0.01    0.06    0.22    9.15 v scaleAdd._444_/X (sky130_fd_sc_hd__a21o_1)
                                         scaleAdd._145_ (net)
                  0.06    0.00    9.15 v scaleAdd._447_/A2 (sky130_fd_sc_hd__a21o_1)
     2    0.01    0.07    0.22    9.37 v scaleAdd._447_/X (sky130_fd_sc_hd__a21o_1)
                                         scaleAdd._147_ (net)
                  0.07    0.00    9.37 v scaleAdd._449_/B2 (sky130_fd_sc_hd__a2bb2o_1)
     4    0.01    0.08    0.31    9.68 v scaleAdd._449_/X (sky130_fd_sc_hd__a2bb2o_1)
                                         accumulator.io_inMant[15] (net)
                  0.08    0.00    9.68 v accumulator._1181_/A (sky130_fd_sc_hd__or4_1)
     1    0.00    0.08    0.54   10.22 v accumulator._1181_/X (sky130_fd_sc_hd__or4_1)
                                         accumulator._0045_ (net)
                  0.08    0.00   10.22 v accumulator._1182_/A (sky130_fd_sc_hd__buf_2)
    10    0.03    0.08    0.20   10.41 v accumulator._1182_/X (sky130_fd_sc_hd__buf_2)
                                         accumulator._0055_ (net)
                  0.08    0.00   10.41 v accumulator._1200_/A_N (sky130_fd_sc_hd__and2b_1)
     6    0.02    0.14    0.29   10.70 ^ accumulator._1200_/X (sky130_fd_sc_hd__and2b_1)
                                         accumulator._0232_ (net)
                  0.14    0.00   10.70 ^ accumulator._1201_/B1_N (sky130_fd_sc_hd__o21ba_1)
     5    0.02    0.09    0.23   10.93 v accumulator._1201_/X (sky130_fd_sc_hd__o21ba_1)
                                         accumulator._0241_ (net)
                  0.09    0.00   10.93 v accumulator._1202_/B (sky130_fd_sc_hd__and2_1)
     3    0.01    0.05    0.20   11.13 v accumulator._1202_/X (sky130_fd_sc_hd__and2_1)
                                         accumulator._0251_ (net)
                  0.05    0.00   11.13 v accumulator._1204_/A (sky130_fd_sc_hd__or2_1)
     3    0.01    0.08    0.27   11.40 v accumulator._1204_/X (sky130_fd_sc_hd__or2_1)
                                         accumulator._0271_ (net)
                  0.08    0.00   11.40 v accumulator._1205_/A (sky130_fd_sc_hd__inv_2)
     3    0.01    0.05    0.07   11.48 ^ accumulator._1205_/Y (sky130_fd_sc_hd__inv_2)
                                         accumulator._0281_ (net)
                  0.05    0.00   11.48 ^ accumulator._1218_/A2 (sky130_fd_sc_hd__a311o_1)
     4    0.01    0.14    0.23   11.71 ^ accumulator._1218_/X (sky130_fd_sc_hd__a311o_1)
                                         accumulator._0315_ (net)
                  0.14    0.00   11.71 ^ accumulator._1219_/C (sky130_fd_sc_hd__nand3_1)
     2    0.01    0.09    0.12   11.83 v accumulator._1219_/Y (sky130_fd_sc_hd__nand3_1)
                                         accumulator._0316_ (net)
                  0.09    0.00   11.83 v accumulator._1228_/A1 (sky130_fd_sc_hd__a211o_1)
     5    0.01    0.08    0.33   12.16 v accumulator._1228_/X (sky130_fd_sc_hd__a211o_1)
                                         accumulator._0325_ (net)
                  0.08    0.00   12.16 v accumulator._1242_/A1 (sky130_fd_sc_hd__o22a_1)
     3    0.01    0.06    0.25   12.41 v accumulator._1242_/X (sky130_fd_sc_hd__o22a_1)
                                         accumulator._0339_ (net)
                  0.06    0.00   12.41 v accumulator._1255_/C (sky130_fd_sc_hd__or3_2)
     5    0.02    0.12    0.50   12.91 v accumulator._1255_/X (sky130_fd_sc_hd__or3_2)
                                         accumulator._0352_ (net)
                  0.12    0.00   12.91 v accumulator._1257_/A2 (sky130_fd_sc_hd__a21o_2)
     2    0.02    0.07    0.30   13.21 v accumulator._1257_/X (sky130_fd_sc_hd__a21o_2)
                                         accumulator._0354_ (net)
                  0.07    0.00   13.21 v accumulator._1259_/A2 (sky130_fd_sc_hd__a21o_2)
     2    0.02    0.07    0.28   13.48 v accumulator._1259_/X (sky130_fd_sc_hd__a21o_2)
                                         accumulator._0356_ (net)
                  0.07    0.00   13.48 v accumulator._1264_/A1 (sky130_fd_sc_hd__a21o_1)
     2    0.01    0.07    0.21   13.69 v accumulator._1264_/X (sky130_fd_sc_hd__a21o_1)
                                         accumulator._0361_ (net)
                  0.07    0.00   13.69 v accumulator._1266_/A2 (sky130_fd_sc_hd__a21o_1)
     2    0.01    0.07    0.23   13.92 v accumulator._1266_/X (sky130_fd_sc_hd__a21o_1)
                                         accumulator._0363_ (net)
                  0.07    0.00   13.92 v accumulator._1272_/A1 (sky130_fd_sc_hd__a21o_1)
     2    0.02    0.09    0.23   14.15 v accumulator._1272_/X (sky130_fd_sc_hd__a21o_1)
                                         accumulator._0369_ (net)
                  0.09    0.00   14.15 v accumulator._1278_/A1 (sky130_fd_sc_hd__a21oi_4)
     4    0.04    0.31    0.32   14.47 ^ accumulator._1278_/Y (sky130_fd_sc_hd__a21oi_4)
                                         accumulator._0375_ (net)
                  0.31    0.00   14.47 ^ accumulator._1279_/B (sky130_fd_sc_hd__xnor2_4)
    10    0.05    0.37    0.25   14.72 ^ accumulator._1279_/Y (sky130_fd_sc_hd__xnor2_4)
                                         accumulator._0376_ (net)
                  0.37    0.00   14.72 ^ accumulator._1280_/A (sky130_fd_sc_hd__clkbuf_4)
    10    0.04    0.14    0.32   15.04 ^ accumulator._1280_/X (sky130_fd_sc_hd__clkbuf_4)
                                         accumulator._0377_ (net)
                  0.14    0.00   15.04 ^ accumulator._1413_/S (sky130_fd_sc_hd__mux2_1)
     2    0.01    0.09    0.40   15.44 v accumulator._1413_/X (sky130_fd_sc_hd__mux2_1)
                                         accumulator._0508_ (net)
                  0.09    0.00   15.44 v accumulator._1414_/A2 (sky130_fd_sc_hd__a21o_1)
     2    0.01    0.05    0.22   15.66 v accumulator._1414_/X (sky130_fd_sc_hd__a21o_1)
                                         accumulator._0509_ (net)
                  0.05    0.00   15.66 v accumulator._1415_/A2 (sky130_fd_sc_hd__a21o_1)
     2    0.01    0.05    0.20   15.86 v accumulator._1415_/X (sky130_fd_sc_hd__a21o_1)
                                         accumulator._0510_ (net)
                  0.05    0.00   15.86 v accumulator._1417_/A2 (sky130_fd_sc_hd__a21o_1)
     2    0.01    0.05    0.20   16.06 v accumulator._1417_/X (sky130_fd_sc_hd__a21o_1)
                                         accumulator._0512_ (net)
                  0.05    0.00   16.06 v accumulator._1432_/A3 (sky130_fd_sc_hd__a31o_1)
     3    0.01    0.07    0.26   16.32 v accumulator._1432_/X (sky130_fd_sc_hd__a31o_1)
                                         accumulator._0527_ (net)
                  0.07    0.00   16.32 v accumulator._1721_/B1 (sky130_fd_sc_hd__a32o_2)
     4    0.02    0.08    0.28   16.60 v accumulator._1721_/X (sky130_fd_sc_hd__a32o_2)
                                         accumulator._0816_ (net)
                  0.08    0.00   16.60 v accumulator._1736_/B1 (sky130_fd_sc_hd__a2111o_2)
     5    0.02    0.10    0.53   17.13 v accumulator._1736_/X (sky130_fd_sc_hd__a2111o_2)
                                         accumulator._0831_ (net)
                  0.10    0.00   17.13 v accumulator._1738_/A2 (sky130_fd_sc_hd__a21o_1)
     3    0.01    0.05    0.23   17.36 v accumulator._1738_/X (sky130_fd_sc_hd__a21o_1)
                                         accumulator._0833_ (net)
                  0.05    0.00   17.36 v accumulator._1744_/A1 (sky130_fd_sc_hd__a2111o_1)
     3    0.01    0.09    0.42   17.78 v accumulator._1744_/X (sky130_fd_sc_hd__a2111o_1)
                                         accumulator._0839_ (net)
                  0.09    0.00   17.78 v accumulator._1748_/A2 (sky130_fd_sc_hd__a2111o_1)
     2    0.00    0.07    0.45   18.24 v accumulator._1748_/X (sky130_fd_sc_hd__a2111o_1)
                                         accumulator._0843_ (net)
                  0.07    0.00   18.24 v accumulator._1751_/A2 (sky130_fd_sc_hd__a21o_1)
     2    0.01    0.05    0.21   18.44 v accumulator._1751_/X (sky130_fd_sc_hd__a21o_1)
                                         accumulator._0846_ (net)
                  0.05    0.00   18.44 v accumulator._1773_/A2 (sky130_fd_sc_hd__a21o_1)
     2    0.01    0.04    0.19   18.63 v accumulator._1773_/X (sky130_fd_sc_hd__a21o_1)
                                         accumulator._0868_ (net)
                  0.04    0.00   18.63 v accumulator._1798_/A2 (sky130_fd_sc_hd__a311o_1)
     2    0.01    0.08    0.35   18.98 v accumulator._1798_/X (sky130_fd_sc_hd__a311o_1)
                                         accumulator._0893_ (net)
                  0.08    0.00   18.98 v accumulator._1814_/A1 (sky130_fd_sc_hd__a21o_1)
     2    0.01    0.05    0.19   19.17 v accumulator._1814_/X (sky130_fd_sc_hd__a21o_1)
                                         accumulator._0909_ (net)
                  0.05    0.00   19.17 v accumulator._1825_/A2 (sky130_fd_sc_hd__a31oi_2)
     3    0.01    0.20    0.23   19.40 ^ accumulator._1825_/Y (sky130_fd_sc_hd__a31oi_2)
                                         accumulator._0920_ (net)
                  0.20    0.00   19.40 ^ accumulator._1926_/A2 (sky130_fd_sc_hd__a21o_1)
     3    0.01    0.09    0.20   19.60 ^ accumulator._1926_/X (sky130_fd_sc_hd__a21o_1)
                                         accumulator._1021_ (net)
                  0.09    0.00   19.60 ^ accumulator._2039_/S (sky130_fd_sc_hd__mux2_1)
     3    0.01    0.10    0.40   19.99 v accumulator._2039_/X (sky130_fd_sc_hd__mux2_1)
                                         accumulator._1134_ (net)
                  0.10    0.00   19.99 v accumulator._2059_/B2 (sky130_fd_sc_hd__a221oi_1)
     1    0.00    0.25    0.31   20.30 ^ accumulator._2059_/Y (sky130_fd_sc_hd__a221oi_1)
                                         accumulator._1155_ (net)
                  0.25    0.00   20.30 ^ accumulator._2060_/A2 (sky130_fd_sc_hd__o21ai_1)
     1    0.00    0.07    0.10   20.40 v accumulator._2060_/Y (sky130_fd_sc_hd__o21ai_1)
                                         accumulator._1156_ (net)
                  0.07    0.00   20.40 v accumulator._2061_/A2 (sky130_fd_sc_hd__a21o_1)
     1    0.00    0.03    0.19   20.59 v accumulator._2061_/X (sky130_fd_sc_hd__a21o_1)
                                         accumulator._1157_ (net)
                  0.03    0.00   20.59 v accumulator._2062_/A2 (sky130_fd_sc_hd__a21o_1)
     1    0.00    0.03    0.17   20.76 v accumulator._2062_/X (sky130_fd_sc_hd__a21o_1)
                                         accumulator._1158_ (net)
                  0.03    0.00   20.76 v accumulator._2063_/A2 (sky130_fd_sc_hd__a21o_1)
     1    0.00    0.03    0.17   20.93 v accumulator._2063_/X (sky130_fd_sc_hd__a21o_1)
                                         accumulator._1159_ (net)
                  0.03    0.00   20.93 v accumulator._2064_/A2 (sky130_fd_sc_hd__a21o_1)
     1    0.00    0.04    0.18   21.11 v accumulator._2064_/X (sky130_fd_sc_hd__a21o_1)
                                         accumulator._1160_ (net)
                  0.04    0.00   21.11 v accumulator._2065_/A2 (sky130_fd_sc_hd__a21oi_1)
     1    0.00    0.12    0.14   21.26 ^ accumulator._2065_/Y (sky130_fd_sc_hd__a21oi_1)
                                         accumulator._1161_ (net)
                  0.12    0.00   21.26 ^ accumulator._2067_/A2 (sky130_fd_sc_hd__o21ai_1)
     1    0.00    0.06    0.07   21.33 v accumulator._2067_/Y (sky130_fd_sc_hd__o21ai_1)
                                         accumulator._1163_ (net)
                  0.06    0.00   21.33 v accumulator._2068_/A2 (sky130_fd_sc_hd__a21o_1)
     1    0.00    0.03    0.18   21.51 v accumulator._2068_/X (sky130_fd_sc_hd__a21o_1)
                                         accumulator._1164_ (net)
                  0.03    0.00   21.51 v accumulator._2069_/A2 (sky130_fd_sc_hd__a21o_1)
     1    0.00    0.04    0.18   21.69 v accumulator._2069_/X (sky130_fd_sc_hd__a21o_1)
                                         accumulator._1165_ (net)
                  0.04    0.00   21.69 v accumulator._2070_/A2 (sky130_fd_sc_hd__a211o_1)
     1    0.00    0.04    0.29   21.98 v accumulator._2070_/X (sky130_fd_sc_hd__a211o_1)
                                         accumulator._1167_ (net)
                  0.04    0.00   21.98 v accumulator._2073_/B1 (sky130_fd_sc_hd__a2bb2o_1)
     2    0.01    0.06    0.30   22.29 v accumulator._2073_/X (sky130_fd_sc_hd__a2bb2o_1)
                                         accumulator._1170_ (net)
                  0.06    0.00   22.29 v accumulator._2074_/A (sky130_fd_sc_hd__clkbuf_4)
    10    0.04    0.09    0.21   22.49 v accumulator._2074_/X (sky130_fd_sc_hd__clkbuf_4)
                                         accumulator._1171_ (net)
                  0.09    0.00   22.49 v accumulator._2101_/A (sky130_fd_sc_hd__clkbuf_4)
    10    0.04    0.09    0.22   22.72 v accumulator._2101_/X (sky130_fd_sc_hd__clkbuf_4)
                                         accumulator._0057_ (net)
                  0.09    0.00   22.72 v accumulator._2245_/S (sky130_fd_sc_hd__mux2_1)
     2    0.01    0.07    0.36   23.07 v accumulator._2245_/X (sky130_fd_sc_hd__mux2_1)
                                         accumulator._0198_ (net)
                  0.07    0.00   23.07 v accumulator._2246_/A1 (sky130_fd_sc_hd__mux2_1)
     2    0.01    0.07    0.33   23.40 v accumulator._2246_/X (sky130_fd_sc_hd__mux2_1)
                                         accumulator._0199_ (net)
                  0.07    0.00   23.40 v accumulator._2247_/A1 (sky130_fd_sc_hd__mux2_1)
     1    0.00    0.06    0.32   23.72 v accumulator._2247_/X (sky130_fd_sc_hd__mux2_1)
                                         accumulator._0200_ (net)
                  0.06    0.00   23.72 v accumulator._2249_/C (sky130_fd_sc_hd__or4_1)
     1    0.00    0.10    0.51   24.23 v accumulator._2249_/X (sky130_fd_sc_hd__or4_1)
                                         accumulator._0202_ (net)
                  0.10    0.00   24.23 v accumulator._2250_/C1 (sky130_fd_sc_hd__o211a_1)
     1    0.00    0.04    0.13   24.35 v accumulator._2250_/X (sky130_fd_sc_hd__o211a_1)
                                         accumulator._0020_ (net)
                  0.04    0.00   24.35 v accumulator._2375_/D (sky130_fd_sc_hd__dfxtp_1)
                                 24.35   data arrival time

                  0.15   25.00   25.00   clock clock (rise edge)
                          0.00   25.00   clock network delay (ideal)
                         -0.25   24.75   clock uncertainty
                          0.00   24.75   clock reconvergence pessimism
                                 24.75 ^ accumulator._2375_/CLK (sky130_fd_sc_hd__dfxtp_1)
                         -0.08   24.67   library setup time
                                 24.67   data required time
-----------------------------------------------------------------------------
                                 24.67   data required time
                                -24.35   data arrival time
-----------------------------------------------------------------------------
                                  0.31   slack (MET)


Startpoint: io_inScaleA[2] (input port clocked by clock)
Endpoint: accumulator._2370_ (rising edge-triggered flip-flop clocked by clock)
Path Group: clock
Path Type: max

Fanout     Cap    Slew   Delay    Time   Description
-----------------------------------------------------------------------------
                  0.15    0.00    0.00   clock clock (rise edge)
                          0.00    0.00   clock network delay (ideal)
                          5.00    5.00 ^ input external delay
     1    0.00    0.02    0.01    5.01 ^ io_inScaleA[2] (in)
                                         io_inScaleA[2] (net)
                  0.02    0.00    5.01 ^ input11/A (sky130_fd_sc_hd__clkbuf_2)
    10    0.03    0.14    0.17    5.19 ^ input11/X (sky130_fd_sc_hd__clkbuf_2)
                                         net11 (net)
                  0.14    0.00    5.19 ^ scaleAdd._279_/A1 (sky130_fd_sc_hd__a22o_1)
     3    0.01    0.08    0.19    5.38 ^ scaleAdd._279_/X (sky130_fd_sc_hd__a22o_1)
                                         scaleAdd._221_ (net)
                  0.08    0.00    5.38 ^ scaleAdd._285_/B_N (sky130_fd_sc_hd__or2b_1)
     1    0.00    0.06    0.25    5.63 v scaleAdd._285_/X (sky130_fd_sc_hd__or2b_1)
                                         scaleAdd._227_ (net)
                  0.06    0.00    5.63 v scaleAdd._286_/A (sky130_fd_sc_hd__xnor2_1)
     3    0.01    0.08    0.16    5.79 v scaleAdd._286_/Y (sky130_fd_sc_hd__xnor2_1)
                                         scaleAdd._228_ (net)
                  0.08    0.00    5.79 v scaleAdd._311_/B (sky130_fd_sc_hd__or2_1)
     1    0.00    0.05    0.22    6.02 v scaleAdd._311_/X (sky130_fd_sc_hd__or2_1)
                                         scaleAdd._018_ (net)
                  0.05    0.00    6.02 v scaleAdd._313_/A2 (sky130_fd_sc_hd__a21oi_1)
     2    0.01    0.19    0.21    6.23 ^ scaleAdd._313_/Y (sky130_fd_sc_hd__a21oi_1)
                                         scaleAdd._020_ (net)
                  0.19    0.00    6.23 ^ scaleAdd._314_/B (sky130_fd_sc_hd__xnor2_1)
     2    0.01    0.19    0.17    6.40 ^ scaleAdd._314_/Y (sky130_fd_sc_hd__xnor2_1)
                                         scaleAdd._021_ (net)
                  0.19    0.00    6.40 ^ scaleAdd._315_/S (sky130_fd_sc_hd__mux2_2)
     5    0.02    0.08    0.43    6.83 v scaleAdd._315_/X (sky130_fd_sc_hd__mux2_2)
                                         scaleAdd._022_ (net)
                  0.08    0.00    6.83 v scaleAdd._321_/A2 (sky130_fd_sc_hd__a21o_1)
     2    0.00    0.04    0.20    7.03 v scaleAdd._321_/X (sky130_fd_sc_hd__a21o_1)
                                         scaleAdd._028_ (net)
                  0.04    0.00    7.03 v scaleAdd._325_/A (sky130_fd_sc_hd__and3_1)
     3    0.01    0.05    0.16    7.19 v scaleAdd._325_/X (sky130_fd_sc_hd__and3_1)
                                         scaleAdd._032_ (net)
                  0.05    0.00    7.19 v scaleAdd._328_/A (sky130_fd_sc_hd__or3_1)
     3    0.01    0.08    0.41    7.60 v scaleAdd._328_/X (sky130_fd_sc_hd__or3_1)
                                         scaleAdd._035_ (net)
                  0.08    0.00    7.60 v scaleAdd._332_/A1 (sky130_fd_sc_hd__a21o_1)
     2    0.00    0.04    0.18    7.78 v scaleAdd._332_/X (sky130_fd_sc_hd__a21o_1)
                                         scaleAdd._039_ (net)
                  0.04    0.00    7.78 v scaleAdd._361_/A2 (sky130_fd_sc_hd__a21o_1)
     2    0.01    0.07    0.22    8.00 v scaleAdd._361_/X (sky130_fd_sc_hd__a21o_1)
                                         scaleAdd._067_ (net)
                  0.07    0.00    8.00 v scaleAdd._383_/A2 (sky130_fd_sc_hd__a21o_1)
     2    0.01    0.07    0.23    8.22 v scaleAdd._383_/X (sky130_fd_sc_hd__a21o_1)
                                         scaleAdd._088_ (net)
                  0.07    0.00    8.22 v scaleAdd._399_/A2 (sky130_fd_sc_hd__a21o_1)
     2    0.01    0.07    0.23    8.45 v scaleAdd._399_/X (sky130_fd_sc_hd__a21o_1)
                                         scaleAdd._103_ (net)
                  0.07    0.00    8.45 v scaleAdd._417_/A2 (sky130_fd_sc_hd__a21bo_1)
     2    0.01    0.07    0.24    8.70 v scaleAdd._417_/X (sky130_fd_sc_hd__a21bo_1)
                                         scaleAdd._120_ (net)
                  0.07    0.00    8.70 v scaleAdd._432_/A2 (sky130_fd_sc_hd__a21o_1)
     2    0.01    0.07    0.23    8.93 v scaleAdd._432_/X (sky130_fd_sc_hd__a21o_1)
                                         scaleAdd._134_ (net)
                  0.07    0.00    8.93 v scaleAdd._444_/A2 (sky130_fd_sc_hd__a21o_1)
     2    0.01    0.06    0.22    9.15 v scaleAdd._444_/X (sky130_fd_sc_hd__a21o_1)
                                         scaleAdd._145_ (net)
                  0.06    0.00    9.15 v scaleAdd._447_/A2 (sky130_fd_sc_hd__a21o_1)
     2    0.01    0.07    0.22    9.37 v scaleAdd._447_/X (sky130_fd_sc_hd__a21o_1)
                                         scaleAdd._147_ (net)
                  0.07    0.00    9.37 v scaleAdd._449_/B2 (sky130_fd_sc_hd__a2bb2o_1)
     4    0.01    0.08    0.31    9.68 v scaleAdd._449_/X (sky130_fd_sc_hd__a2bb2o_1)
                                         accumulator.io_inMant[15] (net)
                  0.08    0.00    9.68 v accumulator._1181_/A (sky130_fd_sc_hd__or4_1)
     1    0.00    0.08    0.54   10.22 v accumulator._1181_/X (sky130_fd_sc_hd__or4_1)
                                         accumulator._0045_ (net)
                  0.08    0.00   10.22 v accumulator._1182_/A (sky130_fd_sc_hd__buf_2)
    10    0.03    0.08    0.20   10.41 v accumulator._1182_/X (sky130_fd_sc_hd__buf_2)
                                         accumulator._0055_ (net)
                  0.08    0.00   10.41 v accumulator._1200_/A_N (sky130_fd_sc_hd__and2b_1)
     6    0.02    0.14    0.29   10.70 ^ accumulator._1200_/X (sky130_fd_sc_hd__and2b_1)
                                         accumulator._0232_ (net)
                  0.14    0.00   10.70 ^ accumulator._1201_/B1_N (sky130_fd_sc_hd__o21ba_1)
     5    0.02    0.09    0.23   10.93 v accumulator._1201_/X (sky130_fd_sc_hd__o21ba_1)
                                         accumulator._0241_ (net)
                  0.09    0.00   10.93 v accumulator._1202_/B (sky130_fd_sc_hd__and2_1)
     3    0.01    0.05    0.20   11.13 v accumulator._1202_/X (sky130_fd_sc_hd__and2_1)
                                         accumulator._0251_ (net)
                  0.05    0.00   11.13 v accumulator._1204_/A (sky130_fd_sc_hd__or2_1)
     3    0.01    0.08    0.27   11.40 v accumulator._1204_/X (sky130_fd_sc_hd__or2_1)
                                         accumulator._0271_ (net)
                  0.08    0.00   11.40 v accumulator._1205_/A (sky130_fd_sc_hd__inv_2)
     3    0.01    0.05    0.07   11.48 ^ accumulator._1205_/Y (sky130_fd_sc_hd__inv_2)
                                         accumulator._0281_ (net)
                  0.05    0.00   11.48 ^ accumulator._1218_/A2 (sky130_fd_sc_hd__a311o_1)
     4    0.01    0.14    0.23   11.71 ^ accumulator._1218_/X (sky130_fd_sc_hd__a311o_1)
                                         accumulator._0315_ (net)
                  0.14    0.00   11.71 ^ accumulator._1219_/C (sky130_fd_sc_hd__nand3_1)
     2    0.01    0.09    0.12   11.83 v accumulator._1219_/Y (sky130_fd_sc_hd__nand3_1)
                                         accumulator._0316_ (net)
                  0.09    0.00   11.83 v accumulator._1228_/A1 (sky130_fd_sc_hd__a211o_1)
     5    0.01    0.08    0.33   12.16 v accumulator._1228_/X (sky130_fd_sc_hd__a211o_1)
                                         accumulator._0325_ (net)
                  0.08    0.00   12.16 v accumulator._1242_/A1 (sky130_fd_sc_hd__o22a_1)
     3    0.01    0.06    0.25   12.41 v accumulator._1242_/X (sky130_fd_sc_hd__o22a_1)
                                         accumulator._0339_ (net)
                  0.06    0.00   12.41 v accumulator._1255_/C (sky130_fd_sc_hd__or3_2)
     5    0.02    0.12    0.50   12.91 v accumulator._1255_/X (sky130_fd_sc_hd__or3_2)
                                         accumulator._0352_ (net)
                  0.12    0.00   12.91 v accumulator._1257_/A2 (sky130_fd_sc_hd__a21o_2)
     2    0.02    0.07    0.30   13.21 v accumulator._1257_/X (sky130_fd_sc_hd__a21o_2)
                                         accumulator._0354_ (net)
                  0.07    0.00   13.21 v accumulator._1259_/A2 (sky130_fd_sc_hd__a21o_2)
     2    0.02    0.07    0.28   13.48 v accumulator._1259_/X (sky130_fd_sc_hd__a21o_2)
                                         accumulator._0356_ (net)
                  0.07    0.00   13.48 v accumulator._1264_/A1 (sky130_fd_sc_hd__a21o_1)
     2    0.01    0.07    0.21   13.69 v accumulator._1264_/X (sky130_fd_sc_hd__a21o_1)
                                         accumulator._0361_ (net)
                  0.07    0.00   13.69 v accumulator._1266_/A2 (sky130_fd_sc_hd__a21o_1)
     2    0.01    0.07    0.23   13.92 v accumulator._1266_/X (sky130_fd_sc_hd__a21o_1)
                                         accumulator._0363_ (net)
                  0.07    0.00   13.92 v accumulator._1272_/A1 (sky130_fd_sc_hd__a21o_1)
     2    0.02    0.09    0.23   14.15 v accumulator._1272_/X (sky130_fd_sc_hd__a21o_1)
                                         accumulator._0369_ (net)
                  0.09    0.00   14.15 v accumulator._1278_/A1 (sky130_fd_sc_hd__a21oi_4)
     4    0.04    0.31    0.32   14.47 ^ accumulator._1278_/Y (sky130_fd_sc_hd__a21oi_4)
                                         accumulator._0375_ (net)
                  0.31    0.00   14.47 ^ accumulator._1279_/B (sky130_fd_sc_hd__xnor2_4)
    10    0.05    0.37    0.25   14.72 ^ accumulator._1279_/Y (sky130_fd_sc_hd__xnor2_4)
                                         accumulator._0376_ (net)
                  0.37    0.00   14.72 ^ accumulator._1280_/A (sky130_fd_sc_hd__clkbuf_4)
    10    0.04    0.14    0.32   15.04 ^ accumulator._1280_/X (sky130_fd_sc_hd__clkbuf_4)
                                         accumulator._0377_ (net)
                  0.14    0.00   15.04 ^ accumulator._1413_/S (sky130_fd_sc_hd__mux2_1)
     2    0.01    0.09    0.40   15.44 v accumulator._1413_/X (sky130_fd_sc_hd__mux2_1)
                                         accumulator._0508_ (net)
                  0.09    0.00   15.44 v accumulator._1414_/A2 (sky130_fd_sc_hd__a21o_1)
     2    0.01    0.05    0.22   15.66 v accumulator._1414_/X (sky130_fd_sc_hd__a21o_1)
                                         accumulator._0509_ (net)
                  0.05    0.00   15.66 v accumulator._1415_/A2 (sky130_fd_sc_hd__a21o_1)
     2    0.01    0.05    0.20   15.86 v accumulator._1415_/X (sky130_fd_sc_hd__a21o_1)
                                         accumulator._0510_ (net)
                  0.05    0.00   15.86 v accumulator._1417_/A2 (sky130_fd_sc_hd__a21o_1)
     2    0.01    0.05    0.20   16.06 v accumulator._1417_/X (sky130_fd_sc_hd__a21o_1)
                                         accumulator._0512_ (net)
                  0.05    0.00   16.06 v accumulator._1432_/A3 (sky130_fd_sc_hd__a31o_1)
     3    0.01    0.07    0.26   16.32 v accumulator._1432_/X (sky130_fd_sc_hd__a31o_1)
                                         accumulator._0527_ (net)
                  0.07    0.00   16.32 v accumulator._1721_/B1 (sky130_fd_sc_hd__a32o_2)
     4    0.02    0.08    0.28   16.60 v accumulator._1721_/X (sky130_fd_sc_hd__a32o_2)
                                         accumulator._0816_ (net)
                  0.08    0.00   16.60 v accumulator._1736_/B1 (sky130_fd_sc_hd__a2111o_2)
     5    0.02    0.10    0.53   17.13 v accumulator._1736_/X (sky130_fd_sc_hd__a2111o_2)
                                         accumulator._0831_ (net)
                  0.10    0.00   17.13 v accumulator._1738_/A2 (sky130_fd_sc_hd__a21o_1)
     3    0.01    0.05    0.23   17.36 v accumulator._1738_/X (sky130_fd_sc_hd__a21o_1)
                                         accumulator._0833_ (net)
                  0.05    0.00   17.36 v accumulator._1744_/A1 (sky130_fd_sc_hd__a2111o_1)
     3    0.01    0.09    0.42   17.78 v accumulator._1744_/X (sky130_fd_sc_hd__a2111o_1)
                                         accumulator._0839_ (net)
                  0.09    0.00   17.78 v accumulator._1748_/A2 (sky130_fd_sc_hd__a2111o_1)
     2    0.00    0.07    0.45   18.24 v accumulator._1748_/X (sky130_fd_sc_hd__a2111o_1)
                                         accumulator._0843_ (net)
                  0.07    0.00   18.24 v accumulator._1751_/A2 (sky130_fd_sc_hd__a21o_1)
     2    0.01    0.05    0.21   18.44 v accumulator._1751_/X (sky130_fd_sc_hd__a21o_1)
                                         accumulator._0846_ (net)
                  0.05    0.00   18.44 v accumulator._1773_/A2 (sky130_fd_sc_hd__a21o_1)
     2    0.01    0.04    0.19   18.63 v accumulator._1773_/X (sky130_fd_sc_hd__a21o_1)
                                         accumulator._0868_ (net)
                  0.04    0.00   18.63 v accumulator._1798_/A2 (sky130_fd_sc_hd__a311o_1)
     2    0.01    0.08    0.35   18.98 v accumulator._1798_/X (sky130_fd_sc_hd__a311o_1)
                                         accumulator._0893_ (net)
                  0.08    0.00   18.98 v accumulator._1814_/A1 (sky130_fd_sc_hd__a21o_1)
     2    0.01    0.05    0.19   19.17 v accumulator._1814_/X (sky130_fd_sc_hd__a21o_1)
                                         accumulator._0909_ (net)
                  0.05    0.00   19.17 v accumulator._1825_/A2 (sky130_fd_sc_hd__a31oi_2)
     3    0.01    0.20    0.23   19.40 ^ accumulator._1825_/Y (sky130_fd_sc_hd__a31oi_2)
                                         accumulator._0920_ (net)
                  0.20    0.00   19.40 ^ accumulator._1926_/A2 (sky130_fd_sc_hd__a21o_1)
     3    0.01    0.09    0.20   19.60 ^ accumulator._1926_/X (sky130_fd_sc_hd__a21o_1)
                                         accumulator._1021_ (net)
                  0.09    0.00   19.60 ^ accumulator._2039_/S (sky130_fd_sc_hd__mux2_1)
     3    0.01    0.10    0.40   19.99 v accumulator._2039_/X (sky130_fd_sc_hd__mux2_1)
                                         accumulator._1134_ (net)
                  0.10    0.00   19.99 v accumulator._2059_/B2 (sky130_fd_sc_hd__a221oi_1)
     1    0.00    0.25    0.31   20.30 ^ accumulator._2059_/Y (sky130_fd_sc_hd__a221oi_1)
                                         accumulator._1155_ (net)
                  0.25    0.00   20.30 ^ accumulator._2060_/A2 (sky130_fd_sc_hd__o21ai_1)
     1    0.00    0.07    0.10   20.40 v accumulator._2060_/Y (sky130_fd_sc_hd__o21ai_1)
                                         accumulator._1156_ (net)
                  0.07    0.00   20.40 v accumulator._2061_/A2 (sky130_fd_sc_hd__a21o_1)
     1    0.00    0.03    0.19   20.59 v accumulator._2061_/X (sky130_fd_sc_hd__a21o_1)
                                         accumulator._1157_ (net)
                  0.03    0.00   20.59 v accumulator._2062_/A2 (sky130_fd_sc_hd__a21o_1)
     1    0.00    0.03    0.17   20.76 v accumulator._2062_/X (sky130_fd_sc_hd__a21o_1)
                                         accumulator._1158_ (net)
                  0.03    0.00   20.76 v accumulator._2063_/A2 (sky130_fd_sc_hd__a21o_1)
     1    0.00    0.03    0.17   20.93 v accumulator._2063_/X (sky130_fd_sc_hd__a21o_1)
                                         accumulator._1159_ (net)
                  0.03    0.00   20.93 v accumulator._2064_/A2 (sky130_fd_sc_hd__a21o_1)
     1    0.00    0.04    0.18   21.11 v accumulator._2064_/X (sky130_fd_sc_hd__a21o_1)
                                         accumulator._1160_ (net)
                  0.04    0.00   21.11 v accumulator._2065_/A2 (sky130_fd_sc_hd__a21oi_1)
     1    0.00    0.12    0.14   21.26 ^ accumulator._2065_/Y (sky130_fd_sc_hd__a21oi_1)
                                         accumulator._1161_ (net)
                  0.12    0.00   21.26 ^ accumulator._2067_/A2 (sky130_fd_sc_hd__o21ai_1)
     1    0.00    0.06    0.07   21.33 v accumulator._2067_/Y (sky130_fd_sc_hd__o21ai_1)
                                         accumulator._1163_ (net)
                  0.06    0.00   21.33 v accumulator._2068_/A2 (sky130_fd_sc_hd__a21o_1)
     1    0.00    0.03    0.18   21.51 v accumulator._2068_/X (sky130_fd_sc_hd__a21o_1)
                                         accumulator._1164_ (net)
                  0.03    0.00   21.51 v accumulator._2069_/A2 (sky130_fd_sc_hd__a21o_1)
     1    0.00    0.04    0.18   21.69 v accumulator._2069_/X (sky130_fd_sc_hd__a21o_1)
                                         accumulator._1165_ (net)
                  0.04    0.00   21.69 v accumulator._2070_/A2 (sky130_fd_sc_hd__a211o_1)
     1    0.00    0.04    0.29   21.98 v accumulator._2070_/X (sky130_fd_sc_hd__a211o_1)
                                         accumulator._1167_ (net)
                  0.04    0.00   21.98 v accumulator._2073_/B1 (sky130_fd_sc_hd__a2bb2o_1)
     2    0.01    0.06    0.30   22.29 v accumulator._2073_/X (sky130_fd_sc_hd__a2bb2o_1)
                                         accumulator._1170_ (net)
                  0.06    0.00   22.29 v accumulator._2074_/A (sky130_fd_sc_hd__clkbuf_4)
    10    0.04    0.09    0.21   22.49 v accumulator._2074_/X (sky130_fd_sc_hd__clkbuf_4)
                                         accumulator._1171_ (net)
                  0.09    0.00   22.49 v accumulator._2101_/A (sky130_fd_sc_hd__clkbuf_4)
    10    0.04    0.09    0.22   22.72 v accumulator._2101_/X (sky130_fd_sc_hd__clkbuf_4)
                                         accumulator._0057_ (net)
                  0.09    0.00   22.72 v accumulator._2208_/S (sky130_fd_sc_hd__mux2_1)
     2    0.01    0.07    0.36   23.07 v accumulator._2208_/X (sky130_fd_sc_hd__mux2_1)
                                         accumulator._0162_ (net)
                  0.07    0.00   23.07 v accumulator._2209_/A1 (sky130_fd_sc_hd__mux2_1)
     2    0.00    0.07    0.33   23.40 v accumulator._2209_/X (sky130_fd_sc_hd__mux2_1)
                                         accumulator._0163_ (net)
                  0.07    0.00   23.40 v accumulator._2210_/A1 (sky130_fd_sc_hd__mux2_1)
     2    0.01    0.07    0.34   23.73 v accumulator._2210_/X (sky130_fd_sc_hd__mux2_1)
                                         accumulator._0165_ (net)
                  0.07    0.00   23.73 v accumulator._2212_/A0 (sky130_fd_sc_hd__mux2_1)
     1    0.00    0.06    0.30   24.04 v accumulator._2212_/X (sky130_fd_sc_hd__mux2_1)
                                         accumulator._0167_ (net)
                  0.06    0.00   24.04 v accumulator._2213_/B2 (sky130_fd_sc_hd__o221a_1)
     1    0.00    0.04    0.21   24.24 v accumulator._2213_/X (sky130_fd_sc_hd__o221a_1)
                                         accumulator._0015_ (net)
                  0.04    0.00   24.24 v accumulator._2370_/D (sky130_fd_sc_hd__dfxtp_1)
                                 24.24   data arrival time

                  0.15   25.00   25.00   clock clock (rise edge)
                          0.00   25.00   clock network delay (ideal)
                         -0.25   24.75   clock uncertainty
                          0.00   24.75   clock reconvergence pessimism
                                 24.75 ^ accumulator._2370_/CLK (sky130_fd_sc_hd__dfxtp_1)
                         -0.08   24.67   library setup time
                                 24.67   data required time
-----------------------------------------------------------------------------
                                 24.67   data required time
                                -24.24   data arrival time
-----------------------------------------------------------------------------
                                  0.42   slack (MET)


Startpoint: io_inScaleA[2] (input port clocked by clock)
Endpoint: accumulator._2378_ (rising edge-triggered flip-flop clocked by clock)
Path Group: clock
Path Type: max

Fanout     Cap    Slew   Delay    Time   Description
-----------------------------------------------------------------------------
                  0.15    0.00    0.00   clock clock (rise edge)
                          0.00    0.00   clock network delay (ideal)
                          5.00    5.00 ^ input external delay
     1    0.00    0.02    0.01    5.01 ^ io_inScaleA[2] (in)
                                         io_inScaleA[2] (net)
                  0.02    0.00    5.01 ^ input11/A (sky130_fd_sc_hd__clkbuf_2)
    10    0.03    0.14    0.17    5.19 ^ input11/X (sky130_fd_sc_hd__clkbuf_2)
                                         net11 (net)
                  0.14    0.00    5.19 ^ scaleAdd._279_/A1 (sky130_fd_sc_hd__a22o_1)
     3    0.01    0.08    0.19    5.38 ^ scaleAdd._279_/X (sky130_fd_sc_hd__a22o_1)
                                         scaleAdd._221_ (net)
                  0.08    0.00    5.38 ^ scaleAdd._285_/B_N (sky130_fd_sc_hd__or2b_1)
     1    0.00    0.06    0.25    5.63 v scaleAdd._285_/X (sky130_fd_sc_hd__or2b_1)
                                         scaleAdd._227_ (net)
                  0.06    0.00    5.63 v scaleAdd._286_/A (sky130_fd_sc_hd__xnor2_1)
     3    0.01    0.08    0.16    5.79 v scaleAdd._286_/Y (sky130_fd_sc_hd__xnor2_1)
                                         scaleAdd._228_ (net)
                  0.08    0.00    5.79 v scaleAdd._311_/B (sky130_fd_sc_hd__or2_1)
     1    0.00    0.05    0.22    6.02 v scaleAdd._311_/X (sky130_fd_sc_hd__or2_1)
                                         scaleAdd._018_ (net)
                  0.05    0.00    6.02 v scaleAdd._313_/A2 (sky130_fd_sc_hd__a21oi_1)
     2    0.01    0.19    0.21    6.23 ^ scaleAdd._313_/Y (sky130_fd_sc_hd__a21oi_1)
                                         scaleAdd._020_ (net)
                  0.19    0.00    6.23 ^ scaleAdd._314_/B (sky130_fd_sc_hd__xnor2_1)
     2    0.01    0.19    0.17    6.40 ^ scaleAdd._314_/Y (sky130_fd_sc_hd__xnor2_1)
                                         scaleAdd._021_ (net)
                  0.19    0.00    6.40 ^ scaleAdd._315_/S (sky130_fd_sc_hd__mux2_2)
     5    0.02    0.08    0.43    6.83 v scaleAdd._315_/X (sky130_fd_sc_hd__mux2_2)
                                         scaleAdd._022_ (net)
                  0.08    0.00    6.83 v scaleAdd._321_/A2 (sky130_fd_sc_hd__a21o_1)
     2    0.00    0.04    0.20    7.03 v scaleAdd._321_/X (sky130_fd_sc_hd__a21o_1)
                                         scaleAdd._028_ (net)
                  0.04    0.00    7.03 v scaleAdd._325_/A (sky130_fd_sc_hd__and3_1)
     3    0.01    0.05    0.16    7.19 v scaleAdd._325_/X (sky130_fd_sc_hd__and3_1)
                                         scaleAdd._032_ (net)
                  0.05    0.00    7.19 v scaleAdd._328_/A (sky130_fd_sc_hd__or3_1)
     3    0.01    0.08    0.41    7.60 v scaleAdd._328_/X (sky130_fd_sc_hd__or3_1)
                                         scaleAdd._035_ (net)
                  0.08    0.00    7.60 v scaleAdd._332_/A1 (sky130_fd_sc_hd__a21o_1)
     2    0.00    0.04    0.18    7.78 v scaleAdd._332_/X (sky130_fd_sc_hd__a21o_1)
                                         scaleAdd._039_ (net)
                  0.04    0.00    7.78 v scaleAdd._361_/A2 (sky130_fd_sc_hd__a21o_1)
     2    0.01    0.07    0.22    8.00 v scaleAdd._361_/X (sky130_fd_sc_hd__a21o_1)
                                         scaleAdd._067_ (net)
                  0.07    0.00    8.00 v scaleAdd._383_/A2 (sky130_fd_sc_hd__a21o_1)
     2    0.01    0.07    0.23    8.22 v scaleAdd._383_/X (sky130_fd_sc_hd__a21o_1)
                                         scaleAdd._088_ (net)
                  0.07    0.00    8.22 v scaleAdd._399_/A2 (sky130_fd_sc_hd__a21o_1)
     2    0.01    0.07    0.23    8.45 v scaleAdd._399_/X (sky130_fd_sc_hd__a21o_1)
                                         scaleAdd._103_ (net)
                  0.07    0.00    8.45 v scaleAdd._417_/A2 (sky130_fd_sc_hd__a21bo_1)
     2    0.01    0.07    0.24    8.70 v scaleAdd._417_/X (sky130_fd_sc_hd__a21bo_1)
                                         scaleAdd._120_ (net)
                  0.07    0.00    8.70 v scaleAdd._432_/A2 (sky130_fd_sc_hd__a21o_1)
     2    0.01    0.07    0.23    8.93 v scaleAdd._432_/X (sky130_fd_sc_hd__a21o_1)
                                         scaleAdd._134_ (net)
                  0.07    0.00    8.93 v scaleAdd._444_/A2 (sky130_fd_sc_hd__a21o_1)
     2    0.01    0.06    0.22    9.15 v scaleAdd._444_/X (sky130_fd_sc_hd__a21o_1)
                                         scaleAdd._145_ (net)
                  0.06    0.00    9.15 v scaleAdd._447_/A2 (sky130_fd_sc_hd__a21o_1)
     2    0.01    0.07    0.22    9.37 v scaleAdd._447_/X (sky130_fd_sc_hd__a21o_1)
                                         scaleAdd._147_ (net)
                  0.07    0.00    9.37 v scaleAdd._449_/B2 (sky130_fd_sc_hd__a2bb2o_1)
     4    0.01    0.08    0.31    9.68 v scaleAdd._449_/X (sky130_fd_sc_hd__a2bb2o_1)
                                         accumulator.io_inMant[15] (net)
                  0.08    0.00    9.68 v accumulator._1181_/A (sky130_fd_sc_hd__or4_1)
     1    0.00    0.08    0.54   10.22 v accumulator._1181_/X (sky130_fd_sc_hd__or4_1)
                                         accumulator._0045_ (net)
                  0.08    0.00   10.22 v accumulator._1182_/A (sky130_fd_sc_hd__buf_2)
    10    0.03    0.08    0.20   10.41 v accumulator._1182_/X (sky130_fd_sc_hd__buf_2)
                                         accumulator._0055_ (net)
                  0.08    0.00   10.41 v accumulator._1200_/A_N (sky130_fd_sc_hd__and2b_1)
     6    0.02    0.14    0.29   10.70 ^ accumulator._1200_/X (sky130_fd_sc_hd__and2b_1)
                                         accumulator._0232_ (net)
                  0.14    0.00   10.70 ^ accumulator._1201_/B1_N (sky130_fd_sc_hd__o21ba_1)
     5    0.02    0.09    0.23   10.93 v accumulator._1201_/X (sky130_fd_sc_hd__o21ba_1)
                                         accumulator._0241_ (net)
                  0.09    0.00   10.93 v accumulator._1202_/B (sky130_fd_sc_hd__and2_1)
     3    0.01    0.05    0.20   11.13 v accumulator._1202_/X (sky130_fd_sc_hd__and2_1)
                                         accumulator._0251_ (net)
                  0.05    0.00   11.13 v accumulator._1204_/A (sky130_fd_sc_hd__or2_1)
     3    0.01    0.08    0.27   11.40 v accumulator._1204_/X (sky130_fd_sc_hd__or2_1)
                                         accumulator._0271_ (net)
                  0.08    0.00   11.40 v accumulator._1205_/A (sky130_fd_sc_hd__inv_2)
     3    0.01    0.05    0.07   11.48 ^ accumulator._1205_/Y (sky130_fd_sc_hd__inv_2)
                                         accumulator._0281_ (net)
                  0.05    0.00   11.48 ^ accumulator._1218_/A2 (sky130_fd_sc_hd__a311o_1)
     4    0.01    0.14    0.23   11.71 ^ accumulator._1218_/X (sky130_fd_sc_hd__a311o_1)
                                         accumulator._0315_ (net)
                  0.14    0.00   11.71 ^ accumulator._1219_/C (sky130_fd_sc_hd__nand3_1)
     2    0.01    0.09    0.12   11.83 v accumulator._1219_/Y (sky130_fd_sc_hd__nand3_1)
                                         accumulator._0316_ (net)
                  0.09    0.00   11.83 v accumulator._1228_/A1 (sky130_fd_sc_hd__a211o_1)
     5    0.01    0.08    0.33   12.16 v accumulator._1228_/X (sky130_fd_sc_hd__a211o_1)
                                         accumulator._0325_ (net)
                  0.08    0.00   12.16 v accumulator._1242_/A1 (sky130_fd_sc_hd__o22a_1)
     3    0.01    0.06    0.25   12.41 v accumulator._1242_/X (sky130_fd_sc_hd__o22a_1)
                                         accumulator._0339_ (net)
                  0.06    0.00   12.41 v accumulator._1255_/C (sky130_fd_sc_hd__or3_2)
     5    0.02    0.12    0.50   12.91 v accumulator._1255_/X (sky130_fd_sc_hd__or3_2)
                                         accumulator._0352_ (net)
                  0.12    0.00   12.91 v accumulator._1257_/A2 (sky130_fd_sc_hd__a21o_2)
     2    0.02    0.07    0.30   13.21 v accumulator._1257_/X (sky130_fd_sc_hd__a21o_2)
                                         accumulator._0354_ (net)
                  0.07    0.00   13.21 v accumulator._1259_/A2 (sky130_fd_sc_hd__a21o_2)
     2    0.02    0.07    0.28   13.48 v accumulator._1259_/X (sky130_fd_sc_hd__a21o_2)
                                         accumulator._0356_ (net)
                  0.07    0.00   13.48 v accumulator._1264_/A1 (sky130_fd_sc_hd__a21o_1)
     2    0.01    0.07    0.21   13.69 v accumulator._1264_/X (sky130_fd_sc_hd__a21o_1)
                                         accumulator._0361_ (net)
                  0.07    0.00   13.69 v accumulator._1266_/A2 (sky130_fd_sc_hd__a21o_1)
     2    0.01    0.07    0.23   13.92 v accumulator._1266_/X (sky130_fd_sc_hd__a21o_1)
                                         accumulator._0363_ (net)
                  0.07    0.00   13.92 v accumulator._1272_/A1 (sky130_fd_sc_hd__a21o_1)
     2    0.02    0.09    0.23   14.15 v accumulator._1272_/X (sky130_fd_sc_hd__a21o_1)
                                         accumulator._0369_ (net)
                  0.09    0.00   14.15 v accumulator._1278_/A1 (sky130_fd_sc_hd__a21oi_4)
     4    0.04    0.31    0.32   14.47 ^ accumulator._1278_/Y (sky130_fd_sc_hd__a21oi_4)
                                         accumulator._0375_ (net)
                  0.31    0.00   14.47 ^ accumulator._1279_/B (sky130_fd_sc_hd__xnor2_4)
    10    0.05    0.37    0.25   14.72 ^ accumulator._1279_/Y (sky130_fd_sc_hd__xnor2_4)
                                         accumulator._0376_ (net)
                  0.37    0.00   14.72 ^ accumulator._1280_/A (sky130_fd_sc_hd__clkbuf_4)
    10    0.04    0.14    0.32   15.04 ^ accumulator._1280_/X (sky130_fd_sc_hd__clkbuf_4)
                                         accumulator._0377_ (net)
                  0.14    0.00   15.04 ^ accumulator._1413_/S (sky130_fd_sc_hd__mux2_1)
     2    0.01    0.09    0.40   15.44 v accumulator._1413_/X (sky130_fd_sc_hd__mux2_1)
                                         accumulator._0508_ (net)
                  0.09    0.00   15.44 v accumulator._1414_/A2 (sky130_fd_sc_hd__a21o_1)
     2    0.01    0.05    0.22   15.66 v accumulator._1414_/X (sky130_fd_sc_hd__a21o_1)
                                         accumulator._0509_ (net)
                  0.05    0.00   15.66 v accumulator._1415_/A2 (sky130_fd_sc_hd__a21o_1)
     2    0.01    0.05    0.20   15.86 v accumulator._1415_/X (sky130_fd_sc_hd__a21o_1)
                                         accumulator._0510_ (net)
                  0.05    0.00   15.86 v accumulator._1417_/A2 (sky130_fd_sc_hd__a21o_1)
     2    0.01    0.05    0.20   16.06 v accumulator._1417_/X (sky130_fd_sc_hd__a21o_1)
                                         accumulator._0512_ (net)
                  0.05    0.00   16.06 v accumulator._1432_/A3 (sky130_fd_sc_hd__a31o_1)
     3    0.01    0.07    0.26   16.32 v accumulator._1432_/X (sky130_fd_sc_hd__a31o_1)
                                         accumulator._0527_ (net)
                  0.07    0.00   16.32 v accumulator._1721_/B1 (sky130_fd_sc_hd__a32o_2)
     4    0.02    0.08    0.28   16.60 v accumulator._1721_/X (sky130_fd_sc_hd__a32o_2)
                                         accumulator._0816_ (net)
                  0.08    0.00   16.60 v accumulator._1736_/B1 (sky130_fd_sc_hd__a2111o_2)
     5    0.02    0.10    0.53   17.13 v accumulator._1736_/X (sky130_fd_sc_hd__a2111o_2)
                                         accumulator._0831_ (net)
                  0.10    0.00   17.13 v accumulator._1738_/A2 (sky130_fd_sc_hd__a21o_1)
     3    0.01    0.05    0.23   17.36 v accumulator._1738_/X (sky130_fd_sc_hd__a21o_1)
                                         accumulator._0833_ (net)
                  0.05    0.00   17.36 v accumulator._1744_/A1 (sky130_fd_sc_hd__a2111o_1)
     3    0.01    0.09    0.42   17.78 v accumulator._1744_/X (sky130_fd_sc_hd__a2111o_1)
                                         accumulator._0839_ (net)
                  0.09    0.00   17.78 v accumulator._1748_/A2 (sky130_fd_sc_hd__a2111o_1)
     2    0.00    0.07    0.45   18.24 v accumulator._1748_/X (sky130_fd_sc_hd__a2111o_1)
                                         accumulator._0843_ (net)
                  0.07    0.00   18.24 v accumulator._1751_/A2 (sky130_fd_sc_hd__a21o_1)
     2    0.01    0.05    0.21   18.44 v accumulator._1751_/X (sky130_fd_sc_hd__a21o_1)
                                         accumulator._0846_ (net)
                  0.05    0.00   18.44 v accumulator._1773_/A2 (sky130_fd_sc_hd__a21o_1)
     2    0.01    0.04    0.19   18.63 v accumulator._1773_/X (sky130_fd_sc_hd__a21o_1)
                                         accumulator._0868_ (net)
                  0.04    0.00   18.63 v accumulator._1798_/A2 (sky130_fd_sc_hd__a311o_1)
     2    0.01    0.08    0.35   18.98 v accumulator._1798_/X (sky130_fd_sc_hd__a311o_1)
                                         accumulator._0893_ (net)
                  0.08    0.00   18.98 v accumulator._1814_/A1 (sky130_fd_sc_hd__a21o_1)
     2    0.01    0.05    0.19   19.17 v accumulator._1814_/X (sky130_fd_sc_hd__a21o_1)
                                         accumulator._0909_ (net)
                  0.05    0.00   19.17 v accumulator._1825_/A2 (sky130_fd_sc_hd__a31oi_2)
     3    0.01    0.20    0.23   19.40 ^ accumulator._1825_/Y (sky130_fd_sc_hd__a31oi_2)
                                         accumulator._0920_ (net)
                  0.20    0.00   19.40 ^ accumulator._1926_/A2 (sky130_fd_sc_hd__a21o_1)
     3    0.01    0.09    0.20   19.60 ^ accumulator._1926_/X (sky130_fd_sc_hd__a21o_1)
                                         accumulator._1021_ (net)
                  0.09    0.00   19.60 ^ accumulator._2039_/S (sky130_fd_sc_hd__mux2_1)
     3    0.01    0.10    0.40   19.99 v accumulator._2039_/X (sky130_fd_sc_hd__mux2_1)
                                         accumulator._1134_ (net)
                  0.10    0.00   19.99 v accumulator._2059_/B2 (sky130_fd_sc_hd__a221oi_1)
     1    0.00    0.25    0.31   20.30 ^ accumulator._2059_/Y (sky130_fd_sc_hd__a221oi_1)
                                         accumulator._1155_ (net)
                  0.25    0.00   20.30 ^ accumulator._2060_/A2 (sky130_fd_sc_hd__o21ai_1)
     1    0.00    0.07    0.10   20.40 v accumulator._2060_/Y (sky130_fd_sc_hd__o21ai_1)
                                         accumulator._1156_ (net)
                  0.07    0.00   20.40 v accumulator._2061_/A2 (sky130_fd_sc_hd__a21o_1)
     1    0.00    0.03    0.19   20.59 v accumulator._2061_/X (sky130_fd_sc_hd__a21o_1)
                                         accumulator._1157_ (net)
                  0.03    0.00   20.59 v accumulator._2062_/A2 (sky130_fd_sc_hd__a21o_1)
     1    0.00    0.03    0.17   20.76 v accumulator._2062_/X (sky130_fd_sc_hd__a21o_1)
                                         accumulator._1158_ (net)
                  0.03    0.00   20.76 v accumulator._2063_/A2 (sky130_fd_sc_hd__a21o_1)
     1    0.00    0.03    0.17   20.93 v accumulator._2063_/X (sky130_fd_sc_hd__a21o_1)
                                         accumulator._1159_ (net)
                  0.03    0.00   20.93 v accumulator._2064_/A2 (sky130_fd_sc_hd__a21o_1)
     1    0.00    0.04    0.18   21.11 v accumulator._2064_/X (sky130_fd_sc_hd__a21o_1)
                                         accumulator._1160_ (net)
                  0.04    0.00   21.11 v accumulator._2065_/A2 (sky130_fd_sc_hd__a21oi_1)
     1    0.00    0.12    0.14   21.26 ^ accumulator._2065_/Y (sky130_fd_sc_hd__a21oi_1)
                                         accumulator._1161_ (net)
                  0.12    0.00   21.26 ^ accumulator._2067_/A2 (sky130_fd_sc_hd__o21ai_1)
     1    0.00    0.06    0.07   21.33 v accumulator._2067_/Y (sky130_fd_sc_hd__o21ai_1)
                                         accumulator._1163_ (net)
                  0.06    0.00   21.33 v accumulator._2068_/A2 (sky130_fd_sc_hd__a21o_1)
     1    0.00    0.03    0.18   21.51 v accumulator._2068_/X (sky130_fd_sc_hd__a21o_1)
                                         accumulator._1164_ (net)
                  0.03    0.00   21.51 v accumulator._2069_/A2 (sky130_fd_sc_hd__a21o_1)
     1    0.00    0.04    0.18   21.69 v accumulator._2069_/X (sky130_fd_sc_hd__a21o_1)
                                         accumulator._1165_ (net)
                  0.04    0.00   21.69 v accumulator._2070_/A2 (sky130_fd_sc_hd__a211o_1)
     1    0.00    0.04    0.29   21.98 v accumulator._2070_/X (sky130_fd_sc_hd__a211o_1)
                                         accumulator._1167_ (net)
                  0.04    0.00   21.98 v accumulator._2073_/B1 (sky130_fd_sc_hd__a2bb2o_1)
     2    0.01    0.06    0.30   22.29 v accumulator._2073_/X (sky130_fd_sc_hd__a2bb2o_1)
                                         accumulator._1170_ (net)
                  0.06    0.00   22.29 v accumulator._2074_/A (sky130_fd_sc_hd__clkbuf_4)
    10    0.04    0.09    0.21   22.49 v accumulator._2074_/X (sky130_fd_sc_hd__clkbuf_4)
                                         accumulator._1171_ (net)
                  0.09    0.00   22.49 v accumulator._2101_/A (sky130_fd_sc_hd__clkbuf_4)
    10    0.04    0.09    0.22   22.72 v accumulator._2101_/X (sky130_fd_sc_hd__clkbuf_4)
                                         accumulator._0057_ (net)
                  0.09    0.00   22.72 v accumulator._2208_/S (sky130_fd_sc_hd__mux2_1)
     2    0.01    0.07    0.36   23.07 v accumulator._2208_/X (sky130_fd_sc_hd__mux2_1)
                                         accumulator._0162_ (net)
                  0.07    0.00   23.07 v accumulator._2209_/A1 (sky130_fd_sc_hd__mux2_1)
     2    0.00    0.07    0.33   23.40 v accumulator._2209_/X (sky130_fd_sc_hd__mux2_1)
                                         accumulator._0163_ (net)
                  0.07    0.00   23.40 v accumulator._2210_/A1 (sky130_fd_sc_hd__mux2_1)
     2    0.01    0.07    0.34   23.73 v accumulator._2210_/X (sky130_fd_sc_hd__mux2_1)
                                         accumulator._0165_ (net)
                  0.07    0.00   23.73 v accumulator._2272_/B2 (sky130_fd_sc_hd__a221o_1)
     1    0.00    0.05    0.34   24.07 v accumulator._2272_/X (sky130_fd_sc_hd__a221o_1)
                                         accumulator._0225_ (net)
                  0.05    0.00   24.07 v accumulator._2273_/A2 (sky130_fd_sc_hd__o21a_1)
     1    0.00    0.03    0.17   24.23 v accumulator._2273_/X (sky130_fd_sc_hd__o21a_1)
                                         accumulator._0023_ (net)
                  0.03    0.00   24.23 v accumulator._2378_/D (sky130_fd_sc_hd__dfxtp_1)
                                 24.23   data arrival time

                  0.15   25.00   25.00   clock clock (rise edge)
                          0.00   25.00   clock network delay (ideal)
                         -0.25   24.75   clock uncertainty
                          0.00   24.75   clock reconvergence pessimism
                                 24.75 ^ accumulator._2378_/CLK (sky130_fd_sc_hd__dfxtp_1)
                         -0.08   24.67   library setup time
                                 24.67   data required time
-----------------------------------------------------------------------------
                                 24.67   data required time
                                -24.23   data arrival time
-----------------------------------------------------------------------------
                                  0.44   slack (MET)


Startpoint: io_inScaleA[2] (input port clocked by clock)
Endpoint: accumulator._2376_ (rising edge-triggered flip-flop clocked by clock)
Path Group: clock
Path Type: max

Fanout     Cap    Slew   Delay    Time   Description
-----------------------------------------------------------------------------
                  0.15    0.00    0.00   clock clock (rise edge)
                          0.00    0.00   clock network delay (ideal)
                          5.00    5.00 ^ input external delay
     1    0.00    0.02    0.01    5.01 ^ io_inScaleA[2] (in)
                                         io_inScaleA[2] (net)
                  0.02    0.00    5.01 ^ input11/A (sky130_fd_sc_hd__clkbuf_2)
    10    0.03    0.14    0.17    5.19 ^ input11/X (sky130_fd_sc_hd__clkbuf_2)
                                         net11 (net)
                  0.14    0.00    5.19 ^ scaleAdd._279_/A1 (sky130_fd_sc_hd__a22o_1)
     3    0.01    0.08    0.19    5.38 ^ scaleAdd._279_/X (sky130_fd_sc_hd__a22o_1)
                                         scaleAdd._221_ (net)
                  0.08    0.00    5.38 ^ scaleAdd._285_/B_N (sky130_fd_sc_hd__or2b_1)
     1    0.00    0.06    0.25    5.63 v scaleAdd._285_/X (sky130_fd_sc_hd__or2b_1)
                                         scaleAdd._227_ (net)
                  0.06    0.00    5.63 v scaleAdd._286_/A (sky130_fd_sc_hd__xnor2_1)
     3    0.01    0.08    0.16    5.79 v scaleAdd._286_/Y (sky130_fd_sc_hd__xnor2_1)
                                         scaleAdd._228_ (net)
                  0.08    0.00    5.79 v scaleAdd._311_/B (sky130_fd_sc_hd__or2_1)
     1    0.00    0.05    0.22    6.02 v scaleAdd._311_/X (sky130_fd_sc_hd__or2_1)
                                         scaleAdd._018_ (net)
                  0.05    0.00    6.02 v scaleAdd._313_/A2 (sky130_fd_sc_hd__a21oi_1)
     2    0.01    0.19    0.21    6.23 ^ scaleAdd._313_/Y (sky130_fd_sc_hd__a21oi_1)
                                         scaleAdd._020_ (net)
                  0.19    0.00    6.23 ^ scaleAdd._314_/B (sky130_fd_sc_hd__xnor2_1)
     2    0.01    0.19    0.17    6.40 ^ scaleAdd._314_/Y (sky130_fd_sc_hd__xnor2_1)
                                         scaleAdd._021_ (net)
                  0.19    0.00    6.40 ^ scaleAdd._315_/S (sky130_fd_sc_hd__mux2_2)
     5    0.02    0.08    0.43    6.83 v scaleAdd._315_/X (sky130_fd_sc_hd__mux2_2)
                                         scaleAdd._022_ (net)
                  0.08    0.00    6.83 v scaleAdd._321_/A2 (sky130_fd_sc_hd__a21o_1)
     2    0.00    0.04    0.20    7.03 v scaleAdd._321_/X (sky130_fd_sc_hd__a21o_1)
                                         scaleAdd._028_ (net)
                  0.04    0.00    7.03 v scaleAdd._325_/A (sky130_fd_sc_hd__and3_1)
     3    0.01    0.05    0.16    7.19 v scaleAdd._325_/X (sky130_fd_sc_hd__and3_1)
                                         scaleAdd._032_ (net)
                  0.05    0.00    7.19 v scaleAdd._328_/A (sky130_fd_sc_hd__or3_1)
     3    0.01    0.08    0.41    7.60 v scaleAdd._328_/X (sky130_fd_sc_hd__or3_1)
                                         scaleAdd._035_ (net)
                  0.08    0.00    7.60 v scaleAdd._332_/A1 (sky130_fd_sc_hd__a21o_1)
     2    0.00    0.04    0.18    7.78 v scaleAdd._332_/X (sky130_fd_sc_hd__a21o_1)
                                         scaleAdd._039_ (net)
                  0.04    0.00    7.78 v scaleAdd._361_/A2 (sky130_fd_sc_hd__a21o_1)
     2    0.01    0.07    0.22    8.00 v scaleAdd._361_/X (sky130_fd_sc_hd__a21o_1)
                                         scaleAdd._067_ (net)
                  0.07    0.00    8.00 v scaleAdd._383_/A2 (sky130_fd_sc_hd__a21o_1)
     2    0.01    0.07    0.23    8.22 v scaleAdd._383_/X (sky130_fd_sc_hd__a21o_1)
                                         scaleAdd._088_ (net)
                  0.07    0.00    8.22 v scaleAdd._399_/A2 (sky130_fd_sc_hd__a21o_1)
     2    0.01    0.07    0.23    8.45 v scaleAdd._399_/X (sky130_fd_sc_hd__a21o_1)
                                         scaleAdd._103_ (net)
                  0.07    0.00    8.45 v scaleAdd._417_/A2 (sky130_fd_sc_hd__a21bo_1)
     2    0.01    0.07    0.24    8.70 v scaleAdd._417_/X (sky130_fd_sc_hd__a21bo_1)
                                         scaleAdd._120_ (net)
                  0.07    0.00    8.70 v scaleAdd._432_/A2 (sky130_fd_sc_hd__a21o_1)
     2    0.01    0.07    0.23    8.93 v scaleAdd._432_/X (sky130_fd_sc_hd__a21o_1)
                                         scaleAdd._134_ (net)
                  0.07    0.00    8.93 v scaleAdd._444_/A2 (sky130_fd_sc_hd__a21o_1)
     2    0.01    0.06    0.22    9.15 v scaleAdd._444_/X (sky130_fd_sc_hd__a21o_1)
                                         scaleAdd._145_ (net)
                  0.06    0.00    9.15 v scaleAdd._447_/A2 (sky130_fd_sc_hd__a21o_1)
     2    0.01    0.07    0.22    9.37 v scaleAdd._447_/X (sky130_fd_sc_hd__a21o_1)
                                         scaleAdd._147_ (net)
                  0.07    0.00    9.37 v scaleAdd._449_/B2 (sky130_fd_sc_hd__a2bb2o_1)
     4    0.01    0.08    0.31    9.68 v scaleAdd._449_/X (sky130_fd_sc_hd__a2bb2o_1)
                                         accumulator.io_inMant[15] (net)
                  0.08    0.00    9.68 v accumulator._1181_/A (sky130_fd_sc_hd__or4_1)
     1    0.00    0.08    0.54   10.22 v accumulator._1181_/X (sky130_fd_sc_hd__or4_1)
                                         accumulator._0045_ (net)
                  0.08    0.00   10.22 v accumulator._1182_/A (sky130_fd_sc_hd__buf_2)
    10    0.03    0.08    0.20   10.41 v accumulator._1182_/X (sky130_fd_sc_hd__buf_2)
                                         accumulator._0055_ (net)
                  0.08    0.00   10.41 v accumulator._1200_/A_N (sky130_fd_sc_hd__and2b_1)
     6    0.02    0.14    0.29   10.70 ^ accumulator._1200_/X (sky130_fd_sc_hd__and2b_1)
                                         accumulator._0232_ (net)
                  0.14    0.00   10.70 ^ accumulator._1201_/B1_N (sky130_fd_sc_hd__o21ba_1)
     5    0.02    0.09    0.23   10.93 v accumulator._1201_/X (sky130_fd_sc_hd__o21ba_1)
                                         accumulator._0241_ (net)
                  0.09    0.00   10.93 v accumulator._1202_/B (sky130_fd_sc_hd__and2_1)
     3    0.01    0.05    0.20   11.13 v accumulator._1202_/X (sky130_fd_sc_hd__and2_1)
                                         accumulator._0251_ (net)
                  0.05    0.00   11.13 v accumulator._1204_/A (sky130_fd_sc_hd__or2_1)
     3    0.01    0.08    0.27   11.40 v accumulator._1204_/X (sky130_fd_sc_hd__or2_1)
                                         accumulator._0271_ (net)
                  0.08    0.00   11.40 v accumulator._1205_/A (sky130_fd_sc_hd__inv_2)
     3    0.01    0.05    0.07   11.48 ^ accumulator._1205_/Y (sky130_fd_sc_hd__inv_2)
                                         accumulator._0281_ (net)
                  0.05    0.00   11.48 ^ accumulator._1218_/A2 (sky130_fd_sc_hd__a311o_1)
     4    0.01    0.14    0.23   11.71 ^ accumulator._1218_/X (sky130_fd_sc_hd__a311o_1)
                                         accumulator._0315_ (net)
                  0.14    0.00   11.71 ^ accumulator._1219_/C (sky130_fd_sc_hd__nand3_1)
     2    0.01    0.09    0.12   11.83 v accumulator._1219_/Y (sky130_fd_sc_hd__nand3_1)
                                         accumulator._0316_ (net)
                  0.09    0.00   11.83 v accumulator._1228_/A1 (sky130_fd_sc_hd__a211o_1)
     5    0.01    0.08    0.33   12.16 v accumulator._1228_/X (sky130_fd_sc_hd__a211o_1)
                                         accumulator._0325_ (net)
                  0.08    0.00   12.16 v accumulator._1242_/A1 (sky130_fd_sc_hd__o22a_1)
     3    0.01    0.06    0.25   12.41 v accumulator._1242_/X (sky130_fd_sc_hd__o22a_1)
                                         accumulator._0339_ (net)
                  0.06    0.00   12.41 v accumulator._1255_/C (sky130_fd_sc_hd__or3_2)
     5    0.02    0.12    0.50   12.91 v accumulator._1255_/X (sky130_fd_sc_hd__or3_2)
                                         accumulator._0352_ (net)
                  0.12    0.00   12.91 v accumulator._1257_/A2 (sky130_fd_sc_hd__a21o_2)
     2    0.02    0.07    0.30   13.21 v accumulator._1257_/X (sky130_fd_sc_hd__a21o_2)
                                         accumulator._0354_ (net)
                  0.07    0.00   13.21 v accumulator._1259_/A2 (sky130_fd_sc_hd__a21o_2)
     2    0.02    0.07    0.28   13.48 v accumulator._1259_/X (sky130_fd_sc_hd__a21o_2)
                                         accumulator._0356_ (net)
                  0.07    0.00   13.48 v accumulator._1264_/A1 (sky130_fd_sc_hd__a21o_1)
     2    0.01    0.07    0.21   13.69 v accumulator._1264_/X (sky130_fd_sc_hd__a21o_1)
                                         accumulator._0361_ (net)
                  0.07    0.00   13.69 v accumulator._1266_/A2 (sky130_fd_sc_hd__a21o_1)
     2    0.01    0.07    0.23   13.92 v accumulator._1266_/X (sky130_fd_sc_hd__a21o_1)
                                         accumulator._0363_ (net)
                  0.07    0.00   13.92 v accumulator._1272_/A1 (sky130_fd_sc_hd__a21o_1)
     2    0.02    0.09    0.23   14.15 v accumulator._1272_/X (sky130_fd_sc_hd__a21o_1)
                                         accumulator._0369_ (net)
                  0.09    0.00   14.15 v accumulator._1278_/A1 (sky130_fd_sc_hd__a21oi_4)
     4    0.04    0.31    0.32   14.47 ^ accumulator._1278_/Y (sky130_fd_sc_hd__a21oi_4)
                                         accumulator._0375_ (net)
                  0.31    0.00   14.47 ^ accumulator._1279_/B (sky130_fd_sc_hd__xnor2_4)
    10    0.05    0.37    0.25   14.72 ^ accumulator._1279_/Y (sky130_fd_sc_hd__xnor2_4)
                                         accumulator._0376_ (net)
                  0.37    0.00   14.72 ^ accumulator._1280_/A (sky130_fd_sc_hd__clkbuf_4)
    10    0.04    0.14    0.32   15.04 ^ accumulator._1280_/X (sky130_fd_sc_hd__clkbuf_4)
                                         accumulator._0377_ (net)
                  0.14    0.00   15.04 ^ accumulator._1413_/S (sky130_fd_sc_hd__mux2_1)
     2    0.01    0.09    0.40   15.44 v accumulator._1413_/X (sky130_fd_sc_hd__mux2_1)
                                         accumulator._0508_ (net)
                  0.09    0.00   15.44 v accumulator._1414_/A2 (sky130_fd_sc_hd__a21o_1)
     2    0.01    0.05    0.22   15.66 v accumulator._1414_/X (sky130_fd_sc_hd__a21o_1)
                                         accumulator._0509_ (net)
                  0.05    0.00   15.66 v accumulator._1415_/A2 (sky130_fd_sc_hd__a21o_1)
     2    0.01    0.05    0.20   15.86 v accumulator._1415_/X (sky130_fd_sc_hd__a21o_1)
                                         accumulator._0510_ (net)
                  0.05    0.00   15.86 v accumulator._1417_/A2 (sky130_fd_sc_hd__a21o_1)
     2    0.01    0.05    0.20   16.06 v accumulator._1417_/X (sky130_fd_sc_hd__a21o_1)
                                         accumulator._0512_ (net)
                  0.05    0.00   16.06 v accumulator._1432_/A3 (sky130_fd_sc_hd__a31o_1)
     3    0.01    0.07    0.26   16.32 v accumulator._1432_/X (sky130_fd_sc_hd__a31o_1)
                                         accumulator._0527_ (net)
                  0.07    0.00   16.32 v accumulator._1721_/B1 (sky130_fd_sc_hd__a32o_2)
     4    0.02    0.08    0.28   16.60 v accumulator._1721_/X (sky130_fd_sc_hd__a32o_2)
                                         accumulator._0816_ (net)
                  0.08    0.00   16.60 v accumulator._1736_/B1 (sky130_fd_sc_hd__a2111o_2)
     5    0.02    0.10    0.53   17.13 v accumulator._1736_/X (sky130_fd_sc_hd__a2111o_2)
                                         accumulator._0831_ (net)
                  0.10    0.00   17.13 v accumulator._1738_/A2 (sky130_fd_sc_hd__a21o_1)
     3    0.01    0.05    0.23   17.36 v accumulator._1738_/X (sky130_fd_sc_hd__a21o_1)
                                         accumulator._0833_ (net)
                  0.05    0.00   17.36 v accumulator._1744_/A1 (sky130_fd_sc_hd__a2111o_1)
     3    0.01    0.09    0.42   17.78 v accumulator._1744_/X (sky130_fd_sc_hd__a2111o_1)
                                         accumulator._0839_ (net)
                  0.09    0.00   17.78 v accumulator._1748_/A2 (sky130_fd_sc_hd__a2111o_1)
     2    0.00    0.07    0.45   18.24 v accumulator._1748_/X (sky130_fd_sc_hd__a2111o_1)
                                         accumulator._0843_ (net)
                  0.07    0.00   18.24 v accumulator._1751_/A2 (sky130_fd_sc_hd__a21o_1)
     2    0.01    0.05    0.21   18.44 v accumulator._1751_/X (sky130_fd_sc_hd__a21o_1)
                                         accumulator._0846_ (net)
                  0.05    0.00   18.44 v accumulator._1773_/A2 (sky130_fd_sc_hd__a21o_1)
     2    0.01    0.04    0.19   18.63 v accumulator._1773_/X (sky130_fd_sc_hd__a21o_1)
                                         accumulator._0868_ (net)
                  0.04    0.00   18.63 v accumulator._1798_/A2 (sky130_fd_sc_hd__a311o_1)
     2    0.01    0.08    0.35   18.98 v accumulator._1798_/X (sky130_fd_sc_hd__a311o_1)
                                         accumulator._0893_ (net)
                  0.08    0.00   18.98 v accumulator._1814_/A1 (sky130_fd_sc_hd__a21o_1)
     2    0.01    0.05    0.19   19.17 v accumulator._1814_/X (sky130_fd_sc_hd__a21o_1)
                                         accumulator._0909_ (net)
                  0.05    0.00   19.17 v accumulator._1825_/A2 (sky130_fd_sc_hd__a31oi_2)
     3    0.01    0.20    0.23   19.40 ^ accumulator._1825_/Y (sky130_fd_sc_hd__a31oi_2)
                                         accumulator._0920_ (net)
                  0.20    0.00   19.40 ^ accumulator._1926_/A2 (sky130_fd_sc_hd__a21o_1)
     3    0.01    0.09    0.20   19.60 ^ accumulator._1926_/X (sky130_fd_sc_hd__a21o_1)
                                         accumulator._1021_ (net)
                  0.09    0.00   19.60 ^ accumulator._2039_/S (sky130_fd_sc_hd__mux2_1)
     3    0.01    0.10    0.40   19.99 v accumulator._2039_/X (sky130_fd_sc_hd__mux2_1)
                                         accumulator._1134_ (net)
                  0.10    0.00   19.99 v accumulator._2059_/B2 (sky130_fd_sc_hd__a221oi_1)
     1    0.00    0.25    0.31   20.30 ^ accumulator._2059_/Y (sky130_fd_sc_hd__a221oi_1)
                                         accumulator._1155_ (net)
                  0.25    0.00   20.30 ^ accumulator._2060_/A2 (sky130_fd_sc_hd__o21ai_1)
     1    0.00    0.07    0.10   20.40 v accumulator._2060_/Y (sky130_fd_sc_hd__o21ai_1)
                                         accumulator._1156_ (net)
                  0.07    0.00   20.40 v accumulator._2061_/A2 (sky130_fd_sc_hd__a21o_1)
     1    0.00    0.03    0.19   20.59 v accumulator._2061_/X (sky130_fd_sc_hd__a21o_1)
                                         accumulator._1157_ (net)
                  0.03    0.00   20.59 v accumulator._2062_/A2 (sky130_fd_sc_hd__a21o_1)
     1    0.00    0.03    0.17   20.76 v accumulator._2062_/X (sky130_fd_sc_hd__a21o_1)
                                         accumulator._1158_ (net)
                  0.03    0.00   20.76 v accumulator._2063_/A2 (sky130_fd_sc_hd__a21o_1)
     1    0.00    0.03    0.17   20.93 v accumulator._2063_/X (sky130_fd_sc_hd__a21o_1)
                                         accumulator._1159_ (net)
                  0.03    0.00   20.93 v accumulator._2064_/A2 (sky130_fd_sc_hd__a21o_1)
     1    0.00    0.04    0.18   21.11 v accumulator._2064_/X (sky130_fd_sc_hd__a21o_1)
                                         accumulator._1160_ (net)
                  0.04    0.00   21.11 v accumulator._2065_/A2 (sky130_fd_sc_hd__a21oi_1)
     1    0.00    0.12    0.14   21.26 ^ accumulator._2065_/Y (sky130_fd_sc_hd__a21oi_1)
                                         accumulator._1161_ (net)
                  0.12    0.00   21.26 ^ accumulator._2067_/A2 (sky130_fd_sc_hd__o21ai_1)
     1    0.00    0.06    0.07   21.33 v accumulator._2067_/Y (sky130_fd_sc_hd__o21ai_1)
                                         accumulator._1163_ (net)
                  0.06    0.00   21.33 v accumulator._2068_/A2 (sky130_fd_sc_hd__a21o_1)
     1    0.00    0.03    0.18   21.51 v accumulator._2068_/X (sky130_fd_sc_hd__a21o_1)
                                         accumulator._1164_ (net)
                  0.03    0.00   21.51 v accumulator._2069_/A2 (sky130_fd_sc_hd__a21o_1)
     1    0.00    0.04    0.18   21.69 v accumulator._2069_/X (sky130_fd_sc_hd__a21o_1)
                                         accumulator._1165_ (net)
                  0.04    0.00   21.69 v accumulator._2070_/A2 (sky130_fd_sc_hd__a211o_1)
     1    0.00    0.04    0.29   21.98 v accumulator._2070_/X (sky130_fd_sc_hd__a211o_1)
                                         accumulator._1167_ (net)
                  0.04    0.00   21.98 v accumulator._2073_/B1 (sky130_fd_sc_hd__a2bb2o_1)
     2    0.01    0.06    0.30   22.29 v accumulator._2073_/X (sky130_fd_sc_hd__a2bb2o_1)
                                         accumulator._1170_ (net)
                  0.06    0.00   22.29 v accumulator._2074_/A (sky130_fd_sc_hd__clkbuf_4)
    10    0.04    0.09    0.21   22.49 v accumulator._2074_/X (sky130_fd_sc_hd__clkbuf_4)
                                         accumulator._1171_ (net)
                  0.09    0.00   22.49 v accumulator._2101_/A (sky130_fd_sc_hd__clkbuf_4)
    10    0.04    0.09    0.22   22.72 v accumulator._2101_/X (sky130_fd_sc_hd__clkbuf_4)
                                         accumulator._0057_ (net)
                  0.09    0.00   22.72 v accumulator._2187_/S (sky130_fd_sc_hd__mux2_1)
     2    0.01    0.07    0.36   23.07 v accumulator._2187_/X (sky130_fd_sc_hd__mux2_1)
                                         accumulator._0141_ (net)
                  0.07    0.00   23.07 v accumulator._2188_/A1 (sky130_fd_sc_hd__mux2_1)
     2    0.00    0.06    0.32   23.39 v accumulator._2188_/X (sky130_fd_sc_hd__mux2_1)
                                         accumulator._0142_ (net)
                  0.06    0.00   23.39 v accumulator._2189_/A1 (sky130_fd_sc_hd__mux2_1)
     2    0.01    0.08    0.34   23.73 v accumulator._2189_/X (sky130_fd_sc_hd__mux2_1)
                                         accumulator._0143_ (net)
                  0.08    0.00   23.73 v accumulator._2254_/A2 (sky130_fd_sc_hd__o22a_1)
     1    0.01    0.06    0.23   23.96 v accumulator._2254_/X (sky130_fd_sc_hd__o22a_1)
                                         accumulator._0207_ (net)
                  0.06    0.00   23.96 v accumulator._2256_/B1 (sky130_fd_sc_hd__o221a_1)
     1    0.00    0.04    0.23   24.18 v accumulator._2256_/X (sky130_fd_sc_hd__o221a_1)
                                         accumulator._0021_ (net)
                  0.04    0.00   24.18 v accumulator._2376_/D (sky130_fd_sc_hd__dfxtp_1)
                                 24.18   data arrival time

                  0.15   25.00   25.00   clock clock (rise edge)
                          0.00   25.00   clock network delay (ideal)
                         -0.25   24.75   clock uncertainty
                          0.00   24.75   clock reconvergence pessimism
                                 24.75 ^ accumulator._2376_/CLK (sky130_fd_sc_hd__dfxtp_1)
                         -0.08   24.67   library setup time
                                 24.67   data required time
-----------------------------------------------------------------------------
                                 24.67   data required time
                                -24.18   data arrival time
-----------------------------------------------------------------------------
                                  0.48   slack (MET)


Startpoint: io_inScaleA[2] (input port clocked by clock)
Endpoint: accumulator._2362_ (rising edge-triggered flip-flop clocked by clock)
Path Group: clock
Path Type: max

Fanout     Cap    Slew   Delay    Time   Description
-----------------------------------------------------------------------------
                  0.15    0.00    0.00   clock clock (rise edge)
                          0.00    0.00   clock network delay (ideal)
                          5.00    5.00 ^ input external delay
     1    0.00    0.02    0.01    5.01 ^ io_inScaleA[2] (in)
                                         io_inScaleA[2] (net)
                  0.02    0.00    5.01 ^ input11/A (sky130_fd_sc_hd__clkbuf_2)
    10    0.03    0.14    0.17    5.19 ^ input11/X (sky130_fd_sc_hd__clkbuf_2)
                                         net11 (net)
                  0.14    0.00    5.19 ^ scaleAdd._279_/A1 (sky130_fd_sc_hd__a22o_1)
     3    0.01    0.08    0.19    5.38 ^ scaleAdd._279_/X (sky130_fd_sc_hd__a22o_1)
                                         scaleAdd._221_ (net)
                  0.08    0.00    5.38 ^ scaleAdd._285_/B_N (sky130_fd_sc_hd__or2b_1)
     1    0.00    0.06    0.25    5.63 v scaleAdd._285_/X (sky130_fd_sc_hd__or2b_1)
                                         scaleAdd._227_ (net)
                  0.06    0.00    5.63 v scaleAdd._286_/A (sky130_fd_sc_hd__xnor2_1)
     3    0.01    0.08    0.16    5.79 v scaleAdd._286_/Y (sky130_fd_sc_hd__xnor2_1)
                                         scaleAdd._228_ (net)
                  0.08    0.00    5.79 v scaleAdd._311_/B (sky130_fd_sc_hd__or2_1)
     1    0.00    0.05    0.22    6.02 v scaleAdd._311_/X (sky130_fd_sc_hd__or2_1)
                                         scaleAdd._018_ (net)
                  0.05    0.00    6.02 v scaleAdd._313_/A2 (sky130_fd_sc_hd__a21oi_1)
     2    0.01    0.19    0.21    6.23 ^ scaleAdd._313_/Y (sky130_fd_sc_hd__a21oi_1)
                                         scaleAdd._020_ (net)
                  0.19    0.00    6.23 ^ scaleAdd._314_/B (sky130_fd_sc_hd__xnor2_1)
     2    0.01    0.19    0.17    6.40 ^ scaleAdd._314_/Y (sky130_fd_sc_hd__xnor2_1)
                                         scaleAdd._021_ (net)
                  0.19    0.00    6.40 ^ scaleAdd._315_/S (sky130_fd_sc_hd__mux2_2)
     5    0.02    0.08    0.43    6.83 v scaleAdd._315_/X (sky130_fd_sc_hd__mux2_2)
                                         scaleAdd._022_ (net)
                  0.08    0.00    6.83 v scaleAdd._321_/A2 (sky130_fd_sc_hd__a21o_1)
     2    0.00    0.04    0.20    7.03 v scaleAdd._321_/X (sky130_fd_sc_hd__a21o_1)
                                         scaleAdd._028_ (net)
                  0.04    0.00    7.03 v scaleAdd._325_/A (sky130_fd_sc_hd__and3_1)
     3    0.01    0.05    0.16    7.19 v scaleAdd._325_/X (sky130_fd_sc_hd__and3_1)
                                         scaleAdd._032_ (net)
                  0.05    0.00    7.19 v scaleAdd._328_/A (sky130_fd_sc_hd__or3_1)
     3    0.01    0.08    0.41    7.60 v scaleAdd._328_/X (sky130_fd_sc_hd__or3_1)
                                         scaleAdd._035_ (net)
                  0.08    0.00    7.60 v scaleAdd._332_/A1 (sky130_fd_sc_hd__a21o_1)
     2    0.00    0.04    0.18    7.78 v scaleAdd._332_/X (sky130_fd_sc_hd__a21o_1)
                                         scaleAdd._039_ (net)
                  0.04    0.00    7.78 v scaleAdd._361_/A2 (sky130_fd_sc_hd__a21o_1)
     2    0.01    0.07    0.22    8.00 v scaleAdd._361_/X (sky130_fd_sc_hd__a21o_1)
                                         scaleAdd._067_ (net)
                  0.07    0.00    8.00 v scaleAdd._383_/A2 (sky130_fd_sc_hd__a21o_1)
     2    0.01    0.07    0.23    8.22 v scaleAdd._383_/X (sky130_fd_sc_hd__a21o_1)
                                         scaleAdd._088_ (net)
                  0.07    0.00    8.22 v scaleAdd._399_/A2 (sky130_fd_sc_hd__a21o_1)
     2    0.01    0.07    0.23    8.45 v scaleAdd._399_/X (sky130_fd_sc_hd__a21o_1)
                                         scaleAdd._103_ (net)
                  0.07    0.00    8.45 v scaleAdd._417_/A2 (sky130_fd_sc_hd__a21bo_1)
     2    0.01    0.07    0.24    8.70 v scaleAdd._417_/X (sky130_fd_sc_hd__a21bo_1)
                                         scaleAdd._120_ (net)
                  0.07    0.00    8.70 v scaleAdd._432_/A2 (sky130_fd_sc_hd__a21o_1)
     2    0.01    0.07    0.23    8.93 v scaleAdd._432_/X (sky130_fd_sc_hd__a21o_1)
                                         scaleAdd._134_ (net)
                  0.07    0.00    8.93 v scaleAdd._444_/A2 (sky130_fd_sc_hd__a21o_1)
     2    0.01    0.06    0.22    9.15 v scaleAdd._444_/X (sky130_fd_sc_hd__a21o_1)
                                         scaleAdd._145_ (net)
                  0.06    0.00    9.15 v scaleAdd._447_/A2 (sky130_fd_sc_hd__a21o_1)
     2    0.01    0.07    0.22    9.37 v scaleAdd._447_/X (sky130_fd_sc_hd__a21o_1)
                                         scaleAdd._147_ (net)
                  0.07    0.00    9.37 v scaleAdd._449_/B2 (sky130_fd_sc_hd__a2bb2o_1)
     4    0.01    0.08    0.31    9.68 v scaleAdd._449_/X (sky130_fd_sc_hd__a2bb2o_1)
                                         accumulator.io_inMant[15] (net)
                  0.08    0.00    9.68 v accumulator._1181_/A (sky130_fd_sc_hd__or4_1)
     1    0.00    0.08    0.54   10.22 v accumulator._1181_/X (sky130_fd_sc_hd__or4_1)
                                         accumulator._0045_ (net)
                  0.08    0.00   10.22 v accumulator._1182_/A (sky130_fd_sc_hd__buf_2)
    10    0.03    0.08    0.20   10.41 v accumulator._1182_/X (sky130_fd_sc_hd__buf_2)
                                         accumulator._0055_ (net)
                  0.08    0.00   10.41 v accumulator._1200_/A_N (sky130_fd_sc_hd__and2b_1)
     6    0.02    0.14    0.29   10.70 ^ accumulator._1200_/X (sky130_fd_sc_hd__and2b_1)
                                         accumulator._0232_ (net)
                  0.14    0.00   10.70 ^ accumulator._1201_/B1_N (sky130_fd_sc_hd__o21ba_1)
     5    0.02    0.09    0.23   10.93 v accumulator._1201_/X (sky130_fd_sc_hd__o21ba_1)
                                         accumulator._0241_ (net)
                  0.09    0.00   10.93 v accumulator._1202_/B (sky130_fd_sc_hd__and2_1)
     3    0.01    0.05    0.20   11.13 v accumulator._1202_/X (sky130_fd_sc_hd__and2_1)
                                         accumulator._0251_ (net)
                  0.05    0.00   11.13 v accumulator._1204_/A (sky130_fd_sc_hd__or2_1)
     3    0.01    0.08    0.27   11.40 v accumulator._1204_/X (sky130_fd_sc_hd__or2_1)
                                         accumulator._0271_ (net)
                  0.08    0.00   11.40 v accumulator._1205_/A (sky130_fd_sc_hd__inv_2)
     3    0.01    0.05    0.07   11.48 ^ accumulator._1205_/Y (sky130_fd_sc_hd__inv_2)
                                         accumulator._0281_ (net)
                  0.05    0.00   11.48 ^ accumulator._1218_/A2 (sky130_fd_sc_hd__a311o_1)
     4    0.01    0.14    0.23   11.71 ^ accumulator._1218_/X (sky130_fd_sc_hd__a311o_1)
                                         accumulator._0315_ (net)
                  0.14    0.00   11.71 ^ accumulator._1219_/C (sky130_fd_sc_hd__nand3_1)
     2    0.01    0.09    0.12   11.83 v accumulator._1219_/Y (sky130_fd_sc_hd__nand3_1)
                                         accumulator._0316_ (net)
                  0.09    0.00   11.83 v accumulator._1228_/A1 (sky130_fd_sc_hd__a211o_1)
     5    0.01    0.08    0.33   12.16 v accumulator._1228_/X (sky130_fd_sc_hd__a211o_1)
                                         accumulator._0325_ (net)
                  0.08    0.00   12.16 v accumulator._1242_/A1 (sky130_fd_sc_hd__o22a_1)
     3    0.01    0.06    0.25   12.41 v accumulator._1242_/X (sky130_fd_sc_hd__o22a_1)
                                         accumulator._0339_ (net)
                  0.06    0.00   12.41 v accumulator._1255_/C (sky130_fd_sc_hd__or3_2)
     5    0.02    0.12    0.50   12.91 v accumulator._1255_/X (sky130_fd_sc_hd__or3_2)
                                         accumulator._0352_ (net)
                  0.12    0.00   12.91 v accumulator._1257_/A2 (sky130_fd_sc_hd__a21o_2)
     2    0.02    0.07    0.30   13.21 v accumulator._1257_/X (sky130_fd_sc_hd__a21o_2)
                                         accumulator._0354_ (net)
                  0.07    0.00   13.21 v accumulator._1259_/A2 (sky130_fd_sc_hd__a21o_2)
     2    0.02    0.07    0.28   13.48 v accumulator._1259_/X (sky130_fd_sc_hd__a21o_2)
                                         accumulator._0356_ (net)
                  0.07    0.00   13.48 v accumulator._1264_/A1 (sky130_fd_sc_hd__a21o_1)
     2    0.01    0.07    0.21   13.69 v accumulator._1264_/X (sky130_fd_sc_hd__a21o_1)
                                         accumulator._0361_ (net)
                  0.07    0.00   13.69 v accumulator._1266_/A2 (sky130_fd_sc_hd__a21o_1)
     2    0.01    0.07    0.23   13.92 v accumulator._1266_/X (sky130_fd_sc_hd__a21o_1)
                                         accumulator._0363_ (net)
                  0.07    0.00   13.92 v accumulator._1272_/A1 (sky130_fd_sc_hd__a21o_1)
     2    0.02    0.09    0.23   14.15 v accumulator._1272_/X (sky130_fd_sc_hd__a21o_1)
                                         accumulator._0369_ (net)
                  0.09    0.00   14.15 v accumulator._1278_/A1 (sky130_fd_sc_hd__a21oi_4)
     4    0.04    0.31    0.32   14.47 ^ accumulator._1278_/Y (sky130_fd_sc_hd__a21oi_4)
                                         accumulator._0375_ (net)
                  0.31    0.00   14.47 ^ accumulator._1279_/B (sky130_fd_sc_hd__xnor2_4)
    10    0.05    0.37    0.25   14.72 ^ accumulator._1279_/Y (sky130_fd_sc_hd__xnor2_4)
                                         accumulator._0376_ (net)
                  0.37    0.00   14.72 ^ accumulator._1280_/A (sky130_fd_sc_hd__clkbuf_4)
    10    0.04    0.14    0.32   15.04 ^ accumulator._1280_/X (sky130_fd_sc_hd__clkbuf_4)
                                         accumulator._0377_ (net)
                  0.14    0.00   15.04 ^ accumulator._1413_/S (sky130_fd_sc_hd__mux2_1)
     2    0.01    0.09    0.40   15.44 v accumulator._1413_/X (sky130_fd_sc_hd__mux2_1)
                                         accumulator._0508_ (net)
                  0.09    0.00   15.44 v accumulator._1414_/A2 (sky130_fd_sc_hd__a21o_1)
     2    0.01    0.05    0.22   15.66 v accumulator._1414_/X (sky130_fd_sc_hd__a21o_1)
                                         accumulator._0509_ (net)
                  0.05    0.00   15.66 v accumulator._1415_/A2 (sky130_fd_sc_hd__a21o_1)
     2    0.01    0.05    0.20   15.86 v accumulator._1415_/X (sky130_fd_sc_hd__a21o_1)
                                         accumulator._0510_ (net)
                  0.05    0.00   15.86 v accumulator._1417_/A2 (sky130_fd_sc_hd__a21o_1)
     2    0.01    0.05    0.20   16.06 v accumulator._1417_/X (sky130_fd_sc_hd__a21o_1)
                                         accumulator._0512_ (net)
                  0.05    0.00   16.06 v accumulator._1432_/A3 (sky130_fd_sc_hd__a31o_1)
     3    0.01    0.07    0.26   16.32 v accumulator._1432_/X (sky130_fd_sc_hd__a31o_1)
                                         accumulator._0527_ (net)
                  0.07    0.00   16.32 v accumulator._1721_/B1 (sky130_fd_sc_hd__a32o_2)
     4    0.02    0.08    0.28   16.60 v accumulator._1721_/X (sky130_fd_sc_hd__a32o_2)
                                         accumulator._0816_ (net)
                  0.08    0.00   16.60 v accumulator._1736_/B1 (sky130_fd_sc_hd__a2111o_2)
     5    0.02    0.10    0.53   17.13 v accumulator._1736_/X (sky130_fd_sc_hd__a2111o_2)
                                         accumulator._0831_ (net)
                  0.10    0.00   17.13 v accumulator._1738_/A2 (sky130_fd_sc_hd__a21o_1)
     3    0.01    0.05    0.23   17.36 v accumulator._1738_/X (sky130_fd_sc_hd__a21o_1)
                                         accumulator._0833_ (net)
                  0.05    0.00   17.36 v accumulator._1744_/A1 (sky130_fd_sc_hd__a2111o_1)
     3    0.01    0.09    0.42   17.78 v accumulator._1744_/X (sky130_fd_sc_hd__a2111o_1)
                                         accumulator._0839_ (net)
                  0.09    0.00   17.78 v accumulator._1748_/A2 (sky130_fd_sc_hd__a2111o_1)
     2    0.00    0.07    0.45   18.24 v accumulator._1748_/X (sky130_fd_sc_hd__a2111o_1)
                                         accumulator._0843_ (net)
                  0.07    0.00   18.24 v accumulator._1751_/A2 (sky130_fd_sc_hd__a21o_1)
     2    0.01    0.05    0.21   18.44 v accumulator._1751_/X (sky130_fd_sc_hd__a21o_1)
                                         accumulator._0846_ (net)
                  0.05    0.00   18.44 v accumulator._1773_/A2 (sky130_fd_sc_hd__a21o_1)
     2    0.01    0.04    0.19   18.63 v accumulator._1773_/X (sky130_fd_sc_hd__a21o_1)
                                         accumulator._0868_ (net)
                  0.04    0.00   18.63 v accumulator._1798_/A2 (sky130_fd_sc_hd__a311o_1)
     2    0.01    0.08    0.35   18.98 v accumulator._1798_/X (sky130_fd_sc_hd__a311o_1)
                                         accumulator._0893_ (net)
                  0.08    0.00   18.98 v accumulator._1814_/A1 (sky130_fd_sc_hd__a21o_1)
     2    0.01    0.05    0.19   19.17 v accumulator._1814_/X (sky130_fd_sc_hd__a21o_1)
                                         accumulator._0909_ (net)
                  0.05    0.00   19.17 v accumulator._1825_/A2 (sky130_fd_sc_hd__a31oi_2)
     3    0.01    0.20    0.23   19.40 ^ accumulator._1825_/Y (sky130_fd_sc_hd__a31oi_2)
                                         accumulator._0920_ (net)
                  0.20    0.00   19.40 ^ accumulator._1926_/A2 (sky130_fd_sc_hd__a21o_1)
     3    0.01    0.09    0.20   19.60 ^ accumulator._1926_/X (sky130_fd_sc_hd__a21o_1)
                                         accumulator._1021_ (net)
                  0.09    0.00   19.60 ^ accumulator._2039_/S (sky130_fd_sc_hd__mux2_1)
     3    0.01    0.10    0.40   19.99 v accumulator._2039_/X (sky130_fd_sc_hd__mux2_1)
                                         accumulator._1134_ (net)
                  0.10    0.00   19.99 v accumulator._2059_/B2 (sky130_fd_sc_hd__a221oi_1)
     1    0.00    0.25    0.31   20.30 ^ accumulator._2059_/Y (sky130_fd_sc_hd__a221oi_1)
                                         accumulator._1155_ (net)
                  0.25    0.00   20.30 ^ accumulator._2060_/A2 (sky130_fd_sc_hd__o21ai_1)
     1    0.00    0.07    0.10   20.40 v accumulator._2060_/Y (sky130_fd_sc_hd__o21ai_1)
                                         accumulator._1156_ (net)
                  0.07    0.00   20.40 v accumulator._2061_/A2 (sky130_fd_sc_hd__a21o_1)
     1    0.00    0.03    0.19   20.59 v accumulator._2061_/X (sky130_fd_sc_hd__a21o_1)
                                         accumulator._1157_ (net)
                  0.03    0.00   20.59 v accumulator._2062_/A2 (sky130_fd_sc_hd__a21o_1)
     1    0.00    0.03    0.17   20.76 v accumulator._2062_/X (sky130_fd_sc_hd__a21o_1)
                                         accumulator._1158_ (net)
                  0.03    0.00   20.76 v accumulator._2063_/A2 (sky130_fd_sc_hd__a21o_1)
     1    0.00    0.03    0.17   20.93 v accumulator._2063_/X (sky130_fd_sc_hd__a21o_1)
                                         accumulator._1159_ (net)
                  0.03    0.00   20.93 v accumulator._2064_/A2 (sky130_fd_sc_hd__a21o_1)
     1    0.00    0.04    0.18   21.11 v accumulator._2064_/X (sky130_fd_sc_hd__a21o_1)
                                         accumulator._1160_ (net)
                  0.04    0.00   21.11 v accumulator._2065_/A2 (sky130_fd_sc_hd__a21oi_1)
     1    0.00    0.12    0.14   21.26 ^ accumulator._2065_/Y (sky130_fd_sc_hd__a21oi_1)
                                         accumulator._1161_ (net)
                  0.12    0.00   21.26 ^ accumulator._2067_/A2 (sky130_fd_sc_hd__o21ai_1)
     1    0.00    0.06    0.07   21.33 v accumulator._2067_/Y (sky130_fd_sc_hd__o21ai_1)
                                         accumulator._1163_ (net)
                  0.06    0.00   21.33 v accumulator._2068_/A2 (sky130_fd_sc_hd__a21o_1)
     1    0.00    0.03    0.18   21.51 v accumulator._2068_/X (sky130_fd_sc_hd__a21o_1)
                                         accumulator._1164_ (net)
                  0.03    0.00   21.51 v accumulator._2069_/A2 (sky130_fd_sc_hd__a21o_1)
     1    0.00    0.04    0.18   21.69 v accumulator._2069_/X (sky130_fd_sc_hd__a21o_1)
                                         accumulator._1165_ (net)
                  0.04    0.00   21.69 v accumulator._2070_/A2 (sky130_fd_sc_hd__a211o_1)
     1    0.00    0.04    0.29   21.98 v accumulator._2070_/X (sky130_fd_sc_hd__a211o_1)
                                         accumulator._1167_ (net)
                  0.04    0.00   21.98 v accumulator._2073_/B1 (sky130_fd_sc_hd__a2bb2o_1)
     2    0.01    0.06    0.30   22.29 v accumulator._2073_/X (sky130_fd_sc_hd__a2bb2o_1)
                                         accumulator._1170_ (net)
                  0.06    0.00   22.29 v accumulator._2074_/A (sky130_fd_sc_hd__clkbuf_4)
    10    0.04    0.09    0.21   22.49 v accumulator._2074_/X (sky130_fd_sc_hd__clkbuf_4)
                                         accumulator._1171_ (net)
                  0.09    0.00   22.49 v accumulator._2098_/S (sky130_fd_sc_hd__mux2_1)
     2    0.01    0.08    0.37   22.86 v accumulator._2098_/X (sky130_fd_sc_hd__mux2_1)
                                         accumulator._0053_ (net)
                  0.08    0.00   22.86 v accumulator._2100_/A0 (sky130_fd_sc_hd__mux2_1)
     2    0.00    0.06    0.31   23.17 v accumulator._2100_/X (sky130_fd_sc_hd__mux2_1)
                                         accumulator._0056_ (net)
                  0.06    0.00   23.17 v accumulator._2140_/A0 (sky130_fd_sc_hd__mux2_1)
     2    0.01    0.08    0.34   23.51 v accumulator._2140_/X (sky130_fd_sc_hd__mux2_1)
                                         accumulator._0096_ (net)
                  0.08    0.00   23.51 v accumulator._2142_/A0 (sky130_fd_sc_hd__mux2_1)
     2    0.01    0.07    0.33   23.84 v accumulator._2142_/X (sky130_fd_sc_hd__mux2_1)
                                         accumulator._0098_ (net)
                  0.07    0.00   23.84 v accumulator._2143_/B2 (sky130_fd_sc_hd__o2bb2a_1)
     1    0.00    0.05    0.29   24.13 v accumulator._2143_/X (sky130_fd_sc_hd__o2bb2a_1)
                                         accumulator._0099_ (net)
                  0.05    0.00   24.13 v accumulator._2144_/B (sky130_fd_sc_hd__nor2_1)
     1    0.00    0.07    0.08   24.21 ^ accumulator._2144_/Y (sky130_fd_sc_hd__nor2_1)
                                         accumulator._0007_ (net)
                  0.07    0.00   24.21 ^ accumulator._2362_/D (sky130_fd_sc_hd__dfxtp_1)
                                 24.21   data arrival time

                  0.15   25.00   25.00   clock clock (rise edge)
                          0.00   25.00   clock network delay (ideal)
                         -0.25   24.75   clock uncertainty
                          0.00   24.75   clock reconvergence pessimism
                                 24.75 ^ accumulator._2362_/CLK (sky130_fd_sc_hd__dfxtp_1)
                         -0.04   24.71   library setup time
                                 24.71   data required time
-----------------------------------------------------------------------------
                                 24.71   data required time
                                -24.21   data arrival time
-----------------------------------------------------------------------------
                                  0.50   slack (MET)


Startpoint: io_inScaleA[2] (input port clocked by clock)
Endpoint: accumulator._2377_ (rising edge-triggered flip-flop clocked by clock)
Path Group: clock
Path Type: max

Fanout     Cap    Slew   Delay    Time   Description
-----------------------------------------------------------------------------
                  0.15    0.00    0.00   clock clock (rise edge)
                          0.00    0.00   clock network delay (ideal)
                          5.00    5.00 ^ input external delay
     1    0.00    0.02    0.01    5.01 ^ io_inScaleA[2] (in)
                                         io_inScaleA[2] (net)
                  0.02    0.00    5.01 ^ input11/A (sky130_fd_sc_hd__clkbuf_2)
    10    0.03    0.14    0.17    5.19 ^ input11/X (sky130_fd_sc_hd__clkbuf_2)
                                         net11 (net)
                  0.14    0.00    5.19 ^ scaleAdd._279_/A1 (sky130_fd_sc_hd__a22o_1)
     3    0.01    0.08    0.19    5.38 ^ scaleAdd._279_/X (sky130_fd_sc_hd__a22o_1)
                                         scaleAdd._221_ (net)
                  0.08    0.00    5.38 ^ scaleAdd._285_/B_N (sky130_fd_sc_hd__or2b_1)
     1    0.00    0.06    0.25    5.63 v scaleAdd._285_/X (sky130_fd_sc_hd__or2b_1)
                                         scaleAdd._227_ (net)
                  0.06    0.00    5.63 v scaleAdd._286_/A (sky130_fd_sc_hd__xnor2_1)
     3    0.01    0.08    0.16    5.79 v scaleAdd._286_/Y (sky130_fd_sc_hd__xnor2_1)
                                         scaleAdd._228_ (net)
                  0.08    0.00    5.79 v scaleAdd._311_/B (sky130_fd_sc_hd__or2_1)
     1    0.00    0.05    0.22    6.02 v scaleAdd._311_/X (sky130_fd_sc_hd__or2_1)
                                         scaleAdd._018_ (net)
                  0.05    0.00    6.02 v scaleAdd._313_/A2 (sky130_fd_sc_hd__a21oi_1)
     2    0.01    0.19    0.21    6.23 ^ scaleAdd._313_/Y (sky130_fd_sc_hd__a21oi_1)
                                         scaleAdd._020_ (net)
                  0.19    0.00    6.23 ^ scaleAdd._314_/B (sky130_fd_sc_hd__xnor2_1)
     2    0.01    0.19    0.17    6.40 ^ scaleAdd._314_/Y (sky130_fd_sc_hd__xnor2_1)
                                         scaleAdd._021_ (net)
                  0.19    0.00    6.40 ^ scaleAdd._315_/S (sky130_fd_sc_hd__mux2_2)
     5    0.02    0.08    0.43    6.83 v scaleAdd._315_/X (sky130_fd_sc_hd__mux2_2)
                                         scaleAdd._022_ (net)
                  0.08    0.00    6.83 v scaleAdd._321_/A2 (sky130_fd_sc_hd__a21o_1)
     2    0.00    0.04    0.20    7.03 v scaleAdd._321_/X (sky130_fd_sc_hd__a21o_1)
                                         scaleAdd._028_ (net)
                  0.04    0.00    7.03 v scaleAdd._325_/A (sky130_fd_sc_hd__and3_1)
     3    0.01    0.05    0.16    7.19 v scaleAdd._325_/X (sky130_fd_sc_hd__and3_1)
                                         scaleAdd._032_ (net)
                  0.05    0.00    7.19 v scaleAdd._328_/A (sky130_fd_sc_hd__or3_1)
     3    0.01    0.08    0.41    7.60 v scaleAdd._328_/X (sky130_fd_sc_hd__or3_1)
                                         scaleAdd._035_ (net)
                  0.08    0.00    7.60 v scaleAdd._332_/A1 (sky130_fd_sc_hd__a21o_1)
     2    0.00    0.04    0.18    7.78 v scaleAdd._332_/X (sky130_fd_sc_hd__a21o_1)
                                         scaleAdd._039_ (net)
                  0.04    0.00    7.78 v scaleAdd._361_/A2 (sky130_fd_sc_hd__a21o_1)
     2    0.01    0.07    0.22    8.00 v scaleAdd._361_/X (sky130_fd_sc_hd__a21o_1)
                                         scaleAdd._067_ (net)
                  0.07    0.00    8.00 v scaleAdd._383_/A2 (sky130_fd_sc_hd__a21o_1)
     2    0.01    0.07    0.23    8.22 v scaleAdd._383_/X (sky130_fd_sc_hd__a21o_1)
                                         scaleAdd._088_ (net)
                  0.07    0.00    8.22 v scaleAdd._399_/A2 (sky130_fd_sc_hd__a21o_1)
     2    0.01    0.07    0.23    8.45 v scaleAdd._399_/X (sky130_fd_sc_hd__a21o_1)
                                         scaleAdd._103_ (net)
                  0.07    0.00    8.45 v scaleAdd._417_/A2 (sky130_fd_sc_hd__a21bo_1)
     2    0.01    0.07    0.24    8.70 v scaleAdd._417_/X (sky130_fd_sc_hd__a21bo_1)
                                         scaleAdd._120_ (net)
                  0.07    0.00    8.70 v scaleAdd._432_/A2 (sky130_fd_sc_hd__a21o_1)
     2    0.01    0.07    0.23    8.93 v scaleAdd._432_/X (sky130_fd_sc_hd__a21o_1)
                                         scaleAdd._134_ (net)
                  0.07    0.00    8.93 v scaleAdd._444_/A2 (sky130_fd_sc_hd__a21o_1)
     2    0.01    0.06    0.22    9.15 v scaleAdd._444_/X (sky130_fd_sc_hd__a21o_1)
                                         scaleAdd._145_ (net)
                  0.06    0.00    9.15 v scaleAdd._447_/A2 (sky130_fd_sc_hd__a21o_1)
     2    0.01    0.07    0.22    9.37 v scaleAdd._447_/X (sky130_fd_sc_hd__a21o_1)
                                         scaleAdd._147_ (net)
                  0.07    0.00    9.37 v scaleAdd._449_/B2 (sky130_fd_sc_hd__a2bb2o_1)
     4    0.01    0.08    0.31    9.68 v scaleAdd._449_/X (sky130_fd_sc_hd__a2bb2o_1)
                                         accumulator.io_inMant[15] (net)
                  0.08    0.00    9.68 v accumulator._1181_/A (sky130_fd_sc_hd__or4_1)
     1    0.00    0.08    0.54   10.22 v accumulator._1181_/X (sky130_fd_sc_hd__or4_1)
                                         accumulator._0045_ (net)
                  0.08    0.00   10.22 v accumulator._1182_/A (sky130_fd_sc_hd__buf_2)
    10    0.03    0.08    0.20   10.41 v accumulator._1182_/X (sky130_fd_sc_hd__buf_2)
                                         accumulator._0055_ (net)
                  0.08    0.00   10.41 v accumulator._1200_/A_N (sky130_fd_sc_hd__and2b_1)
     6    0.02    0.14    0.29   10.70 ^ accumulator._1200_/X (sky130_fd_sc_hd__and2b_1)
                                         accumulator._0232_ (net)
                  0.14    0.00   10.70 ^ accumulator._1201_/B1_N (sky130_fd_sc_hd__o21ba_1)
     5    0.02    0.09    0.23   10.93 v accumulator._1201_/X (sky130_fd_sc_hd__o21ba_1)
                                         accumulator._0241_ (net)
                  0.09    0.00   10.93 v accumulator._1202_/B (sky130_fd_sc_hd__and2_1)
     3    0.01    0.05    0.20   11.13 v accumulator._1202_/X (sky130_fd_sc_hd__and2_1)
                                         accumulator._0251_ (net)
                  0.05    0.00   11.13 v accumulator._1204_/A (sky130_fd_sc_hd__or2_1)
     3    0.01    0.08    0.27   11.40 v accumulator._1204_/X (sky130_fd_sc_hd__or2_1)
                                         accumulator._0271_ (net)
                  0.08    0.00   11.40 v accumulator._1205_/A (sky130_fd_sc_hd__inv_2)
     3    0.01    0.05    0.07   11.48 ^ accumulator._1205_/Y (sky130_fd_sc_hd__inv_2)
                                         accumulator._0281_ (net)
                  0.05    0.00   11.48 ^ accumulator._1218_/A2 (sky130_fd_sc_hd__a311o_1)
     4    0.01    0.14    0.23   11.71 ^ accumulator._1218_/X (sky130_fd_sc_hd__a311o_1)
                                         accumulator._0315_ (net)
                  0.14    0.00   11.71 ^ accumulator._1219_/C (sky130_fd_sc_hd__nand3_1)
     2    0.01    0.09    0.12   11.83 v accumulator._1219_/Y (sky130_fd_sc_hd__nand3_1)
                                         accumulator._0316_ (net)
                  0.09    0.00   11.83 v accumulator._1228_/A1 (sky130_fd_sc_hd__a211o_1)
     5    0.01    0.08    0.33   12.16 v accumulator._1228_/X (sky130_fd_sc_hd__a211o_1)
                                         accumulator._0325_ (net)
                  0.08    0.00   12.16 v accumulator._1242_/A1 (sky130_fd_sc_hd__o22a_1)
     3    0.01    0.06    0.25   12.41 v accumulator._1242_/X (sky130_fd_sc_hd__o22a_1)
                                         accumulator._0339_ (net)
                  0.06    0.00   12.41 v accumulator._1255_/C (sky130_fd_sc_hd__or3_2)
     5    0.02    0.12    0.50   12.91 v accumulator._1255_/X (sky130_fd_sc_hd__or3_2)
                                         accumulator._0352_ (net)
                  0.12    0.00   12.91 v accumulator._1257_/A2 (sky130_fd_sc_hd__a21o_2)
     2    0.02    0.07    0.30   13.21 v accumulator._1257_/X (sky130_fd_sc_hd__a21o_2)
                                         accumulator._0354_ (net)
                  0.07    0.00   13.21 v accumulator._1259_/A2 (sky130_fd_sc_hd__a21o_2)
     2    0.02    0.07    0.28   13.48 v accumulator._1259_/X (sky130_fd_sc_hd__a21o_2)
                                         accumulator._0356_ (net)
                  0.07    0.00   13.48 v accumulator._1264_/A1 (sky130_fd_sc_hd__a21o_1)
     2    0.01    0.07    0.21   13.69 v accumulator._1264_/X (sky130_fd_sc_hd__a21o_1)
                                         accumulator._0361_ (net)
                  0.07    0.00   13.69 v accumulator._1266_/A2 (sky130_fd_sc_hd__a21o_1)
     2    0.01    0.07    0.23   13.92 v accumulator._1266_/X (sky130_fd_sc_hd__a21o_1)
                                         accumulator._0363_ (net)
                  0.07    0.00   13.92 v accumulator._1272_/A1 (sky130_fd_sc_hd__a21o_1)
     2    0.02    0.09    0.23   14.15 v accumulator._1272_/X (sky130_fd_sc_hd__a21o_1)
                                         accumulator._0369_ (net)
                  0.09    0.00   14.15 v accumulator._1278_/A1 (sky130_fd_sc_hd__a21oi_4)
     4    0.04    0.31    0.32   14.47 ^ accumulator._1278_/Y (sky130_fd_sc_hd__a21oi_4)
                                         accumulator._0375_ (net)
                  0.31    0.00   14.47 ^ accumulator._1279_/B (sky130_fd_sc_hd__xnor2_4)
    10    0.05    0.37    0.25   14.72 ^ accumulator._1279_/Y (sky130_fd_sc_hd__xnor2_4)
                                         accumulator._0376_ (net)
                  0.37    0.00   14.72 ^ accumulator._1280_/A (sky130_fd_sc_hd__clkbuf_4)
    10    0.04    0.14    0.32   15.04 ^ accumulator._1280_/X (sky130_fd_sc_hd__clkbuf_4)
                                         accumulator._0377_ (net)
                  0.14    0.00   15.04 ^ accumulator._1413_/S (sky130_fd_sc_hd__mux2_1)
     2    0.01    0.09    0.40   15.44 v accumulator._1413_/X (sky130_fd_sc_hd__mux2_1)
                                         accumulator._0508_ (net)
                  0.09    0.00   15.44 v accumulator._1414_/A2 (sky130_fd_sc_hd__a21o_1)
     2    0.01    0.05    0.22   15.66 v accumulator._1414_/X (sky130_fd_sc_hd__a21o_1)
                                         accumulator._0509_ (net)
                  0.05    0.00   15.66 v accumulator._1415_/A2 (sky130_fd_sc_hd__a21o_1)
     2    0.01    0.05    0.20   15.86 v accumulator._1415_/X (sky130_fd_sc_hd__a21o_1)
                                         accumulator._0510_ (net)
                  0.05    0.00   15.86 v accumulator._1417_/A2 (sky130_fd_sc_hd__a21o_1)
     2    0.01    0.05    0.20   16.06 v accumulator._1417_/X (sky130_fd_sc_hd__a21o_1)
                                         accumulator._0512_ (net)
                  0.05    0.00   16.06 v accumulator._1432_/A3 (sky130_fd_sc_hd__a31o_1)
     3    0.01    0.07    0.26   16.32 v accumulator._1432_/X (sky130_fd_sc_hd__a31o_1)
                                         accumulator._0527_ (net)
                  0.07    0.00   16.32 v accumulator._1721_/B1 (sky130_fd_sc_hd__a32o_2)
     4    0.02    0.08    0.28   16.60 v accumulator._1721_/X (sky130_fd_sc_hd__a32o_2)
                                         accumulator._0816_ (net)
                  0.08    0.00   16.60 v accumulator._1736_/B1 (sky130_fd_sc_hd__a2111o_2)
     5    0.02    0.10    0.53   17.13 v accumulator._1736_/X (sky130_fd_sc_hd__a2111o_2)
                                         accumulator._0831_ (net)
                  0.10    0.00   17.13 v accumulator._1738_/A2 (sky130_fd_sc_hd__a21o_1)
     3    0.01    0.05    0.23   17.36 v accumulator._1738_/X (sky130_fd_sc_hd__a21o_1)
                                         accumulator._0833_ (net)
                  0.05    0.00   17.36 v accumulator._1744_/A1 (sky130_fd_sc_hd__a2111o_1)
     3    0.01    0.09    0.42   17.78 v accumulator._1744_/X (sky130_fd_sc_hd__a2111o_1)
                                         accumulator._0839_ (net)
                  0.09    0.00   17.78 v accumulator._1748_/A2 (sky130_fd_sc_hd__a2111o_1)
     2    0.00    0.07    0.45   18.24 v accumulator._1748_/X (sky130_fd_sc_hd__a2111o_1)
                                         accumulator._0843_ (net)
                  0.07    0.00   18.24 v accumulator._1751_/A2 (sky130_fd_sc_hd__a21o_1)
     2    0.01    0.05    0.21   18.44 v accumulator._1751_/X (sky130_fd_sc_hd__a21o_1)
                                         accumulator._0846_ (net)
                  0.05    0.00   18.44 v accumulator._1773_/A2 (sky130_fd_sc_hd__a21o_1)
     2    0.01    0.04    0.19   18.63 v accumulator._1773_/X (sky130_fd_sc_hd__a21o_1)
                                         accumulator._0868_ (net)
                  0.04    0.00   18.63 v accumulator._1798_/A2 (sky130_fd_sc_hd__a311o_1)
     2    0.01    0.08    0.35   18.98 v accumulator._1798_/X (sky130_fd_sc_hd__a311o_1)
                                         accumulator._0893_ (net)
                  0.08    0.00   18.98 v accumulator._1814_/A1 (sky130_fd_sc_hd__a21o_1)
     2    0.01    0.05    0.19   19.17 v accumulator._1814_/X (sky130_fd_sc_hd__a21o_1)
                                         accumulator._0909_ (net)
                  0.05    0.00   19.17 v accumulator._1825_/A2 (sky130_fd_sc_hd__a31oi_2)
     3    0.01    0.20    0.23   19.40 ^ accumulator._1825_/Y (sky130_fd_sc_hd__a31oi_2)
                                         accumulator._0920_ (net)
                  0.20    0.00   19.40 ^ accumulator._1926_/A2 (sky130_fd_sc_hd__a21o_1)
     3    0.01    0.09    0.20   19.60 ^ accumulator._1926_/X (sky130_fd_sc_hd__a21o_1)
                                         accumulator._1021_ (net)
                  0.09    0.00   19.60 ^ accumulator._2039_/S (sky130_fd_sc_hd__mux2_1)
     3    0.01    0.10    0.40   19.99 v accumulator._2039_/X (sky130_fd_sc_hd__mux2_1)
                                         accumulator._1134_ (net)
                  0.10    0.00   19.99 v accumulator._2059_/B2 (sky130_fd_sc_hd__a221oi_1)
     1    0.00    0.25    0.31   20.30 ^ accumulator._2059_/Y (sky130_fd_sc_hd__a221oi_1)
                                         accumulator._1155_ (net)
                  0.25    0.00   20.30 ^ accumulator._2060_/A2 (sky130_fd_sc_hd__o21ai_1)
     1    0.00    0.07    0.10   20.40 v accumulator._2060_/Y (sky130_fd_sc_hd__o21ai_1)
                                         accumulator._1156_ (net)
                  0.07    0.00   20.40 v accumulator._2061_/A2 (sky130_fd_sc_hd__a21o_1)
     1    0.00    0.03    0.19   20.59 v accumulator._2061_/X (sky130_fd_sc_hd__a21o_1)
                                         accumulator._1157_ (net)
                  0.03    0.00   20.59 v accumulator._2062_/A2 (sky130_fd_sc_hd__a21o_1)
     1    0.00    0.03    0.17   20.76 v accumulator._2062_/X (sky130_fd_sc_hd__a21o_1)
                                         accumulator._1158_ (net)
                  0.03    0.00   20.76 v accumulator._2063_/A2 (sky130_fd_sc_hd__a21o_1)
     1    0.00    0.03    0.17   20.93 v accumulator._2063_/X (sky130_fd_sc_hd__a21o_1)
                                         accumulator._1159_ (net)
                  0.03    0.00   20.93 v accumulator._2064_/A2 (sky130_fd_sc_hd__a21o_1)
     1    0.00    0.04    0.18   21.11 v accumulator._2064_/X (sky130_fd_sc_hd__a21o_1)
                                         accumulator._1160_ (net)
                  0.04    0.00   21.11 v accumulator._2065_/A2 (sky130_fd_sc_hd__a21oi_1)
     1    0.00    0.12    0.14   21.26 ^ accumulator._2065_/Y (sky130_fd_sc_hd__a21oi_1)
                                         accumulator._1161_ (net)
                  0.12    0.00   21.26 ^ accumulator._2067_/A2 (sky130_fd_sc_hd__o21ai_1)
     1    0.00    0.06    0.07   21.33 v accumulator._2067_/Y (sky130_fd_sc_hd__o21ai_1)
                                         accumulator._1163_ (net)
                  0.06    0.00   21.33 v accumulator._2068_/A2 (sky130_fd_sc_hd__a21o_1)
     1    0.00    0.03    0.18   21.51 v accumulator._2068_/X (sky130_fd_sc_hd__a21o_1)
                                         accumulator._1164_ (net)
                  0.03    0.00   21.51 v accumulator._2069_/A2 (sky130_fd_sc_hd__a21o_1)
     1    0.00    0.04    0.18   21.69 v accumulator._2069_/X (sky130_fd_sc_hd__a21o_1)
                                         accumulator._1165_ (net)
                  0.04    0.00   21.69 v accumulator._2070_/A2 (sky130_fd_sc_hd__a211o_1)
     1    0.00    0.04    0.29   21.98 v accumulator._2070_/X (sky130_fd_sc_hd__a211o_1)
                                         accumulator._1167_ (net)
                  0.04    0.00   21.98 v accumulator._2073_/B1 (sky130_fd_sc_hd__a2bb2o_1)
     2    0.01    0.06    0.30   22.29 v accumulator._2073_/X (sky130_fd_sc_hd__a2bb2o_1)
                                         accumulator._1170_ (net)
                  0.06    0.00   22.29 v accumulator._2074_/A (sky130_fd_sc_hd__clkbuf_4)
    10    0.04    0.09    0.21   22.49 v accumulator._2074_/X (sky130_fd_sc_hd__clkbuf_4)
                                         accumulator._1171_ (net)
                  0.09    0.00   22.49 v accumulator._2077_/S (sky130_fd_sc_hd__mux2_1)
     2    0.00    0.06    0.35   22.84 v accumulator._2077_/X (sky130_fd_sc_hd__mux2_1)
                                         accumulator._1174_ (net)
                  0.06    0.00   22.84 v accumulator._2088_/A1 (sky130_fd_sc_hd__mux2_1)
     2    0.01    0.07    0.33   23.18 v accumulator._2088_/X (sky130_fd_sc_hd__mux2_1)
                                         accumulator._0043_ (net)
                  0.07    0.00   23.18 v accumulator._2132_/A0 (sky130_fd_sc_hd__mux2_1)
     2    0.00    0.07    0.32   23.49 v accumulator._2132_/X (sky130_fd_sc_hd__mux2_1)
                                         accumulator._0088_ (net)
                  0.07    0.00   23.49 v accumulator._2134_/A0 (sky130_fd_sc_hd__mux2_1)
     2    0.01    0.08    0.34   23.83 v accumulator._2134_/X (sky130_fd_sc_hd__mux2_1)
                                         accumulator._0090_ (net)
                  0.08    0.00   23.83 v accumulator._2257_/A_N (sky130_fd_sc_hd__and2b_1)
     1    0.00    0.04    0.21   24.04 ^ accumulator._2257_/X (sky130_fd_sc_hd__and2b_1)
                                         accumulator._0209_ (net)
                  0.04    0.00   24.04 ^ accumulator._2265_/B1 (sky130_fd_sc_hd__o221a_1)
     1    0.00    0.05    0.17   24.21 ^ accumulator._2265_/X (sky130_fd_sc_hd__o221a_1)
                                         accumulator._0022_ (net)
                  0.05    0.00   24.21 ^ accumulator._2377_/D (sky130_fd_sc_hd__dfxtp_1)
                                 24.21   data arrival time

                  0.15   25.00   25.00   clock clock (rise edge)
                          0.00   25.00   clock network delay (ideal)
                         -0.25   24.75   clock uncertainty
                          0.00   24.75   clock reconvergence pessimism
                                 24.75 ^ accumulator._2377_/CLK (sky130_fd_sc_hd__dfxtp_1)
                         -0.04   24.71   library setup time
                                 24.71   data required time
-----------------------------------------------------------------------------
                                 24.71   data required time
                                -24.21   data arrival time
-----------------------------------------------------------------------------
                                  0.50   slack (MET)


Startpoint: io_inScaleA[2] (input port clocked by clock)
Endpoint: accumulator._2363_ (rising edge-triggered flip-flop clocked by clock)
Path Group: clock
Path Type: max

Fanout     Cap    Slew   Delay    Time   Description
-----------------------------------------------------------------------------
                  0.15    0.00    0.00   clock clock (rise edge)
                          0.00    0.00   clock network delay (ideal)
                          5.00    5.00 ^ input external delay
     1    0.00    0.02    0.01    5.01 ^ io_inScaleA[2] (in)
                                         io_inScaleA[2] (net)
                  0.02    0.00    5.01 ^ input11/A (sky130_fd_sc_hd__clkbuf_2)
    10    0.03    0.14    0.17    5.19 ^ input11/X (sky130_fd_sc_hd__clkbuf_2)
                                         net11 (net)
                  0.14    0.00    5.19 ^ scaleAdd._279_/A1 (sky130_fd_sc_hd__a22o_1)
     3    0.01    0.08    0.19    5.38 ^ scaleAdd._279_/X (sky130_fd_sc_hd__a22o_1)
                                         scaleAdd._221_ (net)
                  0.08    0.00    5.38 ^ scaleAdd._285_/B_N (sky130_fd_sc_hd__or2b_1)
     1    0.00    0.06    0.25    5.63 v scaleAdd._285_/X (sky130_fd_sc_hd__or2b_1)
                                         scaleAdd._227_ (net)
                  0.06    0.00    5.63 v scaleAdd._286_/A (sky130_fd_sc_hd__xnor2_1)
     3    0.01    0.08    0.16    5.79 v scaleAdd._286_/Y (sky130_fd_sc_hd__xnor2_1)
                                         scaleAdd._228_ (net)
                  0.08    0.00    5.79 v scaleAdd._311_/B (sky130_fd_sc_hd__or2_1)
     1    0.00    0.05    0.22    6.02 v scaleAdd._311_/X (sky130_fd_sc_hd__or2_1)
                                         scaleAdd._018_ (net)
                  0.05    0.00    6.02 v scaleAdd._313_/A2 (sky130_fd_sc_hd__a21oi_1)
     2    0.01    0.19    0.21    6.23 ^ scaleAdd._313_/Y (sky130_fd_sc_hd__a21oi_1)
                                         scaleAdd._020_ (net)
                  0.19    0.00    6.23 ^ scaleAdd._314_/B (sky130_fd_sc_hd__xnor2_1)
     2    0.01    0.19    0.17    6.40 ^ scaleAdd._314_/Y (sky130_fd_sc_hd__xnor2_1)
                                         scaleAdd._021_ (net)
                  0.19    0.00    6.40 ^ scaleAdd._315_/S (sky130_fd_sc_hd__mux2_2)
     5    0.02    0.08    0.43    6.83 v scaleAdd._315_/X (sky130_fd_sc_hd__mux2_2)
                                         scaleAdd._022_ (net)
                  0.08    0.00    6.83 v scaleAdd._321_/A2 (sky130_fd_sc_hd__a21o_1)
     2    0.00    0.04    0.20    7.03 v scaleAdd._321_/X (sky130_fd_sc_hd__a21o_1)
                                         scaleAdd._028_ (net)
                  0.04    0.00    7.03 v scaleAdd._325_/A (sky130_fd_sc_hd__and3_1)
     3    0.01    0.05    0.16    7.19 v scaleAdd._325_/X (sky130_fd_sc_hd__and3_1)
                                         scaleAdd._032_ (net)
                  0.05    0.00    7.19 v scaleAdd._328_/A (sky130_fd_sc_hd__or3_1)
     3    0.01    0.08    0.41    7.60 v scaleAdd._328_/X (sky130_fd_sc_hd__or3_1)
                                         scaleAdd._035_ (net)
                  0.08    0.00    7.60 v scaleAdd._332_/A1 (sky130_fd_sc_hd__a21o_1)
     2    0.00    0.04    0.18    7.78 v scaleAdd._332_/X (sky130_fd_sc_hd__a21o_1)
                                         scaleAdd._039_ (net)
                  0.04    0.00    7.78 v scaleAdd._361_/A2 (sky130_fd_sc_hd__a21o_1)
     2    0.01    0.07    0.22    8.00 v scaleAdd._361_/X (sky130_fd_sc_hd__a21o_1)
                                         scaleAdd._067_ (net)
                  0.07    0.00    8.00 v scaleAdd._383_/A2 (sky130_fd_sc_hd__a21o_1)
     2    0.01    0.07    0.23    8.22 v scaleAdd._383_/X (sky130_fd_sc_hd__a21o_1)
                                         scaleAdd._088_ (net)
                  0.07    0.00    8.22 v scaleAdd._399_/A2 (sky130_fd_sc_hd__a21o_1)
     2    0.01    0.07    0.23    8.45 v scaleAdd._399_/X (sky130_fd_sc_hd__a21o_1)
                                         scaleAdd._103_ (net)
                  0.07    0.00    8.45 v scaleAdd._417_/A2 (sky130_fd_sc_hd__a21bo_1)
     2    0.01    0.07    0.24    8.70 v scaleAdd._417_/X (sky130_fd_sc_hd__a21bo_1)
                                         scaleAdd._120_ (net)
                  0.07    0.00    8.70 v scaleAdd._432_/A2 (sky130_fd_sc_hd__a21o_1)
     2    0.01    0.07    0.23    8.93 v scaleAdd._432_/X (sky130_fd_sc_hd__a21o_1)
                                         scaleAdd._134_ (net)
                  0.07    0.00    8.93 v scaleAdd._444_/A2 (sky130_fd_sc_hd__a21o_1)
     2    0.01    0.06    0.22    9.15 v scaleAdd._444_/X (sky130_fd_sc_hd__a21o_1)
                                         scaleAdd._145_ (net)
                  0.06    0.00    9.15 v scaleAdd._447_/A2 (sky130_fd_sc_hd__a21o_1)
     2    0.01    0.07    0.22    9.37 v scaleAdd._447_/X (sky130_fd_sc_hd__a21o_1)
                                         scaleAdd._147_ (net)
                  0.07    0.00    9.37 v scaleAdd._449_/B2 (sky130_fd_sc_hd__a2bb2o_1)
     4    0.01    0.08    0.31    9.68 v scaleAdd._449_/X (sky130_fd_sc_hd__a2bb2o_1)
                                         accumulator.io_inMant[15] (net)
                  0.08    0.00    9.68 v accumulator._1181_/A (sky130_fd_sc_hd__or4_1)
     1    0.00    0.08    0.54   10.22 v accumulator._1181_/X (sky130_fd_sc_hd__or4_1)
                                         accumulator._0045_ (net)
                  0.08    0.00   10.22 v accumulator._1182_/A (sky130_fd_sc_hd__buf_2)
    10    0.03    0.08    0.20   10.41 v accumulator._1182_/X (sky130_fd_sc_hd__buf_2)
                                         accumulator._0055_ (net)
                  0.08    0.00   10.41 v accumulator._1200_/A_N (sky130_fd_sc_hd__and2b_1)
     6    0.02    0.14    0.29   10.70 ^ accumulator._1200_/X (sky130_fd_sc_hd__and2b_1)
                                         accumulator._0232_ (net)
                  0.14    0.00   10.70 ^ accumulator._1201_/B1_N (sky130_fd_sc_hd__o21ba_1)
     5    0.02    0.09    0.23   10.93 v accumulator._1201_/X (sky130_fd_sc_hd__o21ba_1)
                                         accumulator._0241_ (net)
                  0.09    0.00   10.93 v accumulator._1202_/B (sky130_fd_sc_hd__and2_1)
     3    0.01    0.05    0.20   11.13 v accumulator._1202_/X (sky130_fd_sc_hd__and2_1)
                                         accumulator._0251_ (net)
                  0.05    0.00   11.13 v accumulator._1204_/A (sky130_fd_sc_hd__or2_1)
     3    0.01    0.08    0.27   11.40 v accumulator._1204_/X (sky130_fd_sc_hd__or2_1)
                                         accumulator._0271_ (net)
                  0.08    0.00   11.40 v accumulator._1205_/A (sky130_fd_sc_hd__inv_2)
     3    0.01    0.05    0.07   11.48 ^ accumulator._1205_/Y (sky130_fd_sc_hd__inv_2)
                                         accumulator._0281_ (net)
                  0.05    0.00   11.48 ^ accumulator._1218_/A2 (sky130_fd_sc_hd__a311o_1)
     4    0.01    0.14    0.23   11.71 ^ accumulator._1218_/X (sky130_fd_sc_hd__a311o_1)
                                         accumulator._0315_ (net)
                  0.14    0.00   11.71 ^ accumulator._1219_/C (sky130_fd_sc_hd__nand3_1)
     2    0.01    0.09    0.12   11.83 v accumulator._1219_/Y (sky130_fd_sc_hd__nand3_1)
                                         accumulator._0316_ (net)
                  0.09    0.00   11.83 v accumulator._1228_/A1 (sky130_fd_sc_hd__a211o_1)
     5    0.01    0.08    0.33   12.16 v accumulator._1228_/X (sky130_fd_sc_hd__a211o_1)
                                         accumulator._0325_ (net)
                  0.08    0.00   12.16 v accumulator._1242_/A1 (sky130_fd_sc_hd__o22a_1)
     3    0.01    0.06    0.25   12.41 v accumulator._1242_/X (sky130_fd_sc_hd__o22a_1)
                                         accumulator._0339_ (net)
                  0.06    0.00   12.41 v accumulator._1255_/C (sky130_fd_sc_hd__or3_2)
     5    0.02    0.12    0.50   12.91 v accumulator._1255_/X (sky130_fd_sc_hd__or3_2)
                                         accumulator._0352_ (net)
                  0.12    0.00   12.91 v accumulator._1257_/A2 (sky130_fd_sc_hd__a21o_2)
     2    0.02    0.07    0.30   13.21 v accumulator._1257_/X (sky130_fd_sc_hd__a21o_2)
                                         accumulator._0354_ (net)
                  0.07    0.00   13.21 v accumulator._1259_/A2 (sky130_fd_sc_hd__a21o_2)
     2    0.02    0.07    0.28   13.48 v accumulator._1259_/X (sky130_fd_sc_hd__a21o_2)
                                         accumulator._0356_ (net)
                  0.07    0.00   13.48 v accumulator._1264_/A1 (sky130_fd_sc_hd__a21o_1)
     2    0.01    0.07    0.21   13.69 v accumulator._1264_/X (sky130_fd_sc_hd__a21o_1)
                                         accumulator._0361_ (net)
                  0.07    0.00   13.69 v accumulator._1266_/A2 (sky130_fd_sc_hd__a21o_1)
     2    0.01    0.07    0.23   13.92 v accumulator._1266_/X (sky130_fd_sc_hd__a21o_1)
                                         accumulator._0363_ (net)
                  0.07    0.00   13.92 v accumulator._1272_/A1 (sky130_fd_sc_hd__a21o_1)
     2    0.02    0.09    0.23   14.15 v accumulator._1272_/X (sky130_fd_sc_hd__a21o_1)
                                         accumulator._0369_ (net)
                  0.09    0.00   14.15 v accumulator._1278_/A1 (sky130_fd_sc_hd__a21oi_4)
     4    0.04    0.31    0.32   14.47 ^ accumulator._1278_/Y (sky130_fd_sc_hd__a21oi_4)
                                         accumulator._0375_ (net)
                  0.31    0.00   14.47 ^ accumulator._1279_/B (sky130_fd_sc_hd__xnor2_4)
    10    0.05    0.37    0.25   14.72 ^ accumulator._1279_/Y (sky130_fd_sc_hd__xnor2_4)
                                         accumulator._0376_ (net)
                  0.37    0.00   14.72 ^ accumulator._1280_/A (sky130_fd_sc_hd__clkbuf_4)
    10    0.04    0.14    0.32   15.04 ^ accumulator._1280_/X (sky130_fd_sc_hd__clkbuf_4)
                                         accumulator._0377_ (net)
                  0.14    0.00   15.04 ^ accumulator._1413_/S (sky130_fd_sc_hd__mux2_1)
     2    0.01    0.09    0.40   15.44 v accumulator._1413_/X (sky130_fd_sc_hd__mux2_1)
                                         accumulator._0508_ (net)
                  0.09    0.00   15.44 v accumulator._1414_/A2 (sky130_fd_sc_hd__a21o_1)
     2    0.01    0.05    0.22   15.66 v accumulator._1414_/X (sky130_fd_sc_hd__a21o_1)
                                         accumulator._0509_ (net)
                  0.05    0.00   15.66 v accumulator._1415_/A2 (sky130_fd_sc_hd__a21o_1)
     2    0.01    0.05    0.20   15.86 v accumulator._1415_/X (sky130_fd_sc_hd__a21o_1)
                                         accumulator._0510_ (net)
                  0.05    0.00   15.86 v accumulator._1417_/A2 (sky130_fd_sc_hd__a21o_1)
     2    0.01    0.05    0.20   16.06 v accumulator._1417_/X (sky130_fd_sc_hd__a21o_1)
                                         accumulator._0512_ (net)
                  0.05    0.00   16.06 v accumulator._1432_/A3 (sky130_fd_sc_hd__a31o_1)
     3    0.01    0.07    0.26   16.32 v accumulator._1432_/X (sky130_fd_sc_hd__a31o_1)
                                         accumulator._0527_ (net)
                  0.07    0.00   16.32 v accumulator._1721_/B1 (sky130_fd_sc_hd__a32o_2)
     4    0.02    0.08    0.28   16.60 v accumulator._1721_/X (sky130_fd_sc_hd__a32o_2)
                                         accumulator._0816_ (net)
                  0.08    0.00   16.60 v accumulator._1736_/B1 (sky130_fd_sc_hd__a2111o_2)
     5    0.02    0.10    0.53   17.13 v accumulator._1736_/X (sky130_fd_sc_hd__a2111o_2)
                                         accumulator._0831_ (net)
                  0.10    0.00   17.13 v accumulator._1738_/A2 (sky130_fd_sc_hd__a21o_1)
     3    0.01    0.05    0.23   17.36 v accumulator._1738_/X (sky130_fd_sc_hd__a21o_1)
                                         accumulator._0833_ (net)
                  0.05    0.00   17.36 v accumulator._1744_/A1 (sky130_fd_sc_hd__a2111o_1)
     3    0.01    0.09    0.42   17.78 v accumulator._1744_/X (sky130_fd_sc_hd__a2111o_1)
                                         accumulator._0839_ (net)
                  0.09    0.00   17.78 v accumulator._1748_/A2 (sky130_fd_sc_hd__a2111o_1)
     2    0.00    0.07    0.45   18.24 v accumulator._1748_/X (sky130_fd_sc_hd__a2111o_1)
                                         accumulator._0843_ (net)
                  0.07    0.00   18.24 v accumulator._1751_/A2 (sky130_fd_sc_hd__a21o_1)
     2    0.01    0.05    0.21   18.44 v accumulator._1751_/X (sky130_fd_sc_hd__a21o_1)
                                         accumulator._0846_ (net)
                  0.05    0.00   18.44 v accumulator._1773_/A2 (sky130_fd_sc_hd__a21o_1)
     2    0.01    0.04    0.19   18.63 v accumulator._1773_/X (sky130_fd_sc_hd__a21o_1)
                                         accumulator._0868_ (net)
                  0.04    0.00   18.63 v accumulator._1798_/A2 (sky130_fd_sc_hd__a311o_1)
     2    0.01    0.08    0.35   18.98 v accumulator._1798_/X (sky130_fd_sc_hd__a311o_1)
                                         accumulator._0893_ (net)
                  0.08    0.00   18.98 v accumulator._1814_/A1 (sky130_fd_sc_hd__a21o_1)
     2    0.01    0.05    0.19   19.17 v accumulator._1814_/X (sky130_fd_sc_hd__a21o_1)
                                         accumulator._0909_ (net)
                  0.05    0.00   19.17 v accumulator._1825_/A2 (sky130_fd_sc_hd__a31oi_2)
     3    0.01    0.20    0.23   19.40 ^ accumulator._1825_/Y (sky130_fd_sc_hd__a31oi_2)
                                         accumulator._0920_ (net)
                  0.20    0.00   19.40 ^ accumulator._1926_/A2 (sky130_fd_sc_hd__a21o_1)
     3    0.01    0.09    0.20   19.60 ^ accumulator._1926_/X (sky130_fd_sc_hd__a21o_1)
                                         accumulator._1021_ (net)
                  0.09    0.00   19.60 ^ accumulator._2039_/S (sky130_fd_sc_hd__mux2_1)
     3    0.01    0.10    0.40   19.99 v accumulator._2039_/X (sky130_fd_sc_hd__mux2_1)
                                         accumulator._1134_ (net)
                  0.10    0.00   19.99 v accumulator._2059_/B2 (sky130_fd_sc_hd__a221oi_1)
     1    0.00    0.25    0.31   20.30 ^ accumulator._2059_/Y (sky130_fd_sc_hd__a221oi_1)
                                         accumulator._1155_ (net)
                  0.25    0.00   20.30 ^ accumulator._2060_/A2 (sky130_fd_sc_hd__o21ai_1)
     1    0.00    0.07    0.10   20.40 v accumulator._2060_/Y (sky130_fd_sc_hd__o21ai_1)
                                         accumulator._1156_ (net)
                  0.07    0.00   20.40 v accumulator._2061_/A2 (sky130_fd_sc_hd__a21o_1)
     1    0.00    0.03    0.19   20.59 v accumulator._2061_/X (sky130_fd_sc_hd__a21o_1)
                                         accumulator._1157_ (net)
                  0.03    0.00   20.59 v accumulator._2062_/A2 (sky130_fd_sc_hd__a21o_1)
     1    0.00    0.03    0.17   20.76 v accumulator._2062_/X (sky130_fd_sc_hd__a21o_1)
                                         accumulator._1158_ (net)
                  0.03    0.00   20.76 v accumulator._2063_/A2 (sky130_fd_sc_hd__a21o_1)
     1    0.00    0.03    0.17   20.93 v accumulator._2063_/X (sky130_fd_sc_hd__a21o_1)
                                         accumulator._1159_ (net)
                  0.03    0.00   20.93 v accumulator._2064_/A2 (sky130_fd_sc_hd__a21o_1)
     1    0.00    0.04    0.18   21.11 v accumulator._2064_/X (sky130_fd_sc_hd__a21o_1)
                                         accumulator._1160_ (net)
                  0.04    0.00   21.11 v accumulator._2065_/A2 (sky130_fd_sc_hd__a21oi_1)
     1    0.00    0.12    0.14   21.26 ^ accumulator._2065_/Y (sky130_fd_sc_hd__a21oi_1)
                                         accumulator._1161_ (net)
                  0.12    0.00   21.26 ^ accumulator._2067_/A2 (sky130_fd_sc_hd__o21ai_1)
     1    0.00    0.06    0.07   21.33 v accumulator._2067_/Y (sky130_fd_sc_hd__o21ai_1)
                                         accumulator._1163_ (net)
                  0.06    0.00   21.33 v accumulator._2068_/A2 (sky130_fd_sc_hd__a21o_1)
     1    0.00    0.03    0.18   21.51 v accumulator._2068_/X (sky130_fd_sc_hd__a21o_1)
                                         accumulator._1164_ (net)
                  0.03    0.00   21.51 v accumulator._2069_/A2 (sky130_fd_sc_hd__a21o_1)
     1    0.00    0.04    0.18   21.69 v accumulator._2069_/X (sky130_fd_sc_hd__a21o_1)
                                         accumulator._1165_ (net)
                  0.04    0.00   21.69 v accumulator._2070_/A2 (sky130_fd_sc_hd__a211o_1)
     1    0.00    0.04    0.29   21.98 v accumulator._2070_/X (sky130_fd_sc_hd__a211o_1)
                                         accumulator._1167_ (net)
                  0.04    0.00   21.98 v accumulator._2073_/B1 (sky130_fd_sc_hd__a2bb2o_1)
     2    0.01    0.06    0.30   22.29 v accumulator._2073_/X (sky130_fd_sc_hd__a2bb2o_1)
                                         accumulator._1170_ (net)
                  0.06    0.00   22.29 v accumulator._2074_/A (sky130_fd_sc_hd__clkbuf_4)
    10    0.04    0.09    0.21   22.49 v accumulator._2074_/X (sky130_fd_sc_hd__clkbuf_4)
                                         accumulator._1171_ (net)
                  0.09    0.00   22.49 v accumulator._2145_/S (sky130_fd_sc_hd__mux2_1)
     2    0.01    0.07    0.35   22.85 v accumulator._2145_/X (sky130_fd_sc_hd__mux2_1)
                                         accumulator._0100_ (net)
                  0.07    0.00   22.85 v accumulator._2146_/A1 (sky130_fd_sc_hd__mux2_1)
     2    0.01    0.07    0.34   23.18 v accumulator._2146_/X (sky130_fd_sc_hd__mux2_1)
                                         accumulator._0101_ (net)
                  0.07    0.00   23.18 v accumulator._2147_/A1 (sky130_fd_sc_hd__mux2_1)
     2    0.00    0.06    0.33   23.51 v accumulator._2147_/X (sky130_fd_sc_hd__mux2_1)
                                         accumulator._0102_ (net)
                  0.06    0.00   23.51 v accumulator._2149_/A0 (sky130_fd_sc_hd__mux2_1)
     2    0.01    0.07    0.32   23.83 v accumulator._2149_/X (sky130_fd_sc_hd__mux2_1)
                                         accumulator._0104_ (net)
                  0.07    0.00   23.83 v accumulator._2150_/B2 (sky130_fd_sc_hd__o2bb2a_1)
     1    0.00    0.05    0.29   24.12 v accumulator._2150_/X (sky130_fd_sc_hd__o2bb2a_1)
                                         accumulator._0106_ (net)
                  0.05    0.00   24.12 v accumulator._2151_/B (sky130_fd_sc_hd__nor2_1)
     1    0.00    0.07    0.08   24.20 ^ accumulator._2151_/Y (sky130_fd_sc_hd__nor2_1)
                                         accumulator._0008_ (net)
                  0.07    0.00   24.20 ^ accumulator._2363_/D (sky130_fd_sc_hd__dfxtp_2)
                                 24.20   data arrival time

                  0.15   25.00   25.00   clock clock (rise edge)
                          0.00   25.00   clock network delay (ideal)
                         -0.25   24.75   clock uncertainty
                          0.00   24.75   clock reconvergence pessimism
                                 24.75 ^ accumulator._2363_/CLK (sky130_fd_sc_hd__dfxtp_2)
                         -0.05   24.70   library setup time
                                 24.70   data required time
-----------------------------------------------------------------------------
                                 24.70   data required time
                                -24.20   data arrival time
-----------------------------------------------------------------------------
                                  0.50   slack (MET)


Startpoint: io_inScaleA[2] (input port clocked by clock)
Endpoint: accumulator._2374_ (rising edge-triggered flip-flop clocked by clock)
Path Group: clock
Path Type: max

Fanout     Cap    Slew   Delay    Time   Description
-----------------------------------------------------------------------------
                  0.15    0.00    0.00   clock clock (rise edge)
                          0.00    0.00   clock network delay (ideal)
                          5.00    5.00 ^ input external delay
     1    0.00    0.02    0.01    5.01 ^ io_inScaleA[2] (in)
                                         io_inScaleA[2] (net)
                  0.02    0.00    5.01 ^ input11/A (sky130_fd_sc_hd__clkbuf_2)
    10    0.03    0.14    0.17    5.19 ^ input11/X (sky130_fd_sc_hd__clkbuf_2)
                                         net11 (net)
                  0.14    0.00    5.19 ^ scaleAdd._279_/A1 (sky130_fd_sc_hd__a22o_1)
     3    0.01    0.08    0.19    5.38 ^ scaleAdd._279_/X (sky130_fd_sc_hd__a22o_1)
                                         scaleAdd._221_ (net)
                  0.08    0.00    5.38 ^ scaleAdd._285_/B_N (sky130_fd_sc_hd__or2b_1)
     1    0.00    0.06    0.25    5.63 v scaleAdd._285_/X (sky130_fd_sc_hd__or2b_1)
                                         scaleAdd._227_ (net)
                  0.06    0.00    5.63 v scaleAdd._286_/A (sky130_fd_sc_hd__xnor2_1)
     3    0.01    0.08    0.16    5.79 v scaleAdd._286_/Y (sky130_fd_sc_hd__xnor2_1)
                                         scaleAdd._228_ (net)
                  0.08    0.00    5.79 v scaleAdd._311_/B (sky130_fd_sc_hd__or2_1)
     1    0.00    0.05    0.22    6.02 v scaleAdd._311_/X (sky130_fd_sc_hd__or2_1)
                                         scaleAdd._018_ (net)
                  0.05    0.00    6.02 v scaleAdd._313_/A2 (sky130_fd_sc_hd__a21oi_1)
     2    0.01    0.19    0.21    6.23 ^ scaleAdd._313_/Y (sky130_fd_sc_hd__a21oi_1)
                                         scaleAdd._020_ (net)
                  0.19    0.00    6.23 ^ scaleAdd._314_/B (sky130_fd_sc_hd__xnor2_1)
     2    0.01    0.19    0.17    6.40 ^ scaleAdd._314_/Y (sky130_fd_sc_hd__xnor2_1)
                                         scaleAdd._021_ (net)
                  0.19    0.00    6.40 ^ scaleAdd._315_/S (sky130_fd_sc_hd__mux2_2)
     5    0.02    0.08    0.43    6.83 v scaleAdd._315_/X (sky130_fd_sc_hd__mux2_2)
                                         scaleAdd._022_ (net)
                  0.08    0.00    6.83 v scaleAdd._321_/A2 (sky130_fd_sc_hd__a21o_1)
     2    0.00    0.04    0.20    7.03 v scaleAdd._321_/X (sky130_fd_sc_hd__a21o_1)
                                         scaleAdd._028_ (net)
                  0.04    0.00    7.03 v scaleAdd._325_/A (sky130_fd_sc_hd__and3_1)
     3    0.01    0.05    0.16    7.19 v scaleAdd._325_/X (sky130_fd_sc_hd__and3_1)
                                         scaleAdd._032_ (net)
                  0.05    0.00    7.19 v scaleAdd._328_/A (sky130_fd_sc_hd__or3_1)
     3    0.01    0.08    0.41    7.60 v scaleAdd._328_/X (sky130_fd_sc_hd__or3_1)
                                         scaleAdd._035_ (net)
                  0.08    0.00    7.60 v scaleAdd._332_/A1 (sky130_fd_sc_hd__a21o_1)
     2    0.00    0.04    0.18    7.78 v scaleAdd._332_/X (sky130_fd_sc_hd__a21o_1)
                                         scaleAdd._039_ (net)
                  0.04    0.00    7.78 v scaleAdd._361_/A2 (sky130_fd_sc_hd__a21o_1)
     2    0.01    0.07    0.22    8.00 v scaleAdd._361_/X (sky130_fd_sc_hd__a21o_1)
                                         scaleAdd._067_ (net)
                  0.07    0.00    8.00 v scaleAdd._383_/A2 (sky130_fd_sc_hd__a21o_1)
     2    0.01    0.07    0.23    8.22 v scaleAdd._383_/X (sky130_fd_sc_hd__a21o_1)
                                         scaleAdd._088_ (net)
                  0.07    0.00    8.22 v scaleAdd._399_/A2 (sky130_fd_sc_hd__a21o_1)
     2    0.01    0.07    0.23    8.45 v scaleAdd._399_/X (sky130_fd_sc_hd__a21o_1)
                                         scaleAdd._103_ (net)
                  0.07    0.00    8.45 v scaleAdd._417_/A2 (sky130_fd_sc_hd__a21bo_1)
     2    0.01    0.07    0.24    8.70 v scaleAdd._417_/X (sky130_fd_sc_hd__a21bo_1)
                                         scaleAdd._120_ (net)
                  0.07    0.00    8.70 v scaleAdd._432_/A2 (sky130_fd_sc_hd__a21o_1)
     2    0.01    0.07    0.23    8.93 v scaleAdd._432_/X (sky130_fd_sc_hd__a21o_1)
                                         scaleAdd._134_ (net)
                  0.07    0.00    8.93 v scaleAdd._444_/A2 (sky130_fd_sc_hd__a21o_1)
     2    0.01    0.06    0.22    9.15 v scaleAdd._444_/X (sky130_fd_sc_hd__a21o_1)
                                         scaleAdd._145_ (net)
                  0.06    0.00    9.15 v scaleAdd._447_/A2 (sky130_fd_sc_hd__a21o_1)
     2    0.01    0.07    0.22    9.37 v scaleAdd._447_/X (sky130_fd_sc_hd__a21o_1)
                                         scaleAdd._147_ (net)
                  0.07    0.00    9.37 v scaleAdd._449_/B2 (sky130_fd_sc_hd__a2bb2o_1)
     4    0.01    0.08    0.31    9.68 v scaleAdd._449_/X (sky130_fd_sc_hd__a2bb2o_1)
                                         accumulator.io_inMant[15] (net)
                  0.08    0.00    9.68 v accumulator._1181_/A (sky130_fd_sc_hd__or4_1)
     1    0.00    0.08    0.54   10.22 v accumulator._1181_/X (sky130_fd_sc_hd__or4_1)
                                         accumulator._0045_ (net)
                  0.08    0.00   10.22 v accumulator._1182_/A (sky130_fd_sc_hd__buf_2)
    10    0.03    0.08    0.20   10.41 v accumulator._1182_/X (sky130_fd_sc_hd__buf_2)
                                         accumulator._0055_ (net)
                  0.08    0.00   10.41 v accumulator._1200_/A_N (sky130_fd_sc_hd__and2b_1)
     6    0.02    0.14    0.29   10.70 ^ accumulator._1200_/X (sky130_fd_sc_hd__and2b_1)
                                         accumulator._0232_ (net)
                  0.14    0.00   10.70 ^ accumulator._1201_/B1_N (sky130_fd_sc_hd__o21ba_1)
     5    0.02    0.09    0.23   10.93 v accumulator._1201_/X (sky130_fd_sc_hd__o21ba_1)
                                         accumulator._0241_ (net)
                  0.09    0.00   10.93 v accumulator._1202_/B (sky130_fd_sc_hd__and2_1)
     3    0.01    0.05    0.20   11.13 v accumulator._1202_/X (sky130_fd_sc_hd__and2_1)
                                         accumulator._0251_ (net)
                  0.05    0.00   11.13 v accumulator._1204_/A (sky130_fd_sc_hd__or2_1)
     3    0.01    0.08    0.27   11.40 v accumulator._1204_/X (sky130_fd_sc_hd__or2_1)
                                         accumulator._0271_ (net)
                  0.08    0.00   11.40 v accumulator._1205_/A (sky130_fd_sc_hd__inv_2)
     3    0.01    0.05    0.07   11.48 ^ accumulator._1205_/Y (sky130_fd_sc_hd__inv_2)
                                         accumulator._0281_ (net)
                  0.05    0.00   11.48 ^ accumulator._1218_/A2 (sky130_fd_sc_hd__a311o_1)
     4    0.01    0.14    0.23   11.71 ^ accumulator._1218_/X (sky130_fd_sc_hd__a311o_1)
                                         accumulator._0315_ (net)
                  0.14    0.00   11.71 ^ accumulator._1219_/C (sky130_fd_sc_hd__nand3_1)
     2    0.01    0.09    0.12   11.83 v accumulator._1219_/Y (sky130_fd_sc_hd__nand3_1)
                                         accumulator._0316_ (net)
                  0.09    0.00   11.83 v accumulator._1228_/A1 (sky130_fd_sc_hd__a211o_1)
     5    0.01    0.08    0.33   12.16 v accumulator._1228_/X (sky130_fd_sc_hd__a211o_1)
                                         accumulator._0325_ (net)
                  0.08    0.00   12.16 v accumulator._1242_/A1 (sky130_fd_sc_hd__o22a_1)
     3    0.01    0.06    0.25   12.41 v accumulator._1242_/X (sky130_fd_sc_hd__o22a_1)
                                         accumulator._0339_ (net)
                  0.06    0.00   12.41 v accumulator._1255_/C (sky130_fd_sc_hd__or3_2)
     5    0.02    0.12    0.50   12.91 v accumulator._1255_/X (sky130_fd_sc_hd__or3_2)
                                         accumulator._0352_ (net)
                  0.12    0.00   12.91 v accumulator._1257_/A2 (sky130_fd_sc_hd__a21o_2)
     2    0.02    0.07    0.30   13.21 v accumulator._1257_/X (sky130_fd_sc_hd__a21o_2)
                                         accumulator._0354_ (net)
                  0.07    0.00   13.21 v accumulator._1259_/A2 (sky130_fd_sc_hd__a21o_2)
     2    0.02    0.07    0.28   13.48 v accumulator._1259_/X (sky130_fd_sc_hd__a21o_2)
                                         accumulator._0356_ (net)
                  0.07    0.00   13.48 v accumulator._1264_/A1 (sky130_fd_sc_hd__a21o_1)
     2    0.01    0.07    0.21   13.69 v accumulator._1264_/X (sky130_fd_sc_hd__a21o_1)
                                         accumulator._0361_ (net)
                  0.07    0.00   13.69 v accumulator._1266_/A2 (sky130_fd_sc_hd__a21o_1)
     2    0.01    0.07    0.23   13.92 v accumulator._1266_/X (sky130_fd_sc_hd__a21o_1)
                                         accumulator._0363_ (net)
                  0.07    0.00   13.92 v accumulator._1272_/A1 (sky130_fd_sc_hd__a21o_1)
     2    0.02    0.09    0.23   14.15 v accumulator._1272_/X (sky130_fd_sc_hd__a21o_1)
                                         accumulator._0369_ (net)
                  0.09    0.00   14.15 v accumulator._1278_/A1 (sky130_fd_sc_hd__a21oi_4)
     4    0.04    0.31    0.32   14.47 ^ accumulator._1278_/Y (sky130_fd_sc_hd__a21oi_4)
                                         accumulator._0375_ (net)
                  0.31    0.00   14.47 ^ accumulator._1279_/B (sky130_fd_sc_hd__xnor2_4)
    10    0.05    0.37    0.25   14.72 ^ accumulator._1279_/Y (sky130_fd_sc_hd__xnor2_4)
                                         accumulator._0376_ (net)
                  0.37    0.00   14.72 ^ accumulator._1280_/A (sky130_fd_sc_hd__clkbuf_4)
    10    0.04    0.14    0.32   15.04 ^ accumulator._1280_/X (sky130_fd_sc_hd__clkbuf_4)
                                         accumulator._0377_ (net)
                  0.14    0.00   15.04 ^ accumulator._1413_/S (sky130_fd_sc_hd__mux2_1)
     2    0.01    0.09    0.40   15.44 v accumulator._1413_/X (sky130_fd_sc_hd__mux2_1)
                                         accumulator._0508_ (net)
                  0.09    0.00   15.44 v accumulator._1414_/A2 (sky130_fd_sc_hd__a21o_1)
     2    0.01    0.05    0.22   15.66 v accumulator._1414_/X (sky130_fd_sc_hd__a21o_1)
                                         accumulator._0509_ (net)
                  0.05    0.00   15.66 v accumulator._1415_/A2 (sky130_fd_sc_hd__a21o_1)
     2    0.01    0.05    0.20   15.86 v accumulator._1415_/X (sky130_fd_sc_hd__a21o_1)
                                         accumulator._0510_ (net)
                  0.05    0.00   15.86 v accumulator._1417_/A2 (sky130_fd_sc_hd__a21o_1)
     2    0.01    0.05    0.20   16.06 v accumulator._1417_/X (sky130_fd_sc_hd__a21o_1)
                                         accumulator._0512_ (net)
                  0.05    0.00   16.06 v accumulator._1432_/A3 (sky130_fd_sc_hd__a31o_1)
     3    0.01    0.07    0.26   16.32 v accumulator._1432_/X (sky130_fd_sc_hd__a31o_1)
                                         accumulator._0527_ (net)
                  0.07    0.00   16.32 v accumulator._1721_/B1 (sky130_fd_sc_hd__a32o_2)
     4    0.02    0.08    0.28   16.60 v accumulator._1721_/X (sky130_fd_sc_hd__a32o_2)
                                         accumulator._0816_ (net)
                  0.08    0.00   16.60 v accumulator._1736_/B1 (sky130_fd_sc_hd__a2111o_2)
     5    0.02    0.10    0.53   17.13 v accumulator._1736_/X (sky130_fd_sc_hd__a2111o_2)
                                         accumulator._0831_ (net)
                  0.10    0.00   17.13 v accumulator._1738_/A2 (sky130_fd_sc_hd__a21o_1)
     3    0.01    0.05    0.23   17.36 v accumulator._1738_/X (sky130_fd_sc_hd__a21o_1)
                                         accumulator._0833_ (net)
                  0.05    0.00   17.36 v accumulator._1744_/A1 (sky130_fd_sc_hd__a2111o_1)
     3    0.01    0.09    0.42   17.78 v accumulator._1744_/X (sky130_fd_sc_hd__a2111o_1)
                                         accumulator._0839_ (net)
                  0.09    0.00   17.78 v accumulator._1748_/A2 (sky130_fd_sc_hd__a2111o_1)
     2    0.00    0.07    0.45   18.24 v accumulator._1748_/X (sky130_fd_sc_hd__a2111o_1)
                                         accumulator._0843_ (net)
                  0.07    0.00   18.24 v accumulator._1751_/A2 (sky130_fd_sc_hd__a21o_1)
     2    0.01    0.05    0.21   18.44 v accumulator._1751_/X (sky130_fd_sc_hd__a21o_1)
                                         accumulator._0846_ (net)
                  0.05    0.00   18.44 v accumulator._1773_/A2 (sky130_fd_sc_hd__a21o_1)
     2    0.01    0.04    0.19   18.63 v accumulator._1773_/X (sky130_fd_sc_hd__a21o_1)
                                         accumulator._0868_ (net)
                  0.04    0.00   18.63 v accumulator._1798_/A2 (sky130_fd_sc_hd__a311o_1)
     2    0.01    0.08    0.35   18.98 v accumulator._1798_/X (sky130_fd_sc_hd__a311o_1)
                                         accumulator._0893_ (net)
                  0.08    0.00   18.98 v accumulator._1814_/A1 (sky130_fd_sc_hd__a21o_1)
     2    0.01    0.05    0.19   19.17 v accumulator._1814_/X (sky130_fd_sc_hd__a21o_1)
                                         accumulator._0909_ (net)
                  0.05    0.00   19.17 v accumulator._1825_/A2 (sky130_fd_sc_hd__a31oi_2)
     3    0.01    0.20    0.23   19.40 ^ accumulator._1825_/Y (sky130_fd_sc_hd__a31oi_2)
                                         accumulator._0920_ (net)
                  0.20    0.00   19.40 ^ accumulator._1926_/A2 (sky130_fd_sc_hd__a21o_1)
     3    0.01    0.09    0.20   19.60 ^ accumulator._1926_/X (sky130_fd_sc_hd__a21o_1)
                                         accumulator._1021_ (net)
                  0.09    0.00   19.60 ^ accumulator._2039_/S (sky130_fd_sc_hd__mux2_1)
     3    0.01    0.10    0.40   19.99 v accumulator._2039_/X (sky130_fd_sc_hd__mux2_1)
                                         accumulator._1134_ (net)
                  0.10    0.00   19.99 v accumulator._2059_/B2 (sky130_fd_sc_hd__a221oi_1)
     1    0.00    0.25    0.31   20.30 ^ accumulator._2059_/Y (sky130_fd_sc_hd__a221oi_1)
                                         accumulator._1155_ (net)
                  0.25    0.00   20.30 ^ accumulator._2060_/A2 (sky130_fd_sc_hd__o21ai_1)
     1    0.00    0.07    0.10   20.40 v accumulator._2060_/Y (sky130_fd_sc_hd__o21ai_1)
                                         accumulator._1156_ (net)
                  0.07    0.00   20.40 v accumulator._2061_/A2 (sky130_fd_sc_hd__a21o_1)
     1    0.00    0.03    0.19   20.59 v accumulator._2061_/X (sky130_fd_sc_hd__a21o_1)
                                         accumulator._1157_ (net)
                  0.03    0.00   20.59 v accumulator._2062_/A2 (sky130_fd_sc_hd__a21o_1)
     1    0.00    0.03    0.17   20.76 v accumulator._2062_/X (sky130_fd_sc_hd__a21o_1)
                                         accumulator._1158_ (net)
                  0.03    0.00   20.76 v accumulator._2063_/A2 (sky130_fd_sc_hd__a21o_1)
     1    0.00    0.03    0.17   20.93 v accumulator._2063_/X (sky130_fd_sc_hd__a21o_1)
                                         accumulator._1159_ (net)
                  0.03    0.00   20.93 v accumulator._2064_/A2 (sky130_fd_sc_hd__a21o_1)
     1    0.00    0.04    0.18   21.11 v accumulator._2064_/X (sky130_fd_sc_hd__a21o_1)
                                         accumulator._1160_ (net)
                  0.04    0.00   21.11 v accumulator._2065_/A2 (sky130_fd_sc_hd__a21oi_1)
     1    0.00    0.12    0.14   21.26 ^ accumulator._2065_/Y (sky130_fd_sc_hd__a21oi_1)
                                         accumulator._1161_ (net)
                  0.12    0.00   21.26 ^ accumulator._2067_/A2 (sky130_fd_sc_hd__o21ai_1)
     1    0.00    0.06    0.07   21.33 v accumulator._2067_/Y (sky130_fd_sc_hd__o21ai_1)
                                         accumulator._1163_ (net)
                  0.06    0.00   21.33 v accumulator._2068_/A2 (sky130_fd_sc_hd__a21o_1)
     1    0.00    0.03    0.18   21.51 v accumulator._2068_/X (sky130_fd_sc_hd__a21o_1)
                                         accumulator._1164_ (net)
                  0.03    0.00   21.51 v accumulator._2069_/A2 (sky130_fd_sc_hd__a21o_1)
     1    0.00    0.04    0.18   21.69 v accumulator._2069_/X (sky130_fd_sc_hd__a21o_1)
                                         accumulator._1165_ (net)
                  0.04    0.00   21.69 v accumulator._2070_/A2 (sky130_fd_sc_hd__a211o_1)
     1    0.00    0.04    0.29   21.98 v accumulator._2070_/X (sky130_fd_sc_hd__a211o_1)
                                         accumulator._1167_ (net)
                  0.04    0.00   21.98 v accumulator._2073_/B1 (sky130_fd_sc_hd__a2bb2o_1)
     2    0.01    0.06    0.30   22.29 v accumulator._2073_/X (sky130_fd_sc_hd__a2bb2o_1)
                                         accumulator._1170_ (net)
                  0.06    0.00   22.29 v accumulator._2090_/A (sky130_fd_sc_hd__clkbuf_4)
    10    0.04    0.09    0.21   22.49 v accumulator._2090_/X (sky130_fd_sc_hd__clkbuf_4)
                                         accumulator._0046_ (net)
                  0.09    0.00   22.49 v accumulator._2091_/A (sky130_fd_sc_hd__clkbuf_4)
    10    0.04    0.09    0.22   22.71 v accumulator._2091_/X (sky130_fd_sc_hd__clkbuf_4)
                                         accumulator._0047_ (net)
                  0.09    0.00   22.71 v accumulator._2175_/S (sky130_fd_sc_hd__mux2_1)
     2    0.01    0.07    0.35   23.06 v accumulator._2175_/X (sky130_fd_sc_hd__mux2_1)
                                         accumulator._0130_ (net)
                  0.07    0.00   23.06 v accumulator._2176_/A1 (sky130_fd_sc_hd__mux2_1)
     2    0.00    0.06    0.32   23.38 v accumulator._2176_/X (sky130_fd_sc_hd__mux2_1)
                                         accumulator._0131_ (net)
                  0.06    0.00   23.38 v accumulator._2177_/A1 (sky130_fd_sc_hd__mux2_1)
     2    0.01    0.08    0.34   23.73 v accumulator._2177_/X (sky130_fd_sc_hd__mux2_1)
                                         accumulator._0132_ (net)
                  0.08    0.00   23.73 v accumulator._2240_/A2 (sky130_fd_sc_hd__a21oi_1)
     1    0.00    0.12    0.17   23.90 ^ accumulator._2240_/Y (sky130_fd_sc_hd__a21oi_1)
                                         accumulator._0194_ (net)
                  0.12    0.00   23.90 ^ accumulator._2241_/B1 (sky130_fd_sc_hd__o211ai_1)
     1    0.01    0.10    0.14   24.03 v accumulator._2241_/Y (sky130_fd_sc_hd__o211ai_1)
                                         accumulator._0195_ (net)
                  0.10    0.00   24.03 v accumulator._2242_/C1 (sky130_fd_sc_hd__o211a_1)
     1    0.00    0.04    0.13   24.16 v accumulator._2242_/X (sky130_fd_sc_hd__o211a_1)
                                         accumulator._0019_ (net)
                  0.04    0.00   24.16 v accumulator._2374_/D (sky130_fd_sc_hd__dfxtp_1)
                                 24.16   data arrival time

                  0.15   25.00   25.00   clock clock (rise edge)
                          0.00   25.00   clock network delay (ideal)
                         -0.25   24.75   clock uncertainty
                          0.00   24.75   clock reconvergence pessimism
                                 24.75 ^ accumulator._2374_/CLK (sky130_fd_sc_hd__dfxtp_1)
                         -0.08   24.67   library setup time
                                 24.67   data required time
-----------------------------------------------------------------------------
                                 24.67   data required time
                                -24.16   data arrival time
-----------------------------------------------------------------------------
                                  0.50   slack (MET)


Startpoint: io_inScaleA[2] (input port clocked by clock)
Endpoint: accumulator._2379_ (rising edge-triggered flip-flop clocked by clock)
Path Group: clock
Path Type: max

Fanout     Cap    Slew   Delay    Time   Description
-----------------------------------------------------------------------------
                  0.15    0.00    0.00   clock clock (rise edge)
                          0.00    0.00   clock network delay (ideal)
                          5.00    5.00 ^ input external delay
     1    0.00    0.02    0.01    5.01 ^ io_inScaleA[2] (in)
                                         io_inScaleA[2] (net)
                  0.02    0.00    5.01 ^ input11/A (sky130_fd_sc_hd__clkbuf_2)
    10    0.03    0.14    0.17    5.19 ^ input11/X (sky130_fd_sc_hd__clkbuf_2)
                                         net11 (net)
                  0.14    0.00    5.19 ^ scaleAdd._279_/A1 (sky130_fd_sc_hd__a22o_1)
     3    0.01    0.08    0.19    5.38 ^ scaleAdd._279_/X (sky130_fd_sc_hd__a22o_1)
                                         scaleAdd._221_ (net)
                  0.08    0.00    5.38 ^ scaleAdd._285_/B_N (sky130_fd_sc_hd__or2b_1)
     1    0.00    0.06    0.25    5.63 v scaleAdd._285_/X (sky130_fd_sc_hd__or2b_1)
                                         scaleAdd._227_ (net)
                  0.06    0.00    5.63 v scaleAdd._286_/A (sky130_fd_sc_hd__xnor2_1)
     3    0.01    0.08    0.16    5.79 v scaleAdd._286_/Y (sky130_fd_sc_hd__xnor2_1)
                                         scaleAdd._228_ (net)
                  0.08    0.00    5.79 v scaleAdd._311_/B (sky130_fd_sc_hd__or2_1)
     1    0.00    0.05    0.22    6.02 v scaleAdd._311_/X (sky130_fd_sc_hd__or2_1)
                                         scaleAdd._018_ (net)
                  0.05    0.00    6.02 v scaleAdd._313_/A2 (sky130_fd_sc_hd__a21oi_1)
     2    0.01    0.19    0.21    6.23 ^ scaleAdd._313_/Y (sky130_fd_sc_hd__a21oi_1)
                                         scaleAdd._020_ (net)
                  0.19    0.00    6.23 ^ scaleAdd._314_/B (sky130_fd_sc_hd__xnor2_1)
     2    0.01    0.19    0.17    6.40 ^ scaleAdd._314_/Y (sky130_fd_sc_hd__xnor2_1)
                                         scaleAdd._021_ (net)
                  0.19    0.00    6.40 ^ scaleAdd._315_/S (sky130_fd_sc_hd__mux2_2)
     5    0.02    0.08    0.43    6.83 v scaleAdd._315_/X (sky130_fd_sc_hd__mux2_2)
                                         scaleAdd._022_ (net)
                  0.08    0.00    6.83 v scaleAdd._321_/A2 (sky130_fd_sc_hd__a21o_1)
     2    0.00    0.04    0.20    7.03 v scaleAdd._321_/X (sky130_fd_sc_hd__a21o_1)
                                         scaleAdd._028_ (net)
                  0.04    0.00    7.03 v scaleAdd._325_/A (sky130_fd_sc_hd__and3_1)
     3    0.01    0.05    0.16    7.19 v scaleAdd._325_/X (sky130_fd_sc_hd__and3_1)
                                         scaleAdd._032_ (net)
                  0.05    0.00    7.19 v scaleAdd._328_/A (sky130_fd_sc_hd__or3_1)
     3    0.01    0.08    0.41    7.60 v scaleAdd._328_/X (sky130_fd_sc_hd__or3_1)
                                         scaleAdd._035_ (net)
                  0.08    0.00    7.60 v scaleAdd._332_/A1 (sky130_fd_sc_hd__a21o_1)
     2    0.00    0.04    0.18    7.78 v scaleAdd._332_/X (sky130_fd_sc_hd__a21o_1)
                                         scaleAdd._039_ (net)
                  0.04    0.00    7.78 v scaleAdd._361_/A2 (sky130_fd_sc_hd__a21o_1)
     2    0.01    0.07    0.22    8.00 v scaleAdd._361_/X (sky130_fd_sc_hd__a21o_1)
                                         scaleAdd._067_ (net)
                  0.07    0.00    8.00 v scaleAdd._383_/A2 (sky130_fd_sc_hd__a21o_1)
     2    0.01    0.07    0.23    8.22 v scaleAdd._383_/X (sky130_fd_sc_hd__a21o_1)
                                         scaleAdd._088_ (net)
                  0.07    0.00    8.22 v scaleAdd._399_/A2 (sky130_fd_sc_hd__a21o_1)
     2    0.01    0.07    0.23    8.45 v scaleAdd._399_/X (sky130_fd_sc_hd__a21o_1)
                                         scaleAdd._103_ (net)
                  0.07    0.00    8.45 v scaleAdd._417_/A2 (sky130_fd_sc_hd__a21bo_1)
     2    0.01    0.07    0.24    8.70 v scaleAdd._417_/X (sky130_fd_sc_hd__a21bo_1)
                                         scaleAdd._120_ (net)
                  0.07    0.00    8.70 v scaleAdd._432_/A2 (sky130_fd_sc_hd__a21o_1)
     2    0.01    0.07    0.23    8.93 v scaleAdd._432_/X (sky130_fd_sc_hd__a21o_1)
                                         scaleAdd._134_ (net)
                  0.07    0.00    8.93 v scaleAdd._444_/A2 (sky130_fd_sc_hd__a21o_1)
     2    0.01    0.06    0.22    9.15 v scaleAdd._444_/X (sky130_fd_sc_hd__a21o_1)
                                         scaleAdd._145_ (net)
                  0.06    0.00    9.15 v scaleAdd._447_/A2 (sky130_fd_sc_hd__a21o_1)
     2    0.01    0.07    0.22    9.37 v scaleAdd._447_/X (sky130_fd_sc_hd__a21o_1)
                                         scaleAdd._147_ (net)
                  0.07    0.00    9.37 v scaleAdd._449_/B2 (sky130_fd_sc_hd__a2bb2o_1)
     4    0.01    0.08    0.31    9.68 v scaleAdd._449_/X (sky130_fd_sc_hd__a2bb2o_1)
                                         accumulator.io_inMant[15] (net)
                  0.08    0.00    9.68 v accumulator._1181_/A (sky130_fd_sc_hd__or4_1)
     1    0.00    0.08    0.54   10.22 v accumulator._1181_/X (sky130_fd_sc_hd__or4_1)
                                         accumulator._0045_ (net)
                  0.08    0.00   10.22 v accumulator._1182_/A (sky130_fd_sc_hd__buf_2)
    10    0.03    0.08    0.20   10.41 v accumulator._1182_/X (sky130_fd_sc_hd__buf_2)
                                         accumulator._0055_ (net)
                  0.08    0.00   10.41 v accumulator._1200_/A_N (sky130_fd_sc_hd__and2b_1)
     6    0.02    0.14    0.29   10.70 ^ accumulator._1200_/X (sky130_fd_sc_hd__and2b_1)
                                         accumulator._0232_ (net)
                  0.14    0.00   10.70 ^ accumulator._1201_/B1_N (sky130_fd_sc_hd__o21ba_1)
     5    0.02    0.09    0.23   10.93 v accumulator._1201_/X (sky130_fd_sc_hd__o21ba_1)
                                         accumulator._0241_ (net)
                  0.09    0.00   10.93 v accumulator._1202_/B (sky130_fd_sc_hd__and2_1)
     3    0.01    0.05    0.20   11.13 v accumulator._1202_/X (sky130_fd_sc_hd__and2_1)
                                         accumulator._0251_ (net)
                  0.05    0.00   11.13 v accumulator._1204_/A (sky130_fd_sc_hd__or2_1)
     3    0.01    0.08    0.27   11.40 v accumulator._1204_/X (sky130_fd_sc_hd__or2_1)
                                         accumulator._0271_ (net)
                  0.08    0.00   11.40 v accumulator._1205_/A (sky130_fd_sc_hd__inv_2)
     3    0.01    0.05    0.07   11.48 ^ accumulator._1205_/Y (sky130_fd_sc_hd__inv_2)
                                         accumulator._0281_ (net)
                  0.05    0.00   11.48 ^ accumulator._1218_/A2 (sky130_fd_sc_hd__a311o_1)
     4    0.01    0.14    0.23   11.71 ^ accumulator._1218_/X (sky130_fd_sc_hd__a311o_1)
                                         accumulator._0315_ (net)
                  0.14    0.00   11.71 ^ accumulator._1219_/C (sky130_fd_sc_hd__nand3_1)
     2    0.01    0.09    0.12   11.83 v accumulator._1219_/Y (sky130_fd_sc_hd__nand3_1)
                                         accumulator._0316_ (net)
                  0.09    0.00   11.83 v accumulator._1228_/A1 (sky130_fd_sc_hd__a211o_1)
     5    0.01    0.08    0.33   12.16 v accumulator._1228_/X (sky130_fd_sc_hd__a211o_1)
                                         accumulator._0325_ (net)
                  0.08    0.00   12.16 v accumulator._1242_/A1 (sky130_fd_sc_hd__o22a_1)
     3    0.01    0.06    0.25   12.41 v accumulator._1242_/X (sky130_fd_sc_hd__o22a_1)
                                         accumulator._0339_ (net)
                  0.06    0.00   12.41 v accumulator._1255_/C (sky130_fd_sc_hd__or3_2)
     5    0.02    0.12    0.50   12.91 v accumulator._1255_/X (sky130_fd_sc_hd__or3_2)
                                         accumulator._0352_ (net)
                  0.12    0.00   12.91 v accumulator._1257_/A2 (sky130_fd_sc_hd__a21o_2)
     2    0.02    0.07    0.30   13.21 v accumulator._1257_/X (sky130_fd_sc_hd__a21o_2)
                                         accumulator._0354_ (net)
                  0.07    0.00   13.21 v accumulator._1259_/A2 (sky130_fd_sc_hd__a21o_2)
     2    0.02    0.07    0.28   13.48 v accumulator._1259_/X (sky130_fd_sc_hd__a21o_2)
                                         accumulator._0356_ (net)
                  0.07    0.00   13.48 v accumulator._1264_/A1 (sky130_fd_sc_hd__a21o_1)
     2    0.01    0.07    0.21   13.69 v accumulator._1264_/X (sky130_fd_sc_hd__a21o_1)
                                         accumulator._0361_ (net)
                  0.07    0.00   13.69 v accumulator._1266_/A2 (sky130_fd_sc_hd__a21o_1)
     2    0.01    0.07    0.23   13.92 v accumulator._1266_/X (sky130_fd_sc_hd__a21o_1)
                                         accumulator._0363_ (net)
                  0.07    0.00   13.92 v accumulator._1272_/A1 (sky130_fd_sc_hd__a21o_1)
     2    0.02    0.09    0.23   14.15 v accumulator._1272_/X (sky130_fd_sc_hd__a21o_1)
                                         accumulator._0369_ (net)
                  0.09    0.00   14.15 v accumulator._1278_/A1 (sky130_fd_sc_hd__a21oi_4)
     4    0.04    0.31    0.32   14.47 ^ accumulator._1278_/Y (sky130_fd_sc_hd__a21oi_4)
                                         accumulator._0375_ (net)
                  0.31    0.00   14.47 ^ accumulator._1279_/B (sky130_fd_sc_hd__xnor2_4)
    10    0.05    0.37    0.25   14.72 ^ accumulator._1279_/Y (sky130_fd_sc_hd__xnor2_4)
                                         accumulator._0376_ (net)
                  0.37    0.00   14.72 ^ accumulator._1280_/A (sky130_fd_sc_hd__clkbuf_4)
    10    0.04    0.14    0.32   15.04 ^ accumulator._1280_/X (sky130_fd_sc_hd__clkbuf_4)
                                         accumulator._0377_ (net)
                  0.14    0.00   15.04 ^ accumulator._1413_/S (sky130_fd_sc_hd__mux2_1)
     2    0.01    0.09    0.40   15.44 v accumulator._1413_/X (sky130_fd_sc_hd__mux2_1)
                                         accumulator._0508_ (net)
                  0.09    0.00   15.44 v accumulator._1414_/A2 (sky130_fd_sc_hd__a21o_1)
     2    0.01    0.05    0.22   15.66 v accumulator._1414_/X (sky130_fd_sc_hd__a21o_1)
                                         accumulator._0509_ (net)
                  0.05    0.00   15.66 v accumulator._1415_/A2 (sky130_fd_sc_hd__a21o_1)
     2    0.01    0.05    0.20   15.86 v accumulator._1415_/X (sky130_fd_sc_hd__a21o_1)
                                         accumulator._0510_ (net)
                  0.05    0.00   15.86 v accumulator._1417_/A2 (sky130_fd_sc_hd__a21o_1)
     2    0.01    0.05    0.20   16.06 v accumulator._1417_/X (sky130_fd_sc_hd__a21o_1)
                                         accumulator._0512_ (net)
                  0.05    0.00   16.06 v accumulator._1432_/A3 (sky130_fd_sc_hd__a31o_1)
     3    0.01    0.07    0.26   16.32 v accumulator._1432_/X (sky130_fd_sc_hd__a31o_1)
                                         accumulator._0527_ (net)
                  0.07    0.00   16.32 v accumulator._1721_/B1 (sky130_fd_sc_hd__a32o_2)
     4    0.02    0.08    0.28   16.60 v accumulator._1721_/X (sky130_fd_sc_hd__a32o_2)
                                         accumulator._0816_ (net)
                  0.08    0.00   16.60 v accumulator._1736_/B1 (sky130_fd_sc_hd__a2111o_2)
     5    0.02    0.10    0.53   17.13 v accumulator._1736_/X (sky130_fd_sc_hd__a2111o_2)
                                         accumulator._0831_ (net)
                  0.10    0.00   17.13 v accumulator._1738_/A2 (sky130_fd_sc_hd__a21o_1)
     3    0.01    0.05    0.23   17.36 v accumulator._1738_/X (sky130_fd_sc_hd__a21o_1)
                                         accumulator._0833_ (net)
                  0.05    0.00   17.36 v accumulator._1744_/A1 (sky130_fd_sc_hd__a2111o_1)
     3    0.01    0.09    0.42   17.78 v accumulator._1744_/X (sky130_fd_sc_hd__a2111o_1)
                                         accumulator._0839_ (net)
                  0.09    0.00   17.78 v accumulator._1748_/A2 (sky130_fd_sc_hd__a2111o_1)
     2    0.00    0.07    0.45   18.24 v accumulator._1748_/X (sky130_fd_sc_hd__a2111o_1)
                                         accumulator._0843_ (net)
                  0.07    0.00   18.24 v accumulator._1751_/A2 (sky130_fd_sc_hd__a21o_1)
     2    0.01    0.05    0.21   18.44 v accumulator._1751_/X (sky130_fd_sc_hd__a21o_1)
                                         accumulator._0846_ (net)
                  0.05    0.00   18.44 v accumulator._1773_/A2 (sky130_fd_sc_hd__a21o_1)
     2    0.01    0.04    0.19   18.63 v accumulator._1773_/X (sky130_fd_sc_hd__a21o_1)
                                         accumulator._0868_ (net)
                  0.04    0.00   18.63 v accumulator._1798_/A2 (sky130_fd_sc_hd__a311o_1)
     2    0.01    0.08    0.35   18.98 v accumulator._1798_/X (sky130_fd_sc_hd__a311o_1)
                                         accumulator._0893_ (net)
                  0.08    0.00   18.98 v accumulator._1814_/A1 (sky130_fd_sc_hd__a21o_1)
     2    0.01    0.05    0.19   19.17 v accumulator._1814_/X (sky130_fd_sc_hd__a21o_1)
                                         accumulator._0909_ (net)
                  0.05    0.00   19.17 v accumulator._1825_/A2 (sky130_fd_sc_hd__a31oi_2)
     3    0.01    0.20    0.23   19.40 ^ accumulator._1825_/Y (sky130_fd_sc_hd__a31oi_2)
                                         accumulator._0920_ (net)
                  0.20    0.00   19.40 ^ accumulator._1926_/A2 (sky130_fd_sc_hd__a21o_1)
     3    0.01    0.09    0.20   19.60 ^ accumulator._1926_/X (sky130_fd_sc_hd__a21o_1)
                                         accumulator._1021_ (net)
                  0.09    0.00   19.60 ^ accumulator._2039_/S (sky130_fd_sc_hd__mux2_1)
     3    0.01    0.10    0.40   19.99 v accumulator._2039_/X (sky130_fd_sc_hd__mux2_1)
                                         accumulator._1134_ (net)
                  0.10    0.00   19.99 v accumulator._2059_/B2 (sky130_fd_sc_hd__a221oi_1)
     1    0.00    0.25    0.31   20.30 ^ accumulator._2059_/Y (sky130_fd_sc_hd__a221oi_1)
                                         accumulator._1155_ (net)
                  0.25    0.00   20.30 ^ accumulator._2060_/A2 (sky130_fd_sc_hd__o21ai_1)
     1    0.00    0.07    0.10   20.40 v accumulator._2060_/Y (sky130_fd_sc_hd__o21ai_1)
                                         accumulator._1156_ (net)
                  0.07    0.00   20.40 v accumulator._2061_/A2 (sky130_fd_sc_hd__a21o_1)
     1    0.00    0.03    0.19   20.59 v accumulator._2061_/X (sky130_fd_sc_hd__a21o_1)
                                         accumulator._1157_ (net)
                  0.03    0.00   20.59 v accumulator._2062_/A2 (sky130_fd_sc_hd__a21o_1)
     1    0.00    0.03    0.17   20.76 v accumulator._2062_/X (sky130_fd_sc_hd__a21o_1)
                                         accumulator._1158_ (net)
                  0.03    0.00   20.76 v accumulator._2063_/A2 (sky130_fd_sc_hd__a21o_1)
     1    0.00    0.03    0.17   20.93 v accumulator._2063_/X (sky130_fd_sc_hd__a21o_1)
                                         accumulator._1159_ (net)
                  0.03    0.00   20.93 v accumulator._2064_/A2 (sky130_fd_sc_hd__a21o_1)
     1    0.00    0.04    0.18   21.11 v accumulator._2064_/X (sky130_fd_sc_hd__a21o_1)
                                         accumulator._1160_ (net)
                  0.04    0.00   21.11 v accumulator._2065_/A2 (sky130_fd_sc_hd__a21oi_1)
     1    0.00    0.12    0.14   21.26 ^ accumulator._2065_/Y (sky130_fd_sc_hd__a21oi_1)
                                         accumulator._1161_ (net)
                  0.12    0.00   21.26 ^ accumulator._2067_/A2 (sky130_fd_sc_hd__o21ai_1)
     1    0.00    0.06    0.07   21.33 v accumulator._2067_/Y (sky130_fd_sc_hd__o21ai_1)
                                         accumulator._1163_ (net)
                  0.06    0.00   21.33 v accumulator._2068_/A2 (sky130_fd_sc_hd__a21o_1)
     1    0.00    0.03    0.18   21.51 v accumulator._2068_/X (sky130_fd_sc_hd__a21o_1)
                                         accumulator._1164_ (net)
                  0.03    0.00   21.51 v accumulator._2069_/A2 (sky130_fd_sc_hd__a21o_1)
     1    0.00    0.04    0.18   21.69 v accumulator._2069_/X (sky130_fd_sc_hd__a21o_1)
                                         accumulator._1165_ (net)
                  0.04    0.00   21.69 v accumulator._2070_/A2 (sky130_fd_sc_hd__a211o_1)
     1    0.00    0.04    0.29   21.98 v accumulator._2070_/X (sky130_fd_sc_hd__a211o_1)
                                         accumulator._1167_ (net)
                  0.04    0.00   21.98 v accumulator._2073_/B1 (sky130_fd_sc_hd__a2bb2o_1)
     2    0.01    0.06    0.30   22.29 v accumulator._2073_/X (sky130_fd_sc_hd__a2bb2o_1)
                                         accumulator._1170_ (net)
                  0.06    0.00   22.29 v accumulator._2074_/A (sky130_fd_sc_hd__clkbuf_4)
    10    0.04    0.09    0.21   22.49 v accumulator._2074_/X (sky130_fd_sc_hd__clkbuf_4)
                                         accumulator._1171_ (net)
                  0.09    0.00   22.49 v accumulator._2145_/S (sky130_fd_sc_hd__mux2_1)
     2    0.01    0.07    0.35   22.85 v accumulator._2145_/X (sky130_fd_sc_hd__mux2_1)
                                         accumulator._0100_ (net)
                  0.07    0.00   22.85 v accumulator._2146_/A1 (sky130_fd_sc_hd__mux2_1)
     2    0.01    0.07    0.34   23.18 v accumulator._2146_/X (sky130_fd_sc_hd__mux2_1)
                                         accumulator._0101_ (net)
                  0.07    0.00   23.18 v accumulator._2147_/A1 (sky130_fd_sc_hd__mux2_1)
     2    0.00    0.06    0.33   23.51 v accumulator._2147_/X (sky130_fd_sc_hd__mux2_1)
                                         accumulator._0102_ (net)
                  0.06    0.00   23.51 v accumulator._2149_/A0 (sky130_fd_sc_hd__mux2_1)
     2    0.01    0.07    0.32   23.83 v accumulator._2149_/X (sky130_fd_sc_hd__mux2_1)
                                         accumulator._0104_ (net)
                  0.07    0.00   23.83 v accumulator._2274_/A (sky130_fd_sc_hd__or2_1)
     1    0.00    0.05    0.24   24.07 v accumulator._2274_/X (sky130_fd_sc_hd__or2_1)
                                         accumulator._0226_ (net)
                  0.05    0.00   24.07 v accumulator._2280_/A1 (sky130_fd_sc_hd__a21oi_1)
     1    0.00    0.09    0.11   24.18 ^ accumulator._2280_/Y (sky130_fd_sc_hd__a21oi_1)
                                         accumulator._0024_ (net)
                  0.09    0.00   24.18 ^ accumulator._2379_/D (sky130_fd_sc_hd__dfxtp_1)
                                 24.18   data arrival time

                  0.15   25.00   25.00   clock clock (rise edge)
                          0.00   25.00   clock network delay (ideal)
                         -0.25   24.75   clock uncertainty
                          0.00   24.75   clock reconvergence pessimism
                                 24.75 ^ accumulator._2379_/CLK (sky130_fd_sc_hd__dfxtp_1)
                         -0.05   24.70   library setup time
                                 24.70   data required time
-----------------------------------------------------------------------------
                                 24.70   data required time
                                -24.18   data arrival time
-----------------------------------------------------------------------------
                                  0.53   slack (MET)


Startpoint: io_inScaleA[2] (input port clocked by clock)
Endpoint: accumulator._2368_ (rising edge-triggered flip-flop clocked by clock)
Path Group: clock
Path Type: max

Fanout     Cap    Slew   Delay    Time   Description
-----------------------------------------------------------------------------
                  0.15    0.00    0.00   clock clock (rise edge)
                          0.00    0.00   clock network delay (ideal)
                          5.00    5.00 ^ input external delay
     1    0.00    0.02    0.01    5.01 ^ io_inScaleA[2] (in)
                                         io_inScaleA[2] (net)
                  0.02    0.00    5.01 ^ input11/A (sky130_fd_sc_hd__clkbuf_2)
    10    0.03    0.14    0.17    5.19 ^ input11/X (sky130_fd_sc_hd__clkbuf_2)
                                         net11 (net)
                  0.14    0.00    5.19 ^ scaleAdd._279_/A1 (sky130_fd_sc_hd__a22o_1)
     3    0.01    0.08    0.19    5.38 ^ scaleAdd._279_/X (sky130_fd_sc_hd__a22o_1)
                                         scaleAdd._221_ (net)
                  0.08    0.00    5.38 ^ scaleAdd._285_/B_N (sky130_fd_sc_hd__or2b_1)
     1    0.00    0.06    0.25    5.63 v scaleAdd._285_/X (sky130_fd_sc_hd__or2b_1)
                                         scaleAdd._227_ (net)
                  0.06    0.00    5.63 v scaleAdd._286_/A (sky130_fd_sc_hd__xnor2_1)
     3    0.01    0.08    0.16    5.79 v scaleAdd._286_/Y (sky130_fd_sc_hd__xnor2_1)
                                         scaleAdd._228_ (net)
                  0.08    0.00    5.79 v scaleAdd._311_/B (sky130_fd_sc_hd__or2_1)
     1    0.00    0.05    0.22    6.02 v scaleAdd._311_/X (sky130_fd_sc_hd__or2_1)
                                         scaleAdd._018_ (net)
                  0.05    0.00    6.02 v scaleAdd._313_/A2 (sky130_fd_sc_hd__a21oi_1)
     2    0.01    0.19    0.21    6.23 ^ scaleAdd._313_/Y (sky130_fd_sc_hd__a21oi_1)
                                         scaleAdd._020_ (net)
                  0.19    0.00    6.23 ^ scaleAdd._314_/B (sky130_fd_sc_hd__xnor2_1)
     2    0.01    0.19    0.17    6.40 ^ scaleAdd._314_/Y (sky130_fd_sc_hd__xnor2_1)
                                         scaleAdd._021_ (net)
                  0.19    0.00    6.40 ^ scaleAdd._315_/S (sky130_fd_sc_hd__mux2_2)
     5    0.02    0.08    0.43    6.83 v scaleAdd._315_/X (sky130_fd_sc_hd__mux2_2)
                                         scaleAdd._022_ (net)
                  0.08    0.00    6.83 v scaleAdd._321_/A2 (sky130_fd_sc_hd__a21o_1)
     2    0.00    0.04    0.20    7.03 v scaleAdd._321_/X (sky130_fd_sc_hd__a21o_1)
                                         scaleAdd._028_ (net)
                  0.04    0.00    7.03 v scaleAdd._325_/A (sky130_fd_sc_hd__and3_1)
     3    0.01    0.05    0.16    7.19 v scaleAdd._325_/X (sky130_fd_sc_hd__and3_1)
                                         scaleAdd._032_ (net)
                  0.05    0.00    7.19 v scaleAdd._328_/A (sky130_fd_sc_hd__or3_1)
     3    0.01    0.08    0.41    7.60 v scaleAdd._328_/X (sky130_fd_sc_hd__or3_1)
                                         scaleAdd._035_ (net)
                  0.08    0.00    7.60 v scaleAdd._332_/A1 (sky130_fd_sc_hd__a21o_1)
     2    0.00    0.04    0.18    7.78 v scaleAdd._332_/X (sky130_fd_sc_hd__a21o_1)
                                         scaleAdd._039_ (net)
                  0.04    0.00    7.78 v scaleAdd._361_/A2 (sky130_fd_sc_hd__a21o_1)
     2    0.01    0.07    0.22    8.00 v scaleAdd._361_/X (sky130_fd_sc_hd__a21o_1)
                                         scaleAdd._067_ (net)
                  0.07    0.00    8.00 v scaleAdd._383_/A2 (sky130_fd_sc_hd__a21o_1)
     2    0.01    0.07    0.23    8.22 v scaleAdd._383_/X (sky130_fd_sc_hd__a21o_1)
                                         scaleAdd._088_ (net)
                  0.07    0.00    8.22 v scaleAdd._399_/A2 (sky130_fd_sc_hd__a21o_1)
     2    0.01    0.07    0.23    8.45 v scaleAdd._399_/X (sky130_fd_sc_hd__a21o_1)
                                         scaleAdd._103_ (net)
                  0.07    0.00    8.45 v scaleAdd._417_/A2 (sky130_fd_sc_hd__a21bo_1)
     2    0.01    0.07    0.24    8.70 v scaleAdd._417_/X (sky130_fd_sc_hd__a21bo_1)
                                         scaleAdd._120_ (net)
                  0.07    0.00    8.70 v scaleAdd._432_/A2 (sky130_fd_sc_hd__a21o_1)
     2    0.01    0.07    0.23    8.93 v scaleAdd._432_/X (sky130_fd_sc_hd__a21o_1)
                                         scaleAdd._134_ (net)
                  0.07    0.00    8.93 v scaleAdd._444_/A2 (sky130_fd_sc_hd__a21o_1)
     2    0.01    0.06    0.22    9.15 v scaleAdd._444_/X (sky130_fd_sc_hd__a21o_1)
                                         scaleAdd._145_ (net)
                  0.06    0.00    9.15 v scaleAdd._447_/A2 (sky130_fd_sc_hd__a21o_1)
     2    0.01    0.07    0.22    9.37 v scaleAdd._447_/X (sky130_fd_sc_hd__a21o_1)
                                         scaleAdd._147_ (net)
                  0.07    0.00    9.37 v scaleAdd._449_/B2 (sky130_fd_sc_hd__a2bb2o_1)
     4    0.01    0.08    0.31    9.68 v scaleAdd._449_/X (sky130_fd_sc_hd__a2bb2o_1)
                                         accumulator.io_inMant[15] (net)
                  0.08    0.00    9.68 v accumulator._1181_/A (sky130_fd_sc_hd__or4_1)
     1    0.00    0.08    0.54   10.22 v accumulator._1181_/X (sky130_fd_sc_hd__or4_1)
                                         accumulator._0045_ (net)
                  0.08    0.00   10.22 v accumulator._1182_/A (sky130_fd_sc_hd__buf_2)
    10    0.03    0.08    0.20   10.41 v accumulator._1182_/X (sky130_fd_sc_hd__buf_2)
                                         accumulator._0055_ (net)
                  0.08    0.00   10.41 v accumulator._1200_/A_N (sky130_fd_sc_hd__and2b_1)
     6    0.02    0.14    0.29   10.70 ^ accumulator._1200_/X (sky130_fd_sc_hd__and2b_1)
                                         accumulator._0232_ (net)
                  0.14    0.00   10.70 ^ accumulator._1201_/B1_N (sky130_fd_sc_hd__o21ba_1)
     5    0.02    0.09    0.23   10.93 v accumulator._1201_/X (sky130_fd_sc_hd__o21ba_1)
                                         accumulator._0241_ (net)
                  0.09    0.00   10.93 v accumulator._1202_/B (sky130_fd_sc_hd__and2_1)
     3    0.01    0.05    0.20   11.13 v accumulator._1202_/X (sky130_fd_sc_hd__and2_1)
                                         accumulator._0251_ (net)
                  0.05    0.00   11.13 v accumulator._1204_/A (sky130_fd_sc_hd__or2_1)
     3    0.01    0.08    0.27   11.40 v accumulator._1204_/X (sky130_fd_sc_hd__or2_1)
                                         accumulator._0271_ (net)
                  0.08    0.00   11.40 v accumulator._1205_/A (sky130_fd_sc_hd__inv_2)
     3    0.01    0.05    0.07   11.48 ^ accumulator._1205_/Y (sky130_fd_sc_hd__inv_2)
                                         accumulator._0281_ (net)
                  0.05    0.00   11.48 ^ accumulator._1218_/A2 (sky130_fd_sc_hd__a311o_1)
     4    0.01    0.14    0.23   11.71 ^ accumulator._1218_/X (sky130_fd_sc_hd__a311o_1)
                                         accumulator._0315_ (net)
                  0.14    0.00   11.71 ^ accumulator._1219_/C (sky130_fd_sc_hd__nand3_1)
     2    0.01    0.09    0.12   11.83 v accumulator._1219_/Y (sky130_fd_sc_hd__nand3_1)
                                         accumulator._0316_ (net)
                  0.09    0.00   11.83 v accumulator._1228_/A1 (sky130_fd_sc_hd__a211o_1)
     5    0.01    0.08    0.33   12.16 v accumulator._1228_/X (sky130_fd_sc_hd__a211o_1)
                                         accumulator._0325_ (net)
                  0.08    0.00   12.16 v accumulator._1242_/A1 (sky130_fd_sc_hd__o22a_1)
     3    0.01    0.06    0.25   12.41 v accumulator._1242_/X (sky130_fd_sc_hd__o22a_1)
                                         accumulator._0339_ (net)
                  0.06    0.00   12.41 v accumulator._1255_/C (sky130_fd_sc_hd__or3_2)
     5    0.02    0.12    0.50   12.91 v accumulator._1255_/X (sky130_fd_sc_hd__or3_2)
                                         accumulator._0352_ (net)
                  0.12    0.00   12.91 v accumulator._1257_/A2 (sky130_fd_sc_hd__a21o_2)
     2    0.02    0.07    0.30   13.21 v accumulator._1257_/X (sky130_fd_sc_hd__a21o_2)
                                         accumulator._0354_ (net)
                  0.07    0.00   13.21 v accumulator._1259_/A2 (sky130_fd_sc_hd__a21o_2)
     2    0.02    0.07    0.28   13.48 v accumulator._1259_/X (sky130_fd_sc_hd__a21o_2)
                                         accumulator._0356_ (net)
                  0.07    0.00   13.48 v accumulator._1264_/A1 (sky130_fd_sc_hd__a21o_1)
     2    0.01    0.07    0.21   13.69 v accumulator._1264_/X (sky130_fd_sc_hd__a21o_1)
                                         accumulator._0361_ (net)
                  0.07    0.00   13.69 v accumulator._1266_/A2 (sky130_fd_sc_hd__a21o_1)
     2    0.01    0.07    0.23   13.92 v accumulator._1266_/X (sky130_fd_sc_hd__a21o_1)
                                         accumulator._0363_ (net)
                  0.07    0.00   13.92 v accumulator._1272_/A1 (sky130_fd_sc_hd__a21o_1)
     2    0.02    0.09    0.23   14.15 v accumulator._1272_/X (sky130_fd_sc_hd__a21o_1)
                                         accumulator._0369_ (net)
                  0.09    0.00   14.15 v accumulator._1278_/A1 (sky130_fd_sc_hd__a21oi_4)
     4    0.04    0.31    0.32   14.47 ^ accumulator._1278_/Y (sky130_fd_sc_hd__a21oi_4)
                                         accumulator._0375_ (net)
                  0.31    0.00   14.47 ^ accumulator._1279_/B (sky130_fd_sc_hd__xnor2_4)
    10    0.05    0.37    0.25   14.72 ^ accumulator._1279_/Y (sky130_fd_sc_hd__xnor2_4)
                                         accumulator._0376_ (net)
                  0.37    0.00   14.72 ^ accumulator._1280_/A (sky130_fd_sc_hd__clkbuf_4)
    10    0.04    0.14    0.32   15.04 ^ accumulator._1280_/X (sky130_fd_sc_hd__clkbuf_4)
                                         accumulator._0377_ (net)
                  0.14    0.00   15.04 ^ accumulator._1413_/S (sky130_fd_sc_hd__mux2_1)
     2    0.01    0.09    0.40   15.44 v accumulator._1413_/X (sky130_fd_sc_hd__mux2_1)
                                         accumulator._0508_ (net)
                  0.09    0.00   15.44 v accumulator._1414_/A2 (sky130_fd_sc_hd__a21o_1)
     2    0.01    0.05    0.22   15.66 v accumulator._1414_/X (sky130_fd_sc_hd__a21o_1)
                                         accumulator._0509_ (net)
                  0.05    0.00   15.66 v accumulator._1415_/A2 (sky130_fd_sc_hd__a21o_1)
     2    0.01    0.05    0.20   15.86 v accumulator._1415_/X (sky130_fd_sc_hd__a21o_1)
                                         accumulator._0510_ (net)
                  0.05    0.00   15.86 v accumulator._1417_/A2 (sky130_fd_sc_hd__a21o_1)
     2    0.01    0.05    0.20   16.06 v accumulator._1417_/X (sky130_fd_sc_hd__a21o_1)
                                         accumulator._0512_ (net)
                  0.05    0.00   16.06 v accumulator._1432_/A3 (sky130_fd_sc_hd__a31o_1)
     3    0.01    0.07    0.26   16.32 v accumulator._1432_/X (sky130_fd_sc_hd__a31o_1)
                                         accumulator._0527_ (net)
                  0.07    0.00   16.32 v accumulator._1721_/B1 (sky130_fd_sc_hd__a32o_2)
     4    0.02    0.08    0.28   16.60 v accumulator._1721_/X (sky130_fd_sc_hd__a32o_2)
                                         accumulator._0816_ (net)
                  0.08    0.00   16.60 v accumulator._1736_/B1 (sky130_fd_sc_hd__a2111o_2)
     5    0.02    0.10    0.53   17.13 v accumulator._1736_/X (sky130_fd_sc_hd__a2111o_2)
                                         accumulator._0831_ (net)
                  0.10    0.00   17.13 v accumulator._1738_/A2 (sky130_fd_sc_hd__a21o_1)
     3    0.01    0.05    0.23   17.36 v accumulator._1738_/X (sky130_fd_sc_hd__a21o_1)
                                         accumulator._0833_ (net)
                  0.05    0.00   17.36 v accumulator._1744_/A1 (sky130_fd_sc_hd__a2111o_1)
     3    0.01    0.09    0.42   17.78 v accumulator._1744_/X (sky130_fd_sc_hd__a2111o_1)
                                         accumulator._0839_ (net)
                  0.09    0.00   17.78 v accumulator._1748_/A2 (sky130_fd_sc_hd__a2111o_1)
     2    0.00    0.07    0.45   18.24 v accumulator._1748_/X (sky130_fd_sc_hd__a2111o_1)
                                         accumulator._0843_ (net)
                  0.07    0.00   18.24 v accumulator._1751_/A2 (sky130_fd_sc_hd__a21o_1)
     2    0.01    0.05    0.21   18.44 v accumulator._1751_/X (sky130_fd_sc_hd__a21o_1)
                                         accumulator._0846_ (net)
                  0.05    0.00   18.44 v accumulator._1773_/A2 (sky130_fd_sc_hd__a21o_1)
     2    0.01    0.04    0.19   18.63 v accumulator._1773_/X (sky130_fd_sc_hd__a21o_1)
                                         accumulator._0868_ (net)
                  0.04    0.00   18.63 v accumulator._1798_/A2 (sky130_fd_sc_hd__a311o_1)
     2    0.01    0.08    0.35   18.98 v accumulator._1798_/X (sky130_fd_sc_hd__a311o_1)
                                         accumulator._0893_ (net)
                  0.08    0.00   18.98 v accumulator._1814_/A1 (sky130_fd_sc_hd__a21o_1)
     2    0.01    0.05    0.19   19.17 v accumulator._1814_/X (sky130_fd_sc_hd__a21o_1)
                                         accumulator._0909_ (net)
                  0.05    0.00   19.17 v accumulator._1825_/A2 (sky130_fd_sc_hd__a31oi_2)
     3    0.01    0.20    0.23   19.40 ^ accumulator._1825_/Y (sky130_fd_sc_hd__a31oi_2)
                                         accumulator._0920_ (net)
                  0.20    0.00   19.40 ^ accumulator._1926_/A2 (sky130_fd_sc_hd__a21o_1)
     3    0.01    0.09    0.20   19.60 ^ accumulator._1926_/X (sky130_fd_sc_hd__a21o_1)
                                         accumulator._1021_ (net)
                  0.09    0.00   19.60 ^ accumulator._2039_/S (sky130_fd_sc_hd__mux2_1)
     3    0.01    0.10    0.40   19.99 v accumulator._2039_/X (sky130_fd_sc_hd__mux2_1)
                                         accumulator._1134_ (net)
                  0.10    0.00   19.99 v accumulator._2059_/B2 (sky130_fd_sc_hd__a221oi_1)
     1    0.00    0.25    0.31   20.30 ^ accumulator._2059_/Y (sky130_fd_sc_hd__a221oi_1)
                                         accumulator._1155_ (net)
                  0.25    0.00   20.30 ^ accumulator._2060_/A2 (sky130_fd_sc_hd__o21ai_1)
     1    0.00    0.07    0.10   20.40 v accumulator._2060_/Y (sky130_fd_sc_hd__o21ai_1)
                                         accumulator._1156_ (net)
                  0.07    0.00   20.40 v accumulator._2061_/A2 (sky130_fd_sc_hd__a21o_1)
     1    0.00    0.03    0.19   20.59 v accumulator._2061_/X (sky130_fd_sc_hd__a21o_1)
                                         accumulator._1157_ (net)
                  0.03    0.00   20.59 v accumulator._2062_/A2 (sky130_fd_sc_hd__a21o_1)
     1    0.00    0.03    0.17   20.76 v accumulator._2062_/X (sky130_fd_sc_hd__a21o_1)
                                         accumulator._1158_ (net)
                  0.03    0.00   20.76 v accumulator._2063_/A2 (sky130_fd_sc_hd__a21o_1)
     1    0.00    0.03    0.17   20.93 v accumulator._2063_/X (sky130_fd_sc_hd__a21o_1)
                                         accumulator._1159_ (net)
                  0.03    0.00   20.93 v accumulator._2064_/A2 (sky130_fd_sc_hd__a21o_1)
     1    0.00    0.04    0.18   21.11 v accumulator._2064_/X (sky130_fd_sc_hd__a21o_1)
                                         accumulator._1160_ (net)
                  0.04    0.00   21.11 v accumulator._2065_/A2 (sky130_fd_sc_hd__a21oi_1)
     1    0.00    0.12    0.14   21.26 ^ accumulator._2065_/Y (sky130_fd_sc_hd__a21oi_1)
                                         accumulator._1161_ (net)
                  0.12    0.00   21.26 ^ accumulator._2067_/A2 (sky130_fd_sc_hd__o21ai_1)
     1    0.00    0.06    0.07   21.33 v accumulator._2067_/Y (sky130_fd_sc_hd__o21ai_1)
                                         accumulator._1163_ (net)
                  0.06    0.00   21.33 v accumulator._2068_/A2 (sky130_fd_sc_hd__a21o_1)
     1    0.00    0.03    0.18   21.51 v accumulator._2068_/X (sky130_fd_sc_hd__a21o_1)
                                         accumulator._1164_ (net)
                  0.03    0.00   21.51 v accumulator._2069_/A2 (sky130_fd_sc_hd__a21o_1)
     1    0.00    0.04    0.18   21.69 v accumulator._2069_/X (sky130_fd_sc_hd__a21o_1)
                                         accumulator._1165_ (net)
                  0.04    0.00   21.69 v accumulator._2070_/A2 (sky130_fd_sc_hd__a211o_1)
     1    0.00    0.04    0.29   21.98 v accumulator._2070_/X (sky130_fd_sc_hd__a211o_1)
                                         accumulator._1167_ (net)
                  0.04    0.00   21.98 v accumulator._2073_/B1 (sky130_fd_sc_hd__a2bb2o_1)
     2    0.01    0.06    0.30   22.29 v accumulator._2073_/X (sky130_fd_sc_hd__a2bb2o_1)
                                         accumulator._1170_ (net)
                  0.06    0.00   22.29 v accumulator._2074_/A (sky130_fd_sc_hd__clkbuf_4)
    10    0.04    0.09    0.21   22.49 v accumulator._2074_/X (sky130_fd_sc_hd__clkbuf_4)
                                         accumulator._1171_ (net)
                  0.09    0.00   22.49 v accumulator._2101_/A (sky130_fd_sc_hd__clkbuf_4)
    10    0.04    0.09    0.22   22.72 v accumulator._2101_/X (sky130_fd_sc_hd__clkbuf_4)
                                         accumulator._0057_ (net)
                  0.09    0.00   22.72 v accumulator._2102_/S (sky130_fd_sc_hd__mux2_1)
     2    0.00    0.07    0.35   23.07 v accumulator._2102_/X (sky130_fd_sc_hd__mux2_1)
                                         accumulator._0058_ (net)
                  0.07    0.00   23.07 v accumulator._2121_/A0 (sky130_fd_sc_hd__mux2_1)
     3    0.01    0.08    0.33   23.40 v accumulator._2121_/X (sky130_fd_sc_hd__mux2_1)
                                         accumulator._0077_ (net)
                  0.08    0.00   23.40 v accumulator._2127_/A2 (sky130_fd_sc_hd__a21oi_1)
     3    0.01    0.22    0.24   23.64 ^ accumulator._2127_/Y (sky130_fd_sc_hd__a21oi_1)
                                         accumulator._0083_ (net)
                  0.22    0.00   23.64 ^ accumulator._2191_/A1_N (sky130_fd_sc_hd__a2bb2o_1)
     1    0.00    0.05    0.32   23.97 v accumulator._2191_/X (sky130_fd_sc_hd__a2bb2o_1)
                                         accumulator._0146_ (net)
                  0.05    0.00   23.97 v accumulator._2192_/A2 (sky130_fd_sc_hd__o21a_1)
     1    0.00    0.03    0.17   24.13 v accumulator._2192_/X (sky130_fd_sc_hd__o21a_1)
                                         accumulator._0013_ (net)
                  0.03    0.00   24.13 v accumulator._2368_/D (sky130_fd_sc_hd__dfxtp_1)
                                 24.13   data arrival time

                  0.15   25.00   25.00   clock clock (rise edge)
                          0.00   25.00   clock network delay (ideal)
                         -0.25   24.75   clock uncertainty
                          0.00   24.75   clock reconvergence pessimism
                                 24.75 ^ accumulator._2368_/CLK (sky130_fd_sc_hd__dfxtp_1)
                         -0.08   24.67   library setup time
                                 24.67   data required time
-----------------------------------------------------------------------------
                                 24.67   data required time
                                -24.13   data arrival time
-----------------------------------------------------------------------------
                                  0.54   slack (MET)


Startpoint: io_inScaleA[2] (input port clocked by clock)
Endpoint: accumulator._2369_ (rising edge-triggered flip-flop clocked by clock)
Path Group: clock
Path Type: max

Fanout     Cap    Slew   Delay    Time   Description
-----------------------------------------------------------------------------
                  0.15    0.00    0.00   clock clock (rise edge)
                          0.00    0.00   clock network delay (ideal)
                          5.00    5.00 ^ input external delay
     1    0.00    0.02    0.01    5.01 ^ io_inScaleA[2] (in)
                                         io_inScaleA[2] (net)
                  0.02    0.00    5.01 ^ input11/A (sky130_fd_sc_hd__clkbuf_2)
    10    0.03    0.14    0.17    5.19 ^ input11/X (sky130_fd_sc_hd__clkbuf_2)
                                         net11 (net)
                  0.14    0.00    5.19 ^ scaleAdd._279_/A1 (sky130_fd_sc_hd__a22o_1)
     3    0.01    0.08    0.19    5.38 ^ scaleAdd._279_/X (sky130_fd_sc_hd__a22o_1)
                                         scaleAdd._221_ (net)
                  0.08    0.00    5.38 ^ scaleAdd._285_/B_N (sky130_fd_sc_hd__or2b_1)
     1    0.00    0.06    0.25    5.63 v scaleAdd._285_/X (sky130_fd_sc_hd__or2b_1)
                                         scaleAdd._227_ (net)
                  0.06    0.00    5.63 v scaleAdd._286_/A (sky130_fd_sc_hd__xnor2_1)
     3    0.01    0.08    0.16    5.79 v scaleAdd._286_/Y (sky130_fd_sc_hd__xnor2_1)
                                         scaleAdd._228_ (net)
                  0.08    0.00    5.79 v scaleAdd._311_/B (sky130_fd_sc_hd__or2_1)
     1    0.00    0.05    0.22    6.02 v scaleAdd._311_/X (sky130_fd_sc_hd__or2_1)
                                         scaleAdd._018_ (net)
                  0.05    0.00    6.02 v scaleAdd._313_/A2 (sky130_fd_sc_hd__a21oi_1)
     2    0.01    0.19    0.21    6.23 ^ scaleAdd._313_/Y (sky130_fd_sc_hd__a21oi_1)
                                         scaleAdd._020_ (net)
                  0.19    0.00    6.23 ^ scaleAdd._314_/B (sky130_fd_sc_hd__xnor2_1)
     2    0.01    0.19    0.17    6.40 ^ scaleAdd._314_/Y (sky130_fd_sc_hd__xnor2_1)
                                         scaleAdd._021_ (net)
                  0.19    0.00    6.40 ^ scaleAdd._315_/S (sky130_fd_sc_hd__mux2_2)
     5    0.02    0.08    0.43    6.83 v scaleAdd._315_/X (sky130_fd_sc_hd__mux2_2)
                                         scaleAdd._022_ (net)
                  0.08    0.00    6.83 v scaleAdd._321_/A2 (sky130_fd_sc_hd__a21o_1)
     2    0.00    0.04    0.20    7.03 v scaleAdd._321_/X (sky130_fd_sc_hd__a21o_1)
                                         scaleAdd._028_ (net)
                  0.04    0.00    7.03 v scaleAdd._325_/A (sky130_fd_sc_hd__and3_1)
     3    0.01    0.05    0.16    7.19 v scaleAdd._325_/X (sky130_fd_sc_hd__and3_1)
                                         scaleAdd._032_ (net)
                  0.05    0.00    7.19 v scaleAdd._328_/A (sky130_fd_sc_hd__or3_1)
     3    0.01    0.08    0.41    7.60 v scaleAdd._328_/X (sky130_fd_sc_hd__or3_1)
                                         scaleAdd._035_ (net)
                  0.08    0.00    7.60 v scaleAdd._332_/A1 (sky130_fd_sc_hd__a21o_1)
     2    0.00    0.04    0.18    7.78 v scaleAdd._332_/X (sky130_fd_sc_hd__a21o_1)
                                         scaleAdd._039_ (net)
                  0.04    0.00    7.78 v scaleAdd._361_/A2 (sky130_fd_sc_hd__a21o_1)
     2    0.01    0.07    0.22    8.00 v scaleAdd._361_/X (sky130_fd_sc_hd__a21o_1)
                                         scaleAdd._067_ (net)
                  0.07    0.00    8.00 v scaleAdd._383_/A2 (sky130_fd_sc_hd__a21o_1)
     2    0.01    0.07    0.23    8.22 v scaleAdd._383_/X (sky130_fd_sc_hd__a21o_1)
                                         scaleAdd._088_ (net)
                  0.07    0.00    8.22 v scaleAdd._399_/A2 (sky130_fd_sc_hd__a21o_1)
     2    0.01    0.07    0.23    8.45 v scaleAdd._399_/X (sky130_fd_sc_hd__a21o_1)
                                         scaleAdd._103_ (net)
                  0.07    0.00    8.45 v scaleAdd._417_/A2 (sky130_fd_sc_hd__a21bo_1)
     2    0.01    0.07    0.24    8.70 v scaleAdd._417_/X (sky130_fd_sc_hd__a21bo_1)
                                         scaleAdd._120_ (net)
                  0.07    0.00    8.70 v scaleAdd._432_/A2 (sky130_fd_sc_hd__a21o_1)
     2    0.01    0.07    0.23    8.93 v scaleAdd._432_/X (sky130_fd_sc_hd__a21o_1)
                                         scaleAdd._134_ (net)
                  0.07    0.00    8.93 v scaleAdd._444_/A2 (sky130_fd_sc_hd__a21o_1)
     2    0.01    0.06    0.22    9.15 v scaleAdd._444_/X (sky130_fd_sc_hd__a21o_1)
                                         scaleAdd._145_ (net)
                  0.06    0.00    9.15 v scaleAdd._447_/A2 (sky130_fd_sc_hd__a21o_1)
     2    0.01    0.07    0.22    9.37 v scaleAdd._447_/X (sky130_fd_sc_hd__a21o_1)
                                         scaleAdd._147_ (net)
                  0.07    0.00    9.37 v scaleAdd._449_/B2 (sky130_fd_sc_hd__a2bb2o_1)
     4    0.01    0.08    0.31    9.68 v scaleAdd._449_/X (sky130_fd_sc_hd__a2bb2o_1)
                                         accumulator.io_inMant[15] (net)
                  0.08    0.00    9.68 v accumulator._1181_/A (sky130_fd_sc_hd__or4_1)
     1    0.00    0.08    0.54   10.22 v accumulator._1181_/X (sky130_fd_sc_hd__or4_1)
                                         accumulator._0045_ (net)
                  0.08    0.00   10.22 v accumulator._1182_/A (sky130_fd_sc_hd__buf_2)
    10    0.03    0.08    0.20   10.41 v accumulator._1182_/X (sky130_fd_sc_hd__buf_2)
                                         accumulator._0055_ (net)
                  0.08    0.00   10.41 v accumulator._1200_/A_N (sky130_fd_sc_hd__and2b_1)
     6    0.02    0.14    0.29   10.70 ^ accumulator._1200_/X (sky130_fd_sc_hd__and2b_1)
                                         accumulator._0232_ (net)
                  0.14    0.00   10.70 ^ accumulator._1201_/B1_N (sky130_fd_sc_hd__o21ba_1)
     5    0.02    0.09    0.23   10.93 v accumulator._1201_/X (sky130_fd_sc_hd__o21ba_1)
                                         accumulator._0241_ (net)
                  0.09    0.00   10.93 v accumulator._1202_/B (sky130_fd_sc_hd__and2_1)
     3    0.01    0.05    0.20   11.13 v accumulator._1202_/X (sky130_fd_sc_hd__and2_1)
                                         accumulator._0251_ (net)
                  0.05    0.00   11.13 v accumulator._1204_/A (sky130_fd_sc_hd__or2_1)
     3    0.01    0.08    0.27   11.40 v accumulator._1204_/X (sky130_fd_sc_hd__or2_1)
                                         accumulator._0271_ (net)
                  0.08    0.00   11.40 v accumulator._1205_/A (sky130_fd_sc_hd__inv_2)
     3    0.01    0.05    0.07   11.48 ^ accumulator._1205_/Y (sky130_fd_sc_hd__inv_2)
                                         accumulator._0281_ (net)
                  0.05    0.00   11.48 ^ accumulator._1218_/A2 (sky130_fd_sc_hd__a311o_1)
     4    0.01    0.14    0.23   11.71 ^ accumulator._1218_/X (sky130_fd_sc_hd__a311o_1)
                                         accumulator._0315_ (net)
                  0.14    0.00   11.71 ^ accumulator._1219_/C (sky130_fd_sc_hd__nand3_1)
     2    0.01    0.09    0.12   11.83 v accumulator._1219_/Y (sky130_fd_sc_hd__nand3_1)
                                         accumulator._0316_ (net)
                  0.09    0.00   11.83 v accumulator._1228_/A1 (sky130_fd_sc_hd__a211o_1)
     5    0.01    0.08    0.33   12.16 v accumulator._1228_/X (sky130_fd_sc_hd__a211o_1)
                                         accumulator._0325_ (net)
                  0.08    0.00   12.16 v accumulator._1242_/A1 (sky130_fd_sc_hd__o22a_1)
     3    0.01    0.06    0.25   12.41 v accumulator._1242_/X (sky130_fd_sc_hd__o22a_1)
                                         accumulator._0339_ (net)
                  0.06    0.00   12.41 v accumulator._1255_/C (sky130_fd_sc_hd__or3_2)
     5    0.02    0.12    0.50   12.91 v accumulator._1255_/X (sky130_fd_sc_hd__or3_2)
                                         accumulator._0352_ (net)
                  0.12    0.00   12.91 v accumulator._1257_/A2 (sky130_fd_sc_hd__a21o_2)
     2    0.02    0.07    0.30   13.21 v accumulator._1257_/X (sky130_fd_sc_hd__a21o_2)
                                         accumulator._0354_ (net)
                  0.07    0.00   13.21 v accumulator._1259_/A2 (sky130_fd_sc_hd__a21o_2)
     2    0.02    0.07    0.28   13.48 v accumulator._1259_/X (sky130_fd_sc_hd__a21o_2)
                                         accumulator._0356_ (net)
                  0.07    0.00   13.48 v accumulator._1264_/A1 (sky130_fd_sc_hd__a21o_1)
     2    0.01    0.07    0.21   13.69 v accumulator._1264_/X (sky130_fd_sc_hd__a21o_1)
                                         accumulator._0361_ (net)
                  0.07    0.00   13.69 v accumulator._1266_/A2 (sky130_fd_sc_hd__a21o_1)
     2    0.01    0.07    0.23   13.92 v accumulator._1266_/X (sky130_fd_sc_hd__a21o_1)
                                         accumulator._0363_ (net)
                  0.07    0.00   13.92 v accumulator._1272_/A1 (sky130_fd_sc_hd__a21o_1)
     2    0.02    0.09    0.23   14.15 v accumulator._1272_/X (sky130_fd_sc_hd__a21o_1)
                                         accumulator._0369_ (net)
                  0.09    0.00   14.15 v accumulator._1278_/A1 (sky130_fd_sc_hd__a21oi_4)
     4    0.04    0.31    0.32   14.47 ^ accumulator._1278_/Y (sky130_fd_sc_hd__a21oi_4)
                                         accumulator._0375_ (net)
                  0.31    0.00   14.47 ^ accumulator._1279_/B (sky130_fd_sc_hd__xnor2_4)
    10    0.05    0.37    0.25   14.72 ^ accumulator._1279_/Y (sky130_fd_sc_hd__xnor2_4)
                                         accumulator._0376_ (net)
                  0.37    0.00   14.72 ^ accumulator._1280_/A (sky130_fd_sc_hd__clkbuf_4)
    10    0.04    0.14    0.32   15.04 ^ accumulator._1280_/X (sky130_fd_sc_hd__clkbuf_4)
                                         accumulator._0377_ (net)
                  0.14    0.00   15.04 ^ accumulator._1413_/S (sky130_fd_sc_hd__mux2_1)
     2    0.01    0.09    0.40   15.44 v accumulator._1413_/X (sky130_fd_sc_hd__mux2_1)
                                         accumulator._0508_ (net)
                  0.09    0.00   15.44 v accumulator._1414_/A2 (sky130_fd_sc_hd__a21o_1)
     2    0.01    0.05    0.22   15.66 v accumulator._1414_/X (sky130_fd_sc_hd__a21o_1)
                                         accumulator._0509_ (net)
                  0.05    0.00   15.66 v accumulator._1415_/A2 (sky130_fd_sc_hd__a21o_1)
     2    0.01    0.05    0.20   15.86 v accumulator._1415_/X (sky130_fd_sc_hd__a21o_1)
                                         accumulator._0510_ (net)
                  0.05    0.00   15.86 v accumulator._1417_/A2 (sky130_fd_sc_hd__a21o_1)
     2    0.01    0.05    0.20   16.06 v accumulator._1417_/X (sky130_fd_sc_hd__a21o_1)
                                         accumulator._0512_ (net)
                  0.05    0.00   16.06 v accumulator._1432_/A3 (sky130_fd_sc_hd__a31o_1)
     3    0.01    0.07    0.26   16.32 v accumulator._1432_/X (sky130_fd_sc_hd__a31o_1)
                                         accumulator._0527_ (net)
                  0.07    0.00   16.32 v accumulator._1721_/B1 (sky130_fd_sc_hd__a32o_2)
     4    0.02    0.08    0.28   16.60 v accumulator._1721_/X (sky130_fd_sc_hd__a32o_2)
                                         accumulator._0816_ (net)
                  0.08    0.00   16.60 v accumulator._1736_/B1 (sky130_fd_sc_hd__a2111o_2)
     5    0.02    0.10    0.53   17.13 v accumulator._1736_/X (sky130_fd_sc_hd__a2111o_2)
                                         accumulator._0831_ (net)
                  0.10    0.00   17.13 v accumulator._1738_/A2 (sky130_fd_sc_hd__a21o_1)
     3    0.01    0.05    0.23   17.36 v accumulator._1738_/X (sky130_fd_sc_hd__a21o_1)
                                         accumulator._0833_ (net)
                  0.05    0.00   17.36 v accumulator._1744_/A1 (sky130_fd_sc_hd__a2111o_1)
     3    0.01    0.09    0.42   17.78 v accumulator._1744_/X (sky130_fd_sc_hd__a2111o_1)
                                         accumulator._0839_ (net)
                  0.09    0.00   17.78 v accumulator._1748_/A2 (sky130_fd_sc_hd__a2111o_1)
     2    0.00    0.07    0.45   18.24 v accumulator._1748_/X (sky130_fd_sc_hd__a2111o_1)
                                         accumulator._0843_ (net)
                  0.07    0.00   18.24 v accumulator._1751_/A2 (sky130_fd_sc_hd__a21o_1)
     2    0.01    0.05    0.21   18.44 v accumulator._1751_/X (sky130_fd_sc_hd__a21o_1)
                                         accumulator._0846_ (net)
                  0.05    0.00   18.44 v accumulator._1773_/A2 (sky130_fd_sc_hd__a21o_1)
     2    0.01    0.04    0.19   18.63 v accumulator._1773_/X (sky130_fd_sc_hd__a21o_1)
                                         accumulator._0868_ (net)
                  0.04    0.00   18.63 v accumulator._1798_/A2 (sky130_fd_sc_hd__a311o_1)
     2    0.01    0.08    0.35   18.98 v accumulator._1798_/X (sky130_fd_sc_hd__a311o_1)
                                         accumulator._0893_ (net)
                  0.08    0.00   18.98 v accumulator._1814_/A1 (sky130_fd_sc_hd__a21o_1)
     2    0.01    0.05    0.19   19.17 v accumulator._1814_/X (sky130_fd_sc_hd__a21o_1)
                                         accumulator._0909_ (net)
                  0.05    0.00   19.17 v accumulator._1825_/A2 (sky130_fd_sc_hd__a31oi_2)
     3    0.01    0.20    0.23   19.40 ^ accumulator._1825_/Y (sky130_fd_sc_hd__a31oi_2)
                                         accumulator._0920_ (net)
                  0.20    0.00   19.40 ^ accumulator._1926_/A2 (sky130_fd_sc_hd__a21o_1)
     3    0.01    0.09    0.20   19.60 ^ accumulator._1926_/X (sky130_fd_sc_hd__a21o_1)
                                         accumulator._1021_ (net)
                  0.09    0.00   19.60 ^ accumulator._2039_/S (sky130_fd_sc_hd__mux2_1)
     3    0.01    0.10    0.40   19.99 v accumulator._2039_/X (sky130_fd_sc_hd__mux2_1)
                                         accumulator._1134_ (net)
                  0.10    0.00   19.99 v accumulator._2059_/B2 (sky130_fd_sc_hd__a221oi_1)
     1    0.00    0.25    0.31   20.30 ^ accumulator._2059_/Y (sky130_fd_sc_hd__a221oi_1)
                                         accumulator._1155_ (net)
                  0.25    0.00   20.30 ^ accumulator._2060_/A2 (sky130_fd_sc_hd__o21ai_1)
     1    0.00    0.07    0.10   20.40 v accumulator._2060_/Y (sky130_fd_sc_hd__o21ai_1)
                                         accumulator._1156_ (net)
                  0.07    0.00   20.40 v accumulator._2061_/A2 (sky130_fd_sc_hd__a21o_1)
     1    0.00    0.03    0.19   20.59 v accumulator._2061_/X (sky130_fd_sc_hd__a21o_1)
                                         accumulator._1157_ (net)
                  0.03    0.00   20.59 v accumulator._2062_/A2 (sky130_fd_sc_hd__a21o_1)
     1    0.00    0.03    0.17   20.76 v accumulator._2062_/X (sky130_fd_sc_hd__a21o_1)
                                         accumulator._1158_ (net)
                  0.03    0.00   20.76 v accumulator._2063_/A2 (sky130_fd_sc_hd__a21o_1)
     1    0.00    0.03    0.17   20.93 v accumulator._2063_/X (sky130_fd_sc_hd__a21o_1)
                                         accumulator._1159_ (net)
                  0.03    0.00   20.93 v accumulator._2064_/A2 (sky130_fd_sc_hd__a21o_1)
     1    0.00    0.04    0.18   21.11 v accumulator._2064_/X (sky130_fd_sc_hd__a21o_1)
                                         accumulator._1160_ (net)
                  0.04    0.00   21.11 v accumulator._2065_/A2 (sky130_fd_sc_hd__a21oi_1)
     1    0.00    0.12    0.14   21.26 ^ accumulator._2065_/Y (sky130_fd_sc_hd__a21oi_1)
                                         accumulator._1161_ (net)
                  0.12    0.00   21.26 ^ accumulator._2067_/A2 (sky130_fd_sc_hd__o21ai_1)
     1    0.00    0.06    0.07   21.33 v accumulator._2067_/Y (sky130_fd_sc_hd__o21ai_1)
                                         accumulator._1163_ (net)
                  0.06    0.00   21.33 v accumulator._2068_/A2 (sky130_fd_sc_hd__a21o_1)
     1    0.00    0.03    0.18   21.51 v accumulator._2068_/X (sky130_fd_sc_hd__a21o_1)
                                         accumulator._1164_ (net)
                  0.03    0.00   21.51 v accumulator._2069_/A2 (sky130_fd_sc_hd__a21o_1)
     1    0.00    0.04    0.18   21.69 v accumulator._2069_/X (sky130_fd_sc_hd__a21o_1)
                                         accumulator._1165_ (net)
                  0.04    0.00   21.69 v accumulator._2070_/A2 (sky130_fd_sc_hd__a211o_1)
     1    0.00    0.04    0.29   21.98 v accumulator._2070_/X (sky130_fd_sc_hd__a211o_1)
                                         accumulator._1167_ (net)
                  0.04    0.00   21.98 v accumulator._2073_/B1 (sky130_fd_sc_hd__a2bb2o_1)
     2    0.01    0.06    0.30   22.29 v accumulator._2073_/X (sky130_fd_sc_hd__a2bb2o_1)
                                         accumulator._1170_ (net)
                  0.06    0.00   22.29 v accumulator._2090_/A (sky130_fd_sc_hd__clkbuf_4)
    10    0.04    0.09    0.21   22.49 v accumulator._2090_/X (sky130_fd_sc_hd__clkbuf_4)
                                         accumulator._0046_ (net)
                  0.09    0.00   22.49 v accumulator._2198_/S (sky130_fd_sc_hd__mux2_1)
     2    0.00    0.06    0.35   22.84 v accumulator._2198_/X (sky130_fd_sc_hd__mux2_1)
                                         accumulator._0152_ (net)
                  0.06    0.00   22.84 v accumulator._2199_/A1 (sky130_fd_sc_hd__mux2_1)
     2    0.01    0.08    0.34   23.18 v accumulator._2199_/X (sky130_fd_sc_hd__mux2_1)
                                         accumulator._0153_ (net)
                  0.08    0.00   23.18 v accumulator._2200_/A1 (sky130_fd_sc_hd__mux2_1)
     2    0.00    0.06    0.33   23.50 v accumulator._2200_/X (sky130_fd_sc_hd__mux2_1)
                                         accumulator._0155_ (net)
                  0.06    0.00   23.50 v accumulator._2201_/B (sky130_fd_sc_hd__or2_1)
     1    0.00    0.05    0.22   23.73 v accumulator._2201_/X (sky130_fd_sc_hd__or2_1)
                                         accumulator._0156_ (net)
                  0.05    0.00   23.73 v accumulator._2205_/A1 (sky130_fd_sc_hd__a211o_1)
     1    0.01    0.06    0.29   24.01 v accumulator._2205_/X (sky130_fd_sc_hd__a211o_1)
                                         accumulator._0160_ (net)
                  0.06    0.00   24.01 v accumulator._2206_/C1 (sky130_fd_sc_hd__o211a_1)
     1    0.00    0.04    0.11   24.13 v accumulator._2206_/X (sky130_fd_sc_hd__o211a_1)
                                         accumulator._0014_ (net)
                  0.04    0.00   24.13 v accumulator._2369_/D (sky130_fd_sc_hd__dfxtp_1)
                                 24.13   data arrival time

                  0.15   25.00   25.00   clock clock (rise edge)
                          0.00   25.00   clock network delay (ideal)
                         -0.25   24.75   clock uncertainty
                          0.00   24.75   clock reconvergence pessimism
                                 24.75 ^ accumulator._2369_/CLK (sky130_fd_sc_hd__dfxtp_1)
                         -0.08   24.67   library setup time
                                 24.67   data required time
-----------------------------------------------------------------------------
                                 24.67   data required time
                                -24.13   data arrival time
-----------------------------------------------------------------------------
                                  0.54   slack (MET)


Startpoint: io_inScaleA[2] (input port clocked by clock)
Endpoint: accumulator._2366_ (rising edge-triggered flip-flop clocked by clock)
Path Group: clock
Path Type: max

Fanout     Cap    Slew   Delay    Time   Description
-----------------------------------------------------------------------------
                  0.15    0.00    0.00   clock clock (rise edge)
                          0.00    0.00   clock network delay (ideal)
                          5.00    5.00 ^ input external delay
     1    0.00    0.02    0.01    5.01 ^ io_inScaleA[2] (in)
                                         io_inScaleA[2] (net)
                  0.02    0.00    5.01 ^ input11/A (sky130_fd_sc_hd__clkbuf_2)
    10    0.03    0.14    0.17    5.19 ^ input11/X (sky130_fd_sc_hd__clkbuf_2)
                                         net11 (net)
                  0.14    0.00    5.19 ^ scaleAdd._279_/A1 (sky130_fd_sc_hd__a22o_1)
     3    0.01    0.08    0.19    5.38 ^ scaleAdd._279_/X (sky130_fd_sc_hd__a22o_1)
                                         scaleAdd._221_ (net)
                  0.08    0.00    5.38 ^ scaleAdd._285_/B_N (sky130_fd_sc_hd__or2b_1)
     1    0.00    0.06    0.25    5.63 v scaleAdd._285_/X (sky130_fd_sc_hd__or2b_1)
                                         scaleAdd._227_ (net)
                  0.06    0.00    5.63 v scaleAdd._286_/A (sky130_fd_sc_hd__xnor2_1)
     3    0.01    0.08    0.16    5.79 v scaleAdd._286_/Y (sky130_fd_sc_hd__xnor2_1)
                                         scaleAdd._228_ (net)
                  0.08    0.00    5.79 v scaleAdd._311_/B (sky130_fd_sc_hd__or2_1)
     1    0.00    0.05    0.22    6.02 v scaleAdd._311_/X (sky130_fd_sc_hd__or2_1)
                                         scaleAdd._018_ (net)
                  0.05    0.00    6.02 v scaleAdd._313_/A2 (sky130_fd_sc_hd__a21oi_1)
     2    0.01    0.19    0.21    6.23 ^ scaleAdd._313_/Y (sky130_fd_sc_hd__a21oi_1)
                                         scaleAdd._020_ (net)
                  0.19    0.00    6.23 ^ scaleAdd._314_/B (sky130_fd_sc_hd__xnor2_1)
     2    0.01    0.19    0.17    6.40 ^ scaleAdd._314_/Y (sky130_fd_sc_hd__xnor2_1)
                                         scaleAdd._021_ (net)
                  0.19    0.00    6.40 ^ scaleAdd._315_/S (sky130_fd_sc_hd__mux2_2)
     5    0.02    0.08    0.43    6.83 v scaleAdd._315_/X (sky130_fd_sc_hd__mux2_2)
                                         scaleAdd._022_ (net)
                  0.08    0.00    6.83 v scaleAdd._321_/A2 (sky130_fd_sc_hd__a21o_1)
     2    0.00    0.04    0.20    7.03 v scaleAdd._321_/X (sky130_fd_sc_hd__a21o_1)
                                         scaleAdd._028_ (net)
                  0.04    0.00    7.03 v scaleAdd._325_/A (sky130_fd_sc_hd__and3_1)
     3    0.01    0.05    0.16    7.19 v scaleAdd._325_/X (sky130_fd_sc_hd__and3_1)
                                         scaleAdd._032_ (net)
                  0.05    0.00    7.19 v scaleAdd._328_/A (sky130_fd_sc_hd__or3_1)
     3    0.01    0.08    0.41    7.60 v scaleAdd._328_/X (sky130_fd_sc_hd__or3_1)
                                         scaleAdd._035_ (net)
                  0.08    0.00    7.60 v scaleAdd._332_/A1 (sky130_fd_sc_hd__a21o_1)
     2    0.00    0.04    0.18    7.78 v scaleAdd._332_/X (sky130_fd_sc_hd__a21o_1)
                                         scaleAdd._039_ (net)
                  0.04    0.00    7.78 v scaleAdd._361_/A2 (sky130_fd_sc_hd__a21o_1)
     2    0.01    0.07    0.22    8.00 v scaleAdd._361_/X (sky130_fd_sc_hd__a21o_1)
                                         scaleAdd._067_ (net)
                  0.07    0.00    8.00 v scaleAdd._383_/A2 (sky130_fd_sc_hd__a21o_1)
     2    0.01    0.07    0.23    8.22 v scaleAdd._383_/X (sky130_fd_sc_hd__a21o_1)
                                         scaleAdd._088_ (net)
                  0.07    0.00    8.22 v scaleAdd._399_/A2 (sky130_fd_sc_hd__a21o_1)
     2    0.01    0.07    0.23    8.45 v scaleAdd._399_/X (sky130_fd_sc_hd__a21o_1)
                                         scaleAdd._103_ (net)
                  0.07    0.00    8.45 v scaleAdd._417_/A2 (sky130_fd_sc_hd__a21bo_1)
     2    0.01    0.07    0.24    8.70 v scaleAdd._417_/X (sky130_fd_sc_hd__a21bo_1)
                                         scaleAdd._120_ (net)
                  0.07    0.00    8.70 v scaleAdd._432_/A2 (sky130_fd_sc_hd__a21o_1)
     2    0.01    0.07    0.23    8.93 v scaleAdd._432_/X (sky130_fd_sc_hd__a21o_1)
                                         scaleAdd._134_ (net)
                  0.07    0.00    8.93 v scaleAdd._444_/A2 (sky130_fd_sc_hd__a21o_1)
     2    0.01    0.06    0.22    9.15 v scaleAdd._444_/X (sky130_fd_sc_hd__a21o_1)
                                         scaleAdd._145_ (net)
                  0.06    0.00    9.15 v scaleAdd._447_/A2 (sky130_fd_sc_hd__a21o_1)
     2    0.01    0.07    0.22    9.37 v scaleAdd._447_/X (sky130_fd_sc_hd__a21o_1)
                                         scaleAdd._147_ (net)
                  0.07    0.00    9.37 v scaleAdd._449_/B2 (sky130_fd_sc_hd__a2bb2o_1)
     4    0.01    0.08    0.31    9.68 v scaleAdd._449_/X (sky130_fd_sc_hd__a2bb2o_1)
                                         accumulator.io_inMant[15] (net)
                  0.08    0.00    9.68 v accumulator._1181_/A (sky130_fd_sc_hd__or4_1)
     1    0.00    0.08    0.54   10.22 v accumulator._1181_/X (sky130_fd_sc_hd__or4_1)
                                         accumulator._0045_ (net)
                  0.08    0.00   10.22 v accumulator._1182_/A (sky130_fd_sc_hd__buf_2)
    10    0.03    0.08    0.20   10.41 v accumulator._1182_/X (sky130_fd_sc_hd__buf_2)
                                         accumulator._0055_ (net)
                  0.08    0.00   10.41 v accumulator._1200_/A_N (sky130_fd_sc_hd__and2b_1)
     6    0.02    0.14    0.29   10.70 ^ accumulator._1200_/X (sky130_fd_sc_hd__and2b_1)
                                         accumulator._0232_ (net)
                  0.14    0.00   10.70 ^ accumulator._1201_/B1_N (sky130_fd_sc_hd__o21ba_1)
     5    0.02    0.09    0.23   10.93 v accumulator._1201_/X (sky130_fd_sc_hd__o21ba_1)
                                         accumulator._0241_ (net)
                  0.09    0.00   10.93 v accumulator._1202_/B (sky130_fd_sc_hd__and2_1)
     3    0.01    0.05    0.20   11.13 v accumulator._1202_/X (sky130_fd_sc_hd__and2_1)
                                         accumulator._0251_ (net)
                  0.05    0.00   11.13 v accumulator._1204_/A (sky130_fd_sc_hd__or2_1)
     3    0.01    0.08    0.27   11.40 v accumulator._1204_/X (sky130_fd_sc_hd__or2_1)
                                         accumulator._0271_ (net)
                  0.08    0.00   11.40 v accumulator._1205_/A (sky130_fd_sc_hd__inv_2)
     3    0.01    0.05    0.07   11.48 ^ accumulator._1205_/Y (sky130_fd_sc_hd__inv_2)
                                         accumulator._0281_ (net)
                  0.05    0.00   11.48 ^ accumulator._1218_/A2 (sky130_fd_sc_hd__a311o_1)
     4    0.01    0.14    0.23   11.71 ^ accumulator._1218_/X (sky130_fd_sc_hd__a311o_1)
                                         accumulator._0315_ (net)
                  0.14    0.00   11.71 ^ accumulator._1219_/C (sky130_fd_sc_hd__nand3_1)
     2    0.01    0.09    0.12   11.83 v accumulator._1219_/Y (sky130_fd_sc_hd__nand3_1)
                                         accumulator._0316_ (net)
                  0.09    0.00   11.83 v accumulator._1228_/A1 (sky130_fd_sc_hd__a211o_1)
     5    0.01    0.08    0.33   12.16 v accumulator._1228_/X (sky130_fd_sc_hd__a211o_1)
                                         accumulator._0325_ (net)
                  0.08    0.00   12.16 v accumulator._1242_/A1 (sky130_fd_sc_hd__o22a_1)
     3    0.01    0.06    0.25   12.41 v accumulator._1242_/X (sky130_fd_sc_hd__o22a_1)
                                         accumulator._0339_ (net)
                  0.06    0.00   12.41 v accumulator._1255_/C (sky130_fd_sc_hd__or3_2)
     5    0.02    0.12    0.50   12.91 v accumulator._1255_/X (sky130_fd_sc_hd__or3_2)
                                         accumulator._0352_ (net)
                  0.12    0.00   12.91 v accumulator._1257_/A2 (sky130_fd_sc_hd__a21o_2)
     2    0.02    0.07    0.30   13.21 v accumulator._1257_/X (sky130_fd_sc_hd__a21o_2)
                                         accumulator._0354_ (net)
                  0.07    0.00   13.21 v accumulator._1259_/A2 (sky130_fd_sc_hd__a21o_2)
     2    0.02    0.07    0.28   13.48 v accumulator._1259_/X (sky130_fd_sc_hd__a21o_2)
                                         accumulator._0356_ (net)
                  0.07    0.00   13.48 v accumulator._1264_/A1 (sky130_fd_sc_hd__a21o_1)
     2    0.01    0.07    0.21   13.69 v accumulator._1264_/X (sky130_fd_sc_hd__a21o_1)
                                         accumulator._0361_ (net)
                  0.07    0.00   13.69 v accumulator._1266_/A2 (sky130_fd_sc_hd__a21o_1)
     2    0.01    0.07    0.23   13.92 v accumulator._1266_/X (sky130_fd_sc_hd__a21o_1)
                                         accumulator._0363_ (net)
                  0.07    0.00   13.92 v accumulator._1272_/A1 (sky130_fd_sc_hd__a21o_1)
     2    0.02    0.09    0.23   14.15 v accumulator._1272_/X (sky130_fd_sc_hd__a21o_1)
                                         accumulator._0369_ (net)
                  0.09    0.00   14.15 v accumulator._1278_/A1 (sky130_fd_sc_hd__a21oi_4)
     4    0.04    0.31    0.32   14.47 ^ accumulator._1278_/Y (sky130_fd_sc_hd__a21oi_4)
                                         accumulator._0375_ (net)
                  0.31    0.00   14.47 ^ accumulator._1279_/B (sky130_fd_sc_hd__xnor2_4)
    10    0.05    0.37    0.25   14.72 ^ accumulator._1279_/Y (sky130_fd_sc_hd__xnor2_4)
                                         accumulator._0376_ (net)
                  0.37    0.00   14.72 ^ accumulator._1280_/A (sky130_fd_sc_hd__clkbuf_4)
    10    0.04    0.14    0.32   15.04 ^ accumulator._1280_/X (sky130_fd_sc_hd__clkbuf_4)
                                         accumulator._0377_ (net)
                  0.14    0.00   15.04 ^ accumulator._1413_/S (sky130_fd_sc_hd__mux2_1)
     2    0.01    0.09    0.40   15.44 v accumulator._1413_/X (sky130_fd_sc_hd__mux2_1)
                                         accumulator._0508_ (net)
                  0.09    0.00   15.44 v accumulator._1414_/A2 (sky130_fd_sc_hd__a21o_1)
     2    0.01    0.05    0.22   15.66 v accumulator._1414_/X (sky130_fd_sc_hd__a21o_1)
                                         accumulator._0509_ (net)
                  0.05    0.00   15.66 v accumulator._1415_/A2 (sky130_fd_sc_hd__a21o_1)
     2    0.01    0.05    0.20   15.86 v accumulator._1415_/X (sky130_fd_sc_hd__a21o_1)
                                         accumulator._0510_ (net)
                  0.05    0.00   15.86 v accumulator._1417_/A2 (sky130_fd_sc_hd__a21o_1)
     2    0.01    0.05    0.20   16.06 v accumulator._1417_/X (sky130_fd_sc_hd__a21o_1)
                                         accumulator._0512_ (net)
                  0.05    0.00   16.06 v accumulator._1432_/A3 (sky130_fd_sc_hd__a31o_1)
     3    0.01    0.07    0.26   16.32 v accumulator._1432_/X (sky130_fd_sc_hd__a31o_1)
                                         accumulator._0527_ (net)
                  0.07    0.00   16.32 v accumulator._1721_/B1 (sky130_fd_sc_hd__a32o_2)
     4    0.02    0.08    0.28   16.60 v accumulator._1721_/X (sky130_fd_sc_hd__a32o_2)
                                         accumulator._0816_ (net)
                  0.08    0.00   16.60 v accumulator._1736_/B1 (sky130_fd_sc_hd__a2111o_2)
     5    0.02    0.10    0.53   17.13 v accumulator._1736_/X (sky130_fd_sc_hd__a2111o_2)
                                         accumulator._0831_ (net)
                  0.10    0.00   17.13 v accumulator._1738_/A2 (sky130_fd_sc_hd__a21o_1)
     3    0.01    0.05    0.23   17.36 v accumulator._1738_/X (sky130_fd_sc_hd__a21o_1)
                                         accumulator._0833_ (net)
                  0.05    0.00   17.36 v accumulator._1744_/A1 (sky130_fd_sc_hd__a2111o_1)
     3    0.01    0.09    0.42   17.78 v accumulator._1744_/X (sky130_fd_sc_hd__a2111o_1)
                                         accumulator._0839_ (net)
                  0.09    0.00   17.78 v accumulator._1748_/A2 (sky130_fd_sc_hd__a2111o_1)
     2    0.00    0.07    0.45   18.24 v accumulator._1748_/X (sky130_fd_sc_hd__a2111o_1)
                                         accumulator._0843_ (net)
                  0.07    0.00   18.24 v accumulator._1751_/A2 (sky130_fd_sc_hd__a21o_1)
     2    0.01    0.05    0.21   18.44 v accumulator._1751_/X (sky130_fd_sc_hd__a21o_1)
                                         accumulator._0846_ (net)
                  0.05    0.00   18.44 v accumulator._1773_/A2 (sky130_fd_sc_hd__a21o_1)
     2    0.01    0.04    0.19   18.63 v accumulator._1773_/X (sky130_fd_sc_hd__a21o_1)
                                         accumulator._0868_ (net)
                  0.04    0.00   18.63 v accumulator._1798_/A2 (sky130_fd_sc_hd__a311o_1)
     2    0.01    0.08    0.35   18.98 v accumulator._1798_/X (sky130_fd_sc_hd__a311o_1)
                                         accumulator._0893_ (net)
                  0.08    0.00   18.98 v accumulator._1814_/A1 (sky130_fd_sc_hd__a21o_1)
     2    0.01    0.05    0.19   19.17 v accumulator._1814_/X (sky130_fd_sc_hd__a21o_1)
                                         accumulator._0909_ (net)
                  0.05    0.00   19.17 v accumulator._1825_/A2 (sky130_fd_sc_hd__a31oi_2)
     3    0.01    0.20    0.23   19.40 ^ accumulator._1825_/Y (sky130_fd_sc_hd__a31oi_2)
                                         accumulator._0920_ (net)
                  0.20    0.00   19.40 ^ accumulator._1926_/A2 (sky130_fd_sc_hd__a21o_1)
     3    0.01    0.09    0.20   19.60 ^ accumulator._1926_/X (sky130_fd_sc_hd__a21o_1)
                                         accumulator._1021_ (net)
                  0.09    0.00   19.60 ^ accumulator._2039_/S (sky130_fd_sc_hd__mux2_1)
     3    0.01    0.10    0.40   19.99 v accumulator._2039_/X (sky130_fd_sc_hd__mux2_1)
                                         accumulator._1134_ (net)
                  0.10    0.00   19.99 v accumulator._2059_/B2 (sky130_fd_sc_hd__a221oi_1)
     1    0.00    0.25    0.31   20.30 ^ accumulator._2059_/Y (sky130_fd_sc_hd__a221oi_1)
                                         accumulator._1155_ (net)
                  0.25    0.00   20.30 ^ accumulator._2060_/A2 (sky130_fd_sc_hd__o21ai_1)
     1    0.00    0.07    0.10   20.40 v accumulator._2060_/Y (sky130_fd_sc_hd__o21ai_1)
                                         accumulator._1156_ (net)
                  0.07    0.00   20.40 v accumulator._2061_/A2 (sky130_fd_sc_hd__a21o_1)
     1    0.00    0.03    0.19   20.59 v accumulator._2061_/X (sky130_fd_sc_hd__a21o_1)
                                         accumulator._1157_ (net)
                  0.03    0.00   20.59 v accumulator._2062_/A2 (sky130_fd_sc_hd__a21o_1)
     1    0.00    0.03    0.17   20.76 v accumulator._2062_/X (sky130_fd_sc_hd__a21o_1)
                                         accumulator._1158_ (net)
                  0.03    0.00   20.76 v accumulator._2063_/A2 (sky130_fd_sc_hd__a21o_1)
     1    0.00    0.03    0.17   20.93 v accumulator._2063_/X (sky130_fd_sc_hd__a21o_1)
                                         accumulator._1159_ (net)
                  0.03    0.00   20.93 v accumulator._2064_/A2 (sky130_fd_sc_hd__a21o_1)
     1    0.00    0.04    0.18   21.11 v accumulator._2064_/X (sky130_fd_sc_hd__a21o_1)
                                         accumulator._1160_ (net)
                  0.04    0.00   21.11 v accumulator._2065_/A2 (sky130_fd_sc_hd__a21oi_1)
     1    0.00    0.12    0.14   21.26 ^ accumulator._2065_/Y (sky130_fd_sc_hd__a21oi_1)
                                         accumulator._1161_ (net)
                  0.12    0.00   21.26 ^ accumulator._2067_/A2 (sky130_fd_sc_hd__o21ai_1)
     1    0.00    0.06    0.07   21.33 v accumulator._2067_/Y (sky130_fd_sc_hd__o21ai_1)
                                         accumulator._1163_ (net)
                  0.06    0.00   21.33 v accumulator._2068_/A2 (sky130_fd_sc_hd__a21o_1)
     1    0.00    0.03    0.18   21.51 v accumulator._2068_/X (sky130_fd_sc_hd__a21o_1)
                                         accumulator._1164_ (net)
                  0.03    0.00   21.51 v accumulator._2069_/A2 (sky130_fd_sc_hd__a21o_1)
     1    0.00    0.04    0.18   21.69 v accumulator._2069_/X (sky130_fd_sc_hd__a21o_1)
                                         accumulator._1165_ (net)
                  0.04    0.00   21.69 v accumulator._2070_/A2 (sky130_fd_sc_hd__a211o_1)
     1    0.00    0.04    0.29   21.98 v accumulator._2070_/X (sky130_fd_sc_hd__a211o_1)
                                         accumulator._1167_ (net)
                  0.04    0.00   21.98 v accumulator._2073_/B1 (sky130_fd_sc_hd__a2bb2o_1)
     2    0.01    0.06    0.30   22.29 v accumulator._2073_/X (sky130_fd_sc_hd__a2bb2o_1)
                                         accumulator._1170_ (net)
                  0.06    0.00   22.29 v accumulator._2090_/A (sky130_fd_sc_hd__clkbuf_4)
    10    0.04    0.09    0.21   22.49 v accumulator._2090_/X (sky130_fd_sc_hd__clkbuf_4)
                                         accumulator._0046_ (net)
                  0.09    0.00   22.49 v accumulator._2091_/A (sky130_fd_sc_hd__clkbuf_4)
    10    0.04    0.09    0.22   22.71 v accumulator._2091_/X (sky130_fd_sc_hd__clkbuf_4)
                                         accumulator._0047_ (net)
                  0.09    0.00   22.71 v accumulator._2175_/S (sky130_fd_sc_hd__mux2_1)
     2    0.01    0.07    0.35   23.06 v accumulator._2175_/X (sky130_fd_sc_hd__mux2_1)
                                         accumulator._0130_ (net)
                  0.07    0.00   23.06 v accumulator._2176_/A1 (sky130_fd_sc_hd__mux2_1)
     2    0.00    0.06    0.32   23.38 v accumulator._2176_/X (sky130_fd_sc_hd__mux2_1)
                                         accumulator._0131_ (net)
                  0.06    0.00   23.38 v accumulator._2177_/A1 (sky130_fd_sc_hd__mux2_1)
     2    0.01    0.08    0.34   23.73 v accumulator._2177_/X (sky130_fd_sc_hd__mux2_1)
                                         accumulator._0132_ (net)
                  0.08    0.00   23.73 v accumulator._2178_/B2 (sky130_fd_sc_hd__a22o_1)
     1    0.00    0.04    0.21   23.94 v accumulator._2178_/X (sky130_fd_sc_hd__a22o_1)
                                         accumulator._0133_ (net)
                  0.04    0.00   23.94 v accumulator._2179_/A2 (sky130_fd_sc_hd__o21a_1)
     1    0.00    0.03    0.16   24.10 v accumulator._2179_/X (sky130_fd_sc_hd__o21a_1)
                                         accumulator._0011_ (net)
                  0.03    0.00   24.10 v accumulator._2366_/D (sky130_fd_sc_hd__dfxtp_1)
                                 24.10   data arrival time

                  0.15   25.00   25.00   clock clock (rise edge)
                          0.00   25.00   clock network delay (ideal)
                         -0.25   24.75   clock uncertainty
                          0.00   24.75   clock reconvergence pessimism
                                 24.75 ^ accumulator._2366_/CLK (sky130_fd_sc_hd__dfxtp_1)
                         -0.08   24.67   library setup time
                                 24.67   data required time
-----------------------------------------------------------------------------
                                 24.67   data required time
                                -24.10   data arrival time
-----------------------------------------------------------------------------
                                  0.57   slack (MET)


Startpoint: io_inScaleA[2] (input port clocked by clock)
Endpoint: accumulator._2361_ (rising edge-triggered flip-flop clocked by clock)
Path Group: clock
Path Type: max

Fanout     Cap    Slew   Delay    Time   Description
-----------------------------------------------------------------------------
                  0.15    0.00    0.00   clock clock (rise edge)
                          0.00    0.00   clock network delay (ideal)
                          5.00    5.00 ^ input external delay
     1    0.00    0.02    0.01    5.01 ^ io_inScaleA[2] (in)
                                         io_inScaleA[2] (net)
                  0.02    0.00    5.01 ^ input11/A (sky130_fd_sc_hd__clkbuf_2)
    10    0.03    0.14    0.17    5.19 ^ input11/X (sky130_fd_sc_hd__clkbuf_2)
                                         net11 (net)
                  0.14    0.00    5.19 ^ scaleAdd._279_/A1 (sky130_fd_sc_hd__a22o_1)
     3    0.01    0.08    0.19    5.38 ^ scaleAdd._279_/X (sky130_fd_sc_hd__a22o_1)
                                         scaleAdd._221_ (net)
                  0.08    0.00    5.38 ^ scaleAdd._285_/B_N (sky130_fd_sc_hd__or2b_1)
     1    0.00    0.06    0.25    5.63 v scaleAdd._285_/X (sky130_fd_sc_hd__or2b_1)
                                         scaleAdd._227_ (net)
                  0.06    0.00    5.63 v scaleAdd._286_/A (sky130_fd_sc_hd__xnor2_1)
     3    0.01    0.08    0.16    5.79 v scaleAdd._286_/Y (sky130_fd_sc_hd__xnor2_1)
                                         scaleAdd._228_ (net)
                  0.08    0.00    5.79 v scaleAdd._311_/B (sky130_fd_sc_hd__or2_1)
     1    0.00    0.05    0.22    6.02 v scaleAdd._311_/X (sky130_fd_sc_hd__or2_1)
                                         scaleAdd._018_ (net)
                  0.05    0.00    6.02 v scaleAdd._313_/A2 (sky130_fd_sc_hd__a21oi_1)
     2    0.01    0.19    0.21    6.23 ^ scaleAdd._313_/Y (sky130_fd_sc_hd__a21oi_1)
                                         scaleAdd._020_ (net)
                  0.19    0.00    6.23 ^ scaleAdd._314_/B (sky130_fd_sc_hd__xnor2_1)
     2    0.01    0.19    0.17    6.40 ^ scaleAdd._314_/Y (sky130_fd_sc_hd__xnor2_1)
                                         scaleAdd._021_ (net)
                  0.19    0.00    6.40 ^ scaleAdd._315_/S (sky130_fd_sc_hd__mux2_2)
     5    0.02    0.08    0.43    6.83 v scaleAdd._315_/X (sky130_fd_sc_hd__mux2_2)
                                         scaleAdd._022_ (net)
                  0.08    0.00    6.83 v scaleAdd._321_/A2 (sky130_fd_sc_hd__a21o_1)
     2    0.00    0.04    0.20    7.03 v scaleAdd._321_/X (sky130_fd_sc_hd__a21o_1)
                                         scaleAdd._028_ (net)
                  0.04    0.00    7.03 v scaleAdd._325_/A (sky130_fd_sc_hd__and3_1)
     3    0.01    0.05    0.16    7.19 v scaleAdd._325_/X (sky130_fd_sc_hd__and3_1)
                                         scaleAdd._032_ (net)
                  0.05    0.00    7.19 v scaleAdd._328_/A (sky130_fd_sc_hd__or3_1)
     3    0.01    0.08    0.41    7.60 v scaleAdd._328_/X (sky130_fd_sc_hd__or3_1)
                                         scaleAdd._035_ (net)
                  0.08    0.00    7.60 v scaleAdd._332_/A1 (sky130_fd_sc_hd__a21o_1)
     2    0.00    0.04    0.18    7.78 v scaleAdd._332_/X (sky130_fd_sc_hd__a21o_1)
                                         scaleAdd._039_ (net)
                  0.04    0.00    7.78 v scaleAdd._361_/A2 (sky130_fd_sc_hd__a21o_1)
     2    0.01    0.07    0.22    8.00 v scaleAdd._361_/X (sky130_fd_sc_hd__a21o_1)
                                         scaleAdd._067_ (net)
                  0.07    0.00    8.00 v scaleAdd._383_/A2 (sky130_fd_sc_hd__a21o_1)
     2    0.01    0.07    0.23    8.22 v scaleAdd._383_/X (sky130_fd_sc_hd__a21o_1)
                                         scaleAdd._088_ (net)
                  0.07    0.00    8.22 v scaleAdd._399_/A2 (sky130_fd_sc_hd__a21o_1)
     2    0.01    0.07    0.23    8.45 v scaleAdd._399_/X (sky130_fd_sc_hd__a21o_1)
                                         scaleAdd._103_ (net)
                  0.07    0.00    8.45 v scaleAdd._417_/A2 (sky130_fd_sc_hd__a21bo_1)
     2    0.01    0.07    0.24    8.70 v scaleAdd._417_/X (sky130_fd_sc_hd__a21bo_1)
                                         scaleAdd._120_ (net)
                  0.07    0.00    8.70 v scaleAdd._432_/A2 (sky130_fd_sc_hd__a21o_1)
     2    0.01    0.07    0.23    8.93 v scaleAdd._432_/X (sky130_fd_sc_hd__a21o_1)
                                         scaleAdd._134_ (net)
                  0.07    0.00    8.93 v scaleAdd._444_/A2 (sky130_fd_sc_hd__a21o_1)
     2    0.01    0.06    0.22    9.15 v scaleAdd._444_/X (sky130_fd_sc_hd__a21o_1)
                                         scaleAdd._145_ (net)
                  0.06    0.00    9.15 v scaleAdd._447_/A2 (sky130_fd_sc_hd__a21o_1)
     2    0.01    0.07    0.22    9.37 v scaleAdd._447_/X (sky130_fd_sc_hd__a21o_1)
                                         scaleAdd._147_ (net)
                  0.07    0.00    9.37 v scaleAdd._449_/B2 (sky130_fd_sc_hd__a2bb2o_1)
     4    0.01    0.08    0.31    9.68 v scaleAdd._449_/X (sky130_fd_sc_hd__a2bb2o_1)
                                         accumulator.io_inMant[15] (net)
                  0.08    0.00    9.68 v accumulator._1181_/A (sky130_fd_sc_hd__or4_1)
     1    0.00    0.08    0.54   10.22 v accumulator._1181_/X (sky130_fd_sc_hd__or4_1)
                                         accumulator._0045_ (net)
                  0.08    0.00   10.22 v accumulator._1182_/A (sky130_fd_sc_hd__buf_2)
    10    0.03    0.08    0.20   10.41 v accumulator._1182_/X (sky130_fd_sc_hd__buf_2)
                                         accumulator._0055_ (net)
                  0.08    0.00   10.41 v accumulator._1200_/A_N (sky130_fd_sc_hd__and2b_1)
     6    0.02    0.14    0.29   10.70 ^ accumulator._1200_/X (sky130_fd_sc_hd__and2b_1)
                                         accumulator._0232_ (net)
                  0.14    0.00   10.70 ^ accumulator._1201_/B1_N (sky130_fd_sc_hd__o21ba_1)
     5    0.02    0.09    0.23   10.93 v accumulator._1201_/X (sky130_fd_sc_hd__o21ba_1)
                                         accumulator._0241_ (net)
                  0.09    0.00   10.93 v accumulator._1202_/B (sky130_fd_sc_hd__and2_1)
     3    0.01    0.05    0.20   11.13 v accumulator._1202_/X (sky130_fd_sc_hd__and2_1)
                                         accumulator._0251_ (net)
                  0.05    0.00   11.13 v accumulator._1204_/A (sky130_fd_sc_hd__or2_1)
     3    0.01    0.08    0.27   11.40 v accumulator._1204_/X (sky130_fd_sc_hd__or2_1)
                                         accumulator._0271_ (net)
                  0.08    0.00   11.40 v accumulator._1205_/A (sky130_fd_sc_hd__inv_2)
     3    0.01    0.05    0.07   11.48 ^ accumulator._1205_/Y (sky130_fd_sc_hd__inv_2)
                                         accumulator._0281_ (net)
                  0.05    0.00   11.48 ^ accumulator._1218_/A2 (sky130_fd_sc_hd__a311o_1)
     4    0.01    0.14    0.23   11.71 ^ accumulator._1218_/X (sky130_fd_sc_hd__a311o_1)
                                         accumulator._0315_ (net)
                  0.14    0.00   11.71 ^ accumulator._1219_/C (sky130_fd_sc_hd__nand3_1)
     2    0.01    0.09    0.12   11.83 v accumulator._1219_/Y (sky130_fd_sc_hd__nand3_1)
                                         accumulator._0316_ (net)
                  0.09    0.00   11.83 v accumulator._1228_/A1 (sky130_fd_sc_hd__a211o_1)
     5    0.01    0.08    0.33   12.16 v accumulator._1228_/X (sky130_fd_sc_hd__a211o_1)
                                         accumulator._0325_ (net)
                  0.08    0.00   12.16 v accumulator._1242_/A1 (sky130_fd_sc_hd__o22a_1)
     3    0.01    0.06    0.25   12.41 v accumulator._1242_/X (sky130_fd_sc_hd__o22a_1)
                                         accumulator._0339_ (net)
                  0.06    0.00   12.41 v accumulator._1255_/C (sky130_fd_sc_hd__or3_2)
     5    0.02    0.12    0.50   12.91 v accumulator._1255_/X (sky130_fd_sc_hd__or3_2)
                                         accumulator._0352_ (net)
                  0.12    0.00   12.91 v accumulator._1257_/A2 (sky130_fd_sc_hd__a21o_2)
     2    0.02    0.07    0.30   13.21 v accumulator._1257_/X (sky130_fd_sc_hd__a21o_2)
                                         accumulator._0354_ (net)
                  0.07    0.00   13.21 v accumulator._1259_/A2 (sky130_fd_sc_hd__a21o_2)
     2    0.02    0.07    0.28   13.48 v accumulator._1259_/X (sky130_fd_sc_hd__a21o_2)
                                         accumulator._0356_ (net)
                  0.07    0.00   13.48 v accumulator._1264_/A1 (sky130_fd_sc_hd__a21o_1)
     2    0.01    0.07    0.21   13.69 v accumulator._1264_/X (sky130_fd_sc_hd__a21o_1)
                                         accumulator._0361_ (net)
                  0.07    0.00   13.69 v accumulator._1266_/A2 (sky130_fd_sc_hd__a21o_1)
     2    0.01    0.07    0.23   13.92 v accumulator._1266_/X (sky130_fd_sc_hd__a21o_1)
                                         accumulator._0363_ (net)
                  0.07    0.00   13.92 v accumulator._1272_/A1 (sky130_fd_sc_hd__a21o_1)
     2    0.02    0.09    0.23   14.15 v accumulator._1272_/X (sky130_fd_sc_hd__a21o_1)
                                         accumulator._0369_ (net)
                  0.09    0.00   14.15 v accumulator._1278_/A1 (sky130_fd_sc_hd__a21oi_4)
     4    0.04    0.31    0.32   14.47 ^ accumulator._1278_/Y (sky130_fd_sc_hd__a21oi_4)
                                         accumulator._0375_ (net)
                  0.31    0.00   14.47 ^ accumulator._1279_/B (sky130_fd_sc_hd__xnor2_4)
    10    0.05    0.37    0.25   14.72 ^ accumulator._1279_/Y (sky130_fd_sc_hd__xnor2_4)
                                         accumulator._0376_ (net)
                  0.37    0.00   14.72 ^ accumulator._1280_/A (sky130_fd_sc_hd__clkbuf_4)
    10    0.04    0.14    0.32   15.04 ^ accumulator._1280_/X (sky130_fd_sc_hd__clkbuf_4)
                                         accumulator._0377_ (net)
                  0.14    0.00   15.04 ^ accumulator._1413_/S (sky130_fd_sc_hd__mux2_1)
     2    0.01    0.09    0.40   15.44 v accumulator._1413_/X (sky130_fd_sc_hd__mux2_1)
                                         accumulator._0508_ (net)
                  0.09    0.00   15.44 v accumulator._1414_/A2 (sky130_fd_sc_hd__a21o_1)
     2    0.01    0.05    0.22   15.66 v accumulator._1414_/X (sky130_fd_sc_hd__a21o_1)
                                         accumulator._0509_ (net)
                  0.05    0.00   15.66 v accumulator._1415_/A2 (sky130_fd_sc_hd__a21o_1)
     2    0.01    0.05    0.20   15.86 v accumulator._1415_/X (sky130_fd_sc_hd__a21o_1)
                                         accumulator._0510_ (net)
                  0.05    0.00   15.86 v accumulator._1417_/A2 (sky130_fd_sc_hd__a21o_1)
     2    0.01    0.05    0.20   16.06 v accumulator._1417_/X (sky130_fd_sc_hd__a21o_1)
                                         accumulator._0512_ (net)
                  0.05    0.00   16.06 v accumulator._1432_/A3 (sky130_fd_sc_hd__a31o_1)
     3    0.01    0.07    0.26   16.32 v accumulator._1432_/X (sky130_fd_sc_hd__a31o_1)
                                         accumulator._0527_ (net)
                  0.07    0.00   16.32 v accumulator._1721_/B1 (sky130_fd_sc_hd__a32o_2)
     4    0.02    0.08    0.28   16.60 v accumulator._1721_/X (sky130_fd_sc_hd__a32o_2)
                                         accumulator._0816_ (net)
                  0.08    0.00   16.60 v accumulator._1736_/B1 (sky130_fd_sc_hd__a2111o_2)
     5    0.02    0.10    0.53   17.13 v accumulator._1736_/X (sky130_fd_sc_hd__a2111o_2)
                                         accumulator._0831_ (net)
                  0.10    0.00   17.13 v accumulator._1738_/A2 (sky130_fd_sc_hd__a21o_1)
     3    0.01    0.05    0.23   17.36 v accumulator._1738_/X (sky130_fd_sc_hd__a21o_1)
                                         accumulator._0833_ (net)
                  0.05    0.00   17.36 v accumulator._1744_/A1 (sky130_fd_sc_hd__a2111o_1)
     3    0.01    0.09    0.42   17.78 v accumulator._1744_/X (sky130_fd_sc_hd__a2111o_1)
                                         accumulator._0839_ (net)
                  0.09    0.00   17.78 v accumulator._1748_/A2 (sky130_fd_sc_hd__a2111o_1)
     2    0.00    0.07    0.45   18.24 v accumulator._1748_/X (sky130_fd_sc_hd__a2111o_1)
                                         accumulator._0843_ (net)
                  0.07    0.00   18.24 v accumulator._1751_/A2 (sky130_fd_sc_hd__a21o_1)
     2    0.01    0.05    0.21   18.44 v accumulator._1751_/X (sky130_fd_sc_hd__a21o_1)
                                         accumulator._0846_ (net)
                  0.05    0.00   18.44 v accumulator._1773_/A2 (sky130_fd_sc_hd__a21o_1)
     2    0.01    0.04    0.19   18.63 v accumulator._1773_/X (sky130_fd_sc_hd__a21o_1)
                                         accumulator._0868_ (net)
                  0.04    0.00   18.63 v accumulator._1798_/A2 (sky130_fd_sc_hd__a311o_1)
     2    0.01    0.08    0.35   18.98 v accumulator._1798_/X (sky130_fd_sc_hd__a311o_1)
                                         accumulator._0893_ (net)
                  0.08    0.00   18.98 v accumulator._1814_/A1 (sky130_fd_sc_hd__a21o_1)
     2    0.01    0.05    0.19   19.17 v accumulator._1814_/X (sky130_fd_sc_hd__a21o_1)
                                         accumulator._0909_ (net)
                  0.05    0.00   19.17 v accumulator._1825_/A2 (sky130_fd_sc_hd__a31oi_2)
     3    0.01    0.20    0.23   19.40 ^ accumulator._1825_/Y (sky130_fd_sc_hd__a31oi_2)
                                         accumulator._0920_ (net)
                  0.20    0.00   19.40 ^ accumulator._1926_/A2 (sky130_fd_sc_hd__a21o_1)
     3    0.01    0.09    0.20   19.60 ^ accumulator._1926_/X (sky130_fd_sc_hd__a21o_1)
                                         accumulator._1021_ (net)
                  0.09    0.00   19.60 ^ accumulator._2039_/S (sky130_fd_sc_hd__mux2_1)
     3    0.01    0.10    0.40   19.99 v accumulator._2039_/X (sky130_fd_sc_hd__mux2_1)
                                         accumulator._1134_ (net)
                  0.10    0.00   19.99 v accumulator._2059_/B2 (sky130_fd_sc_hd__a221oi_1)
     1    0.00    0.25    0.31   20.30 ^ accumulator._2059_/Y (sky130_fd_sc_hd__a221oi_1)
                                         accumulator._1155_ (net)
                  0.25    0.00   20.30 ^ accumulator._2060_/A2 (sky130_fd_sc_hd__o21ai_1)
     1    0.00    0.07    0.10   20.40 v accumulator._2060_/Y (sky130_fd_sc_hd__o21ai_1)
                                         accumulator._1156_ (net)
                  0.07    0.00   20.40 v accumulator._2061_/A2 (sky130_fd_sc_hd__a21o_1)
     1    0.00    0.03    0.19   20.59 v accumulator._2061_/X (sky130_fd_sc_hd__a21o_1)
                                         accumulator._1157_ (net)
                  0.03    0.00   20.59 v accumulator._2062_/A2 (sky130_fd_sc_hd__a21o_1)
     1    0.00    0.03    0.17   20.76 v accumulator._2062_/X (sky130_fd_sc_hd__a21o_1)
                                         accumulator._1158_ (net)
                  0.03    0.00   20.76 v accumulator._2063_/A2 (sky130_fd_sc_hd__a21o_1)
     1    0.00    0.03    0.17   20.93 v accumulator._2063_/X (sky130_fd_sc_hd__a21o_1)
                                         accumulator._1159_ (net)
                  0.03    0.00   20.93 v accumulator._2064_/A2 (sky130_fd_sc_hd__a21o_1)
     1    0.00    0.04    0.18   21.11 v accumulator._2064_/X (sky130_fd_sc_hd__a21o_1)
                                         accumulator._1160_ (net)
                  0.04    0.00   21.11 v accumulator._2065_/A2 (sky130_fd_sc_hd__a21oi_1)
     1    0.00    0.12    0.14   21.26 ^ accumulator._2065_/Y (sky130_fd_sc_hd__a21oi_1)
                                         accumulator._1161_ (net)
                  0.12    0.00   21.26 ^ accumulator._2067_/A2 (sky130_fd_sc_hd__o21ai_1)
     1    0.00    0.06    0.07   21.33 v accumulator._2067_/Y (sky130_fd_sc_hd__o21ai_1)
                                         accumulator._1163_ (net)
                  0.06    0.00   21.33 v accumulator._2068_/A2 (sky130_fd_sc_hd__a21o_1)
     1    0.00    0.03    0.18   21.51 v accumulator._2068_/X (sky130_fd_sc_hd__a21o_1)
                                         accumulator._1164_ (net)
                  0.03    0.00   21.51 v accumulator._2069_/A2 (sky130_fd_sc_hd__a21o_1)
     1    0.00    0.04    0.18   21.69 v accumulator._2069_/X (sky130_fd_sc_hd__a21o_1)
                                         accumulator._1165_ (net)
                  0.04    0.00   21.69 v accumulator._2070_/A2 (sky130_fd_sc_hd__a211o_1)
     1    0.00    0.04    0.29   21.98 v accumulator._2070_/X (sky130_fd_sc_hd__a211o_1)
                                         accumulator._1167_ (net)
                  0.04    0.00   21.98 v accumulator._2073_/B1 (sky130_fd_sc_hd__a2bb2o_1)
     2    0.01    0.06    0.30   22.29 v accumulator._2073_/X (sky130_fd_sc_hd__a2bb2o_1)
                                         accumulator._1170_ (net)
                  0.06    0.00   22.29 v accumulator._2074_/A (sky130_fd_sc_hd__clkbuf_4)
    10    0.04    0.09    0.21   22.49 v accumulator._2074_/X (sky130_fd_sc_hd__clkbuf_4)
                                         accumulator._1171_ (net)
                  0.09    0.00   22.49 v accumulator._2077_/S (sky130_fd_sc_hd__mux2_1)
     2    0.00    0.06    0.35   22.84 v accumulator._2077_/X (sky130_fd_sc_hd__mux2_1)
                                         accumulator._1174_ (net)
                  0.06    0.00   22.84 v accumulator._2088_/A1 (sky130_fd_sc_hd__mux2_1)
     2    0.01    0.07    0.33   23.18 v accumulator._2088_/X (sky130_fd_sc_hd__mux2_1)
                                         accumulator._0043_ (net)
                  0.07    0.00   23.18 v accumulator._2132_/A0 (sky130_fd_sc_hd__mux2_1)
     2    0.00    0.07    0.32   23.49 v accumulator._2132_/X (sky130_fd_sc_hd__mux2_1)
                                         accumulator._0088_ (net)
                  0.07    0.00   23.49 v accumulator._2134_/A0 (sky130_fd_sc_hd__mux2_1)
     2    0.01    0.08    0.34   23.83 v accumulator._2134_/X (sky130_fd_sc_hd__mux2_1)
                                         accumulator._0090_ (net)
                  0.08    0.00   23.83 v accumulator._2135_/B2 (sky130_fd_sc_hd__o22a_1)
     1    0.00    0.04    0.17   24.00 v accumulator._2135_/X (sky130_fd_sc_hd__o22a_1)
                                         accumulator._0091_ (net)
                  0.04    0.00   24.00 v accumulator._2136_/B (sky130_fd_sc_hd__nor2_1)
     1    0.00    0.07    0.08   24.08 ^ accumulator._2136_/Y (sky130_fd_sc_hd__nor2_1)
                                         accumulator._0006_ (net)
                  0.07    0.00   24.08 ^ accumulator._2361_/D (sky130_fd_sc_hd__dfxtp_1)
                                 24.08   data arrival time

                  0.15   25.00   25.00   clock clock (rise edge)
                          0.00   25.00   clock network delay (ideal)
                         -0.25   24.75   clock uncertainty
                          0.00   24.75   clock reconvergence pessimism
                                 24.75 ^ accumulator._2361_/CLK (sky130_fd_sc_hd__dfxtp_1)
                         -0.05   24.70   library setup time
                                 24.70   data required time
-----------------------------------------------------------------------------
                                 24.70   data required time
                                -24.08   data arrival time
-----------------------------------------------------------------------------
                                  0.62   slack (MET)


Startpoint: io_inScaleA[2] (input port clocked by clock)
Endpoint: accumulator._2373_ (rising edge-triggered flip-flop clocked by clock)
Path Group: clock
Path Type: max

Fanout     Cap    Slew   Delay    Time   Description
-----------------------------------------------------------------------------
                  0.15    0.00    0.00   clock clock (rise edge)
                          0.00    0.00   clock network delay (ideal)
                          5.00    5.00 ^ input external delay
     1    0.00    0.02    0.01    5.01 ^ io_inScaleA[2] (in)
                                         io_inScaleA[2] (net)
                  0.02    0.00    5.01 ^ input11/A (sky130_fd_sc_hd__clkbuf_2)
    10    0.03    0.14    0.17    5.19 ^ input11/X (sky130_fd_sc_hd__clkbuf_2)
                                         net11 (net)
                  0.14    0.00    5.19 ^ scaleAdd._279_/A1 (sky130_fd_sc_hd__a22o_1)
     3    0.01    0.08    0.19    5.38 ^ scaleAdd._279_/X (sky130_fd_sc_hd__a22o_1)
                                         scaleAdd._221_ (net)
                  0.08    0.00    5.38 ^ scaleAdd._285_/B_N (sky130_fd_sc_hd__or2b_1)
     1    0.00    0.06    0.25    5.63 v scaleAdd._285_/X (sky130_fd_sc_hd__or2b_1)
                                         scaleAdd._227_ (net)
                  0.06    0.00    5.63 v scaleAdd._286_/A (sky130_fd_sc_hd__xnor2_1)
     3    0.01    0.08    0.16    5.79 v scaleAdd._286_/Y (sky130_fd_sc_hd__xnor2_1)
                                         scaleAdd._228_ (net)
                  0.08    0.00    5.79 v scaleAdd._311_/B (sky130_fd_sc_hd__or2_1)
     1    0.00    0.05    0.22    6.02 v scaleAdd._311_/X (sky130_fd_sc_hd__or2_1)
                                         scaleAdd._018_ (net)
                  0.05    0.00    6.02 v scaleAdd._313_/A2 (sky130_fd_sc_hd__a21oi_1)
     2    0.01    0.19    0.21    6.23 ^ scaleAdd._313_/Y (sky130_fd_sc_hd__a21oi_1)
                                         scaleAdd._020_ (net)
                  0.19    0.00    6.23 ^ scaleAdd._314_/B (sky130_fd_sc_hd__xnor2_1)
     2    0.01    0.19    0.17    6.40 ^ scaleAdd._314_/Y (sky130_fd_sc_hd__xnor2_1)
                                         scaleAdd._021_ (net)
                  0.19    0.00    6.40 ^ scaleAdd._315_/S (sky130_fd_sc_hd__mux2_2)
     5    0.02    0.08    0.43    6.83 v scaleAdd._315_/X (sky130_fd_sc_hd__mux2_2)
                                         scaleAdd._022_ (net)
                  0.08    0.00    6.83 v scaleAdd._321_/A2 (sky130_fd_sc_hd__a21o_1)
     2    0.00    0.04    0.20    7.03 v scaleAdd._321_/X (sky130_fd_sc_hd__a21o_1)
                                         scaleAdd._028_ (net)
                  0.04    0.00    7.03 v scaleAdd._325_/A (sky130_fd_sc_hd__and3_1)
     3    0.01    0.05    0.16    7.19 v scaleAdd._325_/X (sky130_fd_sc_hd__and3_1)
                                         scaleAdd._032_ (net)
                  0.05    0.00    7.19 v scaleAdd._328_/A (sky130_fd_sc_hd__or3_1)
     3    0.01    0.08    0.41    7.60 v scaleAdd._328_/X (sky130_fd_sc_hd__or3_1)
                                         scaleAdd._035_ (net)
                  0.08    0.00    7.60 v scaleAdd._332_/A1 (sky130_fd_sc_hd__a21o_1)
     2    0.00    0.04    0.18    7.78 v scaleAdd._332_/X (sky130_fd_sc_hd__a21o_1)
                                         scaleAdd._039_ (net)
                  0.04    0.00    7.78 v scaleAdd._361_/A2 (sky130_fd_sc_hd__a21o_1)
     2    0.01    0.07    0.22    8.00 v scaleAdd._361_/X (sky130_fd_sc_hd__a21o_1)
                                         scaleAdd._067_ (net)
                  0.07    0.00    8.00 v scaleAdd._383_/A2 (sky130_fd_sc_hd__a21o_1)
     2    0.01    0.07    0.23    8.22 v scaleAdd._383_/X (sky130_fd_sc_hd__a21o_1)
                                         scaleAdd._088_ (net)
                  0.07    0.00    8.22 v scaleAdd._399_/A2 (sky130_fd_sc_hd__a21o_1)
     2    0.01    0.07    0.23    8.45 v scaleAdd._399_/X (sky130_fd_sc_hd__a21o_1)
                                         scaleAdd._103_ (net)
                  0.07    0.00    8.45 v scaleAdd._417_/A2 (sky130_fd_sc_hd__a21bo_1)
     2    0.01    0.07    0.24    8.70 v scaleAdd._417_/X (sky130_fd_sc_hd__a21bo_1)
                                         scaleAdd._120_ (net)
                  0.07    0.00    8.70 v scaleAdd._432_/A2 (sky130_fd_sc_hd__a21o_1)
     2    0.01    0.07    0.23    8.93 v scaleAdd._432_/X (sky130_fd_sc_hd__a21o_1)
                                         scaleAdd._134_ (net)
                  0.07    0.00    8.93 v scaleAdd._444_/A2 (sky130_fd_sc_hd__a21o_1)
     2    0.01    0.06    0.22    9.15 v scaleAdd._444_/X (sky130_fd_sc_hd__a21o_1)
                                         scaleAdd._145_ (net)
                  0.06    0.00    9.15 v scaleAdd._447_/A2 (sky130_fd_sc_hd__a21o_1)
     2    0.01    0.07    0.22    9.37 v scaleAdd._447_/X (sky130_fd_sc_hd__a21o_1)
                                         scaleAdd._147_ (net)
                  0.07    0.00    9.37 v scaleAdd._449_/B2 (sky130_fd_sc_hd__a2bb2o_1)
     4    0.01    0.08    0.31    9.68 v scaleAdd._449_/X (sky130_fd_sc_hd__a2bb2o_1)
                                         accumulator.io_inMant[15] (net)
                  0.08    0.00    9.68 v accumulator._1181_/A (sky130_fd_sc_hd__or4_1)
     1    0.00    0.08    0.54   10.22 v accumulator._1181_/X (sky130_fd_sc_hd__or4_1)
                                         accumulator._0045_ (net)
                  0.08    0.00   10.22 v accumulator._1182_/A (sky130_fd_sc_hd__buf_2)
    10    0.03    0.08    0.20   10.41 v accumulator._1182_/X (sky130_fd_sc_hd__buf_2)
                                         accumulator._0055_ (net)
                  0.08    0.00   10.41 v accumulator._1200_/A_N (sky130_fd_sc_hd__and2b_1)
     6    0.02    0.14    0.29   10.70 ^ accumulator._1200_/X (sky130_fd_sc_hd__and2b_1)
                                         accumulator._0232_ (net)
                  0.14    0.00   10.70 ^ accumulator._1201_/B1_N (sky130_fd_sc_hd__o21ba_1)
     5    0.02    0.09    0.23   10.93 v accumulator._1201_/X (sky130_fd_sc_hd__o21ba_1)
                                         accumulator._0241_ (net)
                  0.09    0.00   10.93 v accumulator._1202_/B (sky130_fd_sc_hd__and2_1)
     3    0.01    0.05    0.20   11.13 v accumulator._1202_/X (sky130_fd_sc_hd__and2_1)
                                         accumulator._0251_ (net)
                  0.05    0.00   11.13 v accumulator._1204_/A (sky130_fd_sc_hd__or2_1)
     3    0.01    0.08    0.27   11.40 v accumulator._1204_/X (sky130_fd_sc_hd__or2_1)
                                         accumulator._0271_ (net)
                  0.08    0.00   11.40 v accumulator._1205_/A (sky130_fd_sc_hd__inv_2)
     3    0.01    0.05    0.07   11.48 ^ accumulator._1205_/Y (sky130_fd_sc_hd__inv_2)
                                         accumulator._0281_ (net)
                  0.05    0.00   11.48 ^ accumulator._1218_/A2 (sky130_fd_sc_hd__a311o_1)
     4    0.01    0.14    0.23   11.71 ^ accumulator._1218_/X (sky130_fd_sc_hd__a311o_1)
                                         accumulator._0315_ (net)
                  0.14    0.00   11.71 ^ accumulator._1219_/C (sky130_fd_sc_hd__nand3_1)
     2    0.01    0.09    0.12   11.83 v accumulator._1219_/Y (sky130_fd_sc_hd__nand3_1)
                                         accumulator._0316_ (net)
                  0.09    0.00   11.83 v accumulator._1228_/A1 (sky130_fd_sc_hd__a211o_1)
     5    0.01    0.08    0.33   12.16 v accumulator._1228_/X (sky130_fd_sc_hd__a211o_1)
                                         accumulator._0325_ (net)
                  0.08    0.00   12.16 v accumulator._1242_/A1 (sky130_fd_sc_hd__o22a_1)
     3    0.01    0.06    0.25   12.41 v accumulator._1242_/X (sky130_fd_sc_hd__o22a_1)
                                         accumulator._0339_ (net)
                  0.06    0.00   12.41 v accumulator._1255_/C (sky130_fd_sc_hd__or3_2)
     5    0.02    0.12    0.50   12.91 v accumulator._1255_/X (sky130_fd_sc_hd__or3_2)
                                         accumulator._0352_ (net)
                  0.12    0.00   12.91 v accumulator._1257_/A2 (sky130_fd_sc_hd__a21o_2)
     2    0.02    0.07    0.30   13.21 v accumulator._1257_/X (sky130_fd_sc_hd__a21o_2)
                                         accumulator._0354_ (net)
                  0.07    0.00   13.21 v accumulator._1259_/A2 (sky130_fd_sc_hd__a21o_2)
     2    0.02    0.07    0.28   13.48 v accumulator._1259_/X (sky130_fd_sc_hd__a21o_2)
                                         accumulator._0356_ (net)
                  0.07    0.00   13.48 v accumulator._1264_/A1 (sky130_fd_sc_hd__a21o_1)
     2    0.01    0.07    0.21   13.69 v accumulator._1264_/X (sky130_fd_sc_hd__a21o_1)
                                         accumulator._0361_ (net)
                  0.07    0.00   13.69 v accumulator._1266_/A2 (sky130_fd_sc_hd__a21o_1)
     2    0.01    0.07    0.23   13.92 v accumulator._1266_/X (sky130_fd_sc_hd__a21o_1)
                                         accumulator._0363_ (net)
                  0.07    0.00   13.92 v accumulator._1272_/A1 (sky130_fd_sc_hd__a21o_1)
     2    0.02    0.09    0.23   14.15 v accumulator._1272_/X (sky130_fd_sc_hd__a21o_1)
                                         accumulator._0369_ (net)
                  0.09    0.00   14.15 v accumulator._1278_/A1 (sky130_fd_sc_hd__a21oi_4)
     4    0.04    0.31    0.32   14.47 ^ accumulator._1278_/Y (sky130_fd_sc_hd__a21oi_4)
                                         accumulator._0375_ (net)
                  0.31    0.00   14.47 ^ accumulator._1279_/B (sky130_fd_sc_hd__xnor2_4)
    10    0.05    0.37    0.25   14.72 ^ accumulator._1279_/Y (sky130_fd_sc_hd__xnor2_4)
                                         accumulator._0376_ (net)
                  0.37    0.00   14.72 ^ accumulator._1280_/A (sky130_fd_sc_hd__clkbuf_4)
    10    0.04    0.14    0.32   15.04 ^ accumulator._1280_/X (sky130_fd_sc_hd__clkbuf_4)
                                         accumulator._0377_ (net)
                  0.14    0.00   15.04 ^ accumulator._1413_/S (sky130_fd_sc_hd__mux2_1)
     2    0.01    0.09    0.40   15.44 v accumulator._1413_/X (sky130_fd_sc_hd__mux2_1)
                                         accumulator._0508_ (net)
                  0.09    0.00   15.44 v accumulator._1414_/A2 (sky130_fd_sc_hd__a21o_1)
     2    0.01    0.05    0.22   15.66 v accumulator._1414_/X (sky130_fd_sc_hd__a21o_1)
                                         accumulator._0509_ (net)
                  0.05    0.00   15.66 v accumulator._1415_/A2 (sky130_fd_sc_hd__a21o_1)
     2    0.01    0.05    0.20   15.86 v accumulator._1415_/X (sky130_fd_sc_hd__a21o_1)
                                         accumulator._0510_ (net)
                  0.05    0.00   15.86 v accumulator._1417_/A2 (sky130_fd_sc_hd__a21o_1)
     2    0.01    0.05    0.20   16.06 v accumulator._1417_/X (sky130_fd_sc_hd__a21o_1)
                                         accumulator._0512_ (net)
                  0.05    0.00   16.06 v accumulator._1432_/A3 (sky130_fd_sc_hd__a31o_1)
     3    0.01    0.07    0.26   16.32 v accumulator._1432_/X (sky130_fd_sc_hd__a31o_1)
                                         accumulator._0527_ (net)
                  0.07    0.00   16.32 v accumulator._1721_/B1 (sky130_fd_sc_hd__a32o_2)
     4    0.02    0.08    0.28   16.60 v accumulator._1721_/X (sky130_fd_sc_hd__a32o_2)
                                         accumulator._0816_ (net)
                  0.08    0.00   16.60 v accumulator._1736_/B1 (sky130_fd_sc_hd__a2111o_2)
     5    0.02    0.10    0.53   17.13 v accumulator._1736_/X (sky130_fd_sc_hd__a2111o_2)
                                         accumulator._0831_ (net)
                  0.10    0.00   17.13 v accumulator._1738_/A2 (sky130_fd_sc_hd__a21o_1)
     3    0.01    0.05    0.23   17.36 v accumulator._1738_/X (sky130_fd_sc_hd__a21o_1)
                                         accumulator._0833_ (net)
                  0.05    0.00   17.36 v accumulator._1744_/A1 (sky130_fd_sc_hd__a2111o_1)
     3    0.01    0.09    0.42   17.78 v accumulator._1744_/X (sky130_fd_sc_hd__a2111o_1)
                                         accumulator._0839_ (net)
                  0.09    0.00   17.78 v accumulator._1748_/A2 (sky130_fd_sc_hd__a2111o_1)
     2    0.00    0.07    0.45   18.24 v accumulator._1748_/X (sky130_fd_sc_hd__a2111o_1)
                                         accumulator._0843_ (net)
                  0.07    0.00   18.24 v accumulator._1751_/A2 (sky130_fd_sc_hd__a21o_1)
     2    0.01    0.05    0.21   18.44 v accumulator._1751_/X (sky130_fd_sc_hd__a21o_1)
                                         accumulator._0846_ (net)
                  0.05    0.00   18.44 v accumulator._1773_/A2 (sky130_fd_sc_hd__a21o_1)
     2    0.01    0.04    0.19   18.63 v accumulator._1773_/X (sky130_fd_sc_hd__a21o_1)
                                         accumulator._0868_ (net)
                  0.04    0.00   18.63 v accumulator._1798_/A2 (sky130_fd_sc_hd__a311o_1)
     2    0.01    0.08    0.35   18.98 v accumulator._1798_/X (sky130_fd_sc_hd__a311o_1)
                                         accumulator._0893_ (net)
                  0.08    0.00   18.98 v accumulator._1814_/A1 (sky130_fd_sc_hd__a21o_1)
     2    0.01    0.05    0.19   19.17 v accumulator._1814_/X (sky130_fd_sc_hd__a21o_1)
                                         accumulator._0909_ (net)
                  0.05    0.00   19.17 v accumulator._1825_/A2 (sky130_fd_sc_hd__a31oi_2)
     3    0.01    0.20    0.23   19.40 ^ accumulator._1825_/Y (sky130_fd_sc_hd__a31oi_2)
                                         accumulator._0920_ (net)
                  0.20    0.00   19.40 ^ accumulator._1926_/A2 (sky130_fd_sc_hd__a21o_1)
     3    0.01    0.09    0.20   19.60 ^ accumulator._1926_/X (sky130_fd_sc_hd__a21o_1)
                                         accumulator._1021_ (net)
                  0.09    0.00   19.60 ^ accumulator._2039_/S (sky130_fd_sc_hd__mux2_1)
     3    0.01    0.10    0.40   19.99 v accumulator._2039_/X (sky130_fd_sc_hd__mux2_1)
                                         accumulator._1134_ (net)
                  0.10    0.00   19.99 v accumulator._2059_/B2 (sky130_fd_sc_hd__a221oi_1)
     1    0.00    0.25    0.31   20.30 ^ accumulator._2059_/Y (sky130_fd_sc_hd__a221oi_1)
                                         accumulator._1155_ (net)
                  0.25    0.00   20.30 ^ accumulator._2060_/A2 (sky130_fd_sc_hd__o21ai_1)
     1    0.00    0.07    0.10   20.40 v accumulator._2060_/Y (sky130_fd_sc_hd__o21ai_1)
                                         accumulator._1156_ (net)
                  0.07    0.00   20.40 v accumulator._2061_/A2 (sky130_fd_sc_hd__a21o_1)
     1    0.00    0.03    0.19   20.59 v accumulator._2061_/X (sky130_fd_sc_hd__a21o_1)
                                         accumulator._1157_ (net)
                  0.03    0.00   20.59 v accumulator._2062_/A2 (sky130_fd_sc_hd__a21o_1)
     1    0.00    0.03    0.17   20.76 v accumulator._2062_/X (sky130_fd_sc_hd__a21o_1)
                                         accumulator._1158_ (net)
                  0.03    0.00   20.76 v accumulator._2063_/A2 (sky130_fd_sc_hd__a21o_1)
     1    0.00    0.03    0.17   20.93 v accumulator._2063_/X (sky130_fd_sc_hd__a21o_1)
                                         accumulator._1159_ (net)
                  0.03    0.00   20.93 v accumulator._2064_/A2 (sky130_fd_sc_hd__a21o_1)
     1    0.00    0.04    0.18   21.11 v accumulator._2064_/X (sky130_fd_sc_hd__a21o_1)
                                         accumulator._1160_ (net)
                  0.04    0.00   21.11 v accumulator._2065_/A2 (sky130_fd_sc_hd__a21oi_1)
     1    0.00    0.12    0.14   21.26 ^ accumulator._2065_/Y (sky130_fd_sc_hd__a21oi_1)
                                         accumulator._1161_ (net)
                  0.12    0.00   21.26 ^ accumulator._2067_/A2 (sky130_fd_sc_hd__o21ai_1)
     1    0.00    0.06    0.07   21.33 v accumulator._2067_/Y (sky130_fd_sc_hd__o21ai_1)
                                         accumulator._1163_ (net)
                  0.06    0.00   21.33 v accumulator._2068_/A2 (sky130_fd_sc_hd__a21o_1)
     1    0.00    0.03    0.18   21.51 v accumulator._2068_/X (sky130_fd_sc_hd__a21o_1)
                                         accumulator._1164_ (net)
                  0.03    0.00   21.51 v accumulator._2069_/A2 (sky130_fd_sc_hd__a21o_1)
     1    0.00    0.04    0.18   21.69 v accumulator._2069_/X (sky130_fd_sc_hd__a21o_1)
                                         accumulator._1165_ (net)
                  0.04    0.00   21.69 v accumulator._2070_/A2 (sky130_fd_sc_hd__a211o_1)
     1    0.00    0.04    0.29   21.98 v accumulator._2070_/X (sky130_fd_sc_hd__a211o_1)
                                         accumulator._1167_ (net)
                  0.04    0.00   21.98 v accumulator._2073_/B1 (sky130_fd_sc_hd__a2bb2o_1)
     2    0.01    0.06    0.30   22.29 v accumulator._2073_/X (sky130_fd_sc_hd__a2bb2o_1)
                                         accumulator._1170_ (net)
                  0.06    0.00   22.29 v accumulator._2074_/A (sky130_fd_sc_hd__clkbuf_4)
    10    0.04    0.09    0.21   22.49 v accumulator._2074_/X (sky130_fd_sc_hd__clkbuf_4)
                                         accumulator._1171_ (net)
                  0.09    0.00   22.49 v accumulator._2077_/S (sky130_fd_sc_hd__mux2_1)
     2    0.00    0.06    0.35   22.84 v accumulator._2077_/X (sky130_fd_sc_hd__mux2_1)
                                         accumulator._1174_ (net)
                  0.06    0.00   22.84 v accumulator._2088_/A1 (sky130_fd_sc_hd__mux2_1)
     2    0.01    0.07    0.33   23.18 v accumulator._2088_/X (sky130_fd_sc_hd__mux2_1)
                                         accumulator._0043_ (net)
                  0.07    0.00   23.18 v accumulator._2094_/A2 (sky130_fd_sc_hd__a21oi_1)
     3    0.01    0.22    0.25   23.42 ^ accumulator._2094_/Y (sky130_fd_sc_hd__a21oi_1)
                                         accumulator._0050_ (net)
                  0.22    0.00   23.42 ^ accumulator._2234_/C_N (sky130_fd_sc_hd__or3b_1)
     1    0.00    0.07    0.38   23.81 v accumulator._2234_/X (sky130_fd_sc_hd__or3b_1)
                                         accumulator._0188_ (net)
                  0.07    0.00   23.81 v accumulator._2235_/C1 (sky130_fd_sc_hd__o221a_1)
     1    0.00    0.04    0.12   23.93 v accumulator._2235_/X (sky130_fd_sc_hd__o221a_1)
                                         accumulator._0189_ (net)
                  0.04    0.00   23.93 v accumulator._2236_/A2 (sky130_fd_sc_hd__a21oi_1)
     1    0.00    0.10    0.14   24.07 ^ accumulator._2236_/Y (sky130_fd_sc_hd__a21oi_1)
                                         accumulator._0018_ (net)
                  0.10    0.00   24.07 ^ accumulator._2373_/D (sky130_fd_sc_hd__dfxtp_1)
                                 24.07   data arrival time

                  0.15   25.00   25.00   clock clock (rise edge)
                          0.00   25.00   clock network delay (ideal)
                         -0.25   24.75   clock uncertainty
                          0.00   24.75   clock reconvergence pessimism
                                 24.75 ^ accumulator._2373_/CLK (sky130_fd_sc_hd__dfxtp_1)
                         -0.05   24.70   library setup time
                                 24.70   data required time
-----------------------------------------------------------------------------
                                 24.70   data required time
                                -24.07   data arrival time
-----------------------------------------------------------------------------
                                  0.63   slack (MET)


Startpoint: io_inScaleA[2] (input port clocked by clock)
Endpoint: accumulator._2387_ (rising edge-triggered flip-flop clocked by clock)
Path Group: clock
Path Type: max

Fanout     Cap    Slew   Delay    Time   Description
-----------------------------------------------------------------------------
                  0.15    0.00    0.00   clock clock (rise edge)
                          0.00    0.00   clock network delay (ideal)
                          5.00    5.00 ^ input external delay
     1    0.00    0.02    0.01    5.01 ^ io_inScaleA[2] (in)
                                         io_inScaleA[2] (net)
                  0.02    0.00    5.01 ^ input11/A (sky130_fd_sc_hd__clkbuf_2)
    10    0.03    0.14    0.17    5.19 ^ input11/X (sky130_fd_sc_hd__clkbuf_2)
                                         net11 (net)
                  0.14    0.00    5.19 ^ scaleAdd._279_/A1 (sky130_fd_sc_hd__a22o_1)
     3    0.01    0.08    0.19    5.38 ^ scaleAdd._279_/X (sky130_fd_sc_hd__a22o_1)
                                         scaleAdd._221_ (net)
                  0.08    0.00    5.38 ^ scaleAdd._285_/B_N (sky130_fd_sc_hd__or2b_1)
     1    0.00    0.06    0.25    5.63 v scaleAdd._285_/X (sky130_fd_sc_hd__or2b_1)
                                         scaleAdd._227_ (net)
                  0.06    0.00    5.63 v scaleAdd._286_/A (sky130_fd_sc_hd__xnor2_1)
     3    0.01    0.08    0.16    5.79 v scaleAdd._286_/Y (sky130_fd_sc_hd__xnor2_1)
                                         scaleAdd._228_ (net)
                  0.08    0.00    5.79 v scaleAdd._311_/B (sky130_fd_sc_hd__or2_1)
     1    0.00    0.05    0.22    6.02 v scaleAdd._311_/X (sky130_fd_sc_hd__or2_1)
                                         scaleAdd._018_ (net)
                  0.05    0.00    6.02 v scaleAdd._313_/A2 (sky130_fd_sc_hd__a21oi_1)
     2    0.01    0.19    0.21    6.23 ^ scaleAdd._313_/Y (sky130_fd_sc_hd__a21oi_1)
                                         scaleAdd._020_ (net)
                  0.19    0.00    6.23 ^ scaleAdd._314_/B (sky130_fd_sc_hd__xnor2_1)
     2    0.01    0.19    0.17    6.40 ^ scaleAdd._314_/Y (sky130_fd_sc_hd__xnor2_1)
                                         scaleAdd._021_ (net)
                  0.19    0.00    6.40 ^ scaleAdd._315_/S (sky130_fd_sc_hd__mux2_2)
     5    0.02    0.08    0.43    6.83 v scaleAdd._315_/X (sky130_fd_sc_hd__mux2_2)
                                         scaleAdd._022_ (net)
                  0.08    0.00    6.83 v scaleAdd._321_/A2 (sky130_fd_sc_hd__a21o_1)
     2    0.00    0.04    0.20    7.03 v scaleAdd._321_/X (sky130_fd_sc_hd__a21o_1)
                                         scaleAdd._028_ (net)
                  0.04    0.00    7.03 v scaleAdd._325_/A (sky130_fd_sc_hd__and3_1)
     3    0.01    0.05    0.16    7.19 v scaleAdd._325_/X (sky130_fd_sc_hd__and3_1)
                                         scaleAdd._032_ (net)
                  0.05    0.00    7.19 v scaleAdd._328_/A (sky130_fd_sc_hd__or3_1)
     3    0.01    0.08    0.41    7.60 v scaleAdd._328_/X (sky130_fd_sc_hd__or3_1)
                                         scaleAdd._035_ (net)
                  0.08    0.00    7.60 v scaleAdd._332_/A1 (sky130_fd_sc_hd__a21o_1)
     2    0.00    0.04    0.18    7.78 v scaleAdd._332_/X (sky130_fd_sc_hd__a21o_1)
                                         scaleAdd._039_ (net)
                  0.04    0.00    7.78 v scaleAdd._361_/A2 (sky130_fd_sc_hd__a21o_1)
     2    0.01    0.07    0.22    8.00 v scaleAdd._361_/X (sky130_fd_sc_hd__a21o_1)
                                         scaleAdd._067_ (net)
                  0.07    0.00    8.00 v scaleAdd._383_/A2 (sky130_fd_sc_hd__a21o_1)
     2    0.01    0.07    0.23    8.22 v scaleAdd._383_/X (sky130_fd_sc_hd__a21o_1)
                                         scaleAdd._088_ (net)
                  0.07    0.00    8.22 v scaleAdd._399_/A2 (sky130_fd_sc_hd__a21o_1)
     2    0.01    0.07    0.23    8.45 v scaleAdd._399_/X (sky130_fd_sc_hd__a21o_1)
                                         scaleAdd._103_ (net)
                  0.07    0.00    8.45 v scaleAdd._417_/A2 (sky130_fd_sc_hd__a21bo_1)
     2    0.01    0.07    0.24    8.70 v scaleAdd._417_/X (sky130_fd_sc_hd__a21bo_1)
                                         scaleAdd._120_ (net)
                  0.07    0.00    8.70 v scaleAdd._432_/A2 (sky130_fd_sc_hd__a21o_1)
     2    0.01    0.07    0.23    8.93 v scaleAdd._432_/X (sky130_fd_sc_hd__a21o_1)
                                         scaleAdd._134_ (net)
                  0.07    0.00    8.93 v scaleAdd._444_/A2 (sky130_fd_sc_hd__a21o_1)
     2    0.01    0.06    0.22    9.15 v scaleAdd._444_/X (sky130_fd_sc_hd__a21o_1)
                                         scaleAdd._145_ (net)
                  0.06    0.00    9.15 v scaleAdd._447_/A2 (sky130_fd_sc_hd__a21o_1)
     2    0.01    0.07    0.22    9.37 v scaleAdd._447_/X (sky130_fd_sc_hd__a21o_1)
                                         scaleAdd._147_ (net)
                  0.07    0.00    9.37 v scaleAdd._449_/B2 (sky130_fd_sc_hd__a2bb2o_1)
     4    0.01    0.08    0.31    9.68 v scaleAdd._449_/X (sky130_fd_sc_hd__a2bb2o_1)
                                         accumulator.io_inMant[15] (net)
                  0.08    0.00    9.68 v accumulator._1181_/A (sky130_fd_sc_hd__or4_1)
     1    0.00    0.08    0.54   10.22 v accumulator._1181_/X (sky130_fd_sc_hd__or4_1)
                                         accumulator._0045_ (net)
                  0.08    0.00   10.22 v accumulator._1182_/A (sky130_fd_sc_hd__buf_2)
    10    0.03    0.08    0.20   10.41 v accumulator._1182_/X (sky130_fd_sc_hd__buf_2)
                                         accumulator._0055_ (net)
                  0.08    0.00   10.41 v accumulator._1200_/A_N (sky130_fd_sc_hd__and2b_1)
     6    0.02    0.14    0.29   10.70 ^ accumulator._1200_/X (sky130_fd_sc_hd__and2b_1)
                                         accumulator._0232_ (net)
                  0.14    0.00   10.70 ^ accumulator._1201_/B1_N (sky130_fd_sc_hd__o21ba_1)
     5    0.02    0.09    0.23   10.93 v accumulator._1201_/X (sky130_fd_sc_hd__o21ba_1)
                                         accumulator._0241_ (net)
                  0.09    0.00   10.93 v accumulator._1202_/B (sky130_fd_sc_hd__and2_1)
     3    0.01    0.05    0.20   11.13 v accumulator._1202_/X (sky130_fd_sc_hd__and2_1)
                                         accumulator._0251_ (net)
                  0.05    0.00   11.13 v accumulator._1204_/A (sky130_fd_sc_hd__or2_1)
     3    0.01    0.08    0.27   11.40 v accumulator._1204_/X (sky130_fd_sc_hd__or2_1)
                                         accumulator._0271_ (net)
                  0.08    0.00   11.40 v accumulator._1205_/A (sky130_fd_sc_hd__inv_2)
     3    0.01    0.05    0.07   11.48 ^ accumulator._1205_/Y (sky130_fd_sc_hd__inv_2)
                                         accumulator._0281_ (net)
                  0.05    0.00   11.48 ^ accumulator._1218_/A2 (sky130_fd_sc_hd__a311o_1)
     4    0.01    0.14    0.23   11.71 ^ accumulator._1218_/X (sky130_fd_sc_hd__a311o_1)
                                         accumulator._0315_ (net)
                  0.14    0.00   11.71 ^ accumulator._1219_/C (sky130_fd_sc_hd__nand3_1)
     2    0.01    0.09    0.12   11.83 v accumulator._1219_/Y (sky130_fd_sc_hd__nand3_1)
                                         accumulator._0316_ (net)
                  0.09    0.00   11.83 v accumulator._1228_/A1 (sky130_fd_sc_hd__a211o_1)
     5    0.01    0.08    0.33   12.16 v accumulator._1228_/X (sky130_fd_sc_hd__a211o_1)
                                         accumulator._0325_ (net)
                  0.08    0.00   12.16 v accumulator._1242_/A1 (sky130_fd_sc_hd__o22a_1)
     3    0.01    0.06    0.25   12.41 v accumulator._1242_/X (sky130_fd_sc_hd__o22a_1)
                                         accumulator._0339_ (net)
                  0.06    0.00   12.41 v accumulator._1255_/C (sky130_fd_sc_hd__or3_2)
     5    0.02    0.12    0.50   12.91 v accumulator._1255_/X (sky130_fd_sc_hd__or3_2)
                                         accumulator._0352_ (net)
                  0.12    0.00   12.91 v accumulator._1257_/A2 (sky130_fd_sc_hd__a21o_2)
     2    0.02    0.07    0.30   13.21 v accumulator._1257_/X (sky130_fd_sc_hd__a21o_2)
                                         accumulator._0354_ (net)
                  0.07    0.00   13.21 v accumulator._1259_/A2 (sky130_fd_sc_hd__a21o_2)
     2    0.02    0.07    0.28   13.48 v accumulator._1259_/X (sky130_fd_sc_hd__a21o_2)
                                         accumulator._0356_ (net)
                  0.07    0.00   13.48 v accumulator._1264_/A1 (sky130_fd_sc_hd__a21o_1)
     2    0.01    0.07    0.21   13.69 v accumulator._1264_/X (sky130_fd_sc_hd__a21o_1)
                                         accumulator._0361_ (net)
                  0.07    0.00   13.69 v accumulator._1266_/A2 (sky130_fd_sc_hd__a21o_1)
     2    0.01    0.07    0.23   13.92 v accumulator._1266_/X (sky130_fd_sc_hd__a21o_1)
                                         accumulator._0363_ (net)
                  0.07    0.00   13.92 v accumulator._1272_/A1 (sky130_fd_sc_hd__a21o_1)
     2    0.02    0.09    0.23   14.15 v accumulator._1272_/X (sky130_fd_sc_hd__a21o_1)
                                         accumulator._0369_ (net)
                  0.09    0.00   14.15 v accumulator._1278_/A1 (sky130_fd_sc_hd__a21oi_4)
     4    0.04    0.31    0.32   14.47 ^ accumulator._1278_/Y (sky130_fd_sc_hd__a21oi_4)
                                         accumulator._0375_ (net)
                  0.31    0.00   14.47 ^ accumulator._1279_/B (sky130_fd_sc_hd__xnor2_4)
    10    0.05    0.37    0.25   14.72 ^ accumulator._1279_/Y (sky130_fd_sc_hd__xnor2_4)
                                         accumulator._0376_ (net)
                  0.37    0.00   14.72 ^ accumulator._1280_/A (sky130_fd_sc_hd__clkbuf_4)
    10    0.04    0.14    0.32   15.04 ^ accumulator._1280_/X (sky130_fd_sc_hd__clkbuf_4)
                                         accumulator._0377_ (net)
                  0.14    0.00   15.04 ^ accumulator._1413_/S (sky130_fd_sc_hd__mux2_1)
     2    0.01    0.09    0.40   15.44 v accumulator._1413_/X (sky130_fd_sc_hd__mux2_1)
                                         accumulator._0508_ (net)
                  0.09    0.00   15.44 v accumulator._1414_/A2 (sky130_fd_sc_hd__a21o_1)
     2    0.01    0.05    0.22   15.66 v accumulator._1414_/X (sky130_fd_sc_hd__a21o_1)
                                         accumulator._0509_ (net)
                  0.05    0.00   15.66 v accumulator._1415_/A2 (sky130_fd_sc_hd__a21o_1)
     2    0.01    0.05    0.20   15.86 v accumulator._1415_/X (sky130_fd_sc_hd__a21o_1)
                                         accumulator._0510_ (net)
                  0.05    0.00   15.86 v accumulator._1417_/A2 (sky130_fd_sc_hd__a21o_1)
     2    0.01    0.05    0.20   16.06 v accumulator._1417_/X (sky130_fd_sc_hd__a21o_1)
                                         accumulator._0512_ (net)
                  0.05    0.00   16.06 v accumulator._1432_/A3 (sky130_fd_sc_hd__a31o_1)
     3    0.01    0.07    0.26   16.32 v accumulator._1432_/X (sky130_fd_sc_hd__a31o_1)
                                         accumulator._0527_ (net)
                  0.07    0.00   16.32 v accumulator._1721_/B1 (sky130_fd_sc_hd__a32o_2)
     4    0.02    0.08    0.28   16.60 v accumulator._1721_/X (sky130_fd_sc_hd__a32o_2)
                                         accumulator._0816_ (net)
                  0.08    0.00   16.60 v accumulator._1736_/B1 (sky130_fd_sc_hd__a2111o_2)
     5    0.02    0.10    0.53   17.13 v accumulator._1736_/X (sky130_fd_sc_hd__a2111o_2)
                                         accumulator._0831_ (net)
                  0.10    0.00   17.13 v accumulator._1854_/A3 (sky130_fd_sc_hd__a31o_1)
     1    0.00    0.05    0.25   17.38 v accumulator._1854_/X (sky130_fd_sc_hd__a31o_1)
                                         accumulator._0949_ (net)
                  0.05    0.00   17.38 v accumulator._1855_/B (sky130_fd_sc_hd__xnor2_1)
     2    0.01    0.26    0.25   17.63 ^ accumulator._1855_/Y (sky130_fd_sc_hd__xnor2_1)
                                         accumulator._0950_ (net)
                  0.26    0.00   17.63 ^ accumulator._1856_/B_N (sky130_fd_sc_hd__or2b_1)
     2    0.00    0.05    0.28   17.91 v accumulator._1856_/X (sky130_fd_sc_hd__or2b_1)
                                         accumulator._0951_ (net)
                  0.05    0.00   17.91 v accumulator._1860_/A (sky130_fd_sc_hd__or2_1)
     3    0.01    0.07    0.26   18.17 v accumulator._1860_/X (sky130_fd_sc_hd__or2_1)
                                         accumulator._0955_ (net)
                  0.07    0.00   18.17 v accumulator._1873_/A (sky130_fd_sc_hd__or4b_2)
     3    0.01    0.13    0.75   18.92 v accumulator._1873_/X (sky130_fd_sc_hd__or4b_2)
                                         accumulator._0968_ (net)
                  0.13    0.00   18.92 v accumulator._1883_/A (sky130_fd_sc_hd__nor3b_1)
     3    0.01    0.27    0.31   19.23 ^ accumulator._1883_/Y (sky130_fd_sc_hd__nor3b_1)
                                         accumulator._0978_ (net)
                  0.27    0.00   19.23 ^ accumulator._1893_/A (sky130_fd_sc_hd__and3_1)
     3    0.01    0.08    0.24   19.47 ^ accumulator._1893_/X (sky130_fd_sc_hd__and3_1)
                                         accumulator._0988_ (net)
                  0.08    0.00   19.47 ^ accumulator._1902_/A (sky130_fd_sc_hd__and3_1)
     3    0.01    0.10    0.20   19.66 ^ accumulator._1902_/X (sky130_fd_sc_hd__and3_1)
                                         accumulator._0997_ (net)
                  0.10    0.00   19.67 ^ accumulator._1909_/A (sky130_fd_sc_hd__and3_1)
     4    0.01    0.10    0.20   19.86 ^ accumulator._1909_/X (sky130_fd_sc_hd__and3_1)
                                         accumulator._1004_ (net)
                  0.10    0.00   19.86 ^ accumulator._1949_/D_N (sky130_fd_sc_hd__or4b_1)
     2    0.00    0.09    0.47   20.34 v accumulator._1949_/X (sky130_fd_sc_hd__or4b_1)
                                         accumulator._1044_ (net)
                  0.09    0.00   20.34 v accumulator._1953_/A_N (sky130_fd_sc_hd__and2b_1)
     2    0.01    0.07    0.23   20.57 ^ accumulator._1953_/X (sky130_fd_sc_hd__and2b_1)
                                         accumulator._1048_ (net)
                  0.07    0.00   20.57 ^ accumulator._1963_/B (sky130_fd_sc_hd__nand2_1)
     2    0.01    0.08    0.07   20.64 v accumulator._1963_/Y (sky130_fd_sc_hd__nand2_1)
                                         accumulator._1058_ (net)
                  0.08    0.00   20.64 v accumulator._1968_/A (sky130_fd_sc_hd__nor2_1)
     3    0.01    0.20    0.21   20.85 ^ accumulator._1968_/Y (sky130_fd_sc_hd__nor2_1)
                                         accumulator._1063_ (net)
                  0.20    0.00   20.85 ^ accumulator._1987_/A2 (sky130_fd_sc_hd__a21o_1)
     1    0.02    0.15    0.23   21.08 ^ accumulator._1987_/X (sky130_fd_sc_hd__a21o_1)
                                         accumulator._1082_ (net)
                  0.15    0.00   21.08 ^ accumulator._1988_/B (sky130_fd_sc_hd__xor2_4)
     4    0.02    0.20    0.24   21.32 ^ accumulator._1988_/X (sky130_fd_sc_hd__xor2_4)
                                         accumulator._1083_ (net)
                  0.20    0.00   21.32 ^ accumulator._1989_/A (sky130_fd_sc_hd__inv_2)
     2    0.00    0.04    0.05   21.37 v accumulator._1989_/Y (sky130_fd_sc_hd__inv_2)
                                         accumulator._1084_ (net)
                  0.04    0.00   21.37 v accumulator._1996_/B (sky130_fd_sc_hd__or3_1)
     2    0.00    0.07    0.36   21.73 v accumulator._1996_/X (sky130_fd_sc_hd__or3_1)
                                         accumulator._1091_ (net)
                  0.07    0.00   21.73 v accumulator._2031_/A (sky130_fd_sc_hd__or2_1)
     1    0.00    0.05    0.24   21.97 v accumulator._2031_/X (sky130_fd_sc_hd__or2_1)
                                         accumulator._1126_ (net)
                  0.05    0.00   21.97 v accumulator._2032_/A (sky130_fd_sc_hd__clkbuf_4)
     9    0.04    0.08    0.20   22.17 v accumulator._2032_/X (sky130_fd_sc_hd__clkbuf_4)
                                         accumulator._1127_ (net)
                  0.08    0.00   22.17 v accumulator._2297_/A (sky130_fd_sc_hd__xor2_1)
     2    0.01    0.19    0.22   22.39 ^ accumulator._2297_/X (sky130_fd_sc_hd__xor2_1)
                                         accumulator._0248_ (net)
                  0.19    0.00   22.39 ^ accumulator._2298_/B (sky130_fd_sc_hd__xor2_1)
     2    0.01    0.21    0.24   22.63 ^ accumulator._2298_/X (sky130_fd_sc_hd__xor2_1)
                                         accumulator._0249_ (net)
                  0.21    0.00   22.63 ^ accumulator._2308_/A4 (sky130_fd_sc_hd__a41o_1)
     2    0.01    0.07    0.23   22.85 ^ accumulator._2308_/X (sky130_fd_sc_hd__a41o_1)
                                         accumulator._0259_ (net)
                  0.07    0.00   22.85 ^ accumulator._2310_/B (sky130_fd_sc_hd__nand2_1)
     3    0.01    0.07    0.08   22.94 v accumulator._2310_/Y (sky130_fd_sc_hd__nand2_1)
                                         accumulator._0262_ (net)
                  0.07    0.00   22.94 v accumulator._2322_/A2 (sky130_fd_sc_hd__a21o_1)
     5    0.01    0.08    0.24   23.18 v accumulator._2322_/X (sky130_fd_sc_hd__a21o_1)
                                         accumulator._0274_ (net)
                  0.08    0.00   23.18 v accumulator._2344_/A2 (sky130_fd_sc_hd__a311o_1)
     2    0.00    0.06    0.35   23.53 v accumulator._2344_/X (sky130_fd_sc_hd__a311o_1)
                                         accumulator._0295_ (net)
                  0.06    0.00   23.53 v accumulator._2349_/A (sky130_fd_sc_hd__and3_1)
     1    0.00    0.04    0.15   23.68 v accumulator._2349_/X (sky130_fd_sc_hd__and3_1)
                                         accumulator._0300_ (net)
                  0.04    0.00   23.68 v accumulator._2352_/A2 (sky130_fd_sc_hd__o31a_1)
     1    0.00    0.04    0.27   23.95 v accumulator._2352_/X (sky130_fd_sc_hd__o31a_1)
                                         accumulator._0032_ (net)
                  0.04    0.00   23.95 v accumulator._2387_/D (sky130_fd_sc_hd__dfxtp_2)
                                 23.95   data arrival time

                  0.15   25.00   25.00   clock clock (rise edge)
                          0.00   25.00   clock network delay (ideal)
                         -0.25   24.75   clock uncertainty
                          0.00   24.75   clock reconvergence pessimism
                                 24.75 ^ accumulator._2387_/CLK (sky130_fd_sc_hd__dfxtp_2)
                         -0.09   24.66   library setup time
                                 24.66   data required time
-----------------------------------------------------------------------------
                                 24.66   data required time
                                -23.95   data arrival time
-----------------------------------------------------------------------------
                                  0.71   slack (MET)


Startpoint: io_inScaleA[2] (input port clocked by clock)
Endpoint: accumulator._2358_ (rising edge-triggered flip-flop clocked by clock)
Path Group: clock
Path Type: max

Fanout     Cap    Slew   Delay    Time   Description
-----------------------------------------------------------------------------
                  0.15    0.00    0.00   clock clock (rise edge)
                          0.00    0.00   clock network delay (ideal)
                          5.00    5.00 ^ input external delay
     1    0.00    0.02    0.01    5.01 ^ io_inScaleA[2] (in)
                                         io_inScaleA[2] (net)
                  0.02    0.00    5.01 ^ input11/A (sky130_fd_sc_hd__clkbuf_2)
    10    0.03    0.14    0.17    5.19 ^ input11/X (sky130_fd_sc_hd__clkbuf_2)
                                         net11 (net)
                  0.14    0.00    5.19 ^ scaleAdd._279_/A1 (sky130_fd_sc_hd__a22o_1)
     3    0.01    0.08    0.19    5.38 ^ scaleAdd._279_/X (sky130_fd_sc_hd__a22o_1)
                                         scaleAdd._221_ (net)
                  0.08    0.00    5.38 ^ scaleAdd._285_/B_N (sky130_fd_sc_hd__or2b_1)
     1    0.00    0.06    0.25    5.63 v scaleAdd._285_/X (sky130_fd_sc_hd__or2b_1)
                                         scaleAdd._227_ (net)
                  0.06    0.00    5.63 v scaleAdd._286_/A (sky130_fd_sc_hd__xnor2_1)
     3    0.01    0.08    0.16    5.79 v scaleAdd._286_/Y (sky130_fd_sc_hd__xnor2_1)
                                         scaleAdd._228_ (net)
                  0.08    0.00    5.79 v scaleAdd._311_/B (sky130_fd_sc_hd__or2_1)
     1    0.00    0.05    0.22    6.02 v scaleAdd._311_/X (sky130_fd_sc_hd__or2_1)
                                         scaleAdd._018_ (net)
                  0.05    0.00    6.02 v scaleAdd._313_/A2 (sky130_fd_sc_hd__a21oi_1)
     2    0.01    0.19    0.21    6.23 ^ scaleAdd._313_/Y (sky130_fd_sc_hd__a21oi_1)
                                         scaleAdd._020_ (net)
                  0.19    0.00    6.23 ^ scaleAdd._314_/B (sky130_fd_sc_hd__xnor2_1)
     2    0.01    0.19    0.17    6.40 ^ scaleAdd._314_/Y (sky130_fd_sc_hd__xnor2_1)
                                         scaleAdd._021_ (net)
                  0.19    0.00    6.40 ^ scaleAdd._315_/S (sky130_fd_sc_hd__mux2_2)
     5    0.02    0.08    0.43    6.83 v scaleAdd._315_/X (sky130_fd_sc_hd__mux2_2)
                                         scaleAdd._022_ (net)
                  0.08    0.00    6.83 v scaleAdd._321_/A2 (sky130_fd_sc_hd__a21o_1)
     2    0.00    0.04    0.20    7.03 v scaleAdd._321_/X (sky130_fd_sc_hd__a21o_1)
                                         scaleAdd._028_ (net)
                  0.04    0.00    7.03 v scaleAdd._325_/A (sky130_fd_sc_hd__and3_1)
     3    0.01    0.05    0.16    7.19 v scaleAdd._325_/X (sky130_fd_sc_hd__and3_1)
                                         scaleAdd._032_ (net)
                  0.05    0.00    7.19 v scaleAdd._328_/A (sky130_fd_sc_hd__or3_1)
     3    0.01    0.08    0.41    7.60 v scaleAdd._328_/X (sky130_fd_sc_hd__or3_1)
                                         scaleAdd._035_ (net)
                  0.08    0.00    7.60 v scaleAdd._332_/A1 (sky130_fd_sc_hd__a21o_1)
     2    0.00    0.04    0.18    7.78 v scaleAdd._332_/X (sky130_fd_sc_hd__a21o_1)
                                         scaleAdd._039_ (net)
                  0.04    0.00    7.78 v scaleAdd._361_/A2 (sky130_fd_sc_hd__a21o_1)
     2    0.01    0.07    0.22    8.00 v scaleAdd._361_/X (sky130_fd_sc_hd__a21o_1)
                                         scaleAdd._067_ (net)
                  0.07    0.00    8.00 v scaleAdd._383_/A2 (sky130_fd_sc_hd__a21o_1)
     2    0.01    0.07    0.23    8.22 v scaleAdd._383_/X (sky130_fd_sc_hd__a21o_1)
                                         scaleAdd._088_ (net)
                  0.07    0.00    8.22 v scaleAdd._399_/A2 (sky130_fd_sc_hd__a21o_1)
     2    0.01    0.07    0.23    8.45 v scaleAdd._399_/X (sky130_fd_sc_hd__a21o_1)
                                         scaleAdd._103_ (net)
                  0.07    0.00    8.45 v scaleAdd._417_/A2 (sky130_fd_sc_hd__a21bo_1)
     2    0.01    0.07    0.24    8.70 v scaleAdd._417_/X (sky130_fd_sc_hd__a21bo_1)
                                         scaleAdd._120_ (net)
                  0.07    0.00    8.70 v scaleAdd._432_/A2 (sky130_fd_sc_hd__a21o_1)
     2    0.01    0.07    0.23    8.93 v scaleAdd._432_/X (sky130_fd_sc_hd__a21o_1)
                                         scaleAdd._134_ (net)
                  0.07    0.00    8.93 v scaleAdd._444_/A2 (sky130_fd_sc_hd__a21o_1)
     2    0.01    0.06    0.22    9.15 v scaleAdd._444_/X (sky130_fd_sc_hd__a21o_1)
                                         scaleAdd._145_ (net)
                  0.06    0.00    9.15 v scaleAdd._447_/A2 (sky130_fd_sc_hd__a21o_1)
     2    0.01    0.07    0.22    9.37 v scaleAdd._447_/X (sky130_fd_sc_hd__a21o_1)
                                         scaleAdd._147_ (net)
                  0.07    0.00    9.37 v scaleAdd._449_/B2 (sky130_fd_sc_hd__a2bb2o_1)
     4    0.01    0.08    0.31    9.68 v scaleAdd._449_/X (sky130_fd_sc_hd__a2bb2o_1)
                                         accumulator.io_inMant[15] (net)
                  0.08    0.00    9.68 v accumulator._1181_/A (sky130_fd_sc_hd__or4_1)
     1    0.00    0.08    0.54   10.22 v accumulator._1181_/X (sky130_fd_sc_hd__or4_1)
                                         accumulator._0045_ (net)
                  0.08    0.00   10.22 v accumulator._1182_/A (sky130_fd_sc_hd__buf_2)
    10    0.03    0.08    0.20   10.41 v accumulator._1182_/X (sky130_fd_sc_hd__buf_2)
                                         accumulator._0055_ (net)
                  0.08    0.00   10.41 v accumulator._1200_/A_N (sky130_fd_sc_hd__and2b_1)
     6    0.02    0.14    0.29   10.70 ^ accumulator._1200_/X (sky130_fd_sc_hd__and2b_1)
                                         accumulator._0232_ (net)
                  0.14    0.00   10.70 ^ accumulator._1201_/B1_N (sky130_fd_sc_hd__o21ba_1)
     5    0.02    0.09    0.23   10.93 v accumulator._1201_/X (sky130_fd_sc_hd__o21ba_1)
                                         accumulator._0241_ (net)
                  0.09    0.00   10.93 v accumulator._1202_/B (sky130_fd_sc_hd__and2_1)
     3    0.01    0.05    0.20   11.13 v accumulator._1202_/X (sky130_fd_sc_hd__and2_1)
                                         accumulator._0251_ (net)
                  0.05    0.00   11.13 v accumulator._1204_/A (sky130_fd_sc_hd__or2_1)
     3    0.01    0.08    0.27   11.40 v accumulator._1204_/X (sky130_fd_sc_hd__or2_1)
                                         accumulator._0271_ (net)
                  0.08    0.00   11.40 v accumulator._1205_/A (sky130_fd_sc_hd__inv_2)
     3    0.01    0.05    0.07   11.48 ^ accumulator._1205_/Y (sky130_fd_sc_hd__inv_2)
                                         accumulator._0281_ (net)
                  0.05    0.00   11.48 ^ accumulator._1218_/A2 (sky130_fd_sc_hd__a311o_1)
     4    0.01    0.14    0.23   11.71 ^ accumulator._1218_/X (sky130_fd_sc_hd__a311o_1)
                                         accumulator._0315_ (net)
                  0.14    0.00   11.71 ^ accumulator._1219_/C (sky130_fd_sc_hd__nand3_1)
     2    0.01    0.09    0.12   11.83 v accumulator._1219_/Y (sky130_fd_sc_hd__nand3_1)
                                         accumulator._0316_ (net)
                  0.09    0.00   11.83 v accumulator._1228_/A1 (sky130_fd_sc_hd__a211o_1)
     5    0.01    0.08    0.33   12.16 v accumulator._1228_/X (sky130_fd_sc_hd__a211o_1)
                                         accumulator._0325_ (net)
                  0.08    0.00   12.16 v accumulator._1242_/A1 (sky130_fd_sc_hd__o22a_1)
     3    0.01    0.06    0.25   12.41 v accumulator._1242_/X (sky130_fd_sc_hd__o22a_1)
                                         accumulator._0339_ (net)
                  0.06    0.00   12.41 v accumulator._1255_/C (sky130_fd_sc_hd__or3_2)
     5    0.02    0.12    0.50   12.91 v accumulator._1255_/X (sky130_fd_sc_hd__or3_2)
                                         accumulator._0352_ (net)
                  0.12    0.00   12.91 v accumulator._1257_/A2 (sky130_fd_sc_hd__a21o_2)
     2    0.02    0.07    0.30   13.21 v accumulator._1257_/X (sky130_fd_sc_hd__a21o_2)
                                         accumulator._0354_ (net)
                  0.07    0.00   13.21 v accumulator._1259_/A2 (sky130_fd_sc_hd__a21o_2)
     2    0.02    0.07    0.28   13.48 v accumulator._1259_/X (sky130_fd_sc_hd__a21o_2)
                                         accumulator._0356_ (net)
                  0.07    0.00   13.48 v accumulator._1264_/A1 (sky130_fd_sc_hd__a21o_1)
     2    0.01    0.07    0.21   13.69 v accumulator._1264_/X (sky130_fd_sc_hd__a21o_1)
                                         accumulator._0361_ (net)
                  0.07    0.00   13.69 v accumulator._1266_/A2 (sky130_fd_sc_hd__a21o_1)
     2    0.01    0.07    0.23   13.92 v accumulator._1266_/X (sky130_fd_sc_hd__a21o_1)
                                         accumulator._0363_ (net)
                  0.07    0.00   13.92 v accumulator._1272_/A1 (sky130_fd_sc_hd__a21o_1)
     2    0.02    0.09    0.23   14.15 v accumulator._1272_/X (sky130_fd_sc_hd__a21o_1)
                                         accumulator._0369_ (net)
                  0.09    0.00   14.15 v accumulator._1278_/A1 (sky130_fd_sc_hd__a21oi_4)
     4    0.04    0.31    0.32   14.47 ^ accumulator._1278_/Y (sky130_fd_sc_hd__a21oi_4)
                                         accumulator._0375_ (net)
                  0.31    0.00   14.47 ^ accumulator._1279_/B (sky130_fd_sc_hd__xnor2_4)
    10    0.05    0.37    0.25   14.72 ^ accumulator._1279_/Y (sky130_fd_sc_hd__xnor2_4)
                                         accumulator._0376_ (net)
                  0.37    0.00   14.72 ^ accumulator._1280_/A (sky130_fd_sc_hd__clkbuf_4)
    10    0.04    0.14    0.32   15.04 ^ accumulator._1280_/X (sky130_fd_sc_hd__clkbuf_4)
                                         accumulator._0377_ (net)
                  0.14    0.00   15.04 ^ accumulator._1413_/S (sky130_fd_sc_hd__mux2_1)
     2    0.01    0.09    0.40   15.44 v accumulator._1413_/X (sky130_fd_sc_hd__mux2_1)
                                         accumulator._0508_ (net)
                  0.09    0.00   15.44 v accumulator._1414_/A2 (sky130_fd_sc_hd__a21o_1)
     2    0.01    0.05    0.22   15.66 v accumulator._1414_/X (sky130_fd_sc_hd__a21o_1)
                                         accumulator._0509_ (net)
                  0.05    0.00   15.66 v accumulator._1415_/A2 (sky130_fd_sc_hd__a21o_1)
     2    0.01    0.05    0.20   15.86 v accumulator._1415_/X (sky130_fd_sc_hd__a21o_1)
                                         accumulator._0510_ (net)
                  0.05    0.00   15.86 v accumulator._1417_/A2 (sky130_fd_sc_hd__a21o_1)
     2    0.01    0.05    0.20   16.06 v accumulator._1417_/X (sky130_fd_sc_hd__a21o_1)
                                         accumulator._0512_ (net)
                  0.05    0.00   16.06 v accumulator._1432_/A3 (sky130_fd_sc_hd__a31o_1)
     3    0.01    0.07    0.26   16.32 v accumulator._1432_/X (sky130_fd_sc_hd__a31o_1)
                                         accumulator._0527_ (net)
                  0.07    0.00   16.32 v accumulator._1721_/B1 (sky130_fd_sc_hd__a32o_2)
     4    0.02    0.08    0.28   16.60 v accumulator._1721_/X (sky130_fd_sc_hd__a32o_2)
                                         accumulator._0816_ (net)
                  0.08    0.00   16.60 v accumulator._1736_/B1 (sky130_fd_sc_hd__a2111o_2)
     5    0.02    0.10    0.53   17.13 v accumulator._1736_/X (sky130_fd_sc_hd__a2111o_2)
                                         accumulator._0831_ (net)
                  0.10    0.00   17.13 v accumulator._1738_/A2 (sky130_fd_sc_hd__a21o_1)
     3    0.01    0.05    0.23   17.36 v accumulator._1738_/X (sky130_fd_sc_hd__a21o_1)
                                         accumulator._0833_ (net)
                  0.05    0.00   17.36 v accumulator._1744_/A1 (sky130_fd_sc_hd__a2111o_1)
     3    0.01    0.09    0.42   17.78 v accumulator._1744_/X (sky130_fd_sc_hd__a2111o_1)
                                         accumulator._0839_ (net)
                  0.09    0.00   17.78 v accumulator._1748_/A2 (sky130_fd_sc_hd__a2111o_1)
     2    0.00    0.07    0.45   18.24 v accumulator._1748_/X (sky130_fd_sc_hd__a2111o_1)
                                         accumulator._0843_ (net)
                  0.07    0.00   18.24 v accumulator._1751_/A2 (sky130_fd_sc_hd__a21o_1)
     2    0.01    0.05    0.21   18.44 v accumulator._1751_/X (sky130_fd_sc_hd__a21o_1)
                                         accumulator._0846_ (net)
                  0.05    0.00   18.44 v accumulator._1773_/A2 (sky130_fd_sc_hd__a21o_1)
     2    0.01    0.04    0.19   18.63 v accumulator._1773_/X (sky130_fd_sc_hd__a21o_1)
                                         accumulator._0868_ (net)
                  0.04    0.00   18.63 v accumulator._1798_/A2 (sky130_fd_sc_hd__a311o_1)
     2    0.01    0.08    0.35   18.98 v accumulator._1798_/X (sky130_fd_sc_hd__a311o_1)
                                         accumulator._0893_ (net)
                  0.08    0.00   18.98 v accumulator._1814_/A1 (sky130_fd_sc_hd__a21o_1)
     2    0.01    0.05    0.19   19.17 v accumulator._1814_/X (sky130_fd_sc_hd__a21o_1)
                                         accumulator._0909_ (net)
                  0.05    0.00   19.17 v accumulator._1825_/A2 (sky130_fd_sc_hd__a31oi_2)
     3    0.01    0.20    0.23   19.40 ^ accumulator._1825_/Y (sky130_fd_sc_hd__a31oi_2)
                                         accumulator._0920_ (net)
                  0.20    0.00   19.40 ^ accumulator._1926_/A2 (sky130_fd_sc_hd__a21o_1)
     3    0.01    0.09    0.20   19.60 ^ accumulator._1926_/X (sky130_fd_sc_hd__a21o_1)
                                         accumulator._1021_ (net)
                  0.09    0.00   19.60 ^ accumulator._2039_/S (sky130_fd_sc_hd__mux2_1)
     3    0.01    0.10    0.40   19.99 v accumulator._2039_/X (sky130_fd_sc_hd__mux2_1)
                                         accumulator._1134_ (net)
                  0.10    0.00   19.99 v accumulator._2059_/B2 (sky130_fd_sc_hd__a221oi_1)
     1    0.00    0.25    0.31   20.30 ^ accumulator._2059_/Y (sky130_fd_sc_hd__a221oi_1)
                                         accumulator._1155_ (net)
                  0.25    0.00   20.30 ^ accumulator._2060_/A2 (sky130_fd_sc_hd__o21ai_1)
     1    0.00    0.07    0.10   20.40 v accumulator._2060_/Y (sky130_fd_sc_hd__o21ai_1)
                                         accumulator._1156_ (net)
                  0.07    0.00   20.40 v accumulator._2061_/A2 (sky130_fd_sc_hd__a21o_1)
     1    0.00    0.03    0.19   20.59 v accumulator._2061_/X (sky130_fd_sc_hd__a21o_1)
                                         accumulator._1157_ (net)
                  0.03    0.00   20.59 v accumulator._2062_/A2 (sky130_fd_sc_hd__a21o_1)
     1    0.00    0.03    0.17   20.76 v accumulator._2062_/X (sky130_fd_sc_hd__a21o_1)
                                         accumulator._1158_ (net)
                  0.03    0.00   20.76 v accumulator._2063_/A2 (sky130_fd_sc_hd__a21o_1)
     1    0.00    0.03    0.17   20.93 v accumulator._2063_/X (sky130_fd_sc_hd__a21o_1)
                                         accumulator._1159_ (net)
                  0.03    0.00   20.93 v accumulator._2064_/A2 (sky130_fd_sc_hd__a21o_1)
     1    0.00    0.04    0.18   21.11 v accumulator._2064_/X (sky130_fd_sc_hd__a21o_1)
                                         accumulator._1160_ (net)
                  0.04    0.00   21.11 v accumulator._2065_/A2 (sky130_fd_sc_hd__a21oi_1)
     1    0.00    0.12    0.14   21.26 ^ accumulator._2065_/Y (sky130_fd_sc_hd__a21oi_1)
                                         accumulator._1161_ (net)
                  0.12    0.00   21.26 ^ accumulator._2067_/A2 (sky130_fd_sc_hd__o21ai_1)
     1    0.00    0.06    0.07   21.33 v accumulator._2067_/Y (sky130_fd_sc_hd__o21ai_1)
                                         accumulator._1163_ (net)
                  0.06    0.00   21.33 v accumulator._2068_/A2 (sky130_fd_sc_hd__a21o_1)
     1    0.00    0.03    0.18   21.51 v accumulator._2068_/X (sky130_fd_sc_hd__a21o_1)
                                         accumulator._1164_ (net)
                  0.03    0.00   21.51 v accumulator._2069_/A2 (sky130_fd_sc_hd__a21o_1)
     1    0.00    0.04    0.18   21.69 v accumulator._2069_/X (sky130_fd_sc_hd__a21o_1)
                                         accumulator._1165_ (net)
                  0.04    0.00   21.69 v accumulator._2070_/A2 (sky130_fd_sc_hd__a211o_1)
     1    0.00    0.04    0.29   21.98 v accumulator._2070_/X (sky130_fd_sc_hd__a211o_1)
                                         accumulator._1167_ (net)
                  0.04    0.00   21.98 v accumulator._2073_/B1 (sky130_fd_sc_hd__a2bb2o_1)
     2    0.01    0.06    0.30   22.29 v accumulator._2073_/X (sky130_fd_sc_hd__a2bb2o_1)
                                         accumulator._1170_ (net)
                  0.06    0.00   22.29 v accumulator._2074_/A (sky130_fd_sc_hd__clkbuf_4)
    10    0.04    0.09    0.21   22.49 v accumulator._2074_/X (sky130_fd_sc_hd__clkbuf_4)
                                         accumulator._1171_ (net)
                  0.09    0.00   22.49 v accumulator._2098_/S (sky130_fd_sc_hd__mux2_1)
     2    0.01    0.08    0.37   22.86 v accumulator._2098_/X (sky130_fd_sc_hd__mux2_1)
                                         accumulator._0053_ (net)
                  0.08    0.00   22.86 v accumulator._2100_/A0 (sky130_fd_sc_hd__mux2_1)
     2    0.00    0.06    0.31   23.17 v accumulator._2100_/X (sky130_fd_sc_hd__mux2_1)
                                         accumulator._0056_ (net)
                  0.06    0.00   23.17 v accumulator._2105_/A0 (sky130_fd_sc_hd__mux2_1)
     3    0.01    0.09    0.35   23.52 v accumulator._2105_/X (sky130_fd_sc_hd__mux2_1)
                                         accumulator._0061_ (net)
                  0.09    0.00   23.52 v accumulator._2107_/A1_N (sky130_fd_sc_hd__a2bb2o_1)
     1    0.00    0.04    0.27   23.79 ^ accumulator._2107_/X (sky130_fd_sc_hd__a2bb2o_1)
                                         accumulator._0063_ (net)
                  0.04    0.00   23.79 ^ accumulator._2108_/B (sky130_fd_sc_hd__and2_1)
     1    0.00    0.05    0.12   23.91 ^ accumulator._2108_/X (sky130_fd_sc_hd__and2_1)
                                         accumulator._0064_ (net)
                  0.05    0.00   23.91 ^ accumulator._2109_/A (sky130_fd_sc_hd__clkbuf_1)
     1    0.00    0.03    0.08   23.98 ^ accumulator._2109_/X (sky130_fd_sc_hd__clkbuf_1)
                                         accumulator._0003_ (net)
                  0.03    0.00   23.98 ^ accumulator._2358_/D (sky130_fd_sc_hd__dfxtp_1)
                                 23.98   data arrival time

                  0.15   25.00   25.00   clock clock (rise edge)
                          0.00   25.00   clock network delay (ideal)
                         -0.25   24.75   clock uncertainty
                          0.00   24.75   clock reconvergence pessimism
                                 24.75 ^ accumulator._2358_/CLK (sky130_fd_sc_hd__dfxtp_1)
                         -0.04   24.71   library setup time
                                 24.71   data required time
-----------------------------------------------------------------------------
                                 24.71   data required time
                                -23.98   data arrival time
-----------------------------------------------------------------------------
                                  0.73   slack (MET)


Startpoint: io_inScaleA[2] (input port clocked by clock)
Endpoint: accumulator._2359_ (rising edge-triggered flip-flop clocked by clock)
Path Group: clock
Path Type: max

Fanout     Cap    Slew   Delay    Time   Description
-----------------------------------------------------------------------------
                  0.15    0.00    0.00   clock clock (rise edge)
                          0.00    0.00   clock network delay (ideal)
                          5.00    5.00 ^ input external delay
     1    0.00    0.02    0.01    5.01 ^ io_inScaleA[2] (in)
                                         io_inScaleA[2] (net)
                  0.02    0.00    5.01 ^ input11/A (sky130_fd_sc_hd__clkbuf_2)
    10    0.03    0.14    0.17    5.19 ^ input11/X (sky130_fd_sc_hd__clkbuf_2)
                                         net11 (net)
                  0.14    0.00    5.19 ^ scaleAdd._279_/A1 (sky130_fd_sc_hd__a22o_1)
     3    0.01    0.08    0.19    5.38 ^ scaleAdd._279_/X (sky130_fd_sc_hd__a22o_1)
                                         scaleAdd._221_ (net)
                  0.08    0.00    5.38 ^ scaleAdd._285_/B_N (sky130_fd_sc_hd__or2b_1)
     1    0.00    0.06    0.25    5.63 v scaleAdd._285_/X (sky130_fd_sc_hd__or2b_1)
                                         scaleAdd._227_ (net)
                  0.06    0.00    5.63 v scaleAdd._286_/A (sky130_fd_sc_hd__xnor2_1)
     3    0.01    0.08    0.16    5.79 v scaleAdd._286_/Y (sky130_fd_sc_hd__xnor2_1)
                                         scaleAdd._228_ (net)
                  0.08    0.00    5.79 v scaleAdd._311_/B (sky130_fd_sc_hd__or2_1)
     1    0.00    0.05    0.22    6.02 v scaleAdd._311_/X (sky130_fd_sc_hd__or2_1)
                                         scaleAdd._018_ (net)
                  0.05    0.00    6.02 v scaleAdd._313_/A2 (sky130_fd_sc_hd__a21oi_1)
     2    0.01    0.19    0.21    6.23 ^ scaleAdd._313_/Y (sky130_fd_sc_hd__a21oi_1)
                                         scaleAdd._020_ (net)
                  0.19    0.00    6.23 ^ scaleAdd._314_/B (sky130_fd_sc_hd__xnor2_1)
     2    0.01    0.19    0.17    6.40 ^ scaleAdd._314_/Y (sky130_fd_sc_hd__xnor2_1)
                                         scaleAdd._021_ (net)
                  0.19    0.00    6.40 ^ scaleAdd._315_/S (sky130_fd_sc_hd__mux2_2)
     5    0.02    0.08    0.43    6.83 v scaleAdd._315_/X (sky130_fd_sc_hd__mux2_2)
                                         scaleAdd._022_ (net)
                  0.08    0.00    6.83 v scaleAdd._321_/A2 (sky130_fd_sc_hd__a21o_1)
     2    0.00    0.04    0.20    7.03 v scaleAdd._321_/X (sky130_fd_sc_hd__a21o_1)
                                         scaleAdd._028_ (net)
                  0.04    0.00    7.03 v scaleAdd._325_/A (sky130_fd_sc_hd__and3_1)
     3    0.01    0.05    0.16    7.19 v scaleAdd._325_/X (sky130_fd_sc_hd__and3_1)
                                         scaleAdd._032_ (net)
                  0.05    0.00    7.19 v scaleAdd._328_/A (sky130_fd_sc_hd__or3_1)
     3    0.01    0.08    0.41    7.60 v scaleAdd._328_/X (sky130_fd_sc_hd__or3_1)
                                         scaleAdd._035_ (net)
                  0.08    0.00    7.60 v scaleAdd._332_/A1 (sky130_fd_sc_hd__a21o_1)
     2    0.00    0.04    0.18    7.78 v scaleAdd._332_/X (sky130_fd_sc_hd__a21o_1)
                                         scaleAdd._039_ (net)
                  0.04    0.00    7.78 v scaleAdd._361_/A2 (sky130_fd_sc_hd__a21o_1)
     2    0.01    0.07    0.22    8.00 v scaleAdd._361_/X (sky130_fd_sc_hd__a21o_1)
                                         scaleAdd._067_ (net)
                  0.07    0.00    8.00 v scaleAdd._383_/A2 (sky130_fd_sc_hd__a21o_1)
     2    0.01    0.07    0.23    8.22 v scaleAdd._383_/X (sky130_fd_sc_hd__a21o_1)
                                         scaleAdd._088_ (net)
                  0.07    0.00    8.22 v scaleAdd._399_/A2 (sky130_fd_sc_hd__a21o_1)
     2    0.01    0.07    0.23    8.45 v scaleAdd._399_/X (sky130_fd_sc_hd__a21o_1)
                                         scaleAdd._103_ (net)
                  0.07    0.00    8.45 v scaleAdd._417_/A2 (sky130_fd_sc_hd__a21bo_1)
     2    0.01    0.07    0.24    8.70 v scaleAdd._417_/X (sky130_fd_sc_hd__a21bo_1)
                                         scaleAdd._120_ (net)
                  0.07    0.00    8.70 v scaleAdd._432_/A2 (sky130_fd_sc_hd__a21o_1)
     2    0.01    0.07    0.23    8.93 v scaleAdd._432_/X (sky130_fd_sc_hd__a21o_1)
                                         scaleAdd._134_ (net)
                  0.07    0.00    8.93 v scaleAdd._444_/A2 (sky130_fd_sc_hd__a21o_1)
     2    0.01    0.06    0.22    9.15 v scaleAdd._444_/X (sky130_fd_sc_hd__a21o_1)
                                         scaleAdd._145_ (net)
                  0.06    0.00    9.15 v scaleAdd._447_/A2 (sky130_fd_sc_hd__a21o_1)
     2    0.01    0.07    0.22    9.37 v scaleAdd._447_/X (sky130_fd_sc_hd__a21o_1)
                                         scaleAdd._147_ (net)
                  0.07    0.00    9.37 v scaleAdd._449_/B2 (sky130_fd_sc_hd__a2bb2o_1)
     4    0.01    0.08    0.31    9.68 v scaleAdd._449_/X (sky130_fd_sc_hd__a2bb2o_1)
                                         accumulator.io_inMant[15] (net)
                  0.08    0.00    9.68 v accumulator._1181_/A (sky130_fd_sc_hd__or4_1)
     1    0.00    0.08    0.54   10.22 v accumulator._1181_/X (sky130_fd_sc_hd__or4_1)
                                         accumulator._0045_ (net)
                  0.08    0.00   10.22 v accumulator._1182_/A (sky130_fd_sc_hd__buf_2)
    10    0.03    0.08    0.20   10.41 v accumulator._1182_/X (sky130_fd_sc_hd__buf_2)
                                         accumulator._0055_ (net)
                  0.08    0.00   10.41 v accumulator._1200_/A_N (sky130_fd_sc_hd__and2b_1)
     6    0.02    0.14    0.29   10.70 ^ accumulator._1200_/X (sky130_fd_sc_hd__and2b_1)
                                         accumulator._0232_ (net)
                  0.14    0.00   10.70 ^ accumulator._1201_/B1_N (sky130_fd_sc_hd__o21ba_1)
     5    0.02    0.09    0.23   10.93 v accumulator._1201_/X (sky130_fd_sc_hd__o21ba_1)
                                         accumulator._0241_ (net)
                  0.09    0.00   10.93 v accumulator._1202_/B (sky130_fd_sc_hd__and2_1)
     3    0.01    0.05    0.20   11.13 v accumulator._1202_/X (sky130_fd_sc_hd__and2_1)
                                         accumulator._0251_ (net)
                  0.05    0.00   11.13 v accumulator._1204_/A (sky130_fd_sc_hd__or2_1)
     3    0.01    0.08    0.27   11.40 v accumulator._1204_/X (sky130_fd_sc_hd__or2_1)
                                         accumulator._0271_ (net)
                  0.08    0.00   11.40 v accumulator._1205_/A (sky130_fd_sc_hd__inv_2)
     3    0.01    0.05    0.07   11.48 ^ accumulator._1205_/Y (sky130_fd_sc_hd__inv_2)
                                         accumulator._0281_ (net)
                  0.05    0.00   11.48 ^ accumulator._1218_/A2 (sky130_fd_sc_hd__a311o_1)
     4    0.01    0.14    0.23   11.71 ^ accumulator._1218_/X (sky130_fd_sc_hd__a311o_1)
                                         accumulator._0315_ (net)
                  0.14    0.00   11.71 ^ accumulator._1219_/C (sky130_fd_sc_hd__nand3_1)
     2    0.01    0.09    0.12   11.83 v accumulator._1219_/Y (sky130_fd_sc_hd__nand3_1)
                                         accumulator._0316_ (net)
                  0.09    0.00   11.83 v accumulator._1228_/A1 (sky130_fd_sc_hd__a211o_1)
     5    0.01    0.08    0.33   12.16 v accumulator._1228_/X (sky130_fd_sc_hd__a211o_1)
                                         accumulator._0325_ (net)
                  0.08    0.00   12.16 v accumulator._1242_/A1 (sky130_fd_sc_hd__o22a_1)
     3    0.01    0.06    0.25   12.41 v accumulator._1242_/X (sky130_fd_sc_hd__o22a_1)
                                         accumulator._0339_ (net)
                  0.06    0.00   12.41 v accumulator._1255_/C (sky130_fd_sc_hd__or3_2)
     5    0.02    0.12    0.50   12.91 v accumulator._1255_/X (sky130_fd_sc_hd__or3_2)
                                         accumulator._0352_ (net)
                  0.12    0.00   12.91 v accumulator._1257_/A2 (sky130_fd_sc_hd__a21o_2)
     2    0.02    0.07    0.30   13.21 v accumulator._1257_/X (sky130_fd_sc_hd__a21o_2)
                                         accumulator._0354_ (net)
                  0.07    0.00   13.21 v accumulator._1259_/A2 (sky130_fd_sc_hd__a21o_2)
     2    0.02    0.07    0.28   13.48 v accumulator._1259_/X (sky130_fd_sc_hd__a21o_2)
                                         accumulator._0356_ (net)
                  0.07    0.00   13.48 v accumulator._1264_/A1 (sky130_fd_sc_hd__a21o_1)
     2    0.01    0.07    0.21   13.69 v accumulator._1264_/X (sky130_fd_sc_hd__a21o_1)
                                         accumulator._0361_ (net)
                  0.07    0.00   13.69 v accumulator._1266_/A2 (sky130_fd_sc_hd__a21o_1)
     2    0.01    0.07    0.23   13.92 v accumulator._1266_/X (sky130_fd_sc_hd__a21o_1)
                                         accumulator._0363_ (net)
                  0.07    0.00   13.92 v accumulator._1272_/A1 (sky130_fd_sc_hd__a21o_1)
     2    0.02    0.09    0.23   14.15 v accumulator._1272_/X (sky130_fd_sc_hd__a21o_1)
                                         accumulator._0369_ (net)
                  0.09    0.00   14.15 v accumulator._1278_/A1 (sky130_fd_sc_hd__a21oi_4)
     4    0.04    0.31    0.32   14.47 ^ accumulator._1278_/Y (sky130_fd_sc_hd__a21oi_4)
                                         accumulator._0375_ (net)
                  0.31    0.00   14.47 ^ accumulator._1279_/B (sky130_fd_sc_hd__xnor2_4)
    10    0.05    0.37    0.25   14.72 ^ accumulator._1279_/Y (sky130_fd_sc_hd__xnor2_4)
                                         accumulator._0376_ (net)
                  0.37    0.00   14.72 ^ accumulator._1280_/A (sky130_fd_sc_hd__clkbuf_4)
    10    0.04    0.14    0.32   15.04 ^ accumulator._1280_/X (sky130_fd_sc_hd__clkbuf_4)
                                         accumulator._0377_ (net)
                  0.14    0.00   15.04 ^ accumulator._1413_/S (sky130_fd_sc_hd__mux2_1)
     2    0.01    0.09    0.40   15.44 v accumulator._1413_/X (sky130_fd_sc_hd__mux2_1)
                                         accumulator._0508_ (net)
                  0.09    0.00   15.44 v accumulator._1414_/A2 (sky130_fd_sc_hd__a21o_1)
     2    0.01    0.05    0.22   15.66 v accumulator._1414_/X (sky130_fd_sc_hd__a21o_1)
                                         accumulator._0509_ (net)
                  0.05    0.00   15.66 v accumulator._1415_/A2 (sky130_fd_sc_hd__a21o_1)
     2    0.01    0.05    0.20   15.86 v accumulator._1415_/X (sky130_fd_sc_hd__a21o_1)
                                         accumulator._0510_ (net)
                  0.05    0.00   15.86 v accumulator._1417_/A2 (sky130_fd_sc_hd__a21o_1)
     2    0.01    0.05    0.20   16.06 v accumulator._1417_/X (sky130_fd_sc_hd__a21o_1)
                                         accumulator._0512_ (net)
                  0.05    0.00   16.06 v accumulator._1432_/A3 (sky130_fd_sc_hd__a31o_1)
     3    0.01    0.07    0.26   16.32 v accumulator._1432_/X (sky130_fd_sc_hd__a31o_1)
                                         accumulator._0527_ (net)
                  0.07    0.00   16.32 v accumulator._1721_/B1 (sky130_fd_sc_hd__a32o_2)
     4    0.02    0.08    0.28   16.60 v accumulator._1721_/X (sky130_fd_sc_hd__a32o_2)
                                         accumulator._0816_ (net)
                  0.08    0.00   16.60 v accumulator._1736_/B1 (sky130_fd_sc_hd__a2111o_2)
     5    0.02    0.10    0.53   17.13 v accumulator._1736_/X (sky130_fd_sc_hd__a2111o_2)
                                         accumulator._0831_ (net)
                  0.10    0.00   17.13 v accumulator._1738_/A2 (sky130_fd_sc_hd__a21o_1)
     3    0.01    0.05    0.23   17.36 v accumulator._1738_/X (sky130_fd_sc_hd__a21o_1)
                                         accumulator._0833_ (net)
                  0.05    0.00   17.36 v accumulator._1744_/A1 (sky130_fd_sc_hd__a2111o_1)
     3    0.01    0.09    0.42   17.78 v accumulator._1744_/X (sky130_fd_sc_hd__a2111o_1)
                                         accumulator._0839_ (net)
                  0.09    0.00   17.78 v accumulator._1748_/A2 (sky130_fd_sc_hd__a2111o_1)
     2    0.00    0.07    0.45   18.24 v accumulator._1748_/X (sky130_fd_sc_hd__a2111o_1)
                                         accumulator._0843_ (net)
                  0.07    0.00   18.24 v accumulator._1751_/A2 (sky130_fd_sc_hd__a21o_1)
     2    0.01    0.05    0.21   18.44 v accumulator._1751_/X (sky130_fd_sc_hd__a21o_1)
                                         accumulator._0846_ (net)
                  0.05    0.00   18.44 v accumulator._1773_/A2 (sky130_fd_sc_hd__a21o_1)
     2    0.01    0.04    0.19   18.63 v accumulator._1773_/X (sky130_fd_sc_hd__a21o_1)
                                         accumulator._0868_ (net)
                  0.04    0.00   18.63 v accumulator._1798_/A2 (sky130_fd_sc_hd__a311o_1)
     2    0.01    0.08    0.35   18.98 v accumulator._1798_/X (sky130_fd_sc_hd__a311o_1)
                                         accumulator._0893_ (net)
                  0.08    0.00   18.98 v accumulator._1814_/A1 (sky130_fd_sc_hd__a21o_1)
     2    0.01    0.05    0.19   19.17 v accumulator._1814_/X (sky130_fd_sc_hd__a21o_1)
                                         accumulator._0909_ (net)
                  0.05    0.00   19.17 v accumulator._1825_/A2 (sky130_fd_sc_hd__a31oi_2)
     3    0.01    0.20    0.23   19.40 ^ accumulator._1825_/Y (sky130_fd_sc_hd__a31oi_2)
                                         accumulator._0920_ (net)
                  0.20    0.00   19.40 ^ accumulator._1926_/A2 (sky130_fd_sc_hd__a21o_1)
     3    0.01    0.09    0.20   19.60 ^ accumulator._1926_/X (sky130_fd_sc_hd__a21o_1)
                                         accumulator._1021_ (net)
                  0.09    0.00   19.60 ^ accumulator._2039_/S (sky130_fd_sc_hd__mux2_1)
     3    0.01    0.10    0.40   19.99 v accumulator._2039_/X (sky130_fd_sc_hd__mux2_1)
                                         accumulator._1134_ (net)
                  0.10    0.00   19.99 v accumulator._2059_/B2 (sky130_fd_sc_hd__a221oi_1)
     1    0.00    0.25    0.31   20.30 ^ accumulator._2059_/Y (sky130_fd_sc_hd__a221oi_1)
                                         accumulator._1155_ (net)
                  0.25    0.00   20.30 ^ accumulator._2060_/A2 (sky130_fd_sc_hd__o21ai_1)
     1    0.00    0.07    0.10   20.40 v accumulator._2060_/Y (sky130_fd_sc_hd__o21ai_1)
                                         accumulator._1156_ (net)
                  0.07    0.00   20.40 v accumulator._2061_/A2 (sky130_fd_sc_hd__a21o_1)
     1    0.00    0.03    0.19   20.59 v accumulator._2061_/X (sky130_fd_sc_hd__a21o_1)
                                         accumulator._1157_ (net)
                  0.03    0.00   20.59 v accumulator._2062_/A2 (sky130_fd_sc_hd__a21o_1)
     1    0.00    0.03    0.17   20.76 v accumulator._2062_/X (sky130_fd_sc_hd__a21o_1)
                                         accumulator._1158_ (net)
                  0.03    0.00   20.76 v accumulator._2063_/A2 (sky130_fd_sc_hd__a21o_1)
     1    0.00    0.03    0.17   20.93 v accumulator._2063_/X (sky130_fd_sc_hd__a21o_1)
                                         accumulator._1159_ (net)
                  0.03    0.00   20.93 v accumulator._2064_/A2 (sky130_fd_sc_hd__a21o_1)
     1    0.00    0.04    0.18   21.11 v accumulator._2064_/X (sky130_fd_sc_hd__a21o_1)
                                         accumulator._1160_ (net)
                  0.04    0.00   21.11 v accumulator._2065_/A2 (sky130_fd_sc_hd__a21oi_1)
     1    0.00    0.12    0.14   21.26 ^ accumulator._2065_/Y (sky130_fd_sc_hd__a21oi_1)
                                         accumulator._1161_ (net)
                  0.12    0.00   21.26 ^ accumulator._2067_/A2 (sky130_fd_sc_hd__o21ai_1)
     1    0.00    0.06    0.07   21.33 v accumulator._2067_/Y (sky130_fd_sc_hd__o21ai_1)
                                         accumulator._1163_ (net)
                  0.06    0.00   21.33 v accumulator._2068_/A2 (sky130_fd_sc_hd__a21o_1)
     1    0.00    0.03    0.18   21.51 v accumulator._2068_/X (sky130_fd_sc_hd__a21o_1)
                                         accumulator._1164_ (net)
                  0.03    0.00   21.51 v accumulator._2069_/A2 (sky130_fd_sc_hd__a21o_1)
     1    0.00    0.04    0.18   21.69 v accumulator._2069_/X (sky130_fd_sc_hd__a21o_1)
                                         accumulator._1165_ (net)
                  0.04    0.00   21.69 v accumulator._2070_/A2 (sky130_fd_sc_hd__a211o_1)
     1    0.00    0.04    0.29   21.98 v accumulator._2070_/X (sky130_fd_sc_hd__a211o_1)
                                         accumulator._1167_ (net)
                  0.04    0.00   21.98 v accumulator._2073_/B1 (sky130_fd_sc_hd__a2bb2o_1)
     2    0.01    0.06    0.30   22.29 v accumulator._2073_/X (sky130_fd_sc_hd__a2bb2o_1)
                                         accumulator._1170_ (net)
                  0.06    0.00   22.29 v accumulator._2074_/A (sky130_fd_sc_hd__clkbuf_4)
    10    0.04    0.09    0.21   22.49 v accumulator._2074_/X (sky130_fd_sc_hd__clkbuf_4)
                                         accumulator._1171_ (net)
                  0.09    0.00   22.49 v accumulator._2075_/S (sky130_fd_sc_hd__mux2_1)
     2    0.00    0.06    0.35   22.84 v accumulator._2075_/X (sky130_fd_sc_hd__mux2_1)
                                         accumulator._1172_ (net)
                  0.06    0.00   22.84 v accumulator._2113_/A1 (sky130_fd_sc_hd__mux2_1)
     2    0.01    0.07    0.33   23.17 v accumulator._2113_/X (sky130_fd_sc_hd__mux2_1)
                                         accumulator._0069_ (net)
                  0.07    0.00   23.17 v accumulator._2114_/A1 (sky130_fd_sc_hd__mux2_1)
     3    0.01    0.08    0.34   23.52 v accumulator._2114_/X (sky130_fd_sc_hd__mux2_1)
                                         accumulator._0070_ (net)
                  0.08    0.00   23.52 v accumulator._2115_/A1_N (sky130_fd_sc_hd__a2bb2o_1)
     1    0.00    0.04    0.26   23.78 ^ accumulator._2115_/X (sky130_fd_sc_hd__a2bb2o_1)
                                         accumulator._0071_ (net)
                  0.04    0.00   23.78 ^ accumulator._2116_/B (sky130_fd_sc_hd__and2_1)
     1    0.00    0.05    0.12   23.90 ^ accumulator._2116_/X (sky130_fd_sc_hd__and2_1)
                                         accumulator._0072_ (net)
                  0.05    0.00   23.90 ^ accumulator._2117_/A (sky130_fd_sc_hd__clkbuf_1)
     1    0.00    0.04    0.08   23.98 ^ accumulator._2117_/X (sky130_fd_sc_hd__clkbuf_1)
                                         accumulator._0004_ (net)
                  0.04    0.00   23.98 ^ accumulator._2359_/D (sky130_fd_sc_hd__dfxtp_2)
                                 23.98   data arrival time

                  0.15   25.00   25.00   clock clock (rise edge)
                          0.00   25.00   clock network delay (ideal)
                         -0.25   24.75   clock uncertainty
                          0.00   24.75   clock reconvergence pessimism
                                 24.75 ^ accumulator._2359_/CLK (sky130_fd_sc_hd__dfxtp_2)
                         -0.04   24.71   library setup time
                                 24.71   data required time
-----------------------------------------------------------------------------
                                 24.71   data required time
                                -23.98   data arrival time
-----------------------------------------------------------------------------
                                  0.73   slack (MET)


Startpoint: io_inScaleA[2] (input port clocked by clock)
Endpoint: accumulator._2371_ (rising edge-triggered flip-flop clocked by clock)
Path Group: clock
Path Type: max

Fanout     Cap    Slew   Delay    Time   Description
-----------------------------------------------------------------------------
                  0.15    0.00    0.00   clock clock (rise edge)
                          0.00    0.00   clock network delay (ideal)
                          5.00    5.00 ^ input external delay
     1    0.00    0.02    0.01    5.01 ^ io_inScaleA[2] (in)
                                         io_inScaleA[2] (net)
                  0.02    0.00    5.01 ^ input11/A (sky130_fd_sc_hd__clkbuf_2)
    10    0.03    0.14    0.17    5.19 ^ input11/X (sky130_fd_sc_hd__clkbuf_2)
                                         net11 (net)
                  0.14    0.00    5.19 ^ scaleAdd._279_/A1 (sky130_fd_sc_hd__a22o_1)
     3    0.01    0.08    0.19    5.38 ^ scaleAdd._279_/X (sky130_fd_sc_hd__a22o_1)
                                         scaleAdd._221_ (net)
                  0.08    0.00    5.38 ^ scaleAdd._285_/B_N (sky130_fd_sc_hd__or2b_1)
     1    0.00    0.06    0.25    5.63 v scaleAdd._285_/X (sky130_fd_sc_hd__or2b_1)
                                         scaleAdd._227_ (net)
                  0.06    0.00    5.63 v scaleAdd._286_/A (sky130_fd_sc_hd__xnor2_1)
     3    0.01    0.08    0.16    5.79 v scaleAdd._286_/Y (sky130_fd_sc_hd__xnor2_1)
                                         scaleAdd._228_ (net)
                  0.08    0.00    5.79 v scaleAdd._311_/B (sky130_fd_sc_hd__or2_1)
     1    0.00    0.05    0.22    6.02 v scaleAdd._311_/X (sky130_fd_sc_hd__or2_1)
                                         scaleAdd._018_ (net)
                  0.05    0.00    6.02 v scaleAdd._313_/A2 (sky130_fd_sc_hd__a21oi_1)
     2    0.01    0.19    0.21    6.23 ^ scaleAdd._313_/Y (sky130_fd_sc_hd__a21oi_1)
                                         scaleAdd._020_ (net)
                  0.19    0.00    6.23 ^ scaleAdd._314_/B (sky130_fd_sc_hd__xnor2_1)
     2    0.01    0.19    0.17    6.40 ^ scaleAdd._314_/Y (sky130_fd_sc_hd__xnor2_1)
                                         scaleAdd._021_ (net)
                  0.19    0.00    6.40 ^ scaleAdd._315_/S (sky130_fd_sc_hd__mux2_2)
     5    0.02    0.08    0.43    6.83 v scaleAdd._315_/X (sky130_fd_sc_hd__mux2_2)
                                         scaleAdd._022_ (net)
                  0.08    0.00    6.83 v scaleAdd._321_/A2 (sky130_fd_sc_hd__a21o_1)
     2    0.00    0.04    0.20    7.03 v scaleAdd._321_/X (sky130_fd_sc_hd__a21o_1)
                                         scaleAdd._028_ (net)
                  0.04    0.00    7.03 v scaleAdd._325_/A (sky130_fd_sc_hd__and3_1)
     3    0.01    0.05    0.16    7.19 v scaleAdd._325_/X (sky130_fd_sc_hd__and3_1)
                                         scaleAdd._032_ (net)
                  0.05    0.00    7.19 v scaleAdd._328_/A (sky130_fd_sc_hd__or3_1)
     3    0.01    0.08    0.41    7.60 v scaleAdd._328_/X (sky130_fd_sc_hd__or3_1)
                                         scaleAdd._035_ (net)
                  0.08    0.00    7.60 v scaleAdd._332_/A1 (sky130_fd_sc_hd__a21o_1)
     2    0.00    0.04    0.18    7.78 v scaleAdd._332_/X (sky130_fd_sc_hd__a21o_1)
                                         scaleAdd._039_ (net)
                  0.04    0.00    7.78 v scaleAdd._361_/A2 (sky130_fd_sc_hd__a21o_1)
     2    0.01    0.07    0.22    8.00 v scaleAdd._361_/X (sky130_fd_sc_hd__a21o_1)
                                         scaleAdd._067_ (net)
                  0.07    0.00    8.00 v scaleAdd._383_/A2 (sky130_fd_sc_hd__a21o_1)
     2    0.01    0.07    0.23    8.22 v scaleAdd._383_/X (sky130_fd_sc_hd__a21o_1)
                                         scaleAdd._088_ (net)
                  0.07    0.00    8.22 v scaleAdd._399_/A2 (sky130_fd_sc_hd__a21o_1)
     2    0.01    0.07    0.23    8.45 v scaleAdd._399_/X (sky130_fd_sc_hd__a21o_1)
                                         scaleAdd._103_ (net)
                  0.07    0.00    8.45 v scaleAdd._417_/A2 (sky130_fd_sc_hd__a21bo_1)
     2    0.01    0.07    0.24    8.70 v scaleAdd._417_/X (sky130_fd_sc_hd__a21bo_1)
                                         scaleAdd._120_ (net)
                  0.07    0.00    8.70 v scaleAdd._432_/A2 (sky130_fd_sc_hd__a21o_1)
     2    0.01    0.07    0.23    8.93 v scaleAdd._432_/X (sky130_fd_sc_hd__a21o_1)
                                         scaleAdd._134_ (net)
                  0.07    0.00    8.93 v scaleAdd._444_/A2 (sky130_fd_sc_hd__a21o_1)
     2    0.01    0.06    0.22    9.15 v scaleAdd._444_/X (sky130_fd_sc_hd__a21o_1)
                                         scaleAdd._145_ (net)
                  0.06    0.00    9.15 v scaleAdd._447_/A2 (sky130_fd_sc_hd__a21o_1)
     2    0.01    0.07    0.22    9.37 v scaleAdd._447_/X (sky130_fd_sc_hd__a21o_1)
                                         scaleAdd._147_ (net)
                  0.07    0.00    9.37 v scaleAdd._449_/B2 (sky130_fd_sc_hd__a2bb2o_1)
     4    0.01    0.08    0.31    9.68 v scaleAdd._449_/X (sky130_fd_sc_hd__a2bb2o_1)
                                         accumulator.io_inMant[15] (net)
                  0.08    0.00    9.68 v accumulator._1181_/A (sky130_fd_sc_hd__or4_1)
     1    0.00    0.08    0.54   10.22 v accumulator._1181_/X (sky130_fd_sc_hd__or4_1)
                                         accumulator._0045_ (net)
                  0.08    0.00   10.22 v accumulator._1182_/A (sky130_fd_sc_hd__buf_2)
    10    0.03    0.08    0.20   10.41 v accumulator._1182_/X (sky130_fd_sc_hd__buf_2)
                                         accumulator._0055_ (net)
                  0.08    0.00   10.41 v accumulator._1200_/A_N (sky130_fd_sc_hd__and2b_1)
     6    0.02    0.14    0.29   10.70 ^ accumulator._1200_/X (sky130_fd_sc_hd__and2b_1)
                                         accumulator._0232_ (net)
                  0.14    0.00   10.70 ^ accumulator._1201_/B1_N (sky130_fd_sc_hd__o21ba_1)
     5    0.02    0.09    0.23   10.93 v accumulator._1201_/X (sky130_fd_sc_hd__o21ba_1)
                                         accumulator._0241_ (net)
                  0.09    0.00   10.93 v accumulator._1202_/B (sky130_fd_sc_hd__and2_1)
     3    0.01    0.05    0.20   11.13 v accumulator._1202_/X (sky130_fd_sc_hd__and2_1)
                                         accumulator._0251_ (net)
                  0.05    0.00   11.13 v accumulator._1204_/A (sky130_fd_sc_hd__or2_1)
     3    0.01    0.08    0.27   11.40 v accumulator._1204_/X (sky130_fd_sc_hd__or2_1)
                                         accumulator._0271_ (net)
                  0.08    0.00   11.40 v accumulator._1205_/A (sky130_fd_sc_hd__inv_2)
     3    0.01    0.05    0.07   11.48 ^ accumulator._1205_/Y (sky130_fd_sc_hd__inv_2)
                                         accumulator._0281_ (net)
                  0.05    0.00   11.48 ^ accumulator._1218_/A2 (sky130_fd_sc_hd__a311o_1)
     4    0.01    0.14    0.23   11.71 ^ accumulator._1218_/X (sky130_fd_sc_hd__a311o_1)
                                         accumulator._0315_ (net)
                  0.14    0.00   11.71 ^ accumulator._1219_/C (sky130_fd_sc_hd__nand3_1)
     2    0.01    0.09    0.12   11.83 v accumulator._1219_/Y (sky130_fd_sc_hd__nand3_1)
                                         accumulator._0316_ (net)
                  0.09    0.00   11.83 v accumulator._1228_/A1 (sky130_fd_sc_hd__a211o_1)
     5    0.01    0.08    0.33   12.16 v accumulator._1228_/X (sky130_fd_sc_hd__a211o_1)
                                         accumulator._0325_ (net)
                  0.08    0.00   12.16 v accumulator._1242_/A1 (sky130_fd_sc_hd__o22a_1)
     3    0.01    0.06    0.25   12.41 v accumulator._1242_/X (sky130_fd_sc_hd__o22a_1)
                                         accumulator._0339_ (net)
                  0.06    0.00   12.41 v accumulator._1255_/C (sky130_fd_sc_hd__or3_2)
     5    0.02    0.12    0.50   12.91 v accumulator._1255_/X (sky130_fd_sc_hd__or3_2)
                                         accumulator._0352_ (net)
                  0.12    0.00   12.91 v accumulator._1257_/A2 (sky130_fd_sc_hd__a21o_2)
     2    0.02    0.07    0.30   13.21 v accumulator._1257_/X (sky130_fd_sc_hd__a21o_2)
                                         accumulator._0354_ (net)
                  0.07    0.00   13.21 v accumulator._1259_/A2 (sky130_fd_sc_hd__a21o_2)
     2    0.02    0.07    0.28   13.48 v accumulator._1259_/X (sky130_fd_sc_hd__a21o_2)
                                         accumulator._0356_ (net)
                  0.07    0.00   13.48 v accumulator._1264_/A1 (sky130_fd_sc_hd__a21o_1)
     2    0.01    0.07    0.21   13.69 v accumulator._1264_/X (sky130_fd_sc_hd__a21o_1)
                                         accumulator._0361_ (net)
                  0.07    0.00   13.69 v accumulator._1266_/A2 (sky130_fd_sc_hd__a21o_1)
     2    0.01    0.07    0.23   13.92 v accumulator._1266_/X (sky130_fd_sc_hd__a21o_1)
                                         accumulator._0363_ (net)
                  0.07    0.00   13.92 v accumulator._1272_/A1 (sky130_fd_sc_hd__a21o_1)
     2    0.02    0.09    0.23   14.15 v accumulator._1272_/X (sky130_fd_sc_hd__a21o_1)
                                         accumulator._0369_ (net)
                  0.09    0.00   14.15 v accumulator._1278_/A1 (sky130_fd_sc_hd__a21oi_4)
     4    0.04    0.31    0.32   14.47 ^ accumulator._1278_/Y (sky130_fd_sc_hd__a21oi_4)
                                         accumulator._0375_ (net)
                  0.31    0.00   14.47 ^ accumulator._1279_/B (sky130_fd_sc_hd__xnor2_4)
    10    0.05    0.37    0.25   14.72 ^ accumulator._1279_/Y (sky130_fd_sc_hd__xnor2_4)
                                         accumulator._0376_ (net)
                  0.37    0.00   14.72 ^ accumulator._1280_/A (sky130_fd_sc_hd__clkbuf_4)
    10    0.04    0.14    0.32   15.04 ^ accumulator._1280_/X (sky130_fd_sc_hd__clkbuf_4)
                                         accumulator._0377_ (net)
                  0.14    0.00   15.04 ^ accumulator._1413_/S (sky130_fd_sc_hd__mux2_1)
     2    0.01    0.09    0.40   15.44 v accumulator._1413_/X (sky130_fd_sc_hd__mux2_1)
                                         accumulator._0508_ (net)
                  0.09    0.00   15.44 v accumulator._1414_/A2 (sky130_fd_sc_hd__a21o_1)
     2    0.01    0.05    0.22   15.66 v accumulator._1414_/X (sky130_fd_sc_hd__a21o_1)
                                         accumulator._0509_ (net)
                  0.05    0.00   15.66 v accumulator._1415_/A2 (sky130_fd_sc_hd__a21o_1)
     2    0.01    0.05    0.20   15.86 v accumulator._1415_/X (sky130_fd_sc_hd__a21o_1)
                                         accumulator._0510_ (net)
                  0.05    0.00   15.86 v accumulator._1417_/A2 (sky130_fd_sc_hd__a21o_1)
     2    0.01    0.05    0.20   16.06 v accumulator._1417_/X (sky130_fd_sc_hd__a21o_1)
                                         accumulator._0512_ (net)
                  0.05    0.00   16.06 v accumulator._1432_/A3 (sky130_fd_sc_hd__a31o_1)
     3    0.01    0.07    0.26   16.32 v accumulator._1432_/X (sky130_fd_sc_hd__a31o_1)
                                         accumulator._0527_ (net)
                  0.07    0.00   16.32 v accumulator._1721_/B1 (sky130_fd_sc_hd__a32o_2)
     4    0.02    0.08    0.28   16.60 v accumulator._1721_/X (sky130_fd_sc_hd__a32o_2)
                                         accumulator._0816_ (net)
                  0.08    0.00   16.60 v accumulator._1736_/B1 (sky130_fd_sc_hd__a2111o_2)
     5    0.02    0.10    0.53   17.13 v accumulator._1736_/X (sky130_fd_sc_hd__a2111o_2)
                                         accumulator._0831_ (net)
                  0.10    0.00   17.13 v accumulator._1738_/A2 (sky130_fd_sc_hd__a21o_1)
     3    0.01    0.05    0.23   17.36 v accumulator._1738_/X (sky130_fd_sc_hd__a21o_1)
                                         accumulator._0833_ (net)
                  0.05    0.00   17.36 v accumulator._1744_/A1 (sky130_fd_sc_hd__a2111o_1)
     3    0.01    0.09    0.42   17.78 v accumulator._1744_/X (sky130_fd_sc_hd__a2111o_1)
                                         accumulator._0839_ (net)
                  0.09    0.00   17.78 v accumulator._1748_/A2 (sky130_fd_sc_hd__a2111o_1)
     2    0.00    0.07    0.45   18.24 v accumulator._1748_/X (sky130_fd_sc_hd__a2111o_1)
                                         accumulator._0843_ (net)
                  0.07    0.00   18.24 v accumulator._1751_/A2 (sky130_fd_sc_hd__a21o_1)
     2    0.01    0.05    0.21   18.44 v accumulator._1751_/X (sky130_fd_sc_hd__a21o_1)
                                         accumulator._0846_ (net)
                  0.05    0.00   18.44 v accumulator._1773_/A2 (sky130_fd_sc_hd__a21o_1)
     2    0.01    0.04    0.19   18.63 v accumulator._1773_/X (sky130_fd_sc_hd__a21o_1)
                                         accumulator._0868_ (net)
                  0.04    0.00   18.63 v accumulator._1798_/A2 (sky130_fd_sc_hd__a311o_1)
     2    0.01    0.08    0.35   18.98 v accumulator._1798_/X (sky130_fd_sc_hd__a311o_1)
                                         accumulator._0893_ (net)
                  0.08    0.00   18.98 v accumulator._1814_/A1 (sky130_fd_sc_hd__a21o_1)
     2    0.01    0.05    0.19   19.17 v accumulator._1814_/X (sky130_fd_sc_hd__a21o_1)
                                         accumulator._0909_ (net)
                  0.05    0.00   19.17 v accumulator._1825_/A2 (sky130_fd_sc_hd__a31oi_2)
     3    0.01    0.20    0.23   19.40 ^ accumulator._1825_/Y (sky130_fd_sc_hd__a31oi_2)
                                         accumulator._0920_ (net)
                  0.20    0.00   19.40 ^ accumulator._1926_/A2 (sky130_fd_sc_hd__a21o_1)
     3    0.01    0.09    0.20   19.60 ^ accumulator._1926_/X (sky130_fd_sc_hd__a21o_1)
                                         accumulator._1021_ (net)
                  0.09    0.00   19.60 ^ accumulator._2039_/S (sky130_fd_sc_hd__mux2_1)
     3    0.01    0.10    0.40   19.99 v accumulator._2039_/X (sky130_fd_sc_hd__mux2_1)
                                         accumulator._1134_ (net)
                  0.10    0.00   19.99 v accumulator._2059_/B2 (sky130_fd_sc_hd__a221oi_1)
     1    0.00    0.25    0.31   20.30 ^ accumulator._2059_/Y (sky130_fd_sc_hd__a221oi_1)
                                         accumulator._1155_ (net)
                  0.25    0.00   20.30 ^ accumulator._2060_/A2 (sky130_fd_sc_hd__o21ai_1)
     1    0.00    0.07    0.10   20.40 v accumulator._2060_/Y (sky130_fd_sc_hd__o21ai_1)
                                         accumulator._1156_ (net)
                  0.07    0.00   20.40 v accumulator._2061_/A2 (sky130_fd_sc_hd__a21o_1)
     1    0.00    0.03    0.19   20.59 v accumulator._2061_/X (sky130_fd_sc_hd__a21o_1)
                                         accumulator._1157_ (net)
                  0.03    0.00   20.59 v accumulator._2062_/A2 (sky130_fd_sc_hd__a21o_1)
     1    0.00    0.03    0.17   20.76 v accumulator._2062_/X (sky130_fd_sc_hd__a21o_1)
                                         accumulator._1158_ (net)
                  0.03    0.00   20.76 v accumulator._2063_/A2 (sky130_fd_sc_hd__a21o_1)
     1    0.00    0.03    0.17   20.93 v accumulator._2063_/X (sky130_fd_sc_hd__a21o_1)
                                         accumulator._1159_ (net)
                  0.03    0.00   20.93 v accumulator._2064_/A2 (sky130_fd_sc_hd__a21o_1)
     1    0.00    0.04    0.18   21.11 v accumulator._2064_/X (sky130_fd_sc_hd__a21o_1)
                                         accumulator._1160_ (net)
                  0.04    0.00   21.11 v accumulator._2065_/A2 (sky130_fd_sc_hd__a21oi_1)
     1    0.00    0.12    0.14   21.26 ^ accumulator._2065_/Y (sky130_fd_sc_hd__a21oi_1)
                                         accumulator._1161_ (net)
                  0.12    0.00   21.26 ^ accumulator._2067_/A2 (sky130_fd_sc_hd__o21ai_1)
     1    0.00    0.06    0.07   21.33 v accumulator._2067_/Y (sky130_fd_sc_hd__o21ai_1)
                                         accumulator._1163_ (net)
                  0.06    0.00   21.33 v accumulator._2068_/A2 (sky130_fd_sc_hd__a21o_1)
     1    0.00    0.03    0.18   21.51 v accumulator._2068_/X (sky130_fd_sc_hd__a21o_1)
                                         accumulator._1164_ (net)
                  0.03    0.00   21.51 v accumulator._2069_/A2 (sky130_fd_sc_hd__a21o_1)
     1    0.00    0.04    0.18   21.69 v accumulator._2069_/X (sky130_fd_sc_hd__a21o_1)
                                         accumulator._1165_ (net)
                  0.04    0.00   21.69 v accumulator._2070_/A2 (sky130_fd_sc_hd__a211o_1)
     1    0.00    0.04    0.29   21.98 v accumulator._2070_/X (sky130_fd_sc_hd__a211o_1)
                                         accumulator._1167_ (net)
                  0.04    0.00   21.98 v accumulator._2073_/B1 (sky130_fd_sc_hd__a2bb2o_1)
     2    0.01    0.06    0.30   22.29 v accumulator._2073_/X (sky130_fd_sc_hd__a2bb2o_1)
                                         accumulator._1170_ (net)
                  0.06    0.00   22.29 v accumulator._2074_/A (sky130_fd_sc_hd__clkbuf_4)
    10    0.04    0.09    0.21   22.49 v accumulator._2074_/X (sky130_fd_sc_hd__clkbuf_4)
                                         accumulator._1171_ (net)
                  0.09    0.00   22.49 v accumulator._2145_/S (sky130_fd_sc_hd__mux2_1)
     2    0.01    0.07    0.35   22.85 v accumulator._2145_/X (sky130_fd_sc_hd__mux2_1)
                                         accumulator._0100_ (net)
                  0.07    0.00   22.85 v accumulator._2146_/A1 (sky130_fd_sc_hd__mux2_1)
     2    0.01    0.07    0.34   23.18 v accumulator._2146_/X (sky130_fd_sc_hd__mux2_1)
                                         accumulator._0101_ (net)
                  0.07    0.00   23.18 v accumulator._2147_/A1 (sky130_fd_sc_hd__mux2_1)
     2    0.00    0.06    0.33   23.51 v accumulator._2147_/X (sky130_fd_sc_hd__mux2_1)
                                         accumulator._0102_ (net)
                  0.06    0.00   23.51 v accumulator._2219_/A1 (sky130_fd_sc_hd__mux2_1)
     1    0.00    0.06    0.31   23.82 v accumulator._2219_/X (sky130_fd_sc_hd__mux2_1)
                                         accumulator._0173_ (net)
                  0.06    0.00   23.82 v accumulator._2221_/A2 (sky130_fd_sc_hd__a21oi_1)
     1    0.00    0.09    0.13   23.95 ^ accumulator._2221_/Y (sky130_fd_sc_hd__a21oi_1)
                                         accumulator._0016_ (net)
                  0.09    0.00   23.95 ^ accumulator._2371_/D (sky130_fd_sc_hd__dfxtp_1)
                                 23.95   data arrival time

                  0.15   25.00   25.00   clock clock (rise edge)
                          0.00   25.00   clock network delay (ideal)
                         -0.25   24.75   clock uncertainty
                          0.00   24.75   clock reconvergence pessimism
                                 24.75 ^ accumulator._2371_/CLK (sky130_fd_sc_hd__dfxtp_1)
                         -0.05   24.70   library setup time
                                 24.70   data required time
-----------------------------------------------------------------------------
                                 24.70   data required time
                                -23.95   data arrival time
-----------------------------------------------------------------------------
                                  0.75   slack (MET)


Startpoint: io_inScaleA[2] (input port clocked by clock)
Endpoint: accumulator._2365_ (rising edge-triggered flip-flop clocked by clock)
Path Group: clock
Path Type: max

Fanout     Cap    Slew   Delay    Time   Description
-----------------------------------------------------------------------------
                  0.15    0.00    0.00   clock clock (rise edge)
                          0.00    0.00   clock network delay (ideal)
                          5.00    5.00 ^ input external delay
     1    0.00    0.02    0.01    5.01 ^ io_inScaleA[2] (in)
                                         io_inScaleA[2] (net)
                  0.02    0.00    5.01 ^ input11/A (sky130_fd_sc_hd__clkbuf_2)
    10    0.03    0.14    0.17    5.19 ^ input11/X (sky130_fd_sc_hd__clkbuf_2)
                                         net11 (net)
                  0.14    0.00    5.19 ^ scaleAdd._279_/A1 (sky130_fd_sc_hd__a22o_1)
     3    0.01    0.08    0.19    5.38 ^ scaleAdd._279_/X (sky130_fd_sc_hd__a22o_1)
                                         scaleAdd._221_ (net)
                  0.08    0.00    5.38 ^ scaleAdd._285_/B_N (sky130_fd_sc_hd__or2b_1)
     1    0.00    0.06    0.25    5.63 v scaleAdd._285_/X (sky130_fd_sc_hd__or2b_1)
                                         scaleAdd._227_ (net)
                  0.06    0.00    5.63 v scaleAdd._286_/A (sky130_fd_sc_hd__xnor2_1)
     3    0.01    0.08    0.16    5.79 v scaleAdd._286_/Y (sky130_fd_sc_hd__xnor2_1)
                                         scaleAdd._228_ (net)
                  0.08    0.00    5.79 v scaleAdd._311_/B (sky130_fd_sc_hd__or2_1)
     1    0.00    0.05    0.22    6.02 v scaleAdd._311_/X (sky130_fd_sc_hd__or2_1)
                                         scaleAdd._018_ (net)
                  0.05    0.00    6.02 v scaleAdd._313_/A2 (sky130_fd_sc_hd__a21oi_1)
     2    0.01    0.19    0.21    6.23 ^ scaleAdd._313_/Y (sky130_fd_sc_hd__a21oi_1)
                                         scaleAdd._020_ (net)
                  0.19    0.00    6.23 ^ scaleAdd._314_/B (sky130_fd_sc_hd__xnor2_1)
     2    0.01    0.19    0.17    6.40 ^ scaleAdd._314_/Y (sky130_fd_sc_hd__xnor2_1)
                                         scaleAdd._021_ (net)
                  0.19    0.00    6.40 ^ scaleAdd._315_/S (sky130_fd_sc_hd__mux2_2)
     5    0.02    0.08    0.43    6.83 v scaleAdd._315_/X (sky130_fd_sc_hd__mux2_2)
                                         scaleAdd._022_ (net)
                  0.08    0.00    6.83 v scaleAdd._321_/A2 (sky130_fd_sc_hd__a21o_1)
     2    0.00    0.04    0.20    7.03 v scaleAdd._321_/X (sky130_fd_sc_hd__a21o_1)
                                         scaleAdd._028_ (net)
                  0.04    0.00    7.03 v scaleAdd._325_/A (sky130_fd_sc_hd__and3_1)
     3    0.01    0.05    0.16    7.19 v scaleAdd._325_/X (sky130_fd_sc_hd__and3_1)
                                         scaleAdd._032_ (net)
                  0.05    0.00    7.19 v scaleAdd._328_/A (sky130_fd_sc_hd__or3_1)
     3    0.01    0.08    0.41    7.60 v scaleAdd._328_/X (sky130_fd_sc_hd__or3_1)
                                         scaleAdd._035_ (net)
                  0.08    0.00    7.60 v scaleAdd._332_/A1 (sky130_fd_sc_hd__a21o_1)
     2    0.00    0.04    0.18    7.78 v scaleAdd._332_/X (sky130_fd_sc_hd__a21o_1)
                                         scaleAdd._039_ (net)
                  0.04    0.00    7.78 v scaleAdd._361_/A2 (sky130_fd_sc_hd__a21o_1)
     2    0.01    0.07    0.22    8.00 v scaleAdd._361_/X (sky130_fd_sc_hd__a21o_1)
                                         scaleAdd._067_ (net)
                  0.07    0.00    8.00 v scaleAdd._383_/A2 (sky130_fd_sc_hd__a21o_1)
     2    0.01    0.07    0.23    8.22 v scaleAdd._383_/X (sky130_fd_sc_hd__a21o_1)
                                         scaleAdd._088_ (net)
                  0.07    0.00    8.22 v scaleAdd._399_/A2 (sky130_fd_sc_hd__a21o_1)
     2    0.01    0.07    0.23    8.45 v scaleAdd._399_/X (sky130_fd_sc_hd__a21o_1)
                                         scaleAdd._103_ (net)
                  0.07    0.00    8.45 v scaleAdd._417_/A2 (sky130_fd_sc_hd__a21bo_1)
     2    0.01    0.07    0.24    8.70 v scaleAdd._417_/X (sky130_fd_sc_hd__a21bo_1)
                                         scaleAdd._120_ (net)
                  0.07    0.00    8.70 v scaleAdd._432_/A2 (sky130_fd_sc_hd__a21o_1)
     2    0.01    0.07    0.23    8.93 v scaleAdd._432_/X (sky130_fd_sc_hd__a21o_1)
                                         scaleAdd._134_ (net)
                  0.07    0.00    8.93 v scaleAdd._444_/A2 (sky130_fd_sc_hd__a21o_1)
     2    0.01    0.06    0.22    9.15 v scaleAdd._444_/X (sky130_fd_sc_hd__a21o_1)
                                         scaleAdd._145_ (net)
                  0.06    0.00    9.15 v scaleAdd._447_/A2 (sky130_fd_sc_hd__a21o_1)
     2    0.01    0.07    0.22    9.37 v scaleAdd._447_/X (sky130_fd_sc_hd__a21o_1)
                                         scaleAdd._147_ (net)
                  0.07    0.00    9.37 v scaleAdd._449_/B2 (sky130_fd_sc_hd__a2bb2o_1)
     4    0.01    0.08    0.31    9.68 v scaleAdd._449_/X (sky130_fd_sc_hd__a2bb2o_1)
                                         accumulator.io_inMant[15] (net)
                  0.08    0.00    9.68 v accumulator._1181_/A (sky130_fd_sc_hd__or4_1)
     1    0.00    0.08    0.54   10.22 v accumulator._1181_/X (sky130_fd_sc_hd__or4_1)
                                         accumulator._0045_ (net)
                  0.08    0.00   10.22 v accumulator._1182_/A (sky130_fd_sc_hd__buf_2)
    10    0.03    0.08    0.20   10.41 v accumulator._1182_/X (sky130_fd_sc_hd__buf_2)
                                         accumulator._0055_ (net)
                  0.08    0.00   10.41 v accumulator._1200_/A_N (sky130_fd_sc_hd__and2b_1)
     6    0.02    0.14    0.29   10.70 ^ accumulator._1200_/X (sky130_fd_sc_hd__and2b_1)
                                         accumulator._0232_ (net)
                  0.14    0.00   10.70 ^ accumulator._1201_/B1_N (sky130_fd_sc_hd__o21ba_1)
     5    0.02    0.09    0.23   10.93 v accumulator._1201_/X (sky130_fd_sc_hd__o21ba_1)
                                         accumulator._0241_ (net)
                  0.09    0.00   10.93 v accumulator._1202_/B (sky130_fd_sc_hd__and2_1)
     3    0.01    0.05    0.20   11.13 v accumulator._1202_/X (sky130_fd_sc_hd__and2_1)
                                         accumulator._0251_ (net)
                  0.05    0.00   11.13 v accumulator._1204_/A (sky130_fd_sc_hd__or2_1)
     3    0.01    0.08    0.27   11.40 v accumulator._1204_/X (sky130_fd_sc_hd__or2_1)
                                         accumulator._0271_ (net)
                  0.08    0.00   11.40 v accumulator._1205_/A (sky130_fd_sc_hd__inv_2)
     3    0.01    0.05    0.07   11.48 ^ accumulator._1205_/Y (sky130_fd_sc_hd__inv_2)
                                         accumulator._0281_ (net)
                  0.05    0.00   11.48 ^ accumulator._1218_/A2 (sky130_fd_sc_hd__a311o_1)
     4    0.01    0.14    0.23   11.71 ^ accumulator._1218_/X (sky130_fd_sc_hd__a311o_1)
                                         accumulator._0315_ (net)
                  0.14    0.00   11.71 ^ accumulator._1219_/C (sky130_fd_sc_hd__nand3_1)
     2    0.01    0.09    0.12   11.83 v accumulator._1219_/Y (sky130_fd_sc_hd__nand3_1)
                                         accumulator._0316_ (net)
                  0.09    0.00   11.83 v accumulator._1228_/A1 (sky130_fd_sc_hd__a211o_1)
     5    0.01    0.08    0.33   12.16 v accumulator._1228_/X (sky130_fd_sc_hd__a211o_1)
                                         accumulator._0325_ (net)
                  0.08    0.00   12.16 v accumulator._1242_/A1 (sky130_fd_sc_hd__o22a_1)
     3    0.01    0.06    0.25   12.41 v accumulator._1242_/X (sky130_fd_sc_hd__o22a_1)
                                         accumulator._0339_ (net)
                  0.06    0.00   12.41 v accumulator._1255_/C (sky130_fd_sc_hd__or3_2)
     5    0.02    0.12    0.50   12.91 v accumulator._1255_/X (sky130_fd_sc_hd__or3_2)
                                         accumulator._0352_ (net)
                  0.12    0.00   12.91 v accumulator._1257_/A2 (sky130_fd_sc_hd__a21o_2)
     2    0.02    0.07    0.30   13.21 v accumulator._1257_/X (sky130_fd_sc_hd__a21o_2)
                                         accumulator._0354_ (net)
                  0.07    0.00   13.21 v accumulator._1259_/A2 (sky130_fd_sc_hd__a21o_2)
     2    0.02    0.07    0.28   13.48 v accumulator._1259_/X (sky130_fd_sc_hd__a21o_2)
                                         accumulator._0356_ (net)
                  0.07    0.00   13.48 v accumulator._1264_/A1 (sky130_fd_sc_hd__a21o_1)
     2    0.01    0.07    0.21   13.69 v accumulator._1264_/X (sky130_fd_sc_hd__a21o_1)
                                         accumulator._0361_ (net)
                  0.07    0.00   13.69 v accumulator._1266_/A2 (sky130_fd_sc_hd__a21o_1)
     2    0.01    0.07    0.23   13.92 v accumulator._1266_/X (sky130_fd_sc_hd__a21o_1)
                                         accumulator._0363_ (net)
                  0.07    0.00   13.92 v accumulator._1272_/A1 (sky130_fd_sc_hd__a21o_1)
     2    0.02    0.09    0.23   14.15 v accumulator._1272_/X (sky130_fd_sc_hd__a21o_1)
                                         accumulator._0369_ (net)
                  0.09    0.00   14.15 v accumulator._1278_/A1 (sky130_fd_sc_hd__a21oi_4)
     4    0.04    0.31    0.32   14.47 ^ accumulator._1278_/Y (sky130_fd_sc_hd__a21oi_4)
                                         accumulator._0375_ (net)
                  0.31    0.00   14.47 ^ accumulator._1279_/B (sky130_fd_sc_hd__xnor2_4)
    10    0.05    0.37    0.25   14.72 ^ accumulator._1279_/Y (sky130_fd_sc_hd__xnor2_4)
                                         accumulator._0376_ (net)
                  0.37    0.00   14.72 ^ accumulator._1280_/A (sky130_fd_sc_hd__clkbuf_4)
    10    0.04    0.14    0.32   15.04 ^ accumulator._1280_/X (sky130_fd_sc_hd__clkbuf_4)
                                         accumulator._0377_ (net)
                  0.14    0.00   15.04 ^ accumulator._1413_/S (sky130_fd_sc_hd__mux2_1)
     2    0.01    0.09    0.40   15.44 v accumulator._1413_/X (sky130_fd_sc_hd__mux2_1)
                                         accumulator._0508_ (net)
                  0.09    0.00   15.44 v accumulator._1414_/A2 (sky130_fd_sc_hd__a21o_1)
     2    0.01    0.05    0.22   15.66 v accumulator._1414_/X (sky130_fd_sc_hd__a21o_1)
                                         accumulator._0509_ (net)
                  0.05    0.00   15.66 v accumulator._1415_/A2 (sky130_fd_sc_hd__a21o_1)
     2    0.01    0.05    0.20   15.86 v accumulator._1415_/X (sky130_fd_sc_hd__a21o_1)
                                         accumulator._0510_ (net)
                  0.05    0.00   15.86 v accumulator._1417_/A2 (sky130_fd_sc_hd__a21o_1)
     2    0.01    0.05    0.20   16.06 v accumulator._1417_/X (sky130_fd_sc_hd__a21o_1)
                                         accumulator._0512_ (net)
                  0.05    0.00   16.06 v accumulator._1432_/A3 (sky130_fd_sc_hd__a31o_1)
     3    0.01    0.07    0.26   16.32 v accumulator._1432_/X (sky130_fd_sc_hd__a31o_1)
                                         accumulator._0527_ (net)
                  0.07    0.00   16.32 v accumulator._1721_/B1 (sky130_fd_sc_hd__a32o_2)
     4    0.02    0.08    0.28   16.60 v accumulator._1721_/X (sky130_fd_sc_hd__a32o_2)
                                         accumulator._0816_ (net)
                  0.08    0.00   16.60 v accumulator._1736_/B1 (sky130_fd_sc_hd__a2111o_2)
     5    0.02    0.10    0.53   17.13 v accumulator._1736_/X (sky130_fd_sc_hd__a2111o_2)
                                         accumulator._0831_ (net)
                  0.10    0.00   17.13 v accumulator._1738_/A2 (sky130_fd_sc_hd__a21o_1)
     3    0.01    0.05    0.23   17.36 v accumulator._1738_/X (sky130_fd_sc_hd__a21o_1)
                                         accumulator._0833_ (net)
                  0.05    0.00   17.36 v accumulator._1744_/A1 (sky130_fd_sc_hd__a2111o_1)
     3    0.01    0.09    0.42   17.78 v accumulator._1744_/X (sky130_fd_sc_hd__a2111o_1)
                                         accumulator._0839_ (net)
                  0.09    0.00   17.78 v accumulator._1748_/A2 (sky130_fd_sc_hd__a2111o_1)
     2    0.00    0.07    0.45   18.24 v accumulator._1748_/X (sky130_fd_sc_hd__a2111o_1)
                                         accumulator._0843_ (net)
                  0.07    0.00   18.24 v accumulator._1751_/A2 (sky130_fd_sc_hd__a21o_1)
     2    0.01    0.05    0.21   18.44 v accumulator._1751_/X (sky130_fd_sc_hd__a21o_1)
                                         accumulator._0846_ (net)
                  0.05    0.00   18.44 v accumulator._1773_/A2 (sky130_fd_sc_hd__a21o_1)
     2    0.01    0.04    0.19   18.63 v accumulator._1773_/X (sky130_fd_sc_hd__a21o_1)
                                         accumulator._0868_ (net)
                  0.04    0.00   18.63 v accumulator._1798_/A2 (sky130_fd_sc_hd__a311o_1)
     2    0.01    0.08    0.35   18.98 v accumulator._1798_/X (sky130_fd_sc_hd__a311o_1)
                                         accumulator._0893_ (net)
                  0.08    0.00   18.98 v accumulator._1814_/A1 (sky130_fd_sc_hd__a21o_1)
     2    0.01    0.05    0.19   19.17 v accumulator._1814_/X (sky130_fd_sc_hd__a21o_1)
                                         accumulator._0909_ (net)
                  0.05    0.00   19.17 v accumulator._1825_/A2 (sky130_fd_sc_hd__a31oi_2)
     3    0.01    0.20    0.23   19.40 ^ accumulator._1825_/Y (sky130_fd_sc_hd__a31oi_2)
                                         accumulator._0920_ (net)
                  0.20    0.00   19.40 ^ accumulator._1926_/A2 (sky130_fd_sc_hd__a21o_1)
     3    0.01    0.09    0.20   19.60 ^ accumulator._1926_/X (sky130_fd_sc_hd__a21o_1)
                                         accumulator._1021_ (net)
                  0.09    0.00   19.60 ^ accumulator._2039_/S (sky130_fd_sc_hd__mux2_1)
     3    0.01    0.10    0.40   19.99 v accumulator._2039_/X (sky130_fd_sc_hd__mux2_1)
                                         accumulator._1134_ (net)
                  0.10    0.00   19.99 v accumulator._2059_/B2 (sky130_fd_sc_hd__a221oi_1)
     1    0.00    0.25    0.31   20.30 ^ accumulator._2059_/Y (sky130_fd_sc_hd__a221oi_1)
                                         accumulator._1155_ (net)
                  0.25    0.00   20.30 ^ accumulator._2060_/A2 (sky130_fd_sc_hd__o21ai_1)
     1    0.00    0.07    0.10   20.40 v accumulator._2060_/Y (sky130_fd_sc_hd__o21ai_1)
                                         accumulator._1156_ (net)
                  0.07    0.00   20.40 v accumulator._2061_/A2 (sky130_fd_sc_hd__a21o_1)
     1    0.00    0.03    0.19   20.59 v accumulator._2061_/X (sky130_fd_sc_hd__a21o_1)
                                         accumulator._1157_ (net)
                  0.03    0.00   20.59 v accumulator._2062_/A2 (sky130_fd_sc_hd__a21o_1)
     1    0.00    0.03    0.17   20.76 v accumulator._2062_/X (sky130_fd_sc_hd__a21o_1)
                                         accumulator._1158_ (net)
                  0.03    0.00   20.76 v accumulator._2063_/A2 (sky130_fd_sc_hd__a21o_1)
     1    0.00    0.03    0.17   20.93 v accumulator._2063_/X (sky130_fd_sc_hd__a21o_1)
                                         accumulator._1159_ (net)
                  0.03    0.00   20.93 v accumulator._2064_/A2 (sky130_fd_sc_hd__a21o_1)
     1    0.00    0.04    0.18   21.11 v accumulator._2064_/X (sky130_fd_sc_hd__a21o_1)
                                         accumulator._1160_ (net)
                  0.04    0.00   21.11 v accumulator._2065_/A2 (sky130_fd_sc_hd__a21oi_1)
     1    0.00    0.12    0.14   21.26 ^ accumulator._2065_/Y (sky130_fd_sc_hd__a21oi_1)
                                         accumulator._1161_ (net)
                  0.12    0.00   21.26 ^ accumulator._2067_/A2 (sky130_fd_sc_hd__o21ai_1)
     1    0.00    0.06    0.07   21.33 v accumulator._2067_/Y (sky130_fd_sc_hd__o21ai_1)
                                         accumulator._1163_ (net)
                  0.06    0.00   21.33 v accumulator._2068_/A2 (sky130_fd_sc_hd__a21o_1)
     1    0.00    0.03    0.18   21.51 v accumulator._2068_/X (sky130_fd_sc_hd__a21o_1)
                                         accumulator._1164_ (net)
                  0.03    0.00   21.51 v accumulator._2069_/A2 (sky130_fd_sc_hd__a21o_1)
     1    0.00    0.04    0.18   21.69 v accumulator._2069_/X (sky130_fd_sc_hd__a21o_1)
                                         accumulator._1165_ (net)
                  0.04    0.00   21.69 v accumulator._2070_/A2 (sky130_fd_sc_hd__a211o_1)
     1    0.00    0.04    0.29   21.98 v accumulator._2070_/X (sky130_fd_sc_hd__a211o_1)
                                         accumulator._1167_ (net)
                  0.04    0.00   21.98 v accumulator._2073_/B1 (sky130_fd_sc_hd__a2bb2o_1)
     2    0.01    0.06    0.30   22.29 v accumulator._2073_/X (sky130_fd_sc_hd__a2bb2o_1)
                                         accumulator._1170_ (net)
                  0.06    0.00   22.29 v accumulator._2074_/A (sky130_fd_sc_hd__clkbuf_4)
    10    0.04    0.09    0.21   22.49 v accumulator._2074_/X (sky130_fd_sc_hd__clkbuf_4)
                                         accumulator._1171_ (net)
                  0.09    0.00   22.49 v accumulator._2165_/S (sky130_fd_sc_hd__mux2_1)
     2    0.01    0.07    0.36   22.85 v accumulator._2165_/X (sky130_fd_sc_hd__mux2_1)
                                         accumulator._0120_ (net)
                  0.07    0.00   22.85 v accumulator._2166_/A1 (sky130_fd_sc_hd__mux2_1)
     1    0.00    0.06    0.32   23.17 v accumulator._2166_/X (sky130_fd_sc_hd__mux2_1)
                                         accumulator._0121_ (net)
                  0.06    0.00   23.17 v accumulator._2167_/A1 (sky130_fd_sc_hd__mux2_1)
     2    0.01    0.07    0.33   23.50 v accumulator._2167_/X (sky130_fd_sc_hd__mux2_1)
                                         accumulator._0122_ (net)
                  0.07    0.00   23.50 v accumulator._2168_/B (sky130_fd_sc_hd__nor2_1)
     1    0.00    0.08    0.10   23.60 ^ accumulator._2168_/Y (sky130_fd_sc_hd__nor2_1)
                                         accumulator._0123_ (net)
                  0.08    0.00   23.60 ^ accumulator._2169_/C1 (sky130_fd_sc_hd__a221o_1)
     1    0.00    0.05    0.12   23.72 ^ accumulator._2169_/X (sky130_fd_sc_hd__a221o_1)
                                         accumulator._0124_ (net)
                  0.05    0.00   23.72 ^ accumulator._2170_/B (sky130_fd_sc_hd__and2_1)
     1    0.00    0.05    0.12   23.84 ^ accumulator._2170_/X (sky130_fd_sc_hd__and2_1)
                                         accumulator._0126_ (net)
                  0.05    0.00   23.84 ^ accumulator._2171_/A (sky130_fd_sc_hd__clkbuf_1)
     1    0.00    0.04    0.08   23.92 ^ accumulator._2171_/X (sky130_fd_sc_hd__clkbuf_1)
                                         accumulator._0010_ (net)
                  0.04    0.00   23.92 ^ accumulator._2365_/D (sky130_fd_sc_hd__dfxtp_1)
                                 23.92   data arrival time

                  0.15   25.00   25.00   clock clock (rise edge)
                          0.00   25.00   clock network delay (ideal)
                         -0.25   24.75   clock uncertainty
                          0.00   24.75   clock reconvergence pessimism
                                 24.75 ^ accumulator._2365_/CLK (sky130_fd_sc_hd__dfxtp_1)
                         -0.04   24.71   library setup time
                                 24.71   data required time
-----------------------------------------------------------------------------
                                 24.71   data required time
                                -23.92   data arrival time
-----------------------------------------------------------------------------
                                  0.79   slack (MET)


Startpoint: io_inScaleA[2] (input port clocked by clock)
Endpoint: accumulator._2372_ (rising edge-triggered flip-flop clocked by clock)
Path Group: clock
Path Type: max

Fanout     Cap    Slew   Delay    Time   Description
-----------------------------------------------------------------------------
                  0.15    0.00    0.00   clock clock (rise edge)
                          0.00    0.00   clock network delay (ideal)
                          5.00    5.00 ^ input external delay
     1    0.00    0.02    0.01    5.01 ^ io_inScaleA[2] (in)
                                         io_inScaleA[2] (net)
                  0.02    0.00    5.01 ^ input11/A (sky130_fd_sc_hd__clkbuf_2)
    10    0.03    0.14    0.17    5.19 ^ input11/X (sky130_fd_sc_hd__clkbuf_2)
                                         net11 (net)
                  0.14    0.00    5.19 ^ scaleAdd._279_/A1 (sky130_fd_sc_hd__a22o_1)
     3    0.01    0.08    0.19    5.38 ^ scaleAdd._279_/X (sky130_fd_sc_hd__a22o_1)
                                         scaleAdd._221_ (net)
                  0.08    0.00    5.38 ^ scaleAdd._285_/B_N (sky130_fd_sc_hd__or2b_1)
     1    0.00    0.06    0.25    5.63 v scaleAdd._285_/X (sky130_fd_sc_hd__or2b_1)
                                         scaleAdd._227_ (net)
                  0.06    0.00    5.63 v scaleAdd._286_/A (sky130_fd_sc_hd__xnor2_1)
     3    0.01    0.08    0.16    5.79 v scaleAdd._286_/Y (sky130_fd_sc_hd__xnor2_1)
                                         scaleAdd._228_ (net)
                  0.08    0.00    5.79 v scaleAdd._311_/B (sky130_fd_sc_hd__or2_1)
     1    0.00    0.05    0.22    6.02 v scaleAdd._311_/X (sky130_fd_sc_hd__or2_1)
                                         scaleAdd._018_ (net)
                  0.05    0.00    6.02 v scaleAdd._313_/A2 (sky130_fd_sc_hd__a21oi_1)
     2    0.01    0.19    0.21    6.23 ^ scaleAdd._313_/Y (sky130_fd_sc_hd__a21oi_1)
                                         scaleAdd._020_ (net)
                  0.19    0.00    6.23 ^ scaleAdd._314_/B (sky130_fd_sc_hd__xnor2_1)
     2    0.01    0.19    0.17    6.40 ^ scaleAdd._314_/Y (sky130_fd_sc_hd__xnor2_1)
                                         scaleAdd._021_ (net)
                  0.19    0.00    6.40 ^ scaleAdd._315_/S (sky130_fd_sc_hd__mux2_2)
     5    0.02    0.08    0.43    6.83 v scaleAdd._315_/X (sky130_fd_sc_hd__mux2_2)
                                         scaleAdd._022_ (net)
                  0.08    0.00    6.83 v scaleAdd._321_/A2 (sky130_fd_sc_hd__a21o_1)
     2    0.00    0.04    0.20    7.03 v scaleAdd._321_/X (sky130_fd_sc_hd__a21o_1)
                                         scaleAdd._028_ (net)
                  0.04    0.00    7.03 v scaleAdd._325_/A (sky130_fd_sc_hd__and3_1)
     3    0.01    0.05    0.16    7.19 v scaleAdd._325_/X (sky130_fd_sc_hd__and3_1)
                                         scaleAdd._032_ (net)
                  0.05    0.00    7.19 v scaleAdd._328_/A (sky130_fd_sc_hd__or3_1)
     3    0.01    0.08    0.41    7.60 v scaleAdd._328_/X (sky130_fd_sc_hd__or3_1)
                                         scaleAdd._035_ (net)
                  0.08    0.00    7.60 v scaleAdd._332_/A1 (sky130_fd_sc_hd__a21o_1)
     2    0.00    0.04    0.18    7.78 v scaleAdd._332_/X (sky130_fd_sc_hd__a21o_1)
                                         scaleAdd._039_ (net)
                  0.04    0.00    7.78 v scaleAdd._361_/A2 (sky130_fd_sc_hd__a21o_1)
     2    0.01    0.07    0.22    8.00 v scaleAdd._361_/X (sky130_fd_sc_hd__a21o_1)
                                         scaleAdd._067_ (net)
                  0.07    0.00    8.00 v scaleAdd._383_/A2 (sky130_fd_sc_hd__a21o_1)
     2    0.01    0.07    0.23    8.22 v scaleAdd._383_/X (sky130_fd_sc_hd__a21o_1)
                                         scaleAdd._088_ (net)
                  0.07    0.00    8.22 v scaleAdd._399_/A2 (sky130_fd_sc_hd__a21o_1)
     2    0.01    0.07    0.23    8.45 v scaleAdd._399_/X (sky130_fd_sc_hd__a21o_1)
                                         scaleAdd._103_ (net)
                  0.07    0.00    8.45 v scaleAdd._417_/A2 (sky130_fd_sc_hd__a21bo_1)
     2    0.01    0.07    0.24    8.70 v scaleAdd._417_/X (sky130_fd_sc_hd__a21bo_1)
                                         scaleAdd._120_ (net)
                  0.07    0.00    8.70 v scaleAdd._432_/A2 (sky130_fd_sc_hd__a21o_1)
     2    0.01    0.07    0.23    8.93 v scaleAdd._432_/X (sky130_fd_sc_hd__a21o_1)
                                         scaleAdd._134_ (net)
                  0.07    0.00    8.93 v scaleAdd._444_/A2 (sky130_fd_sc_hd__a21o_1)
     2    0.01    0.06    0.22    9.15 v scaleAdd._444_/X (sky130_fd_sc_hd__a21o_1)
                                         scaleAdd._145_ (net)
                  0.06    0.00    9.15 v scaleAdd._447_/A2 (sky130_fd_sc_hd__a21o_1)
     2    0.01    0.07    0.22    9.37 v scaleAdd._447_/X (sky130_fd_sc_hd__a21o_1)
                                         scaleAdd._147_ (net)
                  0.07    0.00    9.37 v scaleAdd._449_/B2 (sky130_fd_sc_hd__a2bb2o_1)
     4    0.01    0.08    0.31    9.68 v scaleAdd._449_/X (sky130_fd_sc_hd__a2bb2o_1)
                                         accumulator.io_inMant[15] (net)
                  0.08    0.00    9.68 v accumulator._1181_/A (sky130_fd_sc_hd__or4_1)
     1    0.00    0.08    0.54   10.22 v accumulator._1181_/X (sky130_fd_sc_hd__or4_1)
                                         accumulator._0045_ (net)
                  0.08    0.00   10.22 v accumulator._1182_/A (sky130_fd_sc_hd__buf_2)
    10    0.03    0.08    0.20   10.41 v accumulator._1182_/X (sky130_fd_sc_hd__buf_2)
                                         accumulator._0055_ (net)
                  0.08    0.00   10.41 v accumulator._1200_/A_N (sky130_fd_sc_hd__and2b_1)
     6    0.02    0.14    0.29   10.70 ^ accumulator._1200_/X (sky130_fd_sc_hd__and2b_1)
                                         accumulator._0232_ (net)
                  0.14    0.00   10.70 ^ accumulator._1201_/B1_N (sky130_fd_sc_hd__o21ba_1)
     5    0.02    0.09    0.23   10.93 v accumulator._1201_/X (sky130_fd_sc_hd__o21ba_1)
                                         accumulator._0241_ (net)
                  0.09    0.00   10.93 v accumulator._1202_/B (sky130_fd_sc_hd__and2_1)
     3    0.01    0.05    0.20   11.13 v accumulator._1202_/X (sky130_fd_sc_hd__and2_1)
                                         accumulator._0251_ (net)
                  0.05    0.00   11.13 v accumulator._1204_/A (sky130_fd_sc_hd__or2_1)
     3    0.01    0.08    0.27   11.40 v accumulator._1204_/X (sky130_fd_sc_hd__or2_1)
                                         accumulator._0271_ (net)
                  0.08    0.00   11.40 v accumulator._1205_/A (sky130_fd_sc_hd__inv_2)
     3    0.01    0.05    0.07   11.48 ^ accumulator._1205_/Y (sky130_fd_sc_hd__inv_2)
                                         accumulator._0281_ (net)
                  0.05    0.00   11.48 ^ accumulator._1218_/A2 (sky130_fd_sc_hd__a311o_1)
     4    0.01    0.14    0.23   11.71 ^ accumulator._1218_/X (sky130_fd_sc_hd__a311o_1)
                                         accumulator._0315_ (net)
                  0.14    0.00   11.71 ^ accumulator._1219_/C (sky130_fd_sc_hd__nand3_1)
     2    0.01    0.09    0.12   11.83 v accumulator._1219_/Y (sky130_fd_sc_hd__nand3_1)
                                         accumulator._0316_ (net)
                  0.09    0.00   11.83 v accumulator._1228_/A1 (sky130_fd_sc_hd__a211o_1)
     5    0.01    0.08    0.33   12.16 v accumulator._1228_/X (sky130_fd_sc_hd__a211o_1)
                                         accumulator._0325_ (net)
                  0.08    0.00   12.16 v accumulator._1242_/A1 (sky130_fd_sc_hd__o22a_1)
     3    0.01    0.06    0.25   12.41 v accumulator._1242_/X (sky130_fd_sc_hd__o22a_1)
                                         accumulator._0339_ (net)
                  0.06    0.00   12.41 v accumulator._1255_/C (sky130_fd_sc_hd__or3_2)
     5    0.02    0.12    0.50   12.91 v accumulator._1255_/X (sky130_fd_sc_hd__or3_2)
                                         accumulator._0352_ (net)
                  0.12    0.00   12.91 v accumulator._1257_/A2 (sky130_fd_sc_hd__a21o_2)
     2    0.02    0.07    0.30   13.21 v accumulator._1257_/X (sky130_fd_sc_hd__a21o_2)
                                         accumulator._0354_ (net)
                  0.07    0.00   13.21 v accumulator._1259_/A2 (sky130_fd_sc_hd__a21o_2)
     2    0.02    0.07    0.28   13.48 v accumulator._1259_/X (sky130_fd_sc_hd__a21o_2)
                                         accumulator._0356_ (net)
                  0.07    0.00   13.48 v accumulator._1264_/A1 (sky130_fd_sc_hd__a21o_1)
     2    0.01    0.07    0.21   13.69 v accumulator._1264_/X (sky130_fd_sc_hd__a21o_1)
                                         accumulator._0361_ (net)
                  0.07    0.00   13.69 v accumulator._1266_/A2 (sky130_fd_sc_hd__a21o_1)
     2    0.01    0.07    0.23   13.92 v accumulator._1266_/X (sky130_fd_sc_hd__a21o_1)
                                         accumulator._0363_ (net)
                  0.07    0.00   13.92 v accumulator._1272_/A1 (sky130_fd_sc_hd__a21o_1)
     2    0.02    0.09    0.23   14.15 v accumulator._1272_/X (sky130_fd_sc_hd__a21o_1)
                                         accumulator._0369_ (net)
                  0.09    0.00   14.15 v accumulator._1278_/A1 (sky130_fd_sc_hd__a21oi_4)
     4    0.04    0.31    0.32   14.47 ^ accumulator._1278_/Y (sky130_fd_sc_hd__a21oi_4)
                                         accumulator._0375_ (net)
                  0.31    0.00   14.47 ^ accumulator._1279_/B (sky130_fd_sc_hd__xnor2_4)
    10    0.05    0.37    0.25   14.72 ^ accumulator._1279_/Y (sky130_fd_sc_hd__xnor2_4)
                                         accumulator._0376_ (net)
                  0.37    0.00   14.72 ^ accumulator._1280_/A (sky130_fd_sc_hd__clkbuf_4)
    10    0.04    0.14    0.32   15.04 ^ accumulator._1280_/X (sky130_fd_sc_hd__clkbuf_4)
                                         accumulator._0377_ (net)
                  0.14    0.00   15.04 ^ accumulator._1413_/S (sky130_fd_sc_hd__mux2_1)
     2    0.01    0.09    0.40   15.44 v accumulator._1413_/X (sky130_fd_sc_hd__mux2_1)
                                         accumulator._0508_ (net)
                  0.09    0.00   15.44 v accumulator._1414_/A2 (sky130_fd_sc_hd__a21o_1)
     2    0.01    0.05    0.22   15.66 v accumulator._1414_/X (sky130_fd_sc_hd__a21o_1)
                                         accumulator._0509_ (net)
                  0.05    0.00   15.66 v accumulator._1415_/A2 (sky130_fd_sc_hd__a21o_1)
     2    0.01    0.05    0.20   15.86 v accumulator._1415_/X (sky130_fd_sc_hd__a21o_1)
                                         accumulator._0510_ (net)
                  0.05    0.00   15.86 v accumulator._1417_/A2 (sky130_fd_sc_hd__a21o_1)
     2    0.01    0.05    0.20   16.06 v accumulator._1417_/X (sky130_fd_sc_hd__a21o_1)
                                         accumulator._0512_ (net)
                  0.05    0.00   16.06 v accumulator._1432_/A3 (sky130_fd_sc_hd__a31o_1)
     3    0.01    0.07    0.26   16.32 v accumulator._1432_/X (sky130_fd_sc_hd__a31o_1)
                                         accumulator._0527_ (net)
                  0.07    0.00   16.32 v accumulator._1721_/B1 (sky130_fd_sc_hd__a32o_2)
     4    0.02    0.08    0.28   16.60 v accumulator._1721_/X (sky130_fd_sc_hd__a32o_2)
                                         accumulator._0816_ (net)
                  0.08    0.00   16.60 v accumulator._1736_/B1 (sky130_fd_sc_hd__a2111o_2)
     5    0.02    0.10    0.53   17.13 v accumulator._1736_/X (sky130_fd_sc_hd__a2111o_2)
                                         accumulator._0831_ (net)
                  0.10    0.00   17.13 v accumulator._1738_/A2 (sky130_fd_sc_hd__a21o_1)
     3    0.01    0.05    0.23   17.36 v accumulator._1738_/X (sky130_fd_sc_hd__a21o_1)
                                         accumulator._0833_ (net)
                  0.05    0.00   17.36 v accumulator._1744_/A1 (sky130_fd_sc_hd__a2111o_1)
     3    0.01    0.09    0.42   17.78 v accumulator._1744_/X (sky130_fd_sc_hd__a2111o_1)
                                         accumulator._0839_ (net)
                  0.09    0.00   17.78 v accumulator._1748_/A2 (sky130_fd_sc_hd__a2111o_1)
     2    0.00    0.07    0.45   18.24 v accumulator._1748_/X (sky130_fd_sc_hd__a2111o_1)
                                         accumulator._0843_ (net)
                  0.07    0.00   18.24 v accumulator._1751_/A2 (sky130_fd_sc_hd__a21o_1)
     2    0.01    0.05    0.21   18.44 v accumulator._1751_/X (sky130_fd_sc_hd__a21o_1)
                                         accumulator._0846_ (net)
                  0.05    0.00   18.44 v accumulator._1773_/A2 (sky130_fd_sc_hd__a21o_1)
     2    0.01    0.04    0.19   18.63 v accumulator._1773_/X (sky130_fd_sc_hd__a21o_1)
                                         accumulator._0868_ (net)
                  0.04    0.00   18.63 v accumulator._1798_/A2 (sky130_fd_sc_hd__a311o_1)
     2    0.01    0.08    0.35   18.98 v accumulator._1798_/X (sky130_fd_sc_hd__a311o_1)
                                         accumulator._0893_ (net)
                  0.08    0.00   18.98 v accumulator._1814_/A1 (sky130_fd_sc_hd__a21o_1)
     2    0.01    0.05    0.19   19.17 v accumulator._1814_/X (sky130_fd_sc_hd__a21o_1)
                                         accumulator._0909_ (net)
                  0.05    0.00   19.17 v accumulator._1825_/A2 (sky130_fd_sc_hd__a31oi_2)
     3    0.01    0.20    0.23   19.40 ^ accumulator._1825_/Y (sky130_fd_sc_hd__a31oi_2)
                                         accumulator._0920_ (net)
                  0.20    0.00   19.40 ^ accumulator._1926_/A2 (sky130_fd_sc_hd__a21o_1)
     3    0.01    0.09    0.20   19.60 ^ accumulator._1926_/X (sky130_fd_sc_hd__a21o_1)
                                         accumulator._1021_ (net)
                  0.09    0.00   19.60 ^ accumulator._2039_/S (sky130_fd_sc_hd__mux2_1)
     3    0.01    0.10    0.40   19.99 v accumulator._2039_/X (sky130_fd_sc_hd__mux2_1)
                                         accumulator._1134_ (net)
                  0.10    0.00   19.99 v accumulator._2059_/B2 (sky130_fd_sc_hd__a221oi_1)
     1    0.00    0.25    0.31   20.30 ^ accumulator._2059_/Y (sky130_fd_sc_hd__a221oi_1)
                                         accumulator._1155_ (net)
                  0.25    0.00   20.30 ^ accumulator._2060_/A2 (sky130_fd_sc_hd__o21ai_1)
     1    0.00    0.07    0.10   20.40 v accumulator._2060_/Y (sky130_fd_sc_hd__o21ai_1)
                                         accumulator._1156_ (net)
                  0.07    0.00   20.40 v accumulator._2061_/A2 (sky130_fd_sc_hd__a21o_1)
     1    0.00    0.03    0.19   20.59 v accumulator._2061_/X (sky130_fd_sc_hd__a21o_1)
                                         accumulator._1157_ (net)
                  0.03    0.00   20.59 v accumulator._2062_/A2 (sky130_fd_sc_hd__a21o_1)
     1    0.00    0.03    0.17   20.76 v accumulator._2062_/X (sky130_fd_sc_hd__a21o_1)
                                         accumulator._1158_ (net)
                  0.03    0.00   20.76 v accumulator._2063_/A2 (sky130_fd_sc_hd__a21o_1)
     1    0.00    0.03    0.17   20.93 v accumulator._2063_/X (sky130_fd_sc_hd__a21o_1)
                                         accumulator._1159_ (net)
                  0.03    0.00   20.93 v accumulator._2064_/A2 (sky130_fd_sc_hd__a21o_1)
     1    0.00    0.04    0.18   21.11 v accumulator._2064_/X (sky130_fd_sc_hd__a21o_1)
                                         accumulator._1160_ (net)
                  0.04    0.00   21.11 v accumulator._2065_/A2 (sky130_fd_sc_hd__a21oi_1)
     1    0.00    0.12    0.14   21.26 ^ accumulator._2065_/Y (sky130_fd_sc_hd__a21oi_1)
                                         accumulator._1161_ (net)
                  0.12    0.00   21.26 ^ accumulator._2067_/A2 (sky130_fd_sc_hd__o21ai_1)
     1    0.00    0.06    0.07   21.33 v accumulator._2067_/Y (sky130_fd_sc_hd__o21ai_1)
                                         accumulator._1163_ (net)
                  0.06    0.00   21.33 v accumulator._2068_/A2 (sky130_fd_sc_hd__a21o_1)
     1    0.00    0.03    0.18   21.51 v accumulator._2068_/X (sky130_fd_sc_hd__a21o_1)
                                         accumulator._1164_ (net)
                  0.03    0.00   21.51 v accumulator._2069_/A2 (sky130_fd_sc_hd__a21o_1)
     1    0.00    0.04    0.18   21.69 v accumulator._2069_/X (sky130_fd_sc_hd__a21o_1)
                                         accumulator._1165_ (net)
                  0.04    0.00   21.69 v accumulator._2070_/A2 (sky130_fd_sc_hd__a211o_1)
     1    0.00    0.04    0.29   21.98 v accumulator._2070_/X (sky130_fd_sc_hd__a211o_1)
                                         accumulator._1167_ (net)
                  0.04    0.00   21.98 v accumulator._2073_/B1 (sky130_fd_sc_hd__a2bb2o_1)
     2    0.01    0.06    0.30   22.29 v accumulator._2073_/X (sky130_fd_sc_hd__a2bb2o_1)
                                         accumulator._1170_ (net)
                  0.06    0.00   22.29 v accumulator._2074_/A (sky130_fd_sc_hd__clkbuf_4)
    10    0.04    0.09    0.21   22.49 v accumulator._2074_/X (sky130_fd_sc_hd__clkbuf_4)
                                         accumulator._1171_ (net)
                  0.09    0.00   22.49 v accumulator._2101_/A (sky130_fd_sc_hd__clkbuf_4)
    10    0.04    0.09    0.22   22.72 v accumulator._2101_/X (sky130_fd_sc_hd__clkbuf_4)
                                         accumulator._0057_ (net)
                  0.09    0.00   22.72 v accumulator._2154_/S (sky130_fd_sc_hd__mux2_1)
     2    0.00    0.07    0.35   23.07 v accumulator._2154_/X (sky130_fd_sc_hd__mux2_1)
                                         accumulator._0109_ (net)
                  0.07    0.00   23.07 v accumulator._2155_/A1 (sky130_fd_sc_hd__mux2_1)
     2    0.00    0.06    0.32   23.39 v accumulator._2155_/X (sky130_fd_sc_hd__mux2_1)
                                         accumulator._0110_ (net)
                  0.06    0.00   23.39 v accumulator._2156_/B (sky130_fd_sc_hd__nand2_1)
     1    0.00    0.05    0.07   23.47 ^ accumulator._2156_/Y (sky130_fd_sc_hd__nand2_1)
                                         accumulator._0111_ (net)
                  0.05    0.00   23.47 ^ accumulator._2157_/B1 (sky130_fd_sc_hd__o21a_1)
     2    0.01    0.08    0.14   23.61 ^ accumulator._2157_/X (sky130_fd_sc_hd__o21a_1)
                                         accumulator._0112_ (net)
                  0.08    0.00   23.61 ^ accumulator._2227_/B1 (sky130_fd_sc_hd__o221a_1)
     1    0.00    0.05    0.19   23.79 ^ accumulator._2227_/X (sky130_fd_sc_hd__o221a_1)
                                         accumulator._0181_ (net)
                  0.05    0.00   23.79 ^ accumulator._2228_/A2 (sky130_fd_sc_hd__a21oi_1)
     1    0.00    0.05    0.07   23.87 v accumulator._2228_/Y (sky130_fd_sc_hd__a21oi_1)
                                         accumulator._0017_ (net)
                  0.05    0.00   23.87 v accumulator._2372_/D (sky130_fd_sc_hd__dfxtp_1)
                                 23.87   data arrival time

                  0.15   25.00   25.00   clock clock (rise edge)
                          0.00   25.00   clock network delay (ideal)
                         -0.25   24.75   clock uncertainty
                          0.00   24.75   clock reconvergence pessimism
                                 24.75 ^ accumulator._2372_/CLK (sky130_fd_sc_hd__dfxtp_1)
                         -0.09   24.66   library setup time
                                 24.66   data required time
-----------------------------------------------------------------------------
                                 24.66   data required time
                                -23.87   data arrival time
-----------------------------------------------------------------------------
                                  0.79   slack (MET)


Startpoint: io_inScaleA[2] (input port clocked by clock)
Endpoint: accumulator._2360_ (rising edge-triggered flip-flop clocked by clock)
Path Group: clock
Path Type: max

Fanout     Cap    Slew   Delay    Time   Description
-----------------------------------------------------------------------------
                  0.15    0.00    0.00   clock clock (rise edge)
                          0.00    0.00   clock network delay (ideal)
                          5.00    5.00 ^ input external delay
     1    0.00    0.02    0.01    5.01 ^ io_inScaleA[2] (in)
                                         io_inScaleA[2] (net)
                  0.02    0.00    5.01 ^ input11/A (sky130_fd_sc_hd__clkbuf_2)
    10    0.03    0.14    0.17    5.19 ^ input11/X (sky130_fd_sc_hd__clkbuf_2)
                                         net11 (net)
                  0.14    0.00    5.19 ^ scaleAdd._279_/A1 (sky130_fd_sc_hd__a22o_1)
     3    0.01    0.08    0.19    5.38 ^ scaleAdd._279_/X (sky130_fd_sc_hd__a22o_1)
                                         scaleAdd._221_ (net)
                  0.08    0.00    5.38 ^ scaleAdd._285_/B_N (sky130_fd_sc_hd__or2b_1)
     1    0.00    0.06    0.25    5.63 v scaleAdd._285_/X (sky130_fd_sc_hd__or2b_1)
                                         scaleAdd._227_ (net)
                  0.06    0.00    5.63 v scaleAdd._286_/A (sky130_fd_sc_hd__xnor2_1)
     3    0.01    0.08    0.16    5.79 v scaleAdd._286_/Y (sky130_fd_sc_hd__xnor2_1)
                                         scaleAdd._228_ (net)
                  0.08    0.00    5.79 v scaleAdd._311_/B (sky130_fd_sc_hd__or2_1)
     1    0.00    0.05    0.22    6.02 v scaleAdd._311_/X (sky130_fd_sc_hd__or2_1)
                                         scaleAdd._018_ (net)
                  0.05    0.00    6.02 v scaleAdd._313_/A2 (sky130_fd_sc_hd__a21oi_1)
     2    0.01    0.19    0.21    6.23 ^ scaleAdd._313_/Y (sky130_fd_sc_hd__a21oi_1)
                                         scaleAdd._020_ (net)
                  0.19    0.00    6.23 ^ scaleAdd._314_/B (sky130_fd_sc_hd__xnor2_1)
     2    0.01    0.19    0.17    6.40 ^ scaleAdd._314_/Y (sky130_fd_sc_hd__xnor2_1)
                                         scaleAdd._021_ (net)
                  0.19    0.00    6.40 ^ scaleAdd._315_/S (sky130_fd_sc_hd__mux2_2)
     5    0.02    0.08    0.43    6.83 v scaleAdd._315_/X (sky130_fd_sc_hd__mux2_2)
                                         scaleAdd._022_ (net)
                  0.08    0.00    6.83 v scaleAdd._321_/A2 (sky130_fd_sc_hd__a21o_1)
     2    0.00    0.04    0.20    7.03 v scaleAdd._321_/X (sky130_fd_sc_hd__a21o_1)
                                         scaleAdd._028_ (net)
                  0.04    0.00    7.03 v scaleAdd._325_/A (sky130_fd_sc_hd__and3_1)
     3    0.01    0.05    0.16    7.19 v scaleAdd._325_/X (sky130_fd_sc_hd__and3_1)
                                         scaleAdd._032_ (net)
                  0.05    0.00    7.19 v scaleAdd._328_/A (sky130_fd_sc_hd__or3_1)
     3    0.01    0.08    0.41    7.60 v scaleAdd._328_/X (sky130_fd_sc_hd__or3_1)
                                         scaleAdd._035_ (net)
                  0.08    0.00    7.60 v scaleAdd._332_/A1 (sky130_fd_sc_hd__a21o_1)
     2    0.00    0.04    0.18    7.78 v scaleAdd._332_/X (sky130_fd_sc_hd__a21o_1)
                                         scaleAdd._039_ (net)
                  0.04    0.00    7.78 v scaleAdd._361_/A2 (sky130_fd_sc_hd__a21o_1)
     2    0.01    0.07    0.22    8.00 v scaleAdd._361_/X (sky130_fd_sc_hd__a21o_1)
                                         scaleAdd._067_ (net)
                  0.07    0.00    8.00 v scaleAdd._383_/A2 (sky130_fd_sc_hd__a21o_1)
     2    0.01    0.07    0.23    8.22 v scaleAdd._383_/X (sky130_fd_sc_hd__a21o_1)
                                         scaleAdd._088_ (net)
                  0.07    0.00    8.22 v scaleAdd._399_/A2 (sky130_fd_sc_hd__a21o_1)
     2    0.01    0.07    0.23    8.45 v scaleAdd._399_/X (sky130_fd_sc_hd__a21o_1)
                                         scaleAdd._103_ (net)
                  0.07    0.00    8.45 v scaleAdd._417_/A2 (sky130_fd_sc_hd__a21bo_1)
     2    0.01    0.07    0.24    8.70 v scaleAdd._417_/X (sky130_fd_sc_hd__a21bo_1)
                                         scaleAdd._120_ (net)
                  0.07    0.00    8.70 v scaleAdd._432_/A2 (sky130_fd_sc_hd__a21o_1)
     2    0.01    0.07    0.23    8.93 v scaleAdd._432_/X (sky130_fd_sc_hd__a21o_1)
                                         scaleAdd._134_ (net)
                  0.07    0.00    8.93 v scaleAdd._444_/A2 (sky130_fd_sc_hd__a21o_1)
     2    0.01    0.06    0.22    9.15 v scaleAdd._444_/X (sky130_fd_sc_hd__a21o_1)
                                         scaleAdd._145_ (net)
                  0.06    0.00    9.15 v scaleAdd._447_/A2 (sky130_fd_sc_hd__a21o_1)
     2    0.01    0.07    0.22    9.37 v scaleAdd._447_/X (sky130_fd_sc_hd__a21o_1)
                                         scaleAdd._147_ (net)
                  0.07    0.00    9.37 v scaleAdd._449_/B2 (sky130_fd_sc_hd__a2bb2o_1)
     4    0.01    0.08    0.31    9.68 v scaleAdd._449_/X (sky130_fd_sc_hd__a2bb2o_1)
                                         accumulator.io_inMant[15] (net)
                  0.08    0.00    9.68 v accumulator._1181_/A (sky130_fd_sc_hd__or4_1)
     1    0.00    0.08    0.54   10.22 v accumulator._1181_/X (sky130_fd_sc_hd__or4_1)
                                         accumulator._0045_ (net)
                  0.08    0.00   10.22 v accumulator._1182_/A (sky130_fd_sc_hd__buf_2)
    10    0.03    0.08    0.20   10.41 v accumulator._1182_/X (sky130_fd_sc_hd__buf_2)
                                         accumulator._0055_ (net)
                  0.08    0.00   10.41 v accumulator._1200_/A_N (sky130_fd_sc_hd__and2b_1)
     6    0.02    0.14    0.29   10.70 ^ accumulator._1200_/X (sky130_fd_sc_hd__and2b_1)
                                         accumulator._0232_ (net)
                  0.14    0.00   10.70 ^ accumulator._1201_/B1_N (sky130_fd_sc_hd__o21ba_1)
     5    0.02    0.09    0.23   10.93 v accumulator._1201_/X (sky130_fd_sc_hd__o21ba_1)
                                         accumulator._0241_ (net)
                  0.09    0.00   10.93 v accumulator._1202_/B (sky130_fd_sc_hd__and2_1)
     3    0.01    0.05    0.20   11.13 v accumulator._1202_/X (sky130_fd_sc_hd__and2_1)
                                         accumulator._0251_ (net)
                  0.05    0.00   11.13 v accumulator._1204_/A (sky130_fd_sc_hd__or2_1)
     3    0.01    0.08    0.27   11.40 v accumulator._1204_/X (sky130_fd_sc_hd__or2_1)
                                         accumulator._0271_ (net)
                  0.08    0.00   11.40 v accumulator._1205_/A (sky130_fd_sc_hd__inv_2)
     3    0.01    0.05    0.07   11.48 ^ accumulator._1205_/Y (sky130_fd_sc_hd__inv_2)
                                         accumulator._0281_ (net)
                  0.05    0.00   11.48 ^ accumulator._1218_/A2 (sky130_fd_sc_hd__a311o_1)
     4    0.01    0.14    0.23   11.71 ^ accumulator._1218_/X (sky130_fd_sc_hd__a311o_1)
                                         accumulator._0315_ (net)
                  0.14    0.00   11.71 ^ accumulator._1219_/C (sky130_fd_sc_hd__nand3_1)
     2    0.01    0.09    0.12   11.83 v accumulator._1219_/Y (sky130_fd_sc_hd__nand3_1)
                                         accumulator._0316_ (net)
                  0.09    0.00   11.83 v accumulator._1228_/A1 (sky130_fd_sc_hd__a211o_1)
     5    0.01    0.08    0.33   12.16 v accumulator._1228_/X (sky130_fd_sc_hd__a211o_1)
                                         accumulator._0325_ (net)
                  0.08    0.00   12.16 v accumulator._1242_/A1 (sky130_fd_sc_hd__o22a_1)
     3    0.01    0.06    0.25   12.41 v accumulator._1242_/X (sky130_fd_sc_hd__o22a_1)
                                         accumulator._0339_ (net)
                  0.06    0.00   12.41 v accumulator._1255_/C (sky130_fd_sc_hd__or3_2)
     5    0.02    0.12    0.50   12.91 v accumulator._1255_/X (sky130_fd_sc_hd__or3_2)
                                         accumulator._0352_ (net)
                  0.12    0.00   12.91 v accumulator._1257_/A2 (sky130_fd_sc_hd__a21o_2)
     2    0.02    0.07    0.30   13.21 v accumulator._1257_/X (sky130_fd_sc_hd__a21o_2)
                                         accumulator._0354_ (net)
                  0.07    0.00   13.21 v accumulator._1259_/A2 (sky130_fd_sc_hd__a21o_2)
     2    0.02    0.07    0.28   13.48 v accumulator._1259_/X (sky130_fd_sc_hd__a21o_2)
                                         accumulator._0356_ (net)
                  0.07    0.00   13.48 v accumulator._1264_/A1 (sky130_fd_sc_hd__a21o_1)
     2    0.01    0.07    0.21   13.69 v accumulator._1264_/X (sky130_fd_sc_hd__a21o_1)
                                         accumulator._0361_ (net)
                  0.07    0.00   13.69 v accumulator._1266_/A2 (sky130_fd_sc_hd__a21o_1)
     2    0.01    0.07    0.23   13.92 v accumulator._1266_/X (sky130_fd_sc_hd__a21o_1)
                                         accumulator._0363_ (net)
                  0.07    0.00   13.92 v accumulator._1272_/A1 (sky130_fd_sc_hd__a21o_1)
     2    0.02    0.09    0.23   14.15 v accumulator._1272_/X (sky130_fd_sc_hd__a21o_1)
                                         accumulator._0369_ (net)
                  0.09    0.00   14.15 v accumulator._1278_/A1 (sky130_fd_sc_hd__a21oi_4)
     4    0.04    0.31    0.32   14.47 ^ accumulator._1278_/Y (sky130_fd_sc_hd__a21oi_4)
                                         accumulator._0375_ (net)
                  0.31    0.00   14.47 ^ accumulator._1279_/B (sky130_fd_sc_hd__xnor2_4)
    10    0.05    0.37    0.25   14.72 ^ accumulator._1279_/Y (sky130_fd_sc_hd__xnor2_4)
                                         accumulator._0376_ (net)
                  0.37    0.00   14.72 ^ accumulator._1280_/A (sky130_fd_sc_hd__clkbuf_4)
    10    0.04    0.14    0.32   15.04 ^ accumulator._1280_/X (sky130_fd_sc_hd__clkbuf_4)
                                         accumulator._0377_ (net)
                  0.14    0.00   15.04 ^ accumulator._1413_/S (sky130_fd_sc_hd__mux2_1)
     2    0.01    0.09    0.40   15.44 v accumulator._1413_/X (sky130_fd_sc_hd__mux2_1)
                                         accumulator._0508_ (net)
                  0.09    0.00   15.44 v accumulator._1414_/A2 (sky130_fd_sc_hd__a21o_1)
     2    0.01    0.05    0.22   15.66 v accumulator._1414_/X (sky130_fd_sc_hd__a21o_1)
                                         accumulator._0509_ (net)
                  0.05    0.00   15.66 v accumulator._1415_/A2 (sky130_fd_sc_hd__a21o_1)
     2    0.01    0.05    0.20   15.86 v accumulator._1415_/X (sky130_fd_sc_hd__a21o_1)
                                         accumulator._0510_ (net)
                  0.05    0.00   15.86 v accumulator._1417_/A2 (sky130_fd_sc_hd__a21o_1)
     2    0.01    0.05    0.20   16.06 v accumulator._1417_/X (sky130_fd_sc_hd__a21o_1)
                                         accumulator._0512_ (net)
                  0.05    0.00   16.06 v accumulator._1432_/A3 (sky130_fd_sc_hd__a31o_1)
     3    0.01    0.07    0.26   16.32 v accumulator._1432_/X (sky130_fd_sc_hd__a31o_1)
                                         accumulator._0527_ (net)
                  0.07    0.00   16.32 v accumulator._1721_/B1 (sky130_fd_sc_hd__a32o_2)
     4    0.02    0.08    0.28   16.60 v accumulator._1721_/X (sky130_fd_sc_hd__a32o_2)
                                         accumulator._0816_ (net)
                  0.08    0.00   16.60 v accumulator._1736_/B1 (sky130_fd_sc_hd__a2111o_2)
     5    0.02    0.10    0.53   17.13 v accumulator._1736_/X (sky130_fd_sc_hd__a2111o_2)
                                         accumulator._0831_ (net)
                  0.10    0.00   17.13 v accumulator._1738_/A2 (sky130_fd_sc_hd__a21o_1)
     3    0.01    0.05    0.23   17.36 v accumulator._1738_/X (sky130_fd_sc_hd__a21o_1)
                                         accumulator._0833_ (net)
                  0.05    0.00   17.36 v accumulator._1744_/A1 (sky130_fd_sc_hd__a2111o_1)
     3    0.01    0.09    0.42   17.78 v accumulator._1744_/X (sky130_fd_sc_hd__a2111o_1)
                                         accumulator._0839_ (net)
                  0.09    0.00   17.78 v accumulator._1748_/A2 (sky130_fd_sc_hd__a2111o_1)
     2    0.00    0.07    0.45   18.24 v accumulator._1748_/X (sky130_fd_sc_hd__a2111o_1)
                                         accumulator._0843_ (net)
                  0.07    0.00   18.24 v accumulator._1751_/A2 (sky130_fd_sc_hd__a21o_1)
     2    0.01    0.05    0.21   18.44 v accumulator._1751_/X (sky130_fd_sc_hd__a21o_1)
                                         accumulator._0846_ (net)
                  0.05    0.00   18.44 v accumulator._1773_/A2 (sky130_fd_sc_hd__a21o_1)
     2    0.01    0.04    0.19   18.63 v accumulator._1773_/X (sky130_fd_sc_hd__a21o_1)
                                         accumulator._0868_ (net)
                  0.04    0.00   18.63 v accumulator._1798_/A2 (sky130_fd_sc_hd__a311o_1)
     2    0.01    0.08    0.35   18.98 v accumulator._1798_/X (sky130_fd_sc_hd__a311o_1)
                                         accumulator._0893_ (net)
                  0.08    0.00   18.98 v accumulator._1814_/A1 (sky130_fd_sc_hd__a21o_1)
     2    0.01    0.05    0.19   19.17 v accumulator._1814_/X (sky130_fd_sc_hd__a21o_1)
                                         accumulator._0909_ (net)
                  0.05    0.00   19.17 v accumulator._1825_/A2 (sky130_fd_sc_hd__a31oi_2)
     3    0.01    0.20    0.23   19.40 ^ accumulator._1825_/Y (sky130_fd_sc_hd__a31oi_2)
                                         accumulator._0920_ (net)
                  0.20    0.00   19.40 ^ accumulator._1926_/A2 (sky130_fd_sc_hd__a21o_1)
     3    0.01    0.09    0.20   19.60 ^ accumulator._1926_/X (sky130_fd_sc_hd__a21o_1)
                                         accumulator._1021_ (net)
                  0.09    0.00   19.60 ^ accumulator._2039_/S (sky130_fd_sc_hd__mux2_1)
     3    0.01    0.10    0.40   19.99 v accumulator._2039_/X (sky130_fd_sc_hd__mux2_1)
                                         accumulator._1134_ (net)
                  0.10    0.00   19.99 v accumulator._2059_/B2 (sky130_fd_sc_hd__a221oi_1)
     1    0.00    0.25    0.31   20.30 ^ accumulator._2059_/Y (sky130_fd_sc_hd__a221oi_1)
                                         accumulator._1155_ (net)
                  0.25    0.00   20.30 ^ accumulator._2060_/A2 (sky130_fd_sc_hd__o21ai_1)
     1    0.00    0.07    0.10   20.40 v accumulator._2060_/Y (sky130_fd_sc_hd__o21ai_1)
                                         accumulator._1156_ (net)
                  0.07    0.00   20.40 v accumulator._2061_/A2 (sky130_fd_sc_hd__a21o_1)
     1    0.00    0.03    0.19   20.59 v accumulator._2061_/X (sky130_fd_sc_hd__a21o_1)
                                         accumulator._1157_ (net)
                  0.03    0.00   20.59 v accumulator._2062_/A2 (sky130_fd_sc_hd__a21o_1)
     1    0.00    0.03    0.17   20.76 v accumulator._2062_/X (sky130_fd_sc_hd__a21o_1)
                                         accumulator._1158_ (net)
                  0.03    0.00   20.76 v accumulator._2063_/A2 (sky130_fd_sc_hd__a21o_1)
     1    0.00    0.03    0.17   20.93 v accumulator._2063_/X (sky130_fd_sc_hd__a21o_1)
                                         accumulator._1159_ (net)
                  0.03    0.00   20.93 v accumulator._2064_/A2 (sky130_fd_sc_hd__a21o_1)
     1    0.00    0.04    0.18   21.11 v accumulator._2064_/X (sky130_fd_sc_hd__a21o_1)
                                         accumulator._1160_ (net)
                  0.04    0.00   21.11 v accumulator._2065_/A2 (sky130_fd_sc_hd__a21oi_1)
     1    0.00    0.12    0.14   21.26 ^ accumulator._2065_/Y (sky130_fd_sc_hd__a21oi_1)
                                         accumulator._1161_ (net)
                  0.12    0.00   21.26 ^ accumulator._2067_/A2 (sky130_fd_sc_hd__o21ai_1)
     1    0.00    0.06    0.07   21.33 v accumulator._2067_/Y (sky130_fd_sc_hd__o21ai_1)
                                         accumulator._1163_ (net)
                  0.06    0.00   21.33 v accumulator._2068_/A2 (sky130_fd_sc_hd__a21o_1)
     1    0.00    0.03    0.18   21.51 v accumulator._2068_/X (sky130_fd_sc_hd__a21o_1)
                                         accumulator._1164_ (net)
                  0.03    0.00   21.51 v accumulator._2069_/A2 (sky130_fd_sc_hd__a21o_1)
     1    0.00    0.04    0.18   21.69 v accumulator._2069_/X (sky130_fd_sc_hd__a21o_1)
                                         accumulator._1165_ (net)
                  0.04    0.00   21.69 v accumulator._2070_/A2 (sky130_fd_sc_hd__a211o_1)
     1    0.00    0.04    0.29   21.98 v accumulator._2070_/X (sky130_fd_sc_hd__a211o_1)
                                         accumulator._1167_ (net)
                  0.04    0.00   21.98 v accumulator._2073_/B1 (sky130_fd_sc_hd__a2bb2o_1)
     2    0.01    0.06    0.30   22.29 v accumulator._2073_/X (sky130_fd_sc_hd__a2bb2o_1)
                                         accumulator._1170_ (net)
                  0.06    0.00   22.29 v accumulator._2074_/A (sky130_fd_sc_hd__clkbuf_4)
    10    0.04    0.09    0.21   22.49 v accumulator._2074_/X (sky130_fd_sc_hd__clkbuf_4)
                                         accumulator._1171_ (net)
                  0.09    0.00   22.49 v accumulator._2101_/A (sky130_fd_sc_hd__clkbuf_4)
    10    0.04    0.09    0.22   22.72 v accumulator._2101_/X (sky130_fd_sc_hd__clkbuf_4)
                                         accumulator._0057_ (net)
                  0.09    0.00   22.72 v accumulator._2102_/S (sky130_fd_sc_hd__mux2_1)
     2    0.00    0.07    0.35   23.07 v accumulator._2102_/X (sky130_fd_sc_hd__mux2_1)
                                         accumulator._0058_ (net)
                  0.07    0.00   23.07 v accumulator._2121_/A0 (sky130_fd_sc_hd__mux2_1)
     3    0.01    0.08    0.33   23.40 v accumulator._2121_/X (sky130_fd_sc_hd__mux2_1)
                                         accumulator._0077_ (net)
                  0.08    0.00   23.40 v accumulator._2127_/A2 (sky130_fd_sc_hd__a21oi_1)
     3    0.01    0.22    0.24   23.64 ^ accumulator._2127_/Y (sky130_fd_sc_hd__a21oi_1)
                                         accumulator._0083_ (net)
                  0.22    0.00   23.64 ^ accumulator._2128_/B2 (sky130_fd_sc_hd__o22a_1)
     1    0.00    0.04    0.16   23.80 ^ accumulator._2128_/X (sky130_fd_sc_hd__o22a_1)
                                         accumulator._0084_ (net)
                  0.04    0.00   23.80 ^ accumulator._2129_/B (sky130_fd_sc_hd__nor2_1)
     1    0.00    0.04    0.03   23.84 v accumulator._2129_/Y (sky130_fd_sc_hd__nor2_1)
                                         accumulator._0005_ (net)
                  0.04    0.00   23.84 v accumulator._2360_/D (sky130_fd_sc_hd__dfxtp_1)
                                 23.84   data arrival time

                  0.15   25.00   25.00   clock clock (rise edge)
                          0.00   25.00   clock network delay (ideal)
                         -0.25   24.75   clock uncertainty
                          0.00   24.75   clock reconvergence pessimism
                                 24.75 ^ accumulator._2360_/CLK (sky130_fd_sc_hd__dfxtp_1)
                         -0.08   24.67   library setup time
                                 24.67   data required time
-----------------------------------------------------------------------------
                                 24.67   data required time
                                -23.84   data arrival time
-----------------------------------------------------------------------------
                                  0.83   slack (MET)


Startpoint: io_inScaleA[2] (input port clocked by clock)
Endpoint: accumulator._2364_ (rising edge-triggered flip-flop clocked by clock)
Path Group: clock
Path Type: max

Fanout     Cap    Slew   Delay    Time   Description
-----------------------------------------------------------------------------
                  0.15    0.00    0.00   clock clock (rise edge)
                          0.00    0.00   clock network delay (ideal)
                          5.00    5.00 ^ input external delay
     1    0.00    0.02    0.01    5.01 ^ io_inScaleA[2] (in)
                                         io_inScaleA[2] (net)
                  0.02    0.00    5.01 ^ input11/A (sky130_fd_sc_hd__clkbuf_2)
    10    0.03    0.14    0.17    5.19 ^ input11/X (sky130_fd_sc_hd__clkbuf_2)
                                         net11 (net)
                  0.14    0.00    5.19 ^ scaleAdd._279_/A1 (sky130_fd_sc_hd__a22o_1)
     3    0.01    0.08    0.19    5.38 ^ scaleAdd._279_/X (sky130_fd_sc_hd__a22o_1)
                                         scaleAdd._221_ (net)
                  0.08    0.00    5.38 ^ scaleAdd._285_/B_N (sky130_fd_sc_hd__or2b_1)
     1    0.00    0.06    0.25    5.63 v scaleAdd._285_/X (sky130_fd_sc_hd__or2b_1)
                                         scaleAdd._227_ (net)
                  0.06    0.00    5.63 v scaleAdd._286_/A (sky130_fd_sc_hd__xnor2_1)
     3    0.01    0.08    0.16    5.79 v scaleAdd._286_/Y (sky130_fd_sc_hd__xnor2_1)
                                         scaleAdd._228_ (net)
                  0.08    0.00    5.79 v scaleAdd._311_/B (sky130_fd_sc_hd__or2_1)
     1    0.00    0.05    0.22    6.02 v scaleAdd._311_/X (sky130_fd_sc_hd__or2_1)
                                         scaleAdd._018_ (net)
                  0.05    0.00    6.02 v scaleAdd._313_/A2 (sky130_fd_sc_hd__a21oi_1)
     2    0.01    0.19    0.21    6.23 ^ scaleAdd._313_/Y (sky130_fd_sc_hd__a21oi_1)
                                         scaleAdd._020_ (net)
                  0.19    0.00    6.23 ^ scaleAdd._314_/B (sky130_fd_sc_hd__xnor2_1)
     2    0.01    0.19    0.17    6.40 ^ scaleAdd._314_/Y (sky130_fd_sc_hd__xnor2_1)
                                         scaleAdd._021_ (net)
                  0.19    0.00    6.40 ^ scaleAdd._315_/S (sky130_fd_sc_hd__mux2_2)
     5    0.02    0.08    0.43    6.83 v scaleAdd._315_/X (sky130_fd_sc_hd__mux2_2)
                                         scaleAdd._022_ (net)
                  0.08    0.00    6.83 v scaleAdd._321_/A2 (sky130_fd_sc_hd__a21o_1)
     2    0.00    0.04    0.20    7.03 v scaleAdd._321_/X (sky130_fd_sc_hd__a21o_1)
                                         scaleAdd._028_ (net)
                  0.04    0.00    7.03 v scaleAdd._325_/A (sky130_fd_sc_hd__and3_1)
     3    0.01    0.05    0.16    7.19 v scaleAdd._325_/X (sky130_fd_sc_hd__and3_1)
                                         scaleAdd._032_ (net)
                  0.05    0.00    7.19 v scaleAdd._328_/A (sky130_fd_sc_hd__or3_1)
     3    0.01    0.08    0.41    7.60 v scaleAdd._328_/X (sky130_fd_sc_hd__or3_1)
                                         scaleAdd._035_ (net)
                  0.08    0.00    7.60 v scaleAdd._332_/A1 (sky130_fd_sc_hd__a21o_1)
     2    0.00    0.04    0.18    7.78 v scaleAdd._332_/X (sky130_fd_sc_hd__a21o_1)
                                         scaleAdd._039_ (net)
                  0.04    0.00    7.78 v scaleAdd._361_/A2 (sky130_fd_sc_hd__a21o_1)
     2    0.01    0.07    0.22    8.00 v scaleAdd._361_/X (sky130_fd_sc_hd__a21o_1)
                                         scaleAdd._067_ (net)
                  0.07    0.00    8.00 v scaleAdd._383_/A2 (sky130_fd_sc_hd__a21o_1)
     2    0.01    0.07    0.23    8.22 v scaleAdd._383_/X (sky130_fd_sc_hd__a21o_1)
                                         scaleAdd._088_ (net)
                  0.07    0.00    8.22 v scaleAdd._399_/A2 (sky130_fd_sc_hd__a21o_1)
     2    0.01    0.07    0.23    8.45 v scaleAdd._399_/X (sky130_fd_sc_hd__a21o_1)
                                         scaleAdd._103_ (net)
                  0.07    0.00    8.45 v scaleAdd._417_/A2 (sky130_fd_sc_hd__a21bo_1)
     2    0.01    0.07    0.24    8.70 v scaleAdd._417_/X (sky130_fd_sc_hd__a21bo_1)
                                         scaleAdd._120_ (net)
                  0.07    0.00    8.70 v scaleAdd._432_/A2 (sky130_fd_sc_hd__a21o_1)
     2    0.01    0.07    0.23    8.93 v scaleAdd._432_/X (sky130_fd_sc_hd__a21o_1)
                                         scaleAdd._134_ (net)
                  0.07    0.00    8.93 v scaleAdd._444_/A2 (sky130_fd_sc_hd__a21o_1)
     2    0.01    0.06    0.22    9.15 v scaleAdd._444_/X (sky130_fd_sc_hd__a21o_1)
                                         scaleAdd._145_ (net)
                  0.06    0.00    9.15 v scaleAdd._447_/A2 (sky130_fd_sc_hd__a21o_1)
     2    0.01    0.07    0.22    9.37 v scaleAdd._447_/X (sky130_fd_sc_hd__a21o_1)
                                         scaleAdd._147_ (net)
                  0.07    0.00    9.37 v scaleAdd._449_/B2 (sky130_fd_sc_hd__a2bb2o_1)
     4    0.01    0.08    0.31    9.68 v scaleAdd._449_/X (sky130_fd_sc_hd__a2bb2o_1)
                                         accumulator.io_inMant[15] (net)
                  0.08    0.00    9.68 v accumulator._1181_/A (sky130_fd_sc_hd__or4_1)
     1    0.00    0.08    0.54   10.22 v accumulator._1181_/X (sky130_fd_sc_hd__or4_1)
                                         accumulator._0045_ (net)
                  0.08    0.00   10.22 v accumulator._1182_/A (sky130_fd_sc_hd__buf_2)
    10    0.03    0.08    0.20   10.41 v accumulator._1182_/X (sky130_fd_sc_hd__buf_2)
                                         accumulator._0055_ (net)
                  0.08    0.00   10.41 v accumulator._1200_/A_N (sky130_fd_sc_hd__and2b_1)
     6    0.02    0.14    0.29   10.70 ^ accumulator._1200_/X (sky130_fd_sc_hd__and2b_1)
                                         accumulator._0232_ (net)
                  0.14    0.00   10.70 ^ accumulator._1201_/B1_N (sky130_fd_sc_hd__o21ba_1)
     5    0.02    0.09    0.23   10.93 v accumulator._1201_/X (sky130_fd_sc_hd__o21ba_1)
                                         accumulator._0241_ (net)
                  0.09    0.00   10.93 v accumulator._1202_/B (sky130_fd_sc_hd__and2_1)
     3    0.01    0.05    0.20   11.13 v accumulator._1202_/X (sky130_fd_sc_hd__and2_1)
                                         accumulator._0251_ (net)
                  0.05    0.00   11.13 v accumulator._1204_/A (sky130_fd_sc_hd__or2_1)
     3    0.01    0.08    0.27   11.40 v accumulator._1204_/X (sky130_fd_sc_hd__or2_1)
                                         accumulator._0271_ (net)
                  0.08    0.00   11.40 v accumulator._1205_/A (sky130_fd_sc_hd__inv_2)
     3    0.01    0.05    0.07   11.48 ^ accumulator._1205_/Y (sky130_fd_sc_hd__inv_2)
                                         accumulator._0281_ (net)
                  0.05    0.00   11.48 ^ accumulator._1218_/A2 (sky130_fd_sc_hd__a311o_1)
     4    0.01    0.14    0.23   11.71 ^ accumulator._1218_/X (sky130_fd_sc_hd__a311o_1)
                                         accumulator._0315_ (net)
                  0.14    0.00   11.71 ^ accumulator._1219_/C (sky130_fd_sc_hd__nand3_1)
     2    0.01    0.09    0.12   11.83 v accumulator._1219_/Y (sky130_fd_sc_hd__nand3_1)
                                         accumulator._0316_ (net)
                  0.09    0.00   11.83 v accumulator._1228_/A1 (sky130_fd_sc_hd__a211o_1)
     5    0.01    0.08    0.33   12.16 v accumulator._1228_/X (sky130_fd_sc_hd__a211o_1)
                                         accumulator._0325_ (net)
                  0.08    0.00   12.16 v accumulator._1242_/A1 (sky130_fd_sc_hd__o22a_1)
     3    0.01    0.06    0.25   12.41 v accumulator._1242_/X (sky130_fd_sc_hd__o22a_1)
                                         accumulator._0339_ (net)
                  0.06    0.00   12.41 v accumulator._1255_/C (sky130_fd_sc_hd__or3_2)
     5    0.02    0.12    0.50   12.91 v accumulator._1255_/X (sky130_fd_sc_hd__or3_2)
                                         accumulator._0352_ (net)
                  0.12    0.00   12.91 v accumulator._1257_/A2 (sky130_fd_sc_hd__a21o_2)
     2    0.02    0.07    0.30   13.21 v accumulator._1257_/X (sky130_fd_sc_hd__a21o_2)
                                         accumulator._0354_ (net)
                  0.07    0.00   13.21 v accumulator._1259_/A2 (sky130_fd_sc_hd__a21o_2)
     2    0.02    0.07    0.28   13.48 v accumulator._1259_/X (sky130_fd_sc_hd__a21o_2)
                                         accumulator._0356_ (net)
                  0.07    0.00   13.48 v accumulator._1264_/A1 (sky130_fd_sc_hd__a21o_1)
     2    0.01    0.07    0.21   13.69 v accumulator._1264_/X (sky130_fd_sc_hd__a21o_1)
                                         accumulator._0361_ (net)
                  0.07    0.00   13.69 v accumulator._1266_/A2 (sky130_fd_sc_hd__a21o_1)
     2    0.01    0.07    0.23   13.92 v accumulator._1266_/X (sky130_fd_sc_hd__a21o_1)
                                         accumulator._0363_ (net)
                  0.07    0.00   13.92 v accumulator._1272_/A1 (sky130_fd_sc_hd__a21o_1)
     2    0.02    0.09    0.23   14.15 v accumulator._1272_/X (sky130_fd_sc_hd__a21o_1)
                                         accumulator._0369_ (net)
                  0.09    0.00   14.15 v accumulator._1278_/A1 (sky130_fd_sc_hd__a21oi_4)
     4    0.04    0.31    0.32   14.47 ^ accumulator._1278_/Y (sky130_fd_sc_hd__a21oi_4)
                                         accumulator._0375_ (net)
                  0.31    0.00   14.47 ^ accumulator._1279_/B (sky130_fd_sc_hd__xnor2_4)
    10    0.05    0.37    0.25   14.72 ^ accumulator._1279_/Y (sky130_fd_sc_hd__xnor2_4)
                                         accumulator._0376_ (net)
                  0.37    0.00   14.72 ^ accumulator._1280_/A (sky130_fd_sc_hd__clkbuf_4)
    10    0.04    0.14    0.32   15.04 ^ accumulator._1280_/X (sky130_fd_sc_hd__clkbuf_4)
                                         accumulator._0377_ (net)
                  0.14    0.00   15.04 ^ accumulator._1413_/S (sky130_fd_sc_hd__mux2_1)
     2    0.01    0.09    0.40   15.44 v accumulator._1413_/X (sky130_fd_sc_hd__mux2_1)
                                         accumulator._0508_ (net)
                  0.09    0.00   15.44 v accumulator._1414_/A2 (sky130_fd_sc_hd__a21o_1)
     2    0.01    0.05    0.22   15.66 v accumulator._1414_/X (sky130_fd_sc_hd__a21o_1)
                                         accumulator._0509_ (net)
                  0.05    0.00   15.66 v accumulator._1415_/A2 (sky130_fd_sc_hd__a21o_1)
     2    0.01    0.05    0.20   15.86 v accumulator._1415_/X (sky130_fd_sc_hd__a21o_1)
                                         accumulator._0510_ (net)
                  0.05    0.00   15.86 v accumulator._1417_/A2 (sky130_fd_sc_hd__a21o_1)
     2    0.01    0.05    0.20   16.06 v accumulator._1417_/X (sky130_fd_sc_hd__a21o_1)
                                         accumulator._0512_ (net)
                  0.05    0.00   16.06 v accumulator._1432_/A3 (sky130_fd_sc_hd__a31o_1)
     3    0.01    0.07    0.26   16.32 v accumulator._1432_/X (sky130_fd_sc_hd__a31o_1)
                                         accumulator._0527_ (net)
                  0.07    0.00   16.32 v accumulator._1721_/B1 (sky130_fd_sc_hd__a32o_2)
     4    0.02    0.08    0.28   16.60 v accumulator._1721_/X (sky130_fd_sc_hd__a32o_2)
                                         accumulator._0816_ (net)
                  0.08    0.00   16.60 v accumulator._1736_/B1 (sky130_fd_sc_hd__a2111o_2)
     5    0.02    0.10    0.53   17.13 v accumulator._1736_/X (sky130_fd_sc_hd__a2111o_2)
                                         accumulator._0831_ (net)
                  0.10    0.00   17.13 v accumulator._1738_/A2 (sky130_fd_sc_hd__a21o_1)
     3    0.01    0.05    0.23   17.36 v accumulator._1738_/X (sky130_fd_sc_hd__a21o_1)
                                         accumulator._0833_ (net)
                  0.05    0.00   17.36 v accumulator._1744_/A1 (sky130_fd_sc_hd__a2111o_1)
     3    0.01    0.09    0.42   17.78 v accumulator._1744_/X (sky130_fd_sc_hd__a2111o_1)
                                         accumulator._0839_ (net)
                  0.09    0.00   17.78 v accumulator._1748_/A2 (sky130_fd_sc_hd__a2111o_1)
     2    0.00    0.07    0.45   18.24 v accumulator._1748_/X (sky130_fd_sc_hd__a2111o_1)
                                         accumulator._0843_ (net)
                  0.07    0.00   18.24 v accumulator._1751_/A2 (sky130_fd_sc_hd__a21o_1)
     2    0.01    0.05    0.21   18.44 v accumulator._1751_/X (sky130_fd_sc_hd__a21o_1)
                                         accumulator._0846_ (net)
                  0.05    0.00   18.44 v accumulator._1773_/A2 (sky130_fd_sc_hd__a21o_1)
     2    0.01    0.04    0.19   18.63 v accumulator._1773_/X (sky130_fd_sc_hd__a21o_1)
                                         accumulator._0868_ (net)
                  0.04    0.00   18.63 v accumulator._1798_/A2 (sky130_fd_sc_hd__a311o_1)
     2    0.01    0.08    0.35   18.98 v accumulator._1798_/X (sky130_fd_sc_hd__a311o_1)
                                         accumulator._0893_ (net)
                  0.08    0.00   18.98 v accumulator._1814_/A1 (sky130_fd_sc_hd__a21o_1)
     2    0.01    0.05    0.19   19.17 v accumulator._1814_/X (sky130_fd_sc_hd__a21o_1)
                                         accumulator._0909_ (net)
                  0.05    0.00   19.17 v accumulator._1825_/A2 (sky130_fd_sc_hd__a31oi_2)
     3    0.01    0.20    0.23   19.40 ^ accumulator._1825_/Y (sky130_fd_sc_hd__a31oi_2)
                                         accumulator._0920_ (net)
                  0.20    0.00   19.40 ^ accumulator._1926_/A2 (sky130_fd_sc_hd__a21o_1)
     3    0.01    0.09    0.20   19.60 ^ accumulator._1926_/X (sky130_fd_sc_hd__a21o_1)
                                         accumulator._1021_ (net)
                  0.09    0.00   19.60 ^ accumulator._2039_/S (sky130_fd_sc_hd__mux2_1)
     3    0.01    0.10    0.40   19.99 v accumulator._2039_/X (sky130_fd_sc_hd__mux2_1)
                                         accumulator._1134_ (net)
                  0.10    0.00   19.99 v accumulator._2059_/B2 (sky130_fd_sc_hd__a221oi_1)
     1    0.00    0.25    0.31   20.30 ^ accumulator._2059_/Y (sky130_fd_sc_hd__a221oi_1)
                                         accumulator._1155_ (net)
                  0.25    0.00   20.30 ^ accumulator._2060_/A2 (sky130_fd_sc_hd__o21ai_1)
     1    0.00    0.07    0.10   20.40 v accumulator._2060_/Y (sky130_fd_sc_hd__o21ai_1)
                                         accumulator._1156_ (net)
                  0.07    0.00   20.40 v accumulator._2061_/A2 (sky130_fd_sc_hd__a21o_1)
     1    0.00    0.03    0.19   20.59 v accumulator._2061_/X (sky130_fd_sc_hd__a21o_1)
                                         accumulator._1157_ (net)
                  0.03    0.00   20.59 v accumulator._2062_/A2 (sky130_fd_sc_hd__a21o_1)
     1    0.00    0.03    0.17   20.76 v accumulator._2062_/X (sky130_fd_sc_hd__a21o_1)
                                         accumulator._1158_ (net)
                  0.03    0.00   20.76 v accumulator._2063_/A2 (sky130_fd_sc_hd__a21o_1)
     1    0.00    0.03    0.17   20.93 v accumulator._2063_/X (sky130_fd_sc_hd__a21o_1)
                                         accumulator._1159_ (net)
                  0.03    0.00   20.93 v accumulator._2064_/A2 (sky130_fd_sc_hd__a21o_1)
     1    0.00    0.04    0.18   21.11 v accumulator._2064_/X (sky130_fd_sc_hd__a21o_1)
                                         accumulator._1160_ (net)
                  0.04    0.00   21.11 v accumulator._2065_/A2 (sky130_fd_sc_hd__a21oi_1)
     1    0.00    0.12    0.14   21.26 ^ accumulator._2065_/Y (sky130_fd_sc_hd__a21oi_1)
                                         accumulator._1161_ (net)
                  0.12    0.00   21.26 ^ accumulator._2067_/A2 (sky130_fd_sc_hd__o21ai_1)
     1    0.00    0.06    0.07   21.33 v accumulator._2067_/Y (sky130_fd_sc_hd__o21ai_1)
                                         accumulator._1163_ (net)
                  0.06    0.00   21.33 v accumulator._2068_/A2 (sky130_fd_sc_hd__a21o_1)
     1    0.00    0.03    0.18   21.51 v accumulator._2068_/X (sky130_fd_sc_hd__a21o_1)
                                         accumulator._1164_ (net)
                  0.03    0.00   21.51 v accumulator._2069_/A2 (sky130_fd_sc_hd__a21o_1)
     1    0.00    0.04    0.18   21.69 v accumulator._2069_/X (sky130_fd_sc_hd__a21o_1)
                                         accumulator._1165_ (net)
                  0.04    0.00   21.69 v accumulator._2070_/A2 (sky130_fd_sc_hd__a211o_1)
     1    0.00    0.04    0.29   21.98 v accumulator._2070_/X (sky130_fd_sc_hd__a211o_1)
                                         accumulator._1167_ (net)
                  0.04    0.00   21.98 v accumulator._2073_/B1 (sky130_fd_sc_hd__a2bb2o_1)
     2    0.01    0.06    0.30   22.29 v accumulator._2073_/X (sky130_fd_sc_hd__a2bb2o_1)
                                         accumulator._1170_ (net)
                  0.06    0.00   22.29 v accumulator._2074_/A (sky130_fd_sc_hd__clkbuf_4)
    10    0.04    0.09    0.21   22.49 v accumulator._2074_/X (sky130_fd_sc_hd__clkbuf_4)
                                         accumulator._1171_ (net)
                  0.09    0.00   22.49 v accumulator._2101_/A (sky130_fd_sc_hd__clkbuf_4)
    10    0.04    0.09    0.22   22.72 v accumulator._2101_/X (sky130_fd_sc_hd__clkbuf_4)
                                         accumulator._0057_ (net)
                  0.09    0.00   22.72 v accumulator._2154_/S (sky130_fd_sc_hd__mux2_1)
     2    0.00    0.07    0.35   23.07 v accumulator._2154_/X (sky130_fd_sc_hd__mux2_1)
                                         accumulator._0109_ (net)
                  0.07    0.00   23.07 v accumulator._2155_/A1 (sky130_fd_sc_hd__mux2_1)
     2    0.00    0.06    0.32   23.39 v accumulator._2155_/X (sky130_fd_sc_hd__mux2_1)
                                         accumulator._0110_ (net)
                  0.06    0.00   23.39 v accumulator._2156_/B (sky130_fd_sc_hd__nand2_1)
     1    0.00    0.05    0.07   23.47 ^ accumulator._2156_/Y (sky130_fd_sc_hd__nand2_1)
                                         accumulator._0111_ (net)
                  0.05    0.00   23.47 ^ accumulator._2157_/B1 (sky130_fd_sc_hd__o21a_1)
     2    0.01    0.08    0.14   23.61 ^ accumulator._2157_/X (sky130_fd_sc_hd__o21a_1)
                                         accumulator._0112_ (net)
                  0.08    0.00   23.61 ^ accumulator._2158_/B (sky130_fd_sc_hd__nor2_1)
     1    0.00    0.04    0.04   23.65 v accumulator._2158_/Y (sky130_fd_sc_hd__nor2_1)
                                         accumulator._0113_ (net)
                  0.04    0.00   23.65 v accumulator._2163_/A1 (sky130_fd_sc_hd__o21a_1)
     1    0.00    0.03    0.18   23.83 v accumulator._2163_/X (sky130_fd_sc_hd__o21a_1)
                                         accumulator._0009_ (net)
                  0.03    0.00   23.83 v accumulator._2364_/D (sky130_fd_sc_hd__dfxtp_2)
                                 23.83   data arrival time

                  0.15   25.00   25.00   clock clock (rise edge)
                          0.00   25.00   clock network delay (ideal)
                         -0.25   24.75   clock uncertainty
                          0.00   24.75   clock reconvergence pessimism
                                 24.75 ^ accumulator._2364_/CLK (sky130_fd_sc_hd__dfxtp_2)
                         -0.08   24.67   library setup time
                                 24.67   data required time
-----------------------------------------------------------------------------
                                 24.67   data required time
                                -23.83   data arrival time
-----------------------------------------------------------------------------
                                  0.84   slack (MET)


Startpoint: io_inScaleA[2] (input port clocked by clock)
Endpoint: accumulator._2367_ (rising edge-triggered flip-flop clocked by clock)
Path Group: clock
Path Type: max

Fanout     Cap    Slew   Delay    Time   Description
-----------------------------------------------------------------------------
                  0.15    0.00    0.00   clock clock (rise edge)
                          0.00    0.00   clock network delay (ideal)
                          5.00    5.00 ^ input external delay
     1    0.00    0.02    0.01    5.01 ^ io_inScaleA[2] (in)
                                         io_inScaleA[2] (net)
                  0.02    0.00    5.01 ^ input11/A (sky130_fd_sc_hd__clkbuf_2)
    10    0.03    0.14    0.17    5.19 ^ input11/X (sky130_fd_sc_hd__clkbuf_2)
                                         net11 (net)
                  0.14    0.00    5.19 ^ scaleAdd._279_/A1 (sky130_fd_sc_hd__a22o_1)
     3    0.01    0.08    0.19    5.38 ^ scaleAdd._279_/X (sky130_fd_sc_hd__a22o_1)
                                         scaleAdd._221_ (net)
                  0.08    0.00    5.38 ^ scaleAdd._285_/B_N (sky130_fd_sc_hd__or2b_1)
     1    0.00    0.06    0.25    5.63 v scaleAdd._285_/X (sky130_fd_sc_hd__or2b_1)
                                         scaleAdd._227_ (net)
                  0.06    0.00    5.63 v scaleAdd._286_/A (sky130_fd_sc_hd__xnor2_1)
     3    0.01    0.08    0.16    5.79 v scaleAdd._286_/Y (sky130_fd_sc_hd__xnor2_1)
                                         scaleAdd._228_ (net)
                  0.08    0.00    5.79 v scaleAdd._311_/B (sky130_fd_sc_hd__or2_1)
     1    0.00    0.05    0.22    6.02 v scaleAdd._311_/X (sky130_fd_sc_hd__or2_1)
                                         scaleAdd._018_ (net)
                  0.05    0.00    6.02 v scaleAdd._313_/A2 (sky130_fd_sc_hd__a21oi_1)
     2    0.01    0.19    0.21    6.23 ^ scaleAdd._313_/Y (sky130_fd_sc_hd__a21oi_1)
                                         scaleAdd._020_ (net)
                  0.19    0.00    6.23 ^ scaleAdd._314_/B (sky130_fd_sc_hd__xnor2_1)
     2    0.01    0.19    0.17    6.40 ^ scaleAdd._314_/Y (sky130_fd_sc_hd__xnor2_1)
                                         scaleAdd._021_ (net)
                  0.19    0.00    6.40 ^ scaleAdd._315_/S (sky130_fd_sc_hd__mux2_2)
     5    0.02    0.08    0.43    6.83 v scaleAdd._315_/X (sky130_fd_sc_hd__mux2_2)
                                         scaleAdd._022_ (net)
                  0.08    0.00    6.83 v scaleAdd._321_/A2 (sky130_fd_sc_hd__a21o_1)
     2    0.00    0.04    0.20    7.03 v scaleAdd._321_/X (sky130_fd_sc_hd__a21o_1)
                                         scaleAdd._028_ (net)
                  0.04    0.00    7.03 v scaleAdd._325_/A (sky130_fd_sc_hd__and3_1)
     3    0.01    0.05    0.16    7.19 v scaleAdd._325_/X (sky130_fd_sc_hd__and3_1)
                                         scaleAdd._032_ (net)
                  0.05    0.00    7.19 v scaleAdd._328_/A (sky130_fd_sc_hd__or3_1)
     3    0.01    0.08    0.41    7.60 v scaleAdd._328_/X (sky130_fd_sc_hd__or3_1)
                                         scaleAdd._035_ (net)
                  0.08    0.00    7.60 v scaleAdd._332_/A1 (sky130_fd_sc_hd__a21o_1)
     2    0.00    0.04    0.18    7.78 v scaleAdd._332_/X (sky130_fd_sc_hd__a21o_1)
                                         scaleAdd._039_ (net)
                  0.04    0.00    7.78 v scaleAdd._361_/A2 (sky130_fd_sc_hd__a21o_1)
     2    0.01    0.07    0.22    8.00 v scaleAdd._361_/X (sky130_fd_sc_hd__a21o_1)
                                         scaleAdd._067_ (net)
                  0.07    0.00    8.00 v scaleAdd._383_/A2 (sky130_fd_sc_hd__a21o_1)
     2    0.01    0.07    0.23    8.22 v scaleAdd._383_/X (sky130_fd_sc_hd__a21o_1)
                                         scaleAdd._088_ (net)
                  0.07    0.00    8.22 v scaleAdd._399_/A2 (sky130_fd_sc_hd__a21o_1)
     2    0.01    0.07    0.23    8.45 v scaleAdd._399_/X (sky130_fd_sc_hd__a21o_1)
                                         scaleAdd._103_ (net)
                  0.07    0.00    8.45 v scaleAdd._417_/A2 (sky130_fd_sc_hd__a21bo_1)
     2    0.01    0.07    0.24    8.70 v scaleAdd._417_/X (sky130_fd_sc_hd__a21bo_1)
                                         scaleAdd._120_ (net)
                  0.07    0.00    8.70 v scaleAdd._432_/A2 (sky130_fd_sc_hd__a21o_1)
     2    0.01    0.07    0.23    8.93 v scaleAdd._432_/X (sky130_fd_sc_hd__a21o_1)
                                         scaleAdd._134_ (net)
                  0.07    0.00    8.93 v scaleAdd._444_/A2 (sky130_fd_sc_hd__a21o_1)
     2    0.01    0.06    0.22    9.15 v scaleAdd._444_/X (sky130_fd_sc_hd__a21o_1)
                                         scaleAdd._145_ (net)
                  0.06    0.00    9.15 v scaleAdd._447_/A2 (sky130_fd_sc_hd__a21o_1)
     2    0.01    0.07    0.22    9.37 v scaleAdd._447_/X (sky130_fd_sc_hd__a21o_1)
                                         scaleAdd._147_ (net)
                  0.07    0.00    9.37 v scaleAdd._449_/B2 (sky130_fd_sc_hd__a2bb2o_1)
     4    0.01    0.08    0.31    9.68 v scaleAdd._449_/X (sky130_fd_sc_hd__a2bb2o_1)
                                         accumulator.io_inMant[15] (net)
                  0.08    0.00    9.68 v accumulator._1181_/A (sky130_fd_sc_hd__or4_1)
     1    0.00    0.08    0.54   10.22 v accumulator._1181_/X (sky130_fd_sc_hd__or4_1)
                                         accumulator._0045_ (net)
                  0.08    0.00   10.22 v accumulator._1182_/A (sky130_fd_sc_hd__buf_2)
    10    0.03    0.08    0.20   10.41 v accumulator._1182_/X (sky130_fd_sc_hd__buf_2)
                                         accumulator._0055_ (net)
                  0.08    0.00   10.41 v accumulator._1200_/A_N (sky130_fd_sc_hd__and2b_1)
     6    0.02    0.14    0.29   10.70 ^ accumulator._1200_/X (sky130_fd_sc_hd__and2b_1)
                                         accumulator._0232_ (net)
                  0.14    0.00   10.70 ^ accumulator._1201_/B1_N (sky130_fd_sc_hd__o21ba_1)
     5    0.02    0.09    0.23   10.93 v accumulator._1201_/X (sky130_fd_sc_hd__o21ba_1)
                                         accumulator._0241_ (net)
                  0.09    0.00   10.93 v accumulator._1202_/B (sky130_fd_sc_hd__and2_1)
     3    0.01    0.05    0.20   11.13 v accumulator._1202_/X (sky130_fd_sc_hd__and2_1)
                                         accumulator._0251_ (net)
                  0.05    0.00   11.13 v accumulator._1204_/A (sky130_fd_sc_hd__or2_1)
     3    0.01    0.08    0.27   11.40 v accumulator._1204_/X (sky130_fd_sc_hd__or2_1)
                                         accumulator._0271_ (net)
                  0.08    0.00   11.40 v accumulator._1205_/A (sky130_fd_sc_hd__inv_2)
     3    0.01    0.05    0.07   11.48 ^ accumulator._1205_/Y (sky130_fd_sc_hd__inv_2)
                                         accumulator._0281_ (net)
                  0.05    0.00   11.48 ^ accumulator._1218_/A2 (sky130_fd_sc_hd__a311o_1)
     4    0.01    0.14    0.23   11.71 ^ accumulator._1218_/X (sky130_fd_sc_hd__a311o_1)
                                         accumulator._0315_ (net)
                  0.14    0.00   11.71 ^ accumulator._1219_/C (sky130_fd_sc_hd__nand3_1)
     2    0.01    0.09    0.12   11.83 v accumulator._1219_/Y (sky130_fd_sc_hd__nand3_1)
                                         accumulator._0316_ (net)
                  0.09    0.00   11.83 v accumulator._1228_/A1 (sky130_fd_sc_hd__a211o_1)
     5    0.01    0.08    0.33   12.16 v accumulator._1228_/X (sky130_fd_sc_hd__a211o_1)
                                         accumulator._0325_ (net)
                  0.08    0.00   12.16 v accumulator._1242_/A1 (sky130_fd_sc_hd__o22a_1)
     3    0.01    0.06    0.25   12.41 v accumulator._1242_/X (sky130_fd_sc_hd__o22a_1)
                                         accumulator._0339_ (net)
                  0.06    0.00   12.41 v accumulator._1255_/C (sky130_fd_sc_hd__or3_2)
     5    0.02    0.12    0.50   12.91 v accumulator._1255_/X (sky130_fd_sc_hd__or3_2)
                                         accumulator._0352_ (net)
                  0.12    0.00   12.91 v accumulator._1257_/A2 (sky130_fd_sc_hd__a21o_2)
     2    0.02    0.07    0.30   13.21 v accumulator._1257_/X (sky130_fd_sc_hd__a21o_2)
                                         accumulator._0354_ (net)
                  0.07    0.00   13.21 v accumulator._1259_/A2 (sky130_fd_sc_hd__a21o_2)
     2    0.02    0.07    0.28   13.48 v accumulator._1259_/X (sky130_fd_sc_hd__a21o_2)
                                         accumulator._0356_ (net)
                  0.07    0.00   13.48 v accumulator._1264_/A1 (sky130_fd_sc_hd__a21o_1)
     2    0.01    0.07    0.21   13.69 v accumulator._1264_/X (sky130_fd_sc_hd__a21o_1)
                                         accumulator._0361_ (net)
                  0.07    0.00   13.69 v accumulator._1266_/A2 (sky130_fd_sc_hd__a21o_1)
     2    0.01    0.07    0.23   13.92 v accumulator._1266_/X (sky130_fd_sc_hd__a21o_1)
                                         accumulator._0363_ (net)
                  0.07    0.00   13.92 v accumulator._1272_/A1 (sky130_fd_sc_hd__a21o_1)
     2    0.02    0.09    0.23   14.15 v accumulator._1272_/X (sky130_fd_sc_hd__a21o_1)
                                         accumulator._0369_ (net)
                  0.09    0.00   14.15 v accumulator._1278_/A1 (sky130_fd_sc_hd__a21oi_4)
     4    0.04    0.31    0.32   14.47 ^ accumulator._1278_/Y (sky130_fd_sc_hd__a21oi_4)
                                         accumulator._0375_ (net)
                  0.31    0.00   14.47 ^ accumulator._1279_/B (sky130_fd_sc_hd__xnor2_4)
    10    0.05    0.37    0.25   14.72 ^ accumulator._1279_/Y (sky130_fd_sc_hd__xnor2_4)
                                         accumulator._0376_ (net)
                  0.37    0.00   14.72 ^ accumulator._1280_/A (sky130_fd_sc_hd__clkbuf_4)
    10    0.04    0.14    0.32   15.04 ^ accumulator._1280_/X (sky130_fd_sc_hd__clkbuf_4)
                                         accumulator._0377_ (net)
                  0.14    0.00   15.04 ^ accumulator._1413_/S (sky130_fd_sc_hd__mux2_1)
     2    0.01    0.09    0.40   15.44 v accumulator._1413_/X (sky130_fd_sc_hd__mux2_1)
                                         accumulator._0508_ (net)
                  0.09    0.00   15.44 v accumulator._1414_/A2 (sky130_fd_sc_hd__a21o_1)
     2    0.01    0.05    0.22   15.66 v accumulator._1414_/X (sky130_fd_sc_hd__a21o_1)
                                         accumulator._0509_ (net)
                  0.05    0.00   15.66 v accumulator._1415_/A2 (sky130_fd_sc_hd__a21o_1)
     2    0.01    0.05    0.20   15.86 v accumulator._1415_/X (sky130_fd_sc_hd__a21o_1)
                                         accumulator._0510_ (net)
                  0.05    0.00   15.86 v accumulator._1417_/A2 (sky130_fd_sc_hd__a21o_1)
     2    0.01    0.05    0.20   16.06 v accumulator._1417_/X (sky130_fd_sc_hd__a21o_1)
                                         accumulator._0512_ (net)
                  0.05    0.00   16.06 v accumulator._1432_/A3 (sky130_fd_sc_hd__a31o_1)
     3    0.01    0.07    0.26   16.32 v accumulator._1432_/X (sky130_fd_sc_hd__a31o_1)
                                         accumulator._0527_ (net)
                  0.07    0.00   16.32 v accumulator._1721_/B1 (sky130_fd_sc_hd__a32o_2)
     4    0.02    0.08    0.28   16.60 v accumulator._1721_/X (sky130_fd_sc_hd__a32o_2)
                                         accumulator._0816_ (net)
                  0.08    0.00   16.60 v accumulator._1736_/B1 (sky130_fd_sc_hd__a2111o_2)
     5    0.02    0.10    0.53   17.13 v accumulator._1736_/X (sky130_fd_sc_hd__a2111o_2)
                                         accumulator._0831_ (net)
                  0.10    0.00   17.13 v accumulator._1738_/A2 (sky130_fd_sc_hd__a21o_1)
     3    0.01    0.05    0.23   17.36 v accumulator._1738_/X (sky130_fd_sc_hd__a21o_1)
                                         accumulator._0833_ (net)
                  0.05    0.00   17.36 v accumulator._1744_/A1 (sky130_fd_sc_hd__a2111o_1)
     3    0.01    0.09    0.42   17.78 v accumulator._1744_/X (sky130_fd_sc_hd__a2111o_1)
                                         accumulator._0839_ (net)
                  0.09    0.00   17.78 v accumulator._1748_/A2 (sky130_fd_sc_hd__a2111o_1)
     2    0.00    0.07    0.45   18.24 v accumulator._1748_/X (sky130_fd_sc_hd__a2111o_1)
                                         accumulator._0843_ (net)
                  0.07    0.00   18.24 v accumulator._1751_/A2 (sky130_fd_sc_hd__a21o_1)
     2    0.01    0.05    0.21   18.44 v accumulator._1751_/X (sky130_fd_sc_hd__a21o_1)
                                         accumulator._0846_ (net)
                  0.05    0.00   18.44 v accumulator._1773_/A2 (sky130_fd_sc_hd__a21o_1)
     2    0.01    0.04    0.19   18.63 v accumulator._1773_/X (sky130_fd_sc_hd__a21o_1)
                                         accumulator._0868_ (net)
                  0.04    0.00   18.63 v accumulator._1798_/A2 (sky130_fd_sc_hd__a311o_1)
     2    0.01    0.08    0.35   18.98 v accumulator._1798_/X (sky130_fd_sc_hd__a311o_1)
                                         accumulator._0893_ (net)
                  0.08    0.00   18.98 v accumulator._1814_/A1 (sky130_fd_sc_hd__a21o_1)
     2    0.01    0.05    0.19   19.17 v accumulator._1814_/X (sky130_fd_sc_hd__a21o_1)
                                         accumulator._0909_ (net)
                  0.05    0.00   19.17 v accumulator._1825_/A2 (sky130_fd_sc_hd__a31oi_2)
     3    0.01    0.20    0.23   19.40 ^ accumulator._1825_/Y (sky130_fd_sc_hd__a31oi_2)
                                         accumulator._0920_ (net)
                  0.20    0.00   19.40 ^ accumulator._1926_/A2 (sky130_fd_sc_hd__a21o_1)
     3    0.01    0.09    0.20   19.60 ^ accumulator._1926_/X (sky130_fd_sc_hd__a21o_1)
                                         accumulator._1021_ (net)
                  0.09    0.00   19.60 ^ accumulator._2039_/S (sky130_fd_sc_hd__mux2_1)
     3    0.01    0.10    0.40   19.99 v accumulator._2039_/X (sky130_fd_sc_hd__mux2_1)
                                         accumulator._1134_ (net)
                  0.10    0.00   19.99 v accumulator._2059_/B2 (sky130_fd_sc_hd__a221oi_1)
     1    0.00    0.25    0.31   20.30 ^ accumulator._2059_/Y (sky130_fd_sc_hd__a221oi_1)
                                         accumulator._1155_ (net)
                  0.25    0.00   20.30 ^ accumulator._2060_/A2 (sky130_fd_sc_hd__o21ai_1)
     1    0.00    0.07    0.10   20.40 v accumulator._2060_/Y (sky130_fd_sc_hd__o21ai_1)
                                         accumulator._1156_ (net)
                  0.07    0.00   20.40 v accumulator._2061_/A2 (sky130_fd_sc_hd__a21o_1)
     1    0.00    0.03    0.19   20.59 v accumulator._2061_/X (sky130_fd_sc_hd__a21o_1)
                                         accumulator._1157_ (net)
                  0.03    0.00   20.59 v accumulator._2062_/A2 (sky130_fd_sc_hd__a21o_1)
     1    0.00    0.03    0.17   20.76 v accumulator._2062_/X (sky130_fd_sc_hd__a21o_1)
                                         accumulator._1158_ (net)
                  0.03    0.00   20.76 v accumulator._2063_/A2 (sky130_fd_sc_hd__a21o_1)
     1    0.00    0.03    0.17   20.93 v accumulator._2063_/X (sky130_fd_sc_hd__a21o_1)
                                         accumulator._1159_ (net)
                  0.03    0.00   20.93 v accumulator._2064_/A2 (sky130_fd_sc_hd__a21o_1)
     1    0.00    0.04    0.18   21.11 v accumulator._2064_/X (sky130_fd_sc_hd__a21o_1)
                                         accumulator._1160_ (net)
                  0.04    0.00   21.11 v accumulator._2065_/A2 (sky130_fd_sc_hd__a21oi_1)
     1    0.00    0.12    0.14   21.26 ^ accumulator._2065_/Y (sky130_fd_sc_hd__a21oi_1)
                                         accumulator._1161_ (net)
                  0.12    0.00   21.26 ^ accumulator._2067_/A2 (sky130_fd_sc_hd__o21ai_1)
     1    0.00    0.06    0.07   21.33 v accumulator._2067_/Y (sky130_fd_sc_hd__o21ai_1)
                                         accumulator._1163_ (net)
                  0.06    0.00   21.33 v accumulator._2068_/A2 (sky130_fd_sc_hd__a21o_1)
     1    0.00    0.03    0.18   21.51 v accumulator._2068_/X (sky130_fd_sc_hd__a21o_1)
                                         accumulator._1164_ (net)
                  0.03    0.00   21.51 v accumulator._2069_/A2 (sky130_fd_sc_hd__a21o_1)
     1    0.00    0.04    0.18   21.69 v accumulator._2069_/X (sky130_fd_sc_hd__a21o_1)
                                         accumulator._1165_ (net)
                  0.04    0.00   21.69 v accumulator._2070_/A2 (sky130_fd_sc_hd__a211o_1)
     1    0.00    0.04    0.29   21.98 v accumulator._2070_/X (sky130_fd_sc_hd__a211o_1)
                                         accumulator._1167_ (net)
                  0.04    0.00   21.98 v accumulator._2073_/B1 (sky130_fd_sc_hd__a2bb2o_1)
     2    0.01    0.06    0.30   22.29 v accumulator._2073_/X (sky130_fd_sc_hd__a2bb2o_1)
                                         accumulator._1170_ (net)
                  0.06    0.00   22.29 v accumulator._2074_/A (sky130_fd_sc_hd__clkbuf_4)
    10    0.04    0.09    0.21   22.49 v accumulator._2074_/X (sky130_fd_sc_hd__clkbuf_4)
                                         accumulator._1171_ (net)
                  0.09    0.00   22.49 v accumulator._2075_/S (sky130_fd_sc_hd__mux2_1)
     2    0.00    0.06    0.35   22.84 v accumulator._2075_/X (sky130_fd_sc_hd__mux2_1)
                                         accumulator._1172_ (net)
                  0.06    0.00   22.84 v accumulator._2113_/A1 (sky130_fd_sc_hd__mux2_1)
     2    0.01    0.07    0.33   23.17 v accumulator._2113_/X (sky130_fd_sc_hd__mux2_1)
                                         accumulator._0069_ (net)
                  0.07    0.00   23.17 v accumulator._2114_/A1 (sky130_fd_sc_hd__mux2_1)
     3    0.01    0.08    0.34   23.52 v accumulator._2114_/X (sky130_fd_sc_hd__mux2_1)
                                         accumulator._0070_ (net)
                  0.08    0.00   23.52 v accumulator._2185_/A1 (sky130_fd_sc_hd__o221a_1)
     1    0.00    0.05    0.28   23.79 v accumulator._2185_/X (sky130_fd_sc_hd__o221a_1)
                                         accumulator._0140_ (net)
                  0.05    0.00   23.79 v accumulator._2186_/B (sky130_fd_sc_hd__nor2_1)
     1    0.00    0.07    0.07   23.87 ^ accumulator._2186_/Y (sky130_fd_sc_hd__nor2_1)
                                         accumulator._0012_ (net)
                  0.07    0.00   23.87 ^ accumulator._2367_/D (sky130_fd_sc_hd__dfxtp_1)
                                 23.87   data arrival time

                  0.15   25.00   25.00   clock clock (rise edge)
                          0.00   25.00   clock network delay (ideal)
                         -0.25   24.75   clock uncertainty
                          0.00   24.75   clock reconvergence pessimism
                                 24.75 ^ accumulator._2367_/CLK (sky130_fd_sc_hd__dfxtp_1)
                         -0.04   24.71   library setup time
                                 24.71   data required time
-----------------------------------------------------------------------------
                                 24.71   data required time
                                -23.87   data arrival time
-----------------------------------------------------------------------------
                                  0.84   slack (MET)


Startpoint: io_inScaleA[2] (input port clocked by clock)
Endpoint: accumulator._2386_ (rising edge-triggered flip-flop clocked by clock)
Path Group: clock
Path Type: max

Fanout     Cap    Slew   Delay    Time   Description
-----------------------------------------------------------------------------
                  0.15    0.00    0.00   clock clock (rise edge)
                          0.00    0.00   clock network delay (ideal)
                          5.00    5.00 ^ input external delay
     1    0.00    0.02    0.01    5.01 ^ io_inScaleA[2] (in)
                                         io_inScaleA[2] (net)
                  0.02    0.00    5.01 ^ input11/A (sky130_fd_sc_hd__clkbuf_2)
    10    0.03    0.14    0.17    5.19 ^ input11/X (sky130_fd_sc_hd__clkbuf_2)
                                         net11 (net)
                  0.14    0.00    5.19 ^ scaleAdd._279_/A1 (sky130_fd_sc_hd__a22o_1)
     3    0.01    0.08    0.19    5.38 ^ scaleAdd._279_/X (sky130_fd_sc_hd__a22o_1)
                                         scaleAdd._221_ (net)
                  0.08    0.00    5.38 ^ scaleAdd._285_/B_N (sky130_fd_sc_hd__or2b_1)
     1    0.00    0.06    0.25    5.63 v scaleAdd._285_/X (sky130_fd_sc_hd__or2b_1)
                                         scaleAdd._227_ (net)
                  0.06    0.00    5.63 v scaleAdd._286_/A (sky130_fd_sc_hd__xnor2_1)
     3    0.01    0.08    0.16    5.79 v scaleAdd._286_/Y (sky130_fd_sc_hd__xnor2_1)
                                         scaleAdd._228_ (net)
                  0.08    0.00    5.79 v scaleAdd._311_/B (sky130_fd_sc_hd__or2_1)
     1    0.00    0.05    0.22    6.02 v scaleAdd._311_/X (sky130_fd_sc_hd__or2_1)
                                         scaleAdd._018_ (net)
                  0.05    0.00    6.02 v scaleAdd._313_/A2 (sky130_fd_sc_hd__a21oi_1)
     2    0.01    0.19    0.21    6.23 ^ scaleAdd._313_/Y (sky130_fd_sc_hd__a21oi_1)
                                         scaleAdd._020_ (net)
                  0.19    0.00    6.23 ^ scaleAdd._314_/B (sky130_fd_sc_hd__xnor2_1)
     2    0.01    0.19    0.17    6.40 ^ scaleAdd._314_/Y (sky130_fd_sc_hd__xnor2_1)
                                         scaleAdd._021_ (net)
                  0.19    0.00    6.40 ^ scaleAdd._315_/S (sky130_fd_sc_hd__mux2_2)
     5    0.02    0.08    0.43    6.83 v scaleAdd._315_/X (sky130_fd_sc_hd__mux2_2)
                                         scaleAdd._022_ (net)
                  0.08    0.00    6.83 v scaleAdd._321_/A2 (sky130_fd_sc_hd__a21o_1)
     2    0.00    0.04    0.20    7.03 v scaleAdd._321_/X (sky130_fd_sc_hd__a21o_1)
                                         scaleAdd._028_ (net)
                  0.04    0.00    7.03 v scaleAdd._325_/A (sky130_fd_sc_hd__and3_1)
     3    0.01    0.05    0.16    7.19 v scaleAdd._325_/X (sky130_fd_sc_hd__and3_1)
                                         scaleAdd._032_ (net)
                  0.05    0.00    7.19 v scaleAdd._328_/A (sky130_fd_sc_hd__or3_1)
     3    0.01    0.08    0.41    7.60 v scaleAdd._328_/X (sky130_fd_sc_hd__or3_1)
                                         scaleAdd._035_ (net)
                  0.08    0.00    7.60 v scaleAdd._332_/A1 (sky130_fd_sc_hd__a21o_1)
     2    0.00    0.04    0.18    7.78 v scaleAdd._332_/X (sky130_fd_sc_hd__a21o_1)
                                         scaleAdd._039_ (net)
                  0.04    0.00    7.78 v scaleAdd._361_/A2 (sky130_fd_sc_hd__a21o_1)
     2    0.01    0.07    0.22    8.00 v scaleAdd._361_/X (sky130_fd_sc_hd__a21o_1)
                                         scaleAdd._067_ (net)
                  0.07    0.00    8.00 v scaleAdd._383_/A2 (sky130_fd_sc_hd__a21o_1)
     2    0.01    0.07    0.23    8.22 v scaleAdd._383_/X (sky130_fd_sc_hd__a21o_1)
                                         scaleAdd._088_ (net)
                  0.07    0.00    8.22 v scaleAdd._399_/A2 (sky130_fd_sc_hd__a21o_1)
     2    0.01    0.07    0.23    8.45 v scaleAdd._399_/X (sky130_fd_sc_hd__a21o_1)
                                         scaleAdd._103_ (net)
                  0.07    0.00    8.45 v scaleAdd._417_/A2 (sky130_fd_sc_hd__a21bo_1)
     2    0.01    0.07    0.24    8.70 v scaleAdd._417_/X (sky130_fd_sc_hd__a21bo_1)
                                         scaleAdd._120_ (net)
                  0.07    0.00    8.70 v scaleAdd._432_/A2 (sky130_fd_sc_hd__a21o_1)
     2    0.01    0.07    0.23    8.93 v scaleAdd._432_/X (sky130_fd_sc_hd__a21o_1)
                                         scaleAdd._134_ (net)
                  0.07    0.00    8.93 v scaleAdd._444_/A2 (sky130_fd_sc_hd__a21o_1)
     2    0.01    0.06    0.22    9.15 v scaleAdd._444_/X (sky130_fd_sc_hd__a21o_1)
                                         scaleAdd._145_ (net)
                  0.06    0.00    9.15 v scaleAdd._447_/A2 (sky130_fd_sc_hd__a21o_1)
     2    0.01    0.07    0.22    9.37 v scaleAdd._447_/X (sky130_fd_sc_hd__a21o_1)
                                         scaleAdd._147_ (net)
                  0.07    0.00    9.37 v scaleAdd._449_/B2 (sky130_fd_sc_hd__a2bb2o_1)
     4    0.01    0.08    0.31    9.68 v scaleAdd._449_/X (sky130_fd_sc_hd__a2bb2o_1)
                                         accumulator.io_inMant[15] (net)
                  0.08    0.00    9.68 v accumulator._1181_/A (sky130_fd_sc_hd__or4_1)
     1    0.00    0.08    0.54   10.22 v accumulator._1181_/X (sky130_fd_sc_hd__or4_1)
                                         accumulator._0045_ (net)
                  0.08    0.00   10.22 v accumulator._1182_/A (sky130_fd_sc_hd__buf_2)
    10    0.03    0.08    0.20   10.41 v accumulator._1182_/X (sky130_fd_sc_hd__buf_2)
                                         accumulator._0055_ (net)
                  0.08    0.00   10.41 v accumulator._1200_/A_N (sky130_fd_sc_hd__and2b_1)
     6    0.02    0.14    0.29   10.70 ^ accumulator._1200_/X (sky130_fd_sc_hd__and2b_1)
                                         accumulator._0232_ (net)
                  0.14    0.00   10.70 ^ accumulator._1201_/B1_N (sky130_fd_sc_hd__o21ba_1)
     5    0.02    0.09    0.23   10.93 v accumulator._1201_/X (sky130_fd_sc_hd__o21ba_1)
                                         accumulator._0241_ (net)
                  0.09    0.00   10.93 v accumulator._1202_/B (sky130_fd_sc_hd__and2_1)
     3    0.01    0.05    0.20   11.13 v accumulator._1202_/X (sky130_fd_sc_hd__and2_1)
                                         accumulator._0251_ (net)
                  0.05    0.00   11.13 v accumulator._1204_/A (sky130_fd_sc_hd__or2_1)
     3    0.01    0.08    0.27   11.40 v accumulator._1204_/X (sky130_fd_sc_hd__or2_1)
                                         accumulator._0271_ (net)
                  0.08    0.00   11.40 v accumulator._1205_/A (sky130_fd_sc_hd__inv_2)
     3    0.01    0.05    0.07   11.48 ^ accumulator._1205_/Y (sky130_fd_sc_hd__inv_2)
                                         accumulator._0281_ (net)
                  0.05    0.00   11.48 ^ accumulator._1218_/A2 (sky130_fd_sc_hd__a311o_1)
     4    0.01    0.14    0.23   11.71 ^ accumulator._1218_/X (sky130_fd_sc_hd__a311o_1)
                                         accumulator._0315_ (net)
                  0.14    0.00   11.71 ^ accumulator._1219_/C (sky130_fd_sc_hd__nand3_1)
     2    0.01    0.09    0.12   11.83 v accumulator._1219_/Y (sky130_fd_sc_hd__nand3_1)
                                         accumulator._0316_ (net)
                  0.09    0.00   11.83 v accumulator._1228_/A1 (sky130_fd_sc_hd__a211o_1)
     5    0.01    0.08    0.33   12.16 v accumulator._1228_/X (sky130_fd_sc_hd__a211o_1)
                                         accumulator._0325_ (net)
                  0.08    0.00   12.16 v accumulator._1242_/A1 (sky130_fd_sc_hd__o22a_1)
     3    0.01    0.06    0.25   12.41 v accumulator._1242_/X (sky130_fd_sc_hd__o22a_1)
                                         accumulator._0339_ (net)
                  0.06    0.00   12.41 v accumulator._1255_/C (sky130_fd_sc_hd__or3_2)
     5    0.02    0.12    0.50   12.91 v accumulator._1255_/X (sky130_fd_sc_hd__or3_2)
                                         accumulator._0352_ (net)
                  0.12    0.00   12.91 v accumulator._1257_/A2 (sky130_fd_sc_hd__a21o_2)
     2    0.02    0.07    0.30   13.21 v accumulator._1257_/X (sky130_fd_sc_hd__a21o_2)
                                         accumulator._0354_ (net)
                  0.07    0.00   13.21 v accumulator._1259_/A2 (sky130_fd_sc_hd__a21o_2)
     2    0.02    0.07    0.28   13.48 v accumulator._1259_/X (sky130_fd_sc_hd__a21o_2)
                                         accumulator._0356_ (net)
                  0.07    0.00   13.48 v accumulator._1264_/A1 (sky130_fd_sc_hd__a21o_1)
     2    0.01    0.07    0.21   13.69 v accumulator._1264_/X (sky130_fd_sc_hd__a21o_1)
                                         accumulator._0361_ (net)
                  0.07    0.00   13.69 v accumulator._1266_/A2 (sky130_fd_sc_hd__a21o_1)
     2    0.01    0.07    0.23   13.92 v accumulator._1266_/X (sky130_fd_sc_hd__a21o_1)
                                         accumulator._0363_ (net)
                  0.07    0.00   13.92 v accumulator._1272_/A1 (sky130_fd_sc_hd__a21o_1)
     2    0.02    0.09    0.23   14.15 v accumulator._1272_/X (sky130_fd_sc_hd__a21o_1)
                                         accumulator._0369_ (net)
                  0.09    0.00   14.15 v accumulator._1278_/A1 (sky130_fd_sc_hd__a21oi_4)
     4    0.04    0.31    0.32   14.47 ^ accumulator._1278_/Y (sky130_fd_sc_hd__a21oi_4)
                                         accumulator._0375_ (net)
                  0.31    0.00   14.47 ^ accumulator._1279_/B (sky130_fd_sc_hd__xnor2_4)
    10    0.05    0.37    0.25   14.72 ^ accumulator._1279_/Y (sky130_fd_sc_hd__xnor2_4)
                                         accumulator._0376_ (net)
                  0.37    0.00   14.72 ^ accumulator._1280_/A (sky130_fd_sc_hd__clkbuf_4)
    10    0.04    0.14    0.32   15.04 ^ accumulator._1280_/X (sky130_fd_sc_hd__clkbuf_4)
                                         accumulator._0377_ (net)
                  0.14    0.00   15.04 ^ accumulator._1413_/S (sky130_fd_sc_hd__mux2_1)
     2    0.01    0.09    0.40   15.44 v accumulator._1413_/X (sky130_fd_sc_hd__mux2_1)
                                         accumulator._0508_ (net)
                  0.09    0.00   15.44 v accumulator._1414_/A2 (sky130_fd_sc_hd__a21o_1)
     2    0.01    0.05    0.22   15.66 v accumulator._1414_/X (sky130_fd_sc_hd__a21o_1)
                                         accumulator._0509_ (net)
                  0.05    0.00   15.66 v accumulator._1415_/A2 (sky130_fd_sc_hd__a21o_1)
     2    0.01    0.05    0.20   15.86 v accumulator._1415_/X (sky130_fd_sc_hd__a21o_1)
                                         accumulator._0510_ (net)
                  0.05    0.00   15.86 v accumulator._1417_/A2 (sky130_fd_sc_hd__a21o_1)
     2    0.01    0.05    0.20   16.06 v accumulator._1417_/X (sky130_fd_sc_hd__a21o_1)
                                         accumulator._0512_ (net)
                  0.05    0.00   16.06 v accumulator._1432_/A3 (sky130_fd_sc_hd__a31o_1)
     3    0.01    0.07    0.26   16.32 v accumulator._1432_/X (sky130_fd_sc_hd__a31o_1)
                                         accumulator._0527_ (net)
                  0.07    0.00   16.32 v accumulator._1721_/B1 (sky130_fd_sc_hd__a32o_2)
     4    0.02    0.08    0.28   16.60 v accumulator._1721_/X (sky130_fd_sc_hd__a32o_2)
                                         accumulator._0816_ (net)
                  0.08    0.00   16.60 v accumulator._1736_/B1 (sky130_fd_sc_hd__a2111o_2)
     5    0.02    0.10    0.53   17.13 v accumulator._1736_/X (sky130_fd_sc_hd__a2111o_2)
                                         accumulator._0831_ (net)
                  0.10    0.00   17.13 v accumulator._1854_/A3 (sky130_fd_sc_hd__a31o_1)
     1    0.00    0.05    0.25   17.38 v accumulator._1854_/X (sky130_fd_sc_hd__a31o_1)
                                         accumulator._0949_ (net)
                  0.05    0.00   17.38 v accumulator._1855_/B (sky130_fd_sc_hd__xnor2_1)
     2    0.01    0.26    0.25   17.63 ^ accumulator._1855_/Y (sky130_fd_sc_hd__xnor2_1)
                                         accumulator._0950_ (net)
                  0.26    0.00   17.63 ^ accumulator._1856_/B_N (sky130_fd_sc_hd__or2b_1)
     2    0.00    0.05    0.28   17.91 v accumulator._1856_/X (sky130_fd_sc_hd__or2b_1)
                                         accumulator._0951_ (net)
                  0.05    0.00   17.91 v accumulator._1860_/A (sky130_fd_sc_hd__or2_1)
     3    0.01    0.07    0.26   18.17 v accumulator._1860_/X (sky130_fd_sc_hd__or2_1)
                                         accumulator._0955_ (net)
                  0.07    0.00   18.17 v accumulator._1873_/A (sky130_fd_sc_hd__or4b_2)
     3    0.01    0.13    0.75   18.92 v accumulator._1873_/X (sky130_fd_sc_hd__or4b_2)
                                         accumulator._0968_ (net)
                  0.13    0.00   18.92 v accumulator._1883_/A (sky130_fd_sc_hd__nor3b_1)
     3    0.01    0.27    0.31   19.23 ^ accumulator._1883_/Y (sky130_fd_sc_hd__nor3b_1)
                                         accumulator._0978_ (net)
                  0.27    0.00   19.23 ^ accumulator._1893_/A (sky130_fd_sc_hd__and3_1)
     3    0.01    0.08    0.24   19.47 ^ accumulator._1893_/X (sky130_fd_sc_hd__and3_1)
                                         accumulator._0988_ (net)
                  0.08    0.00   19.47 ^ accumulator._1902_/A (sky130_fd_sc_hd__and3_1)
     3    0.01    0.10    0.20   19.66 ^ accumulator._1902_/X (sky130_fd_sc_hd__and3_1)
                                         accumulator._0997_ (net)
                  0.10    0.00   19.67 ^ accumulator._1909_/A (sky130_fd_sc_hd__and3_1)
     4    0.01    0.10    0.20   19.86 ^ accumulator._1909_/X (sky130_fd_sc_hd__and3_1)
                                         accumulator._1004_ (net)
                  0.10    0.00   19.86 ^ accumulator._1949_/D_N (sky130_fd_sc_hd__or4b_1)
     2    0.00    0.09    0.47   20.34 v accumulator._1949_/X (sky130_fd_sc_hd__or4b_1)
                                         accumulator._1044_ (net)
                  0.09    0.00   20.34 v accumulator._1953_/A_N (sky130_fd_sc_hd__and2b_1)
     2    0.01    0.07    0.23   20.57 ^ accumulator._1953_/X (sky130_fd_sc_hd__and2b_1)
                                         accumulator._1048_ (net)
                  0.07    0.00   20.57 ^ accumulator._1963_/B (sky130_fd_sc_hd__nand2_1)
     2    0.01    0.08    0.07   20.64 v accumulator._1963_/Y (sky130_fd_sc_hd__nand2_1)
                                         accumulator._1058_ (net)
                  0.08    0.00   20.64 v accumulator._1968_/A (sky130_fd_sc_hd__nor2_1)
     3    0.01    0.20    0.21   20.85 ^ accumulator._1968_/Y (sky130_fd_sc_hd__nor2_1)
                                         accumulator._1063_ (net)
                  0.20    0.00   20.85 ^ accumulator._1987_/A2 (sky130_fd_sc_hd__a21o_1)
     1    0.02    0.15    0.23   21.08 ^ accumulator._1987_/X (sky130_fd_sc_hd__a21o_1)
                                         accumulator._1082_ (net)
                  0.15    0.00   21.08 ^ accumulator._1988_/B (sky130_fd_sc_hd__xor2_4)
     4    0.02    0.20    0.24   21.32 ^ accumulator._1988_/X (sky130_fd_sc_hd__xor2_4)
                                         accumulator._1083_ (net)
                  0.20    0.00   21.32 ^ accumulator._1989_/A (sky130_fd_sc_hd__inv_2)
     2    0.00    0.04    0.05   21.37 v accumulator._1989_/Y (sky130_fd_sc_hd__inv_2)
                                         accumulator._1084_ (net)
                  0.04    0.00   21.37 v accumulator._1996_/B (sky130_fd_sc_hd__or3_1)
     2    0.00    0.07    0.36   21.73 v accumulator._1996_/X (sky130_fd_sc_hd__or3_1)
                                         accumulator._1091_ (net)
                  0.07    0.00   21.73 v accumulator._2031_/A (sky130_fd_sc_hd__or2_1)
     1    0.00    0.05    0.24   21.97 v accumulator._2031_/X (sky130_fd_sc_hd__or2_1)
                                         accumulator._1126_ (net)
                  0.05    0.00   21.97 v accumulator._2032_/A (sky130_fd_sc_hd__clkbuf_4)
     9    0.04    0.08    0.20   22.17 v accumulator._2032_/X (sky130_fd_sc_hd__clkbuf_4)
                                         accumulator._1127_ (net)
                  0.08    0.00   22.17 v accumulator._2297_/A (sky130_fd_sc_hd__xor2_1)
     2    0.01    0.19    0.22   22.39 ^ accumulator._2297_/X (sky130_fd_sc_hd__xor2_1)
                                         accumulator._0248_ (net)
                  0.19    0.00   22.39 ^ accumulator._2298_/B (sky130_fd_sc_hd__xor2_1)
     2    0.01    0.21    0.24   22.63 ^ accumulator._2298_/X (sky130_fd_sc_hd__xor2_1)
                                         accumulator._0249_ (net)
                  0.21    0.00   22.63 ^ accumulator._2308_/A4 (sky130_fd_sc_hd__a41o_1)
     2    0.01    0.07    0.23   22.85 ^ accumulator._2308_/X (sky130_fd_sc_hd__a41o_1)
                                         accumulator._0259_ (net)
                  0.07    0.00   22.85 ^ accumulator._2310_/B (sky130_fd_sc_hd__nand2_1)
     3    0.01    0.07    0.08   22.94 v accumulator._2310_/Y (sky130_fd_sc_hd__nand2_1)
                                         accumulator._0262_ (net)
                  0.07    0.00   22.94 v accumulator._2322_/A2 (sky130_fd_sc_hd__a21o_1)
     5    0.01    0.08    0.24   23.18 v accumulator._2322_/X (sky130_fd_sc_hd__a21o_1)
                                         accumulator._0274_ (net)
                  0.08    0.00   23.18 v accumulator._2338_/A2 (sky130_fd_sc_hd__a31o_1)
     1    0.00    0.05    0.23   23.41 v accumulator._2338_/X (sky130_fd_sc_hd__a31o_1)
                                         accumulator._0289_ (net)
                  0.05    0.00   23.41 v accumulator._2341_/A (sky130_fd_sc_hd__xor2_1)
     1    0.00    0.07    0.16   23.57 v accumulator._2341_/X (sky130_fd_sc_hd__xor2_1)
                                         accumulator._0293_ (net)
                  0.07    0.00   23.57 v accumulator._2343_/A2 (sky130_fd_sc_hd__o211a_1)
     1    0.00    0.03    0.21   23.78 v accumulator._2343_/X (sky130_fd_sc_hd__o211a_1)
                                         accumulator._0031_ (net)
                  0.03    0.00   23.78 v accumulator._2386_/D (sky130_fd_sc_hd__dfxtp_1)
                                 23.78   data arrival time

                  0.15   25.00   25.00   clock clock (rise edge)
                          0.00   25.00   clock network delay (ideal)
                         -0.25   24.75   clock uncertainty
                          0.00   24.75   clock reconvergence pessimism
                                 24.75 ^ accumulator._2386_/CLK (sky130_fd_sc_hd__dfxtp_1)
                         -0.08   24.67   library setup time
                                 24.67   data required time
-----------------------------------------------------------------------------
                                 24.67   data required time
                                -23.78   data arrival time
-----------------------------------------------------------------------------
                                  0.88   slack (MET)


Startpoint: io_inScaleA[2] (input port clocked by clock)
Endpoint: accumulator._2357_ (rising edge-triggered flip-flop clocked by clock)
Path Group: clock
Path Type: max

Fanout     Cap    Slew   Delay    Time   Description
-----------------------------------------------------------------------------
                  0.15    0.00    0.00   clock clock (rise edge)
                          0.00    0.00   clock network delay (ideal)
                          5.00    5.00 ^ input external delay
     1    0.00    0.02    0.01    5.01 ^ io_inScaleA[2] (in)
                                         io_inScaleA[2] (net)
                  0.02    0.00    5.01 ^ input11/A (sky130_fd_sc_hd__clkbuf_2)
    10    0.03    0.14    0.17    5.19 ^ input11/X (sky130_fd_sc_hd__clkbuf_2)
                                         net11 (net)
                  0.14    0.00    5.19 ^ scaleAdd._279_/A1 (sky130_fd_sc_hd__a22o_1)
     3    0.01    0.08    0.19    5.38 ^ scaleAdd._279_/X (sky130_fd_sc_hd__a22o_1)
                                         scaleAdd._221_ (net)
                  0.08    0.00    5.38 ^ scaleAdd._285_/B_N (sky130_fd_sc_hd__or2b_1)
     1    0.00    0.06    0.25    5.63 v scaleAdd._285_/X (sky130_fd_sc_hd__or2b_1)
                                         scaleAdd._227_ (net)
                  0.06    0.00    5.63 v scaleAdd._286_/A (sky130_fd_sc_hd__xnor2_1)
     3    0.01    0.08    0.16    5.79 v scaleAdd._286_/Y (sky130_fd_sc_hd__xnor2_1)
                                         scaleAdd._228_ (net)
                  0.08    0.00    5.79 v scaleAdd._311_/B (sky130_fd_sc_hd__or2_1)
     1    0.00    0.05    0.22    6.02 v scaleAdd._311_/X (sky130_fd_sc_hd__or2_1)
                                         scaleAdd._018_ (net)
                  0.05    0.00    6.02 v scaleAdd._313_/A2 (sky130_fd_sc_hd__a21oi_1)
     2    0.01    0.19    0.21    6.23 ^ scaleAdd._313_/Y (sky130_fd_sc_hd__a21oi_1)
                                         scaleAdd._020_ (net)
                  0.19    0.00    6.23 ^ scaleAdd._314_/B (sky130_fd_sc_hd__xnor2_1)
     2    0.01    0.19    0.17    6.40 ^ scaleAdd._314_/Y (sky130_fd_sc_hd__xnor2_1)
                                         scaleAdd._021_ (net)
                  0.19    0.00    6.40 ^ scaleAdd._315_/S (sky130_fd_sc_hd__mux2_2)
     5    0.02    0.08    0.43    6.83 v scaleAdd._315_/X (sky130_fd_sc_hd__mux2_2)
                                         scaleAdd._022_ (net)
                  0.08    0.00    6.83 v scaleAdd._321_/A2 (sky130_fd_sc_hd__a21o_1)
     2    0.00    0.04    0.20    7.03 v scaleAdd._321_/X (sky130_fd_sc_hd__a21o_1)
                                         scaleAdd._028_ (net)
                  0.04    0.00    7.03 v scaleAdd._325_/A (sky130_fd_sc_hd__and3_1)
     3    0.01    0.05    0.16    7.19 v scaleAdd._325_/X (sky130_fd_sc_hd__and3_1)
                                         scaleAdd._032_ (net)
                  0.05    0.00    7.19 v scaleAdd._328_/A (sky130_fd_sc_hd__or3_1)
     3    0.01    0.08    0.41    7.60 v scaleAdd._328_/X (sky130_fd_sc_hd__or3_1)
                                         scaleAdd._035_ (net)
                  0.08    0.00    7.60 v scaleAdd._332_/A1 (sky130_fd_sc_hd__a21o_1)
     2    0.00    0.04    0.18    7.78 v scaleAdd._332_/X (sky130_fd_sc_hd__a21o_1)
                                         scaleAdd._039_ (net)
                  0.04    0.00    7.78 v scaleAdd._361_/A2 (sky130_fd_sc_hd__a21o_1)
     2    0.01    0.07    0.22    8.00 v scaleAdd._361_/X (sky130_fd_sc_hd__a21o_1)
                                         scaleAdd._067_ (net)
                  0.07    0.00    8.00 v scaleAdd._383_/A2 (sky130_fd_sc_hd__a21o_1)
     2    0.01    0.07    0.23    8.22 v scaleAdd._383_/X (sky130_fd_sc_hd__a21o_1)
                                         scaleAdd._088_ (net)
                  0.07    0.00    8.22 v scaleAdd._399_/A2 (sky130_fd_sc_hd__a21o_1)
     2    0.01    0.07    0.23    8.45 v scaleAdd._399_/X (sky130_fd_sc_hd__a21o_1)
                                         scaleAdd._103_ (net)
                  0.07    0.00    8.45 v scaleAdd._417_/A2 (sky130_fd_sc_hd__a21bo_1)
     2    0.01    0.07    0.24    8.70 v scaleAdd._417_/X (sky130_fd_sc_hd__a21bo_1)
                                         scaleAdd._120_ (net)
                  0.07    0.00    8.70 v scaleAdd._432_/A2 (sky130_fd_sc_hd__a21o_1)
     2    0.01    0.07    0.23    8.93 v scaleAdd._432_/X (sky130_fd_sc_hd__a21o_1)
                                         scaleAdd._134_ (net)
                  0.07    0.00    8.93 v scaleAdd._444_/A2 (sky130_fd_sc_hd__a21o_1)
     2    0.01    0.06    0.22    9.15 v scaleAdd._444_/X (sky130_fd_sc_hd__a21o_1)
                                         scaleAdd._145_ (net)
                  0.06    0.00    9.15 v scaleAdd._447_/A2 (sky130_fd_sc_hd__a21o_1)
     2    0.01    0.07    0.22    9.37 v scaleAdd._447_/X (sky130_fd_sc_hd__a21o_1)
                                         scaleAdd._147_ (net)
                  0.07    0.00    9.37 v scaleAdd._449_/B2 (sky130_fd_sc_hd__a2bb2o_1)
     4    0.01    0.08    0.31    9.68 v scaleAdd._449_/X (sky130_fd_sc_hd__a2bb2o_1)
                                         accumulator.io_inMant[15] (net)
                  0.08    0.00    9.68 v accumulator._1181_/A (sky130_fd_sc_hd__or4_1)
     1    0.00    0.08    0.54   10.22 v accumulator._1181_/X (sky130_fd_sc_hd__or4_1)
                                         accumulator._0045_ (net)
                  0.08    0.00   10.22 v accumulator._1182_/A (sky130_fd_sc_hd__buf_2)
    10    0.03    0.08    0.20   10.41 v accumulator._1182_/X (sky130_fd_sc_hd__buf_2)
                                         accumulator._0055_ (net)
                  0.08    0.00   10.41 v accumulator._1200_/A_N (sky130_fd_sc_hd__and2b_1)
     6    0.02    0.14    0.29   10.70 ^ accumulator._1200_/X (sky130_fd_sc_hd__and2b_1)
                                         accumulator._0232_ (net)
                  0.14    0.00   10.70 ^ accumulator._1201_/B1_N (sky130_fd_sc_hd__o21ba_1)
     5    0.02    0.09    0.23   10.93 v accumulator._1201_/X (sky130_fd_sc_hd__o21ba_1)
                                         accumulator._0241_ (net)
                  0.09    0.00   10.93 v accumulator._1202_/B (sky130_fd_sc_hd__and2_1)
     3    0.01    0.05    0.20   11.13 v accumulator._1202_/X (sky130_fd_sc_hd__and2_1)
                                         accumulator._0251_ (net)
                  0.05    0.00   11.13 v accumulator._1204_/A (sky130_fd_sc_hd__or2_1)
     3    0.01    0.08    0.27   11.40 v accumulator._1204_/X (sky130_fd_sc_hd__or2_1)
                                         accumulator._0271_ (net)
                  0.08    0.00   11.40 v accumulator._1205_/A (sky130_fd_sc_hd__inv_2)
     3    0.01    0.05    0.07   11.48 ^ accumulator._1205_/Y (sky130_fd_sc_hd__inv_2)
                                         accumulator._0281_ (net)
                  0.05    0.00   11.48 ^ accumulator._1218_/A2 (sky130_fd_sc_hd__a311o_1)
     4    0.01    0.14    0.23   11.71 ^ accumulator._1218_/X (sky130_fd_sc_hd__a311o_1)
                                         accumulator._0315_ (net)
                  0.14    0.00   11.71 ^ accumulator._1219_/C (sky130_fd_sc_hd__nand3_1)
     2    0.01    0.09    0.12   11.83 v accumulator._1219_/Y (sky130_fd_sc_hd__nand3_1)
                                         accumulator._0316_ (net)
                  0.09    0.00   11.83 v accumulator._1228_/A1 (sky130_fd_sc_hd__a211o_1)
     5    0.01    0.08    0.33   12.16 v accumulator._1228_/X (sky130_fd_sc_hd__a211o_1)
                                         accumulator._0325_ (net)
                  0.08    0.00   12.16 v accumulator._1242_/A1 (sky130_fd_sc_hd__o22a_1)
     3    0.01    0.06    0.25   12.41 v accumulator._1242_/X (sky130_fd_sc_hd__o22a_1)
                                         accumulator._0339_ (net)
                  0.06    0.00   12.41 v accumulator._1255_/C (sky130_fd_sc_hd__or3_2)
     5    0.02    0.12    0.50   12.91 v accumulator._1255_/X (sky130_fd_sc_hd__or3_2)
                                         accumulator._0352_ (net)
                  0.12    0.00   12.91 v accumulator._1257_/A2 (sky130_fd_sc_hd__a21o_2)
     2    0.02    0.07    0.30   13.21 v accumulator._1257_/X (sky130_fd_sc_hd__a21o_2)
                                         accumulator._0354_ (net)
                  0.07    0.00   13.21 v accumulator._1259_/A2 (sky130_fd_sc_hd__a21o_2)
     2    0.02    0.07    0.28   13.48 v accumulator._1259_/X (sky130_fd_sc_hd__a21o_2)
                                         accumulator._0356_ (net)
                  0.07    0.00   13.48 v accumulator._1264_/A1 (sky130_fd_sc_hd__a21o_1)
     2    0.01    0.07    0.21   13.69 v accumulator._1264_/X (sky130_fd_sc_hd__a21o_1)
                                         accumulator._0361_ (net)
                  0.07    0.00   13.69 v accumulator._1266_/A2 (sky130_fd_sc_hd__a21o_1)
     2    0.01    0.07    0.23   13.92 v accumulator._1266_/X (sky130_fd_sc_hd__a21o_1)
                                         accumulator._0363_ (net)
                  0.07    0.00   13.92 v accumulator._1272_/A1 (sky130_fd_sc_hd__a21o_1)
     2    0.02    0.09    0.23   14.15 v accumulator._1272_/X (sky130_fd_sc_hd__a21o_1)
                                         accumulator._0369_ (net)
                  0.09    0.00   14.15 v accumulator._1278_/A1 (sky130_fd_sc_hd__a21oi_4)
     4    0.04    0.31    0.32   14.47 ^ accumulator._1278_/Y (sky130_fd_sc_hd__a21oi_4)
                                         accumulator._0375_ (net)
                  0.31    0.00   14.47 ^ accumulator._1279_/B (sky130_fd_sc_hd__xnor2_4)
    10    0.05    0.37    0.25   14.72 ^ accumulator._1279_/Y (sky130_fd_sc_hd__xnor2_4)
                                         accumulator._0376_ (net)
                  0.37    0.00   14.72 ^ accumulator._1280_/A (sky130_fd_sc_hd__clkbuf_4)
    10    0.04    0.14    0.32   15.04 ^ accumulator._1280_/X (sky130_fd_sc_hd__clkbuf_4)
                                         accumulator._0377_ (net)
                  0.14    0.00   15.04 ^ accumulator._1413_/S (sky130_fd_sc_hd__mux2_1)
     2    0.01    0.09    0.40   15.44 v accumulator._1413_/X (sky130_fd_sc_hd__mux2_1)
                                         accumulator._0508_ (net)
                  0.09    0.00   15.44 v accumulator._1414_/A2 (sky130_fd_sc_hd__a21o_1)
     2    0.01    0.05    0.22   15.66 v accumulator._1414_/X (sky130_fd_sc_hd__a21o_1)
                                         accumulator._0509_ (net)
                  0.05    0.00   15.66 v accumulator._1415_/A2 (sky130_fd_sc_hd__a21o_1)
     2    0.01    0.05    0.20   15.86 v accumulator._1415_/X (sky130_fd_sc_hd__a21o_1)
                                         accumulator._0510_ (net)
                  0.05    0.00   15.86 v accumulator._1417_/A2 (sky130_fd_sc_hd__a21o_1)
     2    0.01    0.05    0.20   16.06 v accumulator._1417_/X (sky130_fd_sc_hd__a21o_1)
                                         accumulator._0512_ (net)
                  0.05    0.00   16.06 v accumulator._1432_/A3 (sky130_fd_sc_hd__a31o_1)
     3    0.01    0.07    0.26   16.32 v accumulator._1432_/X (sky130_fd_sc_hd__a31o_1)
                                         accumulator._0527_ (net)
                  0.07    0.00   16.32 v accumulator._1721_/B1 (sky130_fd_sc_hd__a32o_2)
     4    0.02    0.08    0.28   16.60 v accumulator._1721_/X (sky130_fd_sc_hd__a32o_2)
                                         accumulator._0816_ (net)
                  0.08    0.00   16.60 v accumulator._1736_/B1 (sky130_fd_sc_hd__a2111o_2)
     5    0.02    0.10    0.53   17.13 v accumulator._1736_/X (sky130_fd_sc_hd__a2111o_2)
                                         accumulator._0831_ (net)
                  0.10    0.00   17.13 v accumulator._1738_/A2 (sky130_fd_sc_hd__a21o_1)
     3    0.01    0.05    0.23   17.36 v accumulator._1738_/X (sky130_fd_sc_hd__a21o_1)
                                         accumulator._0833_ (net)
                  0.05    0.00   17.36 v accumulator._1744_/A1 (sky130_fd_sc_hd__a2111o_1)
     3    0.01    0.09    0.42   17.78 v accumulator._1744_/X (sky130_fd_sc_hd__a2111o_1)
                                         accumulator._0839_ (net)
                  0.09    0.00   17.78 v accumulator._1748_/A2 (sky130_fd_sc_hd__a2111o_1)
     2    0.00    0.07    0.45   18.24 v accumulator._1748_/X (sky130_fd_sc_hd__a2111o_1)
                                         accumulator._0843_ (net)
                  0.07    0.00   18.24 v accumulator._1751_/A2 (sky130_fd_sc_hd__a21o_1)
     2    0.01    0.05    0.21   18.44 v accumulator._1751_/X (sky130_fd_sc_hd__a21o_1)
                                         accumulator._0846_ (net)
                  0.05    0.00   18.44 v accumulator._1773_/A2 (sky130_fd_sc_hd__a21o_1)
     2    0.01    0.04    0.19   18.63 v accumulator._1773_/X (sky130_fd_sc_hd__a21o_1)
                                         accumulator._0868_ (net)
                  0.04    0.00   18.63 v accumulator._1798_/A2 (sky130_fd_sc_hd__a311o_1)
     2    0.01    0.08    0.35   18.98 v accumulator._1798_/X (sky130_fd_sc_hd__a311o_1)
                                         accumulator._0893_ (net)
                  0.08    0.00   18.98 v accumulator._1814_/A1 (sky130_fd_sc_hd__a21o_1)
     2    0.01    0.05    0.19   19.17 v accumulator._1814_/X (sky130_fd_sc_hd__a21o_1)
                                         accumulator._0909_ (net)
                  0.05    0.00   19.17 v accumulator._1825_/A2 (sky130_fd_sc_hd__a31oi_2)
     3    0.01    0.20    0.23   19.40 ^ accumulator._1825_/Y (sky130_fd_sc_hd__a31oi_2)
                                         accumulator._0920_ (net)
                  0.20    0.00   19.40 ^ accumulator._1926_/A2 (sky130_fd_sc_hd__a21o_1)
     3    0.01    0.09    0.20   19.60 ^ accumulator._1926_/X (sky130_fd_sc_hd__a21o_1)
                                         accumulator._1021_ (net)
                  0.09    0.00   19.60 ^ accumulator._2039_/S (sky130_fd_sc_hd__mux2_1)
     3    0.01    0.10    0.40   19.99 v accumulator._2039_/X (sky130_fd_sc_hd__mux2_1)
                                         accumulator._1134_ (net)
                  0.10    0.00   19.99 v accumulator._2059_/B2 (sky130_fd_sc_hd__a221oi_1)
     1    0.00    0.25    0.31   20.30 ^ accumulator._2059_/Y (sky130_fd_sc_hd__a221oi_1)
                                         accumulator._1155_ (net)
                  0.25    0.00   20.30 ^ accumulator._2060_/A2 (sky130_fd_sc_hd__o21ai_1)
     1    0.00    0.07    0.10   20.40 v accumulator._2060_/Y (sky130_fd_sc_hd__o21ai_1)
                                         accumulator._1156_ (net)
                  0.07    0.00   20.40 v accumulator._2061_/A2 (sky130_fd_sc_hd__a21o_1)
     1    0.00    0.03    0.19   20.59 v accumulator._2061_/X (sky130_fd_sc_hd__a21o_1)
                                         accumulator._1157_ (net)
                  0.03    0.00   20.59 v accumulator._2062_/A2 (sky130_fd_sc_hd__a21o_1)
     1    0.00    0.03    0.17   20.76 v accumulator._2062_/X (sky130_fd_sc_hd__a21o_1)
                                         accumulator._1158_ (net)
                  0.03    0.00   20.76 v accumulator._2063_/A2 (sky130_fd_sc_hd__a21o_1)
     1    0.00    0.03    0.17   20.93 v accumulator._2063_/X (sky130_fd_sc_hd__a21o_1)
                                         accumulator._1159_ (net)
                  0.03    0.00   20.93 v accumulator._2064_/A2 (sky130_fd_sc_hd__a21o_1)
     1    0.00    0.04    0.18   21.11 v accumulator._2064_/X (sky130_fd_sc_hd__a21o_1)
                                         accumulator._1160_ (net)
                  0.04    0.00   21.11 v accumulator._2065_/A2 (sky130_fd_sc_hd__a21oi_1)
     1    0.00    0.12    0.14   21.26 ^ accumulator._2065_/Y (sky130_fd_sc_hd__a21oi_1)
                                         accumulator._1161_ (net)
                  0.12    0.00   21.26 ^ accumulator._2067_/A2 (sky130_fd_sc_hd__o21ai_1)
     1    0.00    0.06    0.07   21.33 v accumulator._2067_/Y (sky130_fd_sc_hd__o21ai_1)
                                         accumulator._1163_ (net)
                  0.06    0.00   21.33 v accumulator._2068_/A2 (sky130_fd_sc_hd__a21o_1)
     1    0.00    0.03    0.18   21.51 v accumulator._2068_/X (sky130_fd_sc_hd__a21o_1)
                                         accumulator._1164_ (net)
                  0.03    0.00   21.51 v accumulator._2069_/A2 (sky130_fd_sc_hd__a21o_1)
     1    0.00    0.04    0.18   21.69 v accumulator._2069_/X (sky130_fd_sc_hd__a21o_1)
                                         accumulator._1165_ (net)
                  0.04    0.00   21.69 v accumulator._2070_/A2 (sky130_fd_sc_hd__a211o_1)
     1    0.00    0.04    0.29   21.98 v accumulator._2070_/X (sky130_fd_sc_hd__a211o_1)
                                         accumulator._1167_ (net)
                  0.04    0.00   21.98 v accumulator._2073_/B1 (sky130_fd_sc_hd__a2bb2o_1)
     2    0.01    0.06    0.30   22.29 v accumulator._2073_/X (sky130_fd_sc_hd__a2bb2o_1)
                                         accumulator._1170_ (net)
                  0.06    0.00   22.29 v accumulator._2074_/A (sky130_fd_sc_hd__clkbuf_4)
    10    0.04    0.09    0.21   22.49 v accumulator._2074_/X (sky130_fd_sc_hd__clkbuf_4)
                                         accumulator._1171_ (net)
                  0.09    0.00   22.49 v accumulator._2077_/S (sky130_fd_sc_hd__mux2_1)
     2    0.00    0.06    0.35   22.84 v accumulator._2077_/X (sky130_fd_sc_hd__mux2_1)
                                         accumulator._1174_ (net)
                  0.06    0.00   22.84 v accumulator._2088_/A1 (sky130_fd_sc_hd__mux2_1)
     2    0.01    0.07    0.33   23.18 v accumulator._2088_/X (sky130_fd_sc_hd__mux2_1)
                                         accumulator._0043_ (net)
                  0.07    0.00   23.18 v accumulator._2094_/A2 (sky130_fd_sc_hd__a21oi_1)
     3    0.01    0.22    0.25   23.42 ^ accumulator._2094_/Y (sky130_fd_sc_hd__a21oi_1)
                                         accumulator._0050_ (net)
                  0.22    0.00   23.42 ^ accumulator._2095_/B2 (sky130_fd_sc_hd__a22o_1)
     1    0.00    0.04    0.16   23.58 ^ accumulator._2095_/X (sky130_fd_sc_hd__a22o_1)
                                         accumulator._0051_ (net)
                  0.04    0.00   23.58 ^ accumulator._2096_/B (sky130_fd_sc_hd__and2_1)
     1    0.00    0.05    0.12   23.70 ^ accumulator._2096_/X (sky130_fd_sc_hd__and2_1)
                                         accumulator._0052_ (net)
                  0.05    0.00   23.70 ^ accumulator._2097_/A (sky130_fd_sc_hd__clkbuf_1)
     1    0.00    0.04    0.08   23.78 ^ accumulator._2097_/X (sky130_fd_sc_hd__clkbuf_1)
                                         accumulator._0002_ (net)
                  0.04    0.00   23.78 ^ accumulator._2357_/D (sky130_fd_sc_hd__dfxtp_2)
                                 23.78   data arrival time

                  0.15   25.00   25.00   clock clock (rise edge)
                          0.00   25.00   clock network delay (ideal)
                         -0.25   24.75   clock uncertainty
                          0.00   24.75   clock reconvergence pessimism
                                 24.75 ^ accumulator._2357_/CLK (sky130_fd_sc_hd__dfxtp_2)
                         -0.04   24.71   library setup time
                                 24.71   data required time
-----------------------------------------------------------------------------
                                 24.71   data required time
                                -23.78   data arrival time
-----------------------------------------------------------------------------
                                  0.93   slack (MET)


Startpoint: io_inScaleA[2] (input port clocked by clock)
Endpoint: accumulator._2385_ (rising edge-triggered flip-flop clocked by clock)
Path Group: clock
Path Type: max

Fanout     Cap    Slew   Delay    Time   Description
-----------------------------------------------------------------------------
                  0.15    0.00    0.00   clock clock (rise edge)
                          0.00    0.00   clock network delay (ideal)
                          5.00    5.00 ^ input external delay
     1    0.00    0.02    0.01    5.01 ^ io_inScaleA[2] (in)
                                         io_inScaleA[2] (net)
                  0.02    0.00    5.01 ^ input11/A (sky130_fd_sc_hd__clkbuf_2)
    10    0.03    0.14    0.17    5.19 ^ input11/X (sky130_fd_sc_hd__clkbuf_2)
                                         net11 (net)
                  0.14    0.00    5.19 ^ scaleAdd._279_/A1 (sky130_fd_sc_hd__a22o_1)
     3    0.01    0.08    0.19    5.38 ^ scaleAdd._279_/X (sky130_fd_sc_hd__a22o_1)
                                         scaleAdd._221_ (net)
                  0.08    0.00    5.38 ^ scaleAdd._285_/B_N (sky130_fd_sc_hd__or2b_1)
     1    0.00    0.06    0.25    5.63 v scaleAdd._285_/X (sky130_fd_sc_hd__or2b_1)
                                         scaleAdd._227_ (net)
                  0.06    0.00    5.63 v scaleAdd._286_/A (sky130_fd_sc_hd__xnor2_1)
     3    0.01    0.08    0.16    5.79 v scaleAdd._286_/Y (sky130_fd_sc_hd__xnor2_1)
                                         scaleAdd._228_ (net)
                  0.08    0.00    5.79 v scaleAdd._311_/B (sky130_fd_sc_hd__or2_1)
     1    0.00    0.05    0.22    6.02 v scaleAdd._311_/X (sky130_fd_sc_hd__or2_1)
                                         scaleAdd._018_ (net)
                  0.05    0.00    6.02 v scaleAdd._313_/A2 (sky130_fd_sc_hd__a21oi_1)
     2    0.01    0.19    0.21    6.23 ^ scaleAdd._313_/Y (sky130_fd_sc_hd__a21oi_1)
                                         scaleAdd._020_ (net)
                  0.19    0.00    6.23 ^ scaleAdd._314_/B (sky130_fd_sc_hd__xnor2_1)
     2    0.01    0.19    0.17    6.40 ^ scaleAdd._314_/Y (sky130_fd_sc_hd__xnor2_1)
                                         scaleAdd._021_ (net)
                  0.19    0.00    6.40 ^ scaleAdd._315_/S (sky130_fd_sc_hd__mux2_2)
     5    0.02    0.08    0.43    6.83 v scaleAdd._315_/X (sky130_fd_sc_hd__mux2_2)
                                         scaleAdd._022_ (net)
                  0.08    0.00    6.83 v scaleAdd._321_/A2 (sky130_fd_sc_hd__a21o_1)
     2    0.00    0.04    0.20    7.03 v scaleAdd._321_/X (sky130_fd_sc_hd__a21o_1)
                                         scaleAdd._028_ (net)
                  0.04    0.00    7.03 v scaleAdd._325_/A (sky130_fd_sc_hd__and3_1)
     3    0.01    0.05    0.16    7.19 v scaleAdd._325_/X (sky130_fd_sc_hd__and3_1)
                                         scaleAdd._032_ (net)
                  0.05    0.00    7.19 v scaleAdd._328_/A (sky130_fd_sc_hd__or3_1)
     3    0.01    0.08    0.41    7.60 v scaleAdd._328_/X (sky130_fd_sc_hd__or3_1)
                                         scaleAdd._035_ (net)
                  0.08    0.00    7.60 v scaleAdd._332_/A1 (sky130_fd_sc_hd__a21o_1)
     2    0.00    0.04    0.18    7.78 v scaleAdd._332_/X (sky130_fd_sc_hd__a21o_1)
                                         scaleAdd._039_ (net)
                  0.04    0.00    7.78 v scaleAdd._361_/A2 (sky130_fd_sc_hd__a21o_1)
     2    0.01    0.07    0.22    8.00 v scaleAdd._361_/X (sky130_fd_sc_hd__a21o_1)
                                         scaleAdd._067_ (net)
                  0.07    0.00    8.00 v scaleAdd._383_/A2 (sky130_fd_sc_hd__a21o_1)
     2    0.01    0.07    0.23    8.22 v scaleAdd._383_/X (sky130_fd_sc_hd__a21o_1)
                                         scaleAdd._088_ (net)
                  0.07    0.00    8.22 v scaleAdd._399_/A2 (sky130_fd_sc_hd__a21o_1)
     2    0.01    0.07    0.23    8.45 v scaleAdd._399_/X (sky130_fd_sc_hd__a21o_1)
                                         scaleAdd._103_ (net)
                  0.07    0.00    8.45 v scaleAdd._417_/A2 (sky130_fd_sc_hd__a21bo_1)
     2    0.01    0.07    0.24    8.70 v scaleAdd._417_/X (sky130_fd_sc_hd__a21bo_1)
                                         scaleAdd._120_ (net)
                  0.07    0.00    8.70 v scaleAdd._432_/A2 (sky130_fd_sc_hd__a21o_1)
     2    0.01    0.07    0.23    8.93 v scaleAdd._432_/X (sky130_fd_sc_hd__a21o_1)
                                         scaleAdd._134_ (net)
                  0.07    0.00    8.93 v scaleAdd._444_/A2 (sky130_fd_sc_hd__a21o_1)
     2    0.01    0.06    0.22    9.15 v scaleAdd._444_/X (sky130_fd_sc_hd__a21o_1)
                                         scaleAdd._145_ (net)
                  0.06    0.00    9.15 v scaleAdd._447_/A2 (sky130_fd_sc_hd__a21o_1)
     2    0.01    0.07    0.22    9.37 v scaleAdd._447_/X (sky130_fd_sc_hd__a21o_1)
                                         scaleAdd._147_ (net)
                  0.07    0.00    9.37 v scaleAdd._449_/B2 (sky130_fd_sc_hd__a2bb2o_1)
     4    0.01    0.08    0.31    9.68 v scaleAdd._449_/X (sky130_fd_sc_hd__a2bb2o_1)
                                         accumulator.io_inMant[15] (net)
                  0.08    0.00    9.68 v accumulator._1181_/A (sky130_fd_sc_hd__or4_1)
     1    0.00    0.08    0.54   10.22 v accumulator._1181_/X (sky130_fd_sc_hd__or4_1)
                                         accumulator._0045_ (net)
                  0.08    0.00   10.22 v accumulator._1182_/A (sky130_fd_sc_hd__buf_2)
    10    0.03    0.08    0.20   10.41 v accumulator._1182_/X (sky130_fd_sc_hd__buf_2)
                                         accumulator._0055_ (net)
                  0.08    0.00   10.41 v accumulator._1200_/A_N (sky130_fd_sc_hd__and2b_1)
     6    0.02    0.14    0.29   10.70 ^ accumulator._1200_/X (sky130_fd_sc_hd__and2b_1)
                                         accumulator._0232_ (net)
                  0.14    0.00   10.70 ^ accumulator._1201_/B1_N (sky130_fd_sc_hd__o21ba_1)
     5    0.02    0.09    0.23   10.93 v accumulator._1201_/X (sky130_fd_sc_hd__o21ba_1)
                                         accumulator._0241_ (net)
                  0.09    0.00   10.93 v accumulator._1202_/B (sky130_fd_sc_hd__and2_1)
     3    0.01    0.05    0.20   11.13 v accumulator._1202_/X (sky130_fd_sc_hd__and2_1)
                                         accumulator._0251_ (net)
                  0.05    0.00   11.13 v accumulator._1204_/A (sky130_fd_sc_hd__or2_1)
     3    0.01    0.08    0.27   11.40 v accumulator._1204_/X (sky130_fd_sc_hd__or2_1)
                                         accumulator._0271_ (net)
                  0.08    0.00   11.40 v accumulator._1205_/A (sky130_fd_sc_hd__inv_2)
     3    0.01    0.05    0.07   11.48 ^ accumulator._1205_/Y (sky130_fd_sc_hd__inv_2)
                                         accumulator._0281_ (net)
                  0.05    0.00   11.48 ^ accumulator._1218_/A2 (sky130_fd_sc_hd__a311o_1)
     4    0.01    0.14    0.23   11.71 ^ accumulator._1218_/X (sky130_fd_sc_hd__a311o_1)
                                         accumulator._0315_ (net)
                  0.14    0.00   11.71 ^ accumulator._1219_/C (sky130_fd_sc_hd__nand3_1)
     2    0.01    0.09    0.12   11.83 v accumulator._1219_/Y (sky130_fd_sc_hd__nand3_1)
                                         accumulator._0316_ (net)
                  0.09    0.00   11.83 v accumulator._1228_/A1 (sky130_fd_sc_hd__a211o_1)
     5    0.01    0.08    0.33   12.16 v accumulator._1228_/X (sky130_fd_sc_hd__a211o_1)
                                         accumulator._0325_ (net)
                  0.08    0.00   12.16 v accumulator._1242_/A1 (sky130_fd_sc_hd__o22a_1)
     3    0.01    0.06    0.25   12.41 v accumulator._1242_/X (sky130_fd_sc_hd__o22a_1)
                                         accumulator._0339_ (net)
                  0.06    0.00   12.41 v accumulator._1255_/C (sky130_fd_sc_hd__or3_2)
     5    0.02    0.12    0.50   12.91 v accumulator._1255_/X (sky130_fd_sc_hd__or3_2)
                                         accumulator._0352_ (net)
                  0.12    0.00   12.91 v accumulator._1257_/A2 (sky130_fd_sc_hd__a21o_2)
     2    0.02    0.07    0.30   13.21 v accumulator._1257_/X (sky130_fd_sc_hd__a21o_2)
                                         accumulator._0354_ (net)
                  0.07    0.00   13.21 v accumulator._1259_/A2 (sky130_fd_sc_hd__a21o_2)
     2    0.02    0.07    0.28   13.48 v accumulator._1259_/X (sky130_fd_sc_hd__a21o_2)
                                         accumulator._0356_ (net)
                  0.07    0.00   13.48 v accumulator._1264_/A1 (sky130_fd_sc_hd__a21o_1)
     2    0.01    0.07    0.21   13.69 v accumulator._1264_/X (sky130_fd_sc_hd__a21o_1)
                                         accumulator._0361_ (net)
                  0.07    0.00   13.69 v accumulator._1266_/A2 (sky130_fd_sc_hd__a21o_1)
     2    0.01    0.07    0.23   13.92 v accumulator._1266_/X (sky130_fd_sc_hd__a21o_1)
                                         accumulator._0363_ (net)
                  0.07    0.00   13.92 v accumulator._1272_/A1 (sky130_fd_sc_hd__a21o_1)
     2    0.02    0.09    0.23   14.15 v accumulator._1272_/X (sky130_fd_sc_hd__a21o_1)
                                         accumulator._0369_ (net)
                  0.09    0.00   14.15 v accumulator._1278_/A1 (sky130_fd_sc_hd__a21oi_4)
     4    0.04    0.31    0.32   14.47 ^ accumulator._1278_/Y (sky130_fd_sc_hd__a21oi_4)
                                         accumulator._0375_ (net)
                  0.31    0.00   14.47 ^ accumulator._1279_/B (sky130_fd_sc_hd__xnor2_4)
    10    0.05    0.37    0.25   14.72 ^ accumulator._1279_/Y (sky130_fd_sc_hd__xnor2_4)
                                         accumulator._0376_ (net)
                  0.37    0.00   14.72 ^ accumulator._1280_/A (sky130_fd_sc_hd__clkbuf_4)
    10    0.04    0.14    0.32   15.04 ^ accumulator._1280_/X (sky130_fd_sc_hd__clkbuf_4)
                                         accumulator._0377_ (net)
                  0.14    0.00   15.04 ^ accumulator._1413_/S (sky130_fd_sc_hd__mux2_1)
     2    0.01    0.09    0.40   15.44 v accumulator._1413_/X (sky130_fd_sc_hd__mux2_1)
                                         accumulator._0508_ (net)
                  0.09    0.00   15.44 v accumulator._1414_/A2 (sky130_fd_sc_hd__a21o_1)
     2    0.01    0.05    0.22   15.66 v accumulator._1414_/X (sky130_fd_sc_hd__a21o_1)
                                         accumulator._0509_ (net)
                  0.05    0.00   15.66 v accumulator._1415_/A2 (sky130_fd_sc_hd__a21o_1)
     2    0.01    0.05    0.20   15.86 v accumulator._1415_/X (sky130_fd_sc_hd__a21o_1)
                                         accumulator._0510_ (net)
                  0.05    0.00   15.86 v accumulator._1417_/A2 (sky130_fd_sc_hd__a21o_1)
     2    0.01    0.05    0.20   16.06 v accumulator._1417_/X (sky130_fd_sc_hd__a21o_1)
                                         accumulator._0512_ (net)
                  0.05    0.00   16.06 v accumulator._1432_/A3 (sky130_fd_sc_hd__a31o_1)
     3    0.01    0.07    0.26   16.32 v accumulator._1432_/X (sky130_fd_sc_hd__a31o_1)
                                         accumulator._0527_ (net)
                  0.07    0.00   16.32 v accumulator._1721_/B1 (sky130_fd_sc_hd__a32o_2)
     4    0.02    0.08    0.28   16.60 v accumulator._1721_/X (sky130_fd_sc_hd__a32o_2)
                                         accumulator._0816_ (net)
                  0.08    0.00   16.60 v accumulator._1736_/B1 (sky130_fd_sc_hd__a2111o_2)
     5    0.02    0.10    0.53   17.13 v accumulator._1736_/X (sky130_fd_sc_hd__a2111o_2)
                                         accumulator._0831_ (net)
                  0.10    0.00   17.13 v accumulator._1854_/A3 (sky130_fd_sc_hd__a31o_1)
     1    0.00    0.05    0.25   17.38 v accumulator._1854_/X (sky130_fd_sc_hd__a31o_1)
                                         accumulator._0949_ (net)
                  0.05    0.00   17.38 v accumulator._1855_/B (sky130_fd_sc_hd__xnor2_1)
     2    0.01    0.26    0.25   17.63 ^ accumulator._1855_/Y (sky130_fd_sc_hd__xnor2_1)
                                         accumulator._0950_ (net)
                  0.26    0.00   17.63 ^ accumulator._1856_/B_N (sky130_fd_sc_hd__or2b_1)
     2    0.00    0.05    0.28   17.91 v accumulator._1856_/X (sky130_fd_sc_hd__or2b_1)
                                         accumulator._0951_ (net)
                  0.05    0.00   17.91 v accumulator._1860_/A (sky130_fd_sc_hd__or2_1)
     3    0.01    0.07    0.26   18.17 v accumulator._1860_/X (sky130_fd_sc_hd__or2_1)
                                         accumulator._0955_ (net)
                  0.07    0.00   18.17 v accumulator._1873_/A (sky130_fd_sc_hd__or4b_2)
     3    0.01    0.13    0.75   18.92 v accumulator._1873_/X (sky130_fd_sc_hd__or4b_2)
                                         accumulator._0968_ (net)
                  0.13    0.00   18.92 v accumulator._1883_/A (sky130_fd_sc_hd__nor3b_1)
     3    0.01    0.27    0.31   19.23 ^ accumulator._1883_/Y (sky130_fd_sc_hd__nor3b_1)
                                         accumulator._0978_ (net)
                  0.27    0.00   19.23 ^ accumulator._1893_/A (sky130_fd_sc_hd__and3_1)
     3    0.01    0.08    0.24   19.47 ^ accumulator._1893_/X (sky130_fd_sc_hd__and3_1)
                                         accumulator._0988_ (net)
                  0.08    0.00   19.47 ^ accumulator._1902_/A (sky130_fd_sc_hd__and3_1)
     3    0.01    0.10    0.20   19.66 ^ accumulator._1902_/X (sky130_fd_sc_hd__and3_1)
                                         accumulator._0997_ (net)
                  0.10    0.00   19.67 ^ accumulator._1909_/A (sky130_fd_sc_hd__and3_1)
     4    0.01    0.10    0.20   19.86 ^ accumulator._1909_/X (sky130_fd_sc_hd__and3_1)
                                         accumulator._1004_ (net)
                  0.10    0.00   19.86 ^ accumulator._1949_/D_N (sky130_fd_sc_hd__or4b_1)
     2    0.00    0.09    0.47   20.34 v accumulator._1949_/X (sky130_fd_sc_hd__or4b_1)
                                         accumulator._1044_ (net)
                  0.09    0.00   20.34 v accumulator._1953_/A_N (sky130_fd_sc_hd__and2b_1)
     2    0.01    0.07    0.23   20.57 ^ accumulator._1953_/X (sky130_fd_sc_hd__and2b_1)
                                         accumulator._1048_ (net)
                  0.07    0.00   20.57 ^ accumulator._1963_/B (sky130_fd_sc_hd__nand2_1)
     2    0.01    0.08    0.07   20.64 v accumulator._1963_/Y (sky130_fd_sc_hd__nand2_1)
                                         accumulator._1058_ (net)
                  0.08    0.00   20.64 v accumulator._1968_/A (sky130_fd_sc_hd__nor2_1)
     3    0.01    0.20    0.21   20.85 ^ accumulator._1968_/Y (sky130_fd_sc_hd__nor2_1)
                                         accumulator._1063_ (net)
                  0.20    0.00   20.85 ^ accumulator._1987_/A2 (sky130_fd_sc_hd__a21o_1)
     1    0.02    0.15    0.23   21.08 ^ accumulator._1987_/X (sky130_fd_sc_hd__a21o_1)
                                         accumulator._1082_ (net)
                  0.15    0.00   21.08 ^ accumulator._1988_/B (sky130_fd_sc_hd__xor2_4)
     4    0.02    0.20    0.24   21.32 ^ accumulator._1988_/X (sky130_fd_sc_hd__xor2_4)
                                         accumulator._1083_ (net)
                  0.20    0.00   21.32 ^ accumulator._1989_/A (sky130_fd_sc_hd__inv_2)
     2    0.00    0.04    0.05   21.37 v accumulator._1989_/Y (sky130_fd_sc_hd__inv_2)
                                         accumulator._1084_ (net)
                  0.04    0.00   21.37 v accumulator._1996_/B (sky130_fd_sc_hd__or3_1)
     2    0.00    0.07    0.36   21.73 v accumulator._1996_/X (sky130_fd_sc_hd__or3_1)
                                         accumulator._1091_ (net)
                  0.07    0.00   21.73 v accumulator._2031_/A (sky130_fd_sc_hd__or2_1)
     1    0.00    0.05    0.24   21.97 v accumulator._2031_/X (sky130_fd_sc_hd__or2_1)
                                         accumulator._1126_ (net)
                  0.05    0.00   21.97 v accumulator._2032_/A (sky130_fd_sc_hd__clkbuf_4)
     9    0.04    0.08    0.20   22.17 v accumulator._2032_/X (sky130_fd_sc_hd__clkbuf_4)
                                         accumulator._1127_ (net)
                  0.08    0.00   22.17 v accumulator._2297_/A (sky130_fd_sc_hd__xor2_1)
     2    0.01    0.19    0.22   22.39 ^ accumulator._2297_/X (sky130_fd_sc_hd__xor2_1)
                                         accumulator._0248_ (net)
                  0.19    0.00   22.39 ^ accumulator._2298_/B (sky130_fd_sc_hd__xor2_1)
     2    0.01    0.21    0.24   22.63 ^ accumulator._2298_/X (sky130_fd_sc_hd__xor2_1)
                                         accumulator._0249_ (net)
                  0.21    0.00   22.63 ^ accumulator._2308_/A4 (sky130_fd_sc_hd__a41o_1)
     2    0.01    0.07    0.23   22.85 ^ accumulator._2308_/X (sky130_fd_sc_hd__a41o_1)
                                         accumulator._0259_ (net)
                  0.07    0.00   22.85 ^ accumulator._2310_/B (sky130_fd_sc_hd__nand2_1)
     3    0.01    0.07    0.08   22.94 v accumulator._2310_/Y (sky130_fd_sc_hd__nand2_1)
                                         accumulator._0262_ (net)
                  0.07    0.00   22.94 v accumulator._2322_/A2 (sky130_fd_sc_hd__a21o_1)
     5    0.01    0.08    0.24   23.18 v accumulator._2322_/X (sky130_fd_sc_hd__a21o_1)
                                         accumulator._0274_ (net)
                  0.08    0.00   23.18 v accumulator._2332_/A2 (sky130_fd_sc_hd__a31o_1)
     1    0.00    0.04    0.22   23.40 v accumulator._2332_/X (sky130_fd_sc_hd__a31o_1)
                                         accumulator._0284_ (net)
                  0.04    0.00   23.40 v accumulator._2334_/A2 (sky130_fd_sc_hd__o211a_1)
     1    0.00    0.03    0.20   23.60 v accumulator._2334_/X (sky130_fd_sc_hd__o211a_1)
                                         accumulator._0030_ (net)
                  0.03    0.00   23.60 v accumulator._2385_/D (sky130_fd_sc_hd__dfxtp_1)
                                 23.60   data arrival time

                  0.15   25.00   25.00   clock clock (rise edge)
                          0.00   25.00   clock network delay (ideal)
                         -0.25   24.75   clock uncertainty
                          0.00   24.75   clock reconvergence pessimism
                                 24.75 ^ accumulator._2385_/CLK (sky130_fd_sc_hd__dfxtp_1)
                         -0.08   24.67   library setup time
                                 24.67   data required time
-----------------------------------------------------------------------------
                                 24.67   data required time
                                -23.60   data arrival time
-----------------------------------------------------------------------------
                                  1.07   slack (MET)


Startpoint: io_inScaleA[2] (input port clocked by clock)
Endpoint: accumulator._2383_ (rising edge-triggered flip-flop clocked by clock)
Path Group: clock
Path Type: max

Fanout     Cap    Slew   Delay    Time   Description
-----------------------------------------------------------------------------
                  0.15    0.00    0.00   clock clock (rise edge)
                          0.00    0.00   clock network delay (ideal)
                          5.00    5.00 ^ input external delay
     1    0.00    0.02    0.01    5.01 ^ io_inScaleA[2] (in)
                                         io_inScaleA[2] (net)
                  0.02    0.00    5.01 ^ input11/A (sky130_fd_sc_hd__clkbuf_2)
    10    0.03    0.14    0.17    5.19 ^ input11/X (sky130_fd_sc_hd__clkbuf_2)
                                         net11 (net)
                  0.14    0.00    5.19 ^ scaleAdd._279_/A1 (sky130_fd_sc_hd__a22o_1)
     3    0.01    0.08    0.19    5.38 ^ scaleAdd._279_/X (sky130_fd_sc_hd__a22o_1)
                                         scaleAdd._221_ (net)
                  0.08    0.00    5.38 ^ scaleAdd._285_/B_N (sky130_fd_sc_hd__or2b_1)
     1    0.00    0.06    0.25    5.63 v scaleAdd._285_/X (sky130_fd_sc_hd__or2b_1)
                                         scaleAdd._227_ (net)
                  0.06    0.00    5.63 v scaleAdd._286_/A (sky130_fd_sc_hd__xnor2_1)
     3    0.01    0.08    0.16    5.79 v scaleAdd._286_/Y (sky130_fd_sc_hd__xnor2_1)
                                         scaleAdd._228_ (net)
                  0.08    0.00    5.79 v scaleAdd._311_/B (sky130_fd_sc_hd__or2_1)
     1    0.00    0.05    0.22    6.02 v scaleAdd._311_/X (sky130_fd_sc_hd__or2_1)
                                         scaleAdd._018_ (net)
                  0.05    0.00    6.02 v scaleAdd._313_/A2 (sky130_fd_sc_hd__a21oi_1)
     2    0.01    0.19    0.21    6.23 ^ scaleAdd._313_/Y (sky130_fd_sc_hd__a21oi_1)
                                         scaleAdd._020_ (net)
                  0.19    0.00    6.23 ^ scaleAdd._314_/B (sky130_fd_sc_hd__xnor2_1)
     2    0.01    0.19    0.17    6.40 ^ scaleAdd._314_/Y (sky130_fd_sc_hd__xnor2_1)
                                         scaleAdd._021_ (net)
                  0.19    0.00    6.40 ^ scaleAdd._315_/S (sky130_fd_sc_hd__mux2_2)
     5    0.02    0.08    0.43    6.83 v scaleAdd._315_/X (sky130_fd_sc_hd__mux2_2)
                                         scaleAdd._022_ (net)
                  0.08    0.00    6.83 v scaleAdd._321_/A2 (sky130_fd_sc_hd__a21o_1)
     2    0.00    0.04    0.20    7.03 v scaleAdd._321_/X (sky130_fd_sc_hd__a21o_1)
                                         scaleAdd._028_ (net)
                  0.04    0.00    7.03 v scaleAdd._325_/A (sky130_fd_sc_hd__and3_1)
     3    0.01    0.05    0.16    7.19 v scaleAdd._325_/X (sky130_fd_sc_hd__and3_1)
                                         scaleAdd._032_ (net)
                  0.05    0.00    7.19 v scaleAdd._328_/A (sky130_fd_sc_hd__or3_1)
     3    0.01    0.08    0.41    7.60 v scaleAdd._328_/X (sky130_fd_sc_hd__or3_1)
                                         scaleAdd._035_ (net)
                  0.08    0.00    7.60 v scaleAdd._332_/A1 (sky130_fd_sc_hd__a21o_1)
     2    0.00    0.04    0.18    7.78 v scaleAdd._332_/X (sky130_fd_sc_hd__a21o_1)
                                         scaleAdd._039_ (net)
                  0.04    0.00    7.78 v scaleAdd._361_/A2 (sky130_fd_sc_hd__a21o_1)
     2    0.01    0.07    0.22    8.00 v scaleAdd._361_/X (sky130_fd_sc_hd__a21o_1)
                                         scaleAdd._067_ (net)
                  0.07    0.00    8.00 v scaleAdd._383_/A2 (sky130_fd_sc_hd__a21o_1)
     2    0.01    0.07    0.23    8.22 v scaleAdd._383_/X (sky130_fd_sc_hd__a21o_1)
                                         scaleAdd._088_ (net)
                  0.07    0.00    8.22 v scaleAdd._399_/A2 (sky130_fd_sc_hd__a21o_1)
     2    0.01    0.07    0.23    8.45 v scaleAdd._399_/X (sky130_fd_sc_hd__a21o_1)
                                         scaleAdd._103_ (net)
                  0.07    0.00    8.45 v scaleAdd._417_/A2 (sky130_fd_sc_hd__a21bo_1)
     2    0.01    0.07    0.24    8.70 v scaleAdd._417_/X (sky130_fd_sc_hd__a21bo_1)
                                         scaleAdd._120_ (net)
                  0.07    0.00    8.70 v scaleAdd._432_/A2 (sky130_fd_sc_hd__a21o_1)
     2    0.01    0.07    0.23    8.93 v scaleAdd._432_/X (sky130_fd_sc_hd__a21o_1)
                                         scaleAdd._134_ (net)
                  0.07    0.00    8.93 v scaleAdd._444_/A2 (sky130_fd_sc_hd__a21o_1)
     2    0.01    0.06    0.22    9.15 v scaleAdd._444_/X (sky130_fd_sc_hd__a21o_1)
                                         scaleAdd._145_ (net)
                  0.06    0.00    9.15 v scaleAdd._447_/A2 (sky130_fd_sc_hd__a21o_1)
     2    0.01    0.07    0.22    9.37 v scaleAdd._447_/X (sky130_fd_sc_hd__a21o_1)
                                         scaleAdd._147_ (net)
                  0.07    0.00    9.37 v scaleAdd._449_/B2 (sky130_fd_sc_hd__a2bb2o_1)
     4    0.01    0.08    0.31    9.68 v scaleAdd._449_/X (sky130_fd_sc_hd__a2bb2o_1)
                                         accumulator.io_inMant[15] (net)
                  0.08    0.00    9.68 v accumulator._1181_/A (sky130_fd_sc_hd__or4_1)
     1    0.00    0.08    0.54   10.22 v accumulator._1181_/X (sky130_fd_sc_hd__or4_1)
                                         accumulator._0045_ (net)
                  0.08    0.00   10.22 v accumulator._1182_/A (sky130_fd_sc_hd__buf_2)
    10    0.03    0.08    0.20   10.41 v accumulator._1182_/X (sky130_fd_sc_hd__buf_2)
                                         accumulator._0055_ (net)
                  0.08    0.00   10.41 v accumulator._1200_/A_N (sky130_fd_sc_hd__and2b_1)
     6    0.02    0.14    0.29   10.70 ^ accumulator._1200_/X (sky130_fd_sc_hd__and2b_1)
                                         accumulator._0232_ (net)
                  0.14    0.00   10.70 ^ accumulator._1201_/B1_N (sky130_fd_sc_hd__o21ba_1)
     5    0.02    0.09    0.23   10.93 v accumulator._1201_/X (sky130_fd_sc_hd__o21ba_1)
                                         accumulator._0241_ (net)
                  0.09    0.00   10.93 v accumulator._1202_/B (sky130_fd_sc_hd__and2_1)
     3    0.01    0.05    0.20   11.13 v accumulator._1202_/X (sky130_fd_sc_hd__and2_1)
                                         accumulator._0251_ (net)
                  0.05    0.00   11.13 v accumulator._1204_/A (sky130_fd_sc_hd__or2_1)
     3    0.01    0.08    0.27   11.40 v accumulator._1204_/X (sky130_fd_sc_hd__or2_1)
                                         accumulator._0271_ (net)
                  0.08    0.00   11.40 v accumulator._1205_/A (sky130_fd_sc_hd__inv_2)
     3    0.01    0.05    0.07   11.48 ^ accumulator._1205_/Y (sky130_fd_sc_hd__inv_2)
                                         accumulator._0281_ (net)
                  0.05    0.00   11.48 ^ accumulator._1218_/A2 (sky130_fd_sc_hd__a311o_1)
     4    0.01    0.14    0.23   11.71 ^ accumulator._1218_/X (sky130_fd_sc_hd__a311o_1)
                                         accumulator._0315_ (net)
                  0.14    0.00   11.71 ^ accumulator._1219_/C (sky130_fd_sc_hd__nand3_1)
     2    0.01    0.09    0.12   11.83 v accumulator._1219_/Y (sky130_fd_sc_hd__nand3_1)
                                         accumulator._0316_ (net)
                  0.09    0.00   11.83 v accumulator._1228_/A1 (sky130_fd_sc_hd__a211o_1)
     5    0.01    0.08    0.33   12.16 v accumulator._1228_/X (sky130_fd_sc_hd__a211o_1)
                                         accumulator._0325_ (net)
                  0.08    0.00   12.16 v accumulator._1242_/A1 (sky130_fd_sc_hd__o22a_1)
     3    0.01    0.06    0.25   12.41 v accumulator._1242_/X (sky130_fd_sc_hd__o22a_1)
                                         accumulator._0339_ (net)
                  0.06    0.00   12.41 v accumulator._1255_/C (sky130_fd_sc_hd__or3_2)
     5    0.02    0.12    0.50   12.91 v accumulator._1255_/X (sky130_fd_sc_hd__or3_2)
                                         accumulator._0352_ (net)
                  0.12    0.00   12.91 v accumulator._1257_/A2 (sky130_fd_sc_hd__a21o_2)
     2    0.02    0.07    0.30   13.21 v accumulator._1257_/X (sky130_fd_sc_hd__a21o_2)
                                         accumulator._0354_ (net)
                  0.07    0.00   13.21 v accumulator._1259_/A2 (sky130_fd_sc_hd__a21o_2)
     2    0.02    0.07    0.28   13.48 v accumulator._1259_/X (sky130_fd_sc_hd__a21o_2)
                                         accumulator._0356_ (net)
                  0.07    0.00   13.48 v accumulator._1264_/A1 (sky130_fd_sc_hd__a21o_1)
     2    0.01    0.07    0.21   13.69 v accumulator._1264_/X (sky130_fd_sc_hd__a21o_1)
                                         accumulator._0361_ (net)
                  0.07    0.00   13.69 v accumulator._1266_/A2 (sky130_fd_sc_hd__a21o_1)
     2    0.01    0.07    0.23   13.92 v accumulator._1266_/X (sky130_fd_sc_hd__a21o_1)
                                         accumulator._0363_ (net)
                  0.07    0.00   13.92 v accumulator._1272_/A1 (sky130_fd_sc_hd__a21o_1)
     2    0.02    0.09    0.23   14.15 v accumulator._1272_/X (sky130_fd_sc_hd__a21o_1)
                                         accumulator._0369_ (net)
                  0.09    0.00   14.15 v accumulator._1278_/A1 (sky130_fd_sc_hd__a21oi_4)
     4    0.04    0.31    0.32   14.47 ^ accumulator._1278_/Y (sky130_fd_sc_hd__a21oi_4)
                                         accumulator._0375_ (net)
                  0.31    0.00   14.47 ^ accumulator._1279_/B (sky130_fd_sc_hd__xnor2_4)
    10    0.05    0.37    0.25   14.72 ^ accumulator._1279_/Y (sky130_fd_sc_hd__xnor2_4)
                                         accumulator._0376_ (net)
                  0.37    0.00   14.72 ^ accumulator._1280_/A (sky130_fd_sc_hd__clkbuf_4)
    10    0.04    0.14    0.32   15.04 ^ accumulator._1280_/X (sky130_fd_sc_hd__clkbuf_4)
                                         accumulator._0377_ (net)
                  0.14    0.00   15.04 ^ accumulator._1413_/S (sky130_fd_sc_hd__mux2_1)
     2    0.01    0.09    0.40   15.44 v accumulator._1413_/X (sky130_fd_sc_hd__mux2_1)
                                         accumulator._0508_ (net)
                  0.09    0.00   15.44 v accumulator._1414_/A2 (sky130_fd_sc_hd__a21o_1)
     2    0.01    0.05    0.22   15.66 v accumulator._1414_/X (sky130_fd_sc_hd__a21o_1)
                                         accumulator._0509_ (net)
                  0.05    0.00   15.66 v accumulator._1415_/A2 (sky130_fd_sc_hd__a21o_1)
     2    0.01    0.05    0.20   15.86 v accumulator._1415_/X (sky130_fd_sc_hd__a21o_1)
                                         accumulator._0510_ (net)
                  0.05    0.00   15.86 v accumulator._1417_/A2 (sky130_fd_sc_hd__a21o_1)
     2    0.01    0.05    0.20   16.06 v accumulator._1417_/X (sky130_fd_sc_hd__a21o_1)
                                         accumulator._0512_ (net)
                  0.05    0.00   16.06 v accumulator._1432_/A3 (sky130_fd_sc_hd__a31o_1)
     3    0.01    0.07    0.26   16.32 v accumulator._1432_/X (sky130_fd_sc_hd__a31o_1)
                                         accumulator._0527_ (net)
                  0.07    0.00   16.32 v accumulator._1721_/B1 (sky130_fd_sc_hd__a32o_2)
     4    0.02    0.08    0.28   16.60 v accumulator._1721_/X (sky130_fd_sc_hd__a32o_2)
                                         accumulator._0816_ (net)
                  0.08    0.00   16.60 v accumulator._1736_/B1 (sky130_fd_sc_hd__a2111o_2)
     5    0.02    0.10    0.53   17.13 v accumulator._1736_/X (sky130_fd_sc_hd__a2111o_2)
                                         accumulator._0831_ (net)
                  0.10    0.00   17.13 v accumulator._1738_/A2 (sky130_fd_sc_hd__a21o_1)
     3    0.01    0.05    0.23   17.36 v accumulator._1738_/X (sky130_fd_sc_hd__a21o_1)
                                         accumulator._0833_ (net)
                  0.05    0.00   17.36 v accumulator._1744_/A1 (sky130_fd_sc_hd__a2111o_1)
     3    0.01    0.09    0.42   17.78 v accumulator._1744_/X (sky130_fd_sc_hd__a2111o_1)
                                         accumulator._0839_ (net)
                  0.09    0.00   17.78 v accumulator._1748_/A2 (sky130_fd_sc_hd__a2111o_1)
     2    0.00    0.07    0.45   18.24 v accumulator._1748_/X (sky130_fd_sc_hd__a2111o_1)
                                         accumulator._0843_ (net)
                  0.07    0.00   18.24 v accumulator._1751_/A2 (sky130_fd_sc_hd__a21o_1)
     2    0.01    0.05    0.21   18.44 v accumulator._1751_/X (sky130_fd_sc_hd__a21o_1)
                                         accumulator._0846_ (net)
                  0.05    0.00   18.44 v accumulator._1773_/A2 (sky130_fd_sc_hd__a21o_1)
     2    0.01    0.04    0.19   18.63 v accumulator._1773_/X (sky130_fd_sc_hd__a21o_1)
                                         accumulator._0868_ (net)
                  0.04    0.00   18.63 v accumulator._1798_/A2 (sky130_fd_sc_hd__a311o_1)
     2    0.01    0.08    0.35   18.98 v accumulator._1798_/X (sky130_fd_sc_hd__a311o_1)
                                         accumulator._0893_ (net)
                  0.08    0.00   18.98 v accumulator._1814_/A1 (sky130_fd_sc_hd__a21o_1)
     2    0.01    0.05    0.19   19.17 v accumulator._1814_/X (sky130_fd_sc_hd__a21o_1)
                                         accumulator._0909_ (net)
                  0.05    0.00   19.17 v accumulator._1825_/A2 (sky130_fd_sc_hd__a31oi_2)
     3    0.01    0.20    0.23   19.40 ^ accumulator._1825_/Y (sky130_fd_sc_hd__a31oi_2)
                                         accumulator._0920_ (net)
                  0.20    0.00   19.40 ^ accumulator._1926_/A2 (sky130_fd_sc_hd__a21o_1)
     3    0.01    0.09    0.20   19.60 ^ accumulator._1926_/X (sky130_fd_sc_hd__a21o_1)
                                         accumulator._1021_ (net)
                  0.09    0.00   19.60 ^ accumulator._2039_/S (sky130_fd_sc_hd__mux2_1)
     3    0.01    0.10    0.40   19.99 v accumulator._2039_/X (sky130_fd_sc_hd__mux2_1)
                                         accumulator._1134_ (net)
                  0.10    0.00   19.99 v accumulator._2059_/B2 (sky130_fd_sc_hd__a221oi_1)
     1    0.00    0.25    0.31   20.30 ^ accumulator._2059_/Y (sky130_fd_sc_hd__a221oi_1)
                                         accumulator._1155_ (net)
                  0.25    0.00   20.30 ^ accumulator._2060_/A2 (sky130_fd_sc_hd__o21ai_1)
     1    0.00    0.07    0.10   20.40 v accumulator._2060_/Y (sky130_fd_sc_hd__o21ai_1)
                                         accumulator._1156_ (net)
                  0.07    0.00   20.40 v accumulator._2061_/A2 (sky130_fd_sc_hd__a21o_1)
     1    0.00    0.03    0.19   20.59 v accumulator._2061_/X (sky130_fd_sc_hd__a21o_1)
                                         accumulator._1157_ (net)
                  0.03    0.00   20.59 v accumulator._2062_/A2 (sky130_fd_sc_hd__a21o_1)
     1    0.00    0.03    0.17   20.76 v accumulator._2062_/X (sky130_fd_sc_hd__a21o_1)
                                         accumulator._1158_ (net)
                  0.03    0.00   20.76 v accumulator._2063_/A2 (sky130_fd_sc_hd__a21o_1)
     1    0.00    0.03    0.17   20.93 v accumulator._2063_/X (sky130_fd_sc_hd__a21o_1)
                                         accumulator._1159_ (net)
                  0.03    0.00   20.93 v accumulator._2064_/A2 (sky130_fd_sc_hd__a21o_1)
     1    0.00    0.04    0.18   21.11 v accumulator._2064_/X (sky130_fd_sc_hd__a21o_1)
                                         accumulator._1160_ (net)
                  0.04    0.00   21.11 v accumulator._2065_/A2 (sky130_fd_sc_hd__a21oi_1)
     1    0.00    0.12    0.14   21.26 ^ accumulator._2065_/Y (sky130_fd_sc_hd__a21oi_1)
                                         accumulator._1161_ (net)
                  0.12    0.00   21.26 ^ accumulator._2067_/A2 (sky130_fd_sc_hd__o21ai_1)
     1    0.00    0.06    0.07   21.33 v accumulator._2067_/Y (sky130_fd_sc_hd__o21ai_1)
                                         accumulator._1163_ (net)
                  0.06    0.00   21.33 v accumulator._2068_/A2 (sky130_fd_sc_hd__a21o_1)
     1    0.00    0.03    0.18   21.51 v accumulator._2068_/X (sky130_fd_sc_hd__a21o_1)
                                         accumulator._1164_ (net)
                  0.03    0.00   21.51 v accumulator._2069_/A2 (sky130_fd_sc_hd__a21o_1)
     1    0.00    0.04    0.18   21.69 v accumulator._2069_/X (sky130_fd_sc_hd__a21o_1)
                                         accumulator._1165_ (net)
                  0.04    0.00   21.69 v accumulator._2070_/A2 (sky130_fd_sc_hd__a211o_1)
     1    0.00    0.04    0.29   21.98 v accumulator._2070_/X (sky130_fd_sc_hd__a211o_1)
                                         accumulator._1167_ (net)
                  0.04    0.00   21.98 v accumulator._2073_/B1 (sky130_fd_sc_hd__a2bb2o_1)
     2    0.01    0.06    0.30   22.29 v accumulator._2073_/X (sky130_fd_sc_hd__a2bb2o_1)
                                         accumulator._1170_ (net)
                  0.06    0.00   22.29 v accumulator._2074_/A (sky130_fd_sc_hd__clkbuf_4)
    10    0.04    0.09    0.21   22.49 v accumulator._2074_/X (sky130_fd_sc_hd__clkbuf_4)
                                         accumulator._1171_ (net)
                  0.09    0.00   22.49 v accumulator._2101_/A (sky130_fd_sc_hd__clkbuf_4)
    10    0.04    0.09    0.22   22.72 v accumulator._2101_/X (sky130_fd_sc_hd__clkbuf_4)
                                         accumulator._0057_ (net)
                  0.09    0.00   22.72 v accumulator._2308_/A1 (sky130_fd_sc_hd__a41o_1)
     2    0.00    0.05    0.21   22.93 v accumulator._2308_/X (sky130_fd_sc_hd__a41o_1)
                                         accumulator._0259_ (net)
                  0.05    0.00   22.93 v accumulator._2309_/B (sky130_fd_sc_hd__or2_1)
     1    0.00    0.04    0.20   23.13 v accumulator._2309_/X (sky130_fd_sc_hd__or2_1)
                                         accumulator._0260_ (net)
                  0.04    0.00   23.13 v accumulator._2311_/A (sky130_fd_sc_hd__and2_1)
     1    0.00    0.04    0.15   23.28 v accumulator._2311_/X (sky130_fd_sc_hd__and2_1)
                                         accumulator._0263_ (net)
                  0.04    0.00   23.28 v accumulator._2313_/A2 (sky130_fd_sc_hd__o211a_1)
     1    0.00    0.04    0.20   23.48 v accumulator._2313_/X (sky130_fd_sc_hd__o211a_1)
                                         accumulator._0028_ (net)
                  0.04    0.00   23.48 v accumulator._2383_/D (sky130_fd_sc_hd__dfxtp_1)
                                 23.48   data arrival time

                  0.15   25.00   25.00   clock clock (rise edge)
                          0.00   25.00   clock network delay (ideal)
                         -0.25   24.75   clock uncertainty
                          0.00   24.75   clock reconvergence pessimism
                                 24.75 ^ accumulator._2383_/CLK (sky130_fd_sc_hd__dfxtp_1)
                         -0.08   24.67   library setup time
                                 24.67   data required time
-----------------------------------------------------------------------------
                                 24.67   data required time
                                -23.48   data arrival time
-----------------------------------------------------------------------------
                                  1.19   slack (MET)


Startpoint: io_inScaleA[2] (input port clocked by clock)
Endpoint: accumulator._2384_ (rising edge-triggered flip-flop clocked by clock)
Path Group: clock
Path Type: max

Fanout     Cap    Slew   Delay    Time   Description
-----------------------------------------------------------------------------
                  0.15    0.00    0.00   clock clock (rise edge)
                          0.00    0.00   clock network delay (ideal)
                          5.00    5.00 ^ input external delay
     1    0.00    0.02    0.01    5.01 ^ io_inScaleA[2] (in)
                                         io_inScaleA[2] (net)
                  0.02    0.00    5.01 ^ input11/A (sky130_fd_sc_hd__clkbuf_2)
    10    0.03    0.14    0.17    5.19 ^ input11/X (sky130_fd_sc_hd__clkbuf_2)
                                         net11 (net)
                  0.14    0.00    5.19 ^ scaleAdd._279_/A1 (sky130_fd_sc_hd__a22o_1)
     3    0.01    0.08    0.19    5.38 ^ scaleAdd._279_/X (sky130_fd_sc_hd__a22o_1)
                                         scaleAdd._221_ (net)
                  0.08    0.00    5.38 ^ scaleAdd._285_/B_N (sky130_fd_sc_hd__or2b_1)
     1    0.00    0.06    0.25    5.63 v scaleAdd._285_/X (sky130_fd_sc_hd__or2b_1)
                                         scaleAdd._227_ (net)
                  0.06    0.00    5.63 v scaleAdd._286_/A (sky130_fd_sc_hd__xnor2_1)
     3    0.01    0.08    0.16    5.79 v scaleAdd._286_/Y (sky130_fd_sc_hd__xnor2_1)
                                         scaleAdd._228_ (net)
                  0.08    0.00    5.79 v scaleAdd._311_/B (sky130_fd_sc_hd__or2_1)
     1    0.00    0.05    0.22    6.02 v scaleAdd._311_/X (sky130_fd_sc_hd__or2_1)
                                         scaleAdd._018_ (net)
                  0.05    0.00    6.02 v scaleAdd._313_/A2 (sky130_fd_sc_hd__a21oi_1)
     2    0.01    0.19    0.21    6.23 ^ scaleAdd._313_/Y (sky130_fd_sc_hd__a21oi_1)
                                         scaleAdd._020_ (net)
                  0.19    0.00    6.23 ^ scaleAdd._314_/B (sky130_fd_sc_hd__xnor2_1)
     2    0.01    0.19    0.17    6.40 ^ scaleAdd._314_/Y (sky130_fd_sc_hd__xnor2_1)
                                         scaleAdd._021_ (net)
                  0.19    0.00    6.40 ^ scaleAdd._315_/S (sky130_fd_sc_hd__mux2_2)
     5    0.02    0.08    0.43    6.83 v scaleAdd._315_/X (sky130_fd_sc_hd__mux2_2)
                                         scaleAdd._022_ (net)
                  0.08    0.00    6.83 v scaleAdd._321_/A2 (sky130_fd_sc_hd__a21o_1)
     2    0.00    0.04    0.20    7.03 v scaleAdd._321_/X (sky130_fd_sc_hd__a21o_1)
                                         scaleAdd._028_ (net)
                  0.04    0.00    7.03 v scaleAdd._325_/A (sky130_fd_sc_hd__and3_1)
     3    0.01    0.05    0.16    7.19 v scaleAdd._325_/X (sky130_fd_sc_hd__and3_1)
                                         scaleAdd._032_ (net)
                  0.05    0.00    7.19 v scaleAdd._328_/A (sky130_fd_sc_hd__or3_1)
     3    0.01    0.08    0.41    7.60 v scaleAdd._328_/X (sky130_fd_sc_hd__or3_1)
                                         scaleAdd._035_ (net)
                  0.08    0.00    7.60 v scaleAdd._332_/A1 (sky130_fd_sc_hd__a21o_1)
     2    0.00    0.04    0.18    7.78 v scaleAdd._332_/X (sky130_fd_sc_hd__a21o_1)
                                         scaleAdd._039_ (net)
                  0.04    0.00    7.78 v scaleAdd._361_/A2 (sky130_fd_sc_hd__a21o_1)
     2    0.01    0.07    0.22    8.00 v scaleAdd._361_/X (sky130_fd_sc_hd__a21o_1)
                                         scaleAdd._067_ (net)
                  0.07    0.00    8.00 v scaleAdd._383_/A2 (sky130_fd_sc_hd__a21o_1)
     2    0.01    0.07    0.23    8.22 v scaleAdd._383_/X (sky130_fd_sc_hd__a21o_1)
                                         scaleAdd._088_ (net)
                  0.07    0.00    8.22 v scaleAdd._399_/A2 (sky130_fd_sc_hd__a21o_1)
     2    0.01    0.07    0.23    8.45 v scaleAdd._399_/X (sky130_fd_sc_hd__a21o_1)
                                         scaleAdd._103_ (net)
                  0.07    0.00    8.45 v scaleAdd._417_/A2 (sky130_fd_sc_hd__a21bo_1)
     2    0.01    0.07    0.24    8.70 v scaleAdd._417_/X (sky130_fd_sc_hd__a21bo_1)
                                         scaleAdd._120_ (net)
                  0.07    0.00    8.70 v scaleAdd._432_/A2 (sky130_fd_sc_hd__a21o_1)
     2    0.01    0.07    0.23    8.93 v scaleAdd._432_/X (sky130_fd_sc_hd__a21o_1)
                                         scaleAdd._134_ (net)
                  0.07    0.00    8.93 v scaleAdd._444_/A2 (sky130_fd_sc_hd__a21o_1)
     2    0.01    0.06    0.22    9.15 v scaleAdd._444_/X (sky130_fd_sc_hd__a21o_1)
                                         scaleAdd._145_ (net)
                  0.06    0.00    9.15 v scaleAdd._447_/A2 (sky130_fd_sc_hd__a21o_1)
     2    0.01    0.07    0.22    9.37 v scaleAdd._447_/X (sky130_fd_sc_hd__a21o_1)
                                         scaleAdd._147_ (net)
                  0.07    0.00    9.37 v scaleAdd._449_/B2 (sky130_fd_sc_hd__a2bb2o_1)
     4    0.01    0.08    0.31    9.68 v scaleAdd._449_/X (sky130_fd_sc_hd__a2bb2o_1)
                                         accumulator.io_inMant[15] (net)
                  0.08    0.00    9.68 v accumulator._1181_/A (sky130_fd_sc_hd__or4_1)
     1    0.00    0.08    0.54   10.22 v accumulator._1181_/X (sky130_fd_sc_hd__or4_1)
                                         accumulator._0045_ (net)
                  0.08    0.00   10.22 v accumulator._1182_/A (sky130_fd_sc_hd__buf_2)
    10    0.03    0.08    0.20   10.41 v accumulator._1182_/X (sky130_fd_sc_hd__buf_2)
                                         accumulator._0055_ (net)
                  0.08    0.00   10.41 v accumulator._1200_/A_N (sky130_fd_sc_hd__and2b_1)
     6    0.02    0.14    0.29   10.70 ^ accumulator._1200_/X (sky130_fd_sc_hd__and2b_1)
                                         accumulator._0232_ (net)
                  0.14    0.00   10.70 ^ accumulator._1201_/B1_N (sky130_fd_sc_hd__o21ba_1)
     5    0.02    0.09    0.23   10.93 v accumulator._1201_/X (sky130_fd_sc_hd__o21ba_1)
                                         accumulator._0241_ (net)
                  0.09    0.00   10.93 v accumulator._1202_/B (sky130_fd_sc_hd__and2_1)
     3    0.01    0.05    0.20   11.13 v accumulator._1202_/X (sky130_fd_sc_hd__and2_1)
                                         accumulator._0251_ (net)
                  0.05    0.00   11.13 v accumulator._1204_/A (sky130_fd_sc_hd__or2_1)
     3    0.01    0.08    0.27   11.40 v accumulator._1204_/X (sky130_fd_sc_hd__or2_1)
                                         accumulator._0271_ (net)
                  0.08    0.00   11.40 v accumulator._1205_/A (sky130_fd_sc_hd__inv_2)
     3    0.01    0.05    0.07   11.48 ^ accumulator._1205_/Y (sky130_fd_sc_hd__inv_2)
                                         accumulator._0281_ (net)
                  0.05    0.00   11.48 ^ accumulator._1218_/A2 (sky130_fd_sc_hd__a311o_1)
     4    0.01    0.14    0.23   11.71 ^ accumulator._1218_/X (sky130_fd_sc_hd__a311o_1)
                                         accumulator._0315_ (net)
                  0.14    0.00   11.71 ^ accumulator._1219_/C (sky130_fd_sc_hd__nand3_1)
     2    0.01    0.09    0.12   11.83 v accumulator._1219_/Y (sky130_fd_sc_hd__nand3_1)
                                         accumulator._0316_ (net)
                  0.09    0.00   11.83 v accumulator._1228_/A1 (sky130_fd_sc_hd__a211o_1)
     5    0.01    0.08    0.33   12.16 v accumulator._1228_/X (sky130_fd_sc_hd__a211o_1)
                                         accumulator._0325_ (net)
                  0.08    0.00   12.16 v accumulator._1242_/A1 (sky130_fd_sc_hd__o22a_1)
     3    0.01    0.06    0.25   12.41 v accumulator._1242_/X (sky130_fd_sc_hd__o22a_1)
                                         accumulator._0339_ (net)
                  0.06    0.00   12.41 v accumulator._1255_/C (sky130_fd_sc_hd__or3_2)
     5    0.02    0.12    0.50   12.91 v accumulator._1255_/X (sky130_fd_sc_hd__or3_2)
                                         accumulator._0352_ (net)
                  0.12    0.00   12.91 v accumulator._1257_/A2 (sky130_fd_sc_hd__a21o_2)
     2    0.02    0.07    0.30   13.21 v accumulator._1257_/X (sky130_fd_sc_hd__a21o_2)
                                         accumulator._0354_ (net)
                  0.07    0.00   13.21 v accumulator._1259_/A2 (sky130_fd_sc_hd__a21o_2)
     2    0.02    0.07    0.28   13.48 v accumulator._1259_/X (sky130_fd_sc_hd__a21o_2)
                                         accumulator._0356_ (net)
                  0.07    0.00   13.48 v accumulator._1264_/A1 (sky130_fd_sc_hd__a21o_1)
     2    0.01    0.07    0.21   13.69 v accumulator._1264_/X (sky130_fd_sc_hd__a21o_1)
                                         accumulator._0361_ (net)
                  0.07    0.00   13.69 v accumulator._1266_/A2 (sky130_fd_sc_hd__a21o_1)
     2    0.01    0.07    0.23   13.92 v accumulator._1266_/X (sky130_fd_sc_hd__a21o_1)
                                         accumulator._0363_ (net)
                  0.07    0.00   13.92 v accumulator._1272_/A1 (sky130_fd_sc_hd__a21o_1)
     2    0.02    0.09    0.23   14.15 v accumulator._1272_/X (sky130_fd_sc_hd__a21o_1)
                                         accumulator._0369_ (net)
                  0.09    0.00   14.15 v accumulator._1278_/A1 (sky130_fd_sc_hd__a21oi_4)
     4    0.04    0.31    0.32   14.47 ^ accumulator._1278_/Y (sky130_fd_sc_hd__a21oi_4)
                                         accumulator._0375_ (net)
                  0.31    0.00   14.47 ^ accumulator._1279_/B (sky130_fd_sc_hd__xnor2_4)
    10    0.05    0.37    0.25   14.72 ^ accumulator._1279_/Y (sky130_fd_sc_hd__xnor2_4)
                                         accumulator._0376_ (net)
                  0.37    0.00   14.72 ^ accumulator._1280_/A (sky130_fd_sc_hd__clkbuf_4)
    10    0.04    0.14    0.32   15.04 ^ accumulator._1280_/X (sky130_fd_sc_hd__clkbuf_4)
                                         accumulator._0377_ (net)
                  0.14    0.00   15.04 ^ accumulator._1413_/S (sky130_fd_sc_hd__mux2_1)
     2    0.01    0.09    0.40   15.44 v accumulator._1413_/X (sky130_fd_sc_hd__mux2_1)
                                         accumulator._0508_ (net)
                  0.09    0.00   15.44 v accumulator._1414_/A2 (sky130_fd_sc_hd__a21o_1)
     2    0.01    0.05    0.22   15.66 v accumulator._1414_/X (sky130_fd_sc_hd__a21o_1)
                                         accumulator._0509_ (net)
                  0.05    0.00   15.66 v accumulator._1415_/A2 (sky130_fd_sc_hd__a21o_1)
     2    0.01    0.05    0.20   15.86 v accumulator._1415_/X (sky130_fd_sc_hd__a21o_1)
                                         accumulator._0510_ (net)
                  0.05    0.00   15.86 v accumulator._1417_/A2 (sky130_fd_sc_hd__a21o_1)
     2    0.01    0.05    0.20   16.06 v accumulator._1417_/X (sky130_fd_sc_hd__a21o_1)
                                         accumulator._0512_ (net)
                  0.05    0.00   16.06 v accumulator._1432_/A3 (sky130_fd_sc_hd__a31o_1)
     3    0.01    0.07    0.26   16.32 v accumulator._1432_/X (sky130_fd_sc_hd__a31o_1)
                                         accumulator._0527_ (net)
                  0.07    0.00   16.32 v accumulator._1721_/B1 (sky130_fd_sc_hd__a32o_2)
     4    0.02    0.08    0.28   16.60 v accumulator._1721_/X (sky130_fd_sc_hd__a32o_2)
                                         accumulator._0816_ (net)
                  0.08    0.00   16.60 v accumulator._1736_/B1 (sky130_fd_sc_hd__a2111o_2)
     5    0.02    0.10    0.53   17.13 v accumulator._1736_/X (sky130_fd_sc_hd__a2111o_2)
                                         accumulator._0831_ (net)
                  0.10    0.00   17.13 v accumulator._1854_/A3 (sky130_fd_sc_hd__a31o_1)
     1    0.00    0.05    0.25   17.38 v accumulator._1854_/X (sky130_fd_sc_hd__a31o_1)
                                         accumulator._0949_ (net)
                  0.05    0.00   17.38 v accumulator._1855_/B (sky130_fd_sc_hd__xnor2_1)
     2    0.01    0.26    0.25   17.63 ^ accumulator._1855_/Y (sky130_fd_sc_hd__xnor2_1)
                                         accumulator._0950_ (net)
                  0.26    0.00   17.63 ^ accumulator._1856_/B_N (sky130_fd_sc_hd__or2b_1)
     2    0.00    0.05    0.28   17.91 v accumulator._1856_/X (sky130_fd_sc_hd__or2b_1)
                                         accumulator._0951_ (net)
                  0.05    0.00   17.91 v accumulator._1860_/A (sky130_fd_sc_hd__or2_1)
     3    0.01    0.07    0.26   18.17 v accumulator._1860_/X (sky130_fd_sc_hd__or2_1)
                                         accumulator._0955_ (net)
                  0.07    0.00   18.17 v accumulator._1873_/A (sky130_fd_sc_hd__or4b_2)
     3    0.01    0.13    0.75   18.92 v accumulator._1873_/X (sky130_fd_sc_hd__or4b_2)
                                         accumulator._0968_ (net)
                  0.13    0.00   18.92 v accumulator._1883_/A (sky130_fd_sc_hd__nor3b_1)
     3    0.01    0.27    0.31   19.23 ^ accumulator._1883_/Y (sky130_fd_sc_hd__nor3b_1)
                                         accumulator._0978_ (net)
                  0.27    0.00   19.23 ^ accumulator._1893_/A (sky130_fd_sc_hd__and3_1)
     3    0.01    0.08    0.24   19.47 ^ accumulator._1893_/X (sky130_fd_sc_hd__and3_1)
                                         accumulator._0988_ (net)
                  0.08    0.00   19.47 ^ accumulator._1902_/A (sky130_fd_sc_hd__and3_1)
     3    0.01    0.10    0.20   19.66 ^ accumulator._1902_/X (sky130_fd_sc_hd__and3_1)
                                         accumulator._0997_ (net)
                  0.10    0.00   19.67 ^ accumulator._1909_/A (sky130_fd_sc_hd__and3_1)
     4    0.01    0.10    0.20   19.86 ^ accumulator._1909_/X (sky130_fd_sc_hd__and3_1)
                                         accumulator._1004_ (net)
                  0.10    0.00   19.86 ^ accumulator._1949_/D_N (sky130_fd_sc_hd__or4b_1)
     2    0.00    0.09    0.47   20.34 v accumulator._1949_/X (sky130_fd_sc_hd__or4b_1)
                                         accumulator._1044_ (net)
                  0.09    0.00   20.34 v accumulator._1953_/A_N (sky130_fd_sc_hd__and2b_1)
     2    0.01    0.07    0.23   20.57 ^ accumulator._1953_/X (sky130_fd_sc_hd__and2b_1)
                                         accumulator._1048_ (net)
                  0.07    0.00   20.57 ^ accumulator._1963_/B (sky130_fd_sc_hd__nand2_1)
     2    0.01    0.08    0.07   20.64 v accumulator._1963_/Y (sky130_fd_sc_hd__nand2_1)
                                         accumulator._1058_ (net)
                  0.08    0.00   20.64 v accumulator._1968_/A (sky130_fd_sc_hd__nor2_1)
     3    0.01    0.20    0.21   20.85 ^ accumulator._1968_/Y (sky130_fd_sc_hd__nor2_1)
                                         accumulator._1063_ (net)
                  0.20    0.00   20.85 ^ accumulator._1987_/A2 (sky130_fd_sc_hd__a21o_1)
     1    0.02    0.15    0.23   21.08 ^ accumulator._1987_/X (sky130_fd_sc_hd__a21o_1)
                                         accumulator._1082_ (net)
                  0.15    0.00   21.08 ^ accumulator._1988_/B (sky130_fd_sc_hd__xor2_4)
     4    0.02    0.20    0.24   21.32 ^ accumulator._1988_/X (sky130_fd_sc_hd__xor2_4)
                                         accumulator._1083_ (net)
                  0.20    0.00   21.32 ^ accumulator._1989_/A (sky130_fd_sc_hd__inv_2)
     2    0.00    0.04    0.05   21.37 v accumulator._1989_/Y (sky130_fd_sc_hd__inv_2)
                                         accumulator._1084_ (net)
                  0.04    0.00   21.37 v accumulator._1996_/B (sky130_fd_sc_hd__or3_1)
     2    0.00    0.07    0.36   21.73 v accumulator._1996_/X (sky130_fd_sc_hd__or3_1)
                                         accumulator._1091_ (net)
                  0.07    0.00   21.73 v accumulator._2031_/A (sky130_fd_sc_hd__or2_1)
     1    0.00    0.05    0.24   21.97 v accumulator._2031_/X (sky130_fd_sc_hd__or2_1)
                                         accumulator._1126_ (net)
                  0.05    0.00   21.97 v accumulator._2032_/A (sky130_fd_sc_hd__clkbuf_4)
     9    0.04    0.08    0.20   22.17 v accumulator._2032_/X (sky130_fd_sc_hd__clkbuf_4)
                                         accumulator._1127_ (net)
                  0.08    0.00   22.17 v accumulator._2297_/A (sky130_fd_sc_hd__xor2_1)
     2    0.01    0.19    0.22   22.39 ^ accumulator._2297_/X (sky130_fd_sc_hd__xor2_1)
                                         accumulator._0248_ (net)
                  0.19    0.00   22.39 ^ accumulator._2298_/B (sky130_fd_sc_hd__xor2_1)
     2    0.01    0.21    0.24   22.63 ^ accumulator._2298_/X (sky130_fd_sc_hd__xor2_1)
                                         accumulator._0249_ (net)
                  0.21    0.00   22.63 ^ accumulator._2308_/A4 (sky130_fd_sc_hd__a41o_1)
     2    0.01    0.07    0.23   22.85 ^ accumulator._2308_/X (sky130_fd_sc_hd__a41o_1)
                                         accumulator._0259_ (net)
                  0.07    0.00   22.85 ^ accumulator._2310_/B (sky130_fd_sc_hd__nand2_1)
     3    0.01    0.07    0.08   22.94 v accumulator._2310_/Y (sky130_fd_sc_hd__nand2_1)
                                         accumulator._0262_ (net)
                  0.07    0.00   22.94 v accumulator._2322_/A2 (sky130_fd_sc_hd__a21o_1)
     5    0.01    0.08    0.24   23.18 v accumulator._2322_/X (sky130_fd_sc_hd__a21o_1)
                                         accumulator._0274_ (net)
                  0.08    0.00   23.18 v accumulator._2324_/A1 (sky130_fd_sc_hd__a21oi_1)
     1    0.01    0.15    0.17   23.35 ^ accumulator._2324_/Y (sky130_fd_sc_hd__a21oi_1)
                                         accumulator._0276_ (net)
                  0.15    0.00   23.35 ^ accumulator._2326_/A (sky130_fd_sc_hd__nor2_1)
     1    0.00    0.04    0.06   23.42 v accumulator._2326_/Y (sky130_fd_sc_hd__nor2_1)
                                         accumulator._0029_ (net)
                  0.04    0.00   23.42 v accumulator._2384_/D (sky130_fd_sc_hd__dfxtp_1)
                                 23.42   data arrival time

                  0.15   25.00   25.00   clock clock (rise edge)
                          0.00   25.00   clock network delay (ideal)
                         -0.25   24.75   clock uncertainty
                          0.00   24.75   clock reconvergence pessimism
                                 24.75 ^ accumulator._2384_/CLK (sky130_fd_sc_hd__dfxtp_1)
                         -0.08   24.67   library setup time
                                 24.67   data required time
-----------------------------------------------------------------------------
                                 24.67   data required time
                                -23.42   data arrival time
-----------------------------------------------------------------------------
                                  1.25   slack (MET)


Startpoint: io_inScaleA[2] (input port clocked by clock)
Endpoint: accumulator._2382_ (rising edge-triggered flip-flop clocked by clock)
Path Group: clock
Path Type: max

Fanout     Cap    Slew   Delay    Time   Description
-----------------------------------------------------------------------------
                  0.15    0.00    0.00   clock clock (rise edge)
                          0.00    0.00   clock network delay (ideal)
                          5.00    5.00 ^ input external delay
     1    0.00    0.02    0.01    5.01 ^ io_inScaleA[2] (in)
                                         io_inScaleA[2] (net)
                  0.02    0.00    5.01 ^ input11/A (sky130_fd_sc_hd__clkbuf_2)
    10    0.03    0.14    0.17    5.19 ^ input11/X (sky130_fd_sc_hd__clkbuf_2)
                                         net11 (net)
                  0.14    0.00    5.19 ^ scaleAdd._279_/A1 (sky130_fd_sc_hd__a22o_1)
     3    0.01    0.08    0.19    5.38 ^ scaleAdd._279_/X (sky130_fd_sc_hd__a22o_1)
                                         scaleAdd._221_ (net)
                  0.08    0.00    5.38 ^ scaleAdd._285_/B_N (sky130_fd_sc_hd__or2b_1)
     1    0.00    0.06    0.25    5.63 v scaleAdd._285_/X (sky130_fd_sc_hd__or2b_1)
                                         scaleAdd._227_ (net)
                  0.06    0.00    5.63 v scaleAdd._286_/A (sky130_fd_sc_hd__xnor2_1)
     3    0.01    0.08    0.16    5.79 v scaleAdd._286_/Y (sky130_fd_sc_hd__xnor2_1)
                                         scaleAdd._228_ (net)
                  0.08    0.00    5.79 v scaleAdd._311_/B (sky130_fd_sc_hd__or2_1)
     1    0.00    0.05    0.22    6.02 v scaleAdd._311_/X (sky130_fd_sc_hd__or2_1)
                                         scaleAdd._018_ (net)
                  0.05    0.00    6.02 v scaleAdd._313_/A2 (sky130_fd_sc_hd__a21oi_1)
     2    0.01    0.19    0.21    6.23 ^ scaleAdd._313_/Y (sky130_fd_sc_hd__a21oi_1)
                                         scaleAdd._020_ (net)
                  0.19    0.00    6.23 ^ scaleAdd._314_/B (sky130_fd_sc_hd__xnor2_1)
     2    0.01    0.19    0.17    6.40 ^ scaleAdd._314_/Y (sky130_fd_sc_hd__xnor2_1)
                                         scaleAdd._021_ (net)
                  0.19    0.00    6.40 ^ scaleAdd._315_/S (sky130_fd_sc_hd__mux2_2)
     5    0.02    0.08    0.43    6.83 v scaleAdd._315_/X (sky130_fd_sc_hd__mux2_2)
                                         scaleAdd._022_ (net)
                  0.08    0.00    6.83 v scaleAdd._321_/A2 (sky130_fd_sc_hd__a21o_1)
     2    0.00    0.04    0.20    7.03 v scaleAdd._321_/X (sky130_fd_sc_hd__a21o_1)
                                         scaleAdd._028_ (net)
                  0.04    0.00    7.03 v scaleAdd._325_/A (sky130_fd_sc_hd__and3_1)
     3    0.01    0.05    0.16    7.19 v scaleAdd._325_/X (sky130_fd_sc_hd__and3_1)
                                         scaleAdd._032_ (net)
                  0.05    0.00    7.19 v scaleAdd._328_/A (sky130_fd_sc_hd__or3_1)
     3    0.01    0.08    0.41    7.60 v scaleAdd._328_/X (sky130_fd_sc_hd__or3_1)
                                         scaleAdd._035_ (net)
                  0.08    0.00    7.60 v scaleAdd._332_/A1 (sky130_fd_sc_hd__a21o_1)
     2    0.00    0.04    0.18    7.78 v scaleAdd._332_/X (sky130_fd_sc_hd__a21o_1)
                                         scaleAdd._039_ (net)
                  0.04    0.00    7.78 v scaleAdd._361_/A2 (sky130_fd_sc_hd__a21o_1)
     2    0.01    0.07    0.22    8.00 v scaleAdd._361_/X (sky130_fd_sc_hd__a21o_1)
                                         scaleAdd._067_ (net)
                  0.07    0.00    8.00 v scaleAdd._383_/A2 (sky130_fd_sc_hd__a21o_1)
     2    0.01    0.07    0.23    8.22 v scaleAdd._383_/X (sky130_fd_sc_hd__a21o_1)
                                         scaleAdd._088_ (net)
                  0.07    0.00    8.22 v scaleAdd._399_/A2 (sky130_fd_sc_hd__a21o_1)
     2    0.01    0.07    0.23    8.45 v scaleAdd._399_/X (sky130_fd_sc_hd__a21o_1)
                                         scaleAdd._103_ (net)
                  0.07    0.00    8.45 v scaleAdd._417_/A2 (sky130_fd_sc_hd__a21bo_1)
     2    0.01    0.07    0.24    8.70 v scaleAdd._417_/X (sky130_fd_sc_hd__a21bo_1)
                                         scaleAdd._120_ (net)
                  0.07    0.00    8.70 v scaleAdd._432_/A2 (sky130_fd_sc_hd__a21o_1)
     2    0.01    0.07    0.23    8.93 v scaleAdd._432_/X (sky130_fd_sc_hd__a21o_1)
                                         scaleAdd._134_ (net)
                  0.07    0.00    8.93 v scaleAdd._444_/A2 (sky130_fd_sc_hd__a21o_1)
     2    0.01    0.06    0.22    9.15 v scaleAdd._444_/X (sky130_fd_sc_hd__a21o_1)
                                         scaleAdd._145_ (net)
                  0.06    0.00    9.15 v scaleAdd._447_/A2 (sky130_fd_sc_hd__a21o_1)
     2    0.01    0.07    0.22    9.37 v scaleAdd._447_/X (sky130_fd_sc_hd__a21o_1)
                                         scaleAdd._147_ (net)
                  0.07    0.00    9.37 v scaleAdd._449_/B2 (sky130_fd_sc_hd__a2bb2o_1)
     4    0.01    0.08    0.31    9.68 v scaleAdd._449_/X (sky130_fd_sc_hd__a2bb2o_1)
                                         accumulator.io_inMant[15] (net)
                  0.08    0.00    9.68 v accumulator._1181_/A (sky130_fd_sc_hd__or4_1)
     1    0.00    0.08    0.54   10.22 v accumulator._1181_/X (sky130_fd_sc_hd__or4_1)
                                         accumulator._0045_ (net)
                  0.08    0.00   10.22 v accumulator._1182_/A (sky130_fd_sc_hd__buf_2)
    10    0.03    0.08    0.20   10.41 v accumulator._1182_/X (sky130_fd_sc_hd__buf_2)
                                         accumulator._0055_ (net)
                  0.08    0.00   10.41 v accumulator._1200_/A_N (sky130_fd_sc_hd__and2b_1)
     6    0.02    0.14    0.29   10.70 ^ accumulator._1200_/X (sky130_fd_sc_hd__and2b_1)
                                         accumulator._0232_ (net)
                  0.14    0.00   10.70 ^ accumulator._1201_/B1_N (sky130_fd_sc_hd__o21ba_1)
     5    0.02    0.09    0.23   10.93 v accumulator._1201_/X (sky130_fd_sc_hd__o21ba_1)
                                         accumulator._0241_ (net)
                  0.09    0.00   10.93 v accumulator._1202_/B (sky130_fd_sc_hd__and2_1)
     3    0.01    0.05    0.20   11.13 v accumulator._1202_/X (sky130_fd_sc_hd__and2_1)
                                         accumulator._0251_ (net)
                  0.05    0.00   11.13 v accumulator._1204_/A (sky130_fd_sc_hd__or2_1)
     3    0.01    0.08    0.27   11.40 v accumulator._1204_/X (sky130_fd_sc_hd__or2_1)
                                         accumulator._0271_ (net)
                  0.08    0.00   11.40 v accumulator._1205_/A (sky130_fd_sc_hd__inv_2)
     3    0.01    0.05    0.07   11.48 ^ accumulator._1205_/Y (sky130_fd_sc_hd__inv_2)
                                         accumulator._0281_ (net)
                  0.05    0.00   11.48 ^ accumulator._1218_/A2 (sky130_fd_sc_hd__a311o_1)
     4    0.01    0.14    0.23   11.71 ^ accumulator._1218_/X (sky130_fd_sc_hd__a311o_1)
                                         accumulator._0315_ (net)
                  0.14    0.00   11.71 ^ accumulator._1219_/C (sky130_fd_sc_hd__nand3_1)
     2    0.01    0.09    0.12   11.83 v accumulator._1219_/Y (sky130_fd_sc_hd__nand3_1)
                                         accumulator._0316_ (net)
                  0.09    0.00   11.83 v accumulator._1228_/A1 (sky130_fd_sc_hd__a211o_1)
     5    0.01    0.08    0.33   12.16 v accumulator._1228_/X (sky130_fd_sc_hd__a211o_1)
                                         accumulator._0325_ (net)
                  0.08    0.00   12.16 v accumulator._1242_/A1 (sky130_fd_sc_hd__o22a_1)
     3    0.01    0.06    0.25   12.41 v accumulator._1242_/X (sky130_fd_sc_hd__o22a_1)
                                         accumulator._0339_ (net)
                  0.06    0.00   12.41 v accumulator._1255_/C (sky130_fd_sc_hd__or3_2)
     5    0.02    0.12    0.50   12.91 v accumulator._1255_/X (sky130_fd_sc_hd__or3_2)
                                         accumulator._0352_ (net)
                  0.12    0.00   12.91 v accumulator._1257_/A2 (sky130_fd_sc_hd__a21o_2)
     2    0.02    0.07    0.30   13.21 v accumulator._1257_/X (sky130_fd_sc_hd__a21o_2)
                                         accumulator._0354_ (net)
                  0.07    0.00   13.21 v accumulator._1259_/A2 (sky130_fd_sc_hd__a21o_2)
     2    0.02    0.07    0.28   13.48 v accumulator._1259_/X (sky130_fd_sc_hd__a21o_2)
                                         accumulator._0356_ (net)
                  0.07    0.00   13.48 v accumulator._1264_/A1 (sky130_fd_sc_hd__a21o_1)
     2    0.01    0.07    0.21   13.69 v accumulator._1264_/X (sky130_fd_sc_hd__a21o_1)
                                         accumulator._0361_ (net)
                  0.07    0.00   13.69 v accumulator._1266_/A2 (sky130_fd_sc_hd__a21o_1)
     2    0.01    0.07    0.23   13.92 v accumulator._1266_/X (sky130_fd_sc_hd__a21o_1)
                                         accumulator._0363_ (net)
                  0.07    0.00   13.92 v accumulator._1272_/A1 (sky130_fd_sc_hd__a21o_1)
     2    0.02    0.09    0.23   14.15 v accumulator._1272_/X (sky130_fd_sc_hd__a21o_1)
                                         accumulator._0369_ (net)
                  0.09    0.00   14.15 v accumulator._1278_/A1 (sky130_fd_sc_hd__a21oi_4)
     4    0.04    0.31    0.32   14.47 ^ accumulator._1278_/Y (sky130_fd_sc_hd__a21oi_4)
                                         accumulator._0375_ (net)
                  0.31    0.00   14.47 ^ accumulator._1279_/B (sky130_fd_sc_hd__xnor2_4)
    10    0.05    0.37    0.25   14.72 ^ accumulator._1279_/Y (sky130_fd_sc_hd__xnor2_4)
                                         accumulator._0376_ (net)
                  0.37    0.00   14.72 ^ accumulator._1280_/A (sky130_fd_sc_hd__clkbuf_4)
    10    0.04    0.14    0.32   15.04 ^ accumulator._1280_/X (sky130_fd_sc_hd__clkbuf_4)
                                         accumulator._0377_ (net)
                  0.14    0.00   15.04 ^ accumulator._1413_/S (sky130_fd_sc_hd__mux2_1)
     2    0.01    0.09    0.40   15.44 v accumulator._1413_/X (sky130_fd_sc_hd__mux2_1)
                                         accumulator._0508_ (net)
                  0.09    0.00   15.44 v accumulator._1414_/A2 (sky130_fd_sc_hd__a21o_1)
     2    0.01    0.05    0.22   15.66 v accumulator._1414_/X (sky130_fd_sc_hd__a21o_1)
                                         accumulator._0509_ (net)
                  0.05    0.00   15.66 v accumulator._1415_/A2 (sky130_fd_sc_hd__a21o_1)
     2    0.01    0.05    0.20   15.86 v accumulator._1415_/X (sky130_fd_sc_hd__a21o_1)
                                         accumulator._0510_ (net)
                  0.05    0.00   15.86 v accumulator._1417_/A2 (sky130_fd_sc_hd__a21o_1)
     2    0.01    0.05    0.20   16.06 v accumulator._1417_/X (sky130_fd_sc_hd__a21o_1)
                                         accumulator._0512_ (net)
                  0.05    0.00   16.06 v accumulator._1432_/A3 (sky130_fd_sc_hd__a31o_1)
     3    0.01    0.07    0.26   16.32 v accumulator._1432_/X (sky130_fd_sc_hd__a31o_1)
                                         accumulator._0527_ (net)
                  0.07    0.00   16.32 v accumulator._1721_/B1 (sky130_fd_sc_hd__a32o_2)
     4    0.02    0.08    0.28   16.60 v accumulator._1721_/X (sky130_fd_sc_hd__a32o_2)
                                         accumulator._0816_ (net)
                  0.08    0.00   16.60 v accumulator._1736_/B1 (sky130_fd_sc_hd__a2111o_2)
     5    0.02    0.10    0.53   17.13 v accumulator._1736_/X (sky130_fd_sc_hd__a2111o_2)
                                         accumulator._0831_ (net)
                  0.10    0.00   17.13 v accumulator._1738_/A2 (sky130_fd_sc_hd__a21o_1)
     3    0.01    0.05    0.23   17.36 v accumulator._1738_/X (sky130_fd_sc_hd__a21o_1)
                                         accumulator._0833_ (net)
                  0.05    0.00   17.36 v accumulator._1744_/A1 (sky130_fd_sc_hd__a2111o_1)
     3    0.01    0.09    0.42   17.78 v accumulator._1744_/X (sky130_fd_sc_hd__a2111o_1)
                                         accumulator._0839_ (net)
                  0.09    0.00   17.78 v accumulator._1748_/A2 (sky130_fd_sc_hd__a2111o_1)
     2    0.00    0.07    0.45   18.24 v accumulator._1748_/X (sky130_fd_sc_hd__a2111o_1)
                                         accumulator._0843_ (net)
                  0.07    0.00   18.24 v accumulator._1751_/A2 (sky130_fd_sc_hd__a21o_1)
     2    0.01    0.05    0.21   18.44 v accumulator._1751_/X (sky130_fd_sc_hd__a21o_1)
                                         accumulator._0846_ (net)
                  0.05    0.00   18.44 v accumulator._1773_/A2 (sky130_fd_sc_hd__a21o_1)
     2    0.01    0.04    0.19   18.63 v accumulator._1773_/X (sky130_fd_sc_hd__a21o_1)
                                         accumulator._0868_ (net)
                  0.04    0.00   18.63 v accumulator._1798_/A2 (sky130_fd_sc_hd__a311o_1)
     2    0.01    0.08    0.35   18.98 v accumulator._1798_/X (sky130_fd_sc_hd__a311o_1)
                                         accumulator._0893_ (net)
                  0.08    0.00   18.98 v accumulator._1814_/A1 (sky130_fd_sc_hd__a21o_1)
     2    0.01    0.05    0.19   19.17 v accumulator._1814_/X (sky130_fd_sc_hd__a21o_1)
                                         accumulator._0909_ (net)
                  0.05    0.00   19.17 v accumulator._1825_/A2 (sky130_fd_sc_hd__a31oi_2)
     3    0.01    0.20    0.23   19.40 ^ accumulator._1825_/Y (sky130_fd_sc_hd__a31oi_2)
                                         accumulator._0920_ (net)
                  0.20    0.00   19.40 ^ accumulator._1926_/A2 (sky130_fd_sc_hd__a21o_1)
     3    0.01    0.09    0.20   19.60 ^ accumulator._1926_/X (sky130_fd_sc_hd__a21o_1)
                                         accumulator._1021_ (net)
                  0.09    0.00   19.60 ^ accumulator._2039_/S (sky130_fd_sc_hd__mux2_1)
     3    0.01    0.10    0.40   19.99 v accumulator._2039_/X (sky130_fd_sc_hd__mux2_1)
                                         accumulator._1134_ (net)
                  0.10    0.00   19.99 v accumulator._2059_/B2 (sky130_fd_sc_hd__a221oi_1)
     1    0.00    0.25    0.31   20.30 ^ accumulator._2059_/Y (sky130_fd_sc_hd__a221oi_1)
                                         accumulator._1155_ (net)
                  0.25    0.00   20.30 ^ accumulator._2060_/A2 (sky130_fd_sc_hd__o21ai_1)
     1    0.00    0.07    0.10   20.40 v accumulator._2060_/Y (sky130_fd_sc_hd__o21ai_1)
                                         accumulator._1156_ (net)
                  0.07    0.00   20.40 v accumulator._2061_/A2 (sky130_fd_sc_hd__a21o_1)
     1    0.00    0.03    0.19   20.59 v accumulator._2061_/X (sky130_fd_sc_hd__a21o_1)
                                         accumulator._1157_ (net)
                  0.03    0.00   20.59 v accumulator._2062_/A2 (sky130_fd_sc_hd__a21o_1)
     1    0.00    0.03    0.17   20.76 v accumulator._2062_/X (sky130_fd_sc_hd__a21o_1)
                                         accumulator._1158_ (net)
                  0.03    0.00   20.76 v accumulator._2063_/A2 (sky130_fd_sc_hd__a21o_1)
     1    0.00    0.03    0.17   20.93 v accumulator._2063_/X (sky130_fd_sc_hd__a21o_1)
                                         accumulator._1159_ (net)
                  0.03    0.00   20.93 v accumulator._2064_/A2 (sky130_fd_sc_hd__a21o_1)
     1    0.00    0.04    0.18   21.11 v accumulator._2064_/X (sky130_fd_sc_hd__a21o_1)
                                         accumulator._1160_ (net)
                  0.04    0.00   21.11 v accumulator._2065_/A2 (sky130_fd_sc_hd__a21oi_1)
     1    0.00    0.12    0.14   21.26 ^ accumulator._2065_/Y (sky130_fd_sc_hd__a21oi_1)
                                         accumulator._1161_ (net)
                  0.12    0.00   21.26 ^ accumulator._2067_/A2 (sky130_fd_sc_hd__o21ai_1)
     1    0.00    0.06    0.07   21.33 v accumulator._2067_/Y (sky130_fd_sc_hd__o21ai_1)
                                         accumulator._1163_ (net)
                  0.06    0.00   21.33 v accumulator._2068_/A2 (sky130_fd_sc_hd__a21o_1)
     1    0.00    0.03    0.18   21.51 v accumulator._2068_/X (sky130_fd_sc_hd__a21o_1)
                                         accumulator._1164_ (net)
                  0.03    0.00   21.51 v accumulator._2069_/A2 (sky130_fd_sc_hd__a21o_1)
     1    0.00    0.04    0.18   21.69 v accumulator._2069_/X (sky130_fd_sc_hd__a21o_1)
                                         accumulator._1165_ (net)
                  0.04    0.00   21.69 v accumulator._2070_/A2 (sky130_fd_sc_hd__a211o_1)
     1    0.00    0.04    0.29   21.98 v accumulator._2070_/X (sky130_fd_sc_hd__a211o_1)
                                         accumulator._1167_ (net)
                  0.04    0.00   21.98 v accumulator._2073_/B1 (sky130_fd_sc_hd__a2bb2o_1)
     2    0.01    0.06    0.30   22.29 v accumulator._2073_/X (sky130_fd_sc_hd__a2bb2o_1)
                                         accumulator._1170_ (net)
                  0.06    0.00   22.29 v accumulator._2090_/A (sky130_fd_sc_hd__clkbuf_4)
    10    0.04    0.09    0.21   22.49 v accumulator._2090_/X (sky130_fd_sc_hd__clkbuf_4)
                                         accumulator._0046_ (net)
                  0.09    0.00   22.49 v accumulator._2091_/A (sky130_fd_sc_hd__clkbuf_4)
    10    0.04    0.09    0.22   22.71 v accumulator._2091_/X (sky130_fd_sc_hd__clkbuf_4)
                                         accumulator._0047_ (net)
                  0.09    0.00   22.71 v accumulator._2292_/A (sky130_fd_sc_hd__and3_1)
     2    0.01    0.06    0.19   22.90 v accumulator._2292_/X (sky130_fd_sc_hd__and3_1)
                                         accumulator._0244_ (net)
                  0.06    0.00   22.90 v accumulator._2299_/A (sky130_fd_sc_hd__xnor2_1)
     1    0.01    0.17    0.20   23.10 ^ accumulator._2299_/Y (sky130_fd_sc_hd__xnor2_1)
                                         accumulator._0250_ (net)
                  0.17    0.00   23.10 ^ accumulator._2301_/A2 (sky130_fd_sc_hd__a21oi_1)
     1    0.00    0.05    0.09   23.19 v accumulator._2301_/Y (sky130_fd_sc_hd__a21oi_1)
                                         accumulator._0027_ (net)
                  0.05    0.00   23.19 v accumulator._2382_/D (sky130_fd_sc_hd__dfxtp_2)
                                 23.19   data arrival time

                  0.15   25.00   25.00   clock clock (rise edge)
                          0.00   25.00   clock network delay (ideal)
                         -0.25   24.75   clock uncertainty
                          0.00   24.75   clock reconvergence pessimism
                                 24.75 ^ accumulator._2382_/CLK (sky130_fd_sc_hd__dfxtp_2)
                         -0.09   24.66   library setup time
                                 24.66   data required time
-----------------------------------------------------------------------------
                                 24.66   data required time
                                -23.19   data arrival time
-----------------------------------------------------------------------------
                                  1.47   slack (MET)


Startpoint: io_inScaleA[2] (input port clocked by clock)
Endpoint: accumulator._2381_ (rising edge-triggered flip-flop clocked by clock)
Path Group: clock
Path Type: max

Fanout     Cap    Slew   Delay    Time   Description
-----------------------------------------------------------------------------
                  0.15    0.00    0.00   clock clock (rise edge)
                          0.00    0.00   clock network delay (ideal)
                          5.00    5.00 ^ input external delay
     1    0.00    0.02    0.01    5.01 ^ io_inScaleA[2] (in)
                                         io_inScaleA[2] (net)
                  0.02    0.00    5.01 ^ input11/A (sky130_fd_sc_hd__clkbuf_2)
    10    0.03    0.14    0.17    5.19 ^ input11/X (sky130_fd_sc_hd__clkbuf_2)
                                         net11 (net)
                  0.14    0.00    5.19 ^ scaleAdd._279_/A1 (sky130_fd_sc_hd__a22o_1)
     3    0.01    0.08    0.19    5.38 ^ scaleAdd._279_/X (sky130_fd_sc_hd__a22o_1)
                                         scaleAdd._221_ (net)
                  0.08    0.00    5.38 ^ scaleAdd._285_/B_N (sky130_fd_sc_hd__or2b_1)
     1    0.00    0.06    0.25    5.63 v scaleAdd._285_/X (sky130_fd_sc_hd__or2b_1)
                                         scaleAdd._227_ (net)
                  0.06    0.00    5.63 v scaleAdd._286_/A (sky130_fd_sc_hd__xnor2_1)
     3    0.01    0.08    0.16    5.79 v scaleAdd._286_/Y (sky130_fd_sc_hd__xnor2_1)
                                         scaleAdd._228_ (net)
                  0.08    0.00    5.79 v scaleAdd._311_/B (sky130_fd_sc_hd__or2_1)
     1    0.00    0.05    0.22    6.02 v scaleAdd._311_/X (sky130_fd_sc_hd__or2_1)
                                         scaleAdd._018_ (net)
                  0.05    0.00    6.02 v scaleAdd._313_/A2 (sky130_fd_sc_hd__a21oi_1)
     2    0.01    0.19    0.21    6.23 ^ scaleAdd._313_/Y (sky130_fd_sc_hd__a21oi_1)
                                         scaleAdd._020_ (net)
                  0.19    0.00    6.23 ^ scaleAdd._314_/B (sky130_fd_sc_hd__xnor2_1)
     2    0.01    0.19    0.17    6.40 ^ scaleAdd._314_/Y (sky130_fd_sc_hd__xnor2_1)
                                         scaleAdd._021_ (net)
                  0.19    0.00    6.40 ^ scaleAdd._315_/S (sky130_fd_sc_hd__mux2_2)
     5    0.02    0.08    0.43    6.83 v scaleAdd._315_/X (sky130_fd_sc_hd__mux2_2)
                                         scaleAdd._022_ (net)
                  0.08    0.00    6.83 v scaleAdd._321_/A2 (sky130_fd_sc_hd__a21o_1)
     2    0.00    0.04    0.20    7.03 v scaleAdd._321_/X (sky130_fd_sc_hd__a21o_1)
                                         scaleAdd._028_ (net)
                  0.04    0.00    7.03 v scaleAdd._325_/A (sky130_fd_sc_hd__and3_1)
     3    0.01    0.05    0.16    7.19 v scaleAdd._325_/X (sky130_fd_sc_hd__and3_1)
                                         scaleAdd._032_ (net)
                  0.05    0.00    7.19 v scaleAdd._328_/A (sky130_fd_sc_hd__or3_1)
     3    0.01    0.08    0.41    7.60 v scaleAdd._328_/X (sky130_fd_sc_hd__or3_1)
                                         scaleAdd._035_ (net)
                  0.08    0.00    7.60 v scaleAdd._332_/A1 (sky130_fd_sc_hd__a21o_1)
     2    0.00    0.04    0.18    7.78 v scaleAdd._332_/X (sky130_fd_sc_hd__a21o_1)
                                         scaleAdd._039_ (net)
                  0.04    0.00    7.78 v scaleAdd._361_/A2 (sky130_fd_sc_hd__a21o_1)
     2    0.01    0.07    0.22    8.00 v scaleAdd._361_/X (sky130_fd_sc_hd__a21o_1)
                                         scaleAdd._067_ (net)
                  0.07    0.00    8.00 v scaleAdd._383_/A2 (sky130_fd_sc_hd__a21o_1)
     2    0.01    0.07    0.23    8.22 v scaleAdd._383_/X (sky130_fd_sc_hd__a21o_1)
                                         scaleAdd._088_ (net)
                  0.07    0.00    8.22 v scaleAdd._399_/A2 (sky130_fd_sc_hd__a21o_1)
     2    0.01    0.07    0.23    8.45 v scaleAdd._399_/X (sky130_fd_sc_hd__a21o_1)
                                         scaleAdd._103_ (net)
                  0.07    0.00    8.45 v scaleAdd._417_/A2 (sky130_fd_sc_hd__a21bo_1)
     2    0.01    0.07    0.24    8.70 v scaleAdd._417_/X (sky130_fd_sc_hd__a21bo_1)
                                         scaleAdd._120_ (net)
                  0.07    0.00    8.70 v scaleAdd._432_/A2 (sky130_fd_sc_hd__a21o_1)
     2    0.01    0.07    0.23    8.93 v scaleAdd._432_/X (sky130_fd_sc_hd__a21o_1)
                                         scaleAdd._134_ (net)
                  0.07    0.00    8.93 v scaleAdd._444_/A2 (sky130_fd_sc_hd__a21o_1)
     2    0.01    0.06    0.22    9.15 v scaleAdd._444_/X (sky130_fd_sc_hd__a21o_1)
                                         scaleAdd._145_ (net)
                  0.06    0.00    9.15 v scaleAdd._447_/A2 (sky130_fd_sc_hd__a21o_1)
     2    0.01    0.07    0.22    9.37 v scaleAdd._447_/X (sky130_fd_sc_hd__a21o_1)
                                         scaleAdd._147_ (net)
                  0.07    0.00    9.37 v scaleAdd._449_/B2 (sky130_fd_sc_hd__a2bb2o_1)
     4    0.01    0.08    0.31    9.68 v scaleAdd._449_/X (sky130_fd_sc_hd__a2bb2o_1)
                                         accumulator.io_inMant[15] (net)
                  0.08    0.00    9.68 v accumulator._1181_/A (sky130_fd_sc_hd__or4_1)
     1    0.00    0.08    0.54   10.22 v accumulator._1181_/X (sky130_fd_sc_hd__or4_1)
                                         accumulator._0045_ (net)
                  0.08    0.00   10.22 v accumulator._1182_/A (sky130_fd_sc_hd__buf_2)
    10    0.03    0.08    0.20   10.41 v accumulator._1182_/X (sky130_fd_sc_hd__buf_2)
                                         accumulator._0055_ (net)
                  0.08    0.00   10.41 v accumulator._1200_/A_N (sky130_fd_sc_hd__and2b_1)
     6    0.02    0.14    0.29   10.70 ^ accumulator._1200_/X (sky130_fd_sc_hd__and2b_1)
                                         accumulator._0232_ (net)
                  0.14    0.00   10.70 ^ accumulator._1201_/B1_N (sky130_fd_sc_hd__o21ba_1)
     5    0.02    0.09    0.23   10.93 v accumulator._1201_/X (sky130_fd_sc_hd__o21ba_1)
                                         accumulator._0241_ (net)
                  0.09    0.00   10.93 v accumulator._1202_/B (sky130_fd_sc_hd__and2_1)
     3    0.01    0.05    0.20   11.13 v accumulator._1202_/X (sky130_fd_sc_hd__and2_1)
                                         accumulator._0251_ (net)
                  0.05    0.00   11.13 v accumulator._1204_/A (sky130_fd_sc_hd__or2_1)
     3    0.01    0.08    0.27   11.40 v accumulator._1204_/X (sky130_fd_sc_hd__or2_1)
                                         accumulator._0271_ (net)
                  0.08    0.00   11.40 v accumulator._1205_/A (sky130_fd_sc_hd__inv_2)
     3    0.01    0.05    0.07   11.48 ^ accumulator._1205_/Y (sky130_fd_sc_hd__inv_2)
                                         accumulator._0281_ (net)
                  0.05    0.00   11.48 ^ accumulator._1218_/A2 (sky130_fd_sc_hd__a311o_1)
     4    0.01    0.14    0.23   11.71 ^ accumulator._1218_/X (sky130_fd_sc_hd__a311o_1)
                                         accumulator._0315_ (net)
                  0.14    0.00   11.71 ^ accumulator._1219_/C (sky130_fd_sc_hd__nand3_1)
     2    0.01    0.09    0.12   11.83 v accumulator._1219_/Y (sky130_fd_sc_hd__nand3_1)
                                         accumulator._0316_ (net)
                  0.09    0.00   11.83 v accumulator._1228_/A1 (sky130_fd_sc_hd__a211o_1)
     5    0.01    0.08    0.33   12.16 v accumulator._1228_/X (sky130_fd_sc_hd__a211o_1)
                                         accumulator._0325_ (net)
                  0.08    0.00   12.16 v accumulator._1242_/A1 (sky130_fd_sc_hd__o22a_1)
     3    0.01    0.06    0.25   12.41 v accumulator._1242_/X (sky130_fd_sc_hd__o22a_1)
                                         accumulator._0339_ (net)
                  0.06    0.00   12.41 v accumulator._1255_/C (sky130_fd_sc_hd__or3_2)
     5    0.02    0.12    0.50   12.91 v accumulator._1255_/X (sky130_fd_sc_hd__or3_2)
                                         accumulator._0352_ (net)
                  0.12    0.00   12.91 v accumulator._1257_/A2 (sky130_fd_sc_hd__a21o_2)
     2    0.02    0.07    0.30   13.21 v accumulator._1257_/X (sky130_fd_sc_hd__a21o_2)
                                         accumulator._0354_ (net)
                  0.07    0.00   13.21 v accumulator._1259_/A2 (sky130_fd_sc_hd__a21o_2)
     2    0.02    0.07    0.28   13.48 v accumulator._1259_/X (sky130_fd_sc_hd__a21o_2)
                                         accumulator._0356_ (net)
                  0.07    0.00   13.48 v accumulator._1264_/A1 (sky130_fd_sc_hd__a21o_1)
     2    0.01    0.07    0.21   13.69 v accumulator._1264_/X (sky130_fd_sc_hd__a21o_1)
                                         accumulator._0361_ (net)
                  0.07    0.00   13.69 v accumulator._1266_/A2 (sky130_fd_sc_hd__a21o_1)
     2    0.01    0.07    0.23   13.92 v accumulator._1266_/X (sky130_fd_sc_hd__a21o_1)
                                         accumulator._0363_ (net)
                  0.07    0.00   13.92 v accumulator._1272_/A1 (sky130_fd_sc_hd__a21o_1)
     2    0.02    0.09    0.23   14.15 v accumulator._1272_/X (sky130_fd_sc_hd__a21o_1)
                                         accumulator._0369_ (net)
                  0.09    0.00   14.15 v accumulator._1278_/A1 (sky130_fd_sc_hd__a21oi_4)
     4    0.04    0.31    0.32   14.47 ^ accumulator._1278_/Y (sky130_fd_sc_hd__a21oi_4)
                                         accumulator._0375_ (net)
                  0.31    0.00   14.47 ^ accumulator._1279_/B (sky130_fd_sc_hd__xnor2_4)
    10    0.05    0.37    0.25   14.72 ^ accumulator._1279_/Y (sky130_fd_sc_hd__xnor2_4)
                                         accumulator._0376_ (net)
                  0.37    0.00   14.72 ^ accumulator._1280_/A (sky130_fd_sc_hd__clkbuf_4)
    10    0.04    0.14    0.32   15.04 ^ accumulator._1280_/X (sky130_fd_sc_hd__clkbuf_4)
                                         accumulator._0377_ (net)
                  0.14    0.00   15.04 ^ accumulator._1413_/S (sky130_fd_sc_hd__mux2_1)
     2    0.01    0.09    0.40   15.44 v accumulator._1413_/X (sky130_fd_sc_hd__mux2_1)
                                         accumulator._0508_ (net)
                  0.09    0.00   15.44 v accumulator._1414_/A2 (sky130_fd_sc_hd__a21o_1)
     2    0.01    0.05    0.22   15.66 v accumulator._1414_/X (sky130_fd_sc_hd__a21o_1)
                                         accumulator._0509_ (net)
                  0.05    0.00   15.66 v accumulator._1415_/A2 (sky130_fd_sc_hd__a21o_1)
     2    0.01    0.05    0.20   15.86 v accumulator._1415_/X (sky130_fd_sc_hd__a21o_1)
                                         accumulator._0510_ (net)
                  0.05    0.00   15.86 v accumulator._1417_/A2 (sky130_fd_sc_hd__a21o_1)
     2    0.01    0.05    0.20   16.06 v accumulator._1417_/X (sky130_fd_sc_hd__a21o_1)
                                         accumulator._0512_ (net)
                  0.05    0.00   16.06 v accumulator._1432_/A3 (sky130_fd_sc_hd__a31o_1)
     3    0.01    0.07    0.26   16.32 v accumulator._1432_/X (sky130_fd_sc_hd__a31o_1)
                                         accumulator._0527_ (net)
                  0.07    0.00   16.32 v accumulator._1721_/B1 (sky130_fd_sc_hd__a32o_2)
     4    0.02    0.08    0.28   16.60 v accumulator._1721_/X (sky130_fd_sc_hd__a32o_2)
                                         accumulator._0816_ (net)
                  0.08    0.00   16.60 v accumulator._1736_/B1 (sky130_fd_sc_hd__a2111o_2)
     5    0.02    0.10    0.53   17.13 v accumulator._1736_/X (sky130_fd_sc_hd__a2111o_2)
                                         accumulator._0831_ (net)
                  0.10    0.00   17.13 v accumulator._1738_/A2 (sky130_fd_sc_hd__a21o_1)
     3    0.01    0.05    0.23   17.36 v accumulator._1738_/X (sky130_fd_sc_hd__a21o_1)
                                         accumulator._0833_ (net)
                  0.05    0.00   17.36 v accumulator._1744_/A1 (sky130_fd_sc_hd__a2111o_1)
     3    0.01    0.09    0.42   17.78 v accumulator._1744_/X (sky130_fd_sc_hd__a2111o_1)
                                         accumulator._0839_ (net)
                  0.09    0.00   17.78 v accumulator._1748_/A2 (sky130_fd_sc_hd__a2111o_1)
     2    0.00    0.07    0.45   18.24 v accumulator._1748_/X (sky130_fd_sc_hd__a2111o_1)
                                         accumulator._0843_ (net)
                  0.07    0.00   18.24 v accumulator._1751_/A2 (sky130_fd_sc_hd__a21o_1)
     2    0.01    0.05    0.21   18.44 v accumulator._1751_/X (sky130_fd_sc_hd__a21o_1)
                                         accumulator._0846_ (net)
                  0.05    0.00   18.44 v accumulator._1773_/A2 (sky130_fd_sc_hd__a21o_1)
     2    0.01    0.04    0.19   18.63 v accumulator._1773_/X (sky130_fd_sc_hd__a21o_1)
                                         accumulator._0868_ (net)
                  0.04    0.00   18.63 v accumulator._1798_/A2 (sky130_fd_sc_hd__a311o_1)
     2    0.01    0.08    0.35   18.98 v accumulator._1798_/X (sky130_fd_sc_hd__a311o_1)
                                         accumulator._0893_ (net)
                  0.08    0.00   18.98 v accumulator._1814_/A1 (sky130_fd_sc_hd__a21o_1)
     2    0.01    0.05    0.19   19.17 v accumulator._1814_/X (sky130_fd_sc_hd__a21o_1)
                                         accumulator._0909_ (net)
                  0.05    0.00   19.17 v accumulator._1825_/A2 (sky130_fd_sc_hd__a31oi_2)
     3    0.01    0.20    0.23   19.40 ^ accumulator._1825_/Y (sky130_fd_sc_hd__a31oi_2)
                                         accumulator._0920_ (net)
                  0.20    0.00   19.40 ^ accumulator._1926_/A2 (sky130_fd_sc_hd__a21o_1)
     3    0.01    0.09    0.20   19.60 ^ accumulator._1926_/X (sky130_fd_sc_hd__a21o_1)
                                         accumulator._1021_ (net)
                  0.09    0.00   19.60 ^ accumulator._2039_/S (sky130_fd_sc_hd__mux2_1)
     3    0.01    0.10    0.40   19.99 v accumulator._2039_/X (sky130_fd_sc_hd__mux2_1)
                                         accumulator._1134_ (net)
                  0.10    0.00   19.99 v accumulator._2059_/B2 (sky130_fd_sc_hd__a221oi_1)
     1    0.00    0.25    0.31   20.30 ^ accumulator._2059_/Y (sky130_fd_sc_hd__a221oi_1)
                                         accumulator._1155_ (net)
                  0.25    0.00   20.30 ^ accumulator._2060_/A2 (sky130_fd_sc_hd__o21ai_1)
     1    0.00    0.07    0.10   20.40 v accumulator._2060_/Y (sky130_fd_sc_hd__o21ai_1)
                                         accumulator._1156_ (net)
                  0.07    0.00   20.40 v accumulator._2061_/A2 (sky130_fd_sc_hd__a21o_1)
     1    0.00    0.03    0.19   20.59 v accumulator._2061_/X (sky130_fd_sc_hd__a21o_1)
                                         accumulator._1157_ (net)
                  0.03    0.00   20.59 v accumulator._2062_/A2 (sky130_fd_sc_hd__a21o_1)
     1    0.00    0.03    0.17   20.76 v accumulator._2062_/X (sky130_fd_sc_hd__a21o_1)
                                         accumulator._1158_ (net)
                  0.03    0.00   20.76 v accumulator._2063_/A2 (sky130_fd_sc_hd__a21o_1)
     1    0.00    0.03    0.17   20.93 v accumulator._2063_/X (sky130_fd_sc_hd__a21o_1)
                                         accumulator._1159_ (net)
                  0.03    0.00   20.93 v accumulator._2064_/A2 (sky130_fd_sc_hd__a21o_1)
     1    0.00    0.04    0.18   21.11 v accumulator._2064_/X (sky130_fd_sc_hd__a21o_1)
                                         accumulator._1160_ (net)
                  0.04    0.00   21.11 v accumulator._2065_/A2 (sky130_fd_sc_hd__a21oi_1)
     1    0.00    0.12    0.14   21.26 ^ accumulator._2065_/Y (sky130_fd_sc_hd__a21oi_1)
                                         accumulator._1161_ (net)
                  0.12    0.00   21.26 ^ accumulator._2067_/A2 (sky130_fd_sc_hd__o21ai_1)
     1    0.00    0.06    0.07   21.33 v accumulator._2067_/Y (sky130_fd_sc_hd__o21ai_1)
                                         accumulator._1163_ (net)
                  0.06    0.00   21.33 v accumulator._2068_/A2 (sky130_fd_sc_hd__a21o_1)
     1    0.00    0.03    0.18   21.51 v accumulator._2068_/X (sky130_fd_sc_hd__a21o_1)
                                         accumulator._1164_ (net)
                  0.03    0.00   21.51 v accumulator._2069_/A2 (sky130_fd_sc_hd__a21o_1)
     1    0.00    0.04    0.18   21.69 v accumulator._2069_/X (sky130_fd_sc_hd__a21o_1)
                                         accumulator._1165_ (net)
                  0.04    0.00   21.69 v accumulator._2070_/A2 (sky130_fd_sc_hd__a211o_1)
     1    0.00    0.04    0.29   21.98 v accumulator._2070_/X (sky130_fd_sc_hd__a211o_1)
                                         accumulator._1167_ (net)
                  0.04    0.00   21.98 v accumulator._2073_/B1 (sky130_fd_sc_hd__a2bb2o_1)
     2    0.01    0.06    0.30   22.29 v accumulator._2073_/X (sky130_fd_sc_hd__a2bb2o_1)
                                         accumulator._1170_ (net)
                  0.06    0.00   22.29 v accumulator._2090_/A (sky130_fd_sc_hd__clkbuf_4)
    10    0.04    0.09    0.21   22.49 v accumulator._2090_/X (sky130_fd_sc_hd__clkbuf_4)
                                         accumulator._0046_ (net)
                  0.09    0.00   22.49 v accumulator._2091_/A (sky130_fd_sc_hd__clkbuf_4)
    10    0.04    0.09    0.22   22.71 v accumulator._2091_/X (sky130_fd_sc_hd__clkbuf_4)
                                         accumulator._0047_ (net)
                  0.09    0.00   22.71 v accumulator._2292_/A (sky130_fd_sc_hd__and3_1)
     2    0.01    0.06    0.19   22.90 v accumulator._2292_/X (sky130_fd_sc_hd__and3_1)
                                         accumulator._0244_ (net)
                  0.06    0.00   22.90 v accumulator._2293_/A2 (sky130_fd_sc_hd__o21ai_1)
     1    0.01    0.15    0.16   23.06 ^ accumulator._2293_/Y (sky130_fd_sc_hd__o21ai_1)
                                         accumulator._0245_ (net)
                  0.15    0.00   23.06 ^ accumulator._2294_/C1 (sky130_fd_sc_hd__o211a_1)
     1    0.00    0.04    0.16   23.22 ^ accumulator._2294_/X (sky130_fd_sc_hd__o211a_1)
                                         accumulator._0026_ (net)
                  0.04    0.00   23.22 ^ accumulator._2381_/D (sky130_fd_sc_hd__dfxtp_1)
                                 23.22   data arrival time

                  0.15   25.00   25.00   clock clock (rise edge)
                          0.00   25.00   clock network delay (ideal)
                         -0.25   24.75   clock uncertainty
                          0.00   24.75   clock reconvergence pessimism
                                 24.75 ^ accumulator._2381_/CLK (sky130_fd_sc_hd__dfxtp_1)
                         -0.04   24.71   library setup time
                                 24.71   data required time
-----------------------------------------------------------------------------
                                 24.71   data required time
                                -23.22   data arrival time
-----------------------------------------------------------------------------
                                  1.49   slack (MET)


Startpoint: io_inScaleA[2] (input port clocked by clock)
Endpoint: accumulator._2380_ (rising edge-triggered flip-flop clocked by clock)
Path Group: clock
Path Type: max

Fanout     Cap    Slew   Delay    Time   Description
-----------------------------------------------------------------------------
                  0.15    0.00    0.00   clock clock (rise edge)
                          0.00    0.00   clock network delay (ideal)
                          5.00    5.00 ^ input external delay
     1    0.00    0.02    0.01    5.01 ^ io_inScaleA[2] (in)
                                         io_inScaleA[2] (net)
                  0.02    0.00    5.01 ^ input11/A (sky130_fd_sc_hd__clkbuf_2)
    10    0.03    0.14    0.17    5.19 ^ input11/X (sky130_fd_sc_hd__clkbuf_2)
                                         net11 (net)
                  0.14    0.00    5.19 ^ scaleAdd._279_/A1 (sky130_fd_sc_hd__a22o_1)
     3    0.01    0.08    0.19    5.38 ^ scaleAdd._279_/X (sky130_fd_sc_hd__a22o_1)
                                         scaleAdd._221_ (net)
                  0.08    0.00    5.38 ^ scaleAdd._285_/B_N (sky130_fd_sc_hd__or2b_1)
     1    0.00    0.06    0.25    5.63 v scaleAdd._285_/X (sky130_fd_sc_hd__or2b_1)
                                         scaleAdd._227_ (net)
                  0.06    0.00    5.63 v scaleAdd._286_/A (sky130_fd_sc_hd__xnor2_1)
     3    0.01    0.08    0.16    5.79 v scaleAdd._286_/Y (sky130_fd_sc_hd__xnor2_1)
                                         scaleAdd._228_ (net)
                  0.08    0.00    5.79 v scaleAdd._311_/B (sky130_fd_sc_hd__or2_1)
     1    0.00    0.05    0.22    6.02 v scaleAdd._311_/X (sky130_fd_sc_hd__or2_1)
                                         scaleAdd._018_ (net)
                  0.05    0.00    6.02 v scaleAdd._313_/A2 (sky130_fd_sc_hd__a21oi_1)
     2    0.01    0.19    0.21    6.23 ^ scaleAdd._313_/Y (sky130_fd_sc_hd__a21oi_1)
                                         scaleAdd._020_ (net)
                  0.19    0.00    6.23 ^ scaleAdd._314_/B (sky130_fd_sc_hd__xnor2_1)
     2    0.01    0.19    0.17    6.40 ^ scaleAdd._314_/Y (sky130_fd_sc_hd__xnor2_1)
                                         scaleAdd._021_ (net)
                  0.19    0.00    6.40 ^ scaleAdd._315_/S (sky130_fd_sc_hd__mux2_2)
     5    0.02    0.08    0.43    6.83 v scaleAdd._315_/X (sky130_fd_sc_hd__mux2_2)
                                         scaleAdd._022_ (net)
                  0.08    0.00    6.83 v scaleAdd._321_/A2 (sky130_fd_sc_hd__a21o_1)
     2    0.00    0.04    0.20    7.03 v scaleAdd._321_/X (sky130_fd_sc_hd__a21o_1)
                                         scaleAdd._028_ (net)
                  0.04    0.00    7.03 v scaleAdd._325_/A (sky130_fd_sc_hd__and3_1)
     3    0.01    0.05    0.16    7.19 v scaleAdd._325_/X (sky130_fd_sc_hd__and3_1)
                                         scaleAdd._032_ (net)
                  0.05    0.00    7.19 v scaleAdd._328_/A (sky130_fd_sc_hd__or3_1)
     3    0.01    0.08    0.41    7.60 v scaleAdd._328_/X (sky130_fd_sc_hd__or3_1)
                                         scaleAdd._035_ (net)
                  0.08    0.00    7.60 v scaleAdd._332_/A1 (sky130_fd_sc_hd__a21o_1)
     2    0.00    0.04    0.18    7.78 v scaleAdd._332_/X (sky130_fd_sc_hd__a21o_1)
                                         scaleAdd._039_ (net)
                  0.04    0.00    7.78 v scaleAdd._361_/A2 (sky130_fd_sc_hd__a21o_1)
     2    0.01    0.07    0.22    8.00 v scaleAdd._361_/X (sky130_fd_sc_hd__a21o_1)
                                         scaleAdd._067_ (net)
                  0.07    0.00    8.00 v scaleAdd._383_/A2 (sky130_fd_sc_hd__a21o_1)
     2    0.01    0.07    0.23    8.22 v scaleAdd._383_/X (sky130_fd_sc_hd__a21o_1)
                                         scaleAdd._088_ (net)
                  0.07    0.00    8.22 v scaleAdd._399_/A2 (sky130_fd_sc_hd__a21o_1)
     2    0.01    0.07    0.23    8.45 v scaleAdd._399_/X (sky130_fd_sc_hd__a21o_1)
                                         scaleAdd._103_ (net)
                  0.07    0.00    8.45 v scaleAdd._417_/A2 (sky130_fd_sc_hd__a21bo_1)
     2    0.01    0.07    0.24    8.70 v scaleAdd._417_/X (sky130_fd_sc_hd__a21bo_1)
                                         scaleAdd._120_ (net)
                  0.07    0.00    8.70 v scaleAdd._432_/A2 (sky130_fd_sc_hd__a21o_1)
     2    0.01    0.07    0.23    8.93 v scaleAdd._432_/X (sky130_fd_sc_hd__a21o_1)
                                         scaleAdd._134_ (net)
                  0.07    0.00    8.93 v scaleAdd._444_/A2 (sky130_fd_sc_hd__a21o_1)
     2    0.01    0.06    0.22    9.15 v scaleAdd._444_/X (sky130_fd_sc_hd__a21o_1)
                                         scaleAdd._145_ (net)
                  0.06    0.00    9.15 v scaleAdd._447_/A2 (sky130_fd_sc_hd__a21o_1)
     2    0.01    0.07    0.22    9.37 v scaleAdd._447_/X (sky130_fd_sc_hd__a21o_1)
                                         scaleAdd._147_ (net)
                  0.07    0.00    9.37 v scaleAdd._449_/B2 (sky130_fd_sc_hd__a2bb2o_1)
     4    0.01    0.08    0.31    9.68 v scaleAdd._449_/X (sky130_fd_sc_hd__a2bb2o_1)
                                         accumulator.io_inMant[15] (net)
                  0.08    0.00    9.68 v accumulator._1181_/A (sky130_fd_sc_hd__or4_1)
     1    0.00    0.08    0.54   10.22 v accumulator._1181_/X (sky130_fd_sc_hd__or4_1)
                                         accumulator._0045_ (net)
                  0.08    0.00   10.22 v accumulator._1182_/A (sky130_fd_sc_hd__buf_2)
    10    0.03    0.08    0.20   10.41 v accumulator._1182_/X (sky130_fd_sc_hd__buf_2)
                                         accumulator._0055_ (net)
                  0.08    0.00   10.41 v accumulator._1200_/A_N (sky130_fd_sc_hd__and2b_1)
     6    0.02    0.14    0.29   10.70 ^ accumulator._1200_/X (sky130_fd_sc_hd__and2b_1)
                                         accumulator._0232_ (net)
                  0.14    0.00   10.70 ^ accumulator._1201_/B1_N (sky130_fd_sc_hd__o21ba_1)
     5    0.02    0.09    0.23   10.93 v accumulator._1201_/X (sky130_fd_sc_hd__o21ba_1)
                                         accumulator._0241_ (net)
                  0.09    0.00   10.93 v accumulator._1202_/B (sky130_fd_sc_hd__and2_1)
     3    0.01    0.05    0.20   11.13 v accumulator._1202_/X (sky130_fd_sc_hd__and2_1)
                                         accumulator._0251_ (net)
                  0.05    0.00   11.13 v accumulator._1204_/A (sky130_fd_sc_hd__or2_1)
     3    0.01    0.08    0.27   11.40 v accumulator._1204_/X (sky130_fd_sc_hd__or2_1)
                                         accumulator._0271_ (net)
                  0.08    0.00   11.40 v accumulator._1205_/A (sky130_fd_sc_hd__inv_2)
     3    0.01    0.05    0.07   11.48 ^ accumulator._1205_/Y (sky130_fd_sc_hd__inv_2)
                                         accumulator._0281_ (net)
                  0.05    0.00   11.48 ^ accumulator._1218_/A2 (sky130_fd_sc_hd__a311o_1)
     4    0.01    0.14    0.23   11.71 ^ accumulator._1218_/X (sky130_fd_sc_hd__a311o_1)
                                         accumulator._0315_ (net)
                  0.14    0.00   11.71 ^ accumulator._1219_/C (sky130_fd_sc_hd__nand3_1)
     2    0.01    0.09    0.12   11.83 v accumulator._1219_/Y (sky130_fd_sc_hd__nand3_1)
                                         accumulator._0316_ (net)
                  0.09    0.00   11.83 v accumulator._1228_/A1 (sky130_fd_sc_hd__a211o_1)
     5    0.01    0.08    0.33   12.16 v accumulator._1228_/X (sky130_fd_sc_hd__a211o_1)
                                         accumulator._0325_ (net)
                  0.08    0.00   12.16 v accumulator._1242_/A1 (sky130_fd_sc_hd__o22a_1)
     3    0.01    0.06    0.25   12.41 v accumulator._1242_/X (sky130_fd_sc_hd__o22a_1)
                                         accumulator._0339_ (net)
                  0.06    0.00   12.41 v accumulator._1255_/C (sky130_fd_sc_hd__or3_2)
     5    0.02    0.12    0.50   12.91 v accumulator._1255_/X (sky130_fd_sc_hd__or3_2)
                                         accumulator._0352_ (net)
                  0.12    0.00   12.91 v accumulator._1257_/A2 (sky130_fd_sc_hd__a21o_2)
     2    0.02    0.07    0.30   13.21 v accumulator._1257_/X (sky130_fd_sc_hd__a21o_2)
                                         accumulator._0354_ (net)
                  0.07    0.00   13.21 v accumulator._1259_/A2 (sky130_fd_sc_hd__a21o_2)
     2    0.02    0.07    0.28   13.48 v accumulator._1259_/X (sky130_fd_sc_hd__a21o_2)
                                         accumulator._0356_ (net)
                  0.07    0.00   13.48 v accumulator._1264_/A1 (sky130_fd_sc_hd__a21o_1)
     2    0.01    0.07    0.21   13.69 v accumulator._1264_/X (sky130_fd_sc_hd__a21o_1)
                                         accumulator._0361_ (net)
                  0.07    0.00   13.69 v accumulator._1266_/A2 (sky130_fd_sc_hd__a21o_1)
     2    0.01    0.07    0.23   13.92 v accumulator._1266_/X (sky130_fd_sc_hd__a21o_1)
                                         accumulator._0363_ (net)
                  0.07    0.00   13.92 v accumulator._1272_/A1 (sky130_fd_sc_hd__a21o_1)
     2    0.02    0.09    0.23   14.15 v accumulator._1272_/X (sky130_fd_sc_hd__a21o_1)
                                         accumulator._0369_ (net)
                  0.09    0.00   14.15 v accumulator._1278_/A1 (sky130_fd_sc_hd__a21oi_4)
     4    0.04    0.31    0.32   14.47 ^ accumulator._1278_/Y (sky130_fd_sc_hd__a21oi_4)
                                         accumulator._0375_ (net)
                  0.31    0.00   14.47 ^ accumulator._1279_/B (sky130_fd_sc_hd__xnor2_4)
    10    0.05    0.37    0.25   14.72 ^ accumulator._1279_/Y (sky130_fd_sc_hd__xnor2_4)
                                         accumulator._0376_ (net)
                  0.37    0.00   14.72 ^ accumulator._1280_/A (sky130_fd_sc_hd__clkbuf_4)
    10    0.04    0.14    0.32   15.04 ^ accumulator._1280_/X (sky130_fd_sc_hd__clkbuf_4)
                                         accumulator._0377_ (net)
                  0.14    0.00   15.04 ^ accumulator._1413_/S (sky130_fd_sc_hd__mux2_1)
     2    0.01    0.09    0.40   15.44 v accumulator._1413_/X (sky130_fd_sc_hd__mux2_1)
                                         accumulator._0508_ (net)
                  0.09    0.00   15.44 v accumulator._1414_/A2 (sky130_fd_sc_hd__a21o_1)
     2    0.01    0.05    0.22   15.66 v accumulator._1414_/X (sky130_fd_sc_hd__a21o_1)
                                         accumulator._0509_ (net)
                  0.05    0.00   15.66 v accumulator._1415_/A2 (sky130_fd_sc_hd__a21o_1)
     2    0.01    0.05    0.20   15.86 v accumulator._1415_/X (sky130_fd_sc_hd__a21o_1)
                                         accumulator._0510_ (net)
                  0.05    0.00   15.86 v accumulator._1417_/A2 (sky130_fd_sc_hd__a21o_1)
     2    0.01    0.05    0.20   16.06 v accumulator._1417_/X (sky130_fd_sc_hd__a21o_1)
                                         accumulator._0512_ (net)
                  0.05    0.00   16.06 v accumulator._1432_/A3 (sky130_fd_sc_hd__a31o_1)
     3    0.01    0.07    0.26   16.32 v accumulator._1432_/X (sky130_fd_sc_hd__a31o_1)
                                         accumulator._0527_ (net)
                  0.07    0.00   16.32 v accumulator._1721_/B1 (sky130_fd_sc_hd__a32o_2)
     4    0.02    0.08    0.28   16.60 v accumulator._1721_/X (sky130_fd_sc_hd__a32o_2)
                                         accumulator._0816_ (net)
                  0.08    0.00   16.60 v accumulator._1736_/B1 (sky130_fd_sc_hd__a2111o_2)
     5    0.02    0.10    0.53   17.13 v accumulator._1736_/X (sky130_fd_sc_hd__a2111o_2)
                                         accumulator._0831_ (net)
                  0.10    0.00   17.13 v accumulator._1738_/A2 (sky130_fd_sc_hd__a21o_1)
     3    0.01    0.05    0.23   17.36 v accumulator._1738_/X (sky130_fd_sc_hd__a21o_1)
                                         accumulator._0833_ (net)
                  0.05    0.00   17.36 v accumulator._1744_/A1 (sky130_fd_sc_hd__a2111o_1)
     3    0.01    0.09    0.42   17.78 v accumulator._1744_/X (sky130_fd_sc_hd__a2111o_1)
                                         accumulator._0839_ (net)
                  0.09    0.00   17.78 v accumulator._1748_/A2 (sky130_fd_sc_hd__a2111o_1)
     2    0.00    0.07    0.45   18.24 v accumulator._1748_/X (sky130_fd_sc_hd__a2111o_1)
                                         accumulator._0843_ (net)
                  0.07    0.00   18.24 v accumulator._1751_/A2 (sky130_fd_sc_hd__a21o_1)
     2    0.01    0.05    0.21   18.44 v accumulator._1751_/X (sky130_fd_sc_hd__a21o_1)
                                         accumulator._0846_ (net)
                  0.05    0.00   18.44 v accumulator._1773_/A2 (sky130_fd_sc_hd__a21o_1)
     2    0.01    0.04    0.19   18.63 v accumulator._1773_/X (sky130_fd_sc_hd__a21o_1)
                                         accumulator._0868_ (net)
                  0.04    0.00   18.63 v accumulator._1798_/A2 (sky130_fd_sc_hd__a311o_1)
     2    0.01    0.08    0.35   18.98 v accumulator._1798_/X (sky130_fd_sc_hd__a311o_1)
                                         accumulator._0893_ (net)
                  0.08    0.00   18.98 v accumulator._1814_/A1 (sky130_fd_sc_hd__a21o_1)
     2    0.01    0.05    0.19   19.17 v accumulator._1814_/X (sky130_fd_sc_hd__a21o_1)
                                         accumulator._0909_ (net)
                  0.05    0.00   19.17 v accumulator._1825_/A2 (sky130_fd_sc_hd__a31oi_2)
     3    0.01    0.20    0.23   19.40 ^ accumulator._1825_/Y (sky130_fd_sc_hd__a31oi_2)
                                         accumulator._0920_ (net)
                  0.20    0.00   19.40 ^ accumulator._1926_/A2 (sky130_fd_sc_hd__a21o_1)
     3    0.01    0.09    0.20   19.60 ^ accumulator._1926_/X (sky130_fd_sc_hd__a21o_1)
                                         accumulator._1021_ (net)
                  0.09    0.00   19.60 ^ accumulator._2039_/S (sky130_fd_sc_hd__mux2_1)
     3    0.01    0.10    0.40   19.99 v accumulator._2039_/X (sky130_fd_sc_hd__mux2_1)
                                         accumulator._1134_ (net)
                  0.10    0.00   19.99 v accumulator._2059_/B2 (sky130_fd_sc_hd__a221oi_1)
     1    0.00    0.25    0.31   20.30 ^ accumulator._2059_/Y (sky130_fd_sc_hd__a221oi_1)
                                         accumulator._1155_ (net)
                  0.25    0.00   20.30 ^ accumulator._2060_/A2 (sky130_fd_sc_hd__o21ai_1)
     1    0.00    0.07    0.10   20.40 v accumulator._2060_/Y (sky130_fd_sc_hd__o21ai_1)
                                         accumulator._1156_ (net)
                  0.07    0.00   20.40 v accumulator._2061_/A2 (sky130_fd_sc_hd__a21o_1)
     1    0.00    0.03    0.19   20.59 v accumulator._2061_/X (sky130_fd_sc_hd__a21o_1)
                                         accumulator._1157_ (net)
                  0.03    0.00   20.59 v accumulator._2062_/A2 (sky130_fd_sc_hd__a21o_1)
     1    0.00    0.03    0.17   20.76 v accumulator._2062_/X (sky130_fd_sc_hd__a21o_1)
                                         accumulator._1158_ (net)
                  0.03    0.00   20.76 v accumulator._2063_/A2 (sky130_fd_sc_hd__a21o_1)
     1    0.00    0.03    0.17   20.93 v accumulator._2063_/X (sky130_fd_sc_hd__a21o_1)
                                         accumulator._1159_ (net)
                  0.03    0.00   20.93 v accumulator._2064_/A2 (sky130_fd_sc_hd__a21o_1)
     1    0.00    0.04    0.18   21.11 v accumulator._2064_/X (sky130_fd_sc_hd__a21o_1)
                                         accumulator._1160_ (net)
                  0.04    0.00   21.11 v accumulator._2065_/A2 (sky130_fd_sc_hd__a21oi_1)
     1    0.00    0.12    0.14   21.26 ^ accumulator._2065_/Y (sky130_fd_sc_hd__a21oi_1)
                                         accumulator._1161_ (net)
                  0.12    0.00   21.26 ^ accumulator._2067_/A2 (sky130_fd_sc_hd__o21ai_1)
     1    0.00    0.06    0.07   21.33 v accumulator._2067_/Y (sky130_fd_sc_hd__o21ai_1)
                                         accumulator._1163_ (net)
                  0.06    0.00   21.33 v accumulator._2068_/A2 (sky130_fd_sc_hd__a21o_1)
     1    0.00    0.03    0.18   21.51 v accumulator._2068_/X (sky130_fd_sc_hd__a21o_1)
                                         accumulator._1164_ (net)
                  0.03    0.00   21.51 v accumulator._2069_/A2 (sky130_fd_sc_hd__a21o_1)
     1    0.00    0.04    0.18   21.69 v accumulator._2069_/X (sky130_fd_sc_hd__a21o_1)
                                         accumulator._1165_ (net)
                  0.04    0.00   21.69 v accumulator._2070_/A2 (sky130_fd_sc_hd__a211o_1)
     1    0.00    0.04    0.29   21.98 v accumulator._2070_/X (sky130_fd_sc_hd__a211o_1)
                                         accumulator._1167_ (net)
                  0.04    0.00   21.98 v accumulator._2073_/B1 (sky130_fd_sc_hd__a2bb2o_1)
     2    0.01    0.06    0.30   22.29 v accumulator._2073_/X (sky130_fd_sc_hd__a2bb2o_1)
                                         accumulator._1170_ (net)
                  0.06    0.00   22.29 v accumulator._2090_/A (sky130_fd_sc_hd__clkbuf_4)
    10    0.04    0.09    0.21   22.49 v accumulator._2090_/X (sky130_fd_sc_hd__clkbuf_4)
                                         accumulator._0046_ (net)
                  0.09    0.00   22.49 v accumulator._2091_/A (sky130_fd_sc_hd__clkbuf_4)
    10    0.04    0.09    0.22   22.71 v accumulator._2091_/X (sky130_fd_sc_hd__clkbuf_4)
                                         accumulator._0047_ (net)
                  0.09    0.00   22.71 v accumulator._2283_/A (sky130_fd_sc_hd__xor2_1)
     1    0.00    0.05    0.18   22.89 v accumulator._2283_/X (sky130_fd_sc_hd__xor2_1)
                                         accumulator._0235_ (net)
                  0.05    0.00   22.89 v accumulator._2285_/A2 (sky130_fd_sc_hd__o211a_1)
     1    0.00    0.04    0.21   23.10 v accumulator._2285_/X (sky130_fd_sc_hd__o211a_1)
                                         accumulator._0025_ (net)
                  0.04    0.00   23.10 v accumulator._2380_/D (sky130_fd_sc_hd__dfxtp_1)
                                 23.10   data arrival time

                  0.15   25.00   25.00   clock clock (rise edge)
                          0.00   25.00   clock network delay (ideal)
                         -0.25   24.75   clock uncertainty
                          0.00   24.75   clock reconvergence pessimism
                                 24.75 ^ accumulator._2380_/CLK (sky130_fd_sc_hd__dfxtp_1)
                         -0.08   24.67   library setup time
                                 24.67   data required time
-----------------------------------------------------------------------------
                                 24.67   data required time
                                -23.10   data arrival time
-----------------------------------------------------------------------------
                                  1.57   slack (MET)


Startpoint: io_inScaleA[2] (input port clocked by clock)
Endpoint: accumulator._2355_ (rising edge-triggered flip-flop clocked by clock)
Path Group: clock
Path Type: max

Fanout     Cap    Slew   Delay    Time   Description
-----------------------------------------------------------------------------
                  0.15    0.00    0.00   clock clock (rise edge)
                          0.00    0.00   clock network delay (ideal)
                          5.00    5.00 ^ input external delay
     1    0.00    0.02    0.01    5.01 ^ io_inScaleA[2] (in)
                                         io_inScaleA[2] (net)
                  0.02    0.00    5.01 ^ input11/A (sky130_fd_sc_hd__clkbuf_2)
    10    0.03    0.14    0.17    5.19 ^ input11/X (sky130_fd_sc_hd__clkbuf_2)
                                         net11 (net)
                  0.14    0.00    5.19 ^ scaleAdd._279_/A1 (sky130_fd_sc_hd__a22o_1)
     3    0.01    0.08    0.19    5.38 ^ scaleAdd._279_/X (sky130_fd_sc_hd__a22o_1)
                                         scaleAdd._221_ (net)
                  0.08    0.00    5.38 ^ scaleAdd._285_/B_N (sky130_fd_sc_hd__or2b_1)
     1    0.00    0.06    0.25    5.63 v scaleAdd._285_/X (sky130_fd_sc_hd__or2b_1)
                                         scaleAdd._227_ (net)
                  0.06    0.00    5.63 v scaleAdd._286_/A (sky130_fd_sc_hd__xnor2_1)
     3    0.01    0.08    0.16    5.79 v scaleAdd._286_/Y (sky130_fd_sc_hd__xnor2_1)
                                         scaleAdd._228_ (net)
                  0.08    0.00    5.79 v scaleAdd._311_/B (sky130_fd_sc_hd__or2_1)
     1    0.00    0.05    0.22    6.02 v scaleAdd._311_/X (sky130_fd_sc_hd__or2_1)
                                         scaleAdd._018_ (net)
                  0.05    0.00    6.02 v scaleAdd._313_/A2 (sky130_fd_sc_hd__a21oi_1)
     2    0.01    0.19    0.21    6.23 ^ scaleAdd._313_/Y (sky130_fd_sc_hd__a21oi_1)
                                         scaleAdd._020_ (net)
                  0.19    0.00    6.23 ^ scaleAdd._314_/B (sky130_fd_sc_hd__xnor2_1)
     2    0.01    0.19    0.17    6.40 ^ scaleAdd._314_/Y (sky130_fd_sc_hd__xnor2_1)
                                         scaleAdd._021_ (net)
                  0.19    0.00    6.40 ^ scaleAdd._315_/S (sky130_fd_sc_hd__mux2_2)
     5    0.02    0.08    0.43    6.83 v scaleAdd._315_/X (sky130_fd_sc_hd__mux2_2)
                                         scaleAdd._022_ (net)
                  0.08    0.00    6.83 v scaleAdd._321_/A2 (sky130_fd_sc_hd__a21o_1)
     2    0.00    0.04    0.20    7.03 v scaleAdd._321_/X (sky130_fd_sc_hd__a21o_1)
                                         scaleAdd._028_ (net)
                  0.04    0.00    7.03 v scaleAdd._325_/A (sky130_fd_sc_hd__and3_1)
     3    0.01    0.05    0.16    7.19 v scaleAdd._325_/X (sky130_fd_sc_hd__and3_1)
                                         scaleAdd._032_ (net)
                  0.05    0.00    7.19 v scaleAdd._328_/A (sky130_fd_sc_hd__or3_1)
     3    0.01    0.08    0.41    7.60 v scaleAdd._328_/X (sky130_fd_sc_hd__or3_1)
                                         scaleAdd._035_ (net)
                  0.08    0.00    7.60 v scaleAdd._332_/A1 (sky130_fd_sc_hd__a21o_1)
     2    0.00    0.04    0.18    7.78 v scaleAdd._332_/X (sky130_fd_sc_hd__a21o_1)
                                         scaleAdd._039_ (net)
                  0.04    0.00    7.78 v scaleAdd._361_/A2 (sky130_fd_sc_hd__a21o_1)
     2    0.01    0.07    0.22    8.00 v scaleAdd._361_/X (sky130_fd_sc_hd__a21o_1)
                                         scaleAdd._067_ (net)
                  0.07    0.00    8.00 v scaleAdd._383_/A2 (sky130_fd_sc_hd__a21o_1)
     2    0.01    0.07    0.23    8.22 v scaleAdd._383_/X (sky130_fd_sc_hd__a21o_1)
                                         scaleAdd._088_ (net)
                  0.07    0.00    8.22 v scaleAdd._399_/A2 (sky130_fd_sc_hd__a21o_1)
     2    0.01    0.07    0.23    8.45 v scaleAdd._399_/X (sky130_fd_sc_hd__a21o_1)
                                         scaleAdd._103_ (net)
                  0.07    0.00    8.45 v scaleAdd._417_/A2 (sky130_fd_sc_hd__a21bo_1)
     2    0.01    0.07    0.24    8.70 v scaleAdd._417_/X (sky130_fd_sc_hd__a21bo_1)
                                         scaleAdd._120_ (net)
                  0.07    0.00    8.70 v scaleAdd._432_/A2 (sky130_fd_sc_hd__a21o_1)
     2    0.01    0.07    0.23    8.93 v scaleAdd._432_/X (sky130_fd_sc_hd__a21o_1)
                                         scaleAdd._134_ (net)
                  0.07    0.00    8.93 v scaleAdd._444_/A2 (sky130_fd_sc_hd__a21o_1)
     2    0.01    0.06    0.22    9.15 v scaleAdd._444_/X (sky130_fd_sc_hd__a21o_1)
                                         scaleAdd._145_ (net)
                  0.06    0.00    9.15 v scaleAdd._447_/A2 (sky130_fd_sc_hd__a21o_1)
     2    0.01    0.07    0.22    9.37 v scaleAdd._447_/X (sky130_fd_sc_hd__a21o_1)
                                         scaleAdd._147_ (net)
                  0.07    0.00    9.37 v scaleAdd._449_/B2 (sky130_fd_sc_hd__a2bb2o_1)
     4    0.01    0.08    0.31    9.68 v scaleAdd._449_/X (sky130_fd_sc_hd__a2bb2o_1)
                                         accumulator.io_inMant[15] (net)
                  0.08    0.00    9.68 v accumulator._1181_/A (sky130_fd_sc_hd__or4_1)
     1    0.00    0.08    0.54   10.22 v accumulator._1181_/X (sky130_fd_sc_hd__or4_1)
                                         accumulator._0045_ (net)
                  0.08    0.00   10.22 v accumulator._1182_/A (sky130_fd_sc_hd__buf_2)
    10    0.03    0.08    0.20   10.41 v accumulator._1182_/X (sky130_fd_sc_hd__buf_2)
                                         accumulator._0055_ (net)
                  0.08    0.00   10.41 v accumulator._1200_/A_N (sky130_fd_sc_hd__and2b_1)
     6    0.02    0.14    0.29   10.70 ^ accumulator._1200_/X (sky130_fd_sc_hd__and2b_1)
                                         accumulator._0232_ (net)
                  0.14    0.00   10.70 ^ accumulator._1201_/B1_N (sky130_fd_sc_hd__o21ba_1)
     5    0.02    0.09    0.23   10.93 v accumulator._1201_/X (sky130_fd_sc_hd__o21ba_1)
                                         accumulator._0241_ (net)
                  0.09    0.00   10.93 v accumulator._1202_/B (sky130_fd_sc_hd__and2_1)
     3    0.01    0.05    0.20   11.13 v accumulator._1202_/X (sky130_fd_sc_hd__and2_1)
                                         accumulator._0251_ (net)
                  0.05    0.00   11.13 v accumulator._1204_/A (sky130_fd_sc_hd__or2_1)
     3    0.01    0.08    0.27   11.40 v accumulator._1204_/X (sky130_fd_sc_hd__or2_1)
                                         accumulator._0271_ (net)
                  0.08    0.00   11.40 v accumulator._1205_/A (sky130_fd_sc_hd__inv_2)
     3    0.01    0.05    0.07   11.48 ^ accumulator._1205_/Y (sky130_fd_sc_hd__inv_2)
                                         accumulator._0281_ (net)
                  0.05    0.00   11.48 ^ accumulator._1218_/A2 (sky130_fd_sc_hd__a311o_1)
     4    0.01    0.14    0.23   11.71 ^ accumulator._1218_/X (sky130_fd_sc_hd__a311o_1)
                                         accumulator._0315_ (net)
                  0.14    0.00   11.71 ^ accumulator._1219_/C (sky130_fd_sc_hd__nand3_1)
     2    0.01    0.09    0.12   11.83 v accumulator._1219_/Y (sky130_fd_sc_hd__nand3_1)
                                         accumulator._0316_ (net)
                  0.09    0.00   11.83 v accumulator._1228_/A1 (sky130_fd_sc_hd__a211o_1)
     5    0.01    0.08    0.33   12.16 v accumulator._1228_/X (sky130_fd_sc_hd__a211o_1)
                                         accumulator._0325_ (net)
                  0.08    0.00   12.16 v accumulator._1242_/A1 (sky130_fd_sc_hd__o22a_1)
     3    0.01    0.06    0.25   12.41 v accumulator._1242_/X (sky130_fd_sc_hd__o22a_1)
                                         accumulator._0339_ (net)
                  0.06    0.00   12.41 v accumulator._1255_/C (sky130_fd_sc_hd__or3_2)
     5    0.02    0.12    0.50   12.91 v accumulator._1255_/X (sky130_fd_sc_hd__or3_2)
                                         accumulator._0352_ (net)
                  0.12    0.00   12.91 v accumulator._1257_/A2 (sky130_fd_sc_hd__a21o_2)
     2    0.02    0.07    0.30   13.21 v accumulator._1257_/X (sky130_fd_sc_hd__a21o_2)
                                         accumulator._0354_ (net)
                  0.07    0.00   13.21 v accumulator._1259_/A2 (sky130_fd_sc_hd__a21o_2)
     2    0.02    0.07    0.28   13.48 v accumulator._1259_/X (sky130_fd_sc_hd__a21o_2)
                                         accumulator._0356_ (net)
                  0.07    0.00   13.48 v accumulator._1264_/A1 (sky130_fd_sc_hd__a21o_1)
     2    0.01    0.07    0.21   13.69 v accumulator._1264_/X (sky130_fd_sc_hd__a21o_1)
                                         accumulator._0361_ (net)
                  0.07    0.00   13.69 v accumulator._1266_/A2 (sky130_fd_sc_hd__a21o_1)
     2    0.01    0.07    0.23   13.92 v accumulator._1266_/X (sky130_fd_sc_hd__a21o_1)
                                         accumulator._0363_ (net)
                  0.07    0.00   13.92 v accumulator._1272_/A1 (sky130_fd_sc_hd__a21o_1)
     2    0.02    0.09    0.23   14.15 v accumulator._1272_/X (sky130_fd_sc_hd__a21o_1)
                                         accumulator._0369_ (net)
                  0.09    0.00   14.15 v accumulator._1278_/A1 (sky130_fd_sc_hd__a21oi_4)
     4    0.04    0.31    0.32   14.47 ^ accumulator._1278_/Y (sky130_fd_sc_hd__a21oi_4)
                                         accumulator._0375_ (net)
                  0.31    0.00   14.47 ^ accumulator._1289_/B (sky130_fd_sc_hd__xnor2_4)
     8    0.03    0.28    0.22   14.69 ^ accumulator._1289_/Y (sky130_fd_sc_hd__xnor2_4)
                                         accumulator._0386_ (net)
                  0.28    0.00   14.69 ^ accumulator._1290_/A (sky130_fd_sc_hd__clkbuf_4)
    10    0.04    0.12    0.29   14.98 ^ accumulator._1290_/X (sky130_fd_sc_hd__clkbuf_4)
                                         accumulator._0387_ (net)
                  0.12    0.00   14.98 ^ accumulator._1291_/A (sky130_fd_sc_hd__buf_2)
    10    0.03    0.17    0.24   15.22 ^ accumulator._1291_/X (sky130_fd_sc_hd__buf_2)
                                         accumulator._0388_ (net)
                  0.17    0.00   15.22 ^ accumulator._1292_/A (sky130_fd_sc_hd__clkbuf_4)
    10    0.04    0.13    0.26   15.48 ^ accumulator._1292_/X (sky130_fd_sc_hd__clkbuf_4)
                                         accumulator._0389_ (net)
                  0.13    0.00   15.48 ^ accumulator._1293_/A2 (sky130_fd_sc_hd__a21o_1)
     1    0.00    0.04    0.14   15.61 ^ accumulator._1293_/X (sky130_fd_sc_hd__a21o_1)
                                         accumulator._0390_ (net)
                  0.04    0.00   15.61 ^ accumulator._1294_/C1 (sky130_fd_sc_hd__o311a_1)
     1    0.00    0.04    0.14   15.75 ^ accumulator._1294_/X (sky130_fd_sc_hd__o311a_1)
                                         accumulator._0000_ (net)
                  0.04    0.00   15.75 ^ accumulator._2355_/D (sky130_fd_sc_hd__dfxtp_2)
                                 15.75   data arrival time

                  0.15   25.00   25.00   clock clock (rise edge)
                          0.00   25.00   clock network delay (ideal)
                         -0.25   24.75   clock uncertainty
                          0.00   24.75   clock reconvergence pessimism
                                 24.75 ^ accumulator._2355_/CLK (sky130_fd_sc_hd__dfxtp_2)
                         -0.04   24.71   library setup time
                                 24.71   data required time
-----------------------------------------------------------------------------
                                 24.71   data required time
                                -15.75   data arrival time
-----------------------------------------------------------------------------
                                  8.95   slack (MET)


Startpoint: accumulator._2388_
            (rising edge-triggered flip-flop clocked by clock)
Endpoint: io_done (output port clocked by clock)
Path Group: clock
Path Type: max

Fanout     Cap    Slew   Delay    Time   Description
-----------------------------------------------------------------------------
                  0.15    0.00    0.00   clock clock (rise edge)
                          0.00    0.00   clock network delay (ideal)
                  0.15    0.00    0.00 ^ accumulator._2388_/CLK (sky130_fd_sc_hd__dfxtp_1)
     5    0.01    0.07    0.39    0.39 v accumulator._2388_/Q (sky130_fd_sc_hd__dfxtp_1)
                                         accumulator.state[0] (net)
                  0.07    0.00    0.39 v accumulator._1177_/A_N (sky130_fd_sc_hd__and2b_1)
     1    0.00    0.04    0.20    0.59 ^ accumulator._1177_/X (sky130_fd_sc_hd__and2b_1)
                                         accumulator._1145_ (net)
                  0.04    0.00    0.59 ^ accumulator._1178_/A (sky130_fd_sc_hd__buf_1)
     2    0.01    0.09    0.12    0.70 ^ accumulator._1178_/X (sky130_fd_sc_hd__buf_1)
                                         net55 (net)
                  0.09    0.00    0.70 ^ output55/A (sky130_fd_sc_hd__buf_2)
     1    0.03    0.17    0.23    0.93 ^ output55/X (sky130_fd_sc_hd__buf_2)
                                         io_done (net)
                  0.17    0.00    0.93 ^ io_done (out)
                                  0.93   data arrival time

                  0.15   25.00   25.00   clock clock (rise edge)
                          0.00   25.00   clock network delay (ideal)
                         -0.25   24.75   clock uncertainty
                          0.00   24.75   clock reconvergence pessimism
                         -5.00   19.75   output external delay
                                 19.75   data required time
-----------------------------------------------------------------------------
                                 19.75   data required time
                                 -0.93   data arrival time
-----------------------------------------------------------------------------
                                 18.82   slack (MET)


Startpoint: accumulator._2362_
            (rising edge-triggered flip-flop clocked by clock)
Endpoint: io_accOut[5] (output port clocked by clock)
Path Group: clock
Path Type: max

Fanout     Cap    Slew   Delay    Time   Description
-----------------------------------------------------------------------------
                  0.15    0.00    0.00   clock clock (rise edge)
                          0.00    0.00   clock network delay (ideal)
                  0.15    0.00    0.00 ^ accumulator._2362_/CLK (sky130_fd_sc_hd__dfxtp_1)
     6    0.02    0.21    0.49    0.49 ^ accumulator._2362_/Q (sky130_fd_sc_hd__dfxtp_1)
                                         accumulator.io_accOut[5] (net)
                  0.21    0.00    0.49 ^ _05_/A (sky130_fd_sc_hd__buf_1)
     1    0.01    0.11    0.17    0.65 ^ _05_/X (sky130_fd_sc_hd__buf_1)
                                         net50 (net)
                  0.11    0.00    0.65 ^ output50/A (sky130_fd_sc_hd__clkbuf_4)
     1    0.03    0.11    0.22    0.87 ^ output50/X (sky130_fd_sc_hd__clkbuf_4)
                                         io_accOut[5] (net)
                  0.11    0.00    0.87 ^ io_accOut[5] (out)
                                  0.87   data arrival time

                  0.15   25.00   25.00   clock clock (rise edge)
                          0.00   25.00   clock network delay (ideal)
                         -0.25   24.75   clock uncertainty
                          0.00   24.75   clock reconvergence pessimism
                         -5.00   19.75   output external delay
                                 19.75   data required time
-----------------------------------------------------------------------------
                                 19.75   data required time
                                 -0.87   data arrival time
-----------------------------------------------------------------------------
                                 18.88   slack (MET)


Startpoint: accumulator._2361_
            (rising edge-triggered flip-flop clocked by clock)
Endpoint: io_accOut[4] (output port clocked by clock)
Path Group: clock
Path Type: max

Fanout     Cap    Slew   Delay    Time   Description
-----------------------------------------------------------------------------
                  0.15    0.00    0.00   clock clock (rise edge)
                          0.00    0.00   clock network delay (ideal)
                  0.15    0.00    0.00 ^ accumulator._2361_/CLK (sky130_fd_sc_hd__dfxtp_1)
     5    0.02    0.19    0.47    0.47 ^ accumulator._2361_/Q (sky130_fd_sc_hd__dfxtp_1)
                                         accumulator.io_accOut[4] (net)
                  0.19    0.00    0.47 ^ _04_/A (sky130_fd_sc_hd__buf_1)
     1    0.01    0.11    0.17    0.64 ^ _04_/X (sky130_fd_sc_hd__buf_1)
                                         net49 (net)
                  0.11    0.00    0.64 ^ output49/A (sky130_fd_sc_hd__buf_2)
     1    0.03    0.17    0.23    0.87 ^ output49/X (sky130_fd_sc_hd__buf_2)
                                         io_accOut[4] (net)
                  0.17    0.00    0.87 ^ io_accOut[4] (out)
                                  0.87   data arrival time

                  0.15   25.00   25.00   clock clock (rise edge)
                          0.00   25.00   clock network delay (ideal)
                         -0.25   24.75   clock uncertainty
                          0.00   24.75   clock reconvergence pessimism
                         -5.00   19.75   output external delay
                                 19.75   data required time
-----------------------------------------------------------------------------
                                 19.75   data required time
                                 -0.87   data arrival time
-----------------------------------------------------------------------------
                                 18.88   slack (MET)


Startpoint: accumulator._2358_
            (rising edge-triggered flip-flop clocked by clock)
Endpoint: io_accOut[1] (output port clocked by clock)
Path Group: clock
Path Type: max

Fanout     Cap    Slew   Delay    Time   Description
-----------------------------------------------------------------------------
                  0.15    0.00    0.00   clock clock (rise edge)
                          0.00    0.00   clock network delay (ideal)
                  0.15    0.00    0.00 ^ accumulator._2358_/CLK (sky130_fd_sc_hd__dfxtp_1)
     5    0.02    0.20    0.48    0.48 ^ accumulator._2358_/Q (sky130_fd_sc_hd__dfxtp_1)
                                         accumulator.io_accOut[1] (net)
                  0.20    0.00    0.48 ^ _01_/A (sky130_fd_sc_hd__buf_1)
     1    0.01    0.10    0.16    0.64 ^ _01_/X (sky130_fd_sc_hd__buf_1)
                                         net34 (net)
                  0.10    0.00    0.64 ^ output34/A (sky130_fd_sc_hd__buf_2)
     1    0.03    0.17    0.23    0.87 ^ output34/X (sky130_fd_sc_hd__buf_2)
                                         io_accOut[1] (net)
                  0.17    0.00    0.87 ^ io_accOut[1] (out)
                                  0.87   data arrival time

                  0.15   25.00   25.00   clock clock (rise edge)
                          0.00   25.00   clock network delay (ideal)
                         -0.25   24.75   clock uncertainty
                          0.00   24.75   clock reconvergence pessimism
                         -5.00   19.75   output external delay
                                 19.75   data required time
-----------------------------------------------------------------------------
                                 19.75   data required time
                                 -0.87   data arrival time
-----------------------------------------------------------------------------
                                 18.88   slack (MET)


Startpoint: accumulator._2355_
            (rising edge-triggered flip-flop clocked by clock)
Endpoint: io_accOut[31] (output port clocked by clock)
Path Group: clock
Path Type: max

Fanout     Cap    Slew   Delay    Time   Description
-----------------------------------------------------------------------------
                  0.15    0.00    0.00   clock clock (rise edge)
                          0.00    0.00   clock network delay (ideal)
                  0.15    0.00    0.00 ^ accumulator._2355_/CLK (sky130_fd_sc_hd__dfxtp_2)
     4    0.03    0.17    0.47    0.47 ^ accumulator._2355_/Q (sky130_fd_sc_hd__dfxtp_2)
                                         accumulator.io_accOut[31] (net)
                  0.17    0.00    0.47 ^ _31_/A (sky130_fd_sc_hd__buf_1)
     1    0.01    0.11    0.16    0.64 ^ _31_/X (sky130_fd_sc_hd__buf_1)
                                         net47 (net)
                  0.11    0.00    0.64 ^ output47/A (sky130_fd_sc_hd__clkbuf_4)
     1    0.03    0.11    0.22    0.86 ^ output47/X (sky130_fd_sc_hd__clkbuf_4)
                                         io_accOut[31] (net)
                  0.11    0.00    0.86 ^ io_accOut[31] (out)
                                  0.86   data arrival time

                  0.15   25.00   25.00   clock clock (rise edge)
                          0.00   25.00   clock network delay (ideal)
                         -0.25   24.75   clock uncertainty
                          0.00   24.75   clock reconvergence pessimism
                         -5.00   19.75   output external delay
                                 19.75   data required time
-----------------------------------------------------------------------------
                                 19.75   data required time
                                 -0.86   data arrival time
-----------------------------------------------------------------------------
                                 18.89   slack (MET)


Startpoint: accumulator._2378_
            (rising edge-triggered flip-flop clocked by clock)
Endpoint: io_accOut[21] (output port clocked by clock)
Path Group: clock
Path Type: max

Fanout     Cap    Slew   Delay    Time   Description
-----------------------------------------------------------------------------
                  0.15    0.00    0.00   clock clock (rise edge)
                          0.00    0.00   clock network delay (ideal)
                  0.15    0.00    0.00 ^ accumulator._2378_/CLK (sky130_fd_sc_hd__dfxtp_1)
     4    0.02    0.17    0.45    0.45 ^ accumulator._2378_/Q (sky130_fd_sc_hd__dfxtp_1)
                                         accumulator.io_accOut[21] (net)
                  0.17    0.00    0.45 ^ _21_/A (sky130_fd_sc_hd__buf_1)
     1    0.01    0.10    0.16    0.61 ^ _21_/X (sky130_fd_sc_hd__buf_1)
                                         net36 (net)
                  0.10    0.00    0.61 ^ output36/A (sky130_fd_sc_hd__buf_2)
     1    0.03    0.17    0.23    0.84 ^ output36/X (sky130_fd_sc_hd__buf_2)
                                         io_accOut[21] (net)
                  0.17    0.00    0.84 ^ io_accOut[21] (out)
                                  0.84   data arrival time

                  0.15   25.00   25.00   clock clock (rise edge)
                          0.00   25.00   clock network delay (ideal)
                         -0.25   24.75   clock uncertainty
                          0.00   24.75   clock reconvergence pessimism
                         -5.00   19.75   output external delay
                                 19.75   data required time
-----------------------------------------------------------------------------
                                 19.75   data required time
                                 -0.84   data arrival time
-----------------------------------------------------------------------------
                                 18.91   slack (MET)


Startpoint: accumulator._2382_
            (rising edge-triggered flip-flop clocked by clock)
Endpoint: io_accOut[25] (output port clocked by clock)
Path Group: clock
Path Type: max

Fanout     Cap    Slew   Delay    Time   Description
-----------------------------------------------------------------------------
                  0.15    0.00    0.00   clock clock (rise edge)
                          0.00    0.00   clock network delay (ideal)
                  0.15    0.00    0.00 ^ accumulator._2382_/CLK (sky130_fd_sc_hd__dfxtp_2)
     6    0.03    0.17    0.47    0.47 ^ accumulator._2382_/Q (sky130_fd_sc_hd__dfxtp_2)
                                         accumulator.io_accOut[25] (net)
                  0.17    0.00    0.47 ^ _25_/A (sky130_fd_sc_hd__buf_1)
     1    0.01    0.08    0.14    0.61 ^ _25_/X (sky130_fd_sc_hd__buf_1)
                                         net40 (net)
                  0.08    0.00    0.61 ^ output40/A (sky130_fd_sc_hd__buf_2)
     1    0.03    0.17    0.22    0.84 ^ output40/X (sky130_fd_sc_hd__buf_2)
                                         io_accOut[25] (net)
                  0.17    0.00    0.84 ^ io_accOut[25] (out)
                                  0.84   data arrival time

                  0.15   25.00   25.00   clock clock (rise edge)
                          0.00   25.00   clock network delay (ideal)
                         -0.25   24.75   clock uncertainty
                          0.00   24.75   clock reconvergence pessimism
                         -5.00   19.75   output external delay
                                 19.75   data required time
-----------------------------------------------------------------------------
                                 19.75   data required time
                                 -0.84   data arrival time
-----------------------------------------------------------------------------
                                 18.91   slack (MET)


Startpoint: accumulator._2360_
            (rising edge-triggered flip-flop clocked by clock)
Endpoint: io_accOut[3] (output port clocked by clock)
Path Group: clock
Path Type: max

Fanout     Cap    Slew   Delay    Time   Description
-----------------------------------------------------------------------------
                  0.15    0.00    0.00   clock clock (rise edge)
                          0.00    0.00   clock network delay (ideal)
                  0.15    0.00    0.00 ^ accumulator._2360_/CLK (sky130_fd_sc_hd__dfxtp_1)
     4    0.02    0.17    0.45    0.45 ^ accumulator._2360_/Q (sky130_fd_sc_hd__dfxtp_1)
                                         accumulator.io_accOut[3] (net)
                  0.17    0.00    0.45 ^ _03_/A (sky130_fd_sc_hd__buf_1)
     1    0.01    0.10    0.15    0.61 ^ _03_/X (sky130_fd_sc_hd__buf_1)
                                         net48 (net)
                  0.10    0.00    0.61 ^ output48/A (sky130_fd_sc_hd__buf_2)
     1    0.03    0.17    0.23    0.84 ^ output48/X (sky130_fd_sc_hd__buf_2)
                                         io_accOut[3] (net)
                  0.17    0.00    0.84 ^ io_accOut[3] (out)
                                  0.84   data arrival time

                  0.15   25.00   25.00   clock clock (rise edge)
                          0.00   25.00   clock network delay (ideal)
                         -0.25   24.75   clock uncertainty
                          0.00   24.75   clock reconvergence pessimism
                         -5.00   19.75   output external delay
                                 19.75   data required time
-----------------------------------------------------------------------------
                                 19.75   data required time
                                 -0.84   data arrival time
-----------------------------------------------------------------------------
                                 18.91   slack (MET)


Startpoint: accumulator._2379_
            (rising edge-triggered flip-flop clocked by clock)
Endpoint: io_accOut[22] (output port clocked by clock)
Path Group: clock
Path Type: max

Fanout     Cap    Slew   Delay    Time   Description
-----------------------------------------------------------------------------
                  0.15    0.00    0.00   clock clock (rise edge)
                          0.00    0.00   clock network delay (ideal)
                  0.15    0.00    0.00 ^ accumulator._2379_/CLK (sky130_fd_sc_hd__dfxtp_1)
     4    0.02    0.18    0.46    0.46 ^ accumulator._2379_/Q (sky130_fd_sc_hd__dfxtp_1)
                                         accumulator.io_accOut[22] (net)
                  0.18    0.00    0.46 ^ _22_/A (sky130_fd_sc_hd__buf_1)
     1    0.01    0.09    0.15    0.61 ^ _22_/X (sky130_fd_sc_hd__buf_1)
                                         net37 (net)
                  0.09    0.00    0.61 ^ output37/A (sky130_fd_sc_hd__buf_2)
     1    0.03    0.17    0.22    0.83 ^ output37/X (sky130_fd_sc_hd__buf_2)
                                         io_accOut[22] (net)
                  0.17    0.00    0.83 ^ io_accOut[22] (out)
                                  0.83   data arrival time

                  0.15   25.00   25.00   clock clock (rise edge)
                          0.00   25.00   clock network delay (ideal)
                         -0.25   24.75   clock uncertainty
                          0.00   24.75   clock reconvergence pessimism
                         -5.00   19.75   output external delay
                                 19.75   data required time
-----------------------------------------------------------------------------
                                 19.75   data required time
                                 -0.83   data arrival time
-----------------------------------------------------------------------------
                                 18.92   slack (MET)


Startpoint: accumulator._2370_
            (rising edge-triggered flip-flop clocked by clock)
Endpoint: io_accOut[13] (output port clocked by clock)
Path Group: clock
Path Type: max

Fanout     Cap    Slew   Delay    Time   Description
-----------------------------------------------------------------------------
                  0.15    0.00    0.00   clock clock (rise edge)
                          0.00    0.00   clock network delay (ideal)
                  0.15    0.00    0.00 ^ accumulator._2370_/CLK (sky130_fd_sc_hd__dfxtp_1)
     4    0.01    0.14    0.43    0.43 ^ accumulator._2370_/Q (sky130_fd_sc_hd__dfxtp_1)
                                         accumulator.io_accOut[13] (net)
                  0.14    0.00    0.43 ^ _13_/A (sky130_fd_sc_hd__buf_1)
     1    0.01    0.11    0.16    0.60 ^ _13_/X (sky130_fd_sc_hd__buf_1)
                                         net27 (net)
                  0.11    0.00    0.60 ^ output27/A (sky130_fd_sc_hd__buf_2)
     1    0.03    0.17    0.23    0.83 ^ output27/X (sky130_fd_sc_hd__buf_2)
                                         io_accOut[13] (net)
                  0.17    0.00    0.83 ^ io_accOut[13] (out)
                                  0.83   data arrival time

                  0.15   25.00   25.00   clock clock (rise edge)
                          0.00   25.00   clock network delay (ideal)
                         -0.25   24.75   clock uncertainty
                          0.00   24.75   clock reconvergence pessimism
                         -5.00   19.75   output external delay
                                 19.75   data required time
-----------------------------------------------------------------------------
                                 19.75   data required time
                                 -0.83   data arrival time
-----------------------------------------------------------------------------
                                 18.92   slack (MET)


Startpoint: accumulator._2367_
            (rising edge-triggered flip-flop clocked by clock)
Endpoint: io_accOut[10] (output port clocked by clock)
Path Group: clock
Path Type: max

Fanout     Cap    Slew   Delay    Time   Description
-----------------------------------------------------------------------------
                  0.15    0.00    0.00   clock clock (rise edge)
                          0.00    0.00   clock network delay (ideal)
                  0.15    0.00    0.00 ^ accumulator._2367_/CLK (sky130_fd_sc_hd__dfxtp_1)
     4    0.02    0.17    0.45    0.45 ^ accumulator._2367_/Q (sky130_fd_sc_hd__dfxtp_1)
                                         accumulator.io_accOut[10] (net)
                  0.17    0.00    0.45 ^ _10_/A (sky130_fd_sc_hd__clkbuf_1)
     1    0.01    0.09    0.15    0.60 ^ _10_/X (sky130_fd_sc_hd__clkbuf_1)
                                         net24 (net)
                  0.09    0.00    0.60 ^ output24/A (sky130_fd_sc_hd__buf_2)
     1    0.03    0.17    0.22    0.83 ^ output24/X (sky130_fd_sc_hd__buf_2)
                                         io_accOut[10] (net)
                  0.17    0.00    0.83 ^ io_accOut[10] (out)
                                  0.83   data arrival time

                  0.15   25.00   25.00   clock clock (rise edge)
                          0.00   25.00   clock network delay (ideal)
                         -0.25   24.75   clock uncertainty
                          0.00   24.75   clock reconvergence pessimism
                         -5.00   19.75   output external delay
                                 19.75   data required time
-----------------------------------------------------------------------------
                                 19.75   data required time
                                 -0.83   data arrival time
-----------------------------------------------------------------------------
                                 18.92   slack (MET)


Startpoint: accumulator._2371_
            (rising edge-triggered flip-flop clocked by clock)
Endpoint: io_accOut[14] (output port clocked by clock)
Path Group: clock
Path Type: max

Fanout     Cap    Slew   Delay    Time   Description
-----------------------------------------------------------------------------
                  0.15    0.00    0.00   clock clock (rise edge)
                          0.00    0.00   clock network delay (ideal)
                  0.15    0.00    0.00 ^ accumulator._2371_/CLK (sky130_fd_sc_hd__dfxtp_1)
     4    0.01    0.14    0.43    0.43 ^ accumulator._2371_/Q (sky130_fd_sc_hd__dfxtp_1)
                                         accumulator.io_accOut[14] (net)
                  0.14    0.00    0.43 ^ _14_/A (sky130_fd_sc_hd__buf_1)
     1    0.01    0.11    0.16    0.59 ^ _14_/X (sky130_fd_sc_hd__buf_1)
                                         net28 (net)
                  0.11    0.00    0.59 ^ output28/A (sky130_fd_sc_hd__buf_2)
     1    0.03    0.17    0.23    0.82 ^ output28/X (sky130_fd_sc_hd__buf_2)
                                         io_accOut[14] (net)
                  0.17    0.00    0.82 ^ io_accOut[14] (out)
                                  0.82   data arrival time

                  0.15   25.00   25.00   clock clock (rise edge)
                          0.00   25.00   clock network delay (ideal)
                         -0.25   24.75   clock uncertainty
                          0.00   24.75   clock reconvergence pessimism
                         -5.00   19.75   output external delay
                                 19.75   data required time
-----------------------------------------------------------------------------
                                 19.75   data required time
                                 -0.82   data arrival time
-----------------------------------------------------------------------------
                                 18.93   slack (MET)


Startpoint: accumulator._2380_
            (rising edge-triggered flip-flop clocked by clock)
Endpoint: io_accOut[23] (output port clocked by clock)
Path Group: clock
Path Type: max

Fanout     Cap    Slew   Delay    Time   Description
-----------------------------------------------------------------------------
                  0.15    0.00    0.00   clock clock (rise edge)
                          0.00    0.00   clock network delay (ideal)
                  0.15    0.00    0.00 ^ accumulator._2380_/CLK (sky130_fd_sc_hd__dfxtp_1)
     6    0.02    0.18    0.46    0.46 ^ accumulator._2380_/Q (sky130_fd_sc_hd__dfxtp_1)
                                         accumulator.io_accOut[23] (net)
                  0.18    0.00    0.46 ^ _23_/A (sky130_fd_sc_hd__clkbuf_1)
     1    0.01    0.08    0.14    0.60 ^ _23_/X (sky130_fd_sc_hd__clkbuf_1)
                                         net38 (net)
                  0.08    0.00    0.60 ^ output38/A (sky130_fd_sc_hd__buf_2)
     1    0.03    0.17    0.22    0.82 ^ output38/X (sky130_fd_sc_hd__buf_2)
                                         io_accOut[23] (net)
                  0.17    0.00    0.82 ^ io_accOut[23] (out)
                                  0.82   data arrival time

                  0.15   25.00   25.00   clock clock (rise edge)
                          0.00   25.00   clock network delay (ideal)
                         -0.25   24.75   clock uncertainty
                          0.00   24.75   clock reconvergence pessimism
                         -5.00   19.75   output external delay
                                 19.75   data required time
-----------------------------------------------------------------------------
                                 19.75   data required time
                                 -0.82   data arrival time
-----------------------------------------------------------------------------
                                 18.93   slack (MET)


Startpoint: accumulator._2381_
            (rising edge-triggered flip-flop clocked by clock)
Endpoint: io_accOut[24] (output port clocked by clock)
Path Group: clock
Path Type: max

Fanout     Cap    Slew   Delay    Time   Description
-----------------------------------------------------------------------------
                  0.15    0.00    0.00   clock clock (rise edge)
                          0.00    0.00   clock network delay (ideal)
                  0.15    0.00    0.00 ^ accumulator._2381_/CLK (sky130_fd_sc_hd__dfxtp_1)
     6    0.02    0.18    0.46    0.46 ^ accumulator._2381_/Q (sky130_fd_sc_hd__dfxtp_1)
                                         accumulator.io_accOut[24] (net)
                  0.18    0.00    0.46 ^ _24_/A (sky130_fd_sc_hd__clkbuf_1)
     1    0.01    0.08    0.14    0.60 ^ _24_/X (sky130_fd_sc_hd__clkbuf_1)
                                         net39 (net)
                  0.08    0.00    0.60 ^ output39/A (sky130_fd_sc_hd__buf_2)
     1    0.03    0.17    0.22    0.82 ^ output39/X (sky130_fd_sc_hd__buf_2)
                                         io_accOut[24] (net)
                  0.17    0.00    0.82 ^ io_accOut[24] (out)
                                  0.82   data arrival time

                  0.15   25.00   25.00   clock clock (rise edge)
                          0.00   25.00   clock network delay (ideal)
                         -0.25   24.75   clock uncertainty
                          0.00   24.75   clock reconvergence pessimism
                         -5.00   19.75   output external delay
                                 19.75   data required time
-----------------------------------------------------------------------------
                                 19.75   data required time
                                 -0.82   data arrival time
-----------------------------------------------------------------------------
                                 18.93   slack (MET)


Startpoint: accumulator._2387_
            (rising edge-triggered flip-flop clocked by clock)
Endpoint: io_accOut[30] (output port clocked by clock)
Path Group: clock
Path Type: max

Fanout     Cap    Slew   Delay    Time   Description
-----------------------------------------------------------------------------
                  0.15    0.00    0.00   clock clock (rise edge)
                          0.00    0.00   clock network delay (ideal)
                  0.15    0.00    0.00 ^ accumulator._2387_/CLK (sky130_fd_sc_hd__dfxtp_2)
     6    0.03    0.18    0.48    0.48 ^ accumulator._2387_/Q (sky130_fd_sc_hd__dfxtp_2)
                                         accumulator.io_accOut[30] (net)
                  0.18    0.00    0.48 ^ _30_/A (sky130_fd_sc_hd__clkbuf_1)
     1    0.00    0.06    0.12    0.60 ^ _30_/X (sky130_fd_sc_hd__clkbuf_1)
                                         net46 (net)
                  0.06    0.00    0.60 ^ output46/A (sky130_fd_sc_hd__buf_2)
     1    0.03    0.17    0.21    0.81 ^ output46/X (sky130_fd_sc_hd__buf_2)
                                         io_accOut[30] (net)
                  0.17    0.00    0.81 ^ io_accOut[30] (out)
                                  0.81   data arrival time

                  0.15   25.00   25.00   clock clock (rise edge)
                          0.00   25.00   clock network delay (ideal)
                         -0.25   24.75   clock uncertainty
                          0.00   24.75   clock reconvergence pessimism
                         -5.00   19.75   output external delay
                                 19.75   data required time
-----------------------------------------------------------------------------
                                 19.75   data required time
                                 -0.81   data arrival time
-----------------------------------------------------------------------------
                                 18.94   slack (MET)


Startpoint: accumulator._2364_
            (rising edge-triggered flip-flop clocked by clock)
Endpoint: io_accOut[7] (output port clocked by clock)
Path Group: clock
Path Type: max

Fanout     Cap    Slew   Delay    Time   Description
-----------------------------------------------------------------------------
                  0.15    0.00    0.00   clock clock (rise edge)
                          0.00    0.00   clock network delay (ideal)
                  0.15    0.00    0.00 ^ accumulator._2364_/CLK (sky130_fd_sc_hd__dfxtp_2)
     6    0.03    0.13    0.44    0.44 ^ accumulator._2364_/Q (sky130_fd_sc_hd__dfxtp_2)
                                         accumulator.io_accOut[7] (net)
                  0.13    0.00    0.44 ^ _07_/A (sky130_fd_sc_hd__clkbuf_1)
     1    0.01    0.09    0.14    0.59 ^ _07_/X (sky130_fd_sc_hd__clkbuf_1)
                                         net52 (net)
                  0.09    0.00    0.59 ^ output52/A (sky130_fd_sc_hd__buf_2)
     1    0.03    0.17    0.23    0.81 ^ output52/X (sky130_fd_sc_hd__buf_2)
                                         io_accOut[7] (net)
                  0.17    0.00    0.81 ^ io_accOut[7] (out)
                                  0.81   data arrival time

                  0.15   25.00   25.00   clock clock (rise edge)
                          0.00   25.00   clock network delay (ideal)
                         -0.25   24.75   clock uncertainty
                          0.00   24.75   clock reconvergence pessimism
                         -5.00   19.75   output external delay
                                 19.75   data required time
-----------------------------------------------------------------------------
                                 19.75   data required time
                                 -0.81   data arrival time
-----------------------------------------------------------------------------
                                 18.94   slack (MET)


Startpoint: accumulator._2369_
            (rising edge-triggered flip-flop clocked by clock)
Endpoint: io_accOut[12] (output port clocked by clock)
Path Group: clock
Path Type: max

Fanout     Cap    Slew   Delay    Time   Description
-----------------------------------------------------------------------------
                  0.15    0.00    0.00   clock clock (rise edge)
                          0.00    0.00   clock network delay (ideal)
                  0.15    0.00    0.00 ^ accumulator._2369_/CLK (sky130_fd_sc_hd__dfxtp_1)
     4    0.01    0.12    0.41    0.41 ^ accumulator._2369_/Q (sky130_fd_sc_hd__dfxtp_1)
                                         accumulator.io_accOut[12] (net)
                  0.12    0.00    0.41 ^ _12_/A (sky130_fd_sc_hd__buf_1)
     1    0.01    0.12    0.16    0.57 ^ _12_/X (sky130_fd_sc_hd__buf_1)
                                         net26 (net)
                  0.12    0.00    0.57 ^ output26/A (sky130_fd_sc_hd__buf_2)
     1    0.03    0.17    0.24    0.81 ^ output26/X (sky130_fd_sc_hd__buf_2)
                                         io_accOut[12] (net)
                  0.17    0.00    0.81 ^ io_accOut[12] (out)
                                  0.81   data arrival time

                  0.15   25.00   25.00   clock clock (rise edge)
                          0.00   25.00   clock network delay (ideal)
                         -0.25   24.75   clock uncertainty
                          0.00   24.75   clock reconvergence pessimism
                         -5.00   19.75   output external delay
                                 19.75   data required time
-----------------------------------------------------------------------------
                                 19.75   data required time
                                 -0.81   data arrival time
-----------------------------------------------------------------------------
                                 18.94   slack (MET)


Startpoint: accumulator._2376_
            (rising edge-triggered flip-flop clocked by clock)
Endpoint: io_accOut[19] (output port clocked by clock)
Path Group: clock
Path Type: max

Fanout     Cap    Slew   Delay    Time   Description
-----------------------------------------------------------------------------
                  0.15    0.00    0.00   clock clock (rise edge)
                          0.00    0.00   clock network delay (ideal)
                  0.15    0.00    0.00 ^ accumulator._2376_/CLK (sky130_fd_sc_hd__dfxtp_1)
     4    0.01    0.12    0.42    0.42 ^ accumulator._2376_/Q (sky130_fd_sc_hd__dfxtp_1)
                                         accumulator.io_accOut[19] (net)
                  0.12    0.00    0.42 ^ _19_/A (sky130_fd_sc_hd__buf_1)
     1    0.01    0.10    0.15    0.57 ^ _19_/X (sky130_fd_sc_hd__buf_1)
                                         net33 (net)
                  0.10    0.00    0.57 ^ output33/A (sky130_fd_sc_hd__buf_2)
     1    0.03    0.17    0.23    0.80 ^ output33/X (sky130_fd_sc_hd__buf_2)
                                         io_accOut[19] (net)
                  0.17    0.00    0.80 ^ io_accOut[19] (out)
                                  0.80   data arrival time

                  0.15   25.00   25.00   clock clock (rise edge)
                          0.00   25.00   clock network delay (ideal)
                         -0.25   24.75   clock uncertainty
                          0.00   24.75   clock reconvergence pessimism
                         -5.00   19.75   output external delay
                                 19.75   data required time
-----------------------------------------------------------------------------
                                 19.75   data required time
                                 -0.80   data arrival time
-----------------------------------------------------------------------------
                                 18.95   slack (MET)


Startpoint: accumulator._2357_
            (rising edge-triggered flip-flop clocked by clock)
Endpoint: io_accOut[0] (output port clocked by clock)
Path Group: clock
Path Type: max

Fanout     Cap    Slew   Delay    Time   Description
-----------------------------------------------------------------------------
                  0.15    0.00    0.00   clock clock (rise edge)
                          0.00    0.00   clock network delay (ideal)
                  0.15    0.00    0.00 ^ accumulator._2357_/CLK (sky130_fd_sc_hd__dfxtp_2)
     5    0.02    0.12    0.43    0.43 ^ accumulator._2357_/Q (sky130_fd_sc_hd__dfxtp_2)
                                         accumulator.io_accOut[0] (net)
                  0.12    0.00    0.43 ^ _00_/A (sky130_fd_sc_hd__buf_1)
     1    0.01    0.09    0.14    0.58 ^ _00_/X (sky130_fd_sc_hd__buf_1)
                                         net23 (net)
                  0.09    0.00    0.58 ^ output23/A (sky130_fd_sc_hd__buf_2)
     1    0.03    0.17    0.23    0.80 ^ output23/X (sky130_fd_sc_hd__buf_2)
                                         io_accOut[0] (net)
                  0.17    0.00    0.80 ^ io_accOut[0] (out)
                                  0.80   data arrival time

                  0.15   25.00   25.00   clock clock (rise edge)
                          0.00   25.00   clock network delay (ideal)
                         -0.25   24.75   clock uncertainty
                          0.00   24.75   clock reconvergence pessimism
                         -5.00   19.75   output external delay
                                 19.75   data required time
-----------------------------------------------------------------------------
                                 19.75   data required time
                                 -0.80   data arrival time
-----------------------------------------------------------------------------
                                 18.95   slack (MET)


Startpoint: accumulator._2374_
            (rising edge-triggered flip-flop clocked by clock)
Endpoint: io_accOut[17] (output port clocked by clock)
Path Group: clock
Path Type: max

Fanout     Cap    Slew   Delay    Time   Description
-----------------------------------------------------------------------------
                  0.15    0.00    0.00   clock clock (rise edge)
                          0.00    0.00   clock network delay (ideal)
                  0.15    0.00    0.00 ^ accumulator._2374_/CLK (sky130_fd_sc_hd__dfxtp_1)
     4    0.01    0.11    0.41    0.41 ^ accumulator._2374_/Q (sky130_fd_sc_hd__dfxtp_1)
                                         accumulator.io_accOut[17] (net)
                  0.11    0.00    0.41 ^ _17_/A (sky130_fd_sc_hd__buf_1)
     1    0.01    0.11    0.16    0.57 ^ _17_/X (sky130_fd_sc_hd__buf_1)
                                         net31 (net)
                  0.11    0.00    0.57 ^ output31/A (sky130_fd_sc_hd__buf_2)
     1    0.03    0.17    0.23    0.80 ^ output31/X (sky130_fd_sc_hd__buf_2)
                                         io_accOut[17] (net)
                  0.17    0.00    0.80 ^ io_accOut[17] (out)
                                  0.80   data arrival time

                  0.15   25.00   25.00   clock clock (rise edge)
                          0.00   25.00   clock network delay (ideal)
                         -0.25   24.75   clock uncertainty
                          0.00   24.75   clock reconvergence pessimism
                         -5.00   19.75   output external delay
                                 19.75   data required time
-----------------------------------------------------------------------------
                                 19.75   data required time
                                 -0.80   data arrival time
-----------------------------------------------------------------------------
                                 18.95   slack (MET)


Startpoint: accumulator._2366_
            (rising edge-triggered flip-flop clocked by clock)
Endpoint: io_accOut[9] (output port clocked by clock)
Path Group: clock
Path Type: max

Fanout     Cap    Slew   Delay    Time   Description
-----------------------------------------------------------------------------
                  0.15    0.00    0.00   clock clock (rise edge)
                          0.00    0.00   clock network delay (ideal)
                  0.15    0.00    0.00 ^ accumulator._2366_/CLK (sky130_fd_sc_hd__dfxtp_1)
     4    0.01    0.12    0.42    0.42 ^ accumulator._2366_/Q (sky130_fd_sc_hd__dfxtp_1)
                                         accumulator.io_accOut[9] (net)
                  0.12    0.00    0.42 ^ _09_/A (sky130_fd_sc_hd__buf_1)
     1    0.01    0.10    0.15    0.57 ^ _09_/X (sky130_fd_sc_hd__buf_1)
                                         net54 (net)
                  0.10    0.00    0.57 ^ output54/A (sky130_fd_sc_hd__buf_2)
     1    0.03    0.17    0.23    0.80 ^ output54/X (sky130_fd_sc_hd__buf_2)
                                         io_accOut[9] (net)
                  0.17    0.00    0.80 ^ io_accOut[9] (out)
                                  0.80   data arrival time

                  0.15   25.00   25.00   clock clock (rise edge)
                          0.00   25.00   clock network delay (ideal)
                         -0.25   24.75   clock uncertainty
                          0.00   24.75   clock reconvergence pessimism
                         -5.00   19.75   output external delay
                                 19.75   data required time
-----------------------------------------------------------------------------
                                 19.75   data required time
                                 -0.80   data arrival time
-----------------------------------------------------------------------------
                                 18.95   slack (MET)


Startpoint: accumulator._2359_
            (rising edge-triggered flip-flop clocked by clock)
Endpoint: io_accOut[2] (output port clocked by clock)
Path Group: clock
Path Type: max

Fanout     Cap    Slew   Delay    Time   Description
-----------------------------------------------------------------------------
                  0.15    0.00    0.00   clock clock (rise edge)
                          0.00    0.00   clock network delay (ideal)
                  0.15    0.00    0.00 ^ accumulator._2359_/CLK (sky130_fd_sc_hd__dfxtp_2)
     6    0.03    0.15    0.45    0.45 ^ accumulator._2359_/Q (sky130_fd_sc_hd__dfxtp_2)
                                         accumulator.io_accOut[2] (net)
                  0.15    0.00    0.45 ^ _02_/A (sky130_fd_sc_hd__clkbuf_1)
     1    0.01    0.08    0.14    0.59 ^ _02_/X (sky130_fd_sc_hd__clkbuf_1)
                                         net45 (net)
                  0.08    0.00    0.59 ^ output45/A (sky130_fd_sc_hd__clkbuf_4)
     1    0.03    0.11    0.21    0.80 ^ output45/X (sky130_fd_sc_hd__clkbuf_4)
                                         io_accOut[2] (net)
                  0.11    0.00    0.80 ^ io_accOut[2] (out)
                                  0.80   data arrival time

                  0.15   25.00   25.00   clock clock (rise edge)
                          0.00   25.00   clock network delay (ideal)
                         -0.25   24.75   clock uncertainty
                          0.00   24.75   clock reconvergence pessimism
                         -5.00   19.75   output external delay
                                 19.75   data required time
-----------------------------------------------------------------------------
                                 19.75   data required time
                                 -0.80   data arrival time
-----------------------------------------------------------------------------
                                 18.95   slack (MET)


Startpoint: accumulator._2373_
            (rising edge-triggered flip-flop clocked by clock)
Endpoint: io_accOut[16] (output port clocked by clock)
Path Group: clock
Path Type: max

Fanout     Cap    Slew   Delay    Time   Description
-----------------------------------------------------------------------------
                  0.15    0.00    0.00   clock clock (rise edge)
                          0.00    0.00   clock network delay (ideal)
                  0.15    0.00    0.00 ^ accumulator._2373_/CLK (sky130_fd_sc_hd__dfxtp_1)
     3    0.01    0.12    0.42    0.42 ^ accumulator._2373_/Q (sky130_fd_sc_hd__dfxtp_1)
                                         accumulator.io_accOut[16] (net)
                  0.12    0.00    0.42 ^ _16_/A (sky130_fd_sc_hd__buf_1)
     1    0.01    0.10    0.15    0.57 ^ _16_/X (sky130_fd_sc_hd__buf_1)
                                         net30 (net)
                  0.10    0.00    0.57 ^ output30/A (sky130_fd_sc_hd__buf_2)
     1    0.03    0.17    0.23    0.80 ^ output30/X (sky130_fd_sc_hd__buf_2)
                                         io_accOut[16] (net)
                  0.17    0.00    0.80 ^ io_accOut[16] (out)
                                  0.80   data arrival time

                  0.15   25.00   25.00   clock clock (rise edge)
                          0.00   25.00   clock network delay (ideal)
                         -0.25   24.75   clock uncertainty
                          0.00   24.75   clock reconvergence pessimism
                         -5.00   19.75   output external delay
                                 19.75   data required time
-----------------------------------------------------------------------------
                                 19.75   data required time
                                 -0.80   data arrival time
-----------------------------------------------------------------------------
                                 18.95   slack (MET)


Startpoint: accumulator._2368_
            (rising edge-triggered flip-flop clocked by clock)
Endpoint: io_accOut[11] (output port clocked by clock)
Path Group: clock
Path Type: max

Fanout     Cap    Slew   Delay    Time   Description
-----------------------------------------------------------------------------
                  0.15    0.00    0.00   clock clock (rise edge)
                          0.00    0.00   clock network delay (ideal)
                  0.15    0.00    0.00 ^ accumulator._2368_/CLK (sky130_fd_sc_hd__dfxtp_1)
     4    0.01    0.11    0.41    0.41 ^ accumulator._2368_/Q (sky130_fd_sc_hd__dfxtp_1)
                                         accumulator.io_accOut[11] (net)
                  0.11    0.00    0.41 ^ _11_/A (sky130_fd_sc_hd__buf_1)
     1    0.01    0.10    0.15    0.56 ^ _11_/X (sky130_fd_sc_hd__buf_1)
                                         net25 (net)
                  0.10    0.00    0.56 ^ output25/A (sky130_fd_sc_hd__buf_2)
     1    0.03    0.17    0.23    0.79 ^ output25/X (sky130_fd_sc_hd__buf_2)
                                         io_accOut[11] (net)
                  0.17    0.00    0.79 ^ io_accOut[11] (out)
                                  0.79   data arrival time

                  0.15   25.00   25.00   clock clock (rise edge)
                          0.00   25.00   clock network delay (ideal)
                         -0.25   24.75   clock uncertainty
                          0.00   24.75   clock reconvergence pessimism
                         -5.00   19.75   output external delay
                                 19.75   data required time
-----------------------------------------------------------------------------
                                 19.75   data required time
                                 -0.79   data arrival time
-----------------------------------------------------------------------------
                                 18.96   slack (MET)


Startpoint: accumulator._2372_
            (rising edge-triggered flip-flop clocked by clock)
Endpoint: io_accOut[15] (output port clocked by clock)
Path Group: clock
Path Type: max

Fanout     Cap    Slew   Delay    Time   Description
-----------------------------------------------------------------------------
                  0.15    0.00    0.00   clock clock (rise edge)
                          0.00    0.00   clock network delay (ideal)
                  0.15    0.00    0.00 ^ accumulator._2372_/CLK (sky130_fd_sc_hd__dfxtp_1)
     3    0.01    0.11    0.41    0.41 ^ accumulator._2372_/Q (sky130_fd_sc_hd__dfxtp_1)
                                         accumulator.io_accOut[15] (net)
                  0.11    0.00    0.41 ^ _15_/A (sky130_fd_sc_hd__buf_1)
     1    0.01    0.11    0.15    0.56 ^ _15_/X (sky130_fd_sc_hd__buf_1)
                                         net29 (net)
                  0.11    0.00    0.56 ^ output29/A (sky130_fd_sc_hd__buf_2)
     1    0.03    0.17    0.23    0.79 ^ output29/X (sky130_fd_sc_hd__buf_2)
                                         io_accOut[15] (net)
                  0.17    0.00    0.79 ^ io_accOut[15] (out)
                                  0.79   data arrival time

                  0.15   25.00   25.00   clock clock (rise edge)
                          0.00   25.00   clock network delay (ideal)
                         -0.25   24.75   clock uncertainty
                          0.00   24.75   clock reconvergence pessimism
                         -5.00   19.75   output external delay
                                 19.75   data required time
-----------------------------------------------------------------------------
                                 19.75   data required time
                                 -0.79   data arrival time
-----------------------------------------------------------------------------
                                 18.96   slack (MET)


Startpoint: accumulator._2363_
            (rising edge-triggered flip-flop clocked by clock)
Endpoint: io_accOut[6] (output port clocked by clock)
Path Group: clock
Path Type: max

Fanout     Cap    Slew   Delay    Time   Description
-----------------------------------------------------------------------------
                  0.15    0.00    0.00   clock clock (rise edge)
                          0.00    0.00   clock network delay (ideal)
                  0.15    0.00    0.00 ^ accumulator._2363_/CLK (sky130_fd_sc_hd__dfxtp_2)
     6    0.02    0.13    0.44    0.44 ^ accumulator._2363_/Q (sky130_fd_sc_hd__dfxtp_2)
                                         accumulator.io_accOut[6] (net)
                  0.13    0.00    0.44 ^ _06_/A (sky130_fd_sc_hd__clkbuf_1)
     1    0.01    0.07    0.13    0.57 ^ _06_/X (sky130_fd_sc_hd__clkbuf_1)
                                         net51 (net)
                  0.07    0.00    0.57 ^ output51/A (sky130_fd_sc_hd__buf_2)
     1    0.03    0.17    0.22    0.79 ^ output51/X (sky130_fd_sc_hd__buf_2)
                                         io_accOut[6] (net)
                  0.17    0.00    0.79 ^ io_accOut[6] (out)
                                  0.79   data arrival time

                  0.15   25.00   25.00   clock clock (rise edge)
                          0.00   25.00   clock network delay (ideal)
                         -0.25   24.75   clock uncertainty
                          0.00   24.75   clock reconvergence pessimism
                         -5.00   19.75   output external delay
                                 19.75   data required time
-----------------------------------------------------------------------------
                                 19.75   data required time
                                 -0.79   data arrival time
-----------------------------------------------------------------------------
                                 18.96   slack (MET)


Startpoint: accumulator._2377_
            (rising edge-triggered flip-flop clocked by clock)
Endpoint: io_accOut[20] (output port clocked by clock)
Path Group: clock
Path Type: max

Fanout     Cap    Slew   Delay    Time   Description
-----------------------------------------------------------------------------
                  0.15    0.00    0.00   clock clock (rise edge)
                          0.00    0.00   clock network delay (ideal)
                  0.15    0.00    0.00 ^ accumulator._2377_/CLK (sky130_fd_sc_hd__dfxtp_1)
     4    0.01    0.11    0.41    0.41 ^ accumulator._2377_/Q (sky130_fd_sc_hd__dfxtp_1)
                                         accumulator.io_accOut[20] (net)
                  0.11    0.00    0.41 ^ _20_/A (sky130_fd_sc_hd__buf_1)
     1    0.01    0.10    0.15    0.56 ^ _20_/X (sky130_fd_sc_hd__buf_1)
                                         net35 (net)
                  0.10    0.00    0.56 ^ output35/A (sky130_fd_sc_hd__buf_2)
     1    0.03    0.17    0.23    0.79 ^ output35/X (sky130_fd_sc_hd__buf_2)
                                         io_accOut[20] (net)
                  0.17    0.00    0.79 ^ io_accOut[20] (out)
                                  0.79   data arrival time

                  0.15   25.00   25.00   clock clock (rise edge)
                          0.00   25.00   clock network delay (ideal)
                         -0.25   24.75   clock uncertainty
                          0.00   24.75   clock reconvergence pessimism
                         -5.00   19.75   output external delay
                                 19.75   data required time
-----------------------------------------------------------------------------
                                 19.75   data required time
                                 -0.79   data arrival time
-----------------------------------------------------------------------------
                                 18.96   slack (MET)


Startpoint: accumulator._2383_
            (rising edge-triggered flip-flop clocked by clock)
Endpoint: io_accOut[26] (output port clocked by clock)
Path Group: clock
Path Type: max

Fanout     Cap    Slew   Delay    Time   Description
-----------------------------------------------------------------------------
                  0.15    0.00    0.00   clock clock (rise edge)
                          0.00    0.00   clock network delay (ideal)
                  0.15    0.00    0.00 ^ accumulator._2383_/CLK (sky130_fd_sc_hd__dfxtp_1)
     6    0.02    0.17    0.45    0.45 ^ accumulator._2383_/Q (sky130_fd_sc_hd__dfxtp_1)
                                         accumulator.io_accOut[26] (net)
                  0.17    0.00    0.45 ^ _26_/A (sky130_fd_sc_hd__clkbuf_1)
     1    0.00    0.06    0.12    0.57 ^ _26_/X (sky130_fd_sc_hd__clkbuf_1)
                                         net41 (net)
                  0.06    0.00    0.57 ^ output41/A (sky130_fd_sc_hd__buf_2)
     1    0.03    0.17    0.21    0.79 ^ output41/X (sky130_fd_sc_hd__buf_2)
                                         io_accOut[26] (net)
                  0.17    0.00    0.79 ^ io_accOut[26] (out)
                                  0.79   data arrival time

                  0.15   25.00   25.00   clock clock (rise edge)
                          0.00   25.00   clock network delay (ideal)
                         -0.25   24.75   clock uncertainty
                          0.00   24.75   clock reconvergence pessimism
                         -5.00   19.75   output external delay
                                 19.75   data required time
-----------------------------------------------------------------------------
                                 19.75   data required time
                                 -0.79   data arrival time
-----------------------------------------------------------------------------
                                 18.96   slack (MET)


Startpoint: accumulator._2375_
            (rising edge-triggered flip-flop clocked by clock)
Endpoint: io_accOut[18] (output port clocked by clock)
Path Group: clock
Path Type: max

Fanout     Cap    Slew   Delay    Time   Description
-----------------------------------------------------------------------------
                  0.15    0.00    0.00   clock clock (rise edge)
                          0.00    0.00   clock network delay (ideal)
                  0.15    0.00    0.00 ^ accumulator._2375_/CLK (sky130_fd_sc_hd__dfxtp_1)
     4    0.01    0.13    0.43    0.43 ^ accumulator._2375_/Q (sky130_fd_sc_hd__dfxtp_1)
                                         accumulator.io_accOut[18] (net)
                  0.13    0.00    0.43 ^ _18_/A (sky130_fd_sc_hd__clkbuf_1)
     1    0.01    0.08    0.14    0.56 ^ _18_/X (sky130_fd_sc_hd__clkbuf_1)
                                         net32 (net)
                  0.08    0.00    0.56 ^ output32/A (sky130_fd_sc_hd__buf_2)
     1    0.03    0.17    0.22    0.79 ^ output32/X (sky130_fd_sc_hd__buf_2)
                                         io_accOut[18] (net)
                  0.17    0.00    0.79 ^ io_accOut[18] (out)
                                  0.79   data arrival time

                  0.15   25.00   25.00   clock clock (rise edge)
                          0.00   25.00   clock network delay (ideal)
                         -0.25   24.75   clock uncertainty
                          0.00   24.75   clock reconvergence pessimism
                         -5.00   19.75   output external delay
                                 19.75   data required time
-----------------------------------------------------------------------------
                                 19.75   data required time
                                 -0.79   data arrival time
-----------------------------------------------------------------------------
                                 18.96   slack (MET)


Startpoint: accumulator._2384_
            (rising edge-triggered flip-flop clocked by clock)
Endpoint: io_accOut[27] (output port clocked by clock)
Path Group: clock
Path Type: max

Fanout     Cap    Slew   Delay    Time   Description
-----------------------------------------------------------------------------
                  0.15    0.00    0.00   clock clock (rise edge)
                          0.00    0.00   clock network delay (ideal)
                  0.15    0.00    0.00 ^ accumulator._2384_/CLK (sky130_fd_sc_hd__dfxtp_1)
     6    0.01    0.14    0.43    0.43 ^ accumulator._2384_/Q (sky130_fd_sc_hd__dfxtp_1)
                                         accumulator.io_accOut[27] (net)
                  0.14    0.00    0.43 ^ _27_/A (sky130_fd_sc_hd__clkbuf_1)
     1    0.01    0.08    0.13    0.56 ^ _27_/X (sky130_fd_sc_hd__clkbuf_1)
                                         net42 (net)
                  0.08    0.00    0.56 ^ output42/A (sky130_fd_sc_hd__buf_2)
     1    0.03    0.17    0.22    0.78 ^ output42/X (sky130_fd_sc_hd__buf_2)
                                         io_accOut[27] (net)
                  0.17    0.00    0.78 ^ io_accOut[27] (out)
                                  0.78   data arrival time

                  0.15   25.00   25.00   clock clock (rise edge)
                          0.00   25.00   clock network delay (ideal)
                         -0.25   24.75   clock uncertainty
                          0.00   24.75   clock reconvergence pessimism
                         -5.00   19.75   output external delay
                                 19.75   data required time
-----------------------------------------------------------------------------
                                 19.75   data required time
                                 -0.78   data arrival time
-----------------------------------------------------------------------------
                                 18.97   slack (MET)


Startpoint: accumulator._2365_
            (rising edge-triggered flip-flop clocked by clock)
Endpoint: io_accOut[8] (output port clocked by clock)
Path Group: clock
Path Type: max

Fanout     Cap    Slew   Delay    Time   Description
-----------------------------------------------------------------------------
                  0.15    0.00    0.00   clock clock (rise edge)
                          0.00    0.00   clock network delay (ideal)
                  0.15    0.00    0.00 ^ accumulator._2365_/CLK (sky130_fd_sc_hd__dfxtp_1)
     4    0.02    0.15    0.44    0.44 ^ accumulator._2365_/Q (sky130_fd_sc_hd__dfxtp_1)
                                         accumulator.io_accOut[8] (net)
                  0.15    0.00    0.44 ^ _08_/A (sky130_fd_sc_hd__clkbuf_1)
     1    0.01    0.08    0.14    0.57 ^ _08_/X (sky130_fd_sc_hd__clkbuf_1)
                                         net53 (net)
                  0.08    0.00    0.57 ^ output53/A (sky130_fd_sc_hd__clkbuf_4)
     1    0.03    0.11    0.21    0.78 ^ output53/X (sky130_fd_sc_hd__clkbuf_4)
                                         io_accOut[8] (net)
                  0.11    0.00    0.78 ^ io_accOut[8] (out)
                                  0.78   data arrival time

                  0.15   25.00   25.00   clock clock (rise edge)
                          0.00   25.00   clock network delay (ideal)
                         -0.25   24.75   clock uncertainty
                          0.00   24.75   clock reconvergence pessimism
                         -5.00   19.75   output external delay
                                 19.75   data required time
-----------------------------------------------------------------------------
                                 19.75   data required time
                                 -0.78   data arrival time
-----------------------------------------------------------------------------
                                 18.97   slack (MET)


Startpoint: accumulator._2386_
            (rising edge-triggered flip-flop clocked by clock)
Endpoint: io_accOut[29] (output port clocked by clock)
Path Group: clock
Path Type: max

Fanout     Cap    Slew   Delay    Time   Description
-----------------------------------------------------------------------------
                  0.15    0.00    0.00   clock clock (rise edge)
                          0.00    0.00   clock network delay (ideal)
                  0.15    0.00    0.00 ^ accumulator._2386_/CLK (sky130_fd_sc_hd__dfxtp_1)
     6    0.01    0.15    0.44    0.44 ^ accumulator._2386_/Q (sky130_fd_sc_hd__dfxtp_1)
                                         accumulator.io_accOut[29] (net)
                  0.15    0.00    0.44 ^ _29_/A (sky130_fd_sc_hd__clkbuf_1)
     1    0.00    0.06    0.12    0.56 ^ _29_/X (sky130_fd_sc_hd__clkbuf_1)
                                         net44 (net)
                  0.06    0.00    0.56 ^ output44/A (sky130_fd_sc_hd__buf_2)
     1    0.03    0.17    0.21    0.78 ^ output44/X (sky130_fd_sc_hd__buf_2)
                                         io_accOut[29] (net)
                  0.17    0.00    0.78 ^ io_accOut[29] (out)
                                  0.78   data arrival time

                  0.15   25.00   25.00   clock clock (rise edge)
                          0.00   25.00   clock network delay (ideal)
                         -0.25   24.75   clock uncertainty
                          0.00   24.75   clock reconvergence pessimism
                         -5.00   19.75   output external delay
                                 19.75   data required time
-----------------------------------------------------------------------------
                                 19.75   data required time
                                 -0.78   data arrival time
-----------------------------------------------------------------------------
                                 18.97   slack (MET)


Startpoint: accumulator._2385_
            (rising edge-triggered flip-flop clocked by clock)
Endpoint: io_accOut[28] (output port clocked by clock)
Path Group: clock
Path Type: max

Fanout     Cap    Slew   Delay    Time   Description
-----------------------------------------------------------------------------
                  0.15    0.00    0.00   clock clock (rise edge)
                          0.00    0.00   clock network delay (ideal)
                  0.15    0.00    0.00 ^ accumulator._2385_/CLK (sky130_fd_sc_hd__dfxtp_1)
     6    0.01    0.14    0.43    0.43 ^ accumulator._2385_/Q (sky130_fd_sc_hd__dfxtp_1)
                                         accumulator.io_accOut[28] (net)
                  0.14    0.00    0.43 ^ _28_/A (sky130_fd_sc_hd__clkbuf_1)
     1    0.00    0.06    0.12    0.56 ^ _28_/X (sky130_fd_sc_hd__clkbuf_1)
                                         net43 (net)
                  0.06    0.00    0.56 ^ output43/A (sky130_fd_sc_hd__buf_2)
     1    0.03    0.17    0.21    0.77 ^ output43/X (sky130_fd_sc_hd__buf_2)
                                         io_accOut[28] (net)
                  0.17    0.00    0.77 ^ io_accOut[28] (out)
                                  0.77   data arrival time

                  0.15   25.00   25.00   clock clock (rise edge)
                          0.00   25.00   clock network delay (ideal)
                         -0.25   24.75   clock uncertainty
                          0.00   24.75   clock reconvergence pessimism
                         -5.00   19.75   output external delay
                                 19.75   data required time
-----------------------------------------------------------------------------
                                 19.75   data required time
                                 -0.77   data arrival time
-----------------------------------------------------------------------------
                                 18.98   slack (MET)


Startpoint: reset (input port clocked by clock)
Endpoint: accumulator._2356_ (rising edge-triggered flip-flop clocked by clock)
Path Group: clock
Path Type: max

Fanout     Cap    Slew   Delay    Time   Description
-----------------------------------------------------------------------------
                  0.15    0.00    0.00   clock clock (rise edge)
                          0.00    0.00   clock network delay (ideal)
                          5.00    5.00 ^ input external delay
     1    0.00    0.02    0.01    5.01 ^ reset (in)
                                         reset (net)
                  0.02    0.00    5.01 ^ input22/A (sky130_fd_sc_hd__buf_1)
     4    0.01    0.14    0.15    5.16 ^ input22/X (sky130_fd_sc_hd__buf_1)
                                         net22 (net)
                  0.14    0.00    5.16 ^ accumulator._1295_/A_N (sky130_fd_sc_hd__and2b_1)
     1    0.00    0.03    0.20    5.36 v accumulator._1295_/X (sky130_fd_sc_hd__and2b_1)
                                         accumulator._0391_ (net)
                  0.03    0.00    5.36 v accumulator._1296_/A (sky130_fd_sc_hd__clkbuf_1)
     1    0.00    0.02    0.08    5.44 v accumulator._1296_/X (sky130_fd_sc_hd__clkbuf_1)
                                         accumulator._0001_ (net)
                  0.02    0.00    5.44 v accumulator._2356_/D (sky130_fd_sc_hd__dfxtp_1)
                                  5.44   data arrival time

                  0.15   25.00   25.00   clock clock (rise edge)
                          0.00   25.00   clock network delay (ideal)
                         -0.25   24.75   clock uncertainty
                          0.00   24.75   clock reconvergence pessimism
                                 24.75 ^ accumulator._2356_/CLK (sky130_fd_sc_hd__dfxtp_1)
                         -0.08   24.67   library setup time
                                 24.67   data required time
-----------------------------------------------------------------------------
                                 24.67   data required time
                                 -5.44   data arrival time
-----------------------------------------------------------------------------
                                 19.23   slack (MET)


Startpoint: reset (input port clocked by clock)
Endpoint: accumulator._2388_ (rising edge-triggered flip-flop clocked by clock)
Path Group: clock
Path Type: max

Fanout     Cap    Slew   Delay    Time   Description
-----------------------------------------------------------------------------
                  0.15    0.00    0.00   clock clock (rise edge)
                          0.00    0.00   clock network delay (ideal)
                          5.00    5.00 ^ input external delay
     1    0.00    0.02    0.01    5.01 ^ reset (in)
                                         reset (net)
                  0.02    0.00    5.01 ^ input22/A (sky130_fd_sc_hd__buf_1)
     4    0.01    0.14    0.15    5.16 ^ input22/X (sky130_fd_sc_hd__buf_1)
                                         net22 (net)
                  0.14    0.00    5.16 ^ accumulator._2353_/A (sky130_fd_sc_hd__nor2_1)
     1    0.00    0.04    0.07    5.22 v accumulator._2353_/Y (sky130_fd_sc_hd__nor2_1)
                                         accumulator._0304_ (net)
                  0.04    0.00    5.22 v accumulator._2354_/C1 (sky130_fd_sc_hd__o211a_1)
     1    0.00    0.04    0.11    5.33 v accumulator._2354_/X (sky130_fd_sc_hd__o211a_1)
                                         accumulator._0033_ (net)
                  0.04    0.00    5.33 v accumulator._2388_/D (sky130_fd_sc_hd__dfxtp_1)
                                  5.33   data arrival time

                  0.15   25.00   25.00   clock clock (rise edge)
                          0.00   25.00   clock network delay (ideal)
                         -0.25   24.75   clock uncertainty
                          0.00   24.75   clock reconvergence pessimism
                                 24.75 ^ accumulator._2388_/CLK (sky130_fd_sc_hd__dfxtp_1)
                         -0.08   24.67   library setup time
                                 24.67   data required time
-----------------------------------------------------------------------------
                                 24.67   data required time
                                 -5.33   data arrival time
-----------------------------------------------------------------------------
                                 19.34   slack (MET)



worst slack corner Typical: 0.3137
