
===========================================================================
report_checks -path_delay max (Setup)
============================================================================
======================= Typical Corner ===================================

Startpoint: io_inScaleA[7] (input port clocked by clock)
Endpoint: accumulator._2415_ (rising edge-triggered flip-flop clocked by clock)
Path Group: clock
Path Type: max

Fanout     Cap    Slew   Delay    Time   Description
-----------------------------------------------------------------------------
                          0.00    0.00   clock clock (rise edge)
                          0.00    0.00   clock network delay (propagated)
                          5.00    5.00 v input external delay
     1    0.00    0.01    0.00    5.00 v io_inScaleA[7] (in)
                                         io_inScaleA[7] (net)
                  0.01    0.00    5.00 v input16/A (sky130_fd_sc_hd__buf_2)
     5    0.01    0.04    0.13    5.13 v input16/X (sky130_fd_sc_hd__buf_2)
                                         net16 (net)
                  0.04    0.00    5.13 v scaleAdd._421_/A1 (sky130_fd_sc_hd__o21a_4)
     4    0.02    0.05    0.24    5.37 v scaleAdd._421_/X (sky130_fd_sc_hd__o21a_4)
                                         scaleAdd._002_ (net)
                  0.05    0.00    5.37 v scaleAdd._428_/A (sky130_fd_sc_hd__xor2_1)
     2    0.01    0.07    0.18    5.55 v scaleAdd._428_/X (sky130_fd_sc_hd__xor2_1)
                                         scaleAdd._009_ (net)
                  0.07    0.00    5.55 v scaleAdd._429_/A (sky130_fd_sc_hd__xnor2_1)
     2    0.01    0.20    0.23    5.78 ^ scaleAdd._429_/Y (sky130_fd_sc_hd__xnor2_1)
                                         scaleAdd._010_ (net)
                  0.20    0.00    5.78 ^ scaleAdd._431_/B (sky130_fd_sc_hd__xnor2_1)
     2    0.01    0.25    0.20    5.99 ^ scaleAdd._431_/Y (sky130_fd_sc_hd__xnor2_1)
                                         scaleAdd._012_ (net)
                  0.25    0.00    5.99 ^ scaleAdd._432_/B (sky130_fd_sc_hd__xnor2_1)
     2    0.01    0.20    0.19    6.18 ^ scaleAdd._432_/Y (sky130_fd_sc_hd__xnor2_1)
                                         scaleAdd._013_ (net)
                  0.20    0.00    6.18 ^ scaleAdd._435_/A (sky130_fd_sc_hd__xor2_1)
     2    0.01    0.26    0.28    6.46 ^ scaleAdd._435_/X (sky130_fd_sc_hd__xor2_1)
                                         scaleAdd._016_ (net)
                  0.26    0.00    6.46 ^ scaleAdd._436_/A (sky130_fd_sc_hd__xnor2_2)
     2    0.01    0.19    0.18    6.64 ^ scaleAdd._436_/Y (sky130_fd_sc_hd__xnor2_2)
                                         scaleAdd._017_ (net)
                  0.19    0.00    6.64 ^ scaleAdd._438_/B (sky130_fd_sc_hd__xnor2_2)
     2    0.01    0.20    0.17    6.81 ^ scaleAdd._438_/Y (sky130_fd_sc_hd__xnor2_2)
                                         scaleAdd._019_ (net)
                  0.20    0.00    6.81 ^ scaleAdd._439_/A (sky130_fd_sc_hd__xor2_2)
     5    0.02    0.29    0.29    7.10 ^ scaleAdd._439_/X (sky130_fd_sc_hd__xor2_2)
                                         scaleAdd._020_ (net)
                  0.29    0.00    7.10 ^ scaleAdd._443_/B (sky130_fd_sc_hd__xnor2_2)
     1    0.01    0.07    0.12    7.22 v scaleAdd._443_/Y (sky130_fd_sc_hd__xnor2_2)
                                         scaleAdd._024_ (net)
                  0.07    0.00    7.22 v scaleAdd._444_/A (sky130_fd_sc_hd__xnor2_2)
     6    0.01    0.22    0.24    7.46 ^ scaleAdd._444_/Y (sky130_fd_sc_hd__xnor2_2)
                                         scaleAdd._025_ (net)
                  0.22    0.00    7.46 ^ scaleAdd._445_/B_N (sky130_fd_sc_hd__or2b_4)
     3    0.01    0.05    0.31    7.78 v scaleAdd._445_/X (sky130_fd_sc_hd__or2b_4)
                                         scaleAdd._026_ (net)
                  0.05    0.00    7.78 v scaleAdd._448_/B1 (sky130_fd_sc_hd__a22o_1)
     2    0.00    0.05    0.19    7.97 v scaleAdd._448_/X (sky130_fd_sc_hd__a22o_1)
                                         scaleAdd._029_ (net)
                  0.05    0.00    7.97 v scaleAdd._452_/A2 (sky130_fd_sc_hd__a21o_1)
     2    0.00    0.04    0.19    8.16 v scaleAdd._452_/X (sky130_fd_sc_hd__a21o_1)
                                         scaleAdd._033_ (net)
                  0.04    0.00    8.16 v scaleAdd._454_/B2 (sky130_fd_sc_hd__a22o_1)
     3    0.01    0.06    0.22    8.38 v scaleAdd._454_/X (sky130_fd_sc_hd__a22o_1)
                                         scaleAdd._035_ (net)
                  0.06    0.00    8.38 v scaleAdd._456_/B (sky130_fd_sc_hd__and3_1)
     2    0.00    0.05    0.18    8.56 v scaleAdd._456_/X (sky130_fd_sc_hd__and3_1)
                                         scaleAdd._037_ (net)
                  0.05    0.00    8.56 v scaleAdd._458_/B (sky130_fd_sc_hd__or3_4)
     3    0.01    0.07    0.38    8.95 v scaleAdd._458_/X (sky130_fd_sc_hd__or3_4)
                                         scaleAdd._039_ (net)
                  0.07    0.00    8.95 v scaleAdd._492_/A1 (sky130_fd_sc_hd__a21o_1)
     3    0.01    0.07    0.21    9.15 v scaleAdd._492_/X (sky130_fd_sc_hd__a21o_1)
                                         scaleAdd._072_ (net)
                  0.07    0.00    9.15 v scaleAdd._539_/A1 (sky130_fd_sc_hd__a21oi_4)
     4    0.01    0.13    0.16    9.31 ^ scaleAdd._539_/Y (sky130_fd_sc_hd__a21oi_4)
                                         scaleAdd._118_ (net)
                  0.13    0.00    9.31 ^ scaleAdd._603_/A3 (sky130_fd_sc_hd__o311ai_2)
     3    0.01    0.10    0.11    9.42 v scaleAdd._603_/Y (sky130_fd_sc_hd__o311ai_2)
                                         scaleAdd._180_ (net)
                  0.10    0.00    9.42 v scaleAdd._652_/A1 (sky130_fd_sc_hd__a311o_1)
     3    0.01    0.07    0.31    9.72 v scaleAdd._652_/X (sky130_fd_sc_hd__a311o_1)
                                         scaleAdd._227_ (net)
                  0.07    0.00    9.72 v scaleAdd._688_/A1 (sky130_fd_sc_hd__a311o_1)
     3    0.01    0.10    0.33   10.06 v scaleAdd._688_/X (sky130_fd_sc_hd__a311o_1)
                                         scaleAdd._261_ (net)
                  0.10    0.00   10.06 v scaleAdd._708_/A1 (sky130_fd_sc_hd__a31oi_4)
     2    0.01    0.14    0.16   10.22 ^ scaleAdd._708_/Y (sky130_fd_sc_hd__a31oi_4)
                                         scaleAdd._279_ (net)
                  0.14    0.00   10.22 ^ rebuffer17/A (sky130_fd_sc_hd__buf_6)
     1    0.00    0.03    0.12   10.34 ^ rebuffer17/X (sky130_fd_sc_hd__buf_6)
                                         net74 (net)
                  0.03    0.00   10.34 ^ rebuffer10/A (sky130_fd_sc_hd__buf_6)
     1    0.02    0.05    0.10   10.44 ^ rebuffer10/X (sky130_fd_sc_hd__buf_6)
                                         net67 (net)
                  0.05    0.00   10.44 ^ scaleAdd._709_/A (sky130_fd_sc_hd__xnor2_4)
     4    0.01    0.06    0.08   10.52 v scaleAdd._709_/Y (sky130_fd_sc_hd__xnor2_4)
                                         accumulator.io_inMant[16] (net)
                  0.06    0.00   10.52 v accumulator._1204_/B (sky130_fd_sc_hd__or4_4)
     4    0.01    0.09    0.55   11.07 v accumulator._1204_/X (sky130_fd_sc_hd__or4_4)
                                         accumulator._0065_ (net)
                  0.09    0.00   11.07 v accumulator._1206_/B (sky130_fd_sc_hd__or2_4)
     3    0.01    0.05    0.26   11.32 v accumulator._1206_/X (sky130_fd_sc_hd__or2_4)
                                         accumulator._0085_ (net)
                  0.05    0.00   11.32 v accumulator._1207_/B (sky130_fd_sc_hd__or2_4)
     4    0.01    0.05    0.24   11.57 v accumulator._1207_/X (sky130_fd_sc_hd__or2_4)
                                         accumulator._0095_ (net)
                  0.05    0.00   11.57 v accumulator._1240_/B (sky130_fd_sc_hd__and2_1)
     2    0.00    0.04    0.17   11.73 v accumulator._1240_/X (sky130_fd_sc_hd__and2_1)
                                         accumulator._0339_ (net)
                  0.04    0.00   11.73 v accumulator._1241_/C1 (sky130_fd_sc_hd__a311o_1)
     3    0.01    0.07    0.30   12.03 v accumulator._1241_/X (sky130_fd_sc_hd__a311o_1)
                                         accumulator._0340_ (net)
                  0.07    0.00   12.03 v accumulator._1255_/A1 (sky130_fd_sc_hd__a21o_1)
     2    0.00    0.04    0.18   12.21 v accumulator._1255_/X (sky130_fd_sc_hd__a21o_1)
                                         accumulator._0354_ (net)
                  0.04    0.00   12.21 v accumulator._1257_/A2 (sky130_fd_sc_hd__a211o_1)
     3    0.01    0.06    0.31   12.53 v accumulator._1257_/X (sky130_fd_sc_hd__a211o_1)
                                         accumulator._0356_ (net)
                  0.06    0.00   12.53 v accumulator._1263_/B (sky130_fd_sc_hd__and2_4)
     5    0.01    0.04    0.18   12.70 v accumulator._1263_/X (sky130_fd_sc_hd__and2_4)
                                         accumulator._0362_ (net)
                  0.04    0.00   12.70 v accumulator._1274_/C (sky130_fd_sc_hd__or4_4)
     4    0.01    0.10    0.52   13.22 v accumulator._1274_/X (sky130_fd_sc_hd__or4_4)
                                         accumulator._0373_ (net)
                  0.10    0.00   13.22 v accumulator._1276_/A1 (sky130_fd_sc_hd__a21o_1)
     2    0.01    0.05    0.19   13.41 v accumulator._1276_/X (sky130_fd_sc_hd__a21o_1)
                                         accumulator._0375_ (net)
                  0.05    0.00   13.41 v accumulator._1278_/A1 (sky130_fd_sc_hd__a21o_4)
     2    0.02    0.05    0.23   13.64 v accumulator._1278_/X (sky130_fd_sc_hd__a21o_4)
                                         accumulator._0377_ (net)
                  0.05    0.00   13.64 v accumulator._1284_/A2 (sky130_fd_sc_hd__a21o_1)
     2    0.01    0.05    0.20   13.84 v accumulator._1284_/X (sky130_fd_sc_hd__a21o_1)
                                         accumulator._0383_ (net)
                  0.05    0.00   13.84 v accumulator._1285_/A2 (sky130_fd_sc_hd__a21o_4)
     2    0.02    0.05    0.25   14.09 v accumulator._1285_/X (sky130_fd_sc_hd__a21o_4)
                                         accumulator._0384_ (net)
                  0.05    0.00   14.09 v accumulator._1290_/A2 (sky130_fd_sc_hd__a21o_1)
     2    0.02    0.09    0.25   14.34 v accumulator._1290_/X (sky130_fd_sc_hd__a21o_1)
                                         accumulator._0389_ (net)
                  0.09    0.00   14.34 v accumulator._1293_/A2 (sky130_fd_sc_hd__a21boi_4)
     3    0.02    0.19    0.24   14.58 ^ accumulator._1293_/Y (sky130_fd_sc_hd__a21boi_4)
                                         accumulator._0392_ (net)
                  0.19    0.00   14.58 ^ accumulator._1302_/A (sky130_fd_sc_hd__xor2_2)
     4    0.01    0.18    0.21   14.79 ^ accumulator._1302_/X (sky130_fd_sc_hd__xor2_2)
                                         accumulator._0401_ (net)
                  0.18    0.00   14.79 ^ accumulator._1303_/A (sky130_fd_sc_hd__buf_6)
     6    0.02    0.05    0.15   14.94 ^ accumulator._1303_/X (sky130_fd_sc_hd__buf_6)
                                         accumulator._0402_ (net)
                  0.05    0.00   14.94 ^ accumulator._1335_/S (sky130_fd_sc_hd__mux2_4)
     5    0.01    0.06    0.33   15.27 v accumulator._1335_/X (sky130_fd_sc_hd__mux2_4)
                                         accumulator._0432_ (net)
                  0.06    0.00   15.27 v accumulator._1336_/A (sky130_fd_sc_hd__buf_2)
    10    0.02    0.07    0.18   15.45 v accumulator._1336_/X (sky130_fd_sc_hd__buf_2)
                                         accumulator._0433_ (net)
                  0.07    0.00   15.45 v accumulator._1373_/A1 (sky130_fd_sc_hd__a21o_1)
     2    0.00    0.04    0.17   15.62 v accumulator._1373_/X (sky130_fd_sc_hd__a21o_1)
                                         accumulator._0470_ (net)
                  0.04    0.00   15.62 v accumulator._1380_/A2 (sky130_fd_sc_hd__a21o_1)
     2    0.00    0.04    0.18   15.80 v accumulator._1380_/X (sky130_fd_sc_hd__a21o_1)
                                         accumulator._0477_ (net)
                  0.04    0.00   15.80 v accumulator._1403_/A (sky130_fd_sc_hd__and2_1)
     2    0.00    0.04    0.14   15.95 v accumulator._1403_/X (sky130_fd_sc_hd__and2_1)
                                         accumulator._0500_ (net)
                  0.04    0.00   15.95 v accumulator._1427_/A2 (sky130_fd_sc_hd__a211o_1)
     1    0.00    0.05    0.29   16.24 v accumulator._1427_/X (sky130_fd_sc_hd__a211o_1)
                                         accumulator._0524_ (net)
                  0.05    0.00   16.24 v accumulator._1505_/A2 (sky130_fd_sc_hd__a32o_2)
     4    0.01    0.07    0.31   16.55 v accumulator._1505_/X (sky130_fd_sc_hd__a32o_2)
                                         accumulator._0602_ (net)
                  0.07    0.00   16.55 v accumulator._1507_/A (sky130_fd_sc_hd__xnor2_2)
     3    0.01    0.23    0.25   16.80 ^ accumulator._1507_/Y (sky130_fd_sc_hd__xnor2_2)
                                         accumulator._0604_ (net)
                  0.23    0.00   16.80 ^ accumulator._1837_/A1 (sky130_fd_sc_hd__a311o_1)
     2    0.00    0.07    0.22   17.01 ^ accumulator._1837_/X (sky130_fd_sc_hd__a311o_1)
                                         accumulator._0934_ (net)
                  0.07    0.00   17.01 ^ accumulator._1839_/A3 (sky130_fd_sc_hd__a311o_1)
     3    0.01    0.10    0.21   17.22 ^ accumulator._1839_/X (sky130_fd_sc_hd__a311o_1)
                                         accumulator._0936_ (net)
                  0.10    0.00   17.22 ^ accumulator._1842_/A1 (sky130_fd_sc_hd__a311o_1)
     2    0.01    0.10    0.20   17.42 ^ accumulator._1842_/X (sky130_fd_sc_hd__a311o_1)
                                         accumulator._0939_ (net)
                  0.10    0.00   17.42 ^ accumulator._1844_/A1 (sky130_fd_sc_hd__a31oi_2)
     3    0.01    0.08    0.10   17.53 v accumulator._1844_/Y (sky130_fd_sc_hd__a31oi_2)
                                         accumulator._0941_ (net)
                  0.08    0.00   17.53 v accumulator._1846_/A1 (sky130_fd_sc_hd__a211o_1)
     3    0.01    0.06    0.30   17.82 v accumulator._1846_/X (sky130_fd_sc_hd__a211o_1)
                                         accumulator._0943_ (net)
                  0.06    0.00   17.82 v accumulator._1847_/A1 (sky130_fd_sc_hd__a311o_1)
     3    0.01    0.08    0.32   18.14 v accumulator._1847_/X (sky130_fd_sc_hd__a311o_1)
                                         accumulator._0944_ (net)
                  0.08    0.00   18.14 v accumulator._1855_/A3 (sky130_fd_sc_hd__o311a_4)
     4    0.01    0.07    0.36   18.50 v accumulator._1855_/X (sky130_fd_sc_hd__o311a_4)
                                         accumulator._0952_ (net)
                  0.07    0.00   18.50 v accumulator._1866_/A3 (sky130_fd_sc_hd__o31ai_4)
     3    0.01    0.19    0.20   18.69 ^ accumulator._1866_/Y (sky130_fd_sc_hd__o31ai_4)
                                         accumulator._0963_ (net)
                  0.19    0.00   18.69 ^ accumulator._1867_/B (sky130_fd_sc_hd__nand3b_1)
     1    0.00    0.06    0.10   18.79 v accumulator._1867_/Y (sky130_fd_sc_hd__nand3b_1)
                                         accumulator._0964_ (net)
                  0.06    0.00   18.79 v accumulator._1868_/C1 (sky130_fd_sc_hd__o211a_1)
     3    0.01    0.07    0.15   18.93 v accumulator._1868_/X (sky130_fd_sc_hd__o211a_1)
                                         accumulator._0965_ (net)
                  0.07    0.00   18.93 v accumulator._1871_/A3 (sky130_fd_sc_hd__o41a_4)
     7    0.02    0.09    0.48   19.42 v accumulator._1871_/X (sky130_fd_sc_hd__o41a_4)
                                         accumulator._0968_ (net)
                  0.09    0.00   19.42 v accumulator._1872_/A (sky130_fd_sc_hd__and2_4)
     5    0.01    0.04    0.17   19.59 v accumulator._1872_/X (sky130_fd_sc_hd__and2_4)
                                         accumulator._0969_ (net)
                  0.04    0.00   19.59 v accumulator._1895_/A (sky130_fd_sc_hd__buf_6)
    10    0.03    0.04    0.14   19.73 v accumulator._1895_/X (sky130_fd_sc_hd__buf_6)
                                         accumulator._0992_ (net)
                  0.04    0.00   19.73 v accumulator._1912_/A (sky130_fd_sc_hd__nor2_4)
     1    0.01    0.09    0.12   19.85 ^ accumulator._1912_/Y (sky130_fd_sc_hd__nor2_4)
                                         accumulator._1009_ (net)
                  0.09    0.00   19.85 ^ accumulator._1913_/A (sky130_fd_sc_hd__xor2_2)
     5    0.01    0.21    0.21   20.06 ^ accumulator._1913_/X (sky130_fd_sc_hd__xor2_2)
                                         accumulator._1010_ (net)
                  0.21    0.00   20.06 ^ accumulator._2072_/B1 (sky130_fd_sc_hd__o21ai_1)
     1    0.00    0.06    0.10   20.16 v accumulator._2072_/Y (sky130_fd_sc_hd__o21ai_1)
                                         accumulator._1169_ (net)
                  0.06    0.00   20.16 v accumulator._2073_/A1 (sky130_fd_sc_hd__a21oi_1)
     1    0.00    0.10    0.13   20.28 ^ accumulator._2073_/Y (sky130_fd_sc_hd__a21oi_1)
                                         accumulator._1170_ (net)
                  0.10    0.00   20.28 ^ accumulator._2074_/A2 (sky130_fd_sc_hd__o21ai_1)
     1    0.00    0.06    0.07   20.35 v accumulator._2074_/Y (sky130_fd_sc_hd__o21ai_1)
                                         accumulator._1171_ (net)
                  0.06    0.00   20.35 v accumulator._2075_/A2 (sky130_fd_sc_hd__a21o_1)
     1    0.00    0.03    0.18   20.53 v accumulator._2075_/X (sky130_fd_sc_hd__a21o_1)
                                         accumulator._1172_ (net)
                  0.03    0.00   20.53 v accumulator._2076_/A2 (sky130_fd_sc_hd__a21oi_1)
     1    0.00    0.10    0.13   20.66 ^ accumulator._2076_/Y (sky130_fd_sc_hd__a21oi_1)
                                         accumulator._1173_ (net)
                  0.10    0.00   20.66 ^ accumulator._2077_/A2 (sky130_fd_sc_hd__o21ai_1)
     1    0.00    0.06    0.07   20.73 v accumulator._2077_/Y (sky130_fd_sc_hd__o21ai_1)
                                         accumulator._1174_ (net)
                  0.06    0.00   20.73 v accumulator._2078_/A2 (sky130_fd_sc_hd__a21oi_1)
     1    0.00    0.10    0.14   20.87 ^ accumulator._2078_/Y (sky130_fd_sc_hd__a21oi_1)
                                         accumulator._1175_ (net)
                  0.10    0.00   20.87 ^ accumulator._2079_/A2 (sky130_fd_sc_hd__o21bai_1)
     1    0.00    0.05    0.07   20.94 v accumulator._2079_/Y (sky130_fd_sc_hd__o21bai_1)
                                         accumulator._1176_ (net)
                  0.05    0.00   20.94 v accumulator._2082_/A1 (sky130_fd_sc_hd__a21o_2)
     7    0.02    0.08    0.25   21.19 v accumulator._2082_/X (sky130_fd_sc_hd__a21o_2)
                                         accumulator._1180_ (net)
                  0.08    0.00   21.19 v accumulator._2083_/A (sky130_fd_sc_hd__nand2_4)
     5    0.03    0.10    0.11   21.30 ^ accumulator._2083_/Y (sky130_fd_sc_hd__nand2_4)
                                         accumulator._1181_ (net)
                  0.10    0.00   21.30 ^ clone12/A (sky130_fd_sc_hd__clkbuf_16)
     5    0.02    0.04    0.15   21.45 ^ clone12/X (sky130_fd_sc_hd__clkbuf_16)
                                         net69 (net)
                  0.04    0.00   21.45 ^ accumulator._2199_/S (sky130_fd_sc_hd__mux2_2)
     3    0.01    0.06    0.35   21.80 v accumulator._2199_/X (sky130_fd_sc_hd__mux2_2)
                                         accumulator._0134_ (net)
                  0.06    0.00   21.80 v accumulator._2217_/A0 (sky130_fd_sc_hd__mux2_1)
     2    0.00    0.06    0.31   22.10 v accumulator._2217_/X (sky130_fd_sc_hd__mux2_1)
                                         accumulator._0152_ (net)
                  0.06    0.00   22.10 v accumulator._2255_/A0 (sky130_fd_sc_hd__mux2_4)
     2    0.00    0.05    0.28   22.39 v accumulator._2255_/X (sky130_fd_sc_hd__mux2_4)
                                         accumulator._0190_ (net)
                  0.05    0.00   22.39 v accumulator._2256_/A1 (sky130_fd_sc_hd__mux2_1)
     1    0.00    0.05    0.30   22.68 v accumulator._2256_/X (sky130_fd_sc_hd__mux2_1)
                                         accumulator._0191_ (net)
                  0.05    0.00   22.68 v accumulator._2257_/B2 (sky130_fd_sc_hd__o221a_1)
     1    0.00    0.04    0.20   22.89 v accumulator._2257_/X (sky130_fd_sc_hd__o221a_1)
                                         accumulator._0016_ (net)
                  0.04    0.00   22.89 v accumulator._2415_/D (sky130_fd_sc_hd__dfxtp_1)
                                 22.89   data arrival time

                         25.00   25.00   clock clock (rise edge)
                          0.00   25.00   clock source latency
     1    0.01    0.04    0.03   25.03 ^ clock (in)
                                         clock (net)
                  0.04    0.00   25.03 ^ clkbuf_0_clock/A (sky130_fd_sc_hd__clkbuf_16)
     4    0.03    0.05    0.13   25.15 ^ clkbuf_0_clock/X (sky130_fd_sc_hd__clkbuf_16)
                                         clknet_0_clock (net)
                  0.05    0.00   25.15 ^ clkbuf_2_1__f_clock/A (sky130_fd_sc_hd__clkbuf_16)
    10    0.02    0.04    0.12   25.28 ^ clkbuf_2_1__f_clock/X (sky130_fd_sc_hd__clkbuf_16)
                                         clknet_2_1__leaf_clock (net)
                  0.04    0.00   25.28 ^ accumulator._2415_/CLK (sky130_fd_sc_hd__dfxtp_1)
                         -0.25   25.03   clock uncertainty
                          0.00   25.03   clock reconvergence pessimism
                         -0.11   24.92   library setup time
                                 24.92   data required time
-----------------------------------------------------------------------------
                                 24.92   data required time
                                -22.89   data arrival time
-----------------------------------------------------------------------------
                                  2.03   slack (MET)


Startpoint: io_inScaleA[7] (input port clocked by clock)
Endpoint: accumulator._2420_ (rising edge-triggered flip-flop clocked by clock)
Path Group: clock
Path Type: max

Fanout     Cap    Slew   Delay    Time   Description
-----------------------------------------------------------------------------
                          0.00    0.00   clock clock (rise edge)
                          0.00    0.00   clock network delay (propagated)
                          5.00    5.00 v input external delay
     1    0.00    0.01    0.00    5.00 v io_inScaleA[7] (in)
                                         io_inScaleA[7] (net)
                  0.01    0.00    5.00 v input16/A (sky130_fd_sc_hd__buf_2)
     5    0.01    0.04    0.13    5.13 v input16/X (sky130_fd_sc_hd__buf_2)
                                         net16 (net)
                  0.04    0.00    5.13 v scaleAdd._421_/A1 (sky130_fd_sc_hd__o21a_4)
     4    0.02    0.05    0.24    5.37 v scaleAdd._421_/X (sky130_fd_sc_hd__o21a_4)
                                         scaleAdd._002_ (net)
                  0.05    0.00    5.37 v scaleAdd._428_/A (sky130_fd_sc_hd__xor2_1)
     2    0.01    0.07    0.18    5.55 v scaleAdd._428_/X (sky130_fd_sc_hd__xor2_1)
                                         scaleAdd._009_ (net)
                  0.07    0.00    5.55 v scaleAdd._429_/A (sky130_fd_sc_hd__xnor2_1)
     2    0.01    0.20    0.23    5.78 ^ scaleAdd._429_/Y (sky130_fd_sc_hd__xnor2_1)
                                         scaleAdd._010_ (net)
                  0.20    0.00    5.78 ^ scaleAdd._431_/B (sky130_fd_sc_hd__xnor2_1)
     2    0.01    0.25    0.20    5.99 ^ scaleAdd._431_/Y (sky130_fd_sc_hd__xnor2_1)
                                         scaleAdd._012_ (net)
                  0.25    0.00    5.99 ^ scaleAdd._432_/B (sky130_fd_sc_hd__xnor2_1)
     2    0.01    0.20    0.19    6.18 ^ scaleAdd._432_/Y (sky130_fd_sc_hd__xnor2_1)
                                         scaleAdd._013_ (net)
                  0.20    0.00    6.18 ^ scaleAdd._435_/A (sky130_fd_sc_hd__xor2_1)
     2    0.01    0.26    0.28    6.46 ^ scaleAdd._435_/X (sky130_fd_sc_hd__xor2_1)
                                         scaleAdd._016_ (net)
                  0.26    0.00    6.46 ^ scaleAdd._436_/A (sky130_fd_sc_hd__xnor2_2)
     2    0.01    0.19    0.18    6.64 ^ scaleAdd._436_/Y (sky130_fd_sc_hd__xnor2_2)
                                         scaleAdd._017_ (net)
                  0.19    0.00    6.64 ^ scaleAdd._438_/B (sky130_fd_sc_hd__xnor2_2)
     2    0.01    0.20    0.17    6.81 ^ scaleAdd._438_/Y (sky130_fd_sc_hd__xnor2_2)
                                         scaleAdd._019_ (net)
                  0.20    0.00    6.81 ^ scaleAdd._439_/A (sky130_fd_sc_hd__xor2_2)
     5    0.02    0.29    0.29    7.10 ^ scaleAdd._439_/X (sky130_fd_sc_hd__xor2_2)
                                         scaleAdd._020_ (net)
                  0.29    0.00    7.10 ^ scaleAdd._443_/B (sky130_fd_sc_hd__xnor2_2)
     1    0.01    0.07    0.12    7.22 v scaleAdd._443_/Y (sky130_fd_sc_hd__xnor2_2)
                                         scaleAdd._024_ (net)
                  0.07    0.00    7.22 v scaleAdd._444_/A (sky130_fd_sc_hd__xnor2_2)
     6    0.01    0.22    0.24    7.46 ^ scaleAdd._444_/Y (sky130_fd_sc_hd__xnor2_2)
                                         scaleAdd._025_ (net)
                  0.22    0.00    7.46 ^ scaleAdd._445_/B_N (sky130_fd_sc_hd__or2b_4)
     3    0.01    0.05    0.31    7.78 v scaleAdd._445_/X (sky130_fd_sc_hd__or2b_4)
                                         scaleAdd._026_ (net)
                  0.05    0.00    7.78 v scaleAdd._448_/B1 (sky130_fd_sc_hd__a22o_1)
     2    0.00    0.05    0.19    7.97 v scaleAdd._448_/X (sky130_fd_sc_hd__a22o_1)
                                         scaleAdd._029_ (net)
                  0.05    0.00    7.97 v scaleAdd._452_/A2 (sky130_fd_sc_hd__a21o_1)
     2    0.00    0.04    0.19    8.16 v scaleAdd._452_/X (sky130_fd_sc_hd__a21o_1)
                                         scaleAdd._033_ (net)
                  0.04    0.00    8.16 v scaleAdd._454_/B2 (sky130_fd_sc_hd__a22o_1)
     3    0.01    0.06    0.22    8.38 v scaleAdd._454_/X (sky130_fd_sc_hd__a22o_1)
                                         scaleAdd._035_ (net)
                  0.06    0.00    8.38 v scaleAdd._456_/B (sky130_fd_sc_hd__and3_1)
     2    0.00    0.05    0.18    8.56 v scaleAdd._456_/X (sky130_fd_sc_hd__and3_1)
                                         scaleAdd._037_ (net)
                  0.05    0.00    8.56 v scaleAdd._458_/B (sky130_fd_sc_hd__or3_4)
     3    0.01    0.07    0.38    8.95 v scaleAdd._458_/X (sky130_fd_sc_hd__or3_4)
                                         scaleAdd._039_ (net)
                  0.07    0.00    8.95 v scaleAdd._492_/A1 (sky130_fd_sc_hd__a21o_1)
     3    0.01    0.07    0.21    9.15 v scaleAdd._492_/X (sky130_fd_sc_hd__a21o_1)
                                         scaleAdd._072_ (net)
                  0.07    0.00    9.15 v scaleAdd._539_/A1 (sky130_fd_sc_hd__a21oi_4)
     4    0.01    0.13    0.16    9.31 ^ scaleAdd._539_/Y (sky130_fd_sc_hd__a21oi_4)
                                         scaleAdd._118_ (net)
                  0.13    0.00    9.31 ^ scaleAdd._603_/A3 (sky130_fd_sc_hd__o311ai_2)
     3    0.01    0.10    0.11    9.42 v scaleAdd._603_/Y (sky130_fd_sc_hd__o311ai_2)
                                         scaleAdd._180_ (net)
                  0.10    0.00    9.42 v scaleAdd._652_/A1 (sky130_fd_sc_hd__a311o_1)
     3    0.01    0.07    0.31    9.72 v scaleAdd._652_/X (sky130_fd_sc_hd__a311o_1)
                                         scaleAdd._227_ (net)
                  0.07    0.00    9.72 v scaleAdd._688_/A1 (sky130_fd_sc_hd__a311o_1)
     3    0.01    0.10    0.33   10.06 v scaleAdd._688_/X (sky130_fd_sc_hd__a311o_1)
                                         scaleAdd._261_ (net)
                  0.10    0.00   10.06 v scaleAdd._708_/A1 (sky130_fd_sc_hd__a31oi_4)
     2    0.01    0.14    0.16   10.22 ^ scaleAdd._708_/Y (sky130_fd_sc_hd__a31oi_4)
                                         scaleAdd._279_ (net)
                  0.14    0.00   10.22 ^ rebuffer17/A (sky130_fd_sc_hd__buf_6)
     1    0.00    0.03    0.12   10.34 ^ rebuffer17/X (sky130_fd_sc_hd__buf_6)
                                         net74 (net)
                  0.03    0.00   10.34 ^ rebuffer10/A (sky130_fd_sc_hd__buf_6)
     1    0.02    0.05    0.10   10.44 ^ rebuffer10/X (sky130_fd_sc_hd__buf_6)
                                         net67 (net)
                  0.05    0.00   10.44 ^ scaleAdd._709_/A (sky130_fd_sc_hd__xnor2_4)
     4    0.01    0.06    0.08   10.52 v scaleAdd._709_/Y (sky130_fd_sc_hd__xnor2_4)
                                         accumulator.io_inMant[16] (net)
                  0.06    0.00   10.52 v accumulator._1204_/B (sky130_fd_sc_hd__or4_4)
     4    0.01    0.09    0.55   11.07 v accumulator._1204_/X (sky130_fd_sc_hd__or4_4)
                                         accumulator._0065_ (net)
                  0.09    0.00   11.07 v accumulator._1206_/B (sky130_fd_sc_hd__or2_4)
     3    0.01    0.05    0.26   11.32 v accumulator._1206_/X (sky130_fd_sc_hd__or2_4)
                                         accumulator._0085_ (net)
                  0.05    0.00   11.32 v accumulator._1207_/B (sky130_fd_sc_hd__or2_4)
     4    0.01    0.05    0.24   11.57 v accumulator._1207_/X (sky130_fd_sc_hd__or2_4)
                                         accumulator._0095_ (net)
                  0.05    0.00   11.57 v accumulator._1240_/B (sky130_fd_sc_hd__and2_1)
     2    0.00    0.04    0.17   11.73 v accumulator._1240_/X (sky130_fd_sc_hd__and2_1)
                                         accumulator._0339_ (net)
                  0.04    0.00   11.73 v accumulator._1241_/C1 (sky130_fd_sc_hd__a311o_1)
     3    0.01    0.07    0.30   12.03 v accumulator._1241_/X (sky130_fd_sc_hd__a311o_1)
                                         accumulator._0340_ (net)
                  0.07    0.00   12.03 v accumulator._1255_/A1 (sky130_fd_sc_hd__a21o_1)
     2    0.00    0.04    0.18   12.21 v accumulator._1255_/X (sky130_fd_sc_hd__a21o_1)
                                         accumulator._0354_ (net)
                  0.04    0.00   12.21 v accumulator._1257_/A2 (sky130_fd_sc_hd__a211o_1)
     3    0.01    0.06    0.31   12.53 v accumulator._1257_/X (sky130_fd_sc_hd__a211o_1)
                                         accumulator._0356_ (net)
                  0.06    0.00   12.53 v accumulator._1263_/B (sky130_fd_sc_hd__and2_4)
     5    0.01    0.04    0.18   12.70 v accumulator._1263_/X (sky130_fd_sc_hd__and2_4)
                                         accumulator._0362_ (net)
                  0.04    0.00   12.70 v accumulator._1274_/C (sky130_fd_sc_hd__or4_4)
     4    0.01    0.10    0.52   13.22 v accumulator._1274_/X (sky130_fd_sc_hd__or4_4)
                                         accumulator._0373_ (net)
                  0.10    0.00   13.22 v accumulator._1276_/A1 (sky130_fd_sc_hd__a21o_1)
     2    0.01    0.05    0.19   13.41 v accumulator._1276_/X (sky130_fd_sc_hd__a21o_1)
                                         accumulator._0375_ (net)
                  0.05    0.00   13.41 v accumulator._1278_/A1 (sky130_fd_sc_hd__a21o_4)
     2    0.02    0.05    0.23   13.64 v accumulator._1278_/X (sky130_fd_sc_hd__a21o_4)
                                         accumulator._0377_ (net)
                  0.05    0.00   13.64 v accumulator._1284_/A2 (sky130_fd_sc_hd__a21o_1)
     2    0.01    0.05    0.20   13.84 v accumulator._1284_/X (sky130_fd_sc_hd__a21o_1)
                                         accumulator._0383_ (net)
                  0.05    0.00   13.84 v accumulator._1285_/A2 (sky130_fd_sc_hd__a21o_4)
     2    0.02    0.05    0.25   14.09 v accumulator._1285_/X (sky130_fd_sc_hd__a21o_4)
                                         accumulator._0384_ (net)
                  0.05    0.00   14.09 v accumulator._1290_/A2 (sky130_fd_sc_hd__a21o_1)
     2    0.02    0.09    0.25   14.34 v accumulator._1290_/X (sky130_fd_sc_hd__a21o_1)
                                         accumulator._0389_ (net)
                  0.09    0.00   14.34 v accumulator._1293_/A2 (sky130_fd_sc_hd__a21boi_4)
     3    0.02    0.19    0.24   14.58 ^ accumulator._1293_/Y (sky130_fd_sc_hd__a21boi_4)
                                         accumulator._0392_ (net)
                  0.19    0.00   14.58 ^ accumulator._1302_/A (sky130_fd_sc_hd__xor2_2)
     4    0.01    0.18    0.21   14.79 ^ accumulator._1302_/X (sky130_fd_sc_hd__xor2_2)
                                         accumulator._0401_ (net)
                  0.18    0.00   14.79 ^ accumulator._1303_/A (sky130_fd_sc_hd__buf_6)
     6    0.02    0.05    0.15   14.94 ^ accumulator._1303_/X (sky130_fd_sc_hd__buf_6)
                                         accumulator._0402_ (net)
                  0.05    0.00   14.94 ^ accumulator._1335_/S (sky130_fd_sc_hd__mux2_4)
     5    0.01    0.06    0.33   15.27 v accumulator._1335_/X (sky130_fd_sc_hd__mux2_4)
                                         accumulator._0432_ (net)
                  0.06    0.00   15.27 v accumulator._1336_/A (sky130_fd_sc_hd__buf_2)
    10    0.02    0.07    0.18   15.45 v accumulator._1336_/X (sky130_fd_sc_hd__buf_2)
                                         accumulator._0433_ (net)
                  0.07    0.00   15.45 v accumulator._1373_/A1 (sky130_fd_sc_hd__a21o_1)
     2    0.00    0.04    0.17   15.62 v accumulator._1373_/X (sky130_fd_sc_hd__a21o_1)
                                         accumulator._0470_ (net)
                  0.04    0.00   15.62 v accumulator._1380_/A2 (sky130_fd_sc_hd__a21o_1)
     2    0.00    0.04    0.18   15.80 v accumulator._1380_/X (sky130_fd_sc_hd__a21o_1)
                                         accumulator._0477_ (net)
                  0.04    0.00   15.80 v accumulator._1403_/A (sky130_fd_sc_hd__and2_1)
     2    0.00    0.04    0.14   15.95 v accumulator._1403_/X (sky130_fd_sc_hd__and2_1)
                                         accumulator._0500_ (net)
                  0.04    0.00   15.95 v accumulator._1427_/A2 (sky130_fd_sc_hd__a211o_1)
     1    0.00    0.05    0.29   16.24 v accumulator._1427_/X (sky130_fd_sc_hd__a211o_1)
                                         accumulator._0524_ (net)
                  0.05    0.00   16.24 v accumulator._1505_/A2 (sky130_fd_sc_hd__a32o_2)
     4    0.01    0.07    0.31   16.55 v accumulator._1505_/X (sky130_fd_sc_hd__a32o_2)
                                         accumulator._0602_ (net)
                  0.07    0.00   16.55 v accumulator._1507_/A (sky130_fd_sc_hd__xnor2_2)
     3    0.01    0.23    0.25   16.80 ^ accumulator._1507_/Y (sky130_fd_sc_hd__xnor2_2)
                                         accumulator._0604_ (net)
                  0.23    0.00   16.80 ^ accumulator._1837_/A1 (sky130_fd_sc_hd__a311o_1)
     2    0.00    0.07    0.22   17.01 ^ accumulator._1837_/X (sky130_fd_sc_hd__a311o_1)
                                         accumulator._0934_ (net)
                  0.07    0.00   17.01 ^ accumulator._1839_/A3 (sky130_fd_sc_hd__a311o_1)
     3    0.01    0.10    0.21   17.22 ^ accumulator._1839_/X (sky130_fd_sc_hd__a311o_1)
                                         accumulator._0936_ (net)
                  0.10    0.00   17.22 ^ accumulator._1842_/A1 (sky130_fd_sc_hd__a311o_1)
     2    0.01    0.10    0.20   17.42 ^ accumulator._1842_/X (sky130_fd_sc_hd__a311o_1)
                                         accumulator._0939_ (net)
                  0.10    0.00   17.42 ^ accumulator._1844_/A1 (sky130_fd_sc_hd__a31oi_2)
     3    0.01    0.08    0.10   17.53 v accumulator._1844_/Y (sky130_fd_sc_hd__a31oi_2)
                                         accumulator._0941_ (net)
                  0.08    0.00   17.53 v accumulator._1846_/A1 (sky130_fd_sc_hd__a211o_1)
     3    0.01    0.06    0.30   17.82 v accumulator._1846_/X (sky130_fd_sc_hd__a211o_1)
                                         accumulator._0943_ (net)
                  0.06    0.00   17.82 v accumulator._1847_/A1 (sky130_fd_sc_hd__a311o_1)
     3    0.01    0.08    0.32   18.14 v accumulator._1847_/X (sky130_fd_sc_hd__a311o_1)
                                         accumulator._0944_ (net)
                  0.08    0.00   18.14 v accumulator._1855_/A3 (sky130_fd_sc_hd__o311a_4)
     4    0.01    0.07    0.36   18.50 v accumulator._1855_/X (sky130_fd_sc_hd__o311a_4)
                                         accumulator._0952_ (net)
                  0.07    0.00   18.50 v accumulator._1866_/A3 (sky130_fd_sc_hd__o31ai_4)
     3    0.01    0.19    0.20   18.69 ^ accumulator._1866_/Y (sky130_fd_sc_hd__o31ai_4)
                                         accumulator._0963_ (net)
                  0.19    0.00   18.69 ^ accumulator._1867_/B (sky130_fd_sc_hd__nand3b_1)
     1    0.00    0.06    0.10   18.79 v accumulator._1867_/Y (sky130_fd_sc_hd__nand3b_1)
                                         accumulator._0964_ (net)
                  0.06    0.00   18.79 v accumulator._1868_/C1 (sky130_fd_sc_hd__o211a_1)
     3    0.01    0.07    0.15   18.93 v accumulator._1868_/X (sky130_fd_sc_hd__o211a_1)
                                         accumulator._0965_ (net)
                  0.07    0.00   18.93 v accumulator._1871_/A3 (sky130_fd_sc_hd__o41a_4)
     7    0.02    0.09    0.48   19.42 v accumulator._1871_/X (sky130_fd_sc_hd__o41a_4)
                                         accumulator._0968_ (net)
                  0.09    0.00   19.42 v accumulator._1872_/A (sky130_fd_sc_hd__and2_4)
     5    0.01    0.04    0.17   19.59 v accumulator._1872_/X (sky130_fd_sc_hd__and2_4)
                                         accumulator._0969_ (net)
                  0.04    0.00   19.59 v accumulator._1895_/A (sky130_fd_sc_hd__buf_6)
    10    0.03    0.04    0.14   19.73 v accumulator._1895_/X (sky130_fd_sc_hd__buf_6)
                                         accumulator._0992_ (net)
                  0.04    0.00   19.73 v accumulator._1912_/A (sky130_fd_sc_hd__nor2_4)
     1    0.01    0.09    0.12   19.85 ^ accumulator._1912_/Y (sky130_fd_sc_hd__nor2_4)
                                         accumulator._1009_ (net)
                  0.09    0.00   19.85 ^ accumulator._1913_/A (sky130_fd_sc_hd__xor2_2)
     5    0.01    0.21    0.21   20.06 ^ accumulator._1913_/X (sky130_fd_sc_hd__xor2_2)
                                         accumulator._1010_ (net)
                  0.21    0.00   20.06 ^ accumulator._2072_/B1 (sky130_fd_sc_hd__o21ai_1)
     1    0.00    0.06    0.10   20.16 v accumulator._2072_/Y (sky130_fd_sc_hd__o21ai_1)
                                         accumulator._1169_ (net)
                  0.06    0.00   20.16 v accumulator._2073_/A1 (sky130_fd_sc_hd__a21oi_1)
     1    0.00    0.10    0.13   20.28 ^ accumulator._2073_/Y (sky130_fd_sc_hd__a21oi_1)
                                         accumulator._1170_ (net)
                  0.10    0.00   20.28 ^ accumulator._2074_/A2 (sky130_fd_sc_hd__o21ai_1)
     1    0.00    0.06    0.07   20.35 v accumulator._2074_/Y (sky130_fd_sc_hd__o21ai_1)
                                         accumulator._1171_ (net)
                  0.06    0.00   20.35 v accumulator._2075_/A2 (sky130_fd_sc_hd__a21o_1)
     1    0.00    0.03    0.18   20.53 v accumulator._2075_/X (sky130_fd_sc_hd__a21o_1)
                                         accumulator._1172_ (net)
                  0.03    0.00   20.53 v accumulator._2076_/A2 (sky130_fd_sc_hd__a21oi_1)
     1    0.00    0.10    0.13   20.66 ^ accumulator._2076_/Y (sky130_fd_sc_hd__a21oi_1)
                                         accumulator._1173_ (net)
                  0.10    0.00   20.66 ^ accumulator._2077_/A2 (sky130_fd_sc_hd__o21ai_1)
     1    0.00    0.06    0.07   20.73 v accumulator._2077_/Y (sky130_fd_sc_hd__o21ai_1)
                                         accumulator._1174_ (net)
                  0.06    0.00   20.73 v accumulator._2078_/A2 (sky130_fd_sc_hd__a21oi_1)
     1    0.00    0.10    0.14   20.87 ^ accumulator._2078_/Y (sky130_fd_sc_hd__a21oi_1)
                                         accumulator._1175_ (net)
                  0.10    0.00   20.87 ^ accumulator._2079_/A2 (sky130_fd_sc_hd__o21bai_1)
     1    0.00    0.05    0.07   20.94 v accumulator._2079_/Y (sky130_fd_sc_hd__o21bai_1)
                                         accumulator._1176_ (net)
                  0.05    0.00   20.94 v accumulator._2082_/A1 (sky130_fd_sc_hd__a21o_2)
     7    0.02    0.08    0.25   21.19 v accumulator._2082_/X (sky130_fd_sc_hd__a21o_2)
                                         accumulator._1180_ (net)
                  0.08    0.00   21.19 v accumulator._2083_/A (sky130_fd_sc_hd__nand2_4)
     5    0.03    0.10    0.11   21.30 ^ accumulator._2083_/Y (sky130_fd_sc_hd__nand2_4)
                                         accumulator._1181_ (net)
                  0.10    0.00   21.30 ^ clone12/A (sky130_fd_sc_hd__clkbuf_16)
     5    0.02    0.04    0.15   21.45 ^ clone12/X (sky130_fd_sc_hd__clkbuf_16)
                                         net69 (net)
                  0.04    0.00   21.45 ^ accumulator._2161_/S (sky130_fd_sc_hd__mux2_2)
     2    0.00    0.05    0.34   21.78 v accumulator._2161_/X (sky130_fd_sc_hd__mux2_2)
                                         accumulator._0096_ (net)
                  0.05    0.00   21.78 v accumulator._2224_/A0 (sky130_fd_sc_hd__mux2_2)
     1    0.00    0.04    0.26   22.05 v accumulator._2224_/X (sky130_fd_sc_hd__mux2_2)
                                         accumulator._0159_ (net)
                  0.04    0.00   22.05 v accumulator._2228_/A0 (sky130_fd_sc_hd__mux2_2)
     2    0.00    0.05    0.27   22.32 v accumulator._2228_/X (sky130_fd_sc_hd__mux2_2)
                                         accumulator._0163_ (net)
                  0.05    0.00   22.32 v accumulator._2298_/A0 (sky130_fd_sc_hd__mux2_2)
     1    0.00    0.05    0.27   22.58 v accumulator._2298_/X (sky130_fd_sc_hd__mux2_2)
                                         accumulator._0232_ (net)
                  0.05    0.00   22.58 v accumulator._2300_/A3 (sky130_fd_sc_hd__o311a_1)
     1    0.00    0.05    0.28   22.87 v accumulator._2300_/X (sky130_fd_sc_hd__o311a_1)
                                         accumulator._0021_ (net)
                  0.05    0.00   22.87 v accumulator._2420_/D (sky130_fd_sc_hd__dfxtp_1)
                                 22.87   data arrival time

                         25.00   25.00   clock clock (rise edge)
                          0.00   25.00   clock source latency
     1    0.01    0.04    0.03   25.03 ^ clock (in)
                                         clock (net)
                  0.04    0.00   25.03 ^ clkbuf_0_clock/A (sky130_fd_sc_hd__clkbuf_16)
     4    0.03    0.05    0.13   25.15 ^ clkbuf_0_clock/X (sky130_fd_sc_hd__clkbuf_16)
                                         clknet_0_clock (net)
                  0.05    0.00   25.15 ^ clkbuf_2_1__f_clock/A (sky130_fd_sc_hd__clkbuf_16)
    10    0.02    0.04    0.12   25.28 ^ clkbuf_2_1__f_clock/X (sky130_fd_sc_hd__clkbuf_16)
                                         clknet_2_1__leaf_clock (net)
                  0.04    0.00   25.28 ^ accumulator._2420_/CLK (sky130_fd_sc_hd__dfxtp_1)
                         -0.25   25.03   clock uncertainty
                          0.00   25.03   clock reconvergence pessimism
                         -0.11   24.91   library setup time
                                 24.91   data required time
-----------------------------------------------------------------------------
                                 24.91   data required time
                                -22.87   data arrival time
-----------------------------------------------------------------------------
                                  2.04   slack (MET)


Startpoint: io_inScaleA[7] (input port clocked by clock)
Endpoint: accumulator._2413_ (rising edge-triggered flip-flop clocked by clock)
Path Group: clock
Path Type: max

Fanout     Cap    Slew   Delay    Time   Description
-----------------------------------------------------------------------------
                          0.00    0.00   clock clock (rise edge)
                          0.00    0.00   clock network delay (propagated)
                          5.00    5.00 v input external delay
     1    0.00    0.01    0.00    5.00 v io_inScaleA[7] (in)
                                         io_inScaleA[7] (net)
                  0.01    0.00    5.00 v input16/A (sky130_fd_sc_hd__buf_2)
     5    0.01    0.04    0.13    5.13 v input16/X (sky130_fd_sc_hd__buf_2)
                                         net16 (net)
                  0.04    0.00    5.13 v scaleAdd._421_/A1 (sky130_fd_sc_hd__o21a_4)
     4    0.02    0.05    0.24    5.37 v scaleAdd._421_/X (sky130_fd_sc_hd__o21a_4)
                                         scaleAdd._002_ (net)
                  0.05    0.00    5.37 v scaleAdd._428_/A (sky130_fd_sc_hd__xor2_1)
     2    0.01    0.07    0.18    5.55 v scaleAdd._428_/X (sky130_fd_sc_hd__xor2_1)
                                         scaleAdd._009_ (net)
                  0.07    0.00    5.55 v scaleAdd._429_/A (sky130_fd_sc_hd__xnor2_1)
     2    0.01    0.20    0.23    5.78 ^ scaleAdd._429_/Y (sky130_fd_sc_hd__xnor2_1)
                                         scaleAdd._010_ (net)
                  0.20    0.00    5.78 ^ scaleAdd._431_/B (sky130_fd_sc_hd__xnor2_1)
     2    0.01    0.25    0.20    5.99 ^ scaleAdd._431_/Y (sky130_fd_sc_hd__xnor2_1)
                                         scaleAdd._012_ (net)
                  0.25    0.00    5.99 ^ scaleAdd._432_/B (sky130_fd_sc_hd__xnor2_1)
     2    0.01    0.20    0.19    6.18 ^ scaleAdd._432_/Y (sky130_fd_sc_hd__xnor2_1)
                                         scaleAdd._013_ (net)
                  0.20    0.00    6.18 ^ scaleAdd._435_/A (sky130_fd_sc_hd__xor2_1)
     2    0.01    0.26    0.28    6.46 ^ scaleAdd._435_/X (sky130_fd_sc_hd__xor2_1)
                                         scaleAdd._016_ (net)
                  0.26    0.00    6.46 ^ scaleAdd._436_/A (sky130_fd_sc_hd__xnor2_2)
     2    0.01    0.19    0.18    6.64 ^ scaleAdd._436_/Y (sky130_fd_sc_hd__xnor2_2)
                                         scaleAdd._017_ (net)
                  0.19    0.00    6.64 ^ scaleAdd._438_/B (sky130_fd_sc_hd__xnor2_2)
     2    0.01    0.20    0.17    6.81 ^ scaleAdd._438_/Y (sky130_fd_sc_hd__xnor2_2)
                                         scaleAdd._019_ (net)
                  0.20    0.00    6.81 ^ scaleAdd._439_/A (sky130_fd_sc_hd__xor2_2)
     5    0.02    0.29    0.29    7.10 ^ scaleAdd._439_/X (sky130_fd_sc_hd__xor2_2)
                                         scaleAdd._020_ (net)
                  0.29    0.00    7.10 ^ scaleAdd._443_/B (sky130_fd_sc_hd__xnor2_2)
     1    0.01    0.07    0.12    7.22 v scaleAdd._443_/Y (sky130_fd_sc_hd__xnor2_2)
                                         scaleAdd._024_ (net)
                  0.07    0.00    7.22 v scaleAdd._444_/A (sky130_fd_sc_hd__xnor2_2)
     6    0.01    0.22    0.24    7.46 ^ scaleAdd._444_/Y (sky130_fd_sc_hd__xnor2_2)
                                         scaleAdd._025_ (net)
                  0.22    0.00    7.46 ^ scaleAdd._445_/B_N (sky130_fd_sc_hd__or2b_4)
     3    0.01    0.05    0.31    7.78 v scaleAdd._445_/X (sky130_fd_sc_hd__or2b_4)
                                         scaleAdd._026_ (net)
                  0.05    0.00    7.78 v scaleAdd._448_/B1 (sky130_fd_sc_hd__a22o_1)
     2    0.00    0.05    0.19    7.97 v scaleAdd._448_/X (sky130_fd_sc_hd__a22o_1)
                                         scaleAdd._029_ (net)
                  0.05    0.00    7.97 v scaleAdd._452_/A2 (sky130_fd_sc_hd__a21o_1)
     2    0.00    0.04    0.19    8.16 v scaleAdd._452_/X (sky130_fd_sc_hd__a21o_1)
                                         scaleAdd._033_ (net)
                  0.04    0.00    8.16 v scaleAdd._454_/B2 (sky130_fd_sc_hd__a22o_1)
     3    0.01    0.06    0.22    8.38 v scaleAdd._454_/X (sky130_fd_sc_hd__a22o_1)
                                         scaleAdd._035_ (net)
                  0.06    0.00    8.38 v scaleAdd._456_/B (sky130_fd_sc_hd__and3_1)
     2    0.00    0.05    0.18    8.56 v scaleAdd._456_/X (sky130_fd_sc_hd__and3_1)
                                         scaleAdd._037_ (net)
                  0.05    0.00    8.56 v scaleAdd._458_/B (sky130_fd_sc_hd__or3_4)
     3    0.01    0.07    0.38    8.95 v scaleAdd._458_/X (sky130_fd_sc_hd__or3_4)
                                         scaleAdd._039_ (net)
                  0.07    0.00    8.95 v scaleAdd._492_/A1 (sky130_fd_sc_hd__a21o_1)
     3    0.01    0.07    0.21    9.15 v scaleAdd._492_/X (sky130_fd_sc_hd__a21o_1)
                                         scaleAdd._072_ (net)
                  0.07    0.00    9.15 v scaleAdd._539_/A1 (sky130_fd_sc_hd__a21oi_4)
     4    0.01    0.13    0.16    9.31 ^ scaleAdd._539_/Y (sky130_fd_sc_hd__a21oi_4)
                                         scaleAdd._118_ (net)
                  0.13    0.00    9.31 ^ scaleAdd._603_/A3 (sky130_fd_sc_hd__o311ai_2)
     3    0.01    0.10    0.11    9.42 v scaleAdd._603_/Y (sky130_fd_sc_hd__o311ai_2)
                                         scaleAdd._180_ (net)
                  0.10    0.00    9.42 v scaleAdd._652_/A1 (sky130_fd_sc_hd__a311o_1)
     3    0.01    0.07    0.31    9.72 v scaleAdd._652_/X (sky130_fd_sc_hd__a311o_1)
                                         scaleAdd._227_ (net)
                  0.07    0.00    9.72 v scaleAdd._688_/A1 (sky130_fd_sc_hd__a311o_1)
     3    0.01    0.10    0.33   10.06 v scaleAdd._688_/X (sky130_fd_sc_hd__a311o_1)
                                         scaleAdd._261_ (net)
                  0.10    0.00   10.06 v scaleAdd._708_/A1 (sky130_fd_sc_hd__a31oi_4)
     2    0.01    0.14    0.16   10.22 ^ scaleAdd._708_/Y (sky130_fd_sc_hd__a31oi_4)
                                         scaleAdd._279_ (net)
                  0.14    0.00   10.22 ^ rebuffer17/A (sky130_fd_sc_hd__buf_6)
     1    0.00    0.03    0.12   10.34 ^ rebuffer17/X (sky130_fd_sc_hd__buf_6)
                                         net74 (net)
                  0.03    0.00   10.34 ^ rebuffer10/A (sky130_fd_sc_hd__buf_6)
     1    0.02    0.05    0.10   10.44 ^ rebuffer10/X (sky130_fd_sc_hd__buf_6)
                                         net67 (net)
                  0.05    0.00   10.44 ^ scaleAdd._709_/A (sky130_fd_sc_hd__xnor2_4)
     4    0.01    0.06    0.08   10.52 v scaleAdd._709_/Y (sky130_fd_sc_hd__xnor2_4)
                                         accumulator.io_inMant[16] (net)
                  0.06    0.00   10.52 v accumulator._1204_/B (sky130_fd_sc_hd__or4_4)
     4    0.01    0.09    0.55   11.07 v accumulator._1204_/X (sky130_fd_sc_hd__or4_4)
                                         accumulator._0065_ (net)
                  0.09    0.00   11.07 v accumulator._1206_/B (sky130_fd_sc_hd__or2_4)
     3    0.01    0.05    0.26   11.32 v accumulator._1206_/X (sky130_fd_sc_hd__or2_4)
                                         accumulator._0085_ (net)
                  0.05    0.00   11.32 v accumulator._1207_/B (sky130_fd_sc_hd__or2_4)
     4    0.01    0.05    0.24   11.57 v accumulator._1207_/X (sky130_fd_sc_hd__or2_4)
                                         accumulator._0095_ (net)
                  0.05    0.00   11.57 v accumulator._1240_/B (sky130_fd_sc_hd__and2_1)
     2    0.00    0.04    0.17   11.73 v accumulator._1240_/X (sky130_fd_sc_hd__and2_1)
                                         accumulator._0339_ (net)
                  0.04    0.00   11.73 v accumulator._1241_/C1 (sky130_fd_sc_hd__a311o_1)
     3    0.01    0.07    0.30   12.03 v accumulator._1241_/X (sky130_fd_sc_hd__a311o_1)
                                         accumulator._0340_ (net)
                  0.07    0.00   12.03 v accumulator._1255_/A1 (sky130_fd_sc_hd__a21o_1)
     2    0.00    0.04    0.18   12.21 v accumulator._1255_/X (sky130_fd_sc_hd__a21o_1)
                                         accumulator._0354_ (net)
                  0.04    0.00   12.21 v accumulator._1257_/A2 (sky130_fd_sc_hd__a211o_1)
     3    0.01    0.06    0.31   12.53 v accumulator._1257_/X (sky130_fd_sc_hd__a211o_1)
                                         accumulator._0356_ (net)
                  0.06    0.00   12.53 v accumulator._1263_/B (sky130_fd_sc_hd__and2_4)
     5    0.01    0.04    0.18   12.70 v accumulator._1263_/X (sky130_fd_sc_hd__and2_4)
                                         accumulator._0362_ (net)
                  0.04    0.00   12.70 v accumulator._1274_/C (sky130_fd_sc_hd__or4_4)
     4    0.01    0.10    0.52   13.22 v accumulator._1274_/X (sky130_fd_sc_hd__or4_4)
                                         accumulator._0373_ (net)
                  0.10    0.00   13.22 v accumulator._1276_/A1 (sky130_fd_sc_hd__a21o_1)
     2    0.01    0.05    0.19   13.41 v accumulator._1276_/X (sky130_fd_sc_hd__a21o_1)
                                         accumulator._0375_ (net)
                  0.05    0.00   13.41 v accumulator._1278_/A1 (sky130_fd_sc_hd__a21o_4)
     2    0.02    0.05    0.23   13.64 v accumulator._1278_/X (sky130_fd_sc_hd__a21o_4)
                                         accumulator._0377_ (net)
                  0.05    0.00   13.64 v accumulator._1284_/A2 (sky130_fd_sc_hd__a21o_1)
     2    0.01    0.05    0.20   13.84 v accumulator._1284_/X (sky130_fd_sc_hd__a21o_1)
                                         accumulator._0383_ (net)
                  0.05    0.00   13.84 v accumulator._1285_/A2 (sky130_fd_sc_hd__a21o_4)
     2    0.02    0.05    0.25   14.09 v accumulator._1285_/X (sky130_fd_sc_hd__a21o_4)
                                         accumulator._0384_ (net)
                  0.05    0.00   14.09 v accumulator._1290_/A2 (sky130_fd_sc_hd__a21o_1)
     2    0.02    0.09    0.25   14.34 v accumulator._1290_/X (sky130_fd_sc_hd__a21o_1)
                                         accumulator._0389_ (net)
                  0.09    0.00   14.34 v accumulator._1293_/A2 (sky130_fd_sc_hd__a21boi_4)
     3    0.02    0.19    0.24   14.58 ^ accumulator._1293_/Y (sky130_fd_sc_hd__a21boi_4)
                                         accumulator._0392_ (net)
                  0.19    0.00   14.58 ^ accumulator._1302_/A (sky130_fd_sc_hd__xor2_2)
     4    0.01    0.18    0.21   14.79 ^ accumulator._1302_/X (sky130_fd_sc_hd__xor2_2)
                                         accumulator._0401_ (net)
                  0.18    0.00   14.79 ^ accumulator._1303_/A (sky130_fd_sc_hd__buf_6)
     6    0.02    0.05    0.15   14.94 ^ accumulator._1303_/X (sky130_fd_sc_hd__buf_6)
                                         accumulator._0402_ (net)
                  0.05    0.00   14.94 ^ accumulator._1335_/S (sky130_fd_sc_hd__mux2_4)
     5    0.01    0.06    0.33   15.27 v accumulator._1335_/X (sky130_fd_sc_hd__mux2_4)
                                         accumulator._0432_ (net)
                  0.06    0.00   15.27 v accumulator._1336_/A (sky130_fd_sc_hd__buf_2)
    10    0.02    0.07    0.18   15.45 v accumulator._1336_/X (sky130_fd_sc_hd__buf_2)
                                         accumulator._0433_ (net)
                  0.07    0.00   15.45 v accumulator._1373_/A1 (sky130_fd_sc_hd__a21o_1)
     2    0.00    0.04    0.17   15.62 v accumulator._1373_/X (sky130_fd_sc_hd__a21o_1)
                                         accumulator._0470_ (net)
                  0.04    0.00   15.62 v accumulator._1380_/A2 (sky130_fd_sc_hd__a21o_1)
     2    0.00    0.04    0.18   15.80 v accumulator._1380_/X (sky130_fd_sc_hd__a21o_1)
                                         accumulator._0477_ (net)
                  0.04    0.00   15.80 v accumulator._1403_/A (sky130_fd_sc_hd__and2_1)
     2    0.00    0.04    0.14   15.95 v accumulator._1403_/X (sky130_fd_sc_hd__and2_1)
                                         accumulator._0500_ (net)
                  0.04    0.00   15.95 v accumulator._1427_/A2 (sky130_fd_sc_hd__a211o_1)
     1    0.00    0.05    0.29   16.24 v accumulator._1427_/X (sky130_fd_sc_hd__a211o_1)
                                         accumulator._0524_ (net)
                  0.05    0.00   16.24 v accumulator._1505_/A2 (sky130_fd_sc_hd__a32o_2)
     4    0.01    0.07    0.31   16.55 v accumulator._1505_/X (sky130_fd_sc_hd__a32o_2)
                                         accumulator._0602_ (net)
                  0.07    0.00   16.55 v accumulator._1507_/A (sky130_fd_sc_hd__xnor2_2)
     3    0.01    0.23    0.25   16.80 ^ accumulator._1507_/Y (sky130_fd_sc_hd__xnor2_2)
                                         accumulator._0604_ (net)
                  0.23    0.00   16.80 ^ accumulator._1837_/A1 (sky130_fd_sc_hd__a311o_1)
     2    0.00    0.07    0.22   17.01 ^ accumulator._1837_/X (sky130_fd_sc_hd__a311o_1)
                                         accumulator._0934_ (net)
                  0.07    0.00   17.01 ^ accumulator._1839_/A3 (sky130_fd_sc_hd__a311o_1)
     3    0.01    0.10    0.21   17.22 ^ accumulator._1839_/X (sky130_fd_sc_hd__a311o_1)
                                         accumulator._0936_ (net)
                  0.10    0.00   17.22 ^ accumulator._1842_/A1 (sky130_fd_sc_hd__a311o_1)
     2    0.01    0.10    0.20   17.42 ^ accumulator._1842_/X (sky130_fd_sc_hd__a311o_1)
                                         accumulator._0939_ (net)
                  0.10    0.00   17.42 ^ accumulator._1844_/A1 (sky130_fd_sc_hd__a31oi_2)
     3    0.01    0.08    0.10   17.53 v accumulator._1844_/Y (sky130_fd_sc_hd__a31oi_2)
                                         accumulator._0941_ (net)
                  0.08    0.00   17.53 v accumulator._1846_/A1 (sky130_fd_sc_hd__a211o_1)
     3    0.01    0.06    0.30   17.82 v accumulator._1846_/X (sky130_fd_sc_hd__a211o_1)
                                         accumulator._0943_ (net)
                  0.06    0.00   17.82 v accumulator._1847_/A1 (sky130_fd_sc_hd__a311o_1)
     3    0.01    0.08    0.32   18.14 v accumulator._1847_/X (sky130_fd_sc_hd__a311o_1)
                                         accumulator._0944_ (net)
                  0.08    0.00   18.14 v accumulator._1855_/A3 (sky130_fd_sc_hd__o311a_4)
     4    0.01    0.07    0.36   18.50 v accumulator._1855_/X (sky130_fd_sc_hd__o311a_4)
                                         accumulator._0952_ (net)
                  0.07    0.00   18.50 v accumulator._1866_/A3 (sky130_fd_sc_hd__o31ai_4)
     3    0.01    0.19    0.20   18.69 ^ accumulator._1866_/Y (sky130_fd_sc_hd__o31ai_4)
                                         accumulator._0963_ (net)
                  0.19    0.00   18.69 ^ accumulator._1867_/B (sky130_fd_sc_hd__nand3b_1)
     1    0.00    0.06    0.10   18.79 v accumulator._1867_/Y (sky130_fd_sc_hd__nand3b_1)
                                         accumulator._0964_ (net)
                  0.06    0.00   18.79 v accumulator._1868_/C1 (sky130_fd_sc_hd__o211a_1)
     3    0.01    0.07    0.15   18.93 v accumulator._1868_/X (sky130_fd_sc_hd__o211a_1)
                                         accumulator._0965_ (net)
                  0.07    0.00   18.93 v accumulator._1871_/A3 (sky130_fd_sc_hd__o41a_4)
     7    0.02    0.09    0.48   19.42 v accumulator._1871_/X (sky130_fd_sc_hd__o41a_4)
                                         accumulator._0968_ (net)
                  0.09    0.00   19.42 v accumulator._1872_/A (sky130_fd_sc_hd__and2_4)
     5    0.01    0.04    0.17   19.59 v accumulator._1872_/X (sky130_fd_sc_hd__and2_4)
                                         accumulator._0969_ (net)
                  0.04    0.00   19.59 v accumulator._1895_/A (sky130_fd_sc_hd__buf_6)
    10    0.03    0.04    0.14   19.73 v accumulator._1895_/X (sky130_fd_sc_hd__buf_6)
                                         accumulator._0992_ (net)
                  0.04    0.00   19.73 v accumulator._1912_/A (sky130_fd_sc_hd__nor2_4)
     1    0.01    0.09    0.12   19.85 ^ accumulator._1912_/Y (sky130_fd_sc_hd__nor2_4)
                                         accumulator._1009_ (net)
                  0.09    0.00   19.85 ^ accumulator._1913_/A (sky130_fd_sc_hd__xor2_2)
     5    0.01    0.21    0.21   20.06 ^ accumulator._1913_/X (sky130_fd_sc_hd__xor2_2)
                                         accumulator._1010_ (net)
                  0.21    0.00   20.06 ^ accumulator._2072_/B1 (sky130_fd_sc_hd__o21ai_1)
     1    0.00    0.06    0.10   20.16 v accumulator._2072_/Y (sky130_fd_sc_hd__o21ai_1)
                                         accumulator._1169_ (net)
                  0.06    0.00   20.16 v accumulator._2073_/A1 (sky130_fd_sc_hd__a21oi_1)
     1    0.00    0.10    0.13   20.28 ^ accumulator._2073_/Y (sky130_fd_sc_hd__a21oi_1)
                                         accumulator._1170_ (net)
                  0.10    0.00   20.28 ^ accumulator._2074_/A2 (sky130_fd_sc_hd__o21ai_1)
     1    0.00    0.06    0.07   20.35 v accumulator._2074_/Y (sky130_fd_sc_hd__o21ai_1)
                                         accumulator._1171_ (net)
                  0.06    0.00   20.35 v accumulator._2075_/A2 (sky130_fd_sc_hd__a21o_1)
     1    0.00    0.03    0.18   20.53 v accumulator._2075_/X (sky130_fd_sc_hd__a21o_1)
                                         accumulator._1172_ (net)
                  0.03    0.00   20.53 v accumulator._2076_/A2 (sky130_fd_sc_hd__a21oi_1)
     1    0.00    0.10    0.13   20.66 ^ accumulator._2076_/Y (sky130_fd_sc_hd__a21oi_1)
                                         accumulator._1173_ (net)
                  0.10    0.00   20.66 ^ accumulator._2077_/A2 (sky130_fd_sc_hd__o21ai_1)
     1    0.00    0.06    0.07   20.73 v accumulator._2077_/Y (sky130_fd_sc_hd__o21ai_1)
                                         accumulator._1174_ (net)
                  0.06    0.00   20.73 v accumulator._2078_/A2 (sky130_fd_sc_hd__a21oi_1)
     1    0.00    0.10    0.14   20.87 ^ accumulator._2078_/Y (sky130_fd_sc_hd__a21oi_1)
                                         accumulator._1175_ (net)
                  0.10    0.00   20.87 ^ accumulator._2079_/A2 (sky130_fd_sc_hd__o21bai_1)
     1    0.00    0.05    0.07   20.94 v accumulator._2079_/Y (sky130_fd_sc_hd__o21bai_1)
                                         accumulator._1176_ (net)
                  0.05    0.00   20.94 v accumulator._2082_/A1 (sky130_fd_sc_hd__a21o_2)
     7    0.02    0.08    0.25   21.19 v accumulator._2082_/X (sky130_fd_sc_hd__a21o_2)
                                         accumulator._1180_ (net)
                  0.08    0.00   21.19 v accumulator._2083_/A (sky130_fd_sc_hd__nand2_4)
     5    0.03    0.10    0.11   21.30 ^ accumulator._2083_/Y (sky130_fd_sc_hd__nand2_4)
                                         accumulator._1181_ (net)
                  0.10    0.00   21.30 ^ accumulator._2086_/A (sky130_fd_sc_hd__buf_8)
     5    0.02    0.04    0.12   21.42 ^ accumulator._2086_/X (sky130_fd_sc_hd__buf_8)
                                         accumulator._1184_ (net)
                  0.04    0.00   21.42 ^ accumulator._2237_/S (sky130_fd_sc_hd__mux2_2)
     3    0.01    0.06    0.35   21.77 v accumulator._2237_/X (sky130_fd_sc_hd__mux2_2)
                                         accumulator._0172_ (net)
                  0.06    0.00   21.77 v accumulator._2238_/A1 (sky130_fd_sc_hd__mux2_1)
     2    0.00    0.06    0.31   22.08 v accumulator._2238_/X (sky130_fd_sc_hd__mux2_1)
                                         accumulator._0173_ (net)
                  0.06    0.00   22.08 v accumulator._2239_/A1 (sky130_fd_sc_hd__mux2_4)
     2    0.00    0.05    0.27   22.36 v accumulator._2239_/X (sky130_fd_sc_hd__mux2_4)
                                         accumulator._0174_ (net)
                  0.05    0.00   22.36 v accumulator._2240_/A1 (sky130_fd_sc_hd__mux2_1)
     1    0.00    0.05    0.30   22.66 v accumulator._2240_/X (sky130_fd_sc_hd__mux2_1)
                                         accumulator._0175_ (net)
                  0.05    0.00   22.66 v accumulator._2242_/B2 (sky130_fd_sc_hd__o221a_1)
     1    0.00    0.04    0.20   22.86 v accumulator._2242_/X (sky130_fd_sc_hd__o221a_1)
                                         accumulator._0014_ (net)
                  0.04    0.00   22.86 v accumulator._2413_/D (sky130_fd_sc_hd__dfxtp_1)
                                 22.86   data arrival time

                         25.00   25.00   clock clock (rise edge)
                          0.00   25.00   clock source latency
     1    0.01    0.04    0.03   25.03 ^ clock (in)
                                         clock (net)
                  0.04    0.00   25.03 ^ clkbuf_0_clock/A (sky130_fd_sc_hd__clkbuf_16)
     4    0.03    0.05    0.13   25.15 ^ clkbuf_0_clock/X (sky130_fd_sc_hd__clkbuf_16)
                                         clknet_0_clock (net)
                  0.05    0.00   25.15 ^ clkbuf_2_3__f_clock/A (sky130_fd_sc_hd__clkbuf_16)
     9    0.02    0.04    0.12   25.28 ^ clkbuf_2_3__f_clock/X (sky130_fd_sc_hd__clkbuf_16)
                                         clknet_2_3__leaf_clock (net)
                  0.04    0.00   25.28 ^ accumulator._2413_/CLK (sky130_fd_sc_hd__dfxtp_1)
                         -0.25   25.03   clock uncertainty
                          0.00   25.03   clock reconvergence pessimism
                         -0.11   24.92   library setup time
                                 24.92   data required time
-----------------------------------------------------------------------------
                                 24.92   data required time
                                -22.86   data arrival time
-----------------------------------------------------------------------------
                                  2.06   slack (MET)


Startpoint: io_inScaleA[7] (input port clocked by clock)
Endpoint: accumulator._2414_ (rising edge-triggered flip-flop clocked by clock)
Path Group: clock
Path Type: max

Fanout     Cap    Slew   Delay    Time   Description
-----------------------------------------------------------------------------
                          0.00    0.00   clock clock (rise edge)
                          0.00    0.00   clock network delay (propagated)
                          5.00    5.00 v input external delay
     1    0.00    0.01    0.00    5.00 v io_inScaleA[7] (in)
                                         io_inScaleA[7] (net)
                  0.01    0.00    5.00 v input16/A (sky130_fd_sc_hd__buf_2)
     5    0.01    0.04    0.13    5.13 v input16/X (sky130_fd_sc_hd__buf_2)
                                         net16 (net)
                  0.04    0.00    5.13 v scaleAdd._421_/A1 (sky130_fd_sc_hd__o21a_4)
     4    0.02    0.05    0.24    5.37 v scaleAdd._421_/X (sky130_fd_sc_hd__o21a_4)
                                         scaleAdd._002_ (net)
                  0.05    0.00    5.37 v scaleAdd._428_/A (sky130_fd_sc_hd__xor2_1)
     2    0.01    0.07    0.18    5.55 v scaleAdd._428_/X (sky130_fd_sc_hd__xor2_1)
                                         scaleAdd._009_ (net)
                  0.07    0.00    5.55 v scaleAdd._429_/A (sky130_fd_sc_hd__xnor2_1)
     2    0.01    0.20    0.23    5.78 ^ scaleAdd._429_/Y (sky130_fd_sc_hd__xnor2_1)
                                         scaleAdd._010_ (net)
                  0.20    0.00    5.78 ^ scaleAdd._431_/B (sky130_fd_sc_hd__xnor2_1)
     2    0.01    0.25    0.20    5.99 ^ scaleAdd._431_/Y (sky130_fd_sc_hd__xnor2_1)
                                         scaleAdd._012_ (net)
                  0.25    0.00    5.99 ^ scaleAdd._432_/B (sky130_fd_sc_hd__xnor2_1)
     2    0.01    0.20    0.19    6.18 ^ scaleAdd._432_/Y (sky130_fd_sc_hd__xnor2_1)
                                         scaleAdd._013_ (net)
                  0.20    0.00    6.18 ^ scaleAdd._435_/A (sky130_fd_sc_hd__xor2_1)
     2    0.01    0.26    0.28    6.46 ^ scaleAdd._435_/X (sky130_fd_sc_hd__xor2_1)
                                         scaleAdd._016_ (net)
                  0.26    0.00    6.46 ^ scaleAdd._436_/A (sky130_fd_sc_hd__xnor2_2)
     2    0.01    0.19    0.18    6.64 ^ scaleAdd._436_/Y (sky130_fd_sc_hd__xnor2_2)
                                         scaleAdd._017_ (net)
                  0.19    0.00    6.64 ^ scaleAdd._438_/B (sky130_fd_sc_hd__xnor2_2)
     2    0.01    0.20    0.17    6.81 ^ scaleAdd._438_/Y (sky130_fd_sc_hd__xnor2_2)
                                         scaleAdd._019_ (net)
                  0.20    0.00    6.81 ^ scaleAdd._439_/A (sky130_fd_sc_hd__xor2_2)
     5    0.02    0.29    0.29    7.10 ^ scaleAdd._439_/X (sky130_fd_sc_hd__xor2_2)
                                         scaleAdd._020_ (net)
                  0.29    0.00    7.10 ^ scaleAdd._443_/B (sky130_fd_sc_hd__xnor2_2)
     1    0.01    0.07    0.12    7.22 v scaleAdd._443_/Y (sky130_fd_sc_hd__xnor2_2)
                                         scaleAdd._024_ (net)
                  0.07    0.00    7.22 v scaleAdd._444_/A (sky130_fd_sc_hd__xnor2_2)
     6    0.01    0.22    0.24    7.46 ^ scaleAdd._444_/Y (sky130_fd_sc_hd__xnor2_2)
                                         scaleAdd._025_ (net)
                  0.22    0.00    7.46 ^ scaleAdd._445_/B_N (sky130_fd_sc_hd__or2b_4)
     3    0.01    0.05    0.31    7.78 v scaleAdd._445_/X (sky130_fd_sc_hd__or2b_4)
                                         scaleAdd._026_ (net)
                  0.05    0.00    7.78 v scaleAdd._448_/B1 (sky130_fd_sc_hd__a22o_1)
     2    0.00    0.05    0.19    7.97 v scaleAdd._448_/X (sky130_fd_sc_hd__a22o_1)
                                         scaleAdd._029_ (net)
                  0.05    0.00    7.97 v scaleAdd._452_/A2 (sky130_fd_sc_hd__a21o_1)
     2    0.00    0.04    0.19    8.16 v scaleAdd._452_/X (sky130_fd_sc_hd__a21o_1)
                                         scaleAdd._033_ (net)
                  0.04    0.00    8.16 v scaleAdd._454_/B2 (sky130_fd_sc_hd__a22o_1)
     3    0.01    0.06    0.22    8.38 v scaleAdd._454_/X (sky130_fd_sc_hd__a22o_1)
                                         scaleAdd._035_ (net)
                  0.06    0.00    8.38 v scaleAdd._456_/B (sky130_fd_sc_hd__and3_1)
     2    0.00    0.05    0.18    8.56 v scaleAdd._456_/X (sky130_fd_sc_hd__and3_1)
                                         scaleAdd._037_ (net)
                  0.05    0.00    8.56 v scaleAdd._458_/B (sky130_fd_sc_hd__or3_4)
     3    0.01    0.07    0.38    8.95 v scaleAdd._458_/X (sky130_fd_sc_hd__or3_4)
                                         scaleAdd._039_ (net)
                  0.07    0.00    8.95 v scaleAdd._492_/A1 (sky130_fd_sc_hd__a21o_1)
     3    0.01    0.07    0.21    9.15 v scaleAdd._492_/X (sky130_fd_sc_hd__a21o_1)
                                         scaleAdd._072_ (net)
                  0.07    0.00    9.15 v scaleAdd._539_/A1 (sky130_fd_sc_hd__a21oi_4)
     4    0.01    0.13    0.16    9.31 ^ scaleAdd._539_/Y (sky130_fd_sc_hd__a21oi_4)
                                         scaleAdd._118_ (net)
                  0.13    0.00    9.31 ^ scaleAdd._603_/A3 (sky130_fd_sc_hd__o311ai_2)
     3    0.01    0.10    0.11    9.42 v scaleAdd._603_/Y (sky130_fd_sc_hd__o311ai_2)
                                         scaleAdd._180_ (net)
                  0.10    0.00    9.42 v scaleAdd._652_/A1 (sky130_fd_sc_hd__a311o_1)
     3    0.01    0.07    0.31    9.72 v scaleAdd._652_/X (sky130_fd_sc_hd__a311o_1)
                                         scaleAdd._227_ (net)
                  0.07    0.00    9.72 v scaleAdd._688_/A1 (sky130_fd_sc_hd__a311o_1)
     3    0.01    0.10    0.33   10.06 v scaleAdd._688_/X (sky130_fd_sc_hd__a311o_1)
                                         scaleAdd._261_ (net)
                  0.10    0.00   10.06 v scaleAdd._708_/A1 (sky130_fd_sc_hd__a31oi_4)
     2    0.01    0.14    0.16   10.22 ^ scaleAdd._708_/Y (sky130_fd_sc_hd__a31oi_4)
                                         scaleAdd._279_ (net)
                  0.14    0.00   10.22 ^ rebuffer17/A (sky130_fd_sc_hd__buf_6)
     1    0.00    0.03    0.12   10.34 ^ rebuffer17/X (sky130_fd_sc_hd__buf_6)
                                         net74 (net)
                  0.03    0.00   10.34 ^ rebuffer10/A (sky130_fd_sc_hd__buf_6)
     1    0.02    0.05    0.10   10.44 ^ rebuffer10/X (sky130_fd_sc_hd__buf_6)
                                         net67 (net)
                  0.05    0.00   10.44 ^ scaleAdd._709_/A (sky130_fd_sc_hd__xnor2_4)
     4    0.01    0.06    0.08   10.52 v scaleAdd._709_/Y (sky130_fd_sc_hd__xnor2_4)
                                         accumulator.io_inMant[16] (net)
                  0.06    0.00   10.52 v accumulator._1204_/B (sky130_fd_sc_hd__or4_4)
     4    0.01    0.09    0.55   11.07 v accumulator._1204_/X (sky130_fd_sc_hd__or4_4)
                                         accumulator._0065_ (net)
                  0.09    0.00   11.07 v accumulator._1206_/B (sky130_fd_sc_hd__or2_4)
     3    0.01    0.05    0.26   11.32 v accumulator._1206_/X (sky130_fd_sc_hd__or2_4)
                                         accumulator._0085_ (net)
                  0.05    0.00   11.32 v accumulator._1207_/B (sky130_fd_sc_hd__or2_4)
     4    0.01    0.05    0.24   11.57 v accumulator._1207_/X (sky130_fd_sc_hd__or2_4)
                                         accumulator._0095_ (net)
                  0.05    0.00   11.57 v accumulator._1240_/B (sky130_fd_sc_hd__and2_1)
     2    0.00    0.04    0.17   11.73 v accumulator._1240_/X (sky130_fd_sc_hd__and2_1)
                                         accumulator._0339_ (net)
                  0.04    0.00   11.73 v accumulator._1241_/C1 (sky130_fd_sc_hd__a311o_1)
     3    0.01    0.07    0.30   12.03 v accumulator._1241_/X (sky130_fd_sc_hd__a311o_1)
                                         accumulator._0340_ (net)
                  0.07    0.00   12.03 v accumulator._1255_/A1 (sky130_fd_sc_hd__a21o_1)
     2    0.00    0.04    0.18   12.21 v accumulator._1255_/X (sky130_fd_sc_hd__a21o_1)
                                         accumulator._0354_ (net)
                  0.04    0.00   12.21 v accumulator._1257_/A2 (sky130_fd_sc_hd__a211o_1)
     3    0.01    0.06    0.31   12.53 v accumulator._1257_/X (sky130_fd_sc_hd__a211o_1)
                                         accumulator._0356_ (net)
                  0.06    0.00   12.53 v accumulator._1263_/B (sky130_fd_sc_hd__and2_4)
     5    0.01    0.04    0.18   12.70 v accumulator._1263_/X (sky130_fd_sc_hd__and2_4)
                                         accumulator._0362_ (net)
                  0.04    0.00   12.70 v accumulator._1274_/C (sky130_fd_sc_hd__or4_4)
     4    0.01    0.10    0.52   13.22 v accumulator._1274_/X (sky130_fd_sc_hd__or4_4)
                                         accumulator._0373_ (net)
                  0.10    0.00   13.22 v accumulator._1276_/A1 (sky130_fd_sc_hd__a21o_1)
     2    0.01    0.05    0.19   13.41 v accumulator._1276_/X (sky130_fd_sc_hd__a21o_1)
                                         accumulator._0375_ (net)
                  0.05    0.00   13.41 v accumulator._1278_/A1 (sky130_fd_sc_hd__a21o_4)
     2    0.02    0.05    0.23   13.64 v accumulator._1278_/X (sky130_fd_sc_hd__a21o_4)
                                         accumulator._0377_ (net)
                  0.05    0.00   13.64 v accumulator._1284_/A2 (sky130_fd_sc_hd__a21o_1)
     2    0.01    0.05    0.20   13.84 v accumulator._1284_/X (sky130_fd_sc_hd__a21o_1)
                                         accumulator._0383_ (net)
                  0.05    0.00   13.84 v accumulator._1285_/A2 (sky130_fd_sc_hd__a21o_4)
     2    0.02    0.05    0.25   14.09 v accumulator._1285_/X (sky130_fd_sc_hd__a21o_4)
                                         accumulator._0384_ (net)
                  0.05    0.00   14.09 v accumulator._1290_/A2 (sky130_fd_sc_hd__a21o_1)
     2    0.02    0.09    0.25   14.34 v accumulator._1290_/X (sky130_fd_sc_hd__a21o_1)
                                         accumulator._0389_ (net)
                  0.09    0.00   14.34 v accumulator._1293_/A2 (sky130_fd_sc_hd__a21boi_4)
     3    0.02    0.19    0.24   14.58 ^ accumulator._1293_/Y (sky130_fd_sc_hd__a21boi_4)
                                         accumulator._0392_ (net)
                  0.19    0.00   14.58 ^ accumulator._1302_/A (sky130_fd_sc_hd__xor2_2)
     4    0.01    0.18    0.21   14.79 ^ accumulator._1302_/X (sky130_fd_sc_hd__xor2_2)
                                         accumulator._0401_ (net)
                  0.18    0.00   14.79 ^ accumulator._1303_/A (sky130_fd_sc_hd__buf_6)
     6    0.02    0.05    0.15   14.94 ^ accumulator._1303_/X (sky130_fd_sc_hd__buf_6)
                                         accumulator._0402_ (net)
                  0.05    0.00   14.94 ^ accumulator._1335_/S (sky130_fd_sc_hd__mux2_4)
     5    0.01    0.06    0.33   15.27 v accumulator._1335_/X (sky130_fd_sc_hd__mux2_4)
                                         accumulator._0432_ (net)
                  0.06    0.00   15.27 v accumulator._1336_/A (sky130_fd_sc_hd__buf_2)
    10    0.02    0.07    0.18   15.45 v accumulator._1336_/X (sky130_fd_sc_hd__buf_2)
                                         accumulator._0433_ (net)
                  0.07    0.00   15.45 v accumulator._1373_/A1 (sky130_fd_sc_hd__a21o_1)
     2    0.00    0.04    0.17   15.62 v accumulator._1373_/X (sky130_fd_sc_hd__a21o_1)
                                         accumulator._0470_ (net)
                  0.04    0.00   15.62 v accumulator._1380_/A2 (sky130_fd_sc_hd__a21o_1)
     2    0.00    0.04    0.18   15.80 v accumulator._1380_/X (sky130_fd_sc_hd__a21o_1)
                                         accumulator._0477_ (net)
                  0.04    0.00   15.80 v accumulator._1403_/A (sky130_fd_sc_hd__and2_1)
     2    0.00    0.04    0.14   15.95 v accumulator._1403_/X (sky130_fd_sc_hd__and2_1)
                                         accumulator._0500_ (net)
                  0.04    0.00   15.95 v accumulator._1427_/A2 (sky130_fd_sc_hd__a211o_1)
     1    0.00    0.05    0.29   16.24 v accumulator._1427_/X (sky130_fd_sc_hd__a211o_1)
                                         accumulator._0524_ (net)
                  0.05    0.00   16.24 v accumulator._1505_/A2 (sky130_fd_sc_hd__a32o_2)
     4    0.01    0.07    0.31   16.55 v accumulator._1505_/X (sky130_fd_sc_hd__a32o_2)
                                         accumulator._0602_ (net)
                  0.07    0.00   16.55 v accumulator._1507_/A (sky130_fd_sc_hd__xnor2_2)
     3    0.01    0.23    0.25   16.80 ^ accumulator._1507_/Y (sky130_fd_sc_hd__xnor2_2)
                                         accumulator._0604_ (net)
                  0.23    0.00   16.80 ^ accumulator._1837_/A1 (sky130_fd_sc_hd__a311o_1)
     2    0.00    0.07    0.22   17.01 ^ accumulator._1837_/X (sky130_fd_sc_hd__a311o_1)
                                         accumulator._0934_ (net)
                  0.07    0.00   17.01 ^ accumulator._1839_/A3 (sky130_fd_sc_hd__a311o_1)
     3    0.01    0.10    0.21   17.22 ^ accumulator._1839_/X (sky130_fd_sc_hd__a311o_1)
                                         accumulator._0936_ (net)
                  0.10    0.00   17.22 ^ accumulator._1842_/A1 (sky130_fd_sc_hd__a311o_1)
     2    0.01    0.10    0.20   17.42 ^ accumulator._1842_/X (sky130_fd_sc_hd__a311o_1)
                                         accumulator._0939_ (net)
                  0.10    0.00   17.42 ^ accumulator._1844_/A1 (sky130_fd_sc_hd__a31oi_2)
     3    0.01    0.08    0.10   17.53 v accumulator._1844_/Y (sky130_fd_sc_hd__a31oi_2)
                                         accumulator._0941_ (net)
                  0.08    0.00   17.53 v accumulator._1846_/A1 (sky130_fd_sc_hd__a211o_1)
     3    0.01    0.06    0.30   17.82 v accumulator._1846_/X (sky130_fd_sc_hd__a211o_1)
                                         accumulator._0943_ (net)
                  0.06    0.00   17.82 v accumulator._1847_/A1 (sky130_fd_sc_hd__a311o_1)
     3    0.01    0.08    0.32   18.14 v accumulator._1847_/X (sky130_fd_sc_hd__a311o_1)
                                         accumulator._0944_ (net)
                  0.08    0.00   18.14 v accumulator._1855_/A3 (sky130_fd_sc_hd__o311a_4)
     4    0.01    0.07    0.36   18.50 v accumulator._1855_/X (sky130_fd_sc_hd__o311a_4)
                                         accumulator._0952_ (net)
                  0.07    0.00   18.50 v accumulator._1866_/A3 (sky130_fd_sc_hd__o31ai_4)
     3    0.01    0.19    0.20   18.69 ^ accumulator._1866_/Y (sky130_fd_sc_hd__o31ai_4)
                                         accumulator._0963_ (net)
                  0.19    0.00   18.69 ^ accumulator._1867_/B (sky130_fd_sc_hd__nand3b_1)
     1    0.00    0.06    0.10   18.79 v accumulator._1867_/Y (sky130_fd_sc_hd__nand3b_1)
                                         accumulator._0964_ (net)
                  0.06    0.00   18.79 v accumulator._1868_/C1 (sky130_fd_sc_hd__o211a_1)
     3    0.01    0.07    0.15   18.93 v accumulator._1868_/X (sky130_fd_sc_hd__o211a_1)
                                         accumulator._0965_ (net)
                  0.07    0.00   18.93 v accumulator._1871_/A3 (sky130_fd_sc_hd__o41a_4)
     7    0.02    0.09    0.48   19.42 v accumulator._1871_/X (sky130_fd_sc_hd__o41a_4)
                                         accumulator._0968_ (net)
                  0.09    0.00   19.42 v accumulator._1872_/A (sky130_fd_sc_hd__and2_4)
     5    0.01    0.04    0.17   19.59 v accumulator._1872_/X (sky130_fd_sc_hd__and2_4)
                                         accumulator._0969_ (net)
                  0.04    0.00   19.59 v accumulator._1895_/A (sky130_fd_sc_hd__buf_6)
    10    0.03    0.04    0.14   19.73 v accumulator._1895_/X (sky130_fd_sc_hd__buf_6)
                                         accumulator._0992_ (net)
                  0.04    0.00   19.73 v accumulator._1912_/A (sky130_fd_sc_hd__nor2_4)
     1    0.01    0.09    0.12   19.85 ^ accumulator._1912_/Y (sky130_fd_sc_hd__nor2_4)
                                         accumulator._1009_ (net)
                  0.09    0.00   19.85 ^ accumulator._1913_/A (sky130_fd_sc_hd__xor2_2)
     5    0.01    0.21    0.21   20.06 ^ accumulator._1913_/X (sky130_fd_sc_hd__xor2_2)
                                         accumulator._1010_ (net)
                  0.21    0.00   20.06 ^ accumulator._2072_/B1 (sky130_fd_sc_hd__o21ai_1)
     1    0.00    0.06    0.10   20.16 v accumulator._2072_/Y (sky130_fd_sc_hd__o21ai_1)
                                         accumulator._1169_ (net)
                  0.06    0.00   20.16 v accumulator._2073_/A1 (sky130_fd_sc_hd__a21oi_1)
     1    0.00    0.10    0.13   20.28 ^ accumulator._2073_/Y (sky130_fd_sc_hd__a21oi_1)
                                         accumulator._1170_ (net)
                  0.10    0.00   20.28 ^ accumulator._2074_/A2 (sky130_fd_sc_hd__o21ai_1)
     1    0.00    0.06    0.07   20.35 v accumulator._2074_/Y (sky130_fd_sc_hd__o21ai_1)
                                         accumulator._1171_ (net)
                  0.06    0.00   20.35 v accumulator._2075_/A2 (sky130_fd_sc_hd__a21o_1)
     1    0.00    0.03    0.18   20.53 v accumulator._2075_/X (sky130_fd_sc_hd__a21o_1)
                                         accumulator._1172_ (net)
                  0.03    0.00   20.53 v accumulator._2076_/A2 (sky130_fd_sc_hd__a21oi_1)
     1    0.00    0.10    0.13   20.66 ^ accumulator._2076_/Y (sky130_fd_sc_hd__a21oi_1)
                                         accumulator._1173_ (net)
                  0.10    0.00   20.66 ^ accumulator._2077_/A2 (sky130_fd_sc_hd__o21ai_1)
     1    0.00    0.06    0.07   20.73 v accumulator._2077_/Y (sky130_fd_sc_hd__o21ai_1)
                                         accumulator._1174_ (net)
                  0.06    0.00   20.73 v accumulator._2078_/A2 (sky130_fd_sc_hd__a21oi_1)
     1    0.00    0.10    0.14   20.87 ^ accumulator._2078_/Y (sky130_fd_sc_hd__a21oi_1)
                                         accumulator._1175_ (net)
                  0.10    0.00   20.87 ^ accumulator._2079_/A2 (sky130_fd_sc_hd__o21bai_1)
     1    0.00    0.05    0.07   20.94 v accumulator._2079_/Y (sky130_fd_sc_hd__o21bai_1)
                                         accumulator._1176_ (net)
                  0.05    0.00   20.94 v accumulator._2082_/A1 (sky130_fd_sc_hd__a21o_2)
     7    0.02    0.08    0.25   21.19 v accumulator._2082_/X (sky130_fd_sc_hd__a21o_2)
                                         accumulator._1180_ (net)
                  0.08    0.00   21.19 v accumulator._2083_/A (sky130_fd_sc_hd__nand2_4)
     5    0.03    0.10    0.11   21.30 ^ accumulator._2083_/Y (sky130_fd_sc_hd__nand2_4)
                                         accumulator._1181_ (net)
                  0.10    0.00   21.30 ^ clone12/A (sky130_fd_sc_hd__clkbuf_16)
     5    0.02    0.04    0.15   21.45 ^ clone12/X (sky130_fd_sc_hd__clkbuf_16)
                                         net69 (net)
                  0.04    0.00   21.45 ^ accumulator._2161_/S (sky130_fd_sc_hd__mux2_2)
     2    0.00    0.05    0.34   21.78 v accumulator._2161_/X (sky130_fd_sc_hd__mux2_2)
                                         accumulator._0096_ (net)
                  0.05    0.00   21.78 v accumulator._2162_/A1 (sky130_fd_sc_hd__mux2_1)
     1    0.00    0.05    0.30   22.08 v accumulator._2162_/X (sky130_fd_sc_hd__mux2_1)
                                         accumulator._0097_ (net)
                  0.05    0.00   22.08 v accumulator._2163_/A1 (sky130_fd_sc_hd__mux2_4)
     3    0.01    0.05    0.28   22.36 v accumulator._2163_/X (sky130_fd_sc_hd__mux2_4)
                                         accumulator._0098_ (net)
                  0.05    0.00   22.36 v accumulator._2248_/A0 (sky130_fd_sc_hd__mux2_1)
     1    0.00    0.05    0.29   22.65 v accumulator._2248_/X (sky130_fd_sc_hd__mux2_1)
                                         accumulator._0183_ (net)
                  0.05    0.00   22.65 v accumulator._2249_/B2 (sky130_fd_sc_hd__o221a_1)
     1    0.00    0.04    0.20   22.85 v accumulator._2249_/X (sky130_fd_sc_hd__o221a_1)
                                         accumulator._0015_ (net)
                  0.04    0.00   22.85 v accumulator._2414_/D (sky130_fd_sc_hd__dfxtp_1)
                                 22.85   data arrival time

                         25.00   25.00   clock clock (rise edge)
                          0.00   25.00   clock source latency
     1    0.01    0.04    0.03   25.03 ^ clock (in)
                                         clock (net)
                  0.04    0.00   25.03 ^ clkbuf_0_clock/A (sky130_fd_sc_hd__clkbuf_16)
     4    0.03    0.05    0.13   25.15 ^ clkbuf_0_clock/X (sky130_fd_sc_hd__clkbuf_16)
                                         clknet_0_clock (net)
                  0.05    0.00   25.15 ^ clkbuf_2_3__f_clock/A (sky130_fd_sc_hd__clkbuf_16)
     9    0.02    0.04    0.12   25.28 ^ clkbuf_2_3__f_clock/X (sky130_fd_sc_hd__clkbuf_16)
                                         clknet_2_3__leaf_clock (net)
                  0.04    0.00   25.28 ^ accumulator._2414_/CLK (sky130_fd_sc_hd__dfxtp_1)
                         -0.25   25.03   clock uncertainty
                          0.00   25.03   clock reconvergence pessimism
                         -0.11   24.92   library setup time
                                 24.92   data required time
-----------------------------------------------------------------------------
                                 24.92   data required time
                                -22.85   data arrival time
-----------------------------------------------------------------------------
                                  2.07   slack (MET)


Startpoint: io_inScaleA[7] (input port clocked by clock)
Endpoint: accumulator._2423_ (rising edge-triggered flip-flop clocked by clock)
Path Group: clock
Path Type: max

Fanout     Cap    Slew   Delay    Time   Description
-----------------------------------------------------------------------------
                          0.00    0.00   clock clock (rise edge)
                          0.00    0.00   clock network delay (propagated)
                          5.00    5.00 v input external delay
     1    0.00    0.01    0.00    5.00 v io_inScaleA[7] (in)
                                         io_inScaleA[7] (net)
                  0.01    0.00    5.00 v input16/A (sky130_fd_sc_hd__buf_2)
     5    0.01    0.04    0.13    5.13 v input16/X (sky130_fd_sc_hd__buf_2)
                                         net16 (net)
                  0.04    0.00    5.13 v scaleAdd._421_/A1 (sky130_fd_sc_hd__o21a_4)
     4    0.02    0.05    0.24    5.37 v scaleAdd._421_/X (sky130_fd_sc_hd__o21a_4)
                                         scaleAdd._002_ (net)
                  0.05    0.00    5.37 v scaleAdd._428_/A (sky130_fd_sc_hd__xor2_1)
     2    0.01    0.07    0.18    5.55 v scaleAdd._428_/X (sky130_fd_sc_hd__xor2_1)
                                         scaleAdd._009_ (net)
                  0.07    0.00    5.55 v scaleAdd._429_/A (sky130_fd_sc_hd__xnor2_1)
     2    0.01    0.20    0.23    5.78 ^ scaleAdd._429_/Y (sky130_fd_sc_hd__xnor2_1)
                                         scaleAdd._010_ (net)
                  0.20    0.00    5.78 ^ scaleAdd._431_/B (sky130_fd_sc_hd__xnor2_1)
     2    0.01    0.25    0.20    5.99 ^ scaleAdd._431_/Y (sky130_fd_sc_hd__xnor2_1)
                                         scaleAdd._012_ (net)
                  0.25    0.00    5.99 ^ scaleAdd._432_/B (sky130_fd_sc_hd__xnor2_1)
     2    0.01    0.20    0.19    6.18 ^ scaleAdd._432_/Y (sky130_fd_sc_hd__xnor2_1)
                                         scaleAdd._013_ (net)
                  0.20    0.00    6.18 ^ scaleAdd._435_/A (sky130_fd_sc_hd__xor2_1)
     2    0.01    0.26    0.28    6.46 ^ scaleAdd._435_/X (sky130_fd_sc_hd__xor2_1)
                                         scaleAdd._016_ (net)
                  0.26    0.00    6.46 ^ scaleAdd._436_/A (sky130_fd_sc_hd__xnor2_2)
     2    0.01    0.19    0.18    6.64 ^ scaleAdd._436_/Y (sky130_fd_sc_hd__xnor2_2)
                                         scaleAdd._017_ (net)
                  0.19    0.00    6.64 ^ scaleAdd._438_/B (sky130_fd_sc_hd__xnor2_2)
     2    0.01    0.20    0.17    6.81 ^ scaleAdd._438_/Y (sky130_fd_sc_hd__xnor2_2)
                                         scaleAdd._019_ (net)
                  0.20    0.00    6.81 ^ scaleAdd._439_/A (sky130_fd_sc_hd__xor2_2)
     5    0.02    0.29    0.29    7.10 ^ scaleAdd._439_/X (sky130_fd_sc_hd__xor2_2)
                                         scaleAdd._020_ (net)
                  0.29    0.00    7.10 ^ scaleAdd._443_/B (sky130_fd_sc_hd__xnor2_2)
     1    0.01    0.07    0.12    7.22 v scaleAdd._443_/Y (sky130_fd_sc_hd__xnor2_2)
                                         scaleAdd._024_ (net)
                  0.07    0.00    7.22 v scaleAdd._444_/A (sky130_fd_sc_hd__xnor2_2)
     6    0.01    0.22    0.24    7.46 ^ scaleAdd._444_/Y (sky130_fd_sc_hd__xnor2_2)
                                         scaleAdd._025_ (net)
                  0.22    0.00    7.46 ^ scaleAdd._445_/B_N (sky130_fd_sc_hd__or2b_4)
     3    0.01    0.05    0.31    7.78 v scaleAdd._445_/X (sky130_fd_sc_hd__or2b_4)
                                         scaleAdd._026_ (net)
                  0.05    0.00    7.78 v scaleAdd._448_/B1 (sky130_fd_sc_hd__a22o_1)
     2    0.00    0.05    0.19    7.97 v scaleAdd._448_/X (sky130_fd_sc_hd__a22o_1)
                                         scaleAdd._029_ (net)
                  0.05    0.00    7.97 v scaleAdd._452_/A2 (sky130_fd_sc_hd__a21o_1)
     2    0.00    0.04    0.19    8.16 v scaleAdd._452_/X (sky130_fd_sc_hd__a21o_1)
                                         scaleAdd._033_ (net)
                  0.04    0.00    8.16 v scaleAdd._454_/B2 (sky130_fd_sc_hd__a22o_1)
     3    0.01    0.06    0.22    8.38 v scaleAdd._454_/X (sky130_fd_sc_hd__a22o_1)
                                         scaleAdd._035_ (net)
                  0.06    0.00    8.38 v scaleAdd._456_/B (sky130_fd_sc_hd__and3_1)
     2    0.00    0.05    0.18    8.56 v scaleAdd._456_/X (sky130_fd_sc_hd__and3_1)
                                         scaleAdd._037_ (net)
                  0.05    0.00    8.56 v scaleAdd._458_/B (sky130_fd_sc_hd__or3_4)
     3    0.01    0.07    0.38    8.95 v scaleAdd._458_/X (sky130_fd_sc_hd__or3_4)
                                         scaleAdd._039_ (net)
                  0.07    0.00    8.95 v scaleAdd._492_/A1 (sky130_fd_sc_hd__a21o_1)
     3    0.01    0.07    0.21    9.15 v scaleAdd._492_/X (sky130_fd_sc_hd__a21o_1)
                                         scaleAdd._072_ (net)
                  0.07    0.00    9.15 v scaleAdd._539_/A1 (sky130_fd_sc_hd__a21oi_4)
     4    0.01    0.13    0.16    9.31 ^ scaleAdd._539_/Y (sky130_fd_sc_hd__a21oi_4)
                                         scaleAdd._118_ (net)
                  0.13    0.00    9.31 ^ scaleAdd._603_/A3 (sky130_fd_sc_hd__o311ai_2)
     3    0.01    0.10    0.11    9.42 v scaleAdd._603_/Y (sky130_fd_sc_hd__o311ai_2)
                                         scaleAdd._180_ (net)
                  0.10    0.00    9.42 v scaleAdd._652_/A1 (sky130_fd_sc_hd__a311o_1)
     3    0.01    0.07    0.31    9.72 v scaleAdd._652_/X (sky130_fd_sc_hd__a311o_1)
                                         scaleAdd._227_ (net)
                  0.07    0.00    9.72 v scaleAdd._688_/A1 (sky130_fd_sc_hd__a311o_1)
     3    0.01    0.10    0.33   10.06 v scaleAdd._688_/X (sky130_fd_sc_hd__a311o_1)
                                         scaleAdd._261_ (net)
                  0.10    0.00   10.06 v scaleAdd._708_/A1 (sky130_fd_sc_hd__a31oi_4)
     2    0.01    0.14    0.16   10.22 ^ scaleAdd._708_/Y (sky130_fd_sc_hd__a31oi_4)
                                         scaleAdd._279_ (net)
                  0.14    0.00   10.22 ^ rebuffer17/A (sky130_fd_sc_hd__buf_6)
     1    0.00    0.03    0.12   10.34 ^ rebuffer17/X (sky130_fd_sc_hd__buf_6)
                                         net74 (net)
                  0.03    0.00   10.34 ^ rebuffer10/A (sky130_fd_sc_hd__buf_6)
     1    0.02    0.05    0.10   10.44 ^ rebuffer10/X (sky130_fd_sc_hd__buf_6)
                                         net67 (net)
                  0.05    0.00   10.44 ^ scaleAdd._709_/A (sky130_fd_sc_hd__xnor2_4)
     4    0.01    0.06    0.08   10.52 v scaleAdd._709_/Y (sky130_fd_sc_hd__xnor2_4)
                                         accumulator.io_inMant[16] (net)
                  0.06    0.00   10.52 v accumulator._1204_/B (sky130_fd_sc_hd__or4_4)
     4    0.01    0.09    0.55   11.07 v accumulator._1204_/X (sky130_fd_sc_hd__or4_4)
                                         accumulator._0065_ (net)
                  0.09    0.00   11.07 v accumulator._1206_/B (sky130_fd_sc_hd__or2_4)
     3    0.01    0.05    0.26   11.32 v accumulator._1206_/X (sky130_fd_sc_hd__or2_4)
                                         accumulator._0085_ (net)
                  0.05    0.00   11.32 v accumulator._1207_/B (sky130_fd_sc_hd__or2_4)
     4    0.01    0.05    0.24   11.57 v accumulator._1207_/X (sky130_fd_sc_hd__or2_4)
                                         accumulator._0095_ (net)
                  0.05    0.00   11.57 v accumulator._1240_/B (sky130_fd_sc_hd__and2_1)
     2    0.00    0.04    0.17   11.73 v accumulator._1240_/X (sky130_fd_sc_hd__and2_1)
                                         accumulator._0339_ (net)
                  0.04    0.00   11.73 v accumulator._1241_/C1 (sky130_fd_sc_hd__a311o_1)
     3    0.01    0.07    0.30   12.03 v accumulator._1241_/X (sky130_fd_sc_hd__a311o_1)
                                         accumulator._0340_ (net)
                  0.07    0.00   12.03 v accumulator._1255_/A1 (sky130_fd_sc_hd__a21o_1)
     2    0.00    0.04    0.18   12.21 v accumulator._1255_/X (sky130_fd_sc_hd__a21o_1)
                                         accumulator._0354_ (net)
                  0.04    0.00   12.21 v accumulator._1257_/A2 (sky130_fd_sc_hd__a211o_1)
     3    0.01    0.06    0.31   12.53 v accumulator._1257_/X (sky130_fd_sc_hd__a211o_1)
                                         accumulator._0356_ (net)
                  0.06    0.00   12.53 v accumulator._1263_/B (sky130_fd_sc_hd__and2_4)
     5    0.01    0.04    0.18   12.70 v accumulator._1263_/X (sky130_fd_sc_hd__and2_4)
                                         accumulator._0362_ (net)
                  0.04    0.00   12.70 v accumulator._1274_/C (sky130_fd_sc_hd__or4_4)
     4    0.01    0.10    0.52   13.22 v accumulator._1274_/X (sky130_fd_sc_hd__or4_4)
                                         accumulator._0373_ (net)
                  0.10    0.00   13.22 v accumulator._1276_/A1 (sky130_fd_sc_hd__a21o_1)
     2    0.01    0.05    0.19   13.41 v accumulator._1276_/X (sky130_fd_sc_hd__a21o_1)
                                         accumulator._0375_ (net)
                  0.05    0.00   13.41 v accumulator._1278_/A1 (sky130_fd_sc_hd__a21o_4)
     2    0.02    0.05    0.23   13.64 v accumulator._1278_/X (sky130_fd_sc_hd__a21o_4)
                                         accumulator._0377_ (net)
                  0.05    0.00   13.64 v accumulator._1284_/A2 (sky130_fd_sc_hd__a21o_1)
     2    0.01    0.05    0.20   13.84 v accumulator._1284_/X (sky130_fd_sc_hd__a21o_1)
                                         accumulator._0383_ (net)
                  0.05    0.00   13.84 v accumulator._1285_/A2 (sky130_fd_sc_hd__a21o_4)
     2    0.02    0.05    0.25   14.09 v accumulator._1285_/X (sky130_fd_sc_hd__a21o_4)
                                         accumulator._0384_ (net)
                  0.05    0.00   14.09 v accumulator._1290_/A2 (sky130_fd_sc_hd__a21o_1)
     2    0.02    0.09    0.25   14.34 v accumulator._1290_/X (sky130_fd_sc_hd__a21o_1)
                                         accumulator._0389_ (net)
                  0.09    0.00   14.34 v accumulator._1293_/A2 (sky130_fd_sc_hd__a21boi_4)
     3    0.02    0.19    0.24   14.58 ^ accumulator._1293_/Y (sky130_fd_sc_hd__a21boi_4)
                                         accumulator._0392_ (net)
                  0.19    0.00   14.58 ^ accumulator._1302_/A (sky130_fd_sc_hd__xor2_2)
     4    0.01    0.18    0.21   14.79 ^ accumulator._1302_/X (sky130_fd_sc_hd__xor2_2)
                                         accumulator._0401_ (net)
                  0.18    0.00   14.79 ^ accumulator._1303_/A (sky130_fd_sc_hd__buf_6)
     6    0.02    0.05    0.15   14.94 ^ accumulator._1303_/X (sky130_fd_sc_hd__buf_6)
                                         accumulator._0402_ (net)
                  0.05    0.00   14.94 ^ accumulator._1335_/S (sky130_fd_sc_hd__mux2_4)
     5    0.01    0.06    0.33   15.27 v accumulator._1335_/X (sky130_fd_sc_hd__mux2_4)
                                         accumulator._0432_ (net)
                  0.06    0.00   15.27 v accumulator._1336_/A (sky130_fd_sc_hd__buf_2)
    10    0.02    0.07    0.18   15.45 v accumulator._1336_/X (sky130_fd_sc_hd__buf_2)
                                         accumulator._0433_ (net)
                  0.07    0.00   15.45 v accumulator._1373_/A1 (sky130_fd_sc_hd__a21o_1)
     2    0.00    0.04    0.17   15.62 v accumulator._1373_/X (sky130_fd_sc_hd__a21o_1)
                                         accumulator._0470_ (net)
                  0.04    0.00   15.62 v accumulator._1380_/A2 (sky130_fd_sc_hd__a21o_1)
     2    0.00    0.04    0.18   15.80 v accumulator._1380_/X (sky130_fd_sc_hd__a21o_1)
                                         accumulator._0477_ (net)
                  0.04    0.00   15.80 v accumulator._1403_/A (sky130_fd_sc_hd__and2_1)
     2    0.00    0.04    0.14   15.95 v accumulator._1403_/X (sky130_fd_sc_hd__and2_1)
                                         accumulator._0500_ (net)
                  0.04    0.00   15.95 v accumulator._1427_/A2 (sky130_fd_sc_hd__a211o_1)
     1    0.00    0.05    0.29   16.24 v accumulator._1427_/X (sky130_fd_sc_hd__a211o_1)
                                         accumulator._0524_ (net)
                  0.05    0.00   16.24 v accumulator._1505_/A2 (sky130_fd_sc_hd__a32o_2)
     4    0.01    0.07    0.31   16.55 v accumulator._1505_/X (sky130_fd_sc_hd__a32o_2)
                                         accumulator._0602_ (net)
                  0.07    0.00   16.55 v accumulator._1507_/A (sky130_fd_sc_hd__xnor2_2)
     3    0.01    0.23    0.25   16.80 ^ accumulator._1507_/Y (sky130_fd_sc_hd__xnor2_2)
                                         accumulator._0604_ (net)
                  0.23    0.00   16.80 ^ accumulator._1837_/A1 (sky130_fd_sc_hd__a311o_1)
     2    0.00    0.07    0.22   17.01 ^ accumulator._1837_/X (sky130_fd_sc_hd__a311o_1)
                                         accumulator._0934_ (net)
                  0.07    0.00   17.01 ^ accumulator._1839_/A3 (sky130_fd_sc_hd__a311o_1)
     3    0.01    0.10    0.21   17.22 ^ accumulator._1839_/X (sky130_fd_sc_hd__a311o_1)
                                         accumulator._0936_ (net)
                  0.10    0.00   17.22 ^ accumulator._1842_/A1 (sky130_fd_sc_hd__a311o_1)
     2    0.01    0.10    0.20   17.42 ^ accumulator._1842_/X (sky130_fd_sc_hd__a311o_1)
                                         accumulator._0939_ (net)
                  0.10    0.00   17.42 ^ accumulator._1844_/A1 (sky130_fd_sc_hd__a31oi_2)
     3    0.01    0.08    0.10   17.53 v accumulator._1844_/Y (sky130_fd_sc_hd__a31oi_2)
                                         accumulator._0941_ (net)
                  0.08    0.00   17.53 v accumulator._1846_/A1 (sky130_fd_sc_hd__a211o_1)
     3    0.01    0.06    0.30   17.82 v accumulator._1846_/X (sky130_fd_sc_hd__a211o_1)
                                         accumulator._0943_ (net)
                  0.06    0.00   17.82 v accumulator._1847_/A1 (sky130_fd_sc_hd__a311o_1)
     3    0.01    0.08    0.32   18.14 v accumulator._1847_/X (sky130_fd_sc_hd__a311o_1)
                                         accumulator._0944_ (net)
                  0.08    0.00   18.14 v accumulator._1855_/A3 (sky130_fd_sc_hd__o311a_4)
     4    0.01    0.07    0.36   18.50 v accumulator._1855_/X (sky130_fd_sc_hd__o311a_4)
                                         accumulator._0952_ (net)
                  0.07    0.00   18.50 v accumulator._1866_/A3 (sky130_fd_sc_hd__o31ai_4)
     3    0.01    0.19    0.20   18.69 ^ accumulator._1866_/Y (sky130_fd_sc_hd__o31ai_4)
                                         accumulator._0963_ (net)
                  0.19    0.00   18.69 ^ accumulator._1867_/B (sky130_fd_sc_hd__nand3b_1)
     1    0.00    0.06    0.10   18.79 v accumulator._1867_/Y (sky130_fd_sc_hd__nand3b_1)
                                         accumulator._0964_ (net)
                  0.06    0.00   18.79 v accumulator._1868_/C1 (sky130_fd_sc_hd__o211a_1)
     3    0.01    0.07    0.15   18.93 v accumulator._1868_/X (sky130_fd_sc_hd__o211a_1)
                                         accumulator._0965_ (net)
                  0.07    0.00   18.93 v accumulator._1871_/A3 (sky130_fd_sc_hd__o41a_4)
     7    0.02    0.09    0.48   19.42 v accumulator._1871_/X (sky130_fd_sc_hd__o41a_4)
                                         accumulator._0968_ (net)
                  0.09    0.00   19.42 v accumulator._1872_/A (sky130_fd_sc_hd__and2_4)
     5    0.01    0.04    0.17   19.59 v accumulator._1872_/X (sky130_fd_sc_hd__and2_4)
                                         accumulator._0969_ (net)
                  0.04    0.00   19.59 v accumulator._1895_/A (sky130_fd_sc_hd__buf_6)
    10    0.03    0.04    0.14   19.73 v accumulator._1895_/X (sky130_fd_sc_hd__buf_6)
                                         accumulator._0992_ (net)
                  0.04    0.00   19.73 v accumulator._1912_/A (sky130_fd_sc_hd__nor2_4)
     1    0.01    0.09    0.12   19.85 ^ accumulator._1912_/Y (sky130_fd_sc_hd__nor2_4)
                                         accumulator._1009_ (net)
                  0.09    0.00   19.85 ^ accumulator._1913_/A (sky130_fd_sc_hd__xor2_2)
     5    0.01    0.21    0.21   20.06 ^ accumulator._1913_/X (sky130_fd_sc_hd__xor2_2)
                                         accumulator._1010_ (net)
                  0.21    0.00   20.06 ^ accumulator._2072_/B1 (sky130_fd_sc_hd__o21ai_1)
     1    0.00    0.06    0.10   20.16 v accumulator._2072_/Y (sky130_fd_sc_hd__o21ai_1)
                                         accumulator._1169_ (net)
                  0.06    0.00   20.16 v accumulator._2073_/A1 (sky130_fd_sc_hd__a21oi_1)
     1    0.00    0.10    0.13   20.28 ^ accumulator._2073_/Y (sky130_fd_sc_hd__a21oi_1)
                                         accumulator._1170_ (net)
                  0.10    0.00   20.28 ^ accumulator._2074_/A2 (sky130_fd_sc_hd__o21ai_1)
     1    0.00    0.06    0.07   20.35 v accumulator._2074_/Y (sky130_fd_sc_hd__o21ai_1)
                                         accumulator._1171_ (net)
                  0.06    0.00   20.35 v accumulator._2075_/A2 (sky130_fd_sc_hd__a21o_1)
     1    0.00    0.03    0.18   20.53 v accumulator._2075_/X (sky130_fd_sc_hd__a21o_1)
                                         accumulator._1172_ (net)
                  0.03    0.00   20.53 v accumulator._2076_/A2 (sky130_fd_sc_hd__a21oi_1)
     1    0.00    0.10    0.13   20.66 ^ accumulator._2076_/Y (sky130_fd_sc_hd__a21oi_1)
                                         accumulator._1173_ (net)
                  0.10    0.00   20.66 ^ accumulator._2077_/A2 (sky130_fd_sc_hd__o21ai_1)
     1    0.00    0.06    0.07   20.73 v accumulator._2077_/Y (sky130_fd_sc_hd__o21ai_1)
                                         accumulator._1174_ (net)
                  0.06    0.00   20.73 v accumulator._2078_/A2 (sky130_fd_sc_hd__a21oi_1)
     1    0.00    0.10    0.14   20.87 ^ accumulator._2078_/Y (sky130_fd_sc_hd__a21oi_1)
                                         accumulator._1175_ (net)
                  0.10    0.00   20.87 ^ accumulator._2079_/A2 (sky130_fd_sc_hd__o21bai_1)
     1    0.00    0.05    0.07   20.94 v accumulator._2079_/Y (sky130_fd_sc_hd__o21bai_1)
                                         accumulator._1176_ (net)
                  0.05    0.00   20.94 v accumulator._2082_/A1 (sky130_fd_sc_hd__a21o_2)
     7    0.02    0.08    0.25   21.19 v accumulator._2082_/X (sky130_fd_sc_hd__a21o_2)
                                         accumulator._1180_ (net)
                  0.08    0.00   21.19 v accumulator._2083_/A (sky130_fd_sc_hd__nand2_4)
     5    0.03    0.10    0.11   21.30 ^ accumulator._2083_/Y (sky130_fd_sc_hd__nand2_4)
                                         accumulator._1181_ (net)
                  0.10    0.00   21.30 ^ clone12/A (sky130_fd_sc_hd__clkbuf_16)
     5    0.02    0.04    0.15   21.45 ^ clone12/X (sky130_fd_sc_hd__clkbuf_16)
                                         net69 (net)
                  0.04    0.00   21.45 ^ accumulator._2199_/S (sky130_fd_sc_hd__mux2_2)
     3    0.01    0.06    0.35   21.80 v accumulator._2199_/X (sky130_fd_sc_hd__mux2_2)
                                         accumulator._0134_ (net)
                  0.06    0.00   21.80 v accumulator._2217_/A0 (sky130_fd_sc_hd__mux2_1)
     2    0.00    0.06    0.31   22.10 v accumulator._2217_/X (sky130_fd_sc_hd__mux2_1)
                                         accumulator._0152_ (net)
                  0.06    0.00   22.10 v accumulator._2255_/A0 (sky130_fd_sc_hd__mux2_4)
     2    0.00    0.05    0.28   22.39 v accumulator._2255_/X (sky130_fd_sc_hd__mux2_4)
                                         accumulator._0190_ (net)
                  0.05    0.00   22.39 v accumulator._2323_/A2 (sky130_fd_sc_hd__o211a_1)
     1    0.00    0.04    0.21   22.59 v accumulator._2323_/X (sky130_fd_sc_hd__o211a_1)
                                         accumulator._0257_ (net)
                  0.04    0.00   22.59 v accumulator._2324_/A3 (sky130_fd_sc_hd__o31a_1)
     1    0.00    0.04    0.23   22.82 v accumulator._2324_/X (sky130_fd_sc_hd__o31a_1)
                                         accumulator._0024_ (net)
                  0.04    0.00   22.82 v accumulator._2423_/D (sky130_fd_sc_hd__dfxtp_1)
                                 22.82   data arrival time

                         25.00   25.00   clock clock (rise edge)
                          0.00   25.00   clock source latency
     1    0.01    0.04    0.03   25.03 ^ clock (in)
                                         clock (net)
                  0.04    0.00   25.03 ^ clkbuf_0_clock/A (sky130_fd_sc_hd__clkbuf_16)
     4    0.03    0.05    0.13   25.15 ^ clkbuf_0_clock/X (sky130_fd_sc_hd__clkbuf_16)
                                         clknet_0_clock (net)
                  0.05    0.00   25.15 ^ clkbuf_2_0__f_clock/A (sky130_fd_sc_hd__clkbuf_16)
     8    0.02    0.04    0.12   25.27 ^ clkbuf_2_0__f_clock/X (sky130_fd_sc_hd__clkbuf_16)
                                         clknet_2_0__leaf_clock (net)
                  0.04    0.00   25.27 ^ accumulator._2423_/CLK (sky130_fd_sc_hd__dfxtp_1)
                         -0.25   25.02   clock uncertainty
                          0.00   25.02   clock reconvergence pessimism
                         -0.11   24.91   library setup time
                                 24.91   data required time
-----------------------------------------------------------------------------
                                 24.91   data required time
                                -22.82   data arrival time
-----------------------------------------------------------------------------
                                  2.09   slack (MET)


Startpoint: io_inScaleA[7] (input port clocked by clock)
Endpoint: accumulator._2408_ (rising edge-triggered flip-flop clocked by clock)
Path Group: clock
Path Type: max

Fanout     Cap    Slew   Delay    Time   Description
-----------------------------------------------------------------------------
                          0.00    0.00   clock clock (rise edge)
                          0.00    0.00   clock network delay (propagated)
                          5.00    5.00 v input external delay
     1    0.00    0.01    0.00    5.00 v io_inScaleA[7] (in)
                                         io_inScaleA[7] (net)
                  0.01    0.00    5.00 v input16/A (sky130_fd_sc_hd__buf_2)
     5    0.01    0.04    0.13    5.13 v input16/X (sky130_fd_sc_hd__buf_2)
                                         net16 (net)
                  0.04    0.00    5.13 v scaleAdd._421_/A1 (sky130_fd_sc_hd__o21a_4)
     4    0.02    0.05    0.24    5.37 v scaleAdd._421_/X (sky130_fd_sc_hd__o21a_4)
                                         scaleAdd._002_ (net)
                  0.05    0.00    5.37 v scaleAdd._428_/A (sky130_fd_sc_hd__xor2_1)
     2    0.01    0.07    0.18    5.55 v scaleAdd._428_/X (sky130_fd_sc_hd__xor2_1)
                                         scaleAdd._009_ (net)
                  0.07    0.00    5.55 v scaleAdd._429_/A (sky130_fd_sc_hd__xnor2_1)
     2    0.01    0.20    0.23    5.78 ^ scaleAdd._429_/Y (sky130_fd_sc_hd__xnor2_1)
                                         scaleAdd._010_ (net)
                  0.20    0.00    5.78 ^ scaleAdd._431_/B (sky130_fd_sc_hd__xnor2_1)
     2    0.01    0.25    0.20    5.99 ^ scaleAdd._431_/Y (sky130_fd_sc_hd__xnor2_1)
                                         scaleAdd._012_ (net)
                  0.25    0.00    5.99 ^ scaleAdd._432_/B (sky130_fd_sc_hd__xnor2_1)
     2    0.01    0.20    0.19    6.18 ^ scaleAdd._432_/Y (sky130_fd_sc_hd__xnor2_1)
                                         scaleAdd._013_ (net)
                  0.20    0.00    6.18 ^ scaleAdd._435_/A (sky130_fd_sc_hd__xor2_1)
     2    0.01    0.26    0.28    6.46 ^ scaleAdd._435_/X (sky130_fd_sc_hd__xor2_1)
                                         scaleAdd._016_ (net)
                  0.26    0.00    6.46 ^ scaleAdd._436_/A (sky130_fd_sc_hd__xnor2_2)
     2    0.01    0.19    0.18    6.64 ^ scaleAdd._436_/Y (sky130_fd_sc_hd__xnor2_2)
                                         scaleAdd._017_ (net)
                  0.19    0.00    6.64 ^ scaleAdd._438_/B (sky130_fd_sc_hd__xnor2_2)
     2    0.01    0.20    0.17    6.81 ^ scaleAdd._438_/Y (sky130_fd_sc_hd__xnor2_2)
                                         scaleAdd._019_ (net)
                  0.20    0.00    6.81 ^ scaleAdd._439_/A (sky130_fd_sc_hd__xor2_2)
     5    0.02    0.29    0.29    7.10 ^ scaleAdd._439_/X (sky130_fd_sc_hd__xor2_2)
                                         scaleAdd._020_ (net)
                  0.29    0.00    7.10 ^ scaleAdd._443_/B (sky130_fd_sc_hd__xnor2_2)
     1    0.01    0.07    0.12    7.22 v scaleAdd._443_/Y (sky130_fd_sc_hd__xnor2_2)
                                         scaleAdd._024_ (net)
                  0.07    0.00    7.22 v scaleAdd._444_/A (sky130_fd_sc_hd__xnor2_2)
     6    0.01    0.22    0.24    7.46 ^ scaleAdd._444_/Y (sky130_fd_sc_hd__xnor2_2)
                                         scaleAdd._025_ (net)
                  0.22    0.00    7.46 ^ scaleAdd._445_/B_N (sky130_fd_sc_hd__or2b_4)
     3    0.01    0.05    0.31    7.78 v scaleAdd._445_/X (sky130_fd_sc_hd__or2b_4)
                                         scaleAdd._026_ (net)
                  0.05    0.00    7.78 v scaleAdd._448_/B1 (sky130_fd_sc_hd__a22o_1)
     2    0.00    0.05    0.19    7.97 v scaleAdd._448_/X (sky130_fd_sc_hd__a22o_1)
                                         scaleAdd._029_ (net)
                  0.05    0.00    7.97 v scaleAdd._452_/A2 (sky130_fd_sc_hd__a21o_1)
     2    0.00    0.04    0.19    8.16 v scaleAdd._452_/X (sky130_fd_sc_hd__a21o_1)
                                         scaleAdd._033_ (net)
                  0.04    0.00    8.16 v scaleAdd._454_/B2 (sky130_fd_sc_hd__a22o_1)
     3    0.01    0.06    0.22    8.38 v scaleAdd._454_/X (sky130_fd_sc_hd__a22o_1)
                                         scaleAdd._035_ (net)
                  0.06    0.00    8.38 v scaleAdd._456_/B (sky130_fd_sc_hd__and3_1)
     2    0.00    0.05    0.18    8.56 v scaleAdd._456_/X (sky130_fd_sc_hd__and3_1)
                                         scaleAdd._037_ (net)
                  0.05    0.00    8.56 v scaleAdd._458_/B (sky130_fd_sc_hd__or3_4)
     3    0.01    0.07    0.38    8.95 v scaleAdd._458_/X (sky130_fd_sc_hd__or3_4)
                                         scaleAdd._039_ (net)
                  0.07    0.00    8.95 v scaleAdd._492_/A1 (sky130_fd_sc_hd__a21o_1)
     3    0.01    0.07    0.21    9.15 v scaleAdd._492_/X (sky130_fd_sc_hd__a21o_1)
                                         scaleAdd._072_ (net)
                  0.07    0.00    9.15 v scaleAdd._539_/A1 (sky130_fd_sc_hd__a21oi_4)
     4    0.01    0.13    0.16    9.31 ^ scaleAdd._539_/Y (sky130_fd_sc_hd__a21oi_4)
                                         scaleAdd._118_ (net)
                  0.13    0.00    9.31 ^ scaleAdd._603_/A3 (sky130_fd_sc_hd__o311ai_2)
     3    0.01    0.10    0.11    9.42 v scaleAdd._603_/Y (sky130_fd_sc_hd__o311ai_2)
                                         scaleAdd._180_ (net)
                  0.10    0.00    9.42 v scaleAdd._652_/A1 (sky130_fd_sc_hd__a311o_1)
     3    0.01    0.07    0.31    9.72 v scaleAdd._652_/X (sky130_fd_sc_hd__a311o_1)
                                         scaleAdd._227_ (net)
                  0.07    0.00    9.72 v scaleAdd._688_/A1 (sky130_fd_sc_hd__a311o_1)
     3    0.01    0.10    0.33   10.06 v scaleAdd._688_/X (sky130_fd_sc_hd__a311o_1)
                                         scaleAdd._261_ (net)
                  0.10    0.00   10.06 v scaleAdd._708_/A1 (sky130_fd_sc_hd__a31oi_4)
     2    0.01    0.14    0.16   10.22 ^ scaleAdd._708_/Y (sky130_fd_sc_hd__a31oi_4)
                                         scaleAdd._279_ (net)
                  0.14    0.00   10.22 ^ rebuffer17/A (sky130_fd_sc_hd__buf_6)
     1    0.00    0.03    0.12   10.34 ^ rebuffer17/X (sky130_fd_sc_hd__buf_6)
                                         net74 (net)
                  0.03    0.00   10.34 ^ rebuffer10/A (sky130_fd_sc_hd__buf_6)
     1    0.02    0.05    0.10   10.44 ^ rebuffer10/X (sky130_fd_sc_hd__buf_6)
                                         net67 (net)
                  0.05    0.00   10.44 ^ scaleAdd._709_/A (sky130_fd_sc_hd__xnor2_4)
     4    0.01    0.06    0.08   10.52 v scaleAdd._709_/Y (sky130_fd_sc_hd__xnor2_4)
                                         accumulator.io_inMant[16] (net)
                  0.06    0.00   10.52 v accumulator._1204_/B (sky130_fd_sc_hd__or4_4)
     4    0.01    0.09    0.55   11.07 v accumulator._1204_/X (sky130_fd_sc_hd__or4_4)
                                         accumulator._0065_ (net)
                  0.09    0.00   11.07 v accumulator._1206_/B (sky130_fd_sc_hd__or2_4)
     3    0.01    0.05    0.26   11.32 v accumulator._1206_/X (sky130_fd_sc_hd__or2_4)
                                         accumulator._0085_ (net)
                  0.05    0.00   11.32 v accumulator._1207_/B (sky130_fd_sc_hd__or2_4)
     4    0.01    0.05    0.24   11.57 v accumulator._1207_/X (sky130_fd_sc_hd__or2_4)
                                         accumulator._0095_ (net)
                  0.05    0.00   11.57 v accumulator._1240_/B (sky130_fd_sc_hd__and2_1)
     2    0.00    0.04    0.17   11.73 v accumulator._1240_/X (sky130_fd_sc_hd__and2_1)
                                         accumulator._0339_ (net)
                  0.04    0.00   11.73 v accumulator._1241_/C1 (sky130_fd_sc_hd__a311o_1)
     3    0.01    0.07    0.30   12.03 v accumulator._1241_/X (sky130_fd_sc_hd__a311o_1)
                                         accumulator._0340_ (net)
                  0.07    0.00   12.03 v accumulator._1255_/A1 (sky130_fd_sc_hd__a21o_1)
     2    0.00    0.04    0.18   12.21 v accumulator._1255_/X (sky130_fd_sc_hd__a21o_1)
                                         accumulator._0354_ (net)
                  0.04    0.00   12.21 v accumulator._1257_/A2 (sky130_fd_sc_hd__a211o_1)
     3    0.01    0.06    0.31   12.53 v accumulator._1257_/X (sky130_fd_sc_hd__a211o_1)
                                         accumulator._0356_ (net)
                  0.06    0.00   12.53 v accumulator._1263_/B (sky130_fd_sc_hd__and2_4)
     5    0.01    0.04    0.18   12.70 v accumulator._1263_/X (sky130_fd_sc_hd__and2_4)
                                         accumulator._0362_ (net)
                  0.04    0.00   12.70 v accumulator._1274_/C (sky130_fd_sc_hd__or4_4)
     4    0.01    0.10    0.52   13.22 v accumulator._1274_/X (sky130_fd_sc_hd__or4_4)
                                         accumulator._0373_ (net)
                  0.10    0.00   13.22 v accumulator._1276_/A1 (sky130_fd_sc_hd__a21o_1)
     2    0.01    0.05    0.19   13.41 v accumulator._1276_/X (sky130_fd_sc_hd__a21o_1)
                                         accumulator._0375_ (net)
                  0.05    0.00   13.41 v accumulator._1278_/A1 (sky130_fd_sc_hd__a21o_4)
     2    0.02    0.05    0.23   13.64 v accumulator._1278_/X (sky130_fd_sc_hd__a21o_4)
                                         accumulator._0377_ (net)
                  0.05    0.00   13.64 v accumulator._1284_/A2 (sky130_fd_sc_hd__a21o_1)
     2    0.01    0.05    0.20   13.84 v accumulator._1284_/X (sky130_fd_sc_hd__a21o_1)
                                         accumulator._0383_ (net)
                  0.05    0.00   13.84 v accumulator._1285_/A2 (sky130_fd_sc_hd__a21o_4)
     2    0.02    0.05    0.25   14.09 v accumulator._1285_/X (sky130_fd_sc_hd__a21o_4)
                                         accumulator._0384_ (net)
                  0.05    0.00   14.09 v accumulator._1290_/A2 (sky130_fd_sc_hd__a21o_1)
     2    0.02    0.09    0.25   14.34 v accumulator._1290_/X (sky130_fd_sc_hd__a21o_1)
                                         accumulator._0389_ (net)
                  0.09    0.00   14.34 v accumulator._1293_/A2 (sky130_fd_sc_hd__a21boi_4)
     3    0.02    0.19    0.24   14.58 ^ accumulator._1293_/Y (sky130_fd_sc_hd__a21boi_4)
                                         accumulator._0392_ (net)
                  0.19    0.00   14.58 ^ accumulator._1302_/A (sky130_fd_sc_hd__xor2_2)
     4    0.01    0.18    0.21   14.79 ^ accumulator._1302_/X (sky130_fd_sc_hd__xor2_2)
                                         accumulator._0401_ (net)
                  0.18    0.00   14.79 ^ accumulator._1303_/A (sky130_fd_sc_hd__buf_6)
     6    0.02    0.05    0.15   14.94 ^ accumulator._1303_/X (sky130_fd_sc_hd__buf_6)
                                         accumulator._0402_ (net)
                  0.05    0.00   14.94 ^ accumulator._1335_/S (sky130_fd_sc_hd__mux2_4)
     5    0.01    0.06    0.33   15.27 v accumulator._1335_/X (sky130_fd_sc_hd__mux2_4)
                                         accumulator._0432_ (net)
                  0.06    0.00   15.27 v accumulator._1336_/A (sky130_fd_sc_hd__buf_2)
    10    0.02    0.07    0.18   15.45 v accumulator._1336_/X (sky130_fd_sc_hd__buf_2)
                                         accumulator._0433_ (net)
                  0.07    0.00   15.45 v accumulator._1373_/A1 (sky130_fd_sc_hd__a21o_1)
     2    0.00    0.04    0.17   15.62 v accumulator._1373_/X (sky130_fd_sc_hd__a21o_1)
                                         accumulator._0470_ (net)
                  0.04    0.00   15.62 v accumulator._1380_/A2 (sky130_fd_sc_hd__a21o_1)
     2    0.00    0.04    0.18   15.80 v accumulator._1380_/X (sky130_fd_sc_hd__a21o_1)
                                         accumulator._0477_ (net)
                  0.04    0.00   15.80 v accumulator._1403_/A (sky130_fd_sc_hd__and2_1)
     2    0.00    0.04    0.14   15.95 v accumulator._1403_/X (sky130_fd_sc_hd__and2_1)
                                         accumulator._0500_ (net)
                  0.04    0.00   15.95 v accumulator._1427_/A2 (sky130_fd_sc_hd__a211o_1)
     1    0.00    0.05    0.29   16.24 v accumulator._1427_/X (sky130_fd_sc_hd__a211o_1)
                                         accumulator._0524_ (net)
                  0.05    0.00   16.24 v accumulator._1505_/A2 (sky130_fd_sc_hd__a32o_2)
     4    0.01    0.07    0.31   16.55 v accumulator._1505_/X (sky130_fd_sc_hd__a32o_2)
                                         accumulator._0602_ (net)
                  0.07    0.00   16.55 v accumulator._1507_/A (sky130_fd_sc_hd__xnor2_2)
     3    0.01    0.23    0.25   16.80 ^ accumulator._1507_/Y (sky130_fd_sc_hd__xnor2_2)
                                         accumulator._0604_ (net)
                  0.23    0.00   16.80 ^ accumulator._1837_/A1 (sky130_fd_sc_hd__a311o_1)
     2    0.00    0.07    0.22   17.01 ^ accumulator._1837_/X (sky130_fd_sc_hd__a311o_1)
                                         accumulator._0934_ (net)
                  0.07    0.00   17.01 ^ accumulator._1839_/A3 (sky130_fd_sc_hd__a311o_1)
     3    0.01    0.10    0.21   17.22 ^ accumulator._1839_/X (sky130_fd_sc_hd__a311o_1)
                                         accumulator._0936_ (net)
                  0.10    0.00   17.22 ^ accumulator._1842_/A1 (sky130_fd_sc_hd__a311o_1)
     2    0.01    0.10    0.20   17.42 ^ accumulator._1842_/X (sky130_fd_sc_hd__a311o_1)
                                         accumulator._0939_ (net)
                  0.10    0.00   17.42 ^ accumulator._1844_/A1 (sky130_fd_sc_hd__a31oi_2)
     3    0.01    0.08    0.10   17.53 v accumulator._1844_/Y (sky130_fd_sc_hd__a31oi_2)
                                         accumulator._0941_ (net)
                  0.08    0.00   17.53 v accumulator._1846_/A1 (sky130_fd_sc_hd__a211o_1)
     3    0.01    0.06    0.30   17.82 v accumulator._1846_/X (sky130_fd_sc_hd__a211o_1)
                                         accumulator._0943_ (net)
                  0.06    0.00   17.82 v accumulator._1847_/A1 (sky130_fd_sc_hd__a311o_1)
     3    0.01    0.08    0.32   18.14 v accumulator._1847_/X (sky130_fd_sc_hd__a311o_1)
                                         accumulator._0944_ (net)
                  0.08    0.00   18.14 v accumulator._1855_/A3 (sky130_fd_sc_hd__o311a_4)
     4    0.01    0.07    0.36   18.50 v accumulator._1855_/X (sky130_fd_sc_hd__o311a_4)
                                         accumulator._0952_ (net)
                  0.07    0.00   18.50 v accumulator._1866_/A3 (sky130_fd_sc_hd__o31ai_4)
     3    0.01    0.19    0.20   18.69 ^ accumulator._1866_/Y (sky130_fd_sc_hd__o31ai_4)
                                         accumulator._0963_ (net)
                  0.19    0.00   18.69 ^ accumulator._1867_/B (sky130_fd_sc_hd__nand3b_1)
     1    0.00    0.06    0.10   18.79 v accumulator._1867_/Y (sky130_fd_sc_hd__nand3b_1)
                                         accumulator._0964_ (net)
                  0.06    0.00   18.79 v accumulator._1868_/C1 (sky130_fd_sc_hd__o211a_1)
     3    0.01    0.07    0.15   18.93 v accumulator._1868_/X (sky130_fd_sc_hd__o211a_1)
                                         accumulator._0965_ (net)
                  0.07    0.00   18.93 v accumulator._1871_/A3 (sky130_fd_sc_hd__o41a_4)
     7    0.02    0.09    0.48   19.42 v accumulator._1871_/X (sky130_fd_sc_hd__o41a_4)
                                         accumulator._0968_ (net)
                  0.09    0.00   19.42 v accumulator._1872_/A (sky130_fd_sc_hd__and2_4)
     5    0.01    0.04    0.17   19.59 v accumulator._1872_/X (sky130_fd_sc_hd__and2_4)
                                         accumulator._0969_ (net)
                  0.04    0.00   19.59 v accumulator._1895_/A (sky130_fd_sc_hd__buf_6)
    10    0.03    0.04    0.14   19.73 v accumulator._1895_/X (sky130_fd_sc_hd__buf_6)
                                         accumulator._0992_ (net)
                  0.04    0.00   19.73 v accumulator._1912_/A (sky130_fd_sc_hd__nor2_4)
     1    0.01    0.09    0.12   19.85 ^ accumulator._1912_/Y (sky130_fd_sc_hd__nor2_4)
                                         accumulator._1009_ (net)
                  0.09    0.00   19.85 ^ accumulator._1913_/A (sky130_fd_sc_hd__xor2_2)
     5    0.01    0.21    0.21   20.06 ^ accumulator._1913_/X (sky130_fd_sc_hd__xor2_2)
                                         accumulator._1010_ (net)
                  0.21    0.00   20.06 ^ accumulator._2072_/B1 (sky130_fd_sc_hd__o21ai_1)
     1    0.00    0.06    0.10   20.16 v accumulator._2072_/Y (sky130_fd_sc_hd__o21ai_1)
                                         accumulator._1169_ (net)
                  0.06    0.00   20.16 v accumulator._2073_/A1 (sky130_fd_sc_hd__a21oi_1)
     1    0.00    0.10    0.13   20.28 ^ accumulator._2073_/Y (sky130_fd_sc_hd__a21oi_1)
                                         accumulator._1170_ (net)
                  0.10    0.00   20.28 ^ accumulator._2074_/A2 (sky130_fd_sc_hd__o21ai_1)
     1    0.00    0.06    0.07   20.35 v accumulator._2074_/Y (sky130_fd_sc_hd__o21ai_1)
                                         accumulator._1171_ (net)
                  0.06    0.00   20.35 v accumulator._2075_/A2 (sky130_fd_sc_hd__a21o_1)
     1    0.00    0.03    0.18   20.53 v accumulator._2075_/X (sky130_fd_sc_hd__a21o_1)
                                         accumulator._1172_ (net)
                  0.03    0.00   20.53 v accumulator._2076_/A2 (sky130_fd_sc_hd__a21oi_1)
     1    0.00    0.10    0.13   20.66 ^ accumulator._2076_/Y (sky130_fd_sc_hd__a21oi_1)
                                         accumulator._1173_ (net)
                  0.10    0.00   20.66 ^ accumulator._2077_/A2 (sky130_fd_sc_hd__o21ai_1)
     1    0.00    0.06    0.07   20.73 v accumulator._2077_/Y (sky130_fd_sc_hd__o21ai_1)
                                         accumulator._1174_ (net)
                  0.06    0.00   20.73 v accumulator._2078_/A2 (sky130_fd_sc_hd__a21oi_1)
     1    0.00    0.10    0.14   20.87 ^ accumulator._2078_/Y (sky130_fd_sc_hd__a21oi_1)
                                         accumulator._1175_ (net)
                  0.10    0.00   20.87 ^ accumulator._2079_/A2 (sky130_fd_sc_hd__o21bai_1)
     1    0.00    0.05    0.07   20.94 v accumulator._2079_/Y (sky130_fd_sc_hd__o21bai_1)
                                         accumulator._1176_ (net)
                  0.05    0.00   20.94 v accumulator._2082_/A1 (sky130_fd_sc_hd__a21o_2)
     7    0.02    0.08    0.25   21.19 v accumulator._2082_/X (sky130_fd_sc_hd__a21o_2)
                                         accumulator._1180_ (net)
                  0.08    0.00   21.19 v clone13/A (sky130_fd_sc_hd__nand2_2)
     4    0.01    0.08    0.10   21.28 ^ clone13/Y (sky130_fd_sc_hd__nand2_2)
                                         net70 (net)
                  0.08    0.00   21.28 ^ accumulator._2117_/A (sky130_fd_sc_hd__buf_2)
    10    0.03    0.13    0.19   21.48 ^ accumulator._2117_/X (sky130_fd_sc_hd__buf_2)
                                         accumulator._0051_ (net)
                  0.13    0.00   21.48 ^ accumulator._2187_/S (sky130_fd_sc_hd__mux2_1)
     2    0.00    0.06    0.35   21.83 v accumulator._2187_/X (sky130_fd_sc_hd__mux2_1)
                                         accumulator._0122_ (net)
                  0.06    0.00   21.83 v accumulator._2190_/A0 (sky130_fd_sc_hd__mux2_1)
     1    0.00    0.05    0.29   22.12 v accumulator._2190_/X (sky130_fd_sc_hd__mux2_1)
                                         accumulator._0125_ (net)
                  0.05    0.00   22.12 v accumulator._2191_/A1 (sky130_fd_sc_hd__mux2_1)
     2    0.00    0.07    0.32   22.43 v accumulator._2191_/X (sky130_fd_sc_hd__mux2_1)
                                         accumulator._0127_ (net)
                  0.07    0.00   22.43 v accumulator._2196_/A2 (sky130_fd_sc_hd__a211o_1)
     1    0.00    0.05    0.30   22.73 v accumulator._2196_/X (sky130_fd_sc_hd__a211o_1)
                                         accumulator._0132_ (net)
                  0.05    0.00   22.73 v accumulator._2197_/A2 (sky130_fd_sc_hd__a21boi_1)
     1    0.00    0.09    0.12   22.86 ^ accumulator._2197_/Y (sky130_fd_sc_hd__a21boi_1)
                                         accumulator._0009_ (net)
                  0.09    0.00   22.86 ^ accumulator._2408_/D (sky130_fd_sc_hd__dfxtp_1)
                                 22.86   data arrival time

                         25.00   25.00   clock clock (rise edge)
                          0.00   25.00   clock source latency
     1    0.01    0.04    0.03   25.03 ^ clock (in)
                                         clock (net)
                  0.04    0.00   25.03 ^ clkbuf_0_clock/A (sky130_fd_sc_hd__clkbuf_16)
     4    0.03    0.05    0.13   25.15 ^ clkbuf_0_clock/X (sky130_fd_sc_hd__clkbuf_16)
                                         clknet_0_clock (net)
                  0.05    0.00   25.15 ^ clkbuf_2_1__f_clock/A (sky130_fd_sc_hd__clkbuf_16)
    10    0.02    0.04    0.12   25.28 ^ clkbuf_2_1__f_clock/X (sky130_fd_sc_hd__clkbuf_16)
                                         clknet_2_1__leaf_clock (net)
                  0.04    0.00   25.28 ^ accumulator._2408_/CLK (sky130_fd_sc_hd__dfxtp_1)
                         -0.25   25.03   clock uncertainty
                          0.00   25.03   clock reconvergence pessimism
                         -0.06   24.96   library setup time
                                 24.96   data required time
-----------------------------------------------------------------------------
                                 24.96   data required time
                                -22.86   data arrival time
-----------------------------------------------------------------------------
                                  2.10   slack (MET)


Startpoint: io_inScaleA[7] (input port clocked by clock)
Endpoint: accumulator._2419_ (rising edge-triggered flip-flop clocked by clock)
Path Group: clock
Path Type: max

Fanout     Cap    Slew   Delay    Time   Description
-----------------------------------------------------------------------------
                          0.00    0.00   clock clock (rise edge)
                          0.00    0.00   clock network delay (propagated)
                          5.00    5.00 v input external delay
     1    0.00    0.01    0.00    5.00 v io_inScaleA[7] (in)
                                         io_inScaleA[7] (net)
                  0.01    0.00    5.00 v input16/A (sky130_fd_sc_hd__buf_2)
     5    0.01    0.04    0.13    5.13 v input16/X (sky130_fd_sc_hd__buf_2)
                                         net16 (net)
                  0.04    0.00    5.13 v scaleAdd._421_/A1 (sky130_fd_sc_hd__o21a_4)
     4    0.02    0.05    0.24    5.37 v scaleAdd._421_/X (sky130_fd_sc_hd__o21a_4)
                                         scaleAdd._002_ (net)
                  0.05    0.00    5.37 v scaleAdd._428_/A (sky130_fd_sc_hd__xor2_1)
     2    0.01    0.07    0.18    5.55 v scaleAdd._428_/X (sky130_fd_sc_hd__xor2_1)
                                         scaleAdd._009_ (net)
                  0.07    0.00    5.55 v scaleAdd._429_/A (sky130_fd_sc_hd__xnor2_1)
     2    0.01    0.20    0.23    5.78 ^ scaleAdd._429_/Y (sky130_fd_sc_hd__xnor2_1)
                                         scaleAdd._010_ (net)
                  0.20    0.00    5.78 ^ scaleAdd._431_/B (sky130_fd_sc_hd__xnor2_1)
     2    0.01    0.25    0.20    5.99 ^ scaleAdd._431_/Y (sky130_fd_sc_hd__xnor2_1)
                                         scaleAdd._012_ (net)
                  0.25    0.00    5.99 ^ scaleAdd._432_/B (sky130_fd_sc_hd__xnor2_1)
     2    0.01    0.20    0.19    6.18 ^ scaleAdd._432_/Y (sky130_fd_sc_hd__xnor2_1)
                                         scaleAdd._013_ (net)
                  0.20    0.00    6.18 ^ scaleAdd._435_/A (sky130_fd_sc_hd__xor2_1)
     2    0.01    0.26    0.28    6.46 ^ scaleAdd._435_/X (sky130_fd_sc_hd__xor2_1)
                                         scaleAdd._016_ (net)
                  0.26    0.00    6.46 ^ scaleAdd._436_/A (sky130_fd_sc_hd__xnor2_2)
     2    0.01    0.19    0.18    6.64 ^ scaleAdd._436_/Y (sky130_fd_sc_hd__xnor2_2)
                                         scaleAdd._017_ (net)
                  0.19    0.00    6.64 ^ scaleAdd._438_/B (sky130_fd_sc_hd__xnor2_2)
     2    0.01    0.20    0.17    6.81 ^ scaleAdd._438_/Y (sky130_fd_sc_hd__xnor2_2)
                                         scaleAdd._019_ (net)
                  0.20    0.00    6.81 ^ scaleAdd._439_/A (sky130_fd_sc_hd__xor2_2)
     5    0.02    0.29    0.29    7.10 ^ scaleAdd._439_/X (sky130_fd_sc_hd__xor2_2)
                                         scaleAdd._020_ (net)
                  0.29    0.00    7.10 ^ scaleAdd._443_/B (sky130_fd_sc_hd__xnor2_2)
     1    0.01    0.07    0.12    7.22 v scaleAdd._443_/Y (sky130_fd_sc_hd__xnor2_2)
                                         scaleAdd._024_ (net)
                  0.07    0.00    7.22 v scaleAdd._444_/A (sky130_fd_sc_hd__xnor2_2)
     6    0.01    0.22    0.24    7.46 ^ scaleAdd._444_/Y (sky130_fd_sc_hd__xnor2_2)
                                         scaleAdd._025_ (net)
                  0.22    0.00    7.46 ^ scaleAdd._445_/B_N (sky130_fd_sc_hd__or2b_4)
     3    0.01    0.05    0.31    7.78 v scaleAdd._445_/X (sky130_fd_sc_hd__or2b_4)
                                         scaleAdd._026_ (net)
                  0.05    0.00    7.78 v scaleAdd._448_/B1 (sky130_fd_sc_hd__a22o_1)
     2    0.00    0.05    0.19    7.97 v scaleAdd._448_/X (sky130_fd_sc_hd__a22o_1)
                                         scaleAdd._029_ (net)
                  0.05    0.00    7.97 v scaleAdd._452_/A2 (sky130_fd_sc_hd__a21o_1)
     2    0.00    0.04    0.19    8.16 v scaleAdd._452_/X (sky130_fd_sc_hd__a21o_1)
                                         scaleAdd._033_ (net)
                  0.04    0.00    8.16 v scaleAdd._454_/B2 (sky130_fd_sc_hd__a22o_1)
     3    0.01    0.06    0.22    8.38 v scaleAdd._454_/X (sky130_fd_sc_hd__a22o_1)
                                         scaleAdd._035_ (net)
                  0.06    0.00    8.38 v scaleAdd._456_/B (sky130_fd_sc_hd__and3_1)
     2    0.00    0.05    0.18    8.56 v scaleAdd._456_/X (sky130_fd_sc_hd__and3_1)
                                         scaleAdd._037_ (net)
                  0.05    0.00    8.56 v scaleAdd._458_/B (sky130_fd_sc_hd__or3_4)
     3    0.01    0.07    0.38    8.95 v scaleAdd._458_/X (sky130_fd_sc_hd__or3_4)
                                         scaleAdd._039_ (net)
                  0.07    0.00    8.95 v scaleAdd._492_/A1 (sky130_fd_sc_hd__a21o_1)
     3    0.01    0.07    0.21    9.15 v scaleAdd._492_/X (sky130_fd_sc_hd__a21o_1)
                                         scaleAdd._072_ (net)
                  0.07    0.00    9.15 v scaleAdd._539_/A1 (sky130_fd_sc_hd__a21oi_4)
     4    0.01    0.13    0.16    9.31 ^ scaleAdd._539_/Y (sky130_fd_sc_hd__a21oi_4)
                                         scaleAdd._118_ (net)
                  0.13    0.00    9.31 ^ scaleAdd._603_/A3 (sky130_fd_sc_hd__o311ai_2)
     3    0.01    0.10    0.11    9.42 v scaleAdd._603_/Y (sky130_fd_sc_hd__o311ai_2)
                                         scaleAdd._180_ (net)
                  0.10    0.00    9.42 v scaleAdd._652_/A1 (sky130_fd_sc_hd__a311o_1)
     3    0.01    0.07    0.31    9.72 v scaleAdd._652_/X (sky130_fd_sc_hd__a311o_1)
                                         scaleAdd._227_ (net)
                  0.07    0.00    9.72 v scaleAdd._688_/A1 (sky130_fd_sc_hd__a311o_1)
     3    0.01    0.10    0.33   10.06 v scaleAdd._688_/X (sky130_fd_sc_hd__a311o_1)
                                         scaleAdd._261_ (net)
                  0.10    0.00   10.06 v scaleAdd._708_/A1 (sky130_fd_sc_hd__a31oi_4)
     2    0.01    0.14    0.16   10.22 ^ scaleAdd._708_/Y (sky130_fd_sc_hd__a31oi_4)
                                         scaleAdd._279_ (net)
                  0.14    0.00   10.22 ^ rebuffer17/A (sky130_fd_sc_hd__buf_6)
     1    0.00    0.03    0.12   10.34 ^ rebuffer17/X (sky130_fd_sc_hd__buf_6)
                                         net74 (net)
                  0.03    0.00   10.34 ^ rebuffer10/A (sky130_fd_sc_hd__buf_6)
     1    0.02    0.05    0.10   10.44 ^ rebuffer10/X (sky130_fd_sc_hd__buf_6)
                                         net67 (net)
                  0.05    0.00   10.44 ^ scaleAdd._709_/A (sky130_fd_sc_hd__xnor2_4)
     4    0.01    0.06    0.08   10.52 v scaleAdd._709_/Y (sky130_fd_sc_hd__xnor2_4)
                                         accumulator.io_inMant[16] (net)
                  0.06    0.00   10.52 v accumulator._1204_/B (sky130_fd_sc_hd__or4_4)
     4    0.01    0.09    0.55   11.07 v accumulator._1204_/X (sky130_fd_sc_hd__or4_4)
                                         accumulator._0065_ (net)
                  0.09    0.00   11.07 v accumulator._1206_/B (sky130_fd_sc_hd__or2_4)
     3    0.01    0.05    0.26   11.32 v accumulator._1206_/X (sky130_fd_sc_hd__or2_4)
                                         accumulator._0085_ (net)
                  0.05    0.00   11.32 v accumulator._1207_/B (sky130_fd_sc_hd__or2_4)
     4    0.01    0.05    0.24   11.57 v accumulator._1207_/X (sky130_fd_sc_hd__or2_4)
                                         accumulator._0095_ (net)
                  0.05    0.00   11.57 v accumulator._1240_/B (sky130_fd_sc_hd__and2_1)
     2    0.00    0.04    0.17   11.73 v accumulator._1240_/X (sky130_fd_sc_hd__and2_1)
                                         accumulator._0339_ (net)
                  0.04    0.00   11.73 v accumulator._1241_/C1 (sky130_fd_sc_hd__a311o_1)
     3    0.01    0.07    0.30   12.03 v accumulator._1241_/X (sky130_fd_sc_hd__a311o_1)
                                         accumulator._0340_ (net)
                  0.07    0.00   12.03 v accumulator._1255_/A1 (sky130_fd_sc_hd__a21o_1)
     2    0.00    0.04    0.18   12.21 v accumulator._1255_/X (sky130_fd_sc_hd__a21o_1)
                                         accumulator._0354_ (net)
                  0.04    0.00   12.21 v accumulator._1257_/A2 (sky130_fd_sc_hd__a211o_1)
     3    0.01    0.06    0.31   12.53 v accumulator._1257_/X (sky130_fd_sc_hd__a211o_1)
                                         accumulator._0356_ (net)
                  0.06    0.00   12.53 v accumulator._1263_/B (sky130_fd_sc_hd__and2_4)
     5    0.01    0.04    0.18   12.70 v accumulator._1263_/X (sky130_fd_sc_hd__and2_4)
                                         accumulator._0362_ (net)
                  0.04    0.00   12.70 v accumulator._1274_/C (sky130_fd_sc_hd__or4_4)
     4    0.01    0.10    0.52   13.22 v accumulator._1274_/X (sky130_fd_sc_hd__or4_4)
                                         accumulator._0373_ (net)
                  0.10    0.00   13.22 v accumulator._1276_/A1 (sky130_fd_sc_hd__a21o_1)
     2    0.01    0.05    0.19   13.41 v accumulator._1276_/X (sky130_fd_sc_hd__a21o_1)
                                         accumulator._0375_ (net)
                  0.05    0.00   13.41 v accumulator._1278_/A1 (sky130_fd_sc_hd__a21o_4)
     2    0.02    0.05    0.23   13.64 v accumulator._1278_/X (sky130_fd_sc_hd__a21o_4)
                                         accumulator._0377_ (net)
                  0.05    0.00   13.64 v accumulator._1284_/A2 (sky130_fd_sc_hd__a21o_1)
     2    0.01    0.05    0.20   13.84 v accumulator._1284_/X (sky130_fd_sc_hd__a21o_1)
                                         accumulator._0383_ (net)
                  0.05    0.00   13.84 v accumulator._1285_/A2 (sky130_fd_sc_hd__a21o_4)
     2    0.02    0.05    0.25   14.09 v accumulator._1285_/X (sky130_fd_sc_hd__a21o_4)
                                         accumulator._0384_ (net)
                  0.05    0.00   14.09 v accumulator._1290_/A2 (sky130_fd_sc_hd__a21o_1)
     2    0.02    0.09    0.25   14.34 v accumulator._1290_/X (sky130_fd_sc_hd__a21o_1)
                                         accumulator._0389_ (net)
                  0.09    0.00   14.34 v accumulator._1293_/A2 (sky130_fd_sc_hd__a21boi_4)
     3    0.02    0.19    0.24   14.58 ^ accumulator._1293_/Y (sky130_fd_sc_hd__a21boi_4)
                                         accumulator._0392_ (net)
                  0.19    0.00   14.58 ^ accumulator._1302_/A (sky130_fd_sc_hd__xor2_2)
     4    0.01    0.18    0.21   14.79 ^ accumulator._1302_/X (sky130_fd_sc_hd__xor2_2)
                                         accumulator._0401_ (net)
                  0.18    0.00   14.79 ^ accumulator._1303_/A (sky130_fd_sc_hd__buf_6)
     6    0.02    0.05    0.15   14.94 ^ accumulator._1303_/X (sky130_fd_sc_hd__buf_6)
                                         accumulator._0402_ (net)
                  0.05    0.00   14.94 ^ accumulator._1335_/S (sky130_fd_sc_hd__mux2_4)
     5    0.01    0.06    0.33   15.27 v accumulator._1335_/X (sky130_fd_sc_hd__mux2_4)
                                         accumulator._0432_ (net)
                  0.06    0.00   15.27 v accumulator._1336_/A (sky130_fd_sc_hd__buf_2)
    10    0.02    0.07    0.18   15.45 v accumulator._1336_/X (sky130_fd_sc_hd__buf_2)
                                         accumulator._0433_ (net)
                  0.07    0.00   15.45 v accumulator._1373_/A1 (sky130_fd_sc_hd__a21o_1)
     2    0.00    0.04    0.17   15.62 v accumulator._1373_/X (sky130_fd_sc_hd__a21o_1)
                                         accumulator._0470_ (net)
                  0.04    0.00   15.62 v accumulator._1380_/A2 (sky130_fd_sc_hd__a21o_1)
     2    0.00    0.04    0.18   15.80 v accumulator._1380_/X (sky130_fd_sc_hd__a21o_1)
                                         accumulator._0477_ (net)
                  0.04    0.00   15.80 v accumulator._1403_/A (sky130_fd_sc_hd__and2_1)
     2    0.00    0.04    0.14   15.95 v accumulator._1403_/X (sky130_fd_sc_hd__and2_1)
                                         accumulator._0500_ (net)
                  0.04    0.00   15.95 v accumulator._1427_/A2 (sky130_fd_sc_hd__a211o_1)
     1    0.00    0.05    0.29   16.24 v accumulator._1427_/X (sky130_fd_sc_hd__a211o_1)
                                         accumulator._0524_ (net)
                  0.05    0.00   16.24 v accumulator._1505_/A2 (sky130_fd_sc_hd__a32o_2)
     4    0.01    0.07    0.31   16.55 v accumulator._1505_/X (sky130_fd_sc_hd__a32o_2)
                                         accumulator._0602_ (net)
                  0.07    0.00   16.55 v accumulator._1507_/A (sky130_fd_sc_hd__xnor2_2)
     3    0.01    0.23    0.25   16.80 ^ accumulator._1507_/Y (sky130_fd_sc_hd__xnor2_2)
                                         accumulator._0604_ (net)
                  0.23    0.00   16.80 ^ accumulator._1837_/A1 (sky130_fd_sc_hd__a311o_1)
     2    0.00    0.07    0.22   17.01 ^ accumulator._1837_/X (sky130_fd_sc_hd__a311o_1)
                                         accumulator._0934_ (net)
                  0.07    0.00   17.01 ^ accumulator._1839_/A3 (sky130_fd_sc_hd__a311o_1)
     3    0.01    0.10    0.21   17.22 ^ accumulator._1839_/X (sky130_fd_sc_hd__a311o_1)
                                         accumulator._0936_ (net)
                  0.10    0.00   17.22 ^ accumulator._1842_/A1 (sky130_fd_sc_hd__a311o_1)
     2    0.01    0.10    0.20   17.42 ^ accumulator._1842_/X (sky130_fd_sc_hd__a311o_1)
                                         accumulator._0939_ (net)
                  0.10    0.00   17.42 ^ accumulator._1844_/A1 (sky130_fd_sc_hd__a31oi_2)
     3    0.01    0.08    0.10   17.53 v accumulator._1844_/Y (sky130_fd_sc_hd__a31oi_2)
                                         accumulator._0941_ (net)
                  0.08    0.00   17.53 v accumulator._1846_/A1 (sky130_fd_sc_hd__a211o_1)
     3    0.01    0.06    0.30   17.82 v accumulator._1846_/X (sky130_fd_sc_hd__a211o_1)
                                         accumulator._0943_ (net)
                  0.06    0.00   17.82 v accumulator._1847_/A1 (sky130_fd_sc_hd__a311o_1)
     3    0.01    0.08    0.32   18.14 v accumulator._1847_/X (sky130_fd_sc_hd__a311o_1)
                                         accumulator._0944_ (net)
                  0.08    0.00   18.14 v accumulator._1855_/A3 (sky130_fd_sc_hd__o311a_4)
     4    0.01    0.07    0.36   18.50 v accumulator._1855_/X (sky130_fd_sc_hd__o311a_4)
                                         accumulator._0952_ (net)
                  0.07    0.00   18.50 v accumulator._1866_/A3 (sky130_fd_sc_hd__o31ai_4)
     3    0.01    0.19    0.20   18.69 ^ accumulator._1866_/Y (sky130_fd_sc_hd__o31ai_4)
                                         accumulator._0963_ (net)
                  0.19    0.00   18.69 ^ accumulator._1867_/B (sky130_fd_sc_hd__nand3b_1)
     1    0.00    0.06    0.10   18.79 v accumulator._1867_/Y (sky130_fd_sc_hd__nand3b_1)
                                         accumulator._0964_ (net)
                  0.06    0.00   18.79 v accumulator._1868_/C1 (sky130_fd_sc_hd__o211a_1)
     3    0.01    0.07    0.15   18.93 v accumulator._1868_/X (sky130_fd_sc_hd__o211a_1)
                                         accumulator._0965_ (net)
                  0.07    0.00   18.93 v accumulator._1871_/A3 (sky130_fd_sc_hd__o41a_4)
     7    0.02    0.09    0.48   19.42 v accumulator._1871_/X (sky130_fd_sc_hd__o41a_4)
                                         accumulator._0968_ (net)
                  0.09    0.00   19.42 v accumulator._1872_/A (sky130_fd_sc_hd__and2_4)
     5    0.01    0.04    0.17   19.59 v accumulator._1872_/X (sky130_fd_sc_hd__and2_4)
                                         accumulator._0969_ (net)
                  0.04    0.00   19.59 v accumulator._1895_/A (sky130_fd_sc_hd__buf_6)
    10    0.03    0.04    0.14   19.73 v accumulator._1895_/X (sky130_fd_sc_hd__buf_6)
                                         accumulator._0992_ (net)
                  0.04    0.00   19.73 v accumulator._1912_/A (sky130_fd_sc_hd__nor2_4)
     1    0.01    0.09    0.12   19.85 ^ accumulator._1912_/Y (sky130_fd_sc_hd__nor2_4)
                                         accumulator._1009_ (net)
                  0.09    0.00   19.85 ^ accumulator._1913_/A (sky130_fd_sc_hd__xor2_2)
     5    0.01    0.21    0.21   20.06 ^ accumulator._1913_/X (sky130_fd_sc_hd__xor2_2)
                                         accumulator._1010_ (net)
                  0.21    0.00   20.06 ^ accumulator._2072_/B1 (sky130_fd_sc_hd__o21ai_1)
     1    0.00    0.06    0.10   20.16 v accumulator._2072_/Y (sky130_fd_sc_hd__o21ai_1)
                                         accumulator._1169_ (net)
                  0.06    0.00   20.16 v accumulator._2073_/A1 (sky130_fd_sc_hd__a21oi_1)
     1    0.00    0.10    0.13   20.28 ^ accumulator._2073_/Y (sky130_fd_sc_hd__a21oi_1)
                                         accumulator._1170_ (net)
                  0.10    0.00   20.28 ^ accumulator._2074_/A2 (sky130_fd_sc_hd__o21ai_1)
     1    0.00    0.06    0.07   20.35 v accumulator._2074_/Y (sky130_fd_sc_hd__o21ai_1)
                                         accumulator._1171_ (net)
                  0.06    0.00   20.35 v accumulator._2075_/A2 (sky130_fd_sc_hd__a21o_1)
     1    0.00    0.03    0.18   20.53 v accumulator._2075_/X (sky130_fd_sc_hd__a21o_1)
                                         accumulator._1172_ (net)
                  0.03    0.00   20.53 v accumulator._2076_/A2 (sky130_fd_sc_hd__a21oi_1)
     1    0.00    0.10    0.13   20.66 ^ accumulator._2076_/Y (sky130_fd_sc_hd__a21oi_1)
                                         accumulator._1173_ (net)
                  0.10    0.00   20.66 ^ accumulator._2077_/A2 (sky130_fd_sc_hd__o21ai_1)
     1    0.00    0.06    0.07   20.73 v accumulator._2077_/Y (sky130_fd_sc_hd__o21ai_1)
                                         accumulator._1174_ (net)
                  0.06    0.00   20.73 v accumulator._2078_/A2 (sky130_fd_sc_hd__a21oi_1)
     1    0.00    0.10    0.14   20.87 ^ accumulator._2078_/Y (sky130_fd_sc_hd__a21oi_1)
                                         accumulator._1175_ (net)
                  0.10    0.00   20.87 ^ accumulator._2079_/A2 (sky130_fd_sc_hd__o21bai_1)
     1    0.00    0.05    0.07   20.94 v accumulator._2079_/Y (sky130_fd_sc_hd__o21bai_1)
                                         accumulator._1176_ (net)
                  0.05    0.00   20.94 v accumulator._2082_/A1 (sky130_fd_sc_hd__a21o_2)
     7    0.02    0.08    0.25   21.19 v accumulator._2082_/X (sky130_fd_sc_hd__a21o_2)
                                         accumulator._1180_ (net)
                  0.08    0.00   21.19 v accumulator._2083_/A (sky130_fd_sc_hd__nand2_4)
     5    0.03    0.10    0.11   21.30 ^ accumulator._2083_/Y (sky130_fd_sc_hd__nand2_4)
                                         accumulator._1181_ (net)
                  0.10    0.00   21.30 ^ clone12/A (sky130_fd_sc_hd__clkbuf_16)
     5    0.02    0.04    0.15   21.45 ^ clone12/X (sky130_fd_sc_hd__clkbuf_16)
                                         net69 (net)
                  0.04    0.00   21.45 ^ accumulator._2199_/S (sky130_fd_sc_hd__mux2_2)
     3    0.01    0.06    0.35   21.80 v accumulator._2199_/X (sky130_fd_sc_hd__mux2_2)
                                         accumulator._0134_ (net)
                  0.06    0.00   21.80 v accumulator._2217_/A0 (sky130_fd_sc_hd__mux2_1)
     2    0.00    0.06    0.31   22.10 v accumulator._2217_/X (sky130_fd_sc_hd__mux2_1)
                                         accumulator._0152_ (net)
                  0.06    0.00   22.10 v accumulator._2218_/A1 (sky130_fd_sc_hd__mux2_1)
     2    0.00    0.07    0.32   22.42 v accumulator._2218_/X (sky130_fd_sc_hd__mux2_1)
                                         accumulator._0153_ (net)
                  0.07    0.00   22.42 v accumulator._2291_/A2 (sky130_fd_sc_hd__o211a_1)
     1    0.00    0.04    0.21   22.63 v accumulator._2291_/X (sky130_fd_sc_hd__o211a_1)
                                         accumulator._0226_ (net)
                  0.04    0.00   22.63 v accumulator._2293_/A1 (sky130_fd_sc_hd__o21a_1)
     1    0.00    0.03    0.18   22.81 v accumulator._2293_/X (sky130_fd_sc_hd__o21a_1)
                                         accumulator._0020_ (net)
                  0.03    0.00   22.81 v accumulator._2419_/D (sky130_fd_sc_hd__dfxtp_1)
                                 22.81   data arrival time

                         25.00   25.00   clock clock (rise edge)
                          0.00   25.00   clock source latency
     1    0.01    0.04    0.03   25.03 ^ clock (in)
                                         clock (net)
                  0.04    0.00   25.03 ^ clkbuf_0_clock/A (sky130_fd_sc_hd__clkbuf_16)
     4    0.03    0.05    0.13   25.15 ^ clkbuf_0_clock/X (sky130_fd_sc_hd__clkbuf_16)
                                         clknet_0_clock (net)
                  0.05    0.00   25.15 ^ clkbuf_2_2__f_clock/A (sky130_fd_sc_hd__clkbuf_16)
    10    0.02    0.04    0.12   25.28 ^ clkbuf_2_2__f_clock/X (sky130_fd_sc_hd__clkbuf_16)
                                         clknet_2_2__leaf_clock (net)
                  0.04    0.00   25.28 ^ accumulator._2419_/CLK (sky130_fd_sc_hd__dfxtp_1)
                         -0.25   25.03   clock uncertainty
                          0.00   25.03   clock reconvergence pessimism
                         -0.10   24.92   library setup time
                                 24.92   data required time
-----------------------------------------------------------------------------
                                 24.92   data required time
                                -22.81   data arrival time
-----------------------------------------------------------------------------
                                  2.11   slack (MET)


Startpoint: io_inScaleA[7] (input port clocked by clock)
Endpoint: accumulator._2431_ (rising edge-triggered flip-flop clocked by clock)
Path Group: clock
Path Type: max

Fanout     Cap    Slew   Delay    Time   Description
-----------------------------------------------------------------------------
                          0.00    0.00   clock clock (rise edge)
                          0.00    0.00   clock network delay (propagated)
                          5.00    5.00 v input external delay
     1    0.00    0.01    0.00    5.00 v io_inScaleA[7] (in)
                                         io_inScaleA[7] (net)
                  0.01    0.00    5.00 v input16/A (sky130_fd_sc_hd__buf_2)
     5    0.01    0.04    0.13    5.13 v input16/X (sky130_fd_sc_hd__buf_2)
                                         net16 (net)
                  0.04    0.00    5.13 v scaleAdd._421_/A1 (sky130_fd_sc_hd__o21a_4)
     4    0.02    0.05    0.24    5.37 v scaleAdd._421_/X (sky130_fd_sc_hd__o21a_4)
                                         scaleAdd._002_ (net)
                  0.05    0.00    5.37 v scaleAdd._428_/A (sky130_fd_sc_hd__xor2_1)
     2    0.01    0.07    0.18    5.55 v scaleAdd._428_/X (sky130_fd_sc_hd__xor2_1)
                                         scaleAdd._009_ (net)
                  0.07    0.00    5.55 v scaleAdd._429_/A (sky130_fd_sc_hd__xnor2_1)
     2    0.01    0.20    0.23    5.78 ^ scaleAdd._429_/Y (sky130_fd_sc_hd__xnor2_1)
                                         scaleAdd._010_ (net)
                  0.20    0.00    5.78 ^ scaleAdd._431_/B (sky130_fd_sc_hd__xnor2_1)
     2    0.01    0.25    0.20    5.99 ^ scaleAdd._431_/Y (sky130_fd_sc_hd__xnor2_1)
                                         scaleAdd._012_ (net)
                  0.25    0.00    5.99 ^ scaleAdd._432_/B (sky130_fd_sc_hd__xnor2_1)
     2    0.01    0.20    0.19    6.18 ^ scaleAdd._432_/Y (sky130_fd_sc_hd__xnor2_1)
                                         scaleAdd._013_ (net)
                  0.20    0.00    6.18 ^ scaleAdd._435_/A (sky130_fd_sc_hd__xor2_1)
     2    0.01    0.26    0.28    6.46 ^ scaleAdd._435_/X (sky130_fd_sc_hd__xor2_1)
                                         scaleAdd._016_ (net)
                  0.26    0.00    6.46 ^ scaleAdd._436_/A (sky130_fd_sc_hd__xnor2_2)
     2    0.01    0.19    0.18    6.64 ^ scaleAdd._436_/Y (sky130_fd_sc_hd__xnor2_2)
                                         scaleAdd._017_ (net)
                  0.19    0.00    6.64 ^ scaleAdd._438_/B (sky130_fd_sc_hd__xnor2_2)
     2    0.01    0.20    0.17    6.81 ^ scaleAdd._438_/Y (sky130_fd_sc_hd__xnor2_2)
                                         scaleAdd._019_ (net)
                  0.20    0.00    6.81 ^ scaleAdd._439_/A (sky130_fd_sc_hd__xor2_2)
     5    0.02    0.29    0.29    7.10 ^ scaleAdd._439_/X (sky130_fd_sc_hd__xor2_2)
                                         scaleAdd._020_ (net)
                  0.29    0.00    7.10 ^ scaleAdd._443_/B (sky130_fd_sc_hd__xnor2_2)
     1    0.01    0.07    0.12    7.22 v scaleAdd._443_/Y (sky130_fd_sc_hd__xnor2_2)
                                         scaleAdd._024_ (net)
                  0.07    0.00    7.22 v scaleAdd._444_/A (sky130_fd_sc_hd__xnor2_2)
     6    0.01    0.22    0.24    7.46 ^ scaleAdd._444_/Y (sky130_fd_sc_hd__xnor2_2)
                                         scaleAdd._025_ (net)
                  0.22    0.00    7.46 ^ scaleAdd._445_/B_N (sky130_fd_sc_hd__or2b_4)
     3    0.01    0.05    0.31    7.78 v scaleAdd._445_/X (sky130_fd_sc_hd__or2b_4)
                                         scaleAdd._026_ (net)
                  0.05    0.00    7.78 v scaleAdd._448_/B1 (sky130_fd_sc_hd__a22o_1)
     2    0.00    0.05    0.19    7.97 v scaleAdd._448_/X (sky130_fd_sc_hd__a22o_1)
                                         scaleAdd._029_ (net)
                  0.05    0.00    7.97 v scaleAdd._452_/A2 (sky130_fd_sc_hd__a21o_1)
     2    0.00    0.04    0.19    8.16 v scaleAdd._452_/X (sky130_fd_sc_hd__a21o_1)
                                         scaleAdd._033_ (net)
                  0.04    0.00    8.16 v scaleAdd._454_/B2 (sky130_fd_sc_hd__a22o_1)
     3    0.01    0.06    0.22    8.38 v scaleAdd._454_/X (sky130_fd_sc_hd__a22o_1)
                                         scaleAdd._035_ (net)
                  0.06    0.00    8.38 v scaleAdd._456_/B (sky130_fd_sc_hd__and3_1)
     2    0.00    0.05    0.18    8.56 v scaleAdd._456_/X (sky130_fd_sc_hd__and3_1)
                                         scaleAdd._037_ (net)
                  0.05    0.00    8.56 v scaleAdd._458_/B (sky130_fd_sc_hd__or3_4)
     3    0.01    0.07    0.38    8.95 v scaleAdd._458_/X (sky130_fd_sc_hd__or3_4)
                                         scaleAdd._039_ (net)
                  0.07    0.00    8.95 v scaleAdd._492_/A1 (sky130_fd_sc_hd__a21o_1)
     3    0.01    0.07    0.21    9.15 v scaleAdd._492_/X (sky130_fd_sc_hd__a21o_1)
                                         scaleAdd._072_ (net)
                  0.07    0.00    9.15 v scaleAdd._539_/A1 (sky130_fd_sc_hd__a21oi_4)
     4    0.01    0.13    0.16    9.31 ^ scaleAdd._539_/Y (sky130_fd_sc_hd__a21oi_4)
                                         scaleAdd._118_ (net)
                  0.13    0.00    9.31 ^ scaleAdd._603_/A3 (sky130_fd_sc_hd__o311ai_2)
     3    0.01    0.10    0.11    9.42 v scaleAdd._603_/Y (sky130_fd_sc_hd__o311ai_2)
                                         scaleAdd._180_ (net)
                  0.10    0.00    9.42 v scaleAdd._652_/A1 (sky130_fd_sc_hd__a311o_1)
     3    0.01    0.07    0.31    9.72 v scaleAdd._652_/X (sky130_fd_sc_hd__a311o_1)
                                         scaleAdd._227_ (net)
                  0.07    0.00    9.72 v scaleAdd._688_/A1 (sky130_fd_sc_hd__a311o_1)
     3    0.01    0.10    0.33   10.06 v scaleAdd._688_/X (sky130_fd_sc_hd__a311o_1)
                                         scaleAdd._261_ (net)
                  0.10    0.00   10.06 v scaleAdd._708_/A1 (sky130_fd_sc_hd__a31oi_4)
     2    0.01    0.14    0.16   10.22 ^ scaleAdd._708_/Y (sky130_fd_sc_hd__a31oi_4)
                                         scaleAdd._279_ (net)
                  0.14    0.00   10.22 ^ rebuffer17/A (sky130_fd_sc_hd__buf_6)
     1    0.00    0.03    0.12   10.34 ^ rebuffer17/X (sky130_fd_sc_hd__buf_6)
                                         net74 (net)
                  0.03    0.00   10.34 ^ rebuffer10/A (sky130_fd_sc_hd__buf_6)
     1    0.02    0.05    0.10   10.44 ^ rebuffer10/X (sky130_fd_sc_hd__buf_6)
                                         net67 (net)
                  0.05    0.00   10.44 ^ scaleAdd._709_/A (sky130_fd_sc_hd__xnor2_4)
     4    0.01    0.06    0.08   10.52 v scaleAdd._709_/Y (sky130_fd_sc_hd__xnor2_4)
                                         accumulator.io_inMant[16] (net)
                  0.06    0.00   10.52 v accumulator._1204_/B (sky130_fd_sc_hd__or4_4)
     4    0.01    0.09    0.55   11.07 v accumulator._1204_/X (sky130_fd_sc_hd__or4_4)
                                         accumulator._0065_ (net)
                  0.09    0.00   11.07 v accumulator._1206_/B (sky130_fd_sc_hd__or2_4)
     3    0.01    0.05    0.26   11.32 v accumulator._1206_/X (sky130_fd_sc_hd__or2_4)
                                         accumulator._0085_ (net)
                  0.05    0.00   11.32 v accumulator._1207_/B (sky130_fd_sc_hd__or2_4)
     4    0.01    0.05    0.24   11.57 v accumulator._1207_/X (sky130_fd_sc_hd__or2_4)
                                         accumulator._0095_ (net)
                  0.05    0.00   11.57 v accumulator._1240_/B (sky130_fd_sc_hd__and2_1)
     2    0.00    0.04    0.17   11.73 v accumulator._1240_/X (sky130_fd_sc_hd__and2_1)
                                         accumulator._0339_ (net)
                  0.04    0.00   11.73 v accumulator._1241_/C1 (sky130_fd_sc_hd__a311o_1)
     3    0.01    0.07    0.30   12.03 v accumulator._1241_/X (sky130_fd_sc_hd__a311o_1)
                                         accumulator._0340_ (net)
                  0.07    0.00   12.03 v accumulator._1255_/A1 (sky130_fd_sc_hd__a21o_1)
     2    0.00    0.04    0.18   12.21 v accumulator._1255_/X (sky130_fd_sc_hd__a21o_1)
                                         accumulator._0354_ (net)
                  0.04    0.00   12.21 v accumulator._1257_/A2 (sky130_fd_sc_hd__a211o_1)
     3    0.01    0.06    0.31   12.53 v accumulator._1257_/X (sky130_fd_sc_hd__a211o_1)
                                         accumulator._0356_ (net)
                  0.06    0.00   12.53 v accumulator._1263_/B (sky130_fd_sc_hd__and2_4)
     5    0.01    0.04    0.18   12.70 v accumulator._1263_/X (sky130_fd_sc_hd__and2_4)
                                         accumulator._0362_ (net)
                  0.04    0.00   12.70 v accumulator._1274_/C (sky130_fd_sc_hd__or4_4)
     4    0.01    0.10    0.52   13.22 v accumulator._1274_/X (sky130_fd_sc_hd__or4_4)
                                         accumulator._0373_ (net)
                  0.10    0.00   13.22 v accumulator._1276_/A1 (sky130_fd_sc_hd__a21o_1)
     2    0.01    0.05    0.19   13.41 v accumulator._1276_/X (sky130_fd_sc_hd__a21o_1)
                                         accumulator._0375_ (net)
                  0.05    0.00   13.41 v accumulator._1278_/A1 (sky130_fd_sc_hd__a21o_4)
     2    0.02    0.05    0.23   13.64 v accumulator._1278_/X (sky130_fd_sc_hd__a21o_4)
                                         accumulator._0377_ (net)
                  0.05    0.00   13.64 v accumulator._1284_/A2 (sky130_fd_sc_hd__a21o_1)
     2    0.01    0.05    0.20   13.84 v accumulator._1284_/X (sky130_fd_sc_hd__a21o_1)
                                         accumulator._0383_ (net)
                  0.05    0.00   13.84 v accumulator._1285_/A2 (sky130_fd_sc_hd__a21o_4)
     2    0.02    0.05    0.25   14.09 v accumulator._1285_/X (sky130_fd_sc_hd__a21o_4)
                                         accumulator._0384_ (net)
                  0.05    0.00   14.09 v accumulator._1290_/A2 (sky130_fd_sc_hd__a21o_1)
     2    0.02    0.09    0.25   14.34 v accumulator._1290_/X (sky130_fd_sc_hd__a21o_1)
                                         accumulator._0389_ (net)
                  0.09    0.00   14.34 v accumulator._1293_/A2 (sky130_fd_sc_hd__a21boi_4)
     3    0.02    0.19    0.24   14.58 ^ accumulator._1293_/Y (sky130_fd_sc_hd__a21boi_4)
                                         accumulator._0392_ (net)
                  0.19    0.00   14.58 ^ accumulator._1302_/A (sky130_fd_sc_hd__xor2_2)
     4    0.01    0.18    0.21   14.79 ^ accumulator._1302_/X (sky130_fd_sc_hd__xor2_2)
                                         accumulator._0401_ (net)
                  0.18    0.00   14.79 ^ accumulator._1303_/A (sky130_fd_sc_hd__buf_6)
     6    0.02    0.05    0.15   14.94 ^ accumulator._1303_/X (sky130_fd_sc_hd__buf_6)
                                         accumulator._0402_ (net)
                  0.05    0.00   14.94 ^ accumulator._1335_/S (sky130_fd_sc_hd__mux2_4)
     5    0.01    0.06    0.33   15.27 v accumulator._1335_/X (sky130_fd_sc_hd__mux2_4)
                                         accumulator._0432_ (net)
                  0.06    0.00   15.27 v accumulator._1336_/A (sky130_fd_sc_hd__buf_2)
    10    0.02    0.07    0.18   15.45 v accumulator._1336_/X (sky130_fd_sc_hd__buf_2)
                                         accumulator._0433_ (net)
                  0.07    0.00   15.45 v accumulator._1373_/A1 (sky130_fd_sc_hd__a21o_1)
     2    0.00    0.04    0.17   15.62 v accumulator._1373_/X (sky130_fd_sc_hd__a21o_1)
                                         accumulator._0470_ (net)
                  0.04    0.00   15.62 v accumulator._1380_/A2 (sky130_fd_sc_hd__a21o_1)
     2    0.00    0.04    0.18   15.80 v accumulator._1380_/X (sky130_fd_sc_hd__a21o_1)
                                         accumulator._0477_ (net)
                  0.04    0.00   15.80 v accumulator._1403_/A (sky130_fd_sc_hd__and2_1)
     2    0.00    0.04    0.14   15.95 v accumulator._1403_/X (sky130_fd_sc_hd__and2_1)
                                         accumulator._0500_ (net)
                  0.04    0.00   15.95 v accumulator._1427_/A2 (sky130_fd_sc_hd__a211o_1)
     1    0.00    0.05    0.29   16.24 v accumulator._1427_/X (sky130_fd_sc_hd__a211o_1)
                                         accumulator._0524_ (net)
                  0.05    0.00   16.24 v accumulator._1505_/A2 (sky130_fd_sc_hd__a32o_2)
     4    0.01    0.07    0.31   16.55 v accumulator._1505_/X (sky130_fd_sc_hd__a32o_2)
                                         accumulator._0602_ (net)
                  0.07    0.00   16.55 v accumulator._1507_/A (sky130_fd_sc_hd__xnor2_2)
     3    0.01    0.23    0.25   16.80 ^ accumulator._1507_/Y (sky130_fd_sc_hd__xnor2_2)
                                         accumulator._0604_ (net)
                  0.23    0.00   16.80 ^ accumulator._1837_/A1 (sky130_fd_sc_hd__a311o_1)
     2    0.00    0.07    0.22   17.01 ^ accumulator._1837_/X (sky130_fd_sc_hd__a311o_1)
                                         accumulator._0934_ (net)
                  0.07    0.00   17.01 ^ accumulator._1839_/A3 (sky130_fd_sc_hd__a311o_1)
     3    0.01    0.10    0.21   17.22 ^ accumulator._1839_/X (sky130_fd_sc_hd__a311o_1)
                                         accumulator._0936_ (net)
                  0.10    0.00   17.22 ^ accumulator._1842_/A1 (sky130_fd_sc_hd__a311o_1)
     2    0.01    0.10    0.20   17.42 ^ accumulator._1842_/X (sky130_fd_sc_hd__a311o_1)
                                         accumulator._0939_ (net)
                  0.10    0.00   17.42 ^ accumulator._1844_/A1 (sky130_fd_sc_hd__a31oi_2)
     3    0.01    0.08    0.10   17.53 v accumulator._1844_/Y (sky130_fd_sc_hd__a31oi_2)
                                         accumulator._0941_ (net)
                  0.08    0.00   17.53 v accumulator._1846_/A1 (sky130_fd_sc_hd__a211o_1)
     3    0.01    0.06    0.30   17.82 v accumulator._1846_/X (sky130_fd_sc_hd__a211o_1)
                                         accumulator._0943_ (net)
                  0.06    0.00   17.82 v accumulator._1847_/A1 (sky130_fd_sc_hd__a311o_1)
     3    0.01    0.08    0.32   18.14 v accumulator._1847_/X (sky130_fd_sc_hd__a311o_1)
                                         accumulator._0944_ (net)
                  0.08    0.00   18.14 v accumulator._1855_/A3 (sky130_fd_sc_hd__o311a_4)
     4    0.01    0.07    0.36   18.50 v accumulator._1855_/X (sky130_fd_sc_hd__o311a_4)
                                         accumulator._0952_ (net)
                  0.07    0.00   18.50 v accumulator._1866_/A3 (sky130_fd_sc_hd__o31ai_4)
     3    0.01    0.19    0.20   18.69 ^ accumulator._1866_/Y (sky130_fd_sc_hd__o31ai_4)
                                         accumulator._0963_ (net)
                  0.19    0.00   18.69 ^ accumulator._1867_/B (sky130_fd_sc_hd__nand3b_1)
     1    0.00    0.06    0.10   18.79 v accumulator._1867_/Y (sky130_fd_sc_hd__nand3b_1)
                                         accumulator._0964_ (net)
                  0.06    0.00   18.79 v accumulator._1868_/C1 (sky130_fd_sc_hd__o211a_1)
     3    0.01    0.07    0.15   18.93 v accumulator._1868_/X (sky130_fd_sc_hd__o211a_1)
                                         accumulator._0965_ (net)
                  0.07    0.00   18.93 v accumulator._1871_/A3 (sky130_fd_sc_hd__o41a_4)
     7    0.02    0.09    0.48   19.42 v accumulator._1871_/X (sky130_fd_sc_hd__o41a_4)
                                         accumulator._0968_ (net)
                  0.09    0.00   19.42 v accumulator._1872_/A (sky130_fd_sc_hd__and2_4)
     5    0.01    0.04    0.17   19.59 v accumulator._1872_/X (sky130_fd_sc_hd__and2_4)
                                         accumulator._0969_ (net)
                  0.04    0.00   19.59 v accumulator._1895_/A (sky130_fd_sc_hd__buf_6)
    10    0.03    0.04    0.14   19.73 v accumulator._1895_/X (sky130_fd_sc_hd__buf_6)
                                         accumulator._0992_ (net)
                  0.04    0.00   19.73 v accumulator._1957_/A (sky130_fd_sc_hd__buf_2)
    10    0.02    0.07    0.17   19.89 v accumulator._1957_/X (sky130_fd_sc_hd__buf_2)
                                         accumulator._1054_ (net)
                  0.07    0.00   19.89 v accumulator._1981_/A (sky130_fd_sc_hd__nor2_1)
     1    0.00    0.11    0.13   20.03 ^ accumulator._1981_/Y (sky130_fd_sc_hd__nor2_1)
                                         accumulator._1078_ (net)
                  0.11    0.00   20.03 ^ accumulator._1982_/B (sky130_fd_sc_hd__xor2_1)
     2    0.01    0.19    0.22   20.24 ^ accumulator._1982_/X (sky130_fd_sc_hd__xor2_1)
                                         accumulator._1079_ (net)
                  0.19    0.00   20.24 ^ accumulator._1983_/A (sky130_fd_sc_hd__inv_2)
     4    0.01    0.05    0.07   20.31 v accumulator._1983_/Y (sky130_fd_sc_hd__inv_2)
                                         accumulator._1080_ (net)
                  0.05    0.00   20.31 v accumulator._1984_/B (sky130_fd_sc_hd__nor2_1)
     3    0.01    0.13    0.13   20.44 ^ accumulator._1984_/Y (sky130_fd_sc_hd__nor2_1)
                                         accumulator._1081_ (net)
                  0.13    0.00   20.44 ^ accumulator._2096_/B1_N (sky130_fd_sc_hd__a21bo_1)
     1    0.00    0.03    0.22   20.66 v accumulator._2096_/X (sky130_fd_sc_hd__a21bo_1)
                                         accumulator._1194_ (net)
                  0.03    0.00   20.66 v accumulator._2097_/A2 (sky130_fd_sc_hd__a21o_1)
     1    0.00    0.03    0.17   20.83 v accumulator._2097_/X (sky130_fd_sc_hd__a21o_1)
                                         accumulator._1195_ (net)
                  0.03    0.00   20.83 v accumulator._2098_/A2 (sky130_fd_sc_hd__a21o_2)
     8    0.02    0.08    0.27   21.09 v accumulator._2098_/X (sky130_fd_sc_hd__a21o_2)
                                         accumulator._1196_ (net)
                  0.08    0.00   21.09 v accumulator._2338_/A (sky130_fd_sc_hd__or2_1)
     2    0.01    0.07    0.27   21.36 v accumulator._2338_/X (sky130_fd_sc_hd__or2_1)
                                         accumulator._0270_ (net)
                  0.07    0.00   21.36 v accumulator._2342_/A (sky130_fd_sc_hd__xnor2_1)
     2    0.00    0.06    0.14   21.51 v accumulator._2342_/Y (sky130_fd_sc_hd__xnor2_1)
                                         accumulator._0275_ (net)
                  0.06    0.00   21.51 v accumulator._2343_/D1 (sky130_fd_sc_hd__a2111o_1)
     3    0.01    0.09    0.34   21.85 v accumulator._2343_/X (sky130_fd_sc_hd__a2111o_1)
                                         accumulator._0276_ (net)
                  0.09    0.00   21.85 v accumulator._2355_/A2 (sky130_fd_sc_hd__a21oi_2)
     3    0.01    0.12    0.18   22.02 ^ accumulator._2355_/Y (sky130_fd_sc_hd__a21oi_2)
                                         accumulator._0288_ (net)
                  0.12    0.00   22.02 ^ accumulator._2367_/A1 (sky130_fd_sc_hd__o21a_1)
     5    0.01    0.15    0.22   22.25 ^ accumulator._2367_/X (sky130_fd_sc_hd__o21a_1)
                                         accumulator._0300_ (net)
                  0.15    0.00   22.25 ^ accumulator._2388_/B2 (sky130_fd_sc_hd__o221ai_2)
     2    0.00    0.09    0.11   22.36 v accumulator._2388_/Y (sky130_fd_sc_hd__o221ai_2)
                                         accumulator._0320_ (net)
                  0.09    0.00   22.36 v accumulator._2393_/A (sky130_fd_sc_hd__and3_1)
     1    0.00    0.04    0.16   22.52 v accumulator._2393_/X (sky130_fd_sc_hd__and3_1)
                                         accumulator._0326_ (net)
                  0.04    0.00   22.52 v accumulator._2396_/A2 (sky130_fd_sc_hd__o31a_1)
     1    0.00    0.04    0.27   22.79 v accumulator._2396_/X (sky130_fd_sc_hd__o31a_1)
                                         accumulator._0032_ (net)
                  0.04    0.00   22.79 v accumulator._2431_/D (sky130_fd_sc_hd__dfxtp_2)
                                 22.79   data arrival time

                         25.00   25.00   clock clock (rise edge)
                          0.00   25.00   clock source latency
     1    0.01    0.04    0.03   25.03 ^ clock (in)
                                         clock (net)
                  0.04    0.00   25.03 ^ clkbuf_0_clock/A (sky130_fd_sc_hd__clkbuf_16)
     4    0.03    0.05    0.13   25.15 ^ clkbuf_0_clock/X (sky130_fd_sc_hd__clkbuf_16)
                                         clknet_0_clock (net)
                  0.05    0.00   25.15 ^ clkbuf_2_0__f_clock/A (sky130_fd_sc_hd__clkbuf_16)
     8    0.02    0.04    0.12   25.27 ^ clkbuf_2_0__f_clock/X (sky130_fd_sc_hd__clkbuf_16)
                                         clknet_2_0__leaf_clock (net)
                  0.04    0.00   25.27 ^ accumulator._2431_/CLK (sky130_fd_sc_hd__dfxtp_2)
                         -0.25   25.02   clock uncertainty
                          0.00   25.02   clock reconvergence pessimism
                         -0.11   24.91   library setup time
                                 24.91   data required time
-----------------------------------------------------------------------------
                                 24.91   data required time
                                -22.79   data arrival time
-----------------------------------------------------------------------------
                                  2.13   slack (MET)


Startpoint: io_inScaleA[7] (input port clocked by clock)
Endpoint: accumulator._2411_ (rising edge-triggered flip-flop clocked by clock)
Path Group: clock
Path Type: max

Fanout     Cap    Slew   Delay    Time   Description
-----------------------------------------------------------------------------
                          0.00    0.00   clock clock (rise edge)
                          0.00    0.00   clock network delay (propagated)
                          5.00    5.00 v input external delay
     1    0.00    0.01    0.00    5.00 v io_inScaleA[7] (in)
                                         io_inScaleA[7] (net)
                  0.01    0.00    5.00 v input16/A (sky130_fd_sc_hd__buf_2)
     5    0.01    0.04    0.13    5.13 v input16/X (sky130_fd_sc_hd__buf_2)
                                         net16 (net)
                  0.04    0.00    5.13 v scaleAdd._421_/A1 (sky130_fd_sc_hd__o21a_4)
     4    0.02    0.05    0.24    5.37 v scaleAdd._421_/X (sky130_fd_sc_hd__o21a_4)
                                         scaleAdd._002_ (net)
                  0.05    0.00    5.37 v scaleAdd._428_/A (sky130_fd_sc_hd__xor2_1)
     2    0.01    0.07    0.18    5.55 v scaleAdd._428_/X (sky130_fd_sc_hd__xor2_1)
                                         scaleAdd._009_ (net)
                  0.07    0.00    5.55 v scaleAdd._429_/A (sky130_fd_sc_hd__xnor2_1)
     2    0.01    0.20    0.23    5.78 ^ scaleAdd._429_/Y (sky130_fd_sc_hd__xnor2_1)
                                         scaleAdd._010_ (net)
                  0.20    0.00    5.78 ^ scaleAdd._431_/B (sky130_fd_sc_hd__xnor2_1)
     2    0.01    0.25    0.20    5.99 ^ scaleAdd._431_/Y (sky130_fd_sc_hd__xnor2_1)
                                         scaleAdd._012_ (net)
                  0.25    0.00    5.99 ^ scaleAdd._432_/B (sky130_fd_sc_hd__xnor2_1)
     2    0.01    0.20    0.19    6.18 ^ scaleAdd._432_/Y (sky130_fd_sc_hd__xnor2_1)
                                         scaleAdd._013_ (net)
                  0.20    0.00    6.18 ^ scaleAdd._435_/A (sky130_fd_sc_hd__xor2_1)
     2    0.01    0.26    0.28    6.46 ^ scaleAdd._435_/X (sky130_fd_sc_hd__xor2_1)
                                         scaleAdd._016_ (net)
                  0.26    0.00    6.46 ^ scaleAdd._436_/A (sky130_fd_sc_hd__xnor2_2)
     2    0.01    0.19    0.18    6.64 ^ scaleAdd._436_/Y (sky130_fd_sc_hd__xnor2_2)
                                         scaleAdd._017_ (net)
                  0.19    0.00    6.64 ^ scaleAdd._438_/B (sky130_fd_sc_hd__xnor2_2)
     2    0.01    0.20    0.17    6.81 ^ scaleAdd._438_/Y (sky130_fd_sc_hd__xnor2_2)
                                         scaleAdd._019_ (net)
                  0.20    0.00    6.81 ^ scaleAdd._439_/A (sky130_fd_sc_hd__xor2_2)
     5    0.02    0.29    0.29    7.10 ^ scaleAdd._439_/X (sky130_fd_sc_hd__xor2_2)
                                         scaleAdd._020_ (net)
                  0.29    0.00    7.10 ^ scaleAdd._443_/B (sky130_fd_sc_hd__xnor2_2)
     1    0.01    0.07    0.12    7.22 v scaleAdd._443_/Y (sky130_fd_sc_hd__xnor2_2)
                                         scaleAdd._024_ (net)
                  0.07    0.00    7.22 v scaleAdd._444_/A (sky130_fd_sc_hd__xnor2_2)
     6    0.01    0.22    0.24    7.46 ^ scaleAdd._444_/Y (sky130_fd_sc_hd__xnor2_2)
                                         scaleAdd._025_ (net)
                  0.22    0.00    7.46 ^ scaleAdd._445_/B_N (sky130_fd_sc_hd__or2b_4)
     3    0.01    0.05    0.31    7.78 v scaleAdd._445_/X (sky130_fd_sc_hd__or2b_4)
                                         scaleAdd._026_ (net)
                  0.05    0.00    7.78 v scaleAdd._448_/B1 (sky130_fd_sc_hd__a22o_1)
     2    0.00    0.05    0.19    7.97 v scaleAdd._448_/X (sky130_fd_sc_hd__a22o_1)
                                         scaleAdd._029_ (net)
                  0.05    0.00    7.97 v scaleAdd._452_/A2 (sky130_fd_sc_hd__a21o_1)
     2    0.00    0.04    0.19    8.16 v scaleAdd._452_/X (sky130_fd_sc_hd__a21o_1)
                                         scaleAdd._033_ (net)
                  0.04    0.00    8.16 v scaleAdd._454_/B2 (sky130_fd_sc_hd__a22o_1)
     3    0.01    0.06    0.22    8.38 v scaleAdd._454_/X (sky130_fd_sc_hd__a22o_1)
                                         scaleAdd._035_ (net)
                  0.06    0.00    8.38 v scaleAdd._456_/B (sky130_fd_sc_hd__and3_1)
     2    0.00    0.05    0.18    8.56 v scaleAdd._456_/X (sky130_fd_sc_hd__and3_1)
                                         scaleAdd._037_ (net)
                  0.05    0.00    8.56 v scaleAdd._458_/B (sky130_fd_sc_hd__or3_4)
     3    0.01    0.07    0.38    8.95 v scaleAdd._458_/X (sky130_fd_sc_hd__or3_4)
                                         scaleAdd._039_ (net)
                  0.07    0.00    8.95 v scaleAdd._492_/A1 (sky130_fd_sc_hd__a21o_1)
     3    0.01    0.07    0.21    9.15 v scaleAdd._492_/X (sky130_fd_sc_hd__a21o_1)
                                         scaleAdd._072_ (net)
                  0.07    0.00    9.15 v scaleAdd._539_/A1 (sky130_fd_sc_hd__a21oi_4)
     4    0.01    0.13    0.16    9.31 ^ scaleAdd._539_/Y (sky130_fd_sc_hd__a21oi_4)
                                         scaleAdd._118_ (net)
                  0.13    0.00    9.31 ^ scaleAdd._603_/A3 (sky130_fd_sc_hd__o311ai_2)
     3    0.01    0.10    0.11    9.42 v scaleAdd._603_/Y (sky130_fd_sc_hd__o311ai_2)
                                         scaleAdd._180_ (net)
                  0.10    0.00    9.42 v scaleAdd._652_/A1 (sky130_fd_sc_hd__a311o_1)
     3    0.01    0.07    0.31    9.72 v scaleAdd._652_/X (sky130_fd_sc_hd__a311o_1)
                                         scaleAdd._227_ (net)
                  0.07    0.00    9.72 v scaleAdd._688_/A1 (sky130_fd_sc_hd__a311o_1)
     3    0.01    0.10    0.33   10.06 v scaleAdd._688_/X (sky130_fd_sc_hd__a311o_1)
                                         scaleAdd._261_ (net)
                  0.10    0.00   10.06 v scaleAdd._708_/A1 (sky130_fd_sc_hd__a31oi_4)
     2    0.01    0.14    0.16   10.22 ^ scaleAdd._708_/Y (sky130_fd_sc_hd__a31oi_4)
                                         scaleAdd._279_ (net)
                  0.14    0.00   10.22 ^ rebuffer17/A (sky130_fd_sc_hd__buf_6)
     1    0.00    0.03    0.12   10.34 ^ rebuffer17/X (sky130_fd_sc_hd__buf_6)
                                         net74 (net)
                  0.03    0.00   10.34 ^ rebuffer10/A (sky130_fd_sc_hd__buf_6)
     1    0.02    0.05    0.10   10.44 ^ rebuffer10/X (sky130_fd_sc_hd__buf_6)
                                         net67 (net)
                  0.05    0.00   10.44 ^ scaleAdd._709_/A (sky130_fd_sc_hd__xnor2_4)
     4    0.01    0.06    0.08   10.52 v scaleAdd._709_/Y (sky130_fd_sc_hd__xnor2_4)
                                         accumulator.io_inMant[16] (net)
                  0.06    0.00   10.52 v accumulator._1204_/B (sky130_fd_sc_hd__or4_4)
     4    0.01    0.09    0.55   11.07 v accumulator._1204_/X (sky130_fd_sc_hd__or4_4)
                                         accumulator._0065_ (net)
                  0.09    0.00   11.07 v accumulator._1206_/B (sky130_fd_sc_hd__or2_4)
     3    0.01    0.05    0.26   11.32 v accumulator._1206_/X (sky130_fd_sc_hd__or2_4)
                                         accumulator._0085_ (net)
                  0.05    0.00   11.32 v accumulator._1207_/B (sky130_fd_sc_hd__or2_4)
     4    0.01    0.05    0.24   11.57 v accumulator._1207_/X (sky130_fd_sc_hd__or2_4)
                                         accumulator._0095_ (net)
                  0.05    0.00   11.57 v accumulator._1240_/B (sky130_fd_sc_hd__and2_1)
     2    0.00    0.04    0.17   11.73 v accumulator._1240_/X (sky130_fd_sc_hd__and2_1)
                                         accumulator._0339_ (net)
                  0.04    0.00   11.73 v accumulator._1241_/C1 (sky130_fd_sc_hd__a311o_1)
     3    0.01    0.07    0.30   12.03 v accumulator._1241_/X (sky130_fd_sc_hd__a311o_1)
                                         accumulator._0340_ (net)
                  0.07    0.00   12.03 v accumulator._1255_/A1 (sky130_fd_sc_hd__a21o_1)
     2    0.00    0.04    0.18   12.21 v accumulator._1255_/X (sky130_fd_sc_hd__a21o_1)
                                         accumulator._0354_ (net)
                  0.04    0.00   12.21 v accumulator._1257_/A2 (sky130_fd_sc_hd__a211o_1)
     3    0.01    0.06    0.31   12.53 v accumulator._1257_/X (sky130_fd_sc_hd__a211o_1)
                                         accumulator._0356_ (net)
                  0.06    0.00   12.53 v accumulator._1263_/B (sky130_fd_sc_hd__and2_4)
     5    0.01    0.04    0.18   12.70 v accumulator._1263_/X (sky130_fd_sc_hd__and2_4)
                                         accumulator._0362_ (net)
                  0.04    0.00   12.70 v accumulator._1274_/C (sky130_fd_sc_hd__or4_4)
     4    0.01    0.10    0.52   13.22 v accumulator._1274_/X (sky130_fd_sc_hd__or4_4)
                                         accumulator._0373_ (net)
                  0.10    0.00   13.22 v accumulator._1276_/A1 (sky130_fd_sc_hd__a21o_1)
     2    0.01    0.05    0.19   13.41 v accumulator._1276_/X (sky130_fd_sc_hd__a21o_1)
                                         accumulator._0375_ (net)
                  0.05    0.00   13.41 v accumulator._1278_/A1 (sky130_fd_sc_hd__a21o_4)
     2    0.02    0.05    0.23   13.64 v accumulator._1278_/X (sky130_fd_sc_hd__a21o_4)
                                         accumulator._0377_ (net)
                  0.05    0.00   13.64 v accumulator._1284_/A2 (sky130_fd_sc_hd__a21o_1)
     2    0.01    0.05    0.20   13.84 v accumulator._1284_/X (sky130_fd_sc_hd__a21o_1)
                                         accumulator._0383_ (net)
                  0.05    0.00   13.84 v accumulator._1285_/A2 (sky130_fd_sc_hd__a21o_4)
     2    0.02    0.05    0.25   14.09 v accumulator._1285_/X (sky130_fd_sc_hd__a21o_4)
                                         accumulator._0384_ (net)
                  0.05    0.00   14.09 v accumulator._1290_/A2 (sky130_fd_sc_hd__a21o_1)
     2    0.02    0.09    0.25   14.34 v accumulator._1290_/X (sky130_fd_sc_hd__a21o_1)
                                         accumulator._0389_ (net)
                  0.09    0.00   14.34 v accumulator._1293_/A2 (sky130_fd_sc_hd__a21boi_4)
     3    0.02    0.19    0.24   14.58 ^ accumulator._1293_/Y (sky130_fd_sc_hd__a21boi_4)
                                         accumulator._0392_ (net)
                  0.19    0.00   14.58 ^ accumulator._1302_/A (sky130_fd_sc_hd__xor2_2)
     4    0.01    0.18    0.21   14.79 ^ accumulator._1302_/X (sky130_fd_sc_hd__xor2_2)
                                         accumulator._0401_ (net)
                  0.18    0.00   14.79 ^ accumulator._1303_/A (sky130_fd_sc_hd__buf_6)
     6    0.02    0.05    0.15   14.94 ^ accumulator._1303_/X (sky130_fd_sc_hd__buf_6)
                                         accumulator._0402_ (net)
                  0.05    0.00   14.94 ^ accumulator._1335_/S (sky130_fd_sc_hd__mux2_4)
     5    0.01    0.06    0.33   15.27 v accumulator._1335_/X (sky130_fd_sc_hd__mux2_4)
                                         accumulator._0432_ (net)
                  0.06    0.00   15.27 v accumulator._1336_/A (sky130_fd_sc_hd__buf_2)
    10    0.02    0.07    0.18   15.45 v accumulator._1336_/X (sky130_fd_sc_hd__buf_2)
                                         accumulator._0433_ (net)
                  0.07    0.00   15.45 v accumulator._1373_/A1 (sky130_fd_sc_hd__a21o_1)
     2    0.00    0.04    0.17   15.62 v accumulator._1373_/X (sky130_fd_sc_hd__a21o_1)
                                         accumulator._0470_ (net)
                  0.04    0.00   15.62 v accumulator._1380_/A2 (sky130_fd_sc_hd__a21o_1)
     2    0.00    0.04    0.18   15.80 v accumulator._1380_/X (sky130_fd_sc_hd__a21o_1)
                                         accumulator._0477_ (net)
                  0.04    0.00   15.80 v accumulator._1403_/A (sky130_fd_sc_hd__and2_1)
     2    0.00    0.04    0.14   15.95 v accumulator._1403_/X (sky130_fd_sc_hd__and2_1)
                                         accumulator._0500_ (net)
                  0.04    0.00   15.95 v accumulator._1427_/A2 (sky130_fd_sc_hd__a211o_1)
     1    0.00    0.05    0.29   16.24 v accumulator._1427_/X (sky130_fd_sc_hd__a211o_1)
                                         accumulator._0524_ (net)
                  0.05    0.00   16.24 v accumulator._1505_/A2 (sky130_fd_sc_hd__a32o_2)
     4    0.01    0.07    0.31   16.55 v accumulator._1505_/X (sky130_fd_sc_hd__a32o_2)
                                         accumulator._0602_ (net)
                  0.07    0.00   16.55 v accumulator._1507_/A (sky130_fd_sc_hd__xnor2_2)
     3    0.01    0.23    0.25   16.80 ^ accumulator._1507_/Y (sky130_fd_sc_hd__xnor2_2)
                                         accumulator._0604_ (net)
                  0.23    0.00   16.80 ^ accumulator._1837_/A1 (sky130_fd_sc_hd__a311o_1)
     2    0.00    0.07    0.22   17.01 ^ accumulator._1837_/X (sky130_fd_sc_hd__a311o_1)
                                         accumulator._0934_ (net)
                  0.07    0.00   17.01 ^ accumulator._1839_/A3 (sky130_fd_sc_hd__a311o_1)
     3    0.01    0.10    0.21   17.22 ^ accumulator._1839_/X (sky130_fd_sc_hd__a311o_1)
                                         accumulator._0936_ (net)
                  0.10    0.00   17.22 ^ accumulator._1842_/A1 (sky130_fd_sc_hd__a311o_1)
     2    0.01    0.10    0.20   17.42 ^ accumulator._1842_/X (sky130_fd_sc_hd__a311o_1)
                                         accumulator._0939_ (net)
                  0.10    0.00   17.42 ^ accumulator._1844_/A1 (sky130_fd_sc_hd__a31oi_2)
     3    0.01    0.08    0.10   17.53 v accumulator._1844_/Y (sky130_fd_sc_hd__a31oi_2)
                                         accumulator._0941_ (net)
                  0.08    0.00   17.53 v accumulator._1846_/A1 (sky130_fd_sc_hd__a211o_1)
     3    0.01    0.06    0.30   17.82 v accumulator._1846_/X (sky130_fd_sc_hd__a211o_1)
                                         accumulator._0943_ (net)
                  0.06    0.00   17.82 v accumulator._1847_/A1 (sky130_fd_sc_hd__a311o_1)
     3    0.01    0.08    0.32   18.14 v accumulator._1847_/X (sky130_fd_sc_hd__a311o_1)
                                         accumulator._0944_ (net)
                  0.08    0.00   18.14 v accumulator._1855_/A3 (sky130_fd_sc_hd__o311a_4)
     4    0.01    0.07    0.36   18.50 v accumulator._1855_/X (sky130_fd_sc_hd__o311a_4)
                                         accumulator._0952_ (net)
                  0.07    0.00   18.50 v accumulator._1866_/A3 (sky130_fd_sc_hd__o31ai_4)
     3    0.01    0.19    0.20   18.69 ^ accumulator._1866_/Y (sky130_fd_sc_hd__o31ai_4)
                                         accumulator._0963_ (net)
                  0.19    0.00   18.69 ^ accumulator._1867_/B (sky130_fd_sc_hd__nand3b_1)
     1    0.00    0.06    0.10   18.79 v accumulator._1867_/Y (sky130_fd_sc_hd__nand3b_1)
                                         accumulator._0964_ (net)
                  0.06    0.00   18.79 v accumulator._1868_/C1 (sky130_fd_sc_hd__o211a_1)
     3    0.01    0.07    0.15   18.93 v accumulator._1868_/X (sky130_fd_sc_hd__o211a_1)
                                         accumulator._0965_ (net)
                  0.07    0.00   18.93 v accumulator._1871_/A3 (sky130_fd_sc_hd__o41a_4)
     7    0.02    0.09    0.48   19.42 v accumulator._1871_/X (sky130_fd_sc_hd__o41a_4)
                                         accumulator._0968_ (net)
                  0.09    0.00   19.42 v accumulator._1872_/A (sky130_fd_sc_hd__and2_4)
     5    0.01    0.04    0.17   19.59 v accumulator._1872_/X (sky130_fd_sc_hd__and2_4)
                                         accumulator._0969_ (net)
                  0.04    0.00   19.59 v accumulator._1895_/A (sky130_fd_sc_hd__buf_6)
    10    0.03    0.04    0.14   19.73 v accumulator._1895_/X (sky130_fd_sc_hd__buf_6)
                                         accumulator._0992_ (net)
                  0.04    0.00   19.73 v accumulator._1912_/A (sky130_fd_sc_hd__nor2_4)
     1    0.01    0.09    0.12   19.85 ^ accumulator._1912_/Y (sky130_fd_sc_hd__nor2_4)
                                         accumulator._1009_ (net)
                  0.09    0.00   19.85 ^ accumulator._1913_/A (sky130_fd_sc_hd__xor2_2)
     5    0.01    0.21    0.21   20.06 ^ accumulator._1913_/X (sky130_fd_sc_hd__xor2_2)
                                         accumulator._1010_ (net)
                  0.21    0.00   20.06 ^ accumulator._2072_/B1 (sky130_fd_sc_hd__o21ai_1)
     1    0.00    0.06    0.10   20.16 v accumulator._2072_/Y (sky130_fd_sc_hd__o21ai_1)
                                         accumulator._1169_ (net)
                  0.06    0.00   20.16 v accumulator._2073_/A1 (sky130_fd_sc_hd__a21oi_1)
     1    0.00    0.10    0.13   20.28 ^ accumulator._2073_/Y (sky130_fd_sc_hd__a21oi_1)
                                         accumulator._1170_ (net)
                  0.10    0.00   20.28 ^ accumulator._2074_/A2 (sky130_fd_sc_hd__o21ai_1)
     1    0.00    0.06    0.07   20.35 v accumulator._2074_/Y (sky130_fd_sc_hd__o21ai_1)
                                         accumulator._1171_ (net)
                  0.06    0.00   20.35 v accumulator._2075_/A2 (sky130_fd_sc_hd__a21o_1)
     1    0.00    0.03    0.18   20.53 v accumulator._2075_/X (sky130_fd_sc_hd__a21o_1)
                                         accumulator._1172_ (net)
                  0.03    0.00   20.53 v accumulator._2076_/A2 (sky130_fd_sc_hd__a21oi_1)
     1    0.00    0.10    0.13   20.66 ^ accumulator._2076_/Y (sky130_fd_sc_hd__a21oi_1)
                                         accumulator._1173_ (net)
                  0.10    0.00   20.66 ^ accumulator._2077_/A2 (sky130_fd_sc_hd__o21ai_1)
     1    0.00    0.06    0.07   20.73 v accumulator._2077_/Y (sky130_fd_sc_hd__o21ai_1)
                                         accumulator._1174_ (net)
                  0.06    0.00   20.73 v accumulator._2078_/A2 (sky130_fd_sc_hd__a21oi_1)
     1    0.00    0.10    0.14   20.87 ^ accumulator._2078_/Y (sky130_fd_sc_hd__a21oi_1)
                                         accumulator._1175_ (net)
                  0.10    0.00   20.87 ^ accumulator._2079_/A2 (sky130_fd_sc_hd__o21bai_1)
     1    0.00    0.05    0.07   20.94 v accumulator._2079_/Y (sky130_fd_sc_hd__o21bai_1)
                                         accumulator._1176_ (net)
                  0.05    0.00   20.94 v accumulator._2082_/A1 (sky130_fd_sc_hd__a21o_2)
     7    0.02    0.08    0.25   21.19 v accumulator._2082_/X (sky130_fd_sc_hd__a21o_2)
                                         accumulator._1180_ (net)
                  0.08    0.00   21.19 v accumulator._2083_/A (sky130_fd_sc_hd__nand2_4)
     5    0.03    0.10    0.11   21.30 ^ accumulator._2083_/Y (sky130_fd_sc_hd__nand2_4)
                                         accumulator._1181_ (net)
                  0.10    0.00   21.30 ^ clone12/A (sky130_fd_sc_hd__clkbuf_16)
     5    0.02    0.04    0.15   21.45 ^ clone12/X (sky130_fd_sc_hd__clkbuf_16)
                                         net69 (net)
                  0.04    0.00   21.45 ^ accumulator._2199_/S (sky130_fd_sc_hd__mux2_2)
     3    0.01    0.06    0.35   21.80 v accumulator._2199_/X (sky130_fd_sc_hd__mux2_2)
                                         accumulator._0134_ (net)
                  0.06    0.00   21.80 v accumulator._2217_/A0 (sky130_fd_sc_hd__mux2_1)
     2    0.00    0.06    0.31   22.10 v accumulator._2217_/X (sky130_fd_sc_hd__mux2_1)
                                         accumulator._0152_ (net)
                  0.06    0.00   22.10 v accumulator._2218_/A1 (sky130_fd_sc_hd__mux2_1)
     2    0.00    0.07    0.32   22.42 v accumulator._2218_/X (sky130_fd_sc_hd__mux2_1)
                                         accumulator._0153_ (net)
                  0.07    0.00   22.42 v accumulator._2220_/A2 (sky130_fd_sc_hd__o211a_1)
     1    0.00    0.04    0.21   22.63 v accumulator._2220_/X (sky130_fd_sc_hd__o211a_1)
                                         accumulator._0155_ (net)
                  0.04    0.00   22.63 v accumulator._2221_/A2 (sky130_fd_sc_hd__o21a_1)
     1    0.00    0.03    0.16   22.79 v accumulator._2221_/X (sky130_fd_sc_hd__o21a_1)
                                         accumulator._0012_ (net)
                  0.03    0.00   22.79 v accumulator._2411_/D (sky130_fd_sc_hd__dfxtp_1)
                                 22.79   data arrival time

                         25.00   25.00   clock clock (rise edge)
                          0.00   25.00   clock source latency
     1    0.01    0.04    0.03   25.03 ^ clock (in)
                                         clock (net)
                  0.04    0.00   25.03 ^ clkbuf_0_clock/A (sky130_fd_sc_hd__clkbuf_16)
     4    0.03    0.05    0.13   25.15 ^ clkbuf_0_clock/X (sky130_fd_sc_hd__clkbuf_16)
                                         clknet_0_clock (net)
                  0.05    0.00   25.15 ^ clkbuf_2_2__f_clock/A (sky130_fd_sc_hd__clkbuf_16)
    10    0.02    0.04    0.12   25.28 ^ clkbuf_2_2__f_clock/X (sky130_fd_sc_hd__clkbuf_16)
                                         clknet_2_2__leaf_clock (net)
                  0.04    0.00   25.28 ^ accumulator._2411_/CLK (sky130_fd_sc_hd__dfxtp_1)
                         -0.25   25.03   clock uncertainty
                          0.00   25.03   clock reconvergence pessimism
                         -0.10   24.92   library setup time
                                 24.92   data required time
-----------------------------------------------------------------------------
                                 24.92   data required time
                                -22.79   data arrival time
-----------------------------------------------------------------------------
                                  2.13   slack (MET)


Startpoint: io_inScaleA[7] (input port clocked by clock)
Endpoint: accumulator._2422_ (rising edge-triggered flip-flop clocked by clock)
Path Group: clock
Path Type: max

Fanout     Cap    Slew   Delay    Time   Description
-----------------------------------------------------------------------------
                          0.00    0.00   clock clock (rise edge)
                          0.00    0.00   clock network delay (propagated)
                          5.00    5.00 v input external delay
     1    0.00    0.01    0.00    5.00 v io_inScaleA[7] (in)
                                         io_inScaleA[7] (net)
                  0.01    0.00    5.00 v input16/A (sky130_fd_sc_hd__buf_2)
     5    0.01    0.04    0.13    5.13 v input16/X (sky130_fd_sc_hd__buf_2)
                                         net16 (net)
                  0.04    0.00    5.13 v scaleAdd._421_/A1 (sky130_fd_sc_hd__o21a_4)
     4    0.02    0.05    0.24    5.37 v scaleAdd._421_/X (sky130_fd_sc_hd__o21a_4)
                                         scaleAdd._002_ (net)
                  0.05    0.00    5.37 v scaleAdd._428_/A (sky130_fd_sc_hd__xor2_1)
     2    0.01    0.07    0.18    5.55 v scaleAdd._428_/X (sky130_fd_sc_hd__xor2_1)
                                         scaleAdd._009_ (net)
                  0.07    0.00    5.55 v scaleAdd._429_/A (sky130_fd_sc_hd__xnor2_1)
     2    0.01    0.20    0.23    5.78 ^ scaleAdd._429_/Y (sky130_fd_sc_hd__xnor2_1)
                                         scaleAdd._010_ (net)
                  0.20    0.00    5.78 ^ scaleAdd._431_/B (sky130_fd_sc_hd__xnor2_1)
     2    0.01    0.25    0.20    5.99 ^ scaleAdd._431_/Y (sky130_fd_sc_hd__xnor2_1)
                                         scaleAdd._012_ (net)
                  0.25    0.00    5.99 ^ scaleAdd._432_/B (sky130_fd_sc_hd__xnor2_1)
     2    0.01    0.20    0.19    6.18 ^ scaleAdd._432_/Y (sky130_fd_sc_hd__xnor2_1)
                                         scaleAdd._013_ (net)
                  0.20    0.00    6.18 ^ scaleAdd._435_/A (sky130_fd_sc_hd__xor2_1)
     2    0.01    0.26    0.28    6.46 ^ scaleAdd._435_/X (sky130_fd_sc_hd__xor2_1)
                                         scaleAdd._016_ (net)
                  0.26    0.00    6.46 ^ scaleAdd._436_/A (sky130_fd_sc_hd__xnor2_2)
     2    0.01    0.19    0.18    6.64 ^ scaleAdd._436_/Y (sky130_fd_sc_hd__xnor2_2)
                                         scaleAdd._017_ (net)
                  0.19    0.00    6.64 ^ scaleAdd._438_/B (sky130_fd_sc_hd__xnor2_2)
     2    0.01    0.20    0.17    6.81 ^ scaleAdd._438_/Y (sky130_fd_sc_hd__xnor2_2)
                                         scaleAdd._019_ (net)
                  0.20    0.00    6.81 ^ scaleAdd._439_/A (sky130_fd_sc_hd__xor2_2)
     5    0.02    0.29    0.29    7.10 ^ scaleAdd._439_/X (sky130_fd_sc_hd__xor2_2)
                                         scaleAdd._020_ (net)
                  0.29    0.00    7.10 ^ scaleAdd._443_/B (sky130_fd_sc_hd__xnor2_2)
     1    0.01    0.07    0.12    7.22 v scaleAdd._443_/Y (sky130_fd_sc_hd__xnor2_2)
                                         scaleAdd._024_ (net)
                  0.07    0.00    7.22 v scaleAdd._444_/A (sky130_fd_sc_hd__xnor2_2)
     6    0.01    0.22    0.24    7.46 ^ scaleAdd._444_/Y (sky130_fd_sc_hd__xnor2_2)
                                         scaleAdd._025_ (net)
                  0.22    0.00    7.46 ^ scaleAdd._445_/B_N (sky130_fd_sc_hd__or2b_4)
     3    0.01    0.05    0.31    7.78 v scaleAdd._445_/X (sky130_fd_sc_hd__or2b_4)
                                         scaleAdd._026_ (net)
                  0.05    0.00    7.78 v scaleAdd._448_/B1 (sky130_fd_sc_hd__a22o_1)
     2    0.00    0.05    0.19    7.97 v scaleAdd._448_/X (sky130_fd_sc_hd__a22o_1)
                                         scaleAdd._029_ (net)
                  0.05    0.00    7.97 v scaleAdd._452_/A2 (sky130_fd_sc_hd__a21o_1)
     2    0.00    0.04    0.19    8.16 v scaleAdd._452_/X (sky130_fd_sc_hd__a21o_1)
                                         scaleAdd._033_ (net)
                  0.04    0.00    8.16 v scaleAdd._454_/B2 (sky130_fd_sc_hd__a22o_1)
     3    0.01    0.06    0.22    8.38 v scaleAdd._454_/X (sky130_fd_sc_hd__a22o_1)
                                         scaleAdd._035_ (net)
                  0.06    0.00    8.38 v scaleAdd._456_/B (sky130_fd_sc_hd__and3_1)
     2    0.00    0.05    0.18    8.56 v scaleAdd._456_/X (sky130_fd_sc_hd__and3_1)
                                         scaleAdd._037_ (net)
                  0.05    0.00    8.56 v scaleAdd._458_/B (sky130_fd_sc_hd__or3_4)
     3    0.01    0.07    0.38    8.95 v scaleAdd._458_/X (sky130_fd_sc_hd__or3_4)
                                         scaleAdd._039_ (net)
                  0.07    0.00    8.95 v scaleAdd._492_/A1 (sky130_fd_sc_hd__a21o_1)
     3    0.01    0.07    0.21    9.15 v scaleAdd._492_/X (sky130_fd_sc_hd__a21o_1)
                                         scaleAdd._072_ (net)
                  0.07    0.00    9.15 v scaleAdd._539_/A1 (sky130_fd_sc_hd__a21oi_4)
     4    0.01    0.13    0.16    9.31 ^ scaleAdd._539_/Y (sky130_fd_sc_hd__a21oi_4)
                                         scaleAdd._118_ (net)
                  0.13    0.00    9.31 ^ scaleAdd._603_/A3 (sky130_fd_sc_hd__o311ai_2)
     3    0.01    0.10    0.11    9.42 v scaleAdd._603_/Y (sky130_fd_sc_hd__o311ai_2)
                                         scaleAdd._180_ (net)
                  0.10    0.00    9.42 v scaleAdd._652_/A1 (sky130_fd_sc_hd__a311o_1)
     3    0.01    0.07    0.31    9.72 v scaleAdd._652_/X (sky130_fd_sc_hd__a311o_1)
                                         scaleAdd._227_ (net)
                  0.07    0.00    9.72 v scaleAdd._688_/A1 (sky130_fd_sc_hd__a311o_1)
     3    0.01    0.10    0.33   10.06 v scaleAdd._688_/X (sky130_fd_sc_hd__a311o_1)
                                         scaleAdd._261_ (net)
                  0.10    0.00   10.06 v scaleAdd._708_/A1 (sky130_fd_sc_hd__a31oi_4)
     2    0.01    0.14    0.16   10.22 ^ scaleAdd._708_/Y (sky130_fd_sc_hd__a31oi_4)
                                         scaleAdd._279_ (net)
                  0.14    0.00   10.22 ^ rebuffer17/A (sky130_fd_sc_hd__buf_6)
     1    0.00    0.03    0.12   10.34 ^ rebuffer17/X (sky130_fd_sc_hd__buf_6)
                                         net74 (net)
                  0.03    0.00   10.34 ^ rebuffer10/A (sky130_fd_sc_hd__buf_6)
     1    0.02    0.05    0.10   10.44 ^ rebuffer10/X (sky130_fd_sc_hd__buf_6)
                                         net67 (net)
                  0.05    0.00   10.44 ^ scaleAdd._709_/A (sky130_fd_sc_hd__xnor2_4)
     4    0.01    0.06    0.08   10.52 v scaleAdd._709_/Y (sky130_fd_sc_hd__xnor2_4)
                                         accumulator.io_inMant[16] (net)
                  0.06    0.00   10.52 v accumulator._1204_/B (sky130_fd_sc_hd__or4_4)
     4    0.01    0.09    0.55   11.07 v accumulator._1204_/X (sky130_fd_sc_hd__or4_4)
                                         accumulator._0065_ (net)
                  0.09    0.00   11.07 v accumulator._1206_/B (sky130_fd_sc_hd__or2_4)
     3    0.01    0.05    0.26   11.32 v accumulator._1206_/X (sky130_fd_sc_hd__or2_4)
                                         accumulator._0085_ (net)
                  0.05    0.00   11.32 v accumulator._1207_/B (sky130_fd_sc_hd__or2_4)
     4    0.01    0.05    0.24   11.57 v accumulator._1207_/X (sky130_fd_sc_hd__or2_4)
                                         accumulator._0095_ (net)
                  0.05    0.00   11.57 v accumulator._1240_/B (sky130_fd_sc_hd__and2_1)
     2    0.00    0.04    0.17   11.73 v accumulator._1240_/X (sky130_fd_sc_hd__and2_1)
                                         accumulator._0339_ (net)
                  0.04    0.00   11.73 v accumulator._1241_/C1 (sky130_fd_sc_hd__a311o_1)
     3    0.01    0.07    0.30   12.03 v accumulator._1241_/X (sky130_fd_sc_hd__a311o_1)
                                         accumulator._0340_ (net)
                  0.07    0.00   12.03 v accumulator._1255_/A1 (sky130_fd_sc_hd__a21o_1)
     2    0.00    0.04    0.18   12.21 v accumulator._1255_/X (sky130_fd_sc_hd__a21o_1)
                                         accumulator._0354_ (net)
                  0.04    0.00   12.21 v accumulator._1257_/A2 (sky130_fd_sc_hd__a211o_1)
     3    0.01    0.06    0.31   12.53 v accumulator._1257_/X (sky130_fd_sc_hd__a211o_1)
                                         accumulator._0356_ (net)
                  0.06    0.00   12.53 v accumulator._1263_/B (sky130_fd_sc_hd__and2_4)
     5    0.01    0.04    0.18   12.70 v accumulator._1263_/X (sky130_fd_sc_hd__and2_4)
                                         accumulator._0362_ (net)
                  0.04    0.00   12.70 v accumulator._1274_/C (sky130_fd_sc_hd__or4_4)
     4    0.01    0.10    0.52   13.22 v accumulator._1274_/X (sky130_fd_sc_hd__or4_4)
                                         accumulator._0373_ (net)
                  0.10    0.00   13.22 v accumulator._1276_/A1 (sky130_fd_sc_hd__a21o_1)
     2    0.01    0.05    0.19   13.41 v accumulator._1276_/X (sky130_fd_sc_hd__a21o_1)
                                         accumulator._0375_ (net)
                  0.05    0.00   13.41 v accumulator._1278_/A1 (sky130_fd_sc_hd__a21o_4)
     2    0.02    0.05    0.23   13.64 v accumulator._1278_/X (sky130_fd_sc_hd__a21o_4)
                                         accumulator._0377_ (net)
                  0.05    0.00   13.64 v accumulator._1284_/A2 (sky130_fd_sc_hd__a21o_1)
     2    0.01    0.05    0.20   13.84 v accumulator._1284_/X (sky130_fd_sc_hd__a21o_1)
                                         accumulator._0383_ (net)
                  0.05    0.00   13.84 v accumulator._1285_/A2 (sky130_fd_sc_hd__a21o_4)
     2    0.02    0.05    0.25   14.09 v accumulator._1285_/X (sky130_fd_sc_hd__a21o_4)
                                         accumulator._0384_ (net)
                  0.05    0.00   14.09 v accumulator._1290_/A2 (sky130_fd_sc_hd__a21o_1)
     2    0.02    0.09    0.25   14.34 v accumulator._1290_/X (sky130_fd_sc_hd__a21o_1)
                                         accumulator._0389_ (net)
                  0.09    0.00   14.34 v accumulator._1293_/A2 (sky130_fd_sc_hd__a21boi_4)
     3    0.02    0.19    0.24   14.58 ^ accumulator._1293_/Y (sky130_fd_sc_hd__a21boi_4)
                                         accumulator._0392_ (net)
                  0.19    0.00   14.58 ^ accumulator._1302_/A (sky130_fd_sc_hd__xor2_2)
     4    0.01    0.18    0.21   14.79 ^ accumulator._1302_/X (sky130_fd_sc_hd__xor2_2)
                                         accumulator._0401_ (net)
                  0.18    0.00   14.79 ^ accumulator._1303_/A (sky130_fd_sc_hd__buf_6)
     6    0.02    0.05    0.15   14.94 ^ accumulator._1303_/X (sky130_fd_sc_hd__buf_6)
                                         accumulator._0402_ (net)
                  0.05    0.00   14.94 ^ accumulator._1335_/S (sky130_fd_sc_hd__mux2_4)
     5    0.01    0.06    0.33   15.27 v accumulator._1335_/X (sky130_fd_sc_hd__mux2_4)
                                         accumulator._0432_ (net)
                  0.06    0.00   15.27 v accumulator._1336_/A (sky130_fd_sc_hd__buf_2)
    10    0.02    0.07    0.18   15.45 v accumulator._1336_/X (sky130_fd_sc_hd__buf_2)
                                         accumulator._0433_ (net)
                  0.07    0.00   15.45 v accumulator._1373_/A1 (sky130_fd_sc_hd__a21o_1)
     2    0.00    0.04    0.17   15.62 v accumulator._1373_/X (sky130_fd_sc_hd__a21o_1)
                                         accumulator._0470_ (net)
                  0.04    0.00   15.62 v accumulator._1380_/A2 (sky130_fd_sc_hd__a21o_1)
     2    0.00    0.04    0.18   15.80 v accumulator._1380_/X (sky130_fd_sc_hd__a21o_1)
                                         accumulator._0477_ (net)
                  0.04    0.00   15.80 v accumulator._1403_/A (sky130_fd_sc_hd__and2_1)
     2    0.00    0.04    0.14   15.95 v accumulator._1403_/X (sky130_fd_sc_hd__and2_1)
                                         accumulator._0500_ (net)
                  0.04    0.00   15.95 v accumulator._1427_/A2 (sky130_fd_sc_hd__a211o_1)
     1    0.00    0.05    0.29   16.24 v accumulator._1427_/X (sky130_fd_sc_hd__a211o_1)
                                         accumulator._0524_ (net)
                  0.05    0.00   16.24 v accumulator._1505_/A2 (sky130_fd_sc_hd__a32o_2)
     4    0.01    0.07    0.31   16.55 v accumulator._1505_/X (sky130_fd_sc_hd__a32o_2)
                                         accumulator._0602_ (net)
                  0.07    0.00   16.55 v accumulator._1507_/A (sky130_fd_sc_hd__xnor2_2)
     3    0.01    0.23    0.25   16.80 ^ accumulator._1507_/Y (sky130_fd_sc_hd__xnor2_2)
                                         accumulator._0604_ (net)
                  0.23    0.00   16.80 ^ accumulator._1837_/A1 (sky130_fd_sc_hd__a311o_1)
     2    0.00    0.07    0.22   17.01 ^ accumulator._1837_/X (sky130_fd_sc_hd__a311o_1)
                                         accumulator._0934_ (net)
                  0.07    0.00   17.01 ^ accumulator._1839_/A3 (sky130_fd_sc_hd__a311o_1)
     3    0.01    0.10    0.21   17.22 ^ accumulator._1839_/X (sky130_fd_sc_hd__a311o_1)
                                         accumulator._0936_ (net)
                  0.10    0.00   17.22 ^ accumulator._1842_/A1 (sky130_fd_sc_hd__a311o_1)
     2    0.01    0.10    0.20   17.42 ^ accumulator._1842_/X (sky130_fd_sc_hd__a311o_1)
                                         accumulator._0939_ (net)
                  0.10    0.00   17.42 ^ accumulator._1844_/A1 (sky130_fd_sc_hd__a31oi_2)
     3    0.01    0.08    0.10   17.53 v accumulator._1844_/Y (sky130_fd_sc_hd__a31oi_2)
                                         accumulator._0941_ (net)
                  0.08    0.00   17.53 v accumulator._1846_/A1 (sky130_fd_sc_hd__a211o_1)
     3    0.01    0.06    0.30   17.82 v accumulator._1846_/X (sky130_fd_sc_hd__a211o_1)
                                         accumulator._0943_ (net)
                  0.06    0.00   17.82 v accumulator._1847_/A1 (sky130_fd_sc_hd__a311o_1)
     3    0.01    0.08    0.32   18.14 v accumulator._1847_/X (sky130_fd_sc_hd__a311o_1)
                                         accumulator._0944_ (net)
                  0.08    0.00   18.14 v accumulator._1855_/A3 (sky130_fd_sc_hd__o311a_4)
     4    0.01    0.07    0.36   18.50 v accumulator._1855_/X (sky130_fd_sc_hd__o311a_4)
                                         accumulator._0952_ (net)
                  0.07    0.00   18.50 v accumulator._1866_/A3 (sky130_fd_sc_hd__o31ai_4)
     3    0.01    0.19    0.20   18.69 ^ accumulator._1866_/Y (sky130_fd_sc_hd__o31ai_4)
                                         accumulator._0963_ (net)
                  0.19    0.00   18.69 ^ accumulator._1867_/B (sky130_fd_sc_hd__nand3b_1)
     1    0.00    0.06    0.10   18.79 v accumulator._1867_/Y (sky130_fd_sc_hd__nand3b_1)
                                         accumulator._0964_ (net)
                  0.06    0.00   18.79 v accumulator._1868_/C1 (sky130_fd_sc_hd__o211a_1)
     3    0.01    0.07    0.15   18.93 v accumulator._1868_/X (sky130_fd_sc_hd__o211a_1)
                                         accumulator._0965_ (net)
                  0.07    0.00   18.93 v accumulator._1871_/A3 (sky130_fd_sc_hd__o41a_4)
     7    0.02    0.09    0.48   19.42 v accumulator._1871_/X (sky130_fd_sc_hd__o41a_4)
                                         accumulator._0968_ (net)
                  0.09    0.00   19.42 v accumulator._1872_/A (sky130_fd_sc_hd__and2_4)
     5    0.01    0.04    0.17   19.59 v accumulator._1872_/X (sky130_fd_sc_hd__and2_4)
                                         accumulator._0969_ (net)
                  0.04    0.00   19.59 v accumulator._1895_/A (sky130_fd_sc_hd__buf_6)
    10    0.03    0.04    0.14   19.73 v accumulator._1895_/X (sky130_fd_sc_hd__buf_6)
                                         accumulator._0992_ (net)
                  0.04    0.00   19.73 v accumulator._1912_/A (sky130_fd_sc_hd__nor2_4)
     1    0.01    0.09    0.12   19.85 ^ accumulator._1912_/Y (sky130_fd_sc_hd__nor2_4)
                                         accumulator._1009_ (net)
                  0.09    0.00   19.85 ^ accumulator._1913_/A (sky130_fd_sc_hd__xor2_2)
     5    0.01    0.21    0.21   20.06 ^ accumulator._1913_/X (sky130_fd_sc_hd__xor2_2)
                                         accumulator._1010_ (net)
                  0.21    0.00   20.06 ^ accumulator._2072_/B1 (sky130_fd_sc_hd__o21ai_1)
     1    0.00    0.06    0.10   20.16 v accumulator._2072_/Y (sky130_fd_sc_hd__o21ai_1)
                                         accumulator._1169_ (net)
                  0.06    0.00   20.16 v accumulator._2073_/A1 (sky130_fd_sc_hd__a21oi_1)
     1    0.00    0.10    0.13   20.28 ^ accumulator._2073_/Y (sky130_fd_sc_hd__a21oi_1)
                                         accumulator._1170_ (net)
                  0.10    0.00   20.28 ^ accumulator._2074_/A2 (sky130_fd_sc_hd__o21ai_1)
     1    0.00    0.06    0.07   20.35 v accumulator._2074_/Y (sky130_fd_sc_hd__o21ai_1)
                                         accumulator._1171_ (net)
                  0.06    0.00   20.35 v accumulator._2075_/A2 (sky130_fd_sc_hd__a21o_1)
     1    0.00    0.03    0.18   20.53 v accumulator._2075_/X (sky130_fd_sc_hd__a21o_1)
                                         accumulator._1172_ (net)
                  0.03    0.00   20.53 v accumulator._2076_/A2 (sky130_fd_sc_hd__a21oi_1)
     1    0.00    0.10    0.13   20.66 ^ accumulator._2076_/Y (sky130_fd_sc_hd__a21oi_1)
                                         accumulator._1173_ (net)
                  0.10    0.00   20.66 ^ accumulator._2077_/A2 (sky130_fd_sc_hd__o21ai_1)
     1    0.00    0.06    0.07   20.73 v accumulator._2077_/Y (sky130_fd_sc_hd__o21ai_1)
                                         accumulator._1174_ (net)
                  0.06    0.00   20.73 v accumulator._2078_/A2 (sky130_fd_sc_hd__a21oi_1)
     1    0.00    0.10    0.14   20.87 ^ accumulator._2078_/Y (sky130_fd_sc_hd__a21oi_1)
                                         accumulator._1175_ (net)
                  0.10    0.00   20.87 ^ accumulator._2079_/A2 (sky130_fd_sc_hd__o21bai_1)
     1    0.00    0.05    0.07   20.94 v accumulator._2079_/Y (sky130_fd_sc_hd__o21bai_1)
                                         accumulator._1176_ (net)
                  0.05    0.00   20.94 v accumulator._2082_/A1 (sky130_fd_sc_hd__a21o_2)
     7    0.02    0.08    0.25   21.19 v accumulator._2082_/X (sky130_fd_sc_hd__a21o_2)
                                         accumulator._1180_ (net)
                  0.08    0.00   21.19 v accumulator._2083_/A (sky130_fd_sc_hd__nand2_4)
     5    0.03    0.10    0.11   21.30 ^ accumulator._2083_/Y (sky130_fd_sc_hd__nand2_4)
                                         accumulator._1181_ (net)
                  0.10    0.00   21.30 ^ clone12/A (sky130_fd_sc_hd__clkbuf_16)
     5    0.02    0.04    0.15   21.45 ^ clone12/X (sky130_fd_sc_hd__clkbuf_16)
                                         net69 (net)
                  0.04    0.00   21.45 ^ accumulator._2161_/S (sky130_fd_sc_hd__mux2_2)
     2    0.00    0.05    0.34   21.78 v accumulator._2161_/X (sky130_fd_sc_hd__mux2_2)
                                         accumulator._0096_ (net)
                  0.05    0.00   21.78 v accumulator._2162_/A1 (sky130_fd_sc_hd__mux2_1)
     1    0.00    0.05    0.30   22.08 v accumulator._2162_/X (sky130_fd_sc_hd__mux2_1)
                                         accumulator._0097_ (net)
                  0.05    0.00   22.08 v accumulator._2163_/A1 (sky130_fd_sc_hd__mux2_4)
     3    0.01    0.05    0.28   22.36 v accumulator._2163_/X (sky130_fd_sc_hd__mux2_4)
                                         accumulator._0098_ (net)
                  0.05    0.00   22.36 v accumulator._2311_/A2 (sky130_fd_sc_hd__a211o_1)
     1    0.00    0.05    0.30   22.65 v accumulator._2311_/X (sky130_fd_sc_hd__a211o_1)
                                         accumulator._0245_ (net)
                  0.05    0.00   22.65 v accumulator._2316_/C1 (sky130_fd_sc_hd__o2111a_1)
     1    0.00    0.04    0.12   22.78 v accumulator._2316_/X (sky130_fd_sc_hd__o2111a_1)
                                         accumulator._0023_ (net)
                  0.04    0.00   22.78 v accumulator._2422_/D (sky130_fd_sc_hd__dfxtp_1)
                                 22.78   data arrival time

                         25.00   25.00   clock clock (rise edge)
                          0.00   25.00   clock source latency
     1    0.01    0.04    0.03   25.03 ^ clock (in)
                                         clock (net)
                  0.04    0.00   25.03 ^ clkbuf_0_clock/A (sky130_fd_sc_hd__clkbuf_16)
     4    0.03    0.05    0.13   25.15 ^ clkbuf_0_clock/X (sky130_fd_sc_hd__clkbuf_16)
                                         clknet_0_clock (net)
                  0.05    0.00   25.15 ^ clkbuf_2_1__f_clock/A (sky130_fd_sc_hd__clkbuf_16)
    10    0.02    0.04    0.12   25.28 ^ clkbuf_2_1__f_clock/X (sky130_fd_sc_hd__clkbuf_16)
                                         clknet_2_1__leaf_clock (net)
                  0.04    0.00   25.28 ^ accumulator._2422_/CLK (sky130_fd_sc_hd__dfxtp_1)
                         -0.25   25.03   clock uncertainty
                          0.00   25.03   clock reconvergence pessimism
                         -0.11   24.92   library setup time
                                 24.92   data required time
-----------------------------------------------------------------------------
                                 24.92   data required time
                                -22.78   data arrival time
-----------------------------------------------------------------------------
                                  2.14   slack (MET)


Startpoint: io_inScaleA[7] (input port clocked by clock)
Endpoint: accumulator._2406_ (rising edge-triggered flip-flop clocked by clock)
Path Group: clock
Path Type: max

Fanout     Cap    Slew   Delay    Time   Description
-----------------------------------------------------------------------------
                          0.00    0.00   clock clock (rise edge)
                          0.00    0.00   clock network delay (propagated)
                          5.00    5.00 v input external delay
     1    0.00    0.01    0.00    5.00 v io_inScaleA[7] (in)
                                         io_inScaleA[7] (net)
                  0.01    0.00    5.00 v input16/A (sky130_fd_sc_hd__buf_2)
     5    0.01    0.04    0.13    5.13 v input16/X (sky130_fd_sc_hd__buf_2)
                                         net16 (net)
                  0.04    0.00    5.13 v scaleAdd._421_/A1 (sky130_fd_sc_hd__o21a_4)
     4    0.02    0.05    0.24    5.37 v scaleAdd._421_/X (sky130_fd_sc_hd__o21a_4)
                                         scaleAdd._002_ (net)
                  0.05    0.00    5.37 v scaleAdd._428_/A (sky130_fd_sc_hd__xor2_1)
     2    0.01    0.07    0.18    5.55 v scaleAdd._428_/X (sky130_fd_sc_hd__xor2_1)
                                         scaleAdd._009_ (net)
                  0.07    0.00    5.55 v scaleAdd._429_/A (sky130_fd_sc_hd__xnor2_1)
     2    0.01    0.20    0.23    5.78 ^ scaleAdd._429_/Y (sky130_fd_sc_hd__xnor2_1)
                                         scaleAdd._010_ (net)
                  0.20    0.00    5.78 ^ scaleAdd._431_/B (sky130_fd_sc_hd__xnor2_1)
     2    0.01    0.25    0.20    5.99 ^ scaleAdd._431_/Y (sky130_fd_sc_hd__xnor2_1)
                                         scaleAdd._012_ (net)
                  0.25    0.00    5.99 ^ scaleAdd._432_/B (sky130_fd_sc_hd__xnor2_1)
     2    0.01    0.20    0.19    6.18 ^ scaleAdd._432_/Y (sky130_fd_sc_hd__xnor2_1)
                                         scaleAdd._013_ (net)
                  0.20    0.00    6.18 ^ scaleAdd._435_/A (sky130_fd_sc_hd__xor2_1)
     2    0.01    0.26    0.28    6.46 ^ scaleAdd._435_/X (sky130_fd_sc_hd__xor2_1)
                                         scaleAdd._016_ (net)
                  0.26    0.00    6.46 ^ scaleAdd._436_/A (sky130_fd_sc_hd__xnor2_2)
     2    0.01    0.19    0.18    6.64 ^ scaleAdd._436_/Y (sky130_fd_sc_hd__xnor2_2)
                                         scaleAdd._017_ (net)
                  0.19    0.00    6.64 ^ scaleAdd._438_/B (sky130_fd_sc_hd__xnor2_2)
     2    0.01    0.20    0.17    6.81 ^ scaleAdd._438_/Y (sky130_fd_sc_hd__xnor2_2)
                                         scaleAdd._019_ (net)
                  0.20    0.00    6.81 ^ scaleAdd._439_/A (sky130_fd_sc_hd__xor2_2)
     5    0.02    0.29    0.29    7.10 ^ scaleAdd._439_/X (sky130_fd_sc_hd__xor2_2)
                                         scaleAdd._020_ (net)
                  0.29    0.00    7.10 ^ scaleAdd._443_/B (sky130_fd_sc_hd__xnor2_2)
     1    0.01    0.07    0.12    7.22 v scaleAdd._443_/Y (sky130_fd_sc_hd__xnor2_2)
                                         scaleAdd._024_ (net)
                  0.07    0.00    7.22 v scaleAdd._444_/A (sky130_fd_sc_hd__xnor2_2)
     6    0.01    0.22    0.24    7.46 ^ scaleAdd._444_/Y (sky130_fd_sc_hd__xnor2_2)
                                         scaleAdd._025_ (net)
                  0.22    0.00    7.46 ^ scaleAdd._445_/B_N (sky130_fd_sc_hd__or2b_4)
     3    0.01    0.05    0.31    7.78 v scaleAdd._445_/X (sky130_fd_sc_hd__or2b_4)
                                         scaleAdd._026_ (net)
                  0.05    0.00    7.78 v scaleAdd._448_/B1 (sky130_fd_sc_hd__a22o_1)
     2    0.00    0.05    0.19    7.97 v scaleAdd._448_/X (sky130_fd_sc_hd__a22o_1)
                                         scaleAdd._029_ (net)
                  0.05    0.00    7.97 v scaleAdd._452_/A2 (sky130_fd_sc_hd__a21o_1)
     2    0.00    0.04    0.19    8.16 v scaleAdd._452_/X (sky130_fd_sc_hd__a21o_1)
                                         scaleAdd._033_ (net)
                  0.04    0.00    8.16 v scaleAdd._454_/B2 (sky130_fd_sc_hd__a22o_1)
     3    0.01    0.06    0.22    8.38 v scaleAdd._454_/X (sky130_fd_sc_hd__a22o_1)
                                         scaleAdd._035_ (net)
                  0.06    0.00    8.38 v scaleAdd._456_/B (sky130_fd_sc_hd__and3_1)
     2    0.00    0.05    0.18    8.56 v scaleAdd._456_/X (sky130_fd_sc_hd__and3_1)
                                         scaleAdd._037_ (net)
                  0.05    0.00    8.56 v scaleAdd._458_/B (sky130_fd_sc_hd__or3_4)
     3    0.01    0.07    0.38    8.95 v scaleAdd._458_/X (sky130_fd_sc_hd__or3_4)
                                         scaleAdd._039_ (net)
                  0.07    0.00    8.95 v scaleAdd._492_/A1 (sky130_fd_sc_hd__a21o_1)
     3    0.01    0.07    0.21    9.15 v scaleAdd._492_/X (sky130_fd_sc_hd__a21o_1)
                                         scaleAdd._072_ (net)
                  0.07    0.00    9.15 v scaleAdd._539_/A1 (sky130_fd_sc_hd__a21oi_4)
     4    0.01    0.13    0.16    9.31 ^ scaleAdd._539_/Y (sky130_fd_sc_hd__a21oi_4)
                                         scaleAdd._118_ (net)
                  0.13    0.00    9.31 ^ scaleAdd._603_/A3 (sky130_fd_sc_hd__o311ai_2)
     3    0.01    0.10    0.11    9.42 v scaleAdd._603_/Y (sky130_fd_sc_hd__o311ai_2)
                                         scaleAdd._180_ (net)
                  0.10    0.00    9.42 v scaleAdd._652_/A1 (sky130_fd_sc_hd__a311o_1)
     3    0.01    0.07    0.31    9.72 v scaleAdd._652_/X (sky130_fd_sc_hd__a311o_1)
                                         scaleAdd._227_ (net)
                  0.07    0.00    9.72 v scaleAdd._688_/A1 (sky130_fd_sc_hd__a311o_1)
     3    0.01    0.10    0.33   10.06 v scaleAdd._688_/X (sky130_fd_sc_hd__a311o_1)
                                         scaleAdd._261_ (net)
                  0.10    0.00   10.06 v scaleAdd._708_/A1 (sky130_fd_sc_hd__a31oi_4)
     2    0.01    0.14    0.16   10.22 ^ scaleAdd._708_/Y (sky130_fd_sc_hd__a31oi_4)
                                         scaleAdd._279_ (net)
                  0.14    0.00   10.22 ^ rebuffer17/A (sky130_fd_sc_hd__buf_6)
     1    0.00    0.03    0.12   10.34 ^ rebuffer17/X (sky130_fd_sc_hd__buf_6)
                                         net74 (net)
                  0.03    0.00   10.34 ^ rebuffer10/A (sky130_fd_sc_hd__buf_6)
     1    0.02    0.05    0.10   10.44 ^ rebuffer10/X (sky130_fd_sc_hd__buf_6)
                                         net67 (net)
                  0.05    0.00   10.44 ^ scaleAdd._709_/A (sky130_fd_sc_hd__xnor2_4)
     4    0.01    0.06    0.08   10.52 v scaleAdd._709_/Y (sky130_fd_sc_hd__xnor2_4)
                                         accumulator.io_inMant[16] (net)
                  0.06    0.00   10.52 v accumulator._1204_/B (sky130_fd_sc_hd__or4_4)
     4    0.01    0.09    0.55   11.07 v accumulator._1204_/X (sky130_fd_sc_hd__or4_4)
                                         accumulator._0065_ (net)
                  0.09    0.00   11.07 v accumulator._1206_/B (sky130_fd_sc_hd__or2_4)
     3    0.01    0.05    0.26   11.32 v accumulator._1206_/X (sky130_fd_sc_hd__or2_4)
                                         accumulator._0085_ (net)
                  0.05    0.00   11.32 v accumulator._1207_/B (sky130_fd_sc_hd__or2_4)
     4    0.01    0.05    0.24   11.57 v accumulator._1207_/X (sky130_fd_sc_hd__or2_4)
                                         accumulator._0095_ (net)
                  0.05    0.00   11.57 v accumulator._1240_/B (sky130_fd_sc_hd__and2_1)
     2    0.00    0.04    0.17   11.73 v accumulator._1240_/X (sky130_fd_sc_hd__and2_1)
                                         accumulator._0339_ (net)
                  0.04    0.00   11.73 v accumulator._1241_/C1 (sky130_fd_sc_hd__a311o_1)
     3    0.01    0.07    0.30   12.03 v accumulator._1241_/X (sky130_fd_sc_hd__a311o_1)
                                         accumulator._0340_ (net)
                  0.07    0.00   12.03 v accumulator._1255_/A1 (sky130_fd_sc_hd__a21o_1)
     2    0.00    0.04    0.18   12.21 v accumulator._1255_/X (sky130_fd_sc_hd__a21o_1)
                                         accumulator._0354_ (net)
                  0.04    0.00   12.21 v accumulator._1257_/A2 (sky130_fd_sc_hd__a211o_1)
     3    0.01    0.06    0.31   12.53 v accumulator._1257_/X (sky130_fd_sc_hd__a211o_1)
                                         accumulator._0356_ (net)
                  0.06    0.00   12.53 v accumulator._1263_/B (sky130_fd_sc_hd__and2_4)
     5    0.01    0.04    0.18   12.70 v accumulator._1263_/X (sky130_fd_sc_hd__and2_4)
                                         accumulator._0362_ (net)
                  0.04    0.00   12.70 v accumulator._1274_/C (sky130_fd_sc_hd__or4_4)
     4    0.01    0.10    0.52   13.22 v accumulator._1274_/X (sky130_fd_sc_hd__or4_4)
                                         accumulator._0373_ (net)
                  0.10    0.00   13.22 v accumulator._1276_/A1 (sky130_fd_sc_hd__a21o_1)
     2    0.01    0.05    0.19   13.41 v accumulator._1276_/X (sky130_fd_sc_hd__a21o_1)
                                         accumulator._0375_ (net)
                  0.05    0.00   13.41 v accumulator._1278_/A1 (sky130_fd_sc_hd__a21o_4)
     2    0.02    0.05    0.23   13.64 v accumulator._1278_/X (sky130_fd_sc_hd__a21o_4)
                                         accumulator._0377_ (net)
                  0.05    0.00   13.64 v accumulator._1284_/A2 (sky130_fd_sc_hd__a21o_1)
     2    0.01    0.05    0.20   13.84 v accumulator._1284_/X (sky130_fd_sc_hd__a21o_1)
                                         accumulator._0383_ (net)
                  0.05    0.00   13.84 v accumulator._1285_/A2 (sky130_fd_sc_hd__a21o_4)
     2    0.02    0.05    0.25   14.09 v accumulator._1285_/X (sky130_fd_sc_hd__a21o_4)
                                         accumulator._0384_ (net)
                  0.05    0.00   14.09 v accumulator._1290_/A2 (sky130_fd_sc_hd__a21o_1)
     2    0.02    0.09    0.25   14.34 v accumulator._1290_/X (sky130_fd_sc_hd__a21o_1)
                                         accumulator._0389_ (net)
                  0.09    0.00   14.34 v accumulator._1293_/A2 (sky130_fd_sc_hd__a21boi_4)
     3    0.02    0.19    0.24   14.58 ^ accumulator._1293_/Y (sky130_fd_sc_hd__a21boi_4)
                                         accumulator._0392_ (net)
                  0.19    0.00   14.58 ^ accumulator._1302_/A (sky130_fd_sc_hd__xor2_2)
     4    0.01    0.18    0.21   14.79 ^ accumulator._1302_/X (sky130_fd_sc_hd__xor2_2)
                                         accumulator._0401_ (net)
                  0.18    0.00   14.79 ^ accumulator._1303_/A (sky130_fd_sc_hd__buf_6)
     6    0.02    0.05    0.15   14.94 ^ accumulator._1303_/X (sky130_fd_sc_hd__buf_6)
                                         accumulator._0402_ (net)
                  0.05    0.00   14.94 ^ accumulator._1335_/S (sky130_fd_sc_hd__mux2_4)
     5    0.01    0.06    0.33   15.27 v accumulator._1335_/X (sky130_fd_sc_hd__mux2_4)
                                         accumulator._0432_ (net)
                  0.06    0.00   15.27 v accumulator._1336_/A (sky130_fd_sc_hd__buf_2)
    10    0.02    0.07    0.18   15.45 v accumulator._1336_/X (sky130_fd_sc_hd__buf_2)
                                         accumulator._0433_ (net)
                  0.07    0.00   15.45 v accumulator._1373_/A1 (sky130_fd_sc_hd__a21o_1)
     2    0.00    0.04    0.17   15.62 v accumulator._1373_/X (sky130_fd_sc_hd__a21o_1)
                                         accumulator._0470_ (net)
                  0.04    0.00   15.62 v accumulator._1380_/A2 (sky130_fd_sc_hd__a21o_1)
     2    0.00    0.04    0.18   15.80 v accumulator._1380_/X (sky130_fd_sc_hd__a21o_1)
                                         accumulator._0477_ (net)
                  0.04    0.00   15.80 v accumulator._1403_/A (sky130_fd_sc_hd__and2_1)
     2    0.00    0.04    0.14   15.95 v accumulator._1403_/X (sky130_fd_sc_hd__and2_1)
                                         accumulator._0500_ (net)
                  0.04    0.00   15.95 v accumulator._1427_/A2 (sky130_fd_sc_hd__a211o_1)
     1    0.00    0.05    0.29   16.24 v accumulator._1427_/X (sky130_fd_sc_hd__a211o_1)
                                         accumulator._0524_ (net)
                  0.05    0.00   16.24 v accumulator._1505_/A2 (sky130_fd_sc_hd__a32o_2)
     4    0.01    0.07    0.31   16.55 v accumulator._1505_/X (sky130_fd_sc_hd__a32o_2)
                                         accumulator._0602_ (net)
                  0.07    0.00   16.55 v accumulator._1507_/A (sky130_fd_sc_hd__xnor2_2)
     3    0.01    0.23    0.25   16.80 ^ accumulator._1507_/Y (sky130_fd_sc_hd__xnor2_2)
                                         accumulator._0604_ (net)
                  0.23    0.00   16.80 ^ accumulator._1837_/A1 (sky130_fd_sc_hd__a311o_1)
     2    0.00    0.07    0.22   17.01 ^ accumulator._1837_/X (sky130_fd_sc_hd__a311o_1)
                                         accumulator._0934_ (net)
                  0.07    0.00   17.01 ^ accumulator._1839_/A3 (sky130_fd_sc_hd__a311o_1)
     3    0.01    0.10    0.21   17.22 ^ accumulator._1839_/X (sky130_fd_sc_hd__a311o_1)
                                         accumulator._0936_ (net)
                  0.10    0.00   17.22 ^ accumulator._1842_/A1 (sky130_fd_sc_hd__a311o_1)
     2    0.01    0.10    0.20   17.42 ^ accumulator._1842_/X (sky130_fd_sc_hd__a311o_1)
                                         accumulator._0939_ (net)
                  0.10    0.00   17.42 ^ accumulator._1844_/A1 (sky130_fd_sc_hd__a31oi_2)
     3    0.01    0.08    0.10   17.53 v accumulator._1844_/Y (sky130_fd_sc_hd__a31oi_2)
                                         accumulator._0941_ (net)
                  0.08    0.00   17.53 v accumulator._1846_/A1 (sky130_fd_sc_hd__a211o_1)
     3    0.01    0.06    0.30   17.82 v accumulator._1846_/X (sky130_fd_sc_hd__a211o_1)
                                         accumulator._0943_ (net)
                  0.06    0.00   17.82 v accumulator._1847_/A1 (sky130_fd_sc_hd__a311o_1)
     3    0.01    0.08    0.32   18.14 v accumulator._1847_/X (sky130_fd_sc_hd__a311o_1)
                                         accumulator._0944_ (net)
                  0.08    0.00   18.14 v accumulator._1855_/A3 (sky130_fd_sc_hd__o311a_4)
     4    0.01    0.07    0.36   18.50 v accumulator._1855_/X (sky130_fd_sc_hd__o311a_4)
                                         accumulator._0952_ (net)
                  0.07    0.00   18.50 v accumulator._1866_/A3 (sky130_fd_sc_hd__o31ai_4)
     3    0.01    0.19    0.20   18.69 ^ accumulator._1866_/Y (sky130_fd_sc_hd__o31ai_4)
                                         accumulator._0963_ (net)
                  0.19    0.00   18.69 ^ accumulator._1867_/B (sky130_fd_sc_hd__nand3b_1)
     1    0.00    0.06    0.10   18.79 v accumulator._1867_/Y (sky130_fd_sc_hd__nand3b_1)
                                         accumulator._0964_ (net)
                  0.06    0.00   18.79 v accumulator._1868_/C1 (sky130_fd_sc_hd__o211a_1)
     3    0.01    0.07    0.15   18.93 v accumulator._1868_/X (sky130_fd_sc_hd__o211a_1)
                                         accumulator._0965_ (net)
                  0.07    0.00   18.93 v accumulator._1871_/A3 (sky130_fd_sc_hd__o41a_4)
     7    0.02    0.09    0.48   19.42 v accumulator._1871_/X (sky130_fd_sc_hd__o41a_4)
                                         accumulator._0968_ (net)
                  0.09    0.00   19.42 v accumulator._1872_/A (sky130_fd_sc_hd__and2_4)
     5    0.01    0.04    0.17   19.59 v accumulator._1872_/X (sky130_fd_sc_hd__and2_4)
                                         accumulator._0969_ (net)
                  0.04    0.00   19.59 v accumulator._1895_/A (sky130_fd_sc_hd__buf_6)
    10    0.03    0.04    0.14   19.73 v accumulator._1895_/X (sky130_fd_sc_hd__buf_6)
                                         accumulator._0992_ (net)
                  0.04    0.00   19.73 v accumulator._1912_/A (sky130_fd_sc_hd__nor2_4)
     1    0.01    0.09    0.12   19.85 ^ accumulator._1912_/Y (sky130_fd_sc_hd__nor2_4)
                                         accumulator._1009_ (net)
                  0.09    0.00   19.85 ^ accumulator._1913_/A (sky130_fd_sc_hd__xor2_2)
     5    0.01    0.21    0.21   20.06 ^ accumulator._1913_/X (sky130_fd_sc_hd__xor2_2)
                                         accumulator._1010_ (net)
                  0.21    0.00   20.06 ^ accumulator._2072_/B1 (sky130_fd_sc_hd__o21ai_1)
     1    0.00    0.06    0.10   20.16 v accumulator._2072_/Y (sky130_fd_sc_hd__o21ai_1)
                                         accumulator._1169_ (net)
                  0.06    0.00   20.16 v accumulator._2073_/A1 (sky130_fd_sc_hd__a21oi_1)
     1    0.00    0.10    0.13   20.28 ^ accumulator._2073_/Y (sky130_fd_sc_hd__a21oi_1)
                                         accumulator._1170_ (net)
                  0.10    0.00   20.28 ^ accumulator._2074_/A2 (sky130_fd_sc_hd__o21ai_1)
     1    0.00    0.06    0.07   20.35 v accumulator._2074_/Y (sky130_fd_sc_hd__o21ai_1)
                                         accumulator._1171_ (net)
                  0.06    0.00   20.35 v accumulator._2075_/A2 (sky130_fd_sc_hd__a21o_1)
     1    0.00    0.03    0.18   20.53 v accumulator._2075_/X (sky130_fd_sc_hd__a21o_1)
                                         accumulator._1172_ (net)
                  0.03    0.00   20.53 v accumulator._2076_/A2 (sky130_fd_sc_hd__a21oi_1)
     1    0.00    0.10    0.13   20.66 ^ accumulator._2076_/Y (sky130_fd_sc_hd__a21oi_1)
                                         accumulator._1173_ (net)
                  0.10    0.00   20.66 ^ accumulator._2077_/A2 (sky130_fd_sc_hd__o21ai_1)
     1    0.00    0.06    0.07   20.73 v accumulator._2077_/Y (sky130_fd_sc_hd__o21ai_1)
                                         accumulator._1174_ (net)
                  0.06    0.00   20.73 v accumulator._2078_/A2 (sky130_fd_sc_hd__a21oi_1)
     1    0.00    0.10    0.14   20.87 ^ accumulator._2078_/Y (sky130_fd_sc_hd__a21oi_1)
                                         accumulator._1175_ (net)
                  0.10    0.00   20.87 ^ accumulator._2079_/A2 (sky130_fd_sc_hd__o21bai_1)
     1    0.00    0.05    0.07   20.94 v accumulator._2079_/Y (sky130_fd_sc_hd__o21bai_1)
                                         accumulator._1176_ (net)
                  0.05    0.00   20.94 v accumulator._2082_/A1 (sky130_fd_sc_hd__a21o_2)
     7    0.02    0.08    0.25   21.19 v accumulator._2082_/X (sky130_fd_sc_hd__a21o_2)
                                         accumulator._1180_ (net)
                  0.08    0.00   21.19 v accumulator._2083_/A (sky130_fd_sc_hd__nand2_4)
     5    0.03    0.10    0.11   21.30 ^ accumulator._2083_/Y (sky130_fd_sc_hd__nand2_4)
                                         accumulator._1181_ (net)
                  0.10    0.00   21.30 ^ clone12/A (sky130_fd_sc_hd__clkbuf_16)
     5    0.02    0.04    0.15   21.45 ^ clone12/X (sky130_fd_sc_hd__clkbuf_16)
                                         net69 (net)
                  0.04    0.00   21.45 ^ accumulator._2161_/S (sky130_fd_sc_hd__mux2_2)
     2    0.00    0.05    0.34   21.78 v accumulator._2161_/X (sky130_fd_sc_hd__mux2_2)
                                         accumulator._0096_ (net)
                  0.05    0.00   21.78 v accumulator._2162_/A1 (sky130_fd_sc_hd__mux2_1)
     1    0.00    0.05    0.30   22.08 v accumulator._2162_/X (sky130_fd_sc_hd__mux2_1)
                                         accumulator._0097_ (net)
                  0.05    0.00   22.08 v accumulator._2163_/A1 (sky130_fd_sc_hd__mux2_4)
     3    0.01    0.05    0.28   22.36 v accumulator._2163_/X (sky130_fd_sc_hd__mux2_4)
                                         accumulator._0098_ (net)
                  0.05    0.00   22.36 v accumulator._2166_/A2 (sky130_fd_sc_hd__o211a_1)
     1    0.00    0.04    0.21   22.57 v accumulator._2166_/X (sky130_fd_sc_hd__o211a_1)
                                         accumulator._0101_ (net)
                  0.04    0.00   22.57 v accumulator._2168_/A1 (sky130_fd_sc_hd__o21a_1)
     1    0.00    0.03    0.18   22.74 v accumulator._2168_/X (sky130_fd_sc_hd__o21a_1)
                                         accumulator._0007_ (net)
                  0.03    0.00   22.74 v accumulator._2406_/D (sky130_fd_sc_hd__dfxtp_2)
                                 22.74   data arrival time

                         25.00   25.00   clock clock (rise edge)
                          0.00   25.00   clock source latency
     1    0.01    0.04    0.03   25.03 ^ clock (in)
                                         clock (net)
                  0.04    0.00   25.03 ^ clkbuf_0_clock/A (sky130_fd_sc_hd__clkbuf_16)
     4    0.03    0.05    0.13   25.15 ^ clkbuf_0_clock/X (sky130_fd_sc_hd__clkbuf_16)
                                         clknet_0_clock (net)
                  0.05    0.00   25.15 ^ clkbuf_2_2__f_clock/A (sky130_fd_sc_hd__clkbuf_16)
    10    0.02    0.04    0.12   25.28 ^ clkbuf_2_2__f_clock/X (sky130_fd_sc_hd__clkbuf_16)
                                         clknet_2_2__leaf_clock (net)
                  0.04    0.00   25.28 ^ accumulator._2406_/CLK (sky130_fd_sc_hd__dfxtp_2)
                         -0.25   25.03   clock uncertainty
                          0.00   25.03   clock reconvergence pessimism
                         -0.11   24.92   library setup time
                                 24.92   data required time
-----------------------------------------------------------------------------
                                 24.92   data required time
                                -22.74   data arrival time
-----------------------------------------------------------------------------
                                  2.18   slack (MET)


Startpoint: io_inScaleA[7] (input port clocked by clock)
Endpoint: accumulator._2418_ (rising edge-triggered flip-flop clocked by clock)
Path Group: clock
Path Type: max

Fanout     Cap    Slew   Delay    Time   Description
-----------------------------------------------------------------------------
                          0.00    0.00   clock clock (rise edge)
                          0.00    0.00   clock network delay (propagated)
                          5.00    5.00 v input external delay
     1    0.00    0.01    0.00    5.00 v io_inScaleA[7] (in)
                                         io_inScaleA[7] (net)
                  0.01    0.00    5.00 v input16/A (sky130_fd_sc_hd__buf_2)
     5    0.01    0.04    0.13    5.13 v input16/X (sky130_fd_sc_hd__buf_2)
                                         net16 (net)
                  0.04    0.00    5.13 v scaleAdd._421_/A1 (sky130_fd_sc_hd__o21a_4)
     4    0.02    0.05    0.24    5.37 v scaleAdd._421_/X (sky130_fd_sc_hd__o21a_4)
                                         scaleAdd._002_ (net)
                  0.05    0.00    5.37 v scaleAdd._428_/A (sky130_fd_sc_hd__xor2_1)
     2    0.01    0.07    0.18    5.55 v scaleAdd._428_/X (sky130_fd_sc_hd__xor2_1)
                                         scaleAdd._009_ (net)
                  0.07    0.00    5.55 v scaleAdd._429_/A (sky130_fd_sc_hd__xnor2_1)
     2    0.01    0.20    0.23    5.78 ^ scaleAdd._429_/Y (sky130_fd_sc_hd__xnor2_1)
                                         scaleAdd._010_ (net)
                  0.20    0.00    5.78 ^ scaleAdd._431_/B (sky130_fd_sc_hd__xnor2_1)
     2    0.01    0.25    0.20    5.99 ^ scaleAdd._431_/Y (sky130_fd_sc_hd__xnor2_1)
                                         scaleAdd._012_ (net)
                  0.25    0.00    5.99 ^ scaleAdd._432_/B (sky130_fd_sc_hd__xnor2_1)
     2    0.01    0.20    0.19    6.18 ^ scaleAdd._432_/Y (sky130_fd_sc_hd__xnor2_1)
                                         scaleAdd._013_ (net)
                  0.20    0.00    6.18 ^ scaleAdd._435_/A (sky130_fd_sc_hd__xor2_1)
     2    0.01    0.26    0.28    6.46 ^ scaleAdd._435_/X (sky130_fd_sc_hd__xor2_1)
                                         scaleAdd._016_ (net)
                  0.26    0.00    6.46 ^ scaleAdd._436_/A (sky130_fd_sc_hd__xnor2_2)
     2    0.01    0.19    0.18    6.64 ^ scaleAdd._436_/Y (sky130_fd_sc_hd__xnor2_2)
                                         scaleAdd._017_ (net)
                  0.19    0.00    6.64 ^ scaleAdd._438_/B (sky130_fd_sc_hd__xnor2_2)
     2    0.01    0.20    0.17    6.81 ^ scaleAdd._438_/Y (sky130_fd_sc_hd__xnor2_2)
                                         scaleAdd._019_ (net)
                  0.20    0.00    6.81 ^ scaleAdd._439_/A (sky130_fd_sc_hd__xor2_2)
     5    0.02    0.29    0.29    7.10 ^ scaleAdd._439_/X (sky130_fd_sc_hd__xor2_2)
                                         scaleAdd._020_ (net)
                  0.29    0.00    7.10 ^ scaleAdd._443_/B (sky130_fd_sc_hd__xnor2_2)
     1    0.01    0.07    0.12    7.22 v scaleAdd._443_/Y (sky130_fd_sc_hd__xnor2_2)
                                         scaleAdd._024_ (net)
                  0.07    0.00    7.22 v scaleAdd._444_/A (sky130_fd_sc_hd__xnor2_2)
     6    0.01    0.22    0.24    7.46 ^ scaleAdd._444_/Y (sky130_fd_sc_hd__xnor2_2)
                                         scaleAdd._025_ (net)
                  0.22    0.00    7.46 ^ scaleAdd._445_/B_N (sky130_fd_sc_hd__or2b_4)
     3    0.01    0.05    0.31    7.78 v scaleAdd._445_/X (sky130_fd_sc_hd__or2b_4)
                                         scaleAdd._026_ (net)
                  0.05    0.00    7.78 v scaleAdd._448_/B1 (sky130_fd_sc_hd__a22o_1)
     2    0.00    0.05    0.19    7.97 v scaleAdd._448_/X (sky130_fd_sc_hd__a22o_1)
                                         scaleAdd._029_ (net)
                  0.05    0.00    7.97 v scaleAdd._452_/A2 (sky130_fd_sc_hd__a21o_1)
     2    0.00    0.04    0.19    8.16 v scaleAdd._452_/X (sky130_fd_sc_hd__a21o_1)
                                         scaleAdd._033_ (net)
                  0.04    0.00    8.16 v scaleAdd._454_/B2 (sky130_fd_sc_hd__a22o_1)
     3    0.01    0.06    0.22    8.38 v scaleAdd._454_/X (sky130_fd_sc_hd__a22o_1)
                                         scaleAdd._035_ (net)
                  0.06    0.00    8.38 v scaleAdd._456_/B (sky130_fd_sc_hd__and3_1)
     2    0.00    0.05    0.18    8.56 v scaleAdd._456_/X (sky130_fd_sc_hd__and3_1)
                                         scaleAdd._037_ (net)
                  0.05    0.00    8.56 v scaleAdd._458_/B (sky130_fd_sc_hd__or3_4)
     3    0.01    0.07    0.38    8.95 v scaleAdd._458_/X (sky130_fd_sc_hd__or3_4)
                                         scaleAdd._039_ (net)
                  0.07    0.00    8.95 v scaleAdd._492_/A1 (sky130_fd_sc_hd__a21o_1)
     3    0.01    0.07    0.21    9.15 v scaleAdd._492_/X (sky130_fd_sc_hd__a21o_1)
                                         scaleAdd._072_ (net)
                  0.07    0.00    9.15 v scaleAdd._539_/A1 (sky130_fd_sc_hd__a21oi_4)
     4    0.01    0.13    0.16    9.31 ^ scaleAdd._539_/Y (sky130_fd_sc_hd__a21oi_4)
                                         scaleAdd._118_ (net)
                  0.13    0.00    9.31 ^ scaleAdd._603_/A3 (sky130_fd_sc_hd__o311ai_2)
     3    0.01    0.10    0.11    9.42 v scaleAdd._603_/Y (sky130_fd_sc_hd__o311ai_2)
                                         scaleAdd._180_ (net)
                  0.10    0.00    9.42 v scaleAdd._652_/A1 (sky130_fd_sc_hd__a311o_1)
     3    0.01    0.07    0.31    9.72 v scaleAdd._652_/X (sky130_fd_sc_hd__a311o_1)
                                         scaleAdd._227_ (net)
                  0.07    0.00    9.72 v scaleAdd._688_/A1 (sky130_fd_sc_hd__a311o_1)
     3    0.01    0.10    0.33   10.06 v scaleAdd._688_/X (sky130_fd_sc_hd__a311o_1)
                                         scaleAdd._261_ (net)
                  0.10    0.00   10.06 v scaleAdd._708_/A1 (sky130_fd_sc_hd__a31oi_4)
     2    0.01    0.14    0.16   10.22 ^ scaleAdd._708_/Y (sky130_fd_sc_hd__a31oi_4)
                                         scaleAdd._279_ (net)
                  0.14    0.00   10.22 ^ rebuffer17/A (sky130_fd_sc_hd__buf_6)
     1    0.00    0.03    0.12   10.34 ^ rebuffer17/X (sky130_fd_sc_hd__buf_6)
                                         net74 (net)
                  0.03    0.00   10.34 ^ rebuffer10/A (sky130_fd_sc_hd__buf_6)
     1    0.02    0.05    0.10   10.44 ^ rebuffer10/X (sky130_fd_sc_hd__buf_6)
                                         net67 (net)
                  0.05    0.00   10.44 ^ scaleAdd._709_/A (sky130_fd_sc_hd__xnor2_4)
     4    0.01    0.06    0.08   10.52 v scaleAdd._709_/Y (sky130_fd_sc_hd__xnor2_4)
                                         accumulator.io_inMant[16] (net)
                  0.06    0.00   10.52 v accumulator._1204_/B (sky130_fd_sc_hd__or4_4)
     4    0.01    0.09    0.55   11.07 v accumulator._1204_/X (sky130_fd_sc_hd__or4_4)
                                         accumulator._0065_ (net)
                  0.09    0.00   11.07 v accumulator._1206_/B (sky130_fd_sc_hd__or2_4)
     3    0.01    0.05    0.26   11.32 v accumulator._1206_/X (sky130_fd_sc_hd__or2_4)
                                         accumulator._0085_ (net)
                  0.05    0.00   11.32 v accumulator._1207_/B (sky130_fd_sc_hd__or2_4)
     4    0.01    0.05    0.24   11.57 v accumulator._1207_/X (sky130_fd_sc_hd__or2_4)
                                         accumulator._0095_ (net)
                  0.05    0.00   11.57 v accumulator._1240_/B (sky130_fd_sc_hd__and2_1)
     2    0.00    0.04    0.17   11.73 v accumulator._1240_/X (sky130_fd_sc_hd__and2_1)
                                         accumulator._0339_ (net)
                  0.04    0.00   11.73 v accumulator._1241_/C1 (sky130_fd_sc_hd__a311o_1)
     3    0.01    0.07    0.30   12.03 v accumulator._1241_/X (sky130_fd_sc_hd__a311o_1)
                                         accumulator._0340_ (net)
                  0.07    0.00   12.03 v accumulator._1255_/A1 (sky130_fd_sc_hd__a21o_1)
     2    0.00    0.04    0.18   12.21 v accumulator._1255_/X (sky130_fd_sc_hd__a21o_1)
                                         accumulator._0354_ (net)
                  0.04    0.00   12.21 v accumulator._1257_/A2 (sky130_fd_sc_hd__a211o_1)
     3    0.01    0.06    0.31   12.53 v accumulator._1257_/X (sky130_fd_sc_hd__a211o_1)
                                         accumulator._0356_ (net)
                  0.06    0.00   12.53 v accumulator._1263_/B (sky130_fd_sc_hd__and2_4)
     5    0.01    0.04    0.18   12.70 v accumulator._1263_/X (sky130_fd_sc_hd__and2_4)
                                         accumulator._0362_ (net)
                  0.04    0.00   12.70 v accumulator._1274_/C (sky130_fd_sc_hd__or4_4)
     4    0.01    0.10    0.52   13.22 v accumulator._1274_/X (sky130_fd_sc_hd__or4_4)
                                         accumulator._0373_ (net)
                  0.10    0.00   13.22 v accumulator._1276_/A1 (sky130_fd_sc_hd__a21o_1)
     2    0.01    0.05    0.19   13.41 v accumulator._1276_/X (sky130_fd_sc_hd__a21o_1)
                                         accumulator._0375_ (net)
                  0.05    0.00   13.41 v accumulator._1278_/A1 (sky130_fd_sc_hd__a21o_4)
     2    0.02    0.05    0.23   13.64 v accumulator._1278_/X (sky130_fd_sc_hd__a21o_4)
                                         accumulator._0377_ (net)
                  0.05    0.00   13.64 v accumulator._1284_/A2 (sky130_fd_sc_hd__a21o_1)
     2    0.01    0.05    0.20   13.84 v accumulator._1284_/X (sky130_fd_sc_hd__a21o_1)
                                         accumulator._0383_ (net)
                  0.05    0.00   13.84 v accumulator._1285_/A2 (sky130_fd_sc_hd__a21o_4)
     2    0.02    0.05    0.25   14.09 v accumulator._1285_/X (sky130_fd_sc_hd__a21o_4)
                                         accumulator._0384_ (net)
                  0.05    0.00   14.09 v accumulator._1290_/A2 (sky130_fd_sc_hd__a21o_1)
     2    0.02    0.09    0.25   14.34 v accumulator._1290_/X (sky130_fd_sc_hd__a21o_1)
                                         accumulator._0389_ (net)
                  0.09    0.00   14.34 v accumulator._1293_/A2 (sky130_fd_sc_hd__a21boi_4)
     3    0.02    0.19    0.24   14.58 ^ accumulator._1293_/Y (sky130_fd_sc_hd__a21boi_4)
                                         accumulator._0392_ (net)
                  0.19    0.00   14.58 ^ accumulator._1302_/A (sky130_fd_sc_hd__xor2_2)
     4    0.01    0.18    0.21   14.79 ^ accumulator._1302_/X (sky130_fd_sc_hd__xor2_2)
                                         accumulator._0401_ (net)
                  0.18    0.00   14.79 ^ accumulator._1303_/A (sky130_fd_sc_hd__buf_6)
     6    0.02    0.05    0.15   14.94 ^ accumulator._1303_/X (sky130_fd_sc_hd__buf_6)
                                         accumulator._0402_ (net)
                  0.05    0.00   14.94 ^ accumulator._1335_/S (sky130_fd_sc_hd__mux2_4)
     5    0.01    0.06    0.33   15.27 v accumulator._1335_/X (sky130_fd_sc_hd__mux2_4)
                                         accumulator._0432_ (net)
                  0.06    0.00   15.27 v accumulator._1336_/A (sky130_fd_sc_hd__buf_2)
    10    0.02    0.07    0.18   15.45 v accumulator._1336_/X (sky130_fd_sc_hd__buf_2)
                                         accumulator._0433_ (net)
                  0.07    0.00   15.45 v accumulator._1373_/A1 (sky130_fd_sc_hd__a21o_1)
     2    0.00    0.04    0.17   15.62 v accumulator._1373_/X (sky130_fd_sc_hd__a21o_1)
                                         accumulator._0470_ (net)
                  0.04    0.00   15.62 v accumulator._1380_/A2 (sky130_fd_sc_hd__a21o_1)
     2    0.00    0.04    0.18   15.80 v accumulator._1380_/X (sky130_fd_sc_hd__a21o_1)
                                         accumulator._0477_ (net)
                  0.04    0.00   15.80 v accumulator._1403_/A (sky130_fd_sc_hd__and2_1)
     2    0.00    0.04    0.14   15.95 v accumulator._1403_/X (sky130_fd_sc_hd__and2_1)
                                         accumulator._0500_ (net)
                  0.04    0.00   15.95 v accumulator._1427_/A2 (sky130_fd_sc_hd__a211o_1)
     1    0.00    0.05    0.29   16.24 v accumulator._1427_/X (sky130_fd_sc_hd__a211o_1)
                                         accumulator._0524_ (net)
                  0.05    0.00   16.24 v accumulator._1505_/A2 (sky130_fd_sc_hd__a32o_2)
     4    0.01    0.07    0.31   16.55 v accumulator._1505_/X (sky130_fd_sc_hd__a32o_2)
                                         accumulator._0602_ (net)
                  0.07    0.00   16.55 v accumulator._1507_/A (sky130_fd_sc_hd__xnor2_2)
     3    0.01    0.23    0.25   16.80 ^ accumulator._1507_/Y (sky130_fd_sc_hd__xnor2_2)
                                         accumulator._0604_ (net)
                  0.23    0.00   16.80 ^ accumulator._1837_/A1 (sky130_fd_sc_hd__a311o_1)
     2    0.00    0.07    0.22   17.01 ^ accumulator._1837_/X (sky130_fd_sc_hd__a311o_1)
                                         accumulator._0934_ (net)
                  0.07    0.00   17.01 ^ accumulator._1839_/A3 (sky130_fd_sc_hd__a311o_1)
     3    0.01    0.10    0.21   17.22 ^ accumulator._1839_/X (sky130_fd_sc_hd__a311o_1)
                                         accumulator._0936_ (net)
                  0.10    0.00   17.22 ^ accumulator._1842_/A1 (sky130_fd_sc_hd__a311o_1)
     2    0.01    0.10    0.20   17.42 ^ accumulator._1842_/X (sky130_fd_sc_hd__a311o_1)
                                         accumulator._0939_ (net)
                  0.10    0.00   17.42 ^ accumulator._1844_/A1 (sky130_fd_sc_hd__a31oi_2)
     3    0.01    0.08    0.10   17.53 v accumulator._1844_/Y (sky130_fd_sc_hd__a31oi_2)
                                         accumulator._0941_ (net)
                  0.08    0.00   17.53 v accumulator._1846_/A1 (sky130_fd_sc_hd__a211o_1)
     3    0.01    0.06    0.30   17.82 v accumulator._1846_/X (sky130_fd_sc_hd__a211o_1)
                                         accumulator._0943_ (net)
                  0.06    0.00   17.82 v accumulator._1847_/A1 (sky130_fd_sc_hd__a311o_1)
     3    0.01    0.08    0.32   18.14 v accumulator._1847_/X (sky130_fd_sc_hd__a311o_1)
                                         accumulator._0944_ (net)
                  0.08    0.00   18.14 v accumulator._1855_/A3 (sky130_fd_sc_hd__o311a_4)
     4    0.01    0.07    0.36   18.50 v accumulator._1855_/X (sky130_fd_sc_hd__o311a_4)
                                         accumulator._0952_ (net)
                  0.07    0.00   18.50 v accumulator._1866_/A3 (sky130_fd_sc_hd__o31ai_4)
     3    0.01    0.19    0.20   18.69 ^ accumulator._1866_/Y (sky130_fd_sc_hd__o31ai_4)
                                         accumulator._0963_ (net)
                  0.19    0.00   18.69 ^ accumulator._1867_/B (sky130_fd_sc_hd__nand3b_1)
     1    0.00    0.06    0.10   18.79 v accumulator._1867_/Y (sky130_fd_sc_hd__nand3b_1)
                                         accumulator._0964_ (net)
                  0.06    0.00   18.79 v accumulator._1868_/C1 (sky130_fd_sc_hd__o211a_1)
     3    0.01    0.07    0.15   18.93 v accumulator._1868_/X (sky130_fd_sc_hd__o211a_1)
                                         accumulator._0965_ (net)
                  0.07    0.00   18.93 v accumulator._1871_/A3 (sky130_fd_sc_hd__o41a_4)
     7    0.02    0.09    0.48   19.42 v accumulator._1871_/X (sky130_fd_sc_hd__o41a_4)
                                         accumulator._0968_ (net)
                  0.09    0.00   19.42 v accumulator._1872_/A (sky130_fd_sc_hd__and2_4)
     5    0.01    0.04    0.17   19.59 v accumulator._1872_/X (sky130_fd_sc_hd__and2_4)
                                         accumulator._0969_ (net)
                  0.04    0.00   19.59 v accumulator._1895_/A (sky130_fd_sc_hd__buf_6)
    10    0.03    0.04    0.14   19.73 v accumulator._1895_/X (sky130_fd_sc_hd__buf_6)
                                         accumulator._0992_ (net)
                  0.04    0.00   19.73 v accumulator._1912_/A (sky130_fd_sc_hd__nor2_4)
     1    0.01    0.09    0.12   19.85 ^ accumulator._1912_/Y (sky130_fd_sc_hd__nor2_4)
                                         accumulator._1009_ (net)
                  0.09    0.00   19.85 ^ accumulator._1913_/A (sky130_fd_sc_hd__xor2_2)
     5    0.01    0.21    0.21   20.06 ^ accumulator._1913_/X (sky130_fd_sc_hd__xor2_2)
                                         accumulator._1010_ (net)
                  0.21    0.00   20.06 ^ accumulator._2072_/B1 (sky130_fd_sc_hd__o21ai_1)
     1    0.00    0.06    0.10   20.16 v accumulator._2072_/Y (sky130_fd_sc_hd__o21ai_1)
                                         accumulator._1169_ (net)
                  0.06    0.00   20.16 v accumulator._2073_/A1 (sky130_fd_sc_hd__a21oi_1)
     1    0.00    0.10    0.13   20.28 ^ accumulator._2073_/Y (sky130_fd_sc_hd__a21oi_1)
                                         accumulator._1170_ (net)
                  0.10    0.00   20.28 ^ accumulator._2074_/A2 (sky130_fd_sc_hd__o21ai_1)
     1    0.00    0.06    0.07   20.35 v accumulator._2074_/Y (sky130_fd_sc_hd__o21ai_1)
                                         accumulator._1171_ (net)
                  0.06    0.00   20.35 v accumulator._2075_/A2 (sky130_fd_sc_hd__a21o_1)
     1    0.00    0.03    0.18   20.53 v accumulator._2075_/X (sky130_fd_sc_hd__a21o_1)
                                         accumulator._1172_ (net)
                  0.03    0.00   20.53 v accumulator._2076_/A2 (sky130_fd_sc_hd__a21oi_1)
     1    0.00    0.10    0.13   20.66 ^ accumulator._2076_/Y (sky130_fd_sc_hd__a21oi_1)
                                         accumulator._1173_ (net)
                  0.10    0.00   20.66 ^ accumulator._2077_/A2 (sky130_fd_sc_hd__o21ai_1)
     1    0.00    0.06    0.07   20.73 v accumulator._2077_/Y (sky130_fd_sc_hd__o21ai_1)
                                         accumulator._1174_ (net)
                  0.06    0.00   20.73 v accumulator._2078_/A2 (sky130_fd_sc_hd__a21oi_1)
     1    0.00    0.10    0.14   20.87 ^ accumulator._2078_/Y (sky130_fd_sc_hd__a21oi_1)
                                         accumulator._1175_ (net)
                  0.10    0.00   20.87 ^ accumulator._2079_/A2 (sky130_fd_sc_hd__o21bai_1)
     1    0.00    0.05    0.07   20.94 v accumulator._2079_/Y (sky130_fd_sc_hd__o21bai_1)
                                         accumulator._1176_ (net)
                  0.05    0.00   20.94 v accumulator._2082_/A1 (sky130_fd_sc_hd__a21o_2)
     7    0.02    0.08    0.25   21.19 v accumulator._2082_/X (sky130_fd_sc_hd__a21o_2)
                                         accumulator._1180_ (net)
                  0.08    0.00   21.19 v accumulator._2083_/A (sky130_fd_sc_hd__nand2_4)
     5    0.03    0.10    0.11   21.30 ^ accumulator._2083_/Y (sky130_fd_sc_hd__nand2_4)
                                         accumulator._1181_ (net)
                  0.10    0.00   21.30 ^ accumulator._2086_/A (sky130_fd_sc_hd__buf_8)
     5    0.02    0.04    0.12   21.42 ^ accumulator._2086_/X (sky130_fd_sc_hd__buf_8)
                                         accumulator._1184_ (net)
                  0.04    0.00   21.42 ^ accumulator._2277_/S (sky130_fd_sc_hd__mux2_2)
     2    0.00    0.05    0.34   21.76 v accumulator._2277_/X (sky130_fd_sc_hd__mux2_2)
                                         accumulator._0211_ (net)
                  0.05    0.00   21.76 v accumulator._2278_/A1 (sky130_fd_sc_hd__mux2_1)
     2    0.00    0.06    0.31   22.07 v accumulator._2278_/X (sky130_fd_sc_hd__mux2_1)
                                         accumulator._0212_ (net)
                  0.06    0.00   22.07 v accumulator._2279_/A1 (sky130_fd_sc_hd__mux2_1)
     1    0.00    0.05    0.30   22.37 v accumulator._2279_/X (sky130_fd_sc_hd__mux2_1)
                                         accumulator._0213_ (net)
                  0.05    0.00   22.37 v accumulator._2281_/A1 (sky130_fd_sc_hd__o21a_1)
     1    0.00    0.03    0.19   22.56 v accumulator._2281_/X (sky130_fd_sc_hd__o21a_1)
                                         accumulator._0216_ (net)
                  0.03    0.00   22.56 v accumulator._2283_/A1 (sky130_fd_sc_hd__o21a_1)
     1    0.00    0.03    0.17   22.74 v accumulator._2283_/X (sky130_fd_sc_hd__o21a_1)
                                         accumulator._0019_ (net)
                  0.03    0.00   22.74 v accumulator._2418_/D (sky130_fd_sc_hd__dfxtp_1)
                                 22.74   data arrival time

                         25.00   25.00   clock clock (rise edge)
                          0.00   25.00   clock source latency
     1    0.01    0.04    0.03   25.03 ^ clock (in)
                                         clock (net)
                  0.04    0.00   25.03 ^ clkbuf_0_clock/A (sky130_fd_sc_hd__clkbuf_16)
     4    0.03    0.05    0.13   25.15 ^ clkbuf_0_clock/X (sky130_fd_sc_hd__clkbuf_16)
                                         clknet_0_clock (net)
                  0.05    0.00   25.15 ^ clkbuf_2_2__f_clock/A (sky130_fd_sc_hd__clkbuf_16)
    10    0.02    0.04    0.12   25.28 ^ clkbuf_2_2__f_clock/X (sky130_fd_sc_hd__clkbuf_16)
                                         clknet_2_2__leaf_clock (net)
                  0.04    0.00   25.28 ^ accumulator._2418_/CLK (sky130_fd_sc_hd__dfxtp_1)
                         -0.25   25.03   clock uncertainty
                          0.00   25.03   clock reconvergence pessimism
                         -0.10   24.92   library setup time
                                 24.92   data required time
-----------------------------------------------------------------------------
                                 24.92   data required time
                                -22.74   data arrival time
-----------------------------------------------------------------------------
                                  2.19   slack (MET)


Startpoint: io_inScaleA[7] (input port clocked by clock)
Endpoint: accumulator._2417_ (rising edge-triggered flip-flop clocked by clock)
Path Group: clock
Path Type: max

Fanout     Cap    Slew   Delay    Time   Description
-----------------------------------------------------------------------------
                          0.00    0.00   clock clock (rise edge)
                          0.00    0.00   clock network delay (propagated)
                          5.00    5.00 v input external delay
     1    0.00    0.01    0.00    5.00 v io_inScaleA[7] (in)
                                         io_inScaleA[7] (net)
                  0.01    0.00    5.00 v input16/A (sky130_fd_sc_hd__buf_2)
     5    0.01    0.04    0.13    5.13 v input16/X (sky130_fd_sc_hd__buf_2)
                                         net16 (net)
                  0.04    0.00    5.13 v scaleAdd._421_/A1 (sky130_fd_sc_hd__o21a_4)
     4    0.02    0.05    0.24    5.37 v scaleAdd._421_/X (sky130_fd_sc_hd__o21a_4)
                                         scaleAdd._002_ (net)
                  0.05    0.00    5.37 v scaleAdd._428_/A (sky130_fd_sc_hd__xor2_1)
     2    0.01    0.07    0.18    5.55 v scaleAdd._428_/X (sky130_fd_sc_hd__xor2_1)
                                         scaleAdd._009_ (net)
                  0.07    0.00    5.55 v scaleAdd._429_/A (sky130_fd_sc_hd__xnor2_1)
     2    0.01    0.20    0.23    5.78 ^ scaleAdd._429_/Y (sky130_fd_sc_hd__xnor2_1)
                                         scaleAdd._010_ (net)
                  0.20    0.00    5.78 ^ scaleAdd._431_/B (sky130_fd_sc_hd__xnor2_1)
     2    0.01    0.25    0.20    5.99 ^ scaleAdd._431_/Y (sky130_fd_sc_hd__xnor2_1)
                                         scaleAdd._012_ (net)
                  0.25    0.00    5.99 ^ scaleAdd._432_/B (sky130_fd_sc_hd__xnor2_1)
     2    0.01    0.20    0.19    6.18 ^ scaleAdd._432_/Y (sky130_fd_sc_hd__xnor2_1)
                                         scaleAdd._013_ (net)
                  0.20    0.00    6.18 ^ scaleAdd._435_/A (sky130_fd_sc_hd__xor2_1)
     2    0.01    0.26    0.28    6.46 ^ scaleAdd._435_/X (sky130_fd_sc_hd__xor2_1)
                                         scaleAdd._016_ (net)
                  0.26    0.00    6.46 ^ scaleAdd._436_/A (sky130_fd_sc_hd__xnor2_2)
     2    0.01    0.19    0.18    6.64 ^ scaleAdd._436_/Y (sky130_fd_sc_hd__xnor2_2)
                                         scaleAdd._017_ (net)
                  0.19    0.00    6.64 ^ scaleAdd._438_/B (sky130_fd_sc_hd__xnor2_2)
     2    0.01    0.20    0.17    6.81 ^ scaleAdd._438_/Y (sky130_fd_sc_hd__xnor2_2)
                                         scaleAdd._019_ (net)
                  0.20    0.00    6.81 ^ scaleAdd._439_/A (sky130_fd_sc_hd__xor2_2)
     5    0.02    0.29    0.29    7.10 ^ scaleAdd._439_/X (sky130_fd_sc_hd__xor2_2)
                                         scaleAdd._020_ (net)
                  0.29    0.00    7.10 ^ scaleAdd._443_/B (sky130_fd_sc_hd__xnor2_2)
     1    0.01    0.07    0.12    7.22 v scaleAdd._443_/Y (sky130_fd_sc_hd__xnor2_2)
                                         scaleAdd._024_ (net)
                  0.07    0.00    7.22 v scaleAdd._444_/A (sky130_fd_sc_hd__xnor2_2)
     6    0.01    0.22    0.24    7.46 ^ scaleAdd._444_/Y (sky130_fd_sc_hd__xnor2_2)
                                         scaleAdd._025_ (net)
                  0.22    0.00    7.46 ^ scaleAdd._445_/B_N (sky130_fd_sc_hd__or2b_4)
     3    0.01    0.05    0.31    7.78 v scaleAdd._445_/X (sky130_fd_sc_hd__or2b_4)
                                         scaleAdd._026_ (net)
                  0.05    0.00    7.78 v scaleAdd._448_/B1 (sky130_fd_sc_hd__a22o_1)
     2    0.00    0.05    0.19    7.97 v scaleAdd._448_/X (sky130_fd_sc_hd__a22o_1)
                                         scaleAdd._029_ (net)
                  0.05    0.00    7.97 v scaleAdd._452_/A2 (sky130_fd_sc_hd__a21o_1)
     2    0.00    0.04    0.19    8.16 v scaleAdd._452_/X (sky130_fd_sc_hd__a21o_1)
                                         scaleAdd._033_ (net)
                  0.04    0.00    8.16 v scaleAdd._454_/B2 (sky130_fd_sc_hd__a22o_1)
     3    0.01    0.06    0.22    8.38 v scaleAdd._454_/X (sky130_fd_sc_hd__a22o_1)
                                         scaleAdd._035_ (net)
                  0.06    0.00    8.38 v scaleAdd._456_/B (sky130_fd_sc_hd__and3_1)
     2    0.00    0.05    0.18    8.56 v scaleAdd._456_/X (sky130_fd_sc_hd__and3_1)
                                         scaleAdd._037_ (net)
                  0.05    0.00    8.56 v scaleAdd._458_/B (sky130_fd_sc_hd__or3_4)
     3    0.01    0.07    0.38    8.95 v scaleAdd._458_/X (sky130_fd_sc_hd__or3_4)
                                         scaleAdd._039_ (net)
                  0.07    0.00    8.95 v scaleAdd._492_/A1 (sky130_fd_sc_hd__a21o_1)
     3    0.01    0.07    0.21    9.15 v scaleAdd._492_/X (sky130_fd_sc_hd__a21o_1)
                                         scaleAdd._072_ (net)
                  0.07    0.00    9.15 v scaleAdd._539_/A1 (sky130_fd_sc_hd__a21oi_4)
     4    0.01    0.13    0.16    9.31 ^ scaleAdd._539_/Y (sky130_fd_sc_hd__a21oi_4)
                                         scaleAdd._118_ (net)
                  0.13    0.00    9.31 ^ scaleAdd._603_/A3 (sky130_fd_sc_hd__o311ai_2)
     3    0.01    0.10    0.11    9.42 v scaleAdd._603_/Y (sky130_fd_sc_hd__o311ai_2)
                                         scaleAdd._180_ (net)
                  0.10    0.00    9.42 v scaleAdd._652_/A1 (sky130_fd_sc_hd__a311o_1)
     3    0.01    0.07    0.31    9.72 v scaleAdd._652_/X (sky130_fd_sc_hd__a311o_1)
                                         scaleAdd._227_ (net)
                  0.07    0.00    9.72 v scaleAdd._688_/A1 (sky130_fd_sc_hd__a311o_1)
     3    0.01    0.10    0.33   10.06 v scaleAdd._688_/X (sky130_fd_sc_hd__a311o_1)
                                         scaleAdd._261_ (net)
                  0.10    0.00   10.06 v scaleAdd._708_/A1 (sky130_fd_sc_hd__a31oi_4)
     2    0.01    0.14    0.16   10.22 ^ scaleAdd._708_/Y (sky130_fd_sc_hd__a31oi_4)
                                         scaleAdd._279_ (net)
                  0.14    0.00   10.22 ^ rebuffer17/A (sky130_fd_sc_hd__buf_6)
     1    0.00    0.03    0.12   10.34 ^ rebuffer17/X (sky130_fd_sc_hd__buf_6)
                                         net74 (net)
                  0.03    0.00   10.34 ^ rebuffer10/A (sky130_fd_sc_hd__buf_6)
     1    0.02    0.05    0.10   10.44 ^ rebuffer10/X (sky130_fd_sc_hd__buf_6)
                                         net67 (net)
                  0.05    0.00   10.44 ^ scaleAdd._709_/A (sky130_fd_sc_hd__xnor2_4)
     4    0.01    0.06    0.08   10.52 v scaleAdd._709_/Y (sky130_fd_sc_hd__xnor2_4)
                                         accumulator.io_inMant[16] (net)
                  0.06    0.00   10.52 v accumulator._1204_/B (sky130_fd_sc_hd__or4_4)
     4    0.01    0.09    0.55   11.07 v accumulator._1204_/X (sky130_fd_sc_hd__or4_4)
                                         accumulator._0065_ (net)
                  0.09    0.00   11.07 v accumulator._1206_/B (sky130_fd_sc_hd__or2_4)
     3    0.01    0.05    0.26   11.32 v accumulator._1206_/X (sky130_fd_sc_hd__or2_4)
                                         accumulator._0085_ (net)
                  0.05    0.00   11.32 v accumulator._1207_/B (sky130_fd_sc_hd__or2_4)
     4    0.01    0.05    0.24   11.57 v accumulator._1207_/X (sky130_fd_sc_hd__or2_4)
                                         accumulator._0095_ (net)
                  0.05    0.00   11.57 v accumulator._1240_/B (sky130_fd_sc_hd__and2_1)
     2    0.00    0.04    0.17   11.73 v accumulator._1240_/X (sky130_fd_sc_hd__and2_1)
                                         accumulator._0339_ (net)
                  0.04    0.00   11.73 v accumulator._1241_/C1 (sky130_fd_sc_hd__a311o_1)
     3    0.01    0.07    0.30   12.03 v accumulator._1241_/X (sky130_fd_sc_hd__a311o_1)
                                         accumulator._0340_ (net)
                  0.07    0.00   12.03 v accumulator._1255_/A1 (sky130_fd_sc_hd__a21o_1)
     2    0.00    0.04    0.18   12.21 v accumulator._1255_/X (sky130_fd_sc_hd__a21o_1)
                                         accumulator._0354_ (net)
                  0.04    0.00   12.21 v accumulator._1257_/A2 (sky130_fd_sc_hd__a211o_1)
     3    0.01    0.06    0.31   12.53 v accumulator._1257_/X (sky130_fd_sc_hd__a211o_1)
                                         accumulator._0356_ (net)
                  0.06    0.00   12.53 v accumulator._1263_/B (sky130_fd_sc_hd__and2_4)
     5    0.01    0.04    0.18   12.70 v accumulator._1263_/X (sky130_fd_sc_hd__and2_4)
                                         accumulator._0362_ (net)
                  0.04    0.00   12.70 v accumulator._1274_/C (sky130_fd_sc_hd__or4_4)
     4    0.01    0.10    0.52   13.22 v accumulator._1274_/X (sky130_fd_sc_hd__or4_4)
                                         accumulator._0373_ (net)
                  0.10    0.00   13.22 v accumulator._1276_/A1 (sky130_fd_sc_hd__a21o_1)
     2    0.01    0.05    0.19   13.41 v accumulator._1276_/X (sky130_fd_sc_hd__a21o_1)
                                         accumulator._0375_ (net)
                  0.05    0.00   13.41 v accumulator._1278_/A1 (sky130_fd_sc_hd__a21o_4)
     2    0.02    0.05    0.23   13.64 v accumulator._1278_/X (sky130_fd_sc_hd__a21o_4)
                                         accumulator._0377_ (net)
                  0.05    0.00   13.64 v accumulator._1284_/A2 (sky130_fd_sc_hd__a21o_1)
     2    0.01    0.05    0.20   13.84 v accumulator._1284_/X (sky130_fd_sc_hd__a21o_1)
                                         accumulator._0383_ (net)
                  0.05    0.00   13.84 v accumulator._1285_/A2 (sky130_fd_sc_hd__a21o_4)
     2    0.02    0.05    0.25   14.09 v accumulator._1285_/X (sky130_fd_sc_hd__a21o_4)
                                         accumulator._0384_ (net)
                  0.05    0.00   14.09 v accumulator._1290_/A2 (sky130_fd_sc_hd__a21o_1)
     2    0.02    0.09    0.25   14.34 v accumulator._1290_/X (sky130_fd_sc_hd__a21o_1)
                                         accumulator._0389_ (net)
                  0.09    0.00   14.34 v accumulator._1293_/A2 (sky130_fd_sc_hd__a21boi_4)
     3    0.02    0.19    0.24   14.58 ^ accumulator._1293_/Y (sky130_fd_sc_hd__a21boi_4)
                                         accumulator._0392_ (net)
                  0.19    0.00   14.58 ^ accumulator._1302_/A (sky130_fd_sc_hd__xor2_2)
     4    0.01    0.18    0.21   14.79 ^ accumulator._1302_/X (sky130_fd_sc_hd__xor2_2)
                                         accumulator._0401_ (net)
                  0.18    0.00   14.79 ^ accumulator._1303_/A (sky130_fd_sc_hd__buf_6)
     6    0.02    0.05    0.15   14.94 ^ accumulator._1303_/X (sky130_fd_sc_hd__buf_6)
                                         accumulator._0402_ (net)
                  0.05    0.00   14.94 ^ accumulator._1335_/S (sky130_fd_sc_hd__mux2_4)
     5    0.01    0.06    0.33   15.27 v accumulator._1335_/X (sky130_fd_sc_hd__mux2_4)
                                         accumulator._0432_ (net)
                  0.06    0.00   15.27 v accumulator._1336_/A (sky130_fd_sc_hd__buf_2)
    10    0.02    0.07    0.18   15.45 v accumulator._1336_/X (sky130_fd_sc_hd__buf_2)
                                         accumulator._0433_ (net)
                  0.07    0.00   15.45 v accumulator._1373_/A1 (sky130_fd_sc_hd__a21o_1)
     2    0.00    0.04    0.17   15.62 v accumulator._1373_/X (sky130_fd_sc_hd__a21o_1)
                                         accumulator._0470_ (net)
                  0.04    0.00   15.62 v accumulator._1380_/A2 (sky130_fd_sc_hd__a21o_1)
     2    0.00    0.04    0.18   15.80 v accumulator._1380_/X (sky130_fd_sc_hd__a21o_1)
                                         accumulator._0477_ (net)
                  0.04    0.00   15.80 v accumulator._1403_/A (sky130_fd_sc_hd__and2_1)
     2    0.00    0.04    0.14   15.95 v accumulator._1403_/X (sky130_fd_sc_hd__and2_1)
                                         accumulator._0500_ (net)
                  0.04    0.00   15.95 v accumulator._1427_/A2 (sky130_fd_sc_hd__a211o_1)
     1    0.00    0.05    0.29   16.24 v accumulator._1427_/X (sky130_fd_sc_hd__a211o_1)
                                         accumulator._0524_ (net)
                  0.05    0.00   16.24 v accumulator._1505_/A2 (sky130_fd_sc_hd__a32o_2)
     4    0.01    0.07    0.31   16.55 v accumulator._1505_/X (sky130_fd_sc_hd__a32o_2)
                                         accumulator._0602_ (net)
                  0.07    0.00   16.55 v accumulator._1507_/A (sky130_fd_sc_hd__xnor2_2)
     3    0.01    0.23    0.25   16.80 ^ accumulator._1507_/Y (sky130_fd_sc_hd__xnor2_2)
                                         accumulator._0604_ (net)
                  0.23    0.00   16.80 ^ accumulator._1837_/A1 (sky130_fd_sc_hd__a311o_1)
     2    0.00    0.07    0.22   17.01 ^ accumulator._1837_/X (sky130_fd_sc_hd__a311o_1)
                                         accumulator._0934_ (net)
                  0.07    0.00   17.01 ^ accumulator._1839_/A3 (sky130_fd_sc_hd__a311o_1)
     3    0.01    0.10    0.21   17.22 ^ accumulator._1839_/X (sky130_fd_sc_hd__a311o_1)
                                         accumulator._0936_ (net)
                  0.10    0.00   17.22 ^ accumulator._1842_/A1 (sky130_fd_sc_hd__a311o_1)
     2    0.01    0.10    0.20   17.42 ^ accumulator._1842_/X (sky130_fd_sc_hd__a311o_1)
                                         accumulator._0939_ (net)
                  0.10    0.00   17.42 ^ accumulator._1844_/A1 (sky130_fd_sc_hd__a31oi_2)
     3    0.01    0.08    0.10   17.53 v accumulator._1844_/Y (sky130_fd_sc_hd__a31oi_2)
                                         accumulator._0941_ (net)
                  0.08    0.00   17.53 v accumulator._1846_/A1 (sky130_fd_sc_hd__a211o_1)
     3    0.01    0.06    0.30   17.82 v accumulator._1846_/X (sky130_fd_sc_hd__a211o_1)
                                         accumulator._0943_ (net)
                  0.06    0.00   17.82 v accumulator._1847_/A1 (sky130_fd_sc_hd__a311o_1)
     3    0.01    0.08    0.32   18.14 v accumulator._1847_/X (sky130_fd_sc_hd__a311o_1)
                                         accumulator._0944_ (net)
                  0.08    0.00   18.14 v accumulator._1855_/A3 (sky130_fd_sc_hd__o311a_4)
     4    0.01    0.07    0.36   18.50 v accumulator._1855_/X (sky130_fd_sc_hd__o311a_4)
                                         accumulator._0952_ (net)
                  0.07    0.00   18.50 v accumulator._1866_/A3 (sky130_fd_sc_hd__o31ai_4)
     3    0.01    0.19    0.20   18.69 ^ accumulator._1866_/Y (sky130_fd_sc_hd__o31ai_4)
                                         accumulator._0963_ (net)
                  0.19    0.00   18.69 ^ accumulator._1867_/B (sky130_fd_sc_hd__nand3b_1)
     1    0.00    0.06    0.10   18.79 v accumulator._1867_/Y (sky130_fd_sc_hd__nand3b_1)
                                         accumulator._0964_ (net)
                  0.06    0.00   18.79 v accumulator._1868_/C1 (sky130_fd_sc_hd__o211a_1)
     3    0.01    0.07    0.15   18.93 v accumulator._1868_/X (sky130_fd_sc_hd__o211a_1)
                                         accumulator._0965_ (net)
                  0.07    0.00   18.93 v accumulator._1871_/A3 (sky130_fd_sc_hd__o41a_4)
     7    0.02    0.09    0.48   19.42 v accumulator._1871_/X (sky130_fd_sc_hd__o41a_4)
                                         accumulator._0968_ (net)
                  0.09    0.00   19.42 v accumulator._1872_/A (sky130_fd_sc_hd__and2_4)
     5    0.01    0.04    0.17   19.59 v accumulator._1872_/X (sky130_fd_sc_hd__and2_4)
                                         accumulator._0969_ (net)
                  0.04    0.00   19.59 v accumulator._1895_/A (sky130_fd_sc_hd__buf_6)
    10    0.03    0.04    0.14   19.73 v accumulator._1895_/X (sky130_fd_sc_hd__buf_6)
                                         accumulator._0992_ (net)
                  0.04    0.00   19.73 v accumulator._1912_/A (sky130_fd_sc_hd__nor2_4)
     1    0.01    0.09    0.12   19.85 ^ accumulator._1912_/Y (sky130_fd_sc_hd__nor2_4)
                                         accumulator._1009_ (net)
                  0.09    0.00   19.85 ^ accumulator._1913_/A (sky130_fd_sc_hd__xor2_2)
     5    0.01    0.21    0.21   20.06 ^ accumulator._1913_/X (sky130_fd_sc_hd__xor2_2)
                                         accumulator._1010_ (net)
                  0.21    0.00   20.06 ^ accumulator._2072_/B1 (sky130_fd_sc_hd__o21ai_1)
     1    0.00    0.06    0.10   20.16 v accumulator._2072_/Y (sky130_fd_sc_hd__o21ai_1)
                                         accumulator._1169_ (net)
                  0.06    0.00   20.16 v accumulator._2073_/A1 (sky130_fd_sc_hd__a21oi_1)
     1    0.00    0.10    0.13   20.28 ^ accumulator._2073_/Y (sky130_fd_sc_hd__a21oi_1)
                                         accumulator._1170_ (net)
                  0.10    0.00   20.28 ^ accumulator._2074_/A2 (sky130_fd_sc_hd__o21ai_1)
     1    0.00    0.06    0.07   20.35 v accumulator._2074_/Y (sky130_fd_sc_hd__o21ai_1)
                                         accumulator._1171_ (net)
                  0.06    0.00   20.35 v accumulator._2075_/A2 (sky130_fd_sc_hd__a21o_1)
     1    0.00    0.03    0.18   20.53 v accumulator._2075_/X (sky130_fd_sc_hd__a21o_1)
                                         accumulator._1172_ (net)
                  0.03    0.00   20.53 v accumulator._2076_/A2 (sky130_fd_sc_hd__a21oi_1)
     1    0.00    0.10    0.13   20.66 ^ accumulator._2076_/Y (sky130_fd_sc_hd__a21oi_1)
                                         accumulator._1173_ (net)
                  0.10    0.00   20.66 ^ accumulator._2077_/A2 (sky130_fd_sc_hd__o21ai_1)
     1    0.00    0.06    0.07   20.73 v accumulator._2077_/Y (sky130_fd_sc_hd__o21ai_1)
                                         accumulator._1174_ (net)
                  0.06    0.00   20.73 v accumulator._2078_/A2 (sky130_fd_sc_hd__a21oi_1)
     1    0.00    0.10    0.14   20.87 ^ accumulator._2078_/Y (sky130_fd_sc_hd__a21oi_1)
                                         accumulator._1175_ (net)
                  0.10    0.00   20.87 ^ accumulator._2079_/A2 (sky130_fd_sc_hd__o21bai_1)
     1    0.00    0.05    0.07   20.94 v accumulator._2079_/Y (sky130_fd_sc_hd__o21bai_1)
                                         accumulator._1176_ (net)
                  0.05    0.00   20.94 v accumulator._2082_/A1 (sky130_fd_sc_hd__a21o_2)
     7    0.02    0.08    0.25   21.19 v accumulator._2082_/X (sky130_fd_sc_hd__a21o_2)
                                         accumulator._1180_ (net)
                  0.08    0.00   21.19 v accumulator._2083_/A (sky130_fd_sc_hd__nand2_4)
     5    0.03    0.10    0.11   21.30 ^ accumulator._2083_/Y (sky130_fd_sc_hd__nand2_4)
                                         accumulator._1181_ (net)
                  0.10    0.00   21.30 ^ clone12/A (sky130_fd_sc_hd__clkbuf_16)
     5    0.02    0.04    0.15   21.45 ^ clone12/X (sky130_fd_sc_hd__clkbuf_16)
                                         net69 (net)
                  0.04    0.00   21.45 ^ accumulator._2199_/S (sky130_fd_sc_hd__mux2_2)
     3    0.01    0.06    0.35   21.80 v accumulator._2199_/X (sky130_fd_sc_hd__mux2_2)
                                         accumulator._0134_ (net)
                  0.06    0.00   21.80 v accumulator._2201_/A2 (sky130_fd_sc_hd__a211o_1)
     2    0.00    0.06    0.32   22.11 v accumulator._2201_/X (sky130_fd_sc_hd__a211o_1)
                                         accumulator._0137_ (net)
                  0.06    0.00   22.11 v accumulator._2266_/B1 (sky130_fd_sc_hd__o211a_1)
     1    0.00    0.04    0.13   22.24 v accumulator._2266_/X (sky130_fd_sc_hd__o211a_1)
                                         accumulator._0200_ (net)
                  0.04    0.00   22.24 v accumulator._2273_/A1 (sky130_fd_sc_hd__o31a_1)
     1    0.00    0.05    0.29   22.53 v accumulator._2273_/X (sky130_fd_sc_hd__o31a_1)
                                         accumulator._0208_ (net)
                  0.05    0.00   22.53 v accumulator._2276_/A1 (sky130_fd_sc_hd__o21a_1)
     1    0.00    0.03    0.18   22.71 v accumulator._2276_/X (sky130_fd_sc_hd__o21a_1)
                                         accumulator._0018_ (net)
                  0.03    0.00   22.71 v accumulator._2417_/D (sky130_fd_sc_hd__dfxtp_1)
                                 22.71   data arrival time

                         25.00   25.00   clock clock (rise edge)
                          0.00   25.00   clock source latency
     1    0.01    0.04    0.03   25.03 ^ clock (in)
                                         clock (net)
                  0.04    0.00   25.03 ^ clkbuf_0_clock/A (sky130_fd_sc_hd__clkbuf_16)
     4    0.03    0.05    0.13   25.15 ^ clkbuf_0_clock/X (sky130_fd_sc_hd__clkbuf_16)
                                         clknet_0_clock (net)
                  0.05    0.00   25.15 ^ clkbuf_2_2__f_clock/A (sky130_fd_sc_hd__clkbuf_16)
    10    0.02    0.04    0.12   25.28 ^ clkbuf_2_2__f_clock/X (sky130_fd_sc_hd__clkbuf_16)
                                         clknet_2_2__leaf_clock (net)
                  0.04    0.00   25.28 ^ accumulator._2417_/CLK (sky130_fd_sc_hd__dfxtp_1)
                         -0.25   25.03   clock uncertainty
                          0.00   25.03   clock reconvergence pessimism
                         -0.10   24.92   library setup time
                                 24.92   data required time
-----------------------------------------------------------------------------
                                 24.92   data required time
                                -22.71   data arrival time
-----------------------------------------------------------------------------
                                  2.21   slack (MET)


Startpoint: io_inScaleA[7] (input port clocked by clock)
Endpoint: accumulator._2412_ (rising edge-triggered flip-flop clocked by clock)
Path Group: clock
Path Type: max

Fanout     Cap    Slew   Delay    Time   Description
-----------------------------------------------------------------------------
                          0.00    0.00   clock clock (rise edge)
                          0.00    0.00   clock network delay (propagated)
                          5.00    5.00 v input external delay
     1    0.00    0.01    0.00    5.00 v io_inScaleA[7] (in)
                                         io_inScaleA[7] (net)
                  0.01    0.00    5.00 v input16/A (sky130_fd_sc_hd__buf_2)
     5    0.01    0.04    0.13    5.13 v input16/X (sky130_fd_sc_hd__buf_2)
                                         net16 (net)
                  0.04    0.00    5.13 v scaleAdd._421_/A1 (sky130_fd_sc_hd__o21a_4)
     4    0.02    0.05    0.24    5.37 v scaleAdd._421_/X (sky130_fd_sc_hd__o21a_4)
                                         scaleAdd._002_ (net)
                  0.05    0.00    5.37 v scaleAdd._428_/A (sky130_fd_sc_hd__xor2_1)
     2    0.01    0.07    0.18    5.55 v scaleAdd._428_/X (sky130_fd_sc_hd__xor2_1)
                                         scaleAdd._009_ (net)
                  0.07    0.00    5.55 v scaleAdd._429_/A (sky130_fd_sc_hd__xnor2_1)
     2    0.01    0.20    0.23    5.78 ^ scaleAdd._429_/Y (sky130_fd_sc_hd__xnor2_1)
                                         scaleAdd._010_ (net)
                  0.20    0.00    5.78 ^ scaleAdd._431_/B (sky130_fd_sc_hd__xnor2_1)
     2    0.01    0.25    0.20    5.99 ^ scaleAdd._431_/Y (sky130_fd_sc_hd__xnor2_1)
                                         scaleAdd._012_ (net)
                  0.25    0.00    5.99 ^ scaleAdd._432_/B (sky130_fd_sc_hd__xnor2_1)
     2    0.01    0.20    0.19    6.18 ^ scaleAdd._432_/Y (sky130_fd_sc_hd__xnor2_1)
                                         scaleAdd._013_ (net)
                  0.20    0.00    6.18 ^ scaleAdd._435_/A (sky130_fd_sc_hd__xor2_1)
     2    0.01    0.26    0.28    6.46 ^ scaleAdd._435_/X (sky130_fd_sc_hd__xor2_1)
                                         scaleAdd._016_ (net)
                  0.26    0.00    6.46 ^ scaleAdd._436_/A (sky130_fd_sc_hd__xnor2_2)
     2    0.01    0.19    0.18    6.64 ^ scaleAdd._436_/Y (sky130_fd_sc_hd__xnor2_2)
                                         scaleAdd._017_ (net)
                  0.19    0.00    6.64 ^ scaleAdd._438_/B (sky130_fd_sc_hd__xnor2_2)
     2    0.01    0.20    0.17    6.81 ^ scaleAdd._438_/Y (sky130_fd_sc_hd__xnor2_2)
                                         scaleAdd._019_ (net)
                  0.20    0.00    6.81 ^ scaleAdd._439_/A (sky130_fd_sc_hd__xor2_2)
     5    0.02    0.29    0.29    7.10 ^ scaleAdd._439_/X (sky130_fd_sc_hd__xor2_2)
                                         scaleAdd._020_ (net)
                  0.29    0.00    7.10 ^ scaleAdd._443_/B (sky130_fd_sc_hd__xnor2_2)
     1    0.01    0.07    0.12    7.22 v scaleAdd._443_/Y (sky130_fd_sc_hd__xnor2_2)
                                         scaleAdd._024_ (net)
                  0.07    0.00    7.22 v scaleAdd._444_/A (sky130_fd_sc_hd__xnor2_2)
     6    0.01    0.22    0.24    7.46 ^ scaleAdd._444_/Y (sky130_fd_sc_hd__xnor2_2)
                                         scaleAdd._025_ (net)
                  0.22    0.00    7.46 ^ scaleAdd._445_/B_N (sky130_fd_sc_hd__or2b_4)
     3    0.01    0.05    0.31    7.78 v scaleAdd._445_/X (sky130_fd_sc_hd__or2b_4)
                                         scaleAdd._026_ (net)
                  0.05    0.00    7.78 v scaleAdd._448_/B1 (sky130_fd_sc_hd__a22o_1)
     2    0.00    0.05    0.19    7.97 v scaleAdd._448_/X (sky130_fd_sc_hd__a22o_1)
                                         scaleAdd._029_ (net)
                  0.05    0.00    7.97 v scaleAdd._452_/A2 (sky130_fd_sc_hd__a21o_1)
     2    0.00    0.04    0.19    8.16 v scaleAdd._452_/X (sky130_fd_sc_hd__a21o_1)
                                         scaleAdd._033_ (net)
                  0.04    0.00    8.16 v scaleAdd._454_/B2 (sky130_fd_sc_hd__a22o_1)
     3    0.01    0.06    0.22    8.38 v scaleAdd._454_/X (sky130_fd_sc_hd__a22o_1)
                                         scaleAdd._035_ (net)
                  0.06    0.00    8.38 v scaleAdd._456_/B (sky130_fd_sc_hd__and3_1)
     2    0.00    0.05    0.18    8.56 v scaleAdd._456_/X (sky130_fd_sc_hd__and3_1)
                                         scaleAdd._037_ (net)
                  0.05    0.00    8.56 v scaleAdd._458_/B (sky130_fd_sc_hd__or3_4)
     3    0.01    0.07    0.38    8.95 v scaleAdd._458_/X (sky130_fd_sc_hd__or3_4)
                                         scaleAdd._039_ (net)
                  0.07    0.00    8.95 v scaleAdd._492_/A1 (sky130_fd_sc_hd__a21o_1)
     3    0.01    0.07    0.21    9.15 v scaleAdd._492_/X (sky130_fd_sc_hd__a21o_1)
                                         scaleAdd._072_ (net)
                  0.07    0.00    9.15 v scaleAdd._539_/A1 (sky130_fd_sc_hd__a21oi_4)
     4    0.01    0.13    0.16    9.31 ^ scaleAdd._539_/Y (sky130_fd_sc_hd__a21oi_4)
                                         scaleAdd._118_ (net)
                  0.13    0.00    9.31 ^ scaleAdd._603_/A3 (sky130_fd_sc_hd__o311ai_2)
     3    0.01    0.10    0.11    9.42 v scaleAdd._603_/Y (sky130_fd_sc_hd__o311ai_2)
                                         scaleAdd._180_ (net)
                  0.10    0.00    9.42 v scaleAdd._652_/A1 (sky130_fd_sc_hd__a311o_1)
     3    0.01    0.07    0.31    9.72 v scaleAdd._652_/X (sky130_fd_sc_hd__a311o_1)
                                         scaleAdd._227_ (net)
                  0.07    0.00    9.72 v scaleAdd._688_/A1 (sky130_fd_sc_hd__a311o_1)
     3    0.01    0.10    0.33   10.06 v scaleAdd._688_/X (sky130_fd_sc_hd__a311o_1)
                                         scaleAdd._261_ (net)
                  0.10    0.00   10.06 v scaleAdd._708_/A1 (sky130_fd_sc_hd__a31oi_4)
     2    0.01    0.14    0.16   10.22 ^ scaleAdd._708_/Y (sky130_fd_sc_hd__a31oi_4)
                                         scaleAdd._279_ (net)
                  0.14    0.00   10.22 ^ rebuffer17/A (sky130_fd_sc_hd__buf_6)
     1    0.00    0.03    0.12   10.34 ^ rebuffer17/X (sky130_fd_sc_hd__buf_6)
                                         net74 (net)
                  0.03    0.00   10.34 ^ rebuffer10/A (sky130_fd_sc_hd__buf_6)
     1    0.02    0.05    0.10   10.44 ^ rebuffer10/X (sky130_fd_sc_hd__buf_6)
                                         net67 (net)
                  0.05    0.00   10.44 ^ scaleAdd._709_/A (sky130_fd_sc_hd__xnor2_4)
     4    0.01    0.06    0.08   10.52 v scaleAdd._709_/Y (sky130_fd_sc_hd__xnor2_4)
                                         accumulator.io_inMant[16] (net)
                  0.06    0.00   10.52 v accumulator._1204_/B (sky130_fd_sc_hd__or4_4)
     4    0.01    0.09    0.55   11.07 v accumulator._1204_/X (sky130_fd_sc_hd__or4_4)
                                         accumulator._0065_ (net)
                  0.09    0.00   11.07 v accumulator._1206_/B (sky130_fd_sc_hd__or2_4)
     3    0.01    0.05    0.26   11.32 v accumulator._1206_/X (sky130_fd_sc_hd__or2_4)
                                         accumulator._0085_ (net)
                  0.05    0.00   11.32 v accumulator._1207_/B (sky130_fd_sc_hd__or2_4)
     4    0.01    0.05    0.24   11.57 v accumulator._1207_/X (sky130_fd_sc_hd__or2_4)
                                         accumulator._0095_ (net)
                  0.05    0.00   11.57 v accumulator._1240_/B (sky130_fd_sc_hd__and2_1)
     2    0.00    0.04    0.17   11.73 v accumulator._1240_/X (sky130_fd_sc_hd__and2_1)
                                         accumulator._0339_ (net)
                  0.04    0.00   11.73 v accumulator._1241_/C1 (sky130_fd_sc_hd__a311o_1)
     3    0.01    0.07    0.30   12.03 v accumulator._1241_/X (sky130_fd_sc_hd__a311o_1)
                                         accumulator._0340_ (net)
                  0.07    0.00   12.03 v accumulator._1255_/A1 (sky130_fd_sc_hd__a21o_1)
     2    0.00    0.04    0.18   12.21 v accumulator._1255_/X (sky130_fd_sc_hd__a21o_1)
                                         accumulator._0354_ (net)
                  0.04    0.00   12.21 v accumulator._1257_/A2 (sky130_fd_sc_hd__a211o_1)
     3    0.01    0.06    0.31   12.53 v accumulator._1257_/X (sky130_fd_sc_hd__a211o_1)
                                         accumulator._0356_ (net)
                  0.06    0.00   12.53 v accumulator._1263_/B (sky130_fd_sc_hd__and2_4)
     5    0.01    0.04    0.18   12.70 v accumulator._1263_/X (sky130_fd_sc_hd__and2_4)
                                         accumulator._0362_ (net)
                  0.04    0.00   12.70 v accumulator._1274_/C (sky130_fd_sc_hd__or4_4)
     4    0.01    0.10    0.52   13.22 v accumulator._1274_/X (sky130_fd_sc_hd__or4_4)
                                         accumulator._0373_ (net)
                  0.10    0.00   13.22 v accumulator._1276_/A1 (sky130_fd_sc_hd__a21o_1)
     2    0.01    0.05    0.19   13.41 v accumulator._1276_/X (sky130_fd_sc_hd__a21o_1)
                                         accumulator._0375_ (net)
                  0.05    0.00   13.41 v accumulator._1278_/A1 (sky130_fd_sc_hd__a21o_4)
     2    0.02    0.05    0.23   13.64 v accumulator._1278_/X (sky130_fd_sc_hd__a21o_4)
                                         accumulator._0377_ (net)
                  0.05    0.00   13.64 v accumulator._1284_/A2 (sky130_fd_sc_hd__a21o_1)
     2    0.01    0.05    0.20   13.84 v accumulator._1284_/X (sky130_fd_sc_hd__a21o_1)
                                         accumulator._0383_ (net)
                  0.05    0.00   13.84 v accumulator._1285_/A2 (sky130_fd_sc_hd__a21o_4)
     2    0.02    0.05    0.25   14.09 v accumulator._1285_/X (sky130_fd_sc_hd__a21o_4)
                                         accumulator._0384_ (net)
                  0.05    0.00   14.09 v accumulator._1290_/A2 (sky130_fd_sc_hd__a21o_1)
     2    0.02    0.09    0.25   14.34 v accumulator._1290_/X (sky130_fd_sc_hd__a21o_1)
                                         accumulator._0389_ (net)
                  0.09    0.00   14.34 v accumulator._1293_/A2 (sky130_fd_sc_hd__a21boi_4)
     3    0.02    0.19    0.24   14.58 ^ accumulator._1293_/Y (sky130_fd_sc_hd__a21boi_4)
                                         accumulator._0392_ (net)
                  0.19    0.00   14.58 ^ accumulator._1302_/A (sky130_fd_sc_hd__xor2_2)
     4    0.01    0.18    0.21   14.79 ^ accumulator._1302_/X (sky130_fd_sc_hd__xor2_2)
                                         accumulator._0401_ (net)
                  0.18    0.00   14.79 ^ accumulator._1303_/A (sky130_fd_sc_hd__buf_6)
     6    0.02    0.05    0.15   14.94 ^ accumulator._1303_/X (sky130_fd_sc_hd__buf_6)
                                         accumulator._0402_ (net)
                  0.05    0.00   14.94 ^ accumulator._1335_/S (sky130_fd_sc_hd__mux2_4)
     5    0.01    0.06    0.33   15.27 v accumulator._1335_/X (sky130_fd_sc_hd__mux2_4)
                                         accumulator._0432_ (net)
                  0.06    0.00   15.27 v accumulator._1336_/A (sky130_fd_sc_hd__buf_2)
    10    0.02    0.07    0.18   15.45 v accumulator._1336_/X (sky130_fd_sc_hd__buf_2)
                                         accumulator._0433_ (net)
                  0.07    0.00   15.45 v accumulator._1373_/A1 (sky130_fd_sc_hd__a21o_1)
     2    0.00    0.04    0.17   15.62 v accumulator._1373_/X (sky130_fd_sc_hd__a21o_1)
                                         accumulator._0470_ (net)
                  0.04    0.00   15.62 v accumulator._1380_/A2 (sky130_fd_sc_hd__a21o_1)
     2    0.00    0.04    0.18   15.80 v accumulator._1380_/X (sky130_fd_sc_hd__a21o_1)
                                         accumulator._0477_ (net)
                  0.04    0.00   15.80 v accumulator._1403_/A (sky130_fd_sc_hd__and2_1)
     2    0.00    0.04    0.14   15.95 v accumulator._1403_/X (sky130_fd_sc_hd__and2_1)
                                         accumulator._0500_ (net)
                  0.04    0.00   15.95 v accumulator._1427_/A2 (sky130_fd_sc_hd__a211o_1)
     1    0.00    0.05    0.29   16.24 v accumulator._1427_/X (sky130_fd_sc_hd__a211o_1)
                                         accumulator._0524_ (net)
                  0.05    0.00   16.24 v accumulator._1505_/A2 (sky130_fd_sc_hd__a32o_2)
     4    0.01    0.07    0.31   16.55 v accumulator._1505_/X (sky130_fd_sc_hd__a32o_2)
                                         accumulator._0602_ (net)
                  0.07    0.00   16.55 v accumulator._1507_/A (sky130_fd_sc_hd__xnor2_2)
     3    0.01    0.23    0.25   16.80 ^ accumulator._1507_/Y (sky130_fd_sc_hd__xnor2_2)
                                         accumulator._0604_ (net)
                  0.23    0.00   16.80 ^ accumulator._1837_/A1 (sky130_fd_sc_hd__a311o_1)
     2    0.00    0.07    0.22   17.01 ^ accumulator._1837_/X (sky130_fd_sc_hd__a311o_1)
                                         accumulator._0934_ (net)
                  0.07    0.00   17.01 ^ accumulator._1839_/A3 (sky130_fd_sc_hd__a311o_1)
     3    0.01    0.10    0.21   17.22 ^ accumulator._1839_/X (sky130_fd_sc_hd__a311o_1)
                                         accumulator._0936_ (net)
                  0.10    0.00   17.22 ^ accumulator._1842_/A1 (sky130_fd_sc_hd__a311o_1)
     2    0.01    0.10    0.20   17.42 ^ accumulator._1842_/X (sky130_fd_sc_hd__a311o_1)
                                         accumulator._0939_ (net)
                  0.10    0.00   17.42 ^ accumulator._1844_/A1 (sky130_fd_sc_hd__a31oi_2)
     3    0.01    0.08    0.10   17.53 v accumulator._1844_/Y (sky130_fd_sc_hd__a31oi_2)
                                         accumulator._0941_ (net)
                  0.08    0.00   17.53 v accumulator._1846_/A1 (sky130_fd_sc_hd__a211o_1)
     3    0.01    0.06    0.30   17.82 v accumulator._1846_/X (sky130_fd_sc_hd__a211o_1)
                                         accumulator._0943_ (net)
                  0.06    0.00   17.82 v accumulator._1847_/A1 (sky130_fd_sc_hd__a311o_1)
     3    0.01    0.08    0.32   18.14 v accumulator._1847_/X (sky130_fd_sc_hd__a311o_1)
                                         accumulator._0944_ (net)
                  0.08    0.00   18.14 v accumulator._1855_/A3 (sky130_fd_sc_hd__o311a_4)
     4    0.01    0.07    0.36   18.50 v accumulator._1855_/X (sky130_fd_sc_hd__o311a_4)
                                         accumulator._0952_ (net)
                  0.07    0.00   18.50 v accumulator._1866_/A3 (sky130_fd_sc_hd__o31ai_4)
     3    0.01    0.19    0.20   18.69 ^ accumulator._1866_/Y (sky130_fd_sc_hd__o31ai_4)
                                         accumulator._0963_ (net)
                  0.19    0.00   18.69 ^ accumulator._1867_/B (sky130_fd_sc_hd__nand3b_1)
     1    0.00    0.06    0.10   18.79 v accumulator._1867_/Y (sky130_fd_sc_hd__nand3b_1)
                                         accumulator._0964_ (net)
                  0.06    0.00   18.79 v accumulator._1868_/C1 (sky130_fd_sc_hd__o211a_1)
     3    0.01    0.07    0.15   18.93 v accumulator._1868_/X (sky130_fd_sc_hd__o211a_1)
                                         accumulator._0965_ (net)
                  0.07    0.00   18.93 v accumulator._1871_/A3 (sky130_fd_sc_hd__o41a_4)
     7    0.02    0.09    0.48   19.42 v accumulator._1871_/X (sky130_fd_sc_hd__o41a_4)
                                         accumulator._0968_ (net)
                  0.09    0.00   19.42 v accumulator._1872_/A (sky130_fd_sc_hd__and2_4)
     5    0.01    0.04    0.17   19.59 v accumulator._1872_/X (sky130_fd_sc_hd__and2_4)
                                         accumulator._0969_ (net)
                  0.04    0.00   19.59 v accumulator._1895_/A (sky130_fd_sc_hd__buf_6)
    10    0.03    0.04    0.14   19.73 v accumulator._1895_/X (sky130_fd_sc_hd__buf_6)
                                         accumulator._0992_ (net)
                  0.04    0.00   19.73 v accumulator._1912_/A (sky130_fd_sc_hd__nor2_4)
     1    0.01    0.09    0.12   19.85 ^ accumulator._1912_/Y (sky130_fd_sc_hd__nor2_4)
                                         accumulator._1009_ (net)
                  0.09    0.00   19.85 ^ accumulator._1913_/A (sky130_fd_sc_hd__xor2_2)
     5    0.01    0.21    0.21   20.06 ^ accumulator._1913_/X (sky130_fd_sc_hd__xor2_2)
                                         accumulator._1010_ (net)
                  0.21    0.00   20.06 ^ accumulator._2072_/B1 (sky130_fd_sc_hd__o21ai_1)
     1    0.00    0.06    0.10   20.16 v accumulator._2072_/Y (sky130_fd_sc_hd__o21ai_1)
                                         accumulator._1169_ (net)
                  0.06    0.00   20.16 v accumulator._2073_/A1 (sky130_fd_sc_hd__a21oi_1)
     1    0.00    0.10    0.13   20.28 ^ accumulator._2073_/Y (sky130_fd_sc_hd__a21oi_1)
                                         accumulator._1170_ (net)
                  0.10    0.00   20.28 ^ accumulator._2074_/A2 (sky130_fd_sc_hd__o21ai_1)
     1    0.00    0.06    0.07   20.35 v accumulator._2074_/Y (sky130_fd_sc_hd__o21ai_1)
                                         accumulator._1171_ (net)
                  0.06    0.00   20.35 v accumulator._2075_/A2 (sky130_fd_sc_hd__a21o_1)
     1    0.00    0.03    0.18   20.53 v accumulator._2075_/X (sky130_fd_sc_hd__a21o_1)
                                         accumulator._1172_ (net)
                  0.03    0.00   20.53 v accumulator._2076_/A2 (sky130_fd_sc_hd__a21oi_1)
     1    0.00    0.10    0.13   20.66 ^ accumulator._2076_/Y (sky130_fd_sc_hd__a21oi_1)
                                         accumulator._1173_ (net)
                  0.10    0.00   20.66 ^ accumulator._2077_/A2 (sky130_fd_sc_hd__o21ai_1)
     1    0.00    0.06    0.07   20.73 v accumulator._2077_/Y (sky130_fd_sc_hd__o21ai_1)
                                         accumulator._1174_ (net)
                  0.06    0.00   20.73 v accumulator._2078_/A2 (sky130_fd_sc_hd__a21oi_1)
     1    0.00    0.10    0.14   20.87 ^ accumulator._2078_/Y (sky130_fd_sc_hd__a21oi_1)
                                         accumulator._1175_ (net)
                  0.10    0.00   20.87 ^ accumulator._2079_/A2 (sky130_fd_sc_hd__o21bai_1)
     1    0.00    0.05    0.07   20.94 v accumulator._2079_/Y (sky130_fd_sc_hd__o21bai_1)
                                         accumulator._1176_ (net)
                  0.05    0.00   20.94 v accumulator._2082_/A1 (sky130_fd_sc_hd__a21o_2)
     7    0.02    0.08    0.25   21.19 v accumulator._2082_/X (sky130_fd_sc_hd__a21o_2)
                                         accumulator._1180_ (net)
                  0.08    0.00   21.19 v accumulator._2083_/A (sky130_fd_sc_hd__nand2_4)
     5    0.03    0.10    0.11   21.30 ^ accumulator._2083_/Y (sky130_fd_sc_hd__nand2_4)
                                         accumulator._1181_ (net)
                  0.10    0.00   21.30 ^ clone12/A (sky130_fd_sc_hd__clkbuf_16)
     5    0.02    0.04    0.15   21.45 ^ clone12/X (sky130_fd_sc_hd__clkbuf_16)
                                         net69 (net)
                  0.04    0.00   21.45 ^ accumulator._2161_/S (sky130_fd_sc_hd__mux2_2)
     2    0.00    0.05    0.34   21.78 v accumulator._2161_/X (sky130_fd_sc_hd__mux2_2)
                                         accumulator._0096_ (net)
                  0.05    0.00   21.78 v accumulator._2224_/A0 (sky130_fd_sc_hd__mux2_2)
     1    0.00    0.04    0.26   22.05 v accumulator._2224_/X (sky130_fd_sc_hd__mux2_2)
                                         accumulator._0159_ (net)
                  0.04    0.00   22.05 v accumulator._2228_/A0 (sky130_fd_sc_hd__mux2_2)
     2    0.00    0.05    0.27   22.32 v accumulator._2228_/X (sky130_fd_sc_hd__mux2_2)
                                         accumulator._0163_ (net)
                  0.05    0.00   22.32 v accumulator._2230_/A2 (sky130_fd_sc_hd__o211a_1)
     1    0.00    0.04    0.21   22.53 v accumulator._2230_/X (sky130_fd_sc_hd__o211a_1)
                                         accumulator._0165_ (net)
                  0.04    0.00   22.53 v accumulator._2231_/A2 (sky130_fd_sc_hd__o21a_1)
     1    0.00    0.03    0.16   22.69 v accumulator._2231_/X (sky130_fd_sc_hd__o21a_1)
                                         accumulator._0013_ (net)
                  0.03    0.00   22.69 v accumulator._2412_/D (sky130_fd_sc_hd__dfxtp_1)
                                 22.69   data arrival time

                         25.00   25.00   clock clock (rise edge)
                          0.00   25.00   clock source latency
     1    0.01    0.04    0.03   25.03 ^ clock (in)
                                         clock (net)
                  0.04    0.00   25.03 ^ clkbuf_0_clock/A (sky130_fd_sc_hd__clkbuf_16)
     4    0.03    0.05    0.13   25.15 ^ clkbuf_0_clock/X (sky130_fd_sc_hd__clkbuf_16)
                                         clknet_0_clock (net)
                  0.05    0.00   25.15 ^ clkbuf_2_3__f_clock/A (sky130_fd_sc_hd__clkbuf_16)
     9    0.02    0.04    0.12   25.28 ^ clkbuf_2_3__f_clock/X (sky130_fd_sc_hd__clkbuf_16)
                                         clknet_2_3__leaf_clock (net)
                  0.04    0.00   25.28 ^ accumulator._2412_/CLK (sky130_fd_sc_hd__dfxtp_1)
                         -0.25   25.03   clock uncertainty
                          0.00   25.03   clock reconvergence pessimism
                         -0.10   24.92   library setup time
                                 24.92   data required time
-----------------------------------------------------------------------------
                                 24.92   data required time
                                -22.69   data arrival time
-----------------------------------------------------------------------------
                                  2.23   slack (MET)


Startpoint: io_inScaleA[7] (input port clocked by clock)
Endpoint: accumulator._2430_ (rising edge-triggered flip-flop clocked by clock)
Path Group: clock
Path Type: max

Fanout     Cap    Slew   Delay    Time   Description
-----------------------------------------------------------------------------
                          0.00    0.00   clock clock (rise edge)
                          0.00    0.00   clock network delay (propagated)
                          5.00    5.00 v input external delay
     1    0.00    0.01    0.00    5.00 v io_inScaleA[7] (in)
                                         io_inScaleA[7] (net)
                  0.01    0.00    5.00 v input16/A (sky130_fd_sc_hd__buf_2)
     5    0.01    0.04    0.13    5.13 v input16/X (sky130_fd_sc_hd__buf_2)
                                         net16 (net)
                  0.04    0.00    5.13 v scaleAdd._421_/A1 (sky130_fd_sc_hd__o21a_4)
     4    0.02    0.05    0.24    5.37 v scaleAdd._421_/X (sky130_fd_sc_hd__o21a_4)
                                         scaleAdd._002_ (net)
                  0.05    0.00    5.37 v scaleAdd._428_/A (sky130_fd_sc_hd__xor2_1)
     2    0.01    0.07    0.18    5.55 v scaleAdd._428_/X (sky130_fd_sc_hd__xor2_1)
                                         scaleAdd._009_ (net)
                  0.07    0.00    5.55 v scaleAdd._429_/A (sky130_fd_sc_hd__xnor2_1)
     2    0.01    0.20    0.23    5.78 ^ scaleAdd._429_/Y (sky130_fd_sc_hd__xnor2_1)
                                         scaleAdd._010_ (net)
                  0.20    0.00    5.78 ^ scaleAdd._431_/B (sky130_fd_sc_hd__xnor2_1)
     2    0.01    0.25    0.20    5.99 ^ scaleAdd._431_/Y (sky130_fd_sc_hd__xnor2_1)
                                         scaleAdd._012_ (net)
                  0.25    0.00    5.99 ^ scaleAdd._432_/B (sky130_fd_sc_hd__xnor2_1)
     2    0.01    0.20    0.19    6.18 ^ scaleAdd._432_/Y (sky130_fd_sc_hd__xnor2_1)
                                         scaleAdd._013_ (net)
                  0.20    0.00    6.18 ^ scaleAdd._435_/A (sky130_fd_sc_hd__xor2_1)
     2    0.01    0.26    0.28    6.46 ^ scaleAdd._435_/X (sky130_fd_sc_hd__xor2_1)
                                         scaleAdd._016_ (net)
                  0.26    0.00    6.46 ^ scaleAdd._436_/A (sky130_fd_sc_hd__xnor2_2)
     2    0.01    0.19    0.18    6.64 ^ scaleAdd._436_/Y (sky130_fd_sc_hd__xnor2_2)
                                         scaleAdd._017_ (net)
                  0.19    0.00    6.64 ^ scaleAdd._438_/B (sky130_fd_sc_hd__xnor2_2)
     2    0.01    0.20    0.17    6.81 ^ scaleAdd._438_/Y (sky130_fd_sc_hd__xnor2_2)
                                         scaleAdd._019_ (net)
                  0.20    0.00    6.81 ^ scaleAdd._439_/A (sky130_fd_sc_hd__xor2_2)
     5    0.02    0.29    0.29    7.10 ^ scaleAdd._439_/X (sky130_fd_sc_hd__xor2_2)
                                         scaleAdd._020_ (net)
                  0.29    0.00    7.10 ^ scaleAdd._443_/B (sky130_fd_sc_hd__xnor2_2)
     1    0.01    0.07    0.12    7.22 v scaleAdd._443_/Y (sky130_fd_sc_hd__xnor2_2)
                                         scaleAdd._024_ (net)
                  0.07    0.00    7.22 v scaleAdd._444_/A (sky130_fd_sc_hd__xnor2_2)
     6    0.01    0.22    0.24    7.46 ^ scaleAdd._444_/Y (sky130_fd_sc_hd__xnor2_2)
                                         scaleAdd._025_ (net)
                  0.22    0.00    7.46 ^ scaleAdd._445_/B_N (sky130_fd_sc_hd__or2b_4)
     3    0.01    0.05    0.31    7.78 v scaleAdd._445_/X (sky130_fd_sc_hd__or2b_4)
                                         scaleAdd._026_ (net)
                  0.05    0.00    7.78 v scaleAdd._448_/B1 (sky130_fd_sc_hd__a22o_1)
     2    0.00    0.05    0.19    7.97 v scaleAdd._448_/X (sky130_fd_sc_hd__a22o_1)
                                         scaleAdd._029_ (net)
                  0.05    0.00    7.97 v scaleAdd._452_/A2 (sky130_fd_sc_hd__a21o_1)
     2    0.00    0.04    0.19    8.16 v scaleAdd._452_/X (sky130_fd_sc_hd__a21o_1)
                                         scaleAdd._033_ (net)
                  0.04    0.00    8.16 v scaleAdd._454_/B2 (sky130_fd_sc_hd__a22o_1)
     3    0.01    0.06    0.22    8.38 v scaleAdd._454_/X (sky130_fd_sc_hd__a22o_1)
                                         scaleAdd._035_ (net)
                  0.06    0.00    8.38 v scaleAdd._456_/B (sky130_fd_sc_hd__and3_1)
     2    0.00    0.05    0.18    8.56 v scaleAdd._456_/X (sky130_fd_sc_hd__and3_1)
                                         scaleAdd._037_ (net)
                  0.05    0.00    8.56 v scaleAdd._458_/B (sky130_fd_sc_hd__or3_4)
     3    0.01    0.07    0.38    8.95 v scaleAdd._458_/X (sky130_fd_sc_hd__or3_4)
                                         scaleAdd._039_ (net)
                  0.07    0.00    8.95 v scaleAdd._492_/A1 (sky130_fd_sc_hd__a21o_1)
     3    0.01    0.07    0.21    9.15 v scaleAdd._492_/X (sky130_fd_sc_hd__a21o_1)
                                         scaleAdd._072_ (net)
                  0.07    0.00    9.15 v scaleAdd._539_/A1 (sky130_fd_sc_hd__a21oi_4)
     4    0.01    0.13    0.16    9.31 ^ scaleAdd._539_/Y (sky130_fd_sc_hd__a21oi_4)
                                         scaleAdd._118_ (net)
                  0.13    0.00    9.31 ^ scaleAdd._603_/A3 (sky130_fd_sc_hd__o311ai_2)
     3    0.01    0.10    0.11    9.42 v scaleAdd._603_/Y (sky130_fd_sc_hd__o311ai_2)
                                         scaleAdd._180_ (net)
                  0.10    0.00    9.42 v scaleAdd._652_/A1 (sky130_fd_sc_hd__a311o_1)
     3    0.01    0.07    0.31    9.72 v scaleAdd._652_/X (sky130_fd_sc_hd__a311o_1)
                                         scaleAdd._227_ (net)
                  0.07    0.00    9.72 v scaleAdd._688_/A1 (sky130_fd_sc_hd__a311o_1)
     3    0.01    0.10    0.33   10.06 v scaleAdd._688_/X (sky130_fd_sc_hd__a311o_1)
                                         scaleAdd._261_ (net)
                  0.10    0.00   10.06 v scaleAdd._708_/A1 (sky130_fd_sc_hd__a31oi_4)
     2    0.01    0.14    0.16   10.22 ^ scaleAdd._708_/Y (sky130_fd_sc_hd__a31oi_4)
                                         scaleAdd._279_ (net)
                  0.14    0.00   10.22 ^ rebuffer17/A (sky130_fd_sc_hd__buf_6)
     1    0.00    0.03    0.12   10.34 ^ rebuffer17/X (sky130_fd_sc_hd__buf_6)
                                         net74 (net)
                  0.03    0.00   10.34 ^ rebuffer10/A (sky130_fd_sc_hd__buf_6)
     1    0.02    0.05    0.10   10.44 ^ rebuffer10/X (sky130_fd_sc_hd__buf_6)
                                         net67 (net)
                  0.05    0.00   10.44 ^ scaleAdd._709_/A (sky130_fd_sc_hd__xnor2_4)
     4    0.01    0.06    0.08   10.52 v scaleAdd._709_/Y (sky130_fd_sc_hd__xnor2_4)
                                         accumulator.io_inMant[16] (net)
                  0.06    0.00   10.52 v accumulator._1204_/B (sky130_fd_sc_hd__or4_4)
     4    0.01    0.09    0.55   11.07 v accumulator._1204_/X (sky130_fd_sc_hd__or4_4)
                                         accumulator._0065_ (net)
                  0.09    0.00   11.07 v accumulator._1206_/B (sky130_fd_sc_hd__or2_4)
     3    0.01    0.05    0.26   11.32 v accumulator._1206_/X (sky130_fd_sc_hd__or2_4)
                                         accumulator._0085_ (net)
                  0.05    0.00   11.32 v accumulator._1207_/B (sky130_fd_sc_hd__or2_4)
     4    0.01    0.05    0.24   11.57 v accumulator._1207_/X (sky130_fd_sc_hd__or2_4)
                                         accumulator._0095_ (net)
                  0.05    0.00   11.57 v accumulator._1240_/B (sky130_fd_sc_hd__and2_1)
     2    0.00    0.04    0.17   11.73 v accumulator._1240_/X (sky130_fd_sc_hd__and2_1)
                                         accumulator._0339_ (net)
                  0.04    0.00   11.73 v accumulator._1241_/C1 (sky130_fd_sc_hd__a311o_1)
     3    0.01    0.07    0.30   12.03 v accumulator._1241_/X (sky130_fd_sc_hd__a311o_1)
                                         accumulator._0340_ (net)
                  0.07    0.00   12.03 v accumulator._1255_/A1 (sky130_fd_sc_hd__a21o_1)
     2    0.00    0.04    0.18   12.21 v accumulator._1255_/X (sky130_fd_sc_hd__a21o_1)
                                         accumulator._0354_ (net)
                  0.04    0.00   12.21 v accumulator._1257_/A2 (sky130_fd_sc_hd__a211o_1)
     3    0.01    0.06    0.31   12.53 v accumulator._1257_/X (sky130_fd_sc_hd__a211o_1)
                                         accumulator._0356_ (net)
                  0.06    0.00   12.53 v accumulator._1263_/B (sky130_fd_sc_hd__and2_4)
     5    0.01    0.04    0.18   12.70 v accumulator._1263_/X (sky130_fd_sc_hd__and2_4)
                                         accumulator._0362_ (net)
                  0.04    0.00   12.70 v accumulator._1274_/C (sky130_fd_sc_hd__or4_4)
     4    0.01    0.10    0.52   13.22 v accumulator._1274_/X (sky130_fd_sc_hd__or4_4)
                                         accumulator._0373_ (net)
                  0.10    0.00   13.22 v accumulator._1276_/A1 (sky130_fd_sc_hd__a21o_1)
     2    0.01    0.05    0.19   13.41 v accumulator._1276_/X (sky130_fd_sc_hd__a21o_1)
                                         accumulator._0375_ (net)
                  0.05    0.00   13.41 v accumulator._1278_/A1 (sky130_fd_sc_hd__a21o_4)
     2    0.02    0.05    0.23   13.64 v accumulator._1278_/X (sky130_fd_sc_hd__a21o_4)
                                         accumulator._0377_ (net)
                  0.05    0.00   13.64 v accumulator._1284_/A2 (sky130_fd_sc_hd__a21o_1)
     2    0.01    0.05    0.20   13.84 v accumulator._1284_/X (sky130_fd_sc_hd__a21o_1)
                                         accumulator._0383_ (net)
                  0.05    0.00   13.84 v accumulator._1285_/A2 (sky130_fd_sc_hd__a21o_4)
     2    0.02    0.05    0.25   14.09 v accumulator._1285_/X (sky130_fd_sc_hd__a21o_4)
                                         accumulator._0384_ (net)
                  0.05    0.00   14.09 v accumulator._1290_/A2 (sky130_fd_sc_hd__a21o_1)
     2    0.02    0.09    0.25   14.34 v accumulator._1290_/X (sky130_fd_sc_hd__a21o_1)
                                         accumulator._0389_ (net)
                  0.09    0.00   14.34 v accumulator._1293_/A2 (sky130_fd_sc_hd__a21boi_4)
     3    0.02    0.19    0.24   14.58 ^ accumulator._1293_/Y (sky130_fd_sc_hd__a21boi_4)
                                         accumulator._0392_ (net)
                  0.19    0.00   14.58 ^ accumulator._1302_/A (sky130_fd_sc_hd__xor2_2)
     4    0.01    0.18    0.21   14.79 ^ accumulator._1302_/X (sky130_fd_sc_hd__xor2_2)
                                         accumulator._0401_ (net)
                  0.18    0.00   14.79 ^ accumulator._1303_/A (sky130_fd_sc_hd__buf_6)
     6    0.02    0.05    0.15   14.94 ^ accumulator._1303_/X (sky130_fd_sc_hd__buf_6)
                                         accumulator._0402_ (net)
                  0.05    0.00   14.94 ^ accumulator._1335_/S (sky130_fd_sc_hd__mux2_4)
     5    0.01    0.06    0.33   15.27 v accumulator._1335_/X (sky130_fd_sc_hd__mux2_4)
                                         accumulator._0432_ (net)
                  0.06    0.00   15.27 v accumulator._1336_/A (sky130_fd_sc_hd__buf_2)
    10    0.02    0.07    0.18   15.45 v accumulator._1336_/X (sky130_fd_sc_hd__buf_2)
                                         accumulator._0433_ (net)
                  0.07    0.00   15.45 v accumulator._1373_/A1 (sky130_fd_sc_hd__a21o_1)
     2    0.00    0.04    0.17   15.62 v accumulator._1373_/X (sky130_fd_sc_hd__a21o_1)
                                         accumulator._0470_ (net)
                  0.04    0.00   15.62 v accumulator._1380_/A2 (sky130_fd_sc_hd__a21o_1)
     2    0.00    0.04    0.18   15.80 v accumulator._1380_/X (sky130_fd_sc_hd__a21o_1)
                                         accumulator._0477_ (net)
                  0.04    0.00   15.80 v accumulator._1403_/A (sky130_fd_sc_hd__and2_1)
     2    0.00    0.04    0.14   15.95 v accumulator._1403_/X (sky130_fd_sc_hd__and2_1)
                                         accumulator._0500_ (net)
                  0.04    0.00   15.95 v accumulator._1427_/A2 (sky130_fd_sc_hd__a211o_1)
     1    0.00    0.05    0.29   16.24 v accumulator._1427_/X (sky130_fd_sc_hd__a211o_1)
                                         accumulator._0524_ (net)
                  0.05    0.00   16.24 v accumulator._1505_/A2 (sky130_fd_sc_hd__a32o_2)
     4    0.01    0.07    0.31   16.55 v accumulator._1505_/X (sky130_fd_sc_hd__a32o_2)
                                         accumulator._0602_ (net)
                  0.07    0.00   16.55 v accumulator._1507_/A (sky130_fd_sc_hd__xnor2_2)
     3    0.01    0.23    0.25   16.80 ^ accumulator._1507_/Y (sky130_fd_sc_hd__xnor2_2)
                                         accumulator._0604_ (net)
                  0.23    0.00   16.80 ^ accumulator._1837_/A1 (sky130_fd_sc_hd__a311o_1)
     2    0.00    0.07    0.22   17.01 ^ accumulator._1837_/X (sky130_fd_sc_hd__a311o_1)
                                         accumulator._0934_ (net)
                  0.07    0.00   17.01 ^ accumulator._1839_/A3 (sky130_fd_sc_hd__a311o_1)
     3    0.01    0.10    0.21   17.22 ^ accumulator._1839_/X (sky130_fd_sc_hd__a311o_1)
                                         accumulator._0936_ (net)
                  0.10    0.00   17.22 ^ accumulator._1842_/A1 (sky130_fd_sc_hd__a311o_1)
     2    0.01    0.10    0.20   17.42 ^ accumulator._1842_/X (sky130_fd_sc_hd__a311o_1)
                                         accumulator._0939_ (net)
                  0.10    0.00   17.42 ^ accumulator._1844_/A1 (sky130_fd_sc_hd__a31oi_2)
     3    0.01    0.08    0.10   17.53 v accumulator._1844_/Y (sky130_fd_sc_hd__a31oi_2)
                                         accumulator._0941_ (net)
                  0.08    0.00   17.53 v accumulator._1846_/A1 (sky130_fd_sc_hd__a211o_1)
     3    0.01    0.06    0.30   17.82 v accumulator._1846_/X (sky130_fd_sc_hd__a211o_1)
                                         accumulator._0943_ (net)
                  0.06    0.00   17.82 v accumulator._1847_/A1 (sky130_fd_sc_hd__a311o_1)
     3    0.01    0.08    0.32   18.14 v accumulator._1847_/X (sky130_fd_sc_hd__a311o_1)
                                         accumulator._0944_ (net)
                  0.08    0.00   18.14 v accumulator._1855_/A3 (sky130_fd_sc_hd__o311a_4)
     4    0.01    0.07    0.36   18.50 v accumulator._1855_/X (sky130_fd_sc_hd__o311a_4)
                                         accumulator._0952_ (net)
                  0.07    0.00   18.50 v accumulator._1866_/A3 (sky130_fd_sc_hd__o31ai_4)
     3    0.01    0.19    0.20   18.69 ^ accumulator._1866_/Y (sky130_fd_sc_hd__o31ai_4)
                                         accumulator._0963_ (net)
                  0.19    0.00   18.69 ^ accumulator._1867_/B (sky130_fd_sc_hd__nand3b_1)
     1    0.00    0.06    0.10   18.79 v accumulator._1867_/Y (sky130_fd_sc_hd__nand3b_1)
                                         accumulator._0964_ (net)
                  0.06    0.00   18.79 v accumulator._1868_/C1 (sky130_fd_sc_hd__o211a_1)
     3    0.01    0.07    0.15   18.93 v accumulator._1868_/X (sky130_fd_sc_hd__o211a_1)
                                         accumulator._0965_ (net)
                  0.07    0.00   18.93 v accumulator._1871_/A3 (sky130_fd_sc_hd__o41a_4)
     7    0.02    0.09    0.48   19.42 v accumulator._1871_/X (sky130_fd_sc_hd__o41a_4)
                                         accumulator._0968_ (net)
                  0.09    0.00   19.42 v accumulator._1872_/A (sky130_fd_sc_hd__and2_4)
     5    0.01    0.04    0.17   19.59 v accumulator._1872_/X (sky130_fd_sc_hd__and2_4)
                                         accumulator._0969_ (net)
                  0.04    0.00   19.59 v accumulator._1895_/A (sky130_fd_sc_hd__buf_6)
    10    0.03    0.04    0.14   19.73 v accumulator._1895_/X (sky130_fd_sc_hd__buf_6)
                                         accumulator._0992_ (net)
                  0.04    0.00   19.73 v accumulator._1957_/A (sky130_fd_sc_hd__buf_2)
    10    0.02    0.07    0.17   19.89 v accumulator._1957_/X (sky130_fd_sc_hd__buf_2)
                                         accumulator._1054_ (net)
                  0.07    0.00   19.89 v accumulator._1981_/A (sky130_fd_sc_hd__nor2_1)
     1    0.00    0.11    0.13   20.03 ^ accumulator._1981_/Y (sky130_fd_sc_hd__nor2_1)
                                         accumulator._1078_ (net)
                  0.11    0.00   20.03 ^ accumulator._1982_/B (sky130_fd_sc_hd__xor2_1)
     2    0.01    0.19    0.22   20.24 ^ accumulator._1982_/X (sky130_fd_sc_hd__xor2_1)
                                         accumulator._1079_ (net)
                  0.19    0.00   20.24 ^ accumulator._1983_/A (sky130_fd_sc_hd__inv_2)
     4    0.01    0.05    0.07   20.31 v accumulator._1983_/Y (sky130_fd_sc_hd__inv_2)
                                         accumulator._1080_ (net)
                  0.05    0.00   20.31 v accumulator._1984_/B (sky130_fd_sc_hd__nor2_1)
     3    0.01    0.13    0.13   20.44 ^ accumulator._1984_/Y (sky130_fd_sc_hd__nor2_1)
                                         accumulator._1081_ (net)
                  0.13    0.00   20.44 ^ accumulator._2096_/B1_N (sky130_fd_sc_hd__a21bo_1)
     1    0.00    0.03    0.22   20.66 v accumulator._2096_/X (sky130_fd_sc_hd__a21bo_1)
                                         accumulator._1194_ (net)
                  0.03    0.00   20.66 v accumulator._2097_/A2 (sky130_fd_sc_hd__a21o_1)
     1    0.00    0.03    0.17   20.83 v accumulator._2097_/X (sky130_fd_sc_hd__a21o_1)
                                         accumulator._1195_ (net)
                  0.03    0.00   20.83 v accumulator._2098_/A2 (sky130_fd_sc_hd__a21o_2)
     8    0.02    0.08    0.27   21.09 v accumulator._2098_/X (sky130_fd_sc_hd__a21o_2)
                                         accumulator._1196_ (net)
                  0.08    0.00   21.09 v accumulator._2338_/A (sky130_fd_sc_hd__or2_1)
     2    0.01    0.07    0.27   21.36 v accumulator._2338_/X (sky130_fd_sc_hd__or2_1)
                                         accumulator._0270_ (net)
                  0.07    0.00   21.36 v accumulator._2342_/A (sky130_fd_sc_hd__xnor2_1)
     2    0.00    0.06    0.14   21.51 v accumulator._2342_/Y (sky130_fd_sc_hd__xnor2_1)
                                         accumulator._0275_ (net)
                  0.06    0.00   21.51 v accumulator._2343_/D1 (sky130_fd_sc_hd__a2111o_1)
     3    0.01    0.09    0.34   21.85 v accumulator._2343_/X (sky130_fd_sc_hd__a2111o_1)
                                         accumulator._0276_ (net)
                  0.09    0.00   21.85 v accumulator._2355_/A2 (sky130_fd_sc_hd__a21oi_2)
     3    0.01    0.12    0.18   22.02 ^ accumulator._2355_/Y (sky130_fd_sc_hd__a21oi_2)
                                         accumulator._0288_ (net)
                  0.12    0.00   22.02 ^ accumulator._2367_/A1 (sky130_fd_sc_hd__o21a_1)
     5    0.01    0.15    0.22   22.25 ^ accumulator._2367_/X (sky130_fd_sc_hd__o21a_1)
                                         accumulator._0300_ (net)
                  0.15    0.00   22.25 ^ accumulator._2381_/B2 (sky130_fd_sc_hd__o22a_1)
     1    0.00    0.06    0.16   22.41 ^ accumulator._2381_/X (sky130_fd_sc_hd__o22a_1)
                                         accumulator._0314_ (net)
                  0.06    0.00   22.41 ^ accumulator._2385_/A (sky130_fd_sc_hd__xor2_1)
     1    0.00    0.07    0.06   22.47 v accumulator._2385_/X (sky130_fd_sc_hd__xor2_1)
                                         accumulator._0318_ (net)
                  0.07    0.00   22.47 v accumulator._2387_/A2 (sky130_fd_sc_hd__o211a_1)
     1    0.00    0.03    0.21   22.68 v accumulator._2387_/X (sky130_fd_sc_hd__o211a_1)
                                         accumulator._0031_ (net)
                  0.03    0.00   22.68 v accumulator._2430_/D (sky130_fd_sc_hd__dfxtp_1)
                                 22.68   data arrival time

                         25.00   25.00   clock clock (rise edge)
                          0.00   25.00   clock source latency
     1    0.01    0.04    0.03   25.03 ^ clock (in)
                                         clock (net)
                  0.04    0.00   25.03 ^ clkbuf_0_clock/A (sky130_fd_sc_hd__clkbuf_16)
     4    0.03    0.05    0.13   25.15 ^ clkbuf_0_clock/X (sky130_fd_sc_hd__clkbuf_16)
                                         clknet_0_clock (net)
                  0.05    0.00   25.15 ^ clkbuf_2_0__f_clock/A (sky130_fd_sc_hd__clkbuf_16)
     8    0.02    0.04    0.12   25.27 ^ clkbuf_2_0__f_clock/X (sky130_fd_sc_hd__clkbuf_16)
                                         clknet_2_0__leaf_clock (net)
                  0.04    0.00   25.27 ^ accumulator._2430_/CLK (sky130_fd_sc_hd__dfxtp_1)
                         -0.25   25.02   clock uncertainty
                          0.00   25.02   clock reconvergence pessimism
                         -0.11   24.92   library setup time
                                 24.92   data required time
-----------------------------------------------------------------------------
                                 24.92   data required time
                                -22.68   data arrival time
-----------------------------------------------------------------------------
                                  2.24   slack (MET)


Startpoint: io_inScaleA[7] (input port clocked by clock)
Endpoint: accumulator._2402_ (rising edge-triggered flip-flop clocked by clock)
Path Group: clock
Path Type: max

Fanout     Cap    Slew   Delay    Time   Description
-----------------------------------------------------------------------------
                          0.00    0.00   clock clock (rise edge)
                          0.00    0.00   clock network delay (propagated)
                          5.00    5.00 v input external delay
     1    0.00    0.01    0.00    5.00 v io_inScaleA[7] (in)
                                         io_inScaleA[7] (net)
                  0.01    0.00    5.00 v input16/A (sky130_fd_sc_hd__buf_2)
     5    0.01    0.04    0.13    5.13 v input16/X (sky130_fd_sc_hd__buf_2)
                                         net16 (net)
                  0.04    0.00    5.13 v scaleAdd._421_/A1 (sky130_fd_sc_hd__o21a_4)
     4    0.02    0.05    0.24    5.37 v scaleAdd._421_/X (sky130_fd_sc_hd__o21a_4)
                                         scaleAdd._002_ (net)
                  0.05    0.00    5.37 v scaleAdd._428_/A (sky130_fd_sc_hd__xor2_1)
     2    0.01    0.07    0.18    5.55 v scaleAdd._428_/X (sky130_fd_sc_hd__xor2_1)
                                         scaleAdd._009_ (net)
                  0.07    0.00    5.55 v scaleAdd._429_/A (sky130_fd_sc_hd__xnor2_1)
     2    0.01    0.20    0.23    5.78 ^ scaleAdd._429_/Y (sky130_fd_sc_hd__xnor2_1)
                                         scaleAdd._010_ (net)
                  0.20    0.00    5.78 ^ scaleAdd._431_/B (sky130_fd_sc_hd__xnor2_1)
     2    0.01    0.25    0.20    5.99 ^ scaleAdd._431_/Y (sky130_fd_sc_hd__xnor2_1)
                                         scaleAdd._012_ (net)
                  0.25    0.00    5.99 ^ scaleAdd._432_/B (sky130_fd_sc_hd__xnor2_1)
     2    0.01    0.20    0.19    6.18 ^ scaleAdd._432_/Y (sky130_fd_sc_hd__xnor2_1)
                                         scaleAdd._013_ (net)
                  0.20    0.00    6.18 ^ scaleAdd._435_/A (sky130_fd_sc_hd__xor2_1)
     2    0.01    0.26    0.28    6.46 ^ scaleAdd._435_/X (sky130_fd_sc_hd__xor2_1)
                                         scaleAdd._016_ (net)
                  0.26    0.00    6.46 ^ scaleAdd._436_/A (sky130_fd_sc_hd__xnor2_2)
     2    0.01    0.19    0.18    6.64 ^ scaleAdd._436_/Y (sky130_fd_sc_hd__xnor2_2)
                                         scaleAdd._017_ (net)
                  0.19    0.00    6.64 ^ scaleAdd._438_/B (sky130_fd_sc_hd__xnor2_2)
     2    0.01    0.20    0.17    6.81 ^ scaleAdd._438_/Y (sky130_fd_sc_hd__xnor2_2)
                                         scaleAdd._019_ (net)
                  0.20    0.00    6.81 ^ scaleAdd._439_/A (sky130_fd_sc_hd__xor2_2)
     5    0.02    0.29    0.29    7.10 ^ scaleAdd._439_/X (sky130_fd_sc_hd__xor2_2)
                                         scaleAdd._020_ (net)
                  0.29    0.00    7.10 ^ scaleAdd._443_/B (sky130_fd_sc_hd__xnor2_2)
     1    0.01    0.07    0.12    7.22 v scaleAdd._443_/Y (sky130_fd_sc_hd__xnor2_2)
                                         scaleAdd._024_ (net)
                  0.07    0.00    7.22 v scaleAdd._444_/A (sky130_fd_sc_hd__xnor2_2)
     6    0.01    0.22    0.24    7.46 ^ scaleAdd._444_/Y (sky130_fd_sc_hd__xnor2_2)
                                         scaleAdd._025_ (net)
                  0.22    0.00    7.46 ^ scaleAdd._445_/B_N (sky130_fd_sc_hd__or2b_4)
     3    0.01    0.05    0.31    7.78 v scaleAdd._445_/X (sky130_fd_sc_hd__or2b_4)
                                         scaleAdd._026_ (net)
                  0.05    0.00    7.78 v scaleAdd._448_/B1 (sky130_fd_sc_hd__a22o_1)
     2    0.00    0.05    0.19    7.97 v scaleAdd._448_/X (sky130_fd_sc_hd__a22o_1)
                                         scaleAdd._029_ (net)
                  0.05    0.00    7.97 v scaleAdd._452_/A2 (sky130_fd_sc_hd__a21o_1)
     2    0.00    0.04    0.19    8.16 v scaleAdd._452_/X (sky130_fd_sc_hd__a21o_1)
                                         scaleAdd._033_ (net)
                  0.04    0.00    8.16 v scaleAdd._454_/B2 (sky130_fd_sc_hd__a22o_1)
     3    0.01    0.06    0.22    8.38 v scaleAdd._454_/X (sky130_fd_sc_hd__a22o_1)
                                         scaleAdd._035_ (net)
                  0.06    0.00    8.38 v scaleAdd._456_/B (sky130_fd_sc_hd__and3_1)
     2    0.00    0.05    0.18    8.56 v scaleAdd._456_/X (sky130_fd_sc_hd__and3_1)
                                         scaleAdd._037_ (net)
                  0.05    0.00    8.56 v scaleAdd._458_/B (sky130_fd_sc_hd__or3_4)
     3    0.01    0.07    0.38    8.95 v scaleAdd._458_/X (sky130_fd_sc_hd__or3_4)
                                         scaleAdd._039_ (net)
                  0.07    0.00    8.95 v scaleAdd._492_/A1 (sky130_fd_sc_hd__a21o_1)
     3    0.01    0.07    0.21    9.15 v scaleAdd._492_/X (sky130_fd_sc_hd__a21o_1)
                                         scaleAdd._072_ (net)
                  0.07    0.00    9.15 v scaleAdd._539_/A1 (sky130_fd_sc_hd__a21oi_4)
     4    0.01    0.13    0.16    9.31 ^ scaleAdd._539_/Y (sky130_fd_sc_hd__a21oi_4)
                                         scaleAdd._118_ (net)
                  0.13    0.00    9.31 ^ scaleAdd._603_/A3 (sky130_fd_sc_hd__o311ai_2)
     3    0.01    0.10    0.11    9.42 v scaleAdd._603_/Y (sky130_fd_sc_hd__o311ai_2)
                                         scaleAdd._180_ (net)
                  0.10    0.00    9.42 v scaleAdd._652_/A1 (sky130_fd_sc_hd__a311o_1)
     3    0.01    0.07    0.31    9.72 v scaleAdd._652_/X (sky130_fd_sc_hd__a311o_1)
                                         scaleAdd._227_ (net)
                  0.07    0.00    9.72 v scaleAdd._688_/A1 (sky130_fd_sc_hd__a311o_1)
     3    0.01    0.10    0.33   10.06 v scaleAdd._688_/X (sky130_fd_sc_hd__a311o_1)
                                         scaleAdd._261_ (net)
                  0.10    0.00   10.06 v scaleAdd._708_/A1 (sky130_fd_sc_hd__a31oi_4)
     2    0.01    0.14    0.16   10.22 ^ scaleAdd._708_/Y (sky130_fd_sc_hd__a31oi_4)
                                         scaleAdd._279_ (net)
                  0.14    0.00   10.22 ^ rebuffer17/A (sky130_fd_sc_hd__buf_6)
     1    0.00    0.03    0.12   10.34 ^ rebuffer17/X (sky130_fd_sc_hd__buf_6)
                                         net74 (net)
                  0.03    0.00   10.34 ^ rebuffer10/A (sky130_fd_sc_hd__buf_6)
     1    0.02    0.05    0.10   10.44 ^ rebuffer10/X (sky130_fd_sc_hd__buf_6)
                                         net67 (net)
                  0.05    0.00   10.44 ^ scaleAdd._709_/A (sky130_fd_sc_hd__xnor2_4)
     4    0.01    0.06    0.08   10.52 v scaleAdd._709_/Y (sky130_fd_sc_hd__xnor2_4)
                                         accumulator.io_inMant[16] (net)
                  0.06    0.00   10.52 v accumulator._1204_/B (sky130_fd_sc_hd__or4_4)
     4    0.01    0.09    0.55   11.07 v accumulator._1204_/X (sky130_fd_sc_hd__or4_4)
                                         accumulator._0065_ (net)
                  0.09    0.00   11.07 v accumulator._1206_/B (sky130_fd_sc_hd__or2_4)
     3    0.01    0.05    0.26   11.32 v accumulator._1206_/X (sky130_fd_sc_hd__or2_4)
                                         accumulator._0085_ (net)
                  0.05    0.00   11.32 v accumulator._1207_/B (sky130_fd_sc_hd__or2_4)
     4    0.01    0.05    0.24   11.57 v accumulator._1207_/X (sky130_fd_sc_hd__or2_4)
                                         accumulator._0095_ (net)
                  0.05    0.00   11.57 v accumulator._1240_/B (sky130_fd_sc_hd__and2_1)
     2    0.00    0.04    0.17   11.73 v accumulator._1240_/X (sky130_fd_sc_hd__and2_1)
                                         accumulator._0339_ (net)
                  0.04    0.00   11.73 v accumulator._1241_/C1 (sky130_fd_sc_hd__a311o_1)
     3    0.01    0.07    0.30   12.03 v accumulator._1241_/X (sky130_fd_sc_hd__a311o_1)
                                         accumulator._0340_ (net)
                  0.07    0.00   12.03 v accumulator._1255_/A1 (sky130_fd_sc_hd__a21o_1)
     2    0.00    0.04    0.18   12.21 v accumulator._1255_/X (sky130_fd_sc_hd__a21o_1)
                                         accumulator._0354_ (net)
                  0.04    0.00   12.21 v accumulator._1257_/A2 (sky130_fd_sc_hd__a211o_1)
     3    0.01    0.06    0.31   12.53 v accumulator._1257_/X (sky130_fd_sc_hd__a211o_1)
                                         accumulator._0356_ (net)
                  0.06    0.00   12.53 v accumulator._1263_/B (sky130_fd_sc_hd__and2_4)
     5    0.01    0.04    0.18   12.70 v accumulator._1263_/X (sky130_fd_sc_hd__and2_4)
                                         accumulator._0362_ (net)
                  0.04    0.00   12.70 v accumulator._1274_/C (sky130_fd_sc_hd__or4_4)
     4    0.01    0.10    0.52   13.22 v accumulator._1274_/X (sky130_fd_sc_hd__or4_4)
                                         accumulator._0373_ (net)
                  0.10    0.00   13.22 v accumulator._1276_/A1 (sky130_fd_sc_hd__a21o_1)
     2    0.01    0.05    0.19   13.41 v accumulator._1276_/X (sky130_fd_sc_hd__a21o_1)
                                         accumulator._0375_ (net)
                  0.05    0.00   13.41 v accumulator._1278_/A1 (sky130_fd_sc_hd__a21o_4)
     2    0.02    0.05    0.23   13.64 v accumulator._1278_/X (sky130_fd_sc_hd__a21o_4)
                                         accumulator._0377_ (net)
                  0.05    0.00   13.64 v accumulator._1284_/A2 (sky130_fd_sc_hd__a21o_1)
     2    0.01    0.05    0.20   13.84 v accumulator._1284_/X (sky130_fd_sc_hd__a21o_1)
                                         accumulator._0383_ (net)
                  0.05    0.00   13.84 v accumulator._1285_/A2 (sky130_fd_sc_hd__a21o_4)
     2    0.02    0.05    0.25   14.09 v accumulator._1285_/X (sky130_fd_sc_hd__a21o_4)
                                         accumulator._0384_ (net)
                  0.05    0.00   14.09 v accumulator._1290_/A2 (sky130_fd_sc_hd__a21o_1)
     2    0.02    0.09    0.25   14.34 v accumulator._1290_/X (sky130_fd_sc_hd__a21o_1)
                                         accumulator._0389_ (net)
                  0.09    0.00   14.34 v accumulator._1293_/A2 (sky130_fd_sc_hd__a21boi_4)
     3    0.02    0.19    0.24   14.58 ^ accumulator._1293_/Y (sky130_fd_sc_hd__a21boi_4)
                                         accumulator._0392_ (net)
                  0.19    0.00   14.58 ^ accumulator._1302_/A (sky130_fd_sc_hd__xor2_2)
     4    0.01    0.18    0.21   14.79 ^ accumulator._1302_/X (sky130_fd_sc_hd__xor2_2)
                                         accumulator._0401_ (net)
                  0.18    0.00   14.79 ^ accumulator._1303_/A (sky130_fd_sc_hd__buf_6)
     6    0.02    0.05    0.15   14.94 ^ accumulator._1303_/X (sky130_fd_sc_hd__buf_6)
                                         accumulator._0402_ (net)
                  0.05    0.00   14.94 ^ accumulator._1335_/S (sky130_fd_sc_hd__mux2_4)
     5    0.01    0.06    0.33   15.27 v accumulator._1335_/X (sky130_fd_sc_hd__mux2_4)
                                         accumulator._0432_ (net)
                  0.06    0.00   15.27 v accumulator._1336_/A (sky130_fd_sc_hd__buf_2)
    10    0.02    0.07    0.18   15.45 v accumulator._1336_/X (sky130_fd_sc_hd__buf_2)
                                         accumulator._0433_ (net)
                  0.07    0.00   15.45 v accumulator._1373_/A1 (sky130_fd_sc_hd__a21o_1)
     2    0.00    0.04    0.17   15.62 v accumulator._1373_/X (sky130_fd_sc_hd__a21o_1)
                                         accumulator._0470_ (net)
                  0.04    0.00   15.62 v accumulator._1380_/A2 (sky130_fd_sc_hd__a21o_1)
     2    0.00    0.04    0.18   15.80 v accumulator._1380_/X (sky130_fd_sc_hd__a21o_1)
                                         accumulator._0477_ (net)
                  0.04    0.00   15.80 v accumulator._1403_/A (sky130_fd_sc_hd__and2_1)
     2    0.00    0.04    0.14   15.95 v accumulator._1403_/X (sky130_fd_sc_hd__and2_1)
                                         accumulator._0500_ (net)
                  0.04    0.00   15.95 v accumulator._1427_/A2 (sky130_fd_sc_hd__a211o_1)
     1    0.00    0.05    0.29   16.24 v accumulator._1427_/X (sky130_fd_sc_hd__a211o_1)
                                         accumulator._0524_ (net)
                  0.05    0.00   16.24 v accumulator._1505_/A2 (sky130_fd_sc_hd__a32o_2)
     4    0.01    0.07    0.31   16.55 v accumulator._1505_/X (sky130_fd_sc_hd__a32o_2)
                                         accumulator._0602_ (net)
                  0.07    0.00   16.55 v accumulator._1507_/A (sky130_fd_sc_hd__xnor2_2)
     3    0.01    0.23    0.25   16.80 ^ accumulator._1507_/Y (sky130_fd_sc_hd__xnor2_2)
                                         accumulator._0604_ (net)
                  0.23    0.00   16.80 ^ accumulator._1837_/A1 (sky130_fd_sc_hd__a311o_1)
     2    0.00    0.07    0.22   17.01 ^ accumulator._1837_/X (sky130_fd_sc_hd__a311o_1)
                                         accumulator._0934_ (net)
                  0.07    0.00   17.01 ^ accumulator._1839_/A3 (sky130_fd_sc_hd__a311o_1)
     3    0.01    0.10    0.21   17.22 ^ accumulator._1839_/X (sky130_fd_sc_hd__a311o_1)
                                         accumulator._0936_ (net)
                  0.10    0.00   17.22 ^ accumulator._1842_/A1 (sky130_fd_sc_hd__a311o_1)
     2    0.01    0.10    0.20   17.42 ^ accumulator._1842_/X (sky130_fd_sc_hd__a311o_1)
                                         accumulator._0939_ (net)
                  0.10    0.00   17.42 ^ accumulator._1844_/A1 (sky130_fd_sc_hd__a31oi_2)
     3    0.01    0.08    0.10   17.53 v accumulator._1844_/Y (sky130_fd_sc_hd__a31oi_2)
                                         accumulator._0941_ (net)
                  0.08    0.00   17.53 v accumulator._1846_/A1 (sky130_fd_sc_hd__a211o_1)
     3    0.01    0.06    0.30   17.82 v accumulator._1846_/X (sky130_fd_sc_hd__a211o_1)
                                         accumulator._0943_ (net)
                  0.06    0.00   17.82 v accumulator._1847_/A1 (sky130_fd_sc_hd__a311o_1)
     3    0.01    0.08    0.32   18.14 v accumulator._1847_/X (sky130_fd_sc_hd__a311o_1)
                                         accumulator._0944_ (net)
                  0.08    0.00   18.14 v accumulator._1855_/A3 (sky130_fd_sc_hd__o311a_4)
     4    0.01    0.07    0.36   18.50 v accumulator._1855_/X (sky130_fd_sc_hd__o311a_4)
                                         accumulator._0952_ (net)
                  0.07    0.00   18.50 v accumulator._1866_/A3 (sky130_fd_sc_hd__o31ai_4)
     3    0.01    0.19    0.20   18.69 ^ accumulator._1866_/Y (sky130_fd_sc_hd__o31ai_4)
                                         accumulator._0963_ (net)
                  0.19    0.00   18.69 ^ accumulator._1867_/B (sky130_fd_sc_hd__nand3b_1)
     1    0.00    0.06    0.10   18.79 v accumulator._1867_/Y (sky130_fd_sc_hd__nand3b_1)
                                         accumulator._0964_ (net)
                  0.06    0.00   18.79 v accumulator._1868_/C1 (sky130_fd_sc_hd__o211a_1)
     3    0.01    0.07    0.15   18.93 v accumulator._1868_/X (sky130_fd_sc_hd__o211a_1)
                                         accumulator._0965_ (net)
                  0.07    0.00   18.93 v accumulator._1871_/A3 (sky130_fd_sc_hd__o41a_4)
     7    0.02    0.09    0.48   19.42 v accumulator._1871_/X (sky130_fd_sc_hd__o41a_4)
                                         accumulator._0968_ (net)
                  0.09    0.00   19.42 v accumulator._1872_/A (sky130_fd_sc_hd__and2_4)
     5    0.01    0.04    0.17   19.59 v accumulator._1872_/X (sky130_fd_sc_hd__and2_4)
                                         accumulator._0969_ (net)
                  0.04    0.00   19.59 v accumulator._1895_/A (sky130_fd_sc_hd__buf_6)
    10    0.03    0.04    0.14   19.73 v accumulator._1895_/X (sky130_fd_sc_hd__buf_6)
                                         accumulator._0992_ (net)
                  0.04    0.00   19.73 v accumulator._1912_/A (sky130_fd_sc_hd__nor2_4)
     1    0.01    0.09    0.12   19.85 ^ accumulator._1912_/Y (sky130_fd_sc_hd__nor2_4)
                                         accumulator._1009_ (net)
                  0.09    0.00   19.85 ^ accumulator._1913_/A (sky130_fd_sc_hd__xor2_2)
     5    0.01    0.21    0.21   20.06 ^ accumulator._1913_/X (sky130_fd_sc_hd__xor2_2)
                                         accumulator._1010_ (net)
                  0.21    0.00   20.06 ^ accumulator._2072_/B1 (sky130_fd_sc_hd__o21ai_1)
     1    0.00    0.06    0.10   20.16 v accumulator._2072_/Y (sky130_fd_sc_hd__o21ai_1)
                                         accumulator._1169_ (net)
                  0.06    0.00   20.16 v accumulator._2073_/A1 (sky130_fd_sc_hd__a21oi_1)
     1    0.00    0.10    0.13   20.28 ^ accumulator._2073_/Y (sky130_fd_sc_hd__a21oi_1)
                                         accumulator._1170_ (net)
                  0.10    0.00   20.28 ^ accumulator._2074_/A2 (sky130_fd_sc_hd__o21ai_1)
     1    0.00    0.06    0.07   20.35 v accumulator._2074_/Y (sky130_fd_sc_hd__o21ai_1)
                                         accumulator._1171_ (net)
                  0.06    0.00   20.35 v accumulator._2075_/A2 (sky130_fd_sc_hd__a21o_1)
     1    0.00    0.03    0.18   20.53 v accumulator._2075_/X (sky130_fd_sc_hd__a21o_1)
                                         accumulator._1172_ (net)
                  0.03    0.00   20.53 v accumulator._2076_/A2 (sky130_fd_sc_hd__a21oi_1)
     1    0.00    0.10    0.13   20.66 ^ accumulator._2076_/Y (sky130_fd_sc_hd__a21oi_1)
                                         accumulator._1173_ (net)
                  0.10    0.00   20.66 ^ accumulator._2077_/A2 (sky130_fd_sc_hd__o21ai_1)
     1    0.00    0.06    0.07   20.73 v accumulator._2077_/Y (sky130_fd_sc_hd__o21ai_1)
                                         accumulator._1174_ (net)
                  0.06    0.00   20.73 v accumulator._2078_/A2 (sky130_fd_sc_hd__a21oi_1)
     1    0.00    0.10    0.14   20.87 ^ accumulator._2078_/Y (sky130_fd_sc_hd__a21oi_1)
                                         accumulator._1175_ (net)
                  0.10    0.00   20.87 ^ accumulator._2079_/A2 (sky130_fd_sc_hd__o21bai_1)
     1    0.00    0.05    0.07   20.94 v accumulator._2079_/Y (sky130_fd_sc_hd__o21bai_1)
                                         accumulator._1176_ (net)
                  0.05    0.00   20.94 v accumulator._2082_/A1 (sky130_fd_sc_hd__a21o_2)
     7    0.02    0.08    0.25   21.19 v accumulator._2082_/X (sky130_fd_sc_hd__a21o_2)
                                         accumulator._1180_ (net)
                  0.08    0.00   21.19 v accumulator._2083_/A (sky130_fd_sc_hd__nand2_4)
     5    0.03    0.10    0.11   21.30 ^ accumulator._2083_/Y (sky130_fd_sc_hd__nand2_4)
                                         accumulator._1181_ (net)
                  0.10    0.00   21.30 ^ accumulator._2114_/S (sky130_fd_sc_hd__mux2_1)
     3    0.01    0.07    0.37   21.66 v accumulator._2114_/X (sky130_fd_sc_hd__mux2_1)
                                         accumulator._0048_ (net)
                  0.07    0.00   21.66 v accumulator._2115_/A1 (sky130_fd_sc_hd__mux2_1)
     3    0.01    0.08    0.34   22.01 v accumulator._2115_/X (sky130_fd_sc_hd__mux2_1)
                                         accumulator._0049_ (net)
                  0.08    0.00   22.01 v accumulator._2121_/A2 (sky130_fd_sc_hd__a21o_1)
     2    0.00    0.04    0.20   22.21 v accumulator._2121_/X (sky130_fd_sc_hd__a21o_1)
                                         accumulator._0056_ (net)
                  0.04    0.00   22.21 v accumulator._2122_/A3 (sky130_fd_sc_hd__a32o_1)
     1    0.00    0.04    0.25   22.46 v accumulator._2122_/X (sky130_fd_sc_hd__a32o_1)
                                         accumulator._0057_ (net)
                  0.04    0.00   22.46 v accumulator._2123_/B (sky130_fd_sc_hd__and2_1)
     1    0.00    0.03    0.15   22.61 v accumulator._2123_/X (sky130_fd_sc_hd__and2_1)
                                         accumulator._0058_ (net)
                  0.03    0.00   22.61 v accumulator._2124_/A (sky130_fd_sc_hd__clkbuf_1)
     1    0.00    0.02    0.08   22.68 v accumulator._2124_/X (sky130_fd_sc_hd__clkbuf_1)
                                         accumulator._0003_ (net)
                  0.02    0.00   22.68 v accumulator._2402_/D (sky130_fd_sc_hd__dfxtp_1)
                                 22.68   data arrival time

                         25.00   25.00   clock clock (rise edge)
                          0.00   25.00   clock source latency
     1    0.01    0.04    0.03   25.03 ^ clock (in)
                                         clock (net)
                  0.04    0.00   25.03 ^ clkbuf_0_clock/A (sky130_fd_sc_hd__clkbuf_16)
     4    0.03    0.05    0.13   25.15 ^ clkbuf_0_clock/X (sky130_fd_sc_hd__clkbuf_16)
                                         clknet_0_clock (net)
                  0.05    0.00   25.15 ^ clkbuf_2_2__f_clock/A (sky130_fd_sc_hd__clkbuf_16)
    10    0.02    0.04    0.12   25.28 ^ clkbuf_2_2__f_clock/X (sky130_fd_sc_hd__clkbuf_16)
                                         clknet_2_2__leaf_clock (net)
                  0.04    0.00   25.28 ^ accumulator._2402_/CLK (sky130_fd_sc_hd__dfxtp_1)
                         -0.25   25.03   clock uncertainty
                          0.00   25.03   clock reconvergence pessimism
                         -0.10   24.92   library setup time
                                 24.92   data required time
-----------------------------------------------------------------------------
                                 24.92   data required time
                                -22.68   data arrival time
-----------------------------------------------------------------------------
                                  2.24   slack (MET)


Startpoint: io_inScaleA[7] (input port clocked by clock)
Endpoint: accumulator._2416_ (rising edge-triggered flip-flop clocked by clock)
Path Group: clock
Path Type: max

Fanout     Cap    Slew   Delay    Time   Description
-----------------------------------------------------------------------------
                          0.00    0.00   clock clock (rise edge)
                          0.00    0.00   clock network delay (propagated)
                          5.00    5.00 v input external delay
     1    0.00    0.01    0.00    5.00 v io_inScaleA[7] (in)
                                         io_inScaleA[7] (net)
                  0.01    0.00    5.00 v input16/A (sky130_fd_sc_hd__buf_2)
     5    0.01    0.04    0.13    5.13 v input16/X (sky130_fd_sc_hd__buf_2)
                                         net16 (net)
                  0.04    0.00    5.13 v scaleAdd._421_/A1 (sky130_fd_sc_hd__o21a_4)
     4    0.02    0.05    0.24    5.37 v scaleAdd._421_/X (sky130_fd_sc_hd__o21a_4)
                                         scaleAdd._002_ (net)
                  0.05    0.00    5.37 v scaleAdd._428_/A (sky130_fd_sc_hd__xor2_1)
     2    0.01    0.07    0.18    5.55 v scaleAdd._428_/X (sky130_fd_sc_hd__xor2_1)
                                         scaleAdd._009_ (net)
                  0.07    0.00    5.55 v scaleAdd._429_/A (sky130_fd_sc_hd__xnor2_1)
     2    0.01    0.20    0.23    5.78 ^ scaleAdd._429_/Y (sky130_fd_sc_hd__xnor2_1)
                                         scaleAdd._010_ (net)
                  0.20    0.00    5.78 ^ scaleAdd._431_/B (sky130_fd_sc_hd__xnor2_1)
     2    0.01    0.25    0.20    5.99 ^ scaleAdd._431_/Y (sky130_fd_sc_hd__xnor2_1)
                                         scaleAdd._012_ (net)
                  0.25    0.00    5.99 ^ scaleAdd._432_/B (sky130_fd_sc_hd__xnor2_1)
     2    0.01    0.20    0.19    6.18 ^ scaleAdd._432_/Y (sky130_fd_sc_hd__xnor2_1)
                                         scaleAdd._013_ (net)
                  0.20    0.00    6.18 ^ scaleAdd._435_/A (sky130_fd_sc_hd__xor2_1)
     2    0.01    0.26    0.28    6.46 ^ scaleAdd._435_/X (sky130_fd_sc_hd__xor2_1)
                                         scaleAdd._016_ (net)
                  0.26    0.00    6.46 ^ scaleAdd._436_/A (sky130_fd_sc_hd__xnor2_2)
     2    0.01    0.19    0.18    6.64 ^ scaleAdd._436_/Y (sky130_fd_sc_hd__xnor2_2)
                                         scaleAdd._017_ (net)
                  0.19    0.00    6.64 ^ scaleAdd._438_/B (sky130_fd_sc_hd__xnor2_2)
     2    0.01    0.20    0.17    6.81 ^ scaleAdd._438_/Y (sky130_fd_sc_hd__xnor2_2)
                                         scaleAdd._019_ (net)
                  0.20    0.00    6.81 ^ scaleAdd._439_/A (sky130_fd_sc_hd__xor2_2)
     5    0.02    0.29    0.29    7.10 ^ scaleAdd._439_/X (sky130_fd_sc_hd__xor2_2)
                                         scaleAdd._020_ (net)
                  0.29    0.00    7.10 ^ scaleAdd._443_/B (sky130_fd_sc_hd__xnor2_2)
     1    0.01    0.07    0.12    7.22 v scaleAdd._443_/Y (sky130_fd_sc_hd__xnor2_2)
                                         scaleAdd._024_ (net)
                  0.07    0.00    7.22 v scaleAdd._444_/A (sky130_fd_sc_hd__xnor2_2)
     6    0.01    0.22    0.24    7.46 ^ scaleAdd._444_/Y (sky130_fd_sc_hd__xnor2_2)
                                         scaleAdd._025_ (net)
                  0.22    0.00    7.46 ^ scaleAdd._445_/B_N (sky130_fd_sc_hd__or2b_4)
     3    0.01    0.05    0.31    7.78 v scaleAdd._445_/X (sky130_fd_sc_hd__or2b_4)
                                         scaleAdd._026_ (net)
                  0.05    0.00    7.78 v scaleAdd._448_/B1 (sky130_fd_sc_hd__a22o_1)
     2    0.00    0.05    0.19    7.97 v scaleAdd._448_/X (sky130_fd_sc_hd__a22o_1)
                                         scaleAdd._029_ (net)
                  0.05    0.00    7.97 v scaleAdd._452_/A2 (sky130_fd_sc_hd__a21o_1)
     2    0.00    0.04    0.19    8.16 v scaleAdd._452_/X (sky130_fd_sc_hd__a21o_1)
                                         scaleAdd._033_ (net)
                  0.04    0.00    8.16 v scaleAdd._454_/B2 (sky130_fd_sc_hd__a22o_1)
     3    0.01    0.06    0.22    8.38 v scaleAdd._454_/X (sky130_fd_sc_hd__a22o_1)
                                         scaleAdd._035_ (net)
                  0.06    0.00    8.38 v scaleAdd._456_/B (sky130_fd_sc_hd__and3_1)
     2    0.00    0.05    0.18    8.56 v scaleAdd._456_/X (sky130_fd_sc_hd__and3_1)
                                         scaleAdd._037_ (net)
                  0.05    0.00    8.56 v scaleAdd._458_/B (sky130_fd_sc_hd__or3_4)
     3    0.01    0.07    0.38    8.95 v scaleAdd._458_/X (sky130_fd_sc_hd__or3_4)
                                         scaleAdd._039_ (net)
                  0.07    0.00    8.95 v scaleAdd._492_/A1 (sky130_fd_sc_hd__a21o_1)
     3    0.01    0.07    0.21    9.15 v scaleAdd._492_/X (sky130_fd_sc_hd__a21o_1)
                                         scaleAdd._072_ (net)
                  0.07    0.00    9.15 v scaleAdd._539_/A1 (sky130_fd_sc_hd__a21oi_4)
     4    0.01    0.13    0.16    9.31 ^ scaleAdd._539_/Y (sky130_fd_sc_hd__a21oi_4)
                                         scaleAdd._118_ (net)
                  0.13    0.00    9.31 ^ scaleAdd._603_/A3 (sky130_fd_sc_hd__o311ai_2)
     3    0.01    0.10    0.11    9.42 v scaleAdd._603_/Y (sky130_fd_sc_hd__o311ai_2)
                                         scaleAdd._180_ (net)
                  0.10    0.00    9.42 v scaleAdd._652_/A1 (sky130_fd_sc_hd__a311o_1)
     3    0.01    0.07    0.31    9.72 v scaleAdd._652_/X (sky130_fd_sc_hd__a311o_1)
                                         scaleAdd._227_ (net)
                  0.07    0.00    9.72 v scaleAdd._688_/A1 (sky130_fd_sc_hd__a311o_1)
     3    0.01    0.10    0.33   10.06 v scaleAdd._688_/X (sky130_fd_sc_hd__a311o_1)
                                         scaleAdd._261_ (net)
                  0.10    0.00   10.06 v scaleAdd._708_/A1 (sky130_fd_sc_hd__a31oi_4)
     2    0.01    0.14    0.16   10.22 ^ scaleAdd._708_/Y (sky130_fd_sc_hd__a31oi_4)
                                         scaleAdd._279_ (net)
                  0.14    0.00   10.22 ^ rebuffer17/A (sky130_fd_sc_hd__buf_6)
     1    0.00    0.03    0.12   10.34 ^ rebuffer17/X (sky130_fd_sc_hd__buf_6)
                                         net74 (net)
                  0.03    0.00   10.34 ^ rebuffer10/A (sky130_fd_sc_hd__buf_6)
     1    0.02    0.05    0.10   10.44 ^ rebuffer10/X (sky130_fd_sc_hd__buf_6)
                                         net67 (net)
                  0.05    0.00   10.44 ^ scaleAdd._709_/A (sky130_fd_sc_hd__xnor2_4)
     4    0.01    0.06    0.08   10.52 v scaleAdd._709_/Y (sky130_fd_sc_hd__xnor2_4)
                                         accumulator.io_inMant[16] (net)
                  0.06    0.00   10.52 v accumulator._1204_/B (sky130_fd_sc_hd__or4_4)
     4    0.01    0.09    0.55   11.07 v accumulator._1204_/X (sky130_fd_sc_hd__or4_4)
                                         accumulator._0065_ (net)
                  0.09    0.00   11.07 v accumulator._1206_/B (sky130_fd_sc_hd__or2_4)
     3    0.01    0.05    0.26   11.32 v accumulator._1206_/X (sky130_fd_sc_hd__or2_4)
                                         accumulator._0085_ (net)
                  0.05    0.00   11.32 v accumulator._1207_/B (sky130_fd_sc_hd__or2_4)
     4    0.01    0.05    0.24   11.57 v accumulator._1207_/X (sky130_fd_sc_hd__or2_4)
                                         accumulator._0095_ (net)
                  0.05    0.00   11.57 v accumulator._1240_/B (sky130_fd_sc_hd__and2_1)
     2    0.00    0.04    0.17   11.73 v accumulator._1240_/X (sky130_fd_sc_hd__and2_1)
                                         accumulator._0339_ (net)
                  0.04    0.00   11.73 v accumulator._1241_/C1 (sky130_fd_sc_hd__a311o_1)
     3    0.01    0.07    0.30   12.03 v accumulator._1241_/X (sky130_fd_sc_hd__a311o_1)
                                         accumulator._0340_ (net)
                  0.07    0.00   12.03 v accumulator._1255_/A1 (sky130_fd_sc_hd__a21o_1)
     2    0.00    0.04    0.18   12.21 v accumulator._1255_/X (sky130_fd_sc_hd__a21o_1)
                                         accumulator._0354_ (net)
                  0.04    0.00   12.21 v accumulator._1257_/A2 (sky130_fd_sc_hd__a211o_1)
     3    0.01    0.06    0.31   12.53 v accumulator._1257_/X (sky130_fd_sc_hd__a211o_1)
                                         accumulator._0356_ (net)
                  0.06    0.00   12.53 v accumulator._1263_/B (sky130_fd_sc_hd__and2_4)
     5    0.01    0.04    0.18   12.70 v accumulator._1263_/X (sky130_fd_sc_hd__and2_4)
                                         accumulator._0362_ (net)
                  0.04    0.00   12.70 v accumulator._1274_/C (sky130_fd_sc_hd__or4_4)
     4    0.01    0.10    0.52   13.22 v accumulator._1274_/X (sky130_fd_sc_hd__or4_4)
                                         accumulator._0373_ (net)
                  0.10    0.00   13.22 v accumulator._1276_/A1 (sky130_fd_sc_hd__a21o_1)
     2    0.01    0.05    0.19   13.41 v accumulator._1276_/X (sky130_fd_sc_hd__a21o_1)
                                         accumulator._0375_ (net)
                  0.05    0.00   13.41 v accumulator._1278_/A1 (sky130_fd_sc_hd__a21o_4)
     2    0.02    0.05    0.23   13.64 v accumulator._1278_/X (sky130_fd_sc_hd__a21o_4)
                                         accumulator._0377_ (net)
                  0.05    0.00   13.64 v accumulator._1284_/A2 (sky130_fd_sc_hd__a21o_1)
     2    0.01    0.05    0.20   13.84 v accumulator._1284_/X (sky130_fd_sc_hd__a21o_1)
                                         accumulator._0383_ (net)
                  0.05    0.00   13.84 v accumulator._1285_/A2 (sky130_fd_sc_hd__a21o_4)
     2    0.02    0.05    0.25   14.09 v accumulator._1285_/X (sky130_fd_sc_hd__a21o_4)
                                         accumulator._0384_ (net)
                  0.05    0.00   14.09 v accumulator._1290_/A2 (sky130_fd_sc_hd__a21o_1)
     2    0.02    0.09    0.25   14.34 v accumulator._1290_/X (sky130_fd_sc_hd__a21o_1)
                                         accumulator._0389_ (net)
                  0.09    0.00   14.34 v accumulator._1293_/A2 (sky130_fd_sc_hd__a21boi_4)
     3    0.02    0.19    0.24   14.58 ^ accumulator._1293_/Y (sky130_fd_sc_hd__a21boi_4)
                                         accumulator._0392_ (net)
                  0.19    0.00   14.58 ^ accumulator._1302_/A (sky130_fd_sc_hd__xor2_2)
     4    0.01    0.18    0.21   14.79 ^ accumulator._1302_/X (sky130_fd_sc_hd__xor2_2)
                                         accumulator._0401_ (net)
                  0.18    0.00   14.79 ^ accumulator._1303_/A (sky130_fd_sc_hd__buf_6)
     6    0.02    0.05    0.15   14.94 ^ accumulator._1303_/X (sky130_fd_sc_hd__buf_6)
                                         accumulator._0402_ (net)
                  0.05    0.00   14.94 ^ accumulator._1335_/S (sky130_fd_sc_hd__mux2_4)
     5    0.01    0.06    0.33   15.27 v accumulator._1335_/X (sky130_fd_sc_hd__mux2_4)
                                         accumulator._0432_ (net)
                  0.06    0.00   15.27 v accumulator._1336_/A (sky130_fd_sc_hd__buf_2)
    10    0.02    0.07    0.18   15.45 v accumulator._1336_/X (sky130_fd_sc_hd__buf_2)
                                         accumulator._0433_ (net)
                  0.07    0.00   15.45 v accumulator._1373_/A1 (sky130_fd_sc_hd__a21o_1)
     2    0.00    0.04    0.17   15.62 v accumulator._1373_/X (sky130_fd_sc_hd__a21o_1)
                                         accumulator._0470_ (net)
                  0.04    0.00   15.62 v accumulator._1380_/A2 (sky130_fd_sc_hd__a21o_1)
     2    0.00    0.04    0.18   15.80 v accumulator._1380_/X (sky130_fd_sc_hd__a21o_1)
                                         accumulator._0477_ (net)
                  0.04    0.00   15.80 v accumulator._1403_/A (sky130_fd_sc_hd__and2_1)
     2    0.00    0.04    0.14   15.95 v accumulator._1403_/X (sky130_fd_sc_hd__and2_1)
                                         accumulator._0500_ (net)
                  0.04    0.00   15.95 v accumulator._1427_/A2 (sky130_fd_sc_hd__a211o_1)
     1    0.00    0.05    0.29   16.24 v accumulator._1427_/X (sky130_fd_sc_hd__a211o_1)
                                         accumulator._0524_ (net)
                  0.05    0.00   16.24 v accumulator._1505_/A2 (sky130_fd_sc_hd__a32o_2)
     4    0.01    0.07    0.31   16.55 v accumulator._1505_/X (sky130_fd_sc_hd__a32o_2)
                                         accumulator._0602_ (net)
                  0.07    0.00   16.55 v accumulator._1507_/A (sky130_fd_sc_hd__xnor2_2)
     3    0.01    0.23    0.25   16.80 ^ accumulator._1507_/Y (sky130_fd_sc_hd__xnor2_2)
                                         accumulator._0604_ (net)
                  0.23    0.00   16.80 ^ accumulator._1837_/A1 (sky130_fd_sc_hd__a311o_1)
     2    0.00    0.07    0.22   17.01 ^ accumulator._1837_/X (sky130_fd_sc_hd__a311o_1)
                                         accumulator._0934_ (net)
                  0.07    0.00   17.01 ^ accumulator._1839_/A3 (sky130_fd_sc_hd__a311o_1)
     3    0.01    0.10    0.21   17.22 ^ accumulator._1839_/X (sky130_fd_sc_hd__a311o_1)
                                         accumulator._0936_ (net)
                  0.10    0.00   17.22 ^ accumulator._1842_/A1 (sky130_fd_sc_hd__a311o_1)
     2    0.01    0.10    0.20   17.42 ^ accumulator._1842_/X (sky130_fd_sc_hd__a311o_1)
                                         accumulator._0939_ (net)
                  0.10    0.00   17.42 ^ accumulator._1844_/A1 (sky130_fd_sc_hd__a31oi_2)
     3    0.01    0.08    0.10   17.53 v accumulator._1844_/Y (sky130_fd_sc_hd__a31oi_2)
                                         accumulator._0941_ (net)
                  0.08    0.00   17.53 v accumulator._1846_/A1 (sky130_fd_sc_hd__a211o_1)
     3    0.01    0.06    0.30   17.82 v accumulator._1846_/X (sky130_fd_sc_hd__a211o_1)
                                         accumulator._0943_ (net)
                  0.06    0.00   17.82 v accumulator._1847_/A1 (sky130_fd_sc_hd__a311o_1)
     3    0.01    0.08    0.32   18.14 v accumulator._1847_/X (sky130_fd_sc_hd__a311o_1)
                                         accumulator._0944_ (net)
                  0.08    0.00   18.14 v accumulator._1855_/A3 (sky130_fd_sc_hd__o311a_4)
     4    0.01    0.07    0.36   18.50 v accumulator._1855_/X (sky130_fd_sc_hd__o311a_4)
                                         accumulator._0952_ (net)
                  0.07    0.00   18.50 v accumulator._1866_/A3 (sky130_fd_sc_hd__o31ai_4)
     3    0.01    0.19    0.20   18.69 ^ accumulator._1866_/Y (sky130_fd_sc_hd__o31ai_4)
                                         accumulator._0963_ (net)
                  0.19    0.00   18.69 ^ accumulator._1867_/B (sky130_fd_sc_hd__nand3b_1)
     1    0.00    0.06    0.10   18.79 v accumulator._1867_/Y (sky130_fd_sc_hd__nand3b_1)
                                         accumulator._0964_ (net)
                  0.06    0.00   18.79 v accumulator._1868_/C1 (sky130_fd_sc_hd__o211a_1)
     3    0.01    0.07    0.15   18.93 v accumulator._1868_/X (sky130_fd_sc_hd__o211a_1)
                                         accumulator._0965_ (net)
                  0.07    0.00   18.93 v accumulator._1871_/A3 (sky130_fd_sc_hd__o41a_4)
     7    0.02    0.09    0.48   19.42 v accumulator._1871_/X (sky130_fd_sc_hd__o41a_4)
                                         accumulator._0968_ (net)
                  0.09    0.00   19.42 v accumulator._1872_/A (sky130_fd_sc_hd__and2_4)
     5    0.01    0.04    0.17   19.59 v accumulator._1872_/X (sky130_fd_sc_hd__and2_4)
                                         accumulator._0969_ (net)
                  0.04    0.00   19.59 v accumulator._1895_/A (sky130_fd_sc_hd__buf_6)
    10    0.03    0.04    0.14   19.73 v accumulator._1895_/X (sky130_fd_sc_hd__buf_6)
                                         accumulator._0992_ (net)
                  0.04    0.00   19.73 v accumulator._1912_/A (sky130_fd_sc_hd__nor2_4)
     1    0.01    0.09    0.12   19.85 ^ accumulator._1912_/Y (sky130_fd_sc_hd__nor2_4)
                                         accumulator._1009_ (net)
                  0.09    0.00   19.85 ^ accumulator._1913_/A (sky130_fd_sc_hd__xor2_2)
     5    0.01    0.21    0.21   20.06 ^ accumulator._1913_/X (sky130_fd_sc_hd__xor2_2)
                                         accumulator._1010_ (net)
                  0.21    0.00   20.06 ^ accumulator._2072_/B1 (sky130_fd_sc_hd__o21ai_1)
     1    0.00    0.06    0.10   20.16 v accumulator._2072_/Y (sky130_fd_sc_hd__o21ai_1)
                                         accumulator._1169_ (net)
                  0.06    0.00   20.16 v accumulator._2073_/A1 (sky130_fd_sc_hd__a21oi_1)
     1    0.00    0.10    0.13   20.28 ^ accumulator._2073_/Y (sky130_fd_sc_hd__a21oi_1)
                                         accumulator._1170_ (net)
                  0.10    0.00   20.28 ^ accumulator._2074_/A2 (sky130_fd_sc_hd__o21ai_1)
     1    0.00    0.06    0.07   20.35 v accumulator._2074_/Y (sky130_fd_sc_hd__o21ai_1)
                                         accumulator._1171_ (net)
                  0.06    0.00   20.35 v accumulator._2075_/A2 (sky130_fd_sc_hd__a21o_1)
     1    0.00    0.03    0.18   20.53 v accumulator._2075_/X (sky130_fd_sc_hd__a21o_1)
                                         accumulator._1172_ (net)
                  0.03    0.00   20.53 v accumulator._2076_/A2 (sky130_fd_sc_hd__a21oi_1)
     1    0.00    0.10    0.13   20.66 ^ accumulator._2076_/Y (sky130_fd_sc_hd__a21oi_1)
                                         accumulator._1173_ (net)
                  0.10    0.00   20.66 ^ accumulator._2077_/A2 (sky130_fd_sc_hd__o21ai_1)
     1    0.00    0.06    0.07   20.73 v accumulator._2077_/Y (sky130_fd_sc_hd__o21ai_1)
                                         accumulator._1174_ (net)
                  0.06    0.00   20.73 v accumulator._2078_/A2 (sky130_fd_sc_hd__a21oi_1)
     1    0.00    0.10    0.14   20.87 ^ accumulator._2078_/Y (sky130_fd_sc_hd__a21oi_1)
                                         accumulator._1175_ (net)
                  0.10    0.00   20.87 ^ accumulator._2079_/A2 (sky130_fd_sc_hd__o21bai_1)
     1    0.00    0.05    0.07   20.94 v accumulator._2079_/Y (sky130_fd_sc_hd__o21bai_1)
                                         accumulator._1176_ (net)
                  0.05    0.00   20.94 v accumulator._2082_/A1 (sky130_fd_sc_hd__a21o_2)
     7    0.02    0.08    0.25   21.19 v accumulator._2082_/X (sky130_fd_sc_hd__a21o_2)
                                         accumulator._1180_ (net)
                  0.08    0.00   21.19 v clone13/A (sky130_fd_sc_hd__nand2_2)
     4    0.01    0.08    0.10   21.28 ^ clone13/Y (sky130_fd_sc_hd__nand2_2)
                                         net70 (net)
                  0.08    0.00   21.28 ^ accumulator._2117_/A (sky130_fd_sc_hd__buf_2)
    10    0.03    0.13    0.19   21.48 ^ accumulator._2117_/X (sky130_fd_sc_hd__buf_2)
                                         accumulator._0051_ (net)
                  0.13    0.00   21.48 ^ accumulator._2187_/S (sky130_fd_sc_hd__mux2_1)
     2    0.00    0.06    0.35   21.83 v accumulator._2187_/X (sky130_fd_sc_hd__mux2_1)
                                         accumulator._0122_ (net)
                  0.06    0.00   21.83 v accumulator._2190_/A0 (sky130_fd_sc_hd__mux2_1)
     1    0.00    0.05    0.29   22.12 v accumulator._2190_/X (sky130_fd_sc_hd__mux2_1)
                                         accumulator._0125_ (net)
                  0.05    0.00   22.12 v accumulator._2191_/A1 (sky130_fd_sc_hd__mux2_1)
     2    0.00    0.07    0.32   22.43 v accumulator._2191_/X (sky130_fd_sc_hd__mux2_1)
                                         accumulator._0127_ (net)
                  0.07    0.00   22.43 v accumulator._2263_/A2 (sky130_fd_sc_hd__o22ai_1)
     1    0.00    0.12    0.15   22.58 ^ accumulator._2263_/Y (sky130_fd_sc_hd__o22ai_1)
                                         accumulator._0198_ (net)
                  0.12    0.00   22.58 ^ accumulator._2265_/A2 (sky130_fd_sc_hd__o211a_1)
     1    0.00    0.04    0.14   22.73 ^ accumulator._2265_/X (sky130_fd_sc_hd__o211a_1)
                                         accumulator._0017_ (net)
                  0.04    0.00   22.73 ^ accumulator._2416_/D (sky130_fd_sc_hd__dfxtp_1)
                                 22.73   data arrival time

                         25.00   25.00   clock clock (rise edge)
                          0.00   25.00   clock source latency
     1    0.01    0.04    0.03   25.03 ^ clock (in)
                                         clock (net)
                  0.04    0.00   25.03 ^ clkbuf_0_clock/A (sky130_fd_sc_hd__clkbuf_16)
     4    0.03    0.05    0.13   25.15 ^ clkbuf_0_clock/X (sky130_fd_sc_hd__clkbuf_16)
                                         clknet_0_clock (net)
                  0.05    0.00   25.15 ^ clkbuf_2_3__f_clock/A (sky130_fd_sc_hd__clkbuf_16)
     9    0.02    0.04    0.12   25.28 ^ clkbuf_2_3__f_clock/X (sky130_fd_sc_hd__clkbuf_16)
                                         clknet_2_3__leaf_clock (net)
                  0.04    0.00   25.28 ^ accumulator._2416_/CLK (sky130_fd_sc_hd__dfxtp_1)
                         -0.25   25.03   clock uncertainty
                          0.00   25.03   clock reconvergence pessimism
                         -0.05   24.97   library setup time
                                 24.97   data required time
-----------------------------------------------------------------------------
                                 24.97   data required time
                                -22.73   data arrival time
-----------------------------------------------------------------------------
                                  2.25   slack (MET)


Startpoint: io_inScaleA[7] (input port clocked by clock)
Endpoint: accumulator._2421_ (rising edge-triggered flip-flop clocked by clock)
Path Group: clock
Path Type: max

Fanout     Cap    Slew   Delay    Time   Description
-----------------------------------------------------------------------------
                          0.00    0.00   clock clock (rise edge)
                          0.00    0.00   clock network delay (propagated)
                          5.00    5.00 v input external delay
     1    0.00    0.01    0.00    5.00 v io_inScaleA[7] (in)
                                         io_inScaleA[7] (net)
                  0.01    0.00    5.00 v input16/A (sky130_fd_sc_hd__buf_2)
     5    0.01    0.04    0.13    5.13 v input16/X (sky130_fd_sc_hd__buf_2)
                                         net16 (net)
                  0.04    0.00    5.13 v scaleAdd._421_/A1 (sky130_fd_sc_hd__o21a_4)
     4    0.02    0.05    0.24    5.37 v scaleAdd._421_/X (sky130_fd_sc_hd__o21a_4)
                                         scaleAdd._002_ (net)
                  0.05    0.00    5.37 v scaleAdd._428_/A (sky130_fd_sc_hd__xor2_1)
     2    0.01    0.07    0.18    5.55 v scaleAdd._428_/X (sky130_fd_sc_hd__xor2_1)
                                         scaleAdd._009_ (net)
                  0.07    0.00    5.55 v scaleAdd._429_/A (sky130_fd_sc_hd__xnor2_1)
     2    0.01    0.20    0.23    5.78 ^ scaleAdd._429_/Y (sky130_fd_sc_hd__xnor2_1)
                                         scaleAdd._010_ (net)
                  0.20    0.00    5.78 ^ scaleAdd._431_/B (sky130_fd_sc_hd__xnor2_1)
     2    0.01    0.25    0.20    5.99 ^ scaleAdd._431_/Y (sky130_fd_sc_hd__xnor2_1)
                                         scaleAdd._012_ (net)
                  0.25    0.00    5.99 ^ scaleAdd._432_/B (sky130_fd_sc_hd__xnor2_1)
     2    0.01    0.20    0.19    6.18 ^ scaleAdd._432_/Y (sky130_fd_sc_hd__xnor2_1)
                                         scaleAdd._013_ (net)
                  0.20    0.00    6.18 ^ scaleAdd._435_/A (sky130_fd_sc_hd__xor2_1)
     2    0.01    0.26    0.28    6.46 ^ scaleAdd._435_/X (sky130_fd_sc_hd__xor2_1)
                                         scaleAdd._016_ (net)
                  0.26    0.00    6.46 ^ scaleAdd._436_/A (sky130_fd_sc_hd__xnor2_2)
     2    0.01    0.19    0.18    6.64 ^ scaleAdd._436_/Y (sky130_fd_sc_hd__xnor2_2)
                                         scaleAdd._017_ (net)
                  0.19    0.00    6.64 ^ scaleAdd._438_/B (sky130_fd_sc_hd__xnor2_2)
     2    0.01    0.20    0.17    6.81 ^ scaleAdd._438_/Y (sky130_fd_sc_hd__xnor2_2)
                                         scaleAdd._019_ (net)
                  0.20    0.00    6.81 ^ scaleAdd._439_/A (sky130_fd_sc_hd__xor2_2)
     5    0.02    0.29    0.29    7.10 ^ scaleAdd._439_/X (sky130_fd_sc_hd__xor2_2)
                                         scaleAdd._020_ (net)
                  0.29    0.00    7.10 ^ scaleAdd._443_/B (sky130_fd_sc_hd__xnor2_2)
     1    0.01    0.07    0.12    7.22 v scaleAdd._443_/Y (sky130_fd_sc_hd__xnor2_2)
                                         scaleAdd._024_ (net)
                  0.07    0.00    7.22 v scaleAdd._444_/A (sky130_fd_sc_hd__xnor2_2)
     6    0.01    0.22    0.24    7.46 ^ scaleAdd._444_/Y (sky130_fd_sc_hd__xnor2_2)
                                         scaleAdd._025_ (net)
                  0.22    0.00    7.46 ^ scaleAdd._445_/B_N (sky130_fd_sc_hd__or2b_4)
     3    0.01    0.05    0.31    7.78 v scaleAdd._445_/X (sky130_fd_sc_hd__or2b_4)
                                         scaleAdd._026_ (net)
                  0.05    0.00    7.78 v scaleAdd._448_/B1 (sky130_fd_sc_hd__a22o_1)
     2    0.00    0.05    0.19    7.97 v scaleAdd._448_/X (sky130_fd_sc_hd__a22o_1)
                                         scaleAdd._029_ (net)
                  0.05    0.00    7.97 v scaleAdd._452_/A2 (sky130_fd_sc_hd__a21o_1)
     2    0.00    0.04    0.19    8.16 v scaleAdd._452_/X (sky130_fd_sc_hd__a21o_1)
                                         scaleAdd._033_ (net)
                  0.04    0.00    8.16 v scaleAdd._454_/B2 (sky130_fd_sc_hd__a22o_1)
     3    0.01    0.06    0.22    8.38 v scaleAdd._454_/X (sky130_fd_sc_hd__a22o_1)
                                         scaleAdd._035_ (net)
                  0.06    0.00    8.38 v scaleAdd._456_/B (sky130_fd_sc_hd__and3_1)
     2    0.00    0.05    0.18    8.56 v scaleAdd._456_/X (sky130_fd_sc_hd__and3_1)
                                         scaleAdd._037_ (net)
                  0.05    0.00    8.56 v scaleAdd._458_/B (sky130_fd_sc_hd__or3_4)
     3    0.01    0.07    0.38    8.95 v scaleAdd._458_/X (sky130_fd_sc_hd__or3_4)
                                         scaleAdd._039_ (net)
                  0.07    0.00    8.95 v scaleAdd._492_/A1 (sky130_fd_sc_hd__a21o_1)
     3    0.01    0.07    0.21    9.15 v scaleAdd._492_/X (sky130_fd_sc_hd__a21o_1)
                                         scaleAdd._072_ (net)
                  0.07    0.00    9.15 v scaleAdd._539_/A1 (sky130_fd_sc_hd__a21oi_4)
     4    0.01    0.13    0.16    9.31 ^ scaleAdd._539_/Y (sky130_fd_sc_hd__a21oi_4)
                                         scaleAdd._118_ (net)
                  0.13    0.00    9.31 ^ scaleAdd._603_/A3 (sky130_fd_sc_hd__o311ai_2)
     3    0.01    0.10    0.11    9.42 v scaleAdd._603_/Y (sky130_fd_sc_hd__o311ai_2)
                                         scaleAdd._180_ (net)
                  0.10    0.00    9.42 v scaleAdd._652_/A1 (sky130_fd_sc_hd__a311o_1)
     3    0.01    0.07    0.31    9.72 v scaleAdd._652_/X (sky130_fd_sc_hd__a311o_1)
                                         scaleAdd._227_ (net)
                  0.07    0.00    9.72 v scaleAdd._688_/A1 (sky130_fd_sc_hd__a311o_1)
     3    0.01    0.10    0.33   10.06 v scaleAdd._688_/X (sky130_fd_sc_hd__a311o_1)
                                         scaleAdd._261_ (net)
                  0.10    0.00   10.06 v scaleAdd._708_/A1 (sky130_fd_sc_hd__a31oi_4)
     2    0.01    0.14    0.16   10.22 ^ scaleAdd._708_/Y (sky130_fd_sc_hd__a31oi_4)
                                         scaleAdd._279_ (net)
                  0.14    0.00   10.22 ^ rebuffer17/A (sky130_fd_sc_hd__buf_6)
     1    0.00    0.03    0.12   10.34 ^ rebuffer17/X (sky130_fd_sc_hd__buf_6)
                                         net74 (net)
                  0.03    0.00   10.34 ^ rebuffer10/A (sky130_fd_sc_hd__buf_6)
     1    0.02    0.05    0.10   10.44 ^ rebuffer10/X (sky130_fd_sc_hd__buf_6)
                                         net67 (net)
                  0.05    0.00   10.44 ^ scaleAdd._709_/A (sky130_fd_sc_hd__xnor2_4)
     4    0.01    0.06    0.08   10.52 v scaleAdd._709_/Y (sky130_fd_sc_hd__xnor2_4)
                                         accumulator.io_inMant[16] (net)
                  0.06    0.00   10.52 v accumulator._1204_/B (sky130_fd_sc_hd__or4_4)
     4    0.01    0.09    0.55   11.07 v accumulator._1204_/X (sky130_fd_sc_hd__or4_4)
                                         accumulator._0065_ (net)
                  0.09    0.00   11.07 v accumulator._1206_/B (sky130_fd_sc_hd__or2_4)
     3    0.01    0.05    0.26   11.32 v accumulator._1206_/X (sky130_fd_sc_hd__or2_4)
                                         accumulator._0085_ (net)
                  0.05    0.00   11.32 v accumulator._1207_/B (sky130_fd_sc_hd__or2_4)
     4    0.01    0.05    0.24   11.57 v accumulator._1207_/X (sky130_fd_sc_hd__or2_4)
                                         accumulator._0095_ (net)
                  0.05    0.00   11.57 v accumulator._1240_/B (sky130_fd_sc_hd__and2_1)
     2    0.00    0.04    0.17   11.73 v accumulator._1240_/X (sky130_fd_sc_hd__and2_1)
                                         accumulator._0339_ (net)
                  0.04    0.00   11.73 v accumulator._1241_/C1 (sky130_fd_sc_hd__a311o_1)
     3    0.01    0.07    0.30   12.03 v accumulator._1241_/X (sky130_fd_sc_hd__a311o_1)
                                         accumulator._0340_ (net)
                  0.07    0.00   12.03 v accumulator._1255_/A1 (sky130_fd_sc_hd__a21o_1)
     2    0.00    0.04    0.18   12.21 v accumulator._1255_/X (sky130_fd_sc_hd__a21o_1)
                                         accumulator._0354_ (net)
                  0.04    0.00   12.21 v accumulator._1257_/A2 (sky130_fd_sc_hd__a211o_1)
     3    0.01    0.06    0.31   12.53 v accumulator._1257_/X (sky130_fd_sc_hd__a211o_1)
                                         accumulator._0356_ (net)
                  0.06    0.00   12.53 v accumulator._1263_/B (sky130_fd_sc_hd__and2_4)
     5    0.01    0.04    0.18   12.70 v accumulator._1263_/X (sky130_fd_sc_hd__and2_4)
                                         accumulator._0362_ (net)
                  0.04    0.00   12.70 v accumulator._1274_/C (sky130_fd_sc_hd__or4_4)
     4    0.01    0.10    0.52   13.22 v accumulator._1274_/X (sky130_fd_sc_hd__or4_4)
                                         accumulator._0373_ (net)
                  0.10    0.00   13.22 v accumulator._1276_/A1 (sky130_fd_sc_hd__a21o_1)
     2    0.01    0.05    0.19   13.41 v accumulator._1276_/X (sky130_fd_sc_hd__a21o_1)
                                         accumulator._0375_ (net)
                  0.05    0.00   13.41 v accumulator._1278_/A1 (sky130_fd_sc_hd__a21o_4)
     2    0.02    0.05    0.23   13.64 v accumulator._1278_/X (sky130_fd_sc_hd__a21o_4)
                                         accumulator._0377_ (net)
                  0.05    0.00   13.64 v accumulator._1284_/A2 (sky130_fd_sc_hd__a21o_1)
     2    0.01    0.05    0.20   13.84 v accumulator._1284_/X (sky130_fd_sc_hd__a21o_1)
                                         accumulator._0383_ (net)
                  0.05    0.00   13.84 v accumulator._1285_/A2 (sky130_fd_sc_hd__a21o_4)
     2    0.02    0.05    0.25   14.09 v accumulator._1285_/X (sky130_fd_sc_hd__a21o_4)
                                         accumulator._0384_ (net)
                  0.05    0.00   14.09 v accumulator._1290_/A2 (sky130_fd_sc_hd__a21o_1)
     2    0.02    0.09    0.25   14.34 v accumulator._1290_/X (sky130_fd_sc_hd__a21o_1)
                                         accumulator._0389_ (net)
                  0.09    0.00   14.34 v accumulator._1293_/A2 (sky130_fd_sc_hd__a21boi_4)
     3    0.02    0.19    0.24   14.58 ^ accumulator._1293_/Y (sky130_fd_sc_hd__a21boi_4)
                                         accumulator._0392_ (net)
                  0.19    0.00   14.58 ^ accumulator._1302_/A (sky130_fd_sc_hd__xor2_2)
     4    0.01    0.18    0.21   14.79 ^ accumulator._1302_/X (sky130_fd_sc_hd__xor2_2)
                                         accumulator._0401_ (net)
                  0.18    0.00   14.79 ^ accumulator._1303_/A (sky130_fd_sc_hd__buf_6)
     6    0.02    0.05    0.15   14.94 ^ accumulator._1303_/X (sky130_fd_sc_hd__buf_6)
                                         accumulator._0402_ (net)
                  0.05    0.00   14.94 ^ accumulator._1335_/S (sky130_fd_sc_hd__mux2_4)
     5    0.01    0.06    0.33   15.27 v accumulator._1335_/X (sky130_fd_sc_hd__mux2_4)
                                         accumulator._0432_ (net)
                  0.06    0.00   15.27 v accumulator._1336_/A (sky130_fd_sc_hd__buf_2)
    10    0.02    0.07    0.18   15.45 v accumulator._1336_/X (sky130_fd_sc_hd__buf_2)
                                         accumulator._0433_ (net)
                  0.07    0.00   15.45 v accumulator._1373_/A1 (sky130_fd_sc_hd__a21o_1)
     2    0.00    0.04    0.17   15.62 v accumulator._1373_/X (sky130_fd_sc_hd__a21o_1)
                                         accumulator._0470_ (net)
                  0.04    0.00   15.62 v accumulator._1380_/A2 (sky130_fd_sc_hd__a21o_1)
     2    0.00    0.04    0.18   15.80 v accumulator._1380_/X (sky130_fd_sc_hd__a21o_1)
                                         accumulator._0477_ (net)
                  0.04    0.00   15.80 v accumulator._1403_/A (sky130_fd_sc_hd__and2_1)
     2    0.00    0.04    0.14   15.95 v accumulator._1403_/X (sky130_fd_sc_hd__and2_1)
                                         accumulator._0500_ (net)
                  0.04    0.00   15.95 v accumulator._1427_/A2 (sky130_fd_sc_hd__a211o_1)
     1    0.00    0.05    0.29   16.24 v accumulator._1427_/X (sky130_fd_sc_hd__a211o_1)
                                         accumulator._0524_ (net)
                  0.05    0.00   16.24 v accumulator._1505_/A2 (sky130_fd_sc_hd__a32o_2)
     4    0.01    0.07    0.31   16.55 v accumulator._1505_/X (sky130_fd_sc_hd__a32o_2)
                                         accumulator._0602_ (net)
                  0.07    0.00   16.55 v accumulator._1507_/A (sky130_fd_sc_hd__xnor2_2)
     3    0.01    0.23    0.25   16.80 ^ accumulator._1507_/Y (sky130_fd_sc_hd__xnor2_2)
                                         accumulator._0604_ (net)
                  0.23    0.00   16.80 ^ accumulator._1837_/A1 (sky130_fd_sc_hd__a311o_1)
     2    0.00    0.07    0.22   17.01 ^ accumulator._1837_/X (sky130_fd_sc_hd__a311o_1)
                                         accumulator._0934_ (net)
                  0.07    0.00   17.01 ^ accumulator._1839_/A3 (sky130_fd_sc_hd__a311o_1)
     3    0.01    0.10    0.21   17.22 ^ accumulator._1839_/X (sky130_fd_sc_hd__a311o_1)
                                         accumulator._0936_ (net)
                  0.10    0.00   17.22 ^ accumulator._1842_/A1 (sky130_fd_sc_hd__a311o_1)
     2    0.01    0.10    0.20   17.42 ^ accumulator._1842_/X (sky130_fd_sc_hd__a311o_1)
                                         accumulator._0939_ (net)
                  0.10    0.00   17.42 ^ accumulator._1844_/A1 (sky130_fd_sc_hd__a31oi_2)
     3    0.01    0.08    0.10   17.53 v accumulator._1844_/Y (sky130_fd_sc_hd__a31oi_2)
                                         accumulator._0941_ (net)
                  0.08    0.00   17.53 v accumulator._1846_/A1 (sky130_fd_sc_hd__a211o_1)
     3    0.01    0.06    0.30   17.82 v accumulator._1846_/X (sky130_fd_sc_hd__a211o_1)
                                         accumulator._0943_ (net)
                  0.06    0.00   17.82 v accumulator._1847_/A1 (sky130_fd_sc_hd__a311o_1)
     3    0.01    0.08    0.32   18.14 v accumulator._1847_/X (sky130_fd_sc_hd__a311o_1)
                                         accumulator._0944_ (net)
                  0.08    0.00   18.14 v accumulator._1855_/A3 (sky130_fd_sc_hd__o311a_4)
     4    0.01    0.07    0.36   18.50 v accumulator._1855_/X (sky130_fd_sc_hd__o311a_4)
                                         accumulator._0952_ (net)
                  0.07    0.00   18.50 v accumulator._1866_/A3 (sky130_fd_sc_hd__o31ai_4)
     3    0.01    0.19    0.20   18.69 ^ accumulator._1866_/Y (sky130_fd_sc_hd__o31ai_4)
                                         accumulator._0963_ (net)
                  0.19    0.00   18.69 ^ accumulator._1867_/B (sky130_fd_sc_hd__nand3b_1)
     1    0.00    0.06    0.10   18.79 v accumulator._1867_/Y (sky130_fd_sc_hd__nand3b_1)
                                         accumulator._0964_ (net)
                  0.06    0.00   18.79 v accumulator._1868_/C1 (sky130_fd_sc_hd__o211a_1)
     3    0.01    0.07    0.15   18.93 v accumulator._1868_/X (sky130_fd_sc_hd__o211a_1)
                                         accumulator._0965_ (net)
                  0.07    0.00   18.93 v accumulator._1871_/A3 (sky130_fd_sc_hd__o41a_4)
     7    0.02    0.09    0.48   19.42 v accumulator._1871_/X (sky130_fd_sc_hd__o41a_4)
                                         accumulator._0968_ (net)
                  0.09    0.00   19.42 v accumulator._1872_/A (sky130_fd_sc_hd__and2_4)
     5    0.01    0.04    0.17   19.59 v accumulator._1872_/X (sky130_fd_sc_hd__and2_4)
                                         accumulator._0969_ (net)
                  0.04    0.00   19.59 v accumulator._1895_/A (sky130_fd_sc_hd__buf_6)
    10    0.03    0.04    0.14   19.73 v accumulator._1895_/X (sky130_fd_sc_hd__buf_6)
                                         accumulator._0992_ (net)
                  0.04    0.00   19.73 v accumulator._1912_/A (sky130_fd_sc_hd__nor2_4)
     1    0.01    0.09    0.12   19.85 ^ accumulator._1912_/Y (sky130_fd_sc_hd__nor2_4)
                                         accumulator._1009_ (net)
                  0.09    0.00   19.85 ^ accumulator._1913_/A (sky130_fd_sc_hd__xor2_2)
     5    0.01    0.21    0.21   20.06 ^ accumulator._1913_/X (sky130_fd_sc_hd__xor2_2)
                                         accumulator._1010_ (net)
                  0.21    0.00   20.06 ^ accumulator._2072_/B1 (sky130_fd_sc_hd__o21ai_1)
     1    0.00    0.06    0.10   20.16 v accumulator._2072_/Y (sky130_fd_sc_hd__o21ai_1)
                                         accumulator._1169_ (net)
                  0.06    0.00   20.16 v accumulator._2073_/A1 (sky130_fd_sc_hd__a21oi_1)
     1    0.00    0.10    0.13   20.28 ^ accumulator._2073_/Y (sky130_fd_sc_hd__a21oi_1)
                                         accumulator._1170_ (net)
                  0.10    0.00   20.28 ^ accumulator._2074_/A2 (sky130_fd_sc_hd__o21ai_1)
     1    0.00    0.06    0.07   20.35 v accumulator._2074_/Y (sky130_fd_sc_hd__o21ai_1)
                                         accumulator._1171_ (net)
                  0.06    0.00   20.35 v accumulator._2075_/A2 (sky130_fd_sc_hd__a21o_1)
     1    0.00    0.03    0.18   20.53 v accumulator._2075_/X (sky130_fd_sc_hd__a21o_1)
                                         accumulator._1172_ (net)
                  0.03    0.00   20.53 v accumulator._2076_/A2 (sky130_fd_sc_hd__a21oi_1)
     1    0.00    0.10    0.13   20.66 ^ accumulator._2076_/Y (sky130_fd_sc_hd__a21oi_1)
                                         accumulator._1173_ (net)
                  0.10    0.00   20.66 ^ accumulator._2077_/A2 (sky130_fd_sc_hd__o21ai_1)
     1    0.00    0.06    0.07   20.73 v accumulator._2077_/Y (sky130_fd_sc_hd__o21ai_1)
                                         accumulator._1174_ (net)
                  0.06    0.00   20.73 v accumulator._2078_/A2 (sky130_fd_sc_hd__a21oi_1)
     1    0.00    0.10    0.14   20.87 ^ accumulator._2078_/Y (sky130_fd_sc_hd__a21oi_1)
                                         accumulator._1175_ (net)
                  0.10    0.00   20.87 ^ accumulator._2079_/A2 (sky130_fd_sc_hd__o21bai_1)
     1    0.00    0.05    0.07   20.94 v accumulator._2079_/Y (sky130_fd_sc_hd__o21bai_1)
                                         accumulator._1176_ (net)
                  0.05    0.00   20.94 v accumulator._2082_/A1 (sky130_fd_sc_hd__a21o_2)
     7    0.02    0.08    0.25   21.19 v accumulator._2082_/X (sky130_fd_sc_hd__a21o_2)
                                         accumulator._1180_ (net)
                  0.08    0.00   21.19 v accumulator._2083_/A (sky130_fd_sc_hd__nand2_4)
     5    0.03    0.10    0.11   21.30 ^ accumulator._2083_/Y (sky130_fd_sc_hd__nand2_4)
                                         accumulator._1181_ (net)
                  0.10    0.00   21.30 ^ accumulator._2086_/A (sky130_fd_sc_hd__buf_8)
     5    0.02    0.04    0.12   21.42 ^ accumulator._2086_/X (sky130_fd_sc_hd__buf_8)
                                         accumulator._1184_ (net)
                  0.04    0.00   21.42 ^ accumulator._2237_/S (sky130_fd_sc_hd__mux2_2)
     3    0.01    0.06    0.35   21.77 v accumulator._2237_/X (sky130_fd_sc_hd__mux2_2)
                                         accumulator._0172_ (net)
                  0.06    0.00   21.77 v accumulator._2238_/A1 (sky130_fd_sc_hd__mux2_1)
     2    0.00    0.06    0.31   22.08 v accumulator._2238_/X (sky130_fd_sc_hd__mux2_1)
                                         accumulator._0173_ (net)
                  0.06    0.00   22.08 v accumulator._2239_/A1 (sky130_fd_sc_hd__mux2_4)
     2    0.00    0.05    0.27   22.36 v accumulator._2239_/X (sky130_fd_sc_hd__mux2_4)
                                         accumulator._0174_ (net)
                  0.05    0.00   22.36 v accumulator._2307_/A2 (sky130_fd_sc_hd__a21bo_1)
     1    0.00    0.03    0.19   22.55 v accumulator._2307_/X (sky130_fd_sc_hd__a21bo_1)
                                         accumulator._0241_ (net)
                  0.03    0.00   22.55 v accumulator._2309_/B1 (sky130_fd_sc_hd__o211a_1)
     1    0.00    0.03    0.11   22.66 v accumulator._2309_/X (sky130_fd_sc_hd__o211a_1)
                                         accumulator._0022_ (net)
                  0.03    0.00   22.66 v accumulator._2421_/D (sky130_fd_sc_hd__dfxtp_1)
                                 22.66   data arrival time

                         25.00   25.00   clock clock (rise edge)
                          0.00   25.00   clock source latency
     1    0.01    0.04    0.03   25.03 ^ clock (in)
                                         clock (net)
                  0.04    0.00   25.03 ^ clkbuf_0_clock/A (sky130_fd_sc_hd__clkbuf_16)
     4    0.03    0.05    0.13   25.15 ^ clkbuf_0_clock/X (sky130_fd_sc_hd__clkbuf_16)
                                         clknet_0_clock (net)
                  0.05    0.00   25.15 ^ clkbuf_2_3__f_clock/A (sky130_fd_sc_hd__clkbuf_16)
     9    0.02    0.04    0.12   25.28 ^ clkbuf_2_3__f_clock/X (sky130_fd_sc_hd__clkbuf_16)
                                         clknet_2_3__leaf_clock (net)
                  0.04    0.00   25.28 ^ accumulator._2421_/CLK (sky130_fd_sc_hd__dfxtp_1)
                         -0.25   25.03   clock uncertainty
                          0.00   25.03   clock reconvergence pessimism
                         -0.11   24.92   library setup time
                                 24.92   data required time
-----------------------------------------------------------------------------
                                 24.92   data required time
                                -22.66   data arrival time
-----------------------------------------------------------------------------
                                  2.26   slack (MET)


Startpoint: io_inScaleA[7] (input port clocked by clock)
Endpoint: accumulator._2405_ (rising edge-triggered flip-flop clocked by clock)
Path Group: clock
Path Type: max

Fanout     Cap    Slew   Delay    Time   Description
-----------------------------------------------------------------------------
                          0.00    0.00   clock clock (rise edge)
                          0.00    0.00   clock network delay (propagated)
                          5.00    5.00 v input external delay
     1    0.00    0.01    0.00    5.00 v io_inScaleA[7] (in)
                                         io_inScaleA[7] (net)
                  0.01    0.00    5.00 v input16/A (sky130_fd_sc_hd__buf_2)
     5    0.01    0.04    0.13    5.13 v input16/X (sky130_fd_sc_hd__buf_2)
                                         net16 (net)
                  0.04    0.00    5.13 v scaleAdd._421_/A1 (sky130_fd_sc_hd__o21a_4)
     4    0.02    0.05    0.24    5.37 v scaleAdd._421_/X (sky130_fd_sc_hd__o21a_4)
                                         scaleAdd._002_ (net)
                  0.05    0.00    5.37 v scaleAdd._428_/A (sky130_fd_sc_hd__xor2_1)
     2    0.01    0.07    0.18    5.55 v scaleAdd._428_/X (sky130_fd_sc_hd__xor2_1)
                                         scaleAdd._009_ (net)
                  0.07    0.00    5.55 v scaleAdd._429_/A (sky130_fd_sc_hd__xnor2_1)
     2    0.01    0.20    0.23    5.78 ^ scaleAdd._429_/Y (sky130_fd_sc_hd__xnor2_1)
                                         scaleAdd._010_ (net)
                  0.20    0.00    5.78 ^ scaleAdd._431_/B (sky130_fd_sc_hd__xnor2_1)
     2    0.01    0.25    0.20    5.99 ^ scaleAdd._431_/Y (sky130_fd_sc_hd__xnor2_1)
                                         scaleAdd._012_ (net)
                  0.25    0.00    5.99 ^ scaleAdd._432_/B (sky130_fd_sc_hd__xnor2_1)
     2    0.01    0.20    0.19    6.18 ^ scaleAdd._432_/Y (sky130_fd_sc_hd__xnor2_1)
                                         scaleAdd._013_ (net)
                  0.20    0.00    6.18 ^ scaleAdd._435_/A (sky130_fd_sc_hd__xor2_1)
     2    0.01    0.26    0.28    6.46 ^ scaleAdd._435_/X (sky130_fd_sc_hd__xor2_1)
                                         scaleAdd._016_ (net)
                  0.26    0.00    6.46 ^ scaleAdd._436_/A (sky130_fd_sc_hd__xnor2_2)
     2    0.01    0.19    0.18    6.64 ^ scaleAdd._436_/Y (sky130_fd_sc_hd__xnor2_2)
                                         scaleAdd._017_ (net)
                  0.19    0.00    6.64 ^ scaleAdd._438_/B (sky130_fd_sc_hd__xnor2_2)
     2    0.01    0.20    0.17    6.81 ^ scaleAdd._438_/Y (sky130_fd_sc_hd__xnor2_2)
                                         scaleAdd._019_ (net)
                  0.20    0.00    6.81 ^ scaleAdd._439_/A (sky130_fd_sc_hd__xor2_2)
     5    0.02    0.29    0.29    7.10 ^ scaleAdd._439_/X (sky130_fd_sc_hd__xor2_2)
                                         scaleAdd._020_ (net)
                  0.29    0.00    7.10 ^ scaleAdd._443_/B (sky130_fd_sc_hd__xnor2_2)
     1    0.01    0.07    0.12    7.22 v scaleAdd._443_/Y (sky130_fd_sc_hd__xnor2_2)
                                         scaleAdd._024_ (net)
                  0.07    0.00    7.22 v scaleAdd._444_/A (sky130_fd_sc_hd__xnor2_2)
     6    0.01    0.22    0.24    7.46 ^ scaleAdd._444_/Y (sky130_fd_sc_hd__xnor2_2)
                                         scaleAdd._025_ (net)
                  0.22    0.00    7.46 ^ scaleAdd._445_/B_N (sky130_fd_sc_hd__or2b_4)
     3    0.01    0.05    0.31    7.78 v scaleAdd._445_/X (sky130_fd_sc_hd__or2b_4)
                                         scaleAdd._026_ (net)
                  0.05    0.00    7.78 v scaleAdd._448_/B1 (sky130_fd_sc_hd__a22o_1)
     2    0.00    0.05    0.19    7.97 v scaleAdd._448_/X (sky130_fd_sc_hd__a22o_1)
                                         scaleAdd._029_ (net)
                  0.05    0.00    7.97 v scaleAdd._452_/A2 (sky130_fd_sc_hd__a21o_1)
     2    0.00    0.04    0.19    8.16 v scaleAdd._452_/X (sky130_fd_sc_hd__a21o_1)
                                         scaleAdd._033_ (net)
                  0.04    0.00    8.16 v scaleAdd._454_/B2 (sky130_fd_sc_hd__a22o_1)
     3    0.01    0.06    0.22    8.38 v scaleAdd._454_/X (sky130_fd_sc_hd__a22o_1)
                                         scaleAdd._035_ (net)
                  0.06    0.00    8.38 v scaleAdd._456_/B (sky130_fd_sc_hd__and3_1)
     2    0.00    0.05    0.18    8.56 v scaleAdd._456_/X (sky130_fd_sc_hd__and3_1)
                                         scaleAdd._037_ (net)
                  0.05    0.00    8.56 v scaleAdd._458_/B (sky130_fd_sc_hd__or3_4)
     3    0.01    0.07    0.38    8.95 v scaleAdd._458_/X (sky130_fd_sc_hd__or3_4)
                                         scaleAdd._039_ (net)
                  0.07    0.00    8.95 v scaleAdd._492_/A1 (sky130_fd_sc_hd__a21o_1)
     3    0.01    0.07    0.21    9.15 v scaleAdd._492_/X (sky130_fd_sc_hd__a21o_1)
                                         scaleAdd._072_ (net)
                  0.07    0.00    9.15 v scaleAdd._539_/A1 (sky130_fd_sc_hd__a21oi_4)
     4    0.01    0.13    0.16    9.31 ^ scaleAdd._539_/Y (sky130_fd_sc_hd__a21oi_4)
                                         scaleAdd._118_ (net)
                  0.13    0.00    9.31 ^ scaleAdd._603_/A3 (sky130_fd_sc_hd__o311ai_2)
     3    0.01    0.10    0.11    9.42 v scaleAdd._603_/Y (sky130_fd_sc_hd__o311ai_2)
                                         scaleAdd._180_ (net)
                  0.10    0.00    9.42 v scaleAdd._652_/A1 (sky130_fd_sc_hd__a311o_1)
     3    0.01    0.07    0.31    9.72 v scaleAdd._652_/X (sky130_fd_sc_hd__a311o_1)
                                         scaleAdd._227_ (net)
                  0.07    0.00    9.72 v scaleAdd._688_/A1 (sky130_fd_sc_hd__a311o_1)
     3    0.01    0.10    0.33   10.06 v scaleAdd._688_/X (sky130_fd_sc_hd__a311o_1)
                                         scaleAdd._261_ (net)
                  0.10    0.00   10.06 v scaleAdd._708_/A1 (sky130_fd_sc_hd__a31oi_4)
     2    0.01    0.14    0.16   10.22 ^ scaleAdd._708_/Y (sky130_fd_sc_hd__a31oi_4)
                                         scaleAdd._279_ (net)
                  0.14    0.00   10.22 ^ rebuffer17/A (sky130_fd_sc_hd__buf_6)
     1    0.00    0.03    0.12   10.34 ^ rebuffer17/X (sky130_fd_sc_hd__buf_6)
                                         net74 (net)
                  0.03    0.00   10.34 ^ rebuffer10/A (sky130_fd_sc_hd__buf_6)
     1    0.02    0.05    0.10   10.44 ^ rebuffer10/X (sky130_fd_sc_hd__buf_6)
                                         net67 (net)
                  0.05    0.00   10.44 ^ scaleAdd._709_/A (sky130_fd_sc_hd__xnor2_4)
     4    0.01    0.06    0.08   10.52 v scaleAdd._709_/Y (sky130_fd_sc_hd__xnor2_4)
                                         accumulator.io_inMant[16] (net)
                  0.06    0.00   10.52 v accumulator._1204_/B (sky130_fd_sc_hd__or4_4)
     4    0.01    0.09    0.55   11.07 v accumulator._1204_/X (sky130_fd_sc_hd__or4_4)
                                         accumulator._0065_ (net)
                  0.09    0.00   11.07 v accumulator._1206_/B (sky130_fd_sc_hd__or2_4)
     3    0.01    0.05    0.26   11.32 v accumulator._1206_/X (sky130_fd_sc_hd__or2_4)
                                         accumulator._0085_ (net)
                  0.05    0.00   11.32 v accumulator._1207_/B (sky130_fd_sc_hd__or2_4)
     4    0.01    0.05    0.24   11.57 v accumulator._1207_/X (sky130_fd_sc_hd__or2_4)
                                         accumulator._0095_ (net)
                  0.05    0.00   11.57 v accumulator._1240_/B (sky130_fd_sc_hd__and2_1)
     2    0.00    0.04    0.17   11.73 v accumulator._1240_/X (sky130_fd_sc_hd__and2_1)
                                         accumulator._0339_ (net)
                  0.04    0.00   11.73 v accumulator._1241_/C1 (sky130_fd_sc_hd__a311o_1)
     3    0.01    0.07    0.30   12.03 v accumulator._1241_/X (sky130_fd_sc_hd__a311o_1)
                                         accumulator._0340_ (net)
                  0.07    0.00   12.03 v accumulator._1255_/A1 (sky130_fd_sc_hd__a21o_1)
     2    0.00    0.04    0.18   12.21 v accumulator._1255_/X (sky130_fd_sc_hd__a21o_1)
                                         accumulator._0354_ (net)
                  0.04    0.00   12.21 v accumulator._1257_/A2 (sky130_fd_sc_hd__a211o_1)
     3    0.01    0.06    0.31   12.53 v accumulator._1257_/X (sky130_fd_sc_hd__a211o_1)
                                         accumulator._0356_ (net)
                  0.06    0.00   12.53 v accumulator._1263_/B (sky130_fd_sc_hd__and2_4)
     5    0.01    0.04    0.18   12.70 v accumulator._1263_/X (sky130_fd_sc_hd__and2_4)
                                         accumulator._0362_ (net)
                  0.04    0.00   12.70 v accumulator._1274_/C (sky130_fd_sc_hd__or4_4)
     4    0.01    0.10    0.52   13.22 v accumulator._1274_/X (sky130_fd_sc_hd__or4_4)
                                         accumulator._0373_ (net)
                  0.10    0.00   13.22 v accumulator._1276_/A1 (sky130_fd_sc_hd__a21o_1)
     2    0.01    0.05    0.19   13.41 v accumulator._1276_/X (sky130_fd_sc_hd__a21o_1)
                                         accumulator._0375_ (net)
                  0.05    0.00   13.41 v accumulator._1278_/A1 (sky130_fd_sc_hd__a21o_4)
     2    0.02    0.05    0.23   13.64 v accumulator._1278_/X (sky130_fd_sc_hd__a21o_4)
                                         accumulator._0377_ (net)
                  0.05    0.00   13.64 v accumulator._1284_/A2 (sky130_fd_sc_hd__a21o_1)
     2    0.01    0.05    0.20   13.84 v accumulator._1284_/X (sky130_fd_sc_hd__a21o_1)
                                         accumulator._0383_ (net)
                  0.05    0.00   13.84 v accumulator._1285_/A2 (sky130_fd_sc_hd__a21o_4)
     2    0.02    0.05    0.25   14.09 v accumulator._1285_/X (sky130_fd_sc_hd__a21o_4)
                                         accumulator._0384_ (net)
                  0.05    0.00   14.09 v accumulator._1290_/A2 (sky130_fd_sc_hd__a21o_1)
     2    0.02    0.09    0.25   14.34 v accumulator._1290_/X (sky130_fd_sc_hd__a21o_1)
                                         accumulator._0389_ (net)
                  0.09    0.00   14.34 v accumulator._1293_/A2 (sky130_fd_sc_hd__a21boi_4)
     3    0.02    0.19    0.24   14.58 ^ accumulator._1293_/Y (sky130_fd_sc_hd__a21boi_4)
                                         accumulator._0392_ (net)
                  0.19    0.00   14.58 ^ accumulator._1302_/A (sky130_fd_sc_hd__xor2_2)
     4    0.01    0.18    0.21   14.79 ^ accumulator._1302_/X (sky130_fd_sc_hd__xor2_2)
                                         accumulator._0401_ (net)
                  0.18    0.00   14.79 ^ accumulator._1303_/A (sky130_fd_sc_hd__buf_6)
     6    0.02    0.05    0.15   14.94 ^ accumulator._1303_/X (sky130_fd_sc_hd__buf_6)
                                         accumulator._0402_ (net)
                  0.05    0.00   14.94 ^ accumulator._1335_/S (sky130_fd_sc_hd__mux2_4)
     5    0.01    0.06    0.33   15.27 v accumulator._1335_/X (sky130_fd_sc_hd__mux2_4)
                                         accumulator._0432_ (net)
                  0.06    0.00   15.27 v accumulator._1336_/A (sky130_fd_sc_hd__buf_2)
    10    0.02    0.07    0.18   15.45 v accumulator._1336_/X (sky130_fd_sc_hd__buf_2)
                                         accumulator._0433_ (net)
                  0.07    0.00   15.45 v accumulator._1373_/A1 (sky130_fd_sc_hd__a21o_1)
     2    0.00    0.04    0.17   15.62 v accumulator._1373_/X (sky130_fd_sc_hd__a21o_1)
                                         accumulator._0470_ (net)
                  0.04    0.00   15.62 v accumulator._1380_/A2 (sky130_fd_sc_hd__a21o_1)
     2    0.00    0.04    0.18   15.80 v accumulator._1380_/X (sky130_fd_sc_hd__a21o_1)
                                         accumulator._0477_ (net)
                  0.04    0.00   15.80 v accumulator._1403_/A (sky130_fd_sc_hd__and2_1)
     2    0.00    0.04    0.14   15.95 v accumulator._1403_/X (sky130_fd_sc_hd__and2_1)
                                         accumulator._0500_ (net)
                  0.04    0.00   15.95 v accumulator._1427_/A2 (sky130_fd_sc_hd__a211o_1)
     1    0.00    0.05    0.29   16.24 v accumulator._1427_/X (sky130_fd_sc_hd__a211o_1)
                                         accumulator._0524_ (net)
                  0.05    0.00   16.24 v accumulator._1505_/A2 (sky130_fd_sc_hd__a32o_2)
     4    0.01    0.07    0.31   16.55 v accumulator._1505_/X (sky130_fd_sc_hd__a32o_2)
                                         accumulator._0602_ (net)
                  0.07    0.00   16.55 v accumulator._1507_/A (sky130_fd_sc_hd__xnor2_2)
     3    0.01    0.23    0.25   16.80 ^ accumulator._1507_/Y (sky130_fd_sc_hd__xnor2_2)
                                         accumulator._0604_ (net)
                  0.23    0.00   16.80 ^ accumulator._1837_/A1 (sky130_fd_sc_hd__a311o_1)
     2    0.00    0.07    0.22   17.01 ^ accumulator._1837_/X (sky130_fd_sc_hd__a311o_1)
                                         accumulator._0934_ (net)
                  0.07    0.00   17.01 ^ accumulator._1839_/A3 (sky130_fd_sc_hd__a311o_1)
     3    0.01    0.10    0.21   17.22 ^ accumulator._1839_/X (sky130_fd_sc_hd__a311o_1)
                                         accumulator._0936_ (net)
                  0.10    0.00   17.22 ^ accumulator._1842_/A1 (sky130_fd_sc_hd__a311o_1)
     2    0.01    0.10    0.20   17.42 ^ accumulator._1842_/X (sky130_fd_sc_hd__a311o_1)
                                         accumulator._0939_ (net)
                  0.10    0.00   17.42 ^ accumulator._1844_/A1 (sky130_fd_sc_hd__a31oi_2)
     3    0.01    0.08    0.10   17.53 v accumulator._1844_/Y (sky130_fd_sc_hd__a31oi_2)
                                         accumulator._0941_ (net)
                  0.08    0.00   17.53 v accumulator._1846_/A1 (sky130_fd_sc_hd__a211o_1)
     3    0.01    0.06    0.30   17.82 v accumulator._1846_/X (sky130_fd_sc_hd__a211o_1)
                                         accumulator._0943_ (net)
                  0.06    0.00   17.82 v accumulator._1847_/A1 (sky130_fd_sc_hd__a311o_1)
     3    0.01    0.08    0.32   18.14 v accumulator._1847_/X (sky130_fd_sc_hd__a311o_1)
                                         accumulator._0944_ (net)
                  0.08    0.00   18.14 v accumulator._1855_/A3 (sky130_fd_sc_hd__o311a_4)
     4    0.01    0.07    0.36   18.50 v accumulator._1855_/X (sky130_fd_sc_hd__o311a_4)
                                         accumulator._0952_ (net)
                  0.07    0.00   18.50 v accumulator._1866_/A3 (sky130_fd_sc_hd__o31ai_4)
     3    0.01    0.19    0.20   18.69 ^ accumulator._1866_/Y (sky130_fd_sc_hd__o31ai_4)
                                         accumulator._0963_ (net)
                  0.19    0.00   18.69 ^ accumulator._1867_/B (sky130_fd_sc_hd__nand3b_1)
     1    0.00    0.06    0.10   18.79 v accumulator._1867_/Y (sky130_fd_sc_hd__nand3b_1)
                                         accumulator._0964_ (net)
                  0.06    0.00   18.79 v accumulator._1868_/C1 (sky130_fd_sc_hd__o211a_1)
     3    0.01    0.07    0.15   18.93 v accumulator._1868_/X (sky130_fd_sc_hd__o211a_1)
                                         accumulator._0965_ (net)
                  0.07    0.00   18.93 v accumulator._1871_/A3 (sky130_fd_sc_hd__o41a_4)
     7    0.02    0.09    0.48   19.42 v accumulator._1871_/X (sky130_fd_sc_hd__o41a_4)
                                         accumulator._0968_ (net)
                  0.09    0.00   19.42 v accumulator._1872_/A (sky130_fd_sc_hd__and2_4)
     5    0.01    0.04    0.17   19.59 v accumulator._1872_/X (sky130_fd_sc_hd__and2_4)
                                         accumulator._0969_ (net)
                  0.04    0.00   19.59 v accumulator._1895_/A (sky130_fd_sc_hd__buf_6)
    10    0.03    0.04    0.14   19.73 v accumulator._1895_/X (sky130_fd_sc_hd__buf_6)
                                         accumulator._0992_ (net)
                  0.04    0.00   19.73 v accumulator._1912_/A (sky130_fd_sc_hd__nor2_4)
     1    0.01    0.09    0.12   19.85 ^ accumulator._1912_/Y (sky130_fd_sc_hd__nor2_4)
                                         accumulator._1009_ (net)
                  0.09    0.00   19.85 ^ accumulator._1913_/A (sky130_fd_sc_hd__xor2_2)
     5    0.01    0.21    0.21   20.06 ^ accumulator._1913_/X (sky130_fd_sc_hd__xor2_2)
                                         accumulator._1010_ (net)
                  0.21    0.00   20.06 ^ accumulator._2072_/B1 (sky130_fd_sc_hd__o21ai_1)
     1    0.00    0.06    0.10   20.16 v accumulator._2072_/Y (sky130_fd_sc_hd__o21ai_1)
                                         accumulator._1169_ (net)
                  0.06    0.00   20.16 v accumulator._2073_/A1 (sky130_fd_sc_hd__a21oi_1)
     1    0.00    0.10    0.13   20.28 ^ accumulator._2073_/Y (sky130_fd_sc_hd__a21oi_1)
                                         accumulator._1170_ (net)
                  0.10    0.00   20.28 ^ accumulator._2074_/A2 (sky130_fd_sc_hd__o21ai_1)
     1    0.00    0.06    0.07   20.35 v accumulator._2074_/Y (sky130_fd_sc_hd__o21ai_1)
                                         accumulator._1171_ (net)
                  0.06    0.00   20.35 v accumulator._2075_/A2 (sky130_fd_sc_hd__a21o_1)
     1    0.00    0.03    0.18   20.53 v accumulator._2075_/X (sky130_fd_sc_hd__a21o_1)
                                         accumulator._1172_ (net)
                  0.03    0.00   20.53 v accumulator._2076_/A2 (sky130_fd_sc_hd__a21oi_1)
     1    0.00    0.10    0.13   20.66 ^ accumulator._2076_/Y (sky130_fd_sc_hd__a21oi_1)
                                         accumulator._1173_ (net)
                  0.10    0.00   20.66 ^ accumulator._2077_/A2 (sky130_fd_sc_hd__o21ai_1)
     1    0.00    0.06    0.07   20.73 v accumulator._2077_/Y (sky130_fd_sc_hd__o21ai_1)
                                         accumulator._1174_ (net)
                  0.06    0.00   20.73 v accumulator._2078_/A2 (sky130_fd_sc_hd__a21oi_1)
     1    0.00    0.10    0.14   20.87 ^ accumulator._2078_/Y (sky130_fd_sc_hd__a21oi_1)
                                         accumulator._1175_ (net)
                  0.10    0.00   20.87 ^ accumulator._2079_/A2 (sky130_fd_sc_hd__o21bai_1)
     1    0.00    0.05    0.07   20.94 v accumulator._2079_/Y (sky130_fd_sc_hd__o21bai_1)
                                         accumulator._1176_ (net)
                  0.05    0.00   20.94 v accumulator._2082_/A1 (sky130_fd_sc_hd__a21o_2)
     7    0.02    0.08    0.25   21.19 v accumulator._2082_/X (sky130_fd_sc_hd__a21o_2)
                                         accumulator._1180_ (net)
                  0.08    0.00   21.19 v accumulator._2083_/A (sky130_fd_sc_hd__nand2_4)
     5    0.03    0.10    0.11   21.30 ^ accumulator._2083_/Y (sky130_fd_sc_hd__nand2_4)
                                         accumulator._1181_ (net)
                  0.10    0.00   21.30 ^ accumulator._2148_/S (sky130_fd_sc_hd__mux2_1)
     2    0.00    0.06    0.34   21.64 v accumulator._2148_/X (sky130_fd_sc_hd__mux2_1)
                                         accumulator._0082_ (net)
                  0.06    0.00   21.64 v accumulator._2149_/A1 (sky130_fd_sc_hd__mux2_2)
     3    0.01    0.06    0.29   21.93 v accumulator._2149_/X (sky130_fd_sc_hd__mux2_2)
                                         accumulator._0083_ (net)
                  0.06    0.00   21.93 v accumulator._2150_/A1 (sky130_fd_sc_hd__mux2_1)
     3    0.01    0.07    0.33   22.27 v accumulator._2150_/X (sky130_fd_sc_hd__mux2_1)
                                         accumulator._0084_ (net)
                  0.07    0.00   22.27 v accumulator._2155_/A2 (sky130_fd_sc_hd__o211a_1)
     1    0.00    0.04    0.22   22.48 v accumulator._2155_/X (sky130_fd_sc_hd__o211a_1)
                                         accumulator._0090_ (net)
                  0.04    0.00   22.48 v accumulator._2159_/A1 (sky130_fd_sc_hd__o21a_1)
     1    0.00    0.03    0.18   22.66 v accumulator._2159_/X (sky130_fd_sc_hd__o21a_1)
                                         accumulator._0006_ (net)
                  0.03    0.00   22.66 v accumulator._2405_/D (sky130_fd_sc_hd__dfxtp_1)
                                 22.66   data arrival time

                         25.00   25.00   clock clock (rise edge)
                          0.00   25.00   clock source latency
     1    0.01    0.04    0.03   25.03 ^ clock (in)
                                         clock (net)
                  0.04    0.00   25.03 ^ clkbuf_0_clock/A (sky130_fd_sc_hd__clkbuf_16)
     4    0.03    0.05    0.13   25.15 ^ clkbuf_0_clock/X (sky130_fd_sc_hd__clkbuf_16)
                                         clknet_0_clock (net)
                  0.05    0.00   25.15 ^ clkbuf_2_2__f_clock/A (sky130_fd_sc_hd__clkbuf_16)
    10    0.02    0.04    0.12   25.28 ^ clkbuf_2_2__f_clock/X (sky130_fd_sc_hd__clkbuf_16)
                                         clknet_2_2__leaf_clock (net)
                  0.04    0.00   25.28 ^ accumulator._2405_/CLK (sky130_fd_sc_hd__dfxtp_1)
                         -0.25   25.03   clock uncertainty
                          0.00   25.03   clock reconvergence pessimism
                         -0.10   24.92   library setup time
                                 24.92   data required time
-----------------------------------------------------------------------------
                                 24.92   data required time
                                -22.66   data arrival time
-----------------------------------------------------------------------------
                                  2.26   slack (MET)


Startpoint: io_inScaleA[7] (input port clocked by clock)
Endpoint: accumulator._2407_ (rising edge-triggered flip-flop clocked by clock)
Path Group: clock
Path Type: max

Fanout     Cap    Slew   Delay    Time   Description
-----------------------------------------------------------------------------
                          0.00    0.00   clock clock (rise edge)
                          0.00    0.00   clock network delay (propagated)
                          5.00    5.00 v input external delay
     1    0.00    0.01    0.00    5.00 v io_inScaleA[7] (in)
                                         io_inScaleA[7] (net)
                  0.01    0.00    5.00 v input16/A (sky130_fd_sc_hd__buf_2)
     5    0.01    0.04    0.13    5.13 v input16/X (sky130_fd_sc_hd__buf_2)
                                         net16 (net)
                  0.04    0.00    5.13 v scaleAdd._421_/A1 (sky130_fd_sc_hd__o21a_4)
     4    0.02    0.05    0.24    5.37 v scaleAdd._421_/X (sky130_fd_sc_hd__o21a_4)
                                         scaleAdd._002_ (net)
                  0.05    0.00    5.37 v scaleAdd._428_/A (sky130_fd_sc_hd__xor2_1)
     2    0.01    0.07    0.18    5.55 v scaleAdd._428_/X (sky130_fd_sc_hd__xor2_1)
                                         scaleAdd._009_ (net)
                  0.07    0.00    5.55 v scaleAdd._429_/A (sky130_fd_sc_hd__xnor2_1)
     2    0.01    0.20    0.23    5.78 ^ scaleAdd._429_/Y (sky130_fd_sc_hd__xnor2_1)
                                         scaleAdd._010_ (net)
                  0.20    0.00    5.78 ^ scaleAdd._431_/B (sky130_fd_sc_hd__xnor2_1)
     2    0.01    0.25    0.20    5.99 ^ scaleAdd._431_/Y (sky130_fd_sc_hd__xnor2_1)
                                         scaleAdd._012_ (net)
                  0.25    0.00    5.99 ^ scaleAdd._432_/B (sky130_fd_sc_hd__xnor2_1)
     2    0.01    0.20    0.19    6.18 ^ scaleAdd._432_/Y (sky130_fd_sc_hd__xnor2_1)
                                         scaleAdd._013_ (net)
                  0.20    0.00    6.18 ^ scaleAdd._435_/A (sky130_fd_sc_hd__xor2_1)
     2    0.01    0.26    0.28    6.46 ^ scaleAdd._435_/X (sky130_fd_sc_hd__xor2_1)
                                         scaleAdd._016_ (net)
                  0.26    0.00    6.46 ^ scaleAdd._436_/A (sky130_fd_sc_hd__xnor2_2)
     2    0.01    0.19    0.18    6.64 ^ scaleAdd._436_/Y (sky130_fd_sc_hd__xnor2_2)
                                         scaleAdd._017_ (net)
                  0.19    0.00    6.64 ^ scaleAdd._438_/B (sky130_fd_sc_hd__xnor2_2)
     2    0.01    0.20    0.17    6.81 ^ scaleAdd._438_/Y (sky130_fd_sc_hd__xnor2_2)
                                         scaleAdd._019_ (net)
                  0.20    0.00    6.81 ^ scaleAdd._439_/A (sky130_fd_sc_hd__xor2_2)
     5    0.02    0.29    0.29    7.10 ^ scaleAdd._439_/X (sky130_fd_sc_hd__xor2_2)
                                         scaleAdd._020_ (net)
                  0.29    0.00    7.10 ^ scaleAdd._443_/B (sky130_fd_sc_hd__xnor2_2)
     1    0.01    0.07    0.12    7.22 v scaleAdd._443_/Y (sky130_fd_sc_hd__xnor2_2)
                                         scaleAdd._024_ (net)
                  0.07    0.00    7.22 v scaleAdd._444_/A (sky130_fd_sc_hd__xnor2_2)
     6    0.01    0.22    0.24    7.46 ^ scaleAdd._444_/Y (sky130_fd_sc_hd__xnor2_2)
                                         scaleAdd._025_ (net)
                  0.22    0.00    7.46 ^ scaleAdd._445_/B_N (sky130_fd_sc_hd__or2b_4)
     3    0.01    0.05    0.31    7.78 v scaleAdd._445_/X (sky130_fd_sc_hd__or2b_4)
                                         scaleAdd._026_ (net)
                  0.05    0.00    7.78 v scaleAdd._448_/B1 (sky130_fd_sc_hd__a22o_1)
     2    0.00    0.05    0.19    7.97 v scaleAdd._448_/X (sky130_fd_sc_hd__a22o_1)
                                         scaleAdd._029_ (net)
                  0.05    0.00    7.97 v scaleAdd._452_/A2 (sky130_fd_sc_hd__a21o_1)
     2    0.00    0.04    0.19    8.16 v scaleAdd._452_/X (sky130_fd_sc_hd__a21o_1)
                                         scaleAdd._033_ (net)
                  0.04    0.00    8.16 v scaleAdd._454_/B2 (sky130_fd_sc_hd__a22o_1)
     3    0.01    0.06    0.22    8.38 v scaleAdd._454_/X (sky130_fd_sc_hd__a22o_1)
                                         scaleAdd._035_ (net)
                  0.06    0.00    8.38 v scaleAdd._456_/B (sky130_fd_sc_hd__and3_1)
     2    0.00    0.05    0.18    8.56 v scaleAdd._456_/X (sky130_fd_sc_hd__and3_1)
                                         scaleAdd._037_ (net)
                  0.05    0.00    8.56 v scaleAdd._458_/B (sky130_fd_sc_hd__or3_4)
     3    0.01    0.07    0.38    8.95 v scaleAdd._458_/X (sky130_fd_sc_hd__or3_4)
                                         scaleAdd._039_ (net)
                  0.07    0.00    8.95 v scaleAdd._492_/A1 (sky130_fd_sc_hd__a21o_1)
     3    0.01    0.07    0.21    9.15 v scaleAdd._492_/X (sky130_fd_sc_hd__a21o_1)
                                         scaleAdd._072_ (net)
                  0.07    0.00    9.15 v scaleAdd._539_/A1 (sky130_fd_sc_hd__a21oi_4)
     4    0.01    0.13    0.16    9.31 ^ scaleAdd._539_/Y (sky130_fd_sc_hd__a21oi_4)
                                         scaleAdd._118_ (net)
                  0.13    0.00    9.31 ^ scaleAdd._603_/A3 (sky130_fd_sc_hd__o311ai_2)
     3    0.01    0.10    0.11    9.42 v scaleAdd._603_/Y (sky130_fd_sc_hd__o311ai_2)
                                         scaleAdd._180_ (net)
                  0.10    0.00    9.42 v scaleAdd._652_/A1 (sky130_fd_sc_hd__a311o_1)
     3    0.01    0.07    0.31    9.72 v scaleAdd._652_/X (sky130_fd_sc_hd__a311o_1)
                                         scaleAdd._227_ (net)
                  0.07    0.00    9.72 v scaleAdd._688_/A1 (sky130_fd_sc_hd__a311o_1)
     3    0.01    0.10    0.33   10.06 v scaleAdd._688_/X (sky130_fd_sc_hd__a311o_1)
                                         scaleAdd._261_ (net)
                  0.10    0.00   10.06 v scaleAdd._708_/A1 (sky130_fd_sc_hd__a31oi_4)
     2    0.01    0.14    0.16   10.22 ^ scaleAdd._708_/Y (sky130_fd_sc_hd__a31oi_4)
                                         scaleAdd._279_ (net)
                  0.14    0.00   10.22 ^ rebuffer17/A (sky130_fd_sc_hd__buf_6)
     1    0.00    0.03    0.12   10.34 ^ rebuffer17/X (sky130_fd_sc_hd__buf_6)
                                         net74 (net)
                  0.03    0.00   10.34 ^ rebuffer10/A (sky130_fd_sc_hd__buf_6)
     1    0.02    0.05    0.10   10.44 ^ rebuffer10/X (sky130_fd_sc_hd__buf_6)
                                         net67 (net)
                  0.05    0.00   10.44 ^ scaleAdd._709_/A (sky130_fd_sc_hd__xnor2_4)
     4    0.01    0.06    0.08   10.52 v scaleAdd._709_/Y (sky130_fd_sc_hd__xnor2_4)
                                         accumulator.io_inMant[16] (net)
                  0.06    0.00   10.52 v accumulator._1204_/B (sky130_fd_sc_hd__or4_4)
     4    0.01    0.09    0.55   11.07 v accumulator._1204_/X (sky130_fd_sc_hd__or4_4)
                                         accumulator._0065_ (net)
                  0.09    0.00   11.07 v accumulator._1206_/B (sky130_fd_sc_hd__or2_4)
     3    0.01    0.05    0.26   11.32 v accumulator._1206_/X (sky130_fd_sc_hd__or2_4)
                                         accumulator._0085_ (net)
                  0.05    0.00   11.32 v accumulator._1207_/B (sky130_fd_sc_hd__or2_4)
     4    0.01    0.05    0.24   11.57 v accumulator._1207_/X (sky130_fd_sc_hd__or2_4)
                                         accumulator._0095_ (net)
                  0.05    0.00   11.57 v accumulator._1240_/B (sky130_fd_sc_hd__and2_1)
     2    0.00    0.04    0.17   11.73 v accumulator._1240_/X (sky130_fd_sc_hd__and2_1)
                                         accumulator._0339_ (net)
                  0.04    0.00   11.73 v accumulator._1241_/C1 (sky130_fd_sc_hd__a311o_1)
     3    0.01    0.07    0.30   12.03 v accumulator._1241_/X (sky130_fd_sc_hd__a311o_1)
                                         accumulator._0340_ (net)
                  0.07    0.00   12.03 v accumulator._1255_/A1 (sky130_fd_sc_hd__a21o_1)
     2    0.00    0.04    0.18   12.21 v accumulator._1255_/X (sky130_fd_sc_hd__a21o_1)
                                         accumulator._0354_ (net)
                  0.04    0.00   12.21 v accumulator._1257_/A2 (sky130_fd_sc_hd__a211o_1)
     3    0.01    0.06    0.31   12.53 v accumulator._1257_/X (sky130_fd_sc_hd__a211o_1)
                                         accumulator._0356_ (net)
                  0.06    0.00   12.53 v accumulator._1263_/B (sky130_fd_sc_hd__and2_4)
     5    0.01    0.04    0.18   12.70 v accumulator._1263_/X (sky130_fd_sc_hd__and2_4)
                                         accumulator._0362_ (net)
                  0.04    0.00   12.70 v accumulator._1274_/C (sky130_fd_sc_hd__or4_4)
     4    0.01    0.10    0.52   13.22 v accumulator._1274_/X (sky130_fd_sc_hd__or4_4)
                                         accumulator._0373_ (net)
                  0.10    0.00   13.22 v accumulator._1276_/A1 (sky130_fd_sc_hd__a21o_1)
     2    0.01    0.05    0.19   13.41 v accumulator._1276_/X (sky130_fd_sc_hd__a21o_1)
                                         accumulator._0375_ (net)
                  0.05    0.00   13.41 v accumulator._1278_/A1 (sky130_fd_sc_hd__a21o_4)
     2    0.02    0.05    0.23   13.64 v accumulator._1278_/X (sky130_fd_sc_hd__a21o_4)
                                         accumulator._0377_ (net)
                  0.05    0.00   13.64 v accumulator._1284_/A2 (sky130_fd_sc_hd__a21o_1)
     2    0.01    0.05    0.20   13.84 v accumulator._1284_/X (sky130_fd_sc_hd__a21o_1)
                                         accumulator._0383_ (net)
                  0.05    0.00   13.84 v accumulator._1285_/A2 (sky130_fd_sc_hd__a21o_4)
     2    0.02    0.05    0.25   14.09 v accumulator._1285_/X (sky130_fd_sc_hd__a21o_4)
                                         accumulator._0384_ (net)
                  0.05    0.00   14.09 v accumulator._1290_/A2 (sky130_fd_sc_hd__a21o_1)
     2    0.02    0.09    0.25   14.34 v accumulator._1290_/X (sky130_fd_sc_hd__a21o_1)
                                         accumulator._0389_ (net)
                  0.09    0.00   14.34 v accumulator._1293_/A2 (sky130_fd_sc_hd__a21boi_4)
     3    0.02    0.19    0.24   14.58 ^ accumulator._1293_/Y (sky130_fd_sc_hd__a21boi_4)
                                         accumulator._0392_ (net)
                  0.19    0.00   14.58 ^ accumulator._1302_/A (sky130_fd_sc_hd__xor2_2)
     4    0.01    0.18    0.21   14.79 ^ accumulator._1302_/X (sky130_fd_sc_hd__xor2_2)
                                         accumulator._0401_ (net)
                  0.18    0.00   14.79 ^ accumulator._1303_/A (sky130_fd_sc_hd__buf_6)
     6    0.02    0.05    0.15   14.94 ^ accumulator._1303_/X (sky130_fd_sc_hd__buf_6)
                                         accumulator._0402_ (net)
                  0.05    0.00   14.94 ^ accumulator._1335_/S (sky130_fd_sc_hd__mux2_4)
     5    0.01    0.06    0.33   15.27 v accumulator._1335_/X (sky130_fd_sc_hd__mux2_4)
                                         accumulator._0432_ (net)
                  0.06    0.00   15.27 v accumulator._1336_/A (sky130_fd_sc_hd__buf_2)
    10    0.02    0.07    0.18   15.45 v accumulator._1336_/X (sky130_fd_sc_hd__buf_2)
                                         accumulator._0433_ (net)
                  0.07    0.00   15.45 v accumulator._1373_/A1 (sky130_fd_sc_hd__a21o_1)
     2    0.00    0.04    0.17   15.62 v accumulator._1373_/X (sky130_fd_sc_hd__a21o_1)
                                         accumulator._0470_ (net)
                  0.04    0.00   15.62 v accumulator._1380_/A2 (sky130_fd_sc_hd__a21o_1)
     2    0.00    0.04    0.18   15.80 v accumulator._1380_/X (sky130_fd_sc_hd__a21o_1)
                                         accumulator._0477_ (net)
                  0.04    0.00   15.80 v accumulator._1403_/A (sky130_fd_sc_hd__and2_1)
     2    0.00    0.04    0.14   15.95 v accumulator._1403_/X (sky130_fd_sc_hd__and2_1)
                                         accumulator._0500_ (net)
                  0.04    0.00   15.95 v accumulator._1427_/A2 (sky130_fd_sc_hd__a211o_1)
     1    0.00    0.05    0.29   16.24 v accumulator._1427_/X (sky130_fd_sc_hd__a211o_1)
                                         accumulator._0524_ (net)
                  0.05    0.00   16.24 v accumulator._1505_/A2 (sky130_fd_sc_hd__a32o_2)
     4    0.01    0.07    0.31   16.55 v accumulator._1505_/X (sky130_fd_sc_hd__a32o_2)
                                         accumulator._0602_ (net)
                  0.07    0.00   16.55 v accumulator._1507_/A (sky130_fd_sc_hd__xnor2_2)
     3    0.01    0.23    0.25   16.80 ^ accumulator._1507_/Y (sky130_fd_sc_hd__xnor2_2)
                                         accumulator._0604_ (net)
                  0.23    0.00   16.80 ^ accumulator._1837_/A1 (sky130_fd_sc_hd__a311o_1)
     2    0.00    0.07    0.22   17.01 ^ accumulator._1837_/X (sky130_fd_sc_hd__a311o_1)
                                         accumulator._0934_ (net)
                  0.07    0.00   17.01 ^ accumulator._1839_/A3 (sky130_fd_sc_hd__a311o_1)
     3    0.01    0.10    0.21   17.22 ^ accumulator._1839_/X (sky130_fd_sc_hd__a311o_1)
                                         accumulator._0936_ (net)
                  0.10    0.00   17.22 ^ accumulator._1842_/A1 (sky130_fd_sc_hd__a311o_1)
     2    0.01    0.10    0.20   17.42 ^ accumulator._1842_/X (sky130_fd_sc_hd__a311o_1)
                                         accumulator._0939_ (net)
                  0.10    0.00   17.42 ^ accumulator._1844_/A1 (sky130_fd_sc_hd__a31oi_2)
     3    0.01    0.08    0.10   17.53 v accumulator._1844_/Y (sky130_fd_sc_hd__a31oi_2)
                                         accumulator._0941_ (net)
                  0.08    0.00   17.53 v accumulator._1846_/A1 (sky130_fd_sc_hd__a211o_1)
     3    0.01    0.06    0.30   17.82 v accumulator._1846_/X (sky130_fd_sc_hd__a211o_1)
                                         accumulator._0943_ (net)
                  0.06    0.00   17.82 v accumulator._1847_/A1 (sky130_fd_sc_hd__a311o_1)
     3    0.01    0.08    0.32   18.14 v accumulator._1847_/X (sky130_fd_sc_hd__a311o_1)
                                         accumulator._0944_ (net)
                  0.08    0.00   18.14 v accumulator._1855_/A3 (sky130_fd_sc_hd__o311a_4)
     4    0.01    0.07    0.36   18.50 v accumulator._1855_/X (sky130_fd_sc_hd__o311a_4)
                                         accumulator._0952_ (net)
                  0.07    0.00   18.50 v accumulator._1866_/A3 (sky130_fd_sc_hd__o31ai_4)
     3    0.01    0.19    0.20   18.69 ^ accumulator._1866_/Y (sky130_fd_sc_hd__o31ai_4)
                                         accumulator._0963_ (net)
                  0.19    0.00   18.69 ^ accumulator._1867_/B (sky130_fd_sc_hd__nand3b_1)
     1    0.00    0.06    0.10   18.79 v accumulator._1867_/Y (sky130_fd_sc_hd__nand3b_1)
                                         accumulator._0964_ (net)
                  0.06    0.00   18.79 v accumulator._1868_/C1 (sky130_fd_sc_hd__o211a_1)
     3    0.01    0.07    0.15   18.93 v accumulator._1868_/X (sky130_fd_sc_hd__o211a_1)
                                         accumulator._0965_ (net)
                  0.07    0.00   18.93 v accumulator._1871_/A3 (sky130_fd_sc_hd__o41a_4)
     7    0.02    0.09    0.48   19.42 v accumulator._1871_/X (sky130_fd_sc_hd__o41a_4)
                                         accumulator._0968_ (net)
                  0.09    0.00   19.42 v accumulator._1872_/A (sky130_fd_sc_hd__and2_4)
     5    0.01    0.04    0.17   19.59 v accumulator._1872_/X (sky130_fd_sc_hd__and2_4)
                                         accumulator._0969_ (net)
                  0.04    0.00   19.59 v accumulator._1895_/A (sky130_fd_sc_hd__buf_6)
    10    0.03    0.04    0.14   19.73 v accumulator._1895_/X (sky130_fd_sc_hd__buf_6)
                                         accumulator._0992_ (net)
                  0.04    0.00   19.73 v accumulator._1912_/A (sky130_fd_sc_hd__nor2_4)
     1    0.01    0.09    0.12   19.85 ^ accumulator._1912_/Y (sky130_fd_sc_hd__nor2_4)
                                         accumulator._1009_ (net)
                  0.09    0.00   19.85 ^ accumulator._1913_/A (sky130_fd_sc_hd__xor2_2)
     5    0.01    0.21    0.21   20.06 ^ accumulator._1913_/X (sky130_fd_sc_hd__xor2_2)
                                         accumulator._1010_ (net)
                  0.21    0.00   20.06 ^ accumulator._2072_/B1 (sky130_fd_sc_hd__o21ai_1)
     1    0.00    0.06    0.10   20.16 v accumulator._2072_/Y (sky130_fd_sc_hd__o21ai_1)
                                         accumulator._1169_ (net)
                  0.06    0.00   20.16 v accumulator._2073_/A1 (sky130_fd_sc_hd__a21oi_1)
     1    0.00    0.10    0.13   20.28 ^ accumulator._2073_/Y (sky130_fd_sc_hd__a21oi_1)
                                         accumulator._1170_ (net)
                  0.10    0.00   20.28 ^ accumulator._2074_/A2 (sky130_fd_sc_hd__o21ai_1)
     1    0.00    0.06    0.07   20.35 v accumulator._2074_/Y (sky130_fd_sc_hd__o21ai_1)
                                         accumulator._1171_ (net)
                  0.06    0.00   20.35 v accumulator._2075_/A2 (sky130_fd_sc_hd__a21o_1)
     1    0.00    0.03    0.18   20.53 v accumulator._2075_/X (sky130_fd_sc_hd__a21o_1)
                                         accumulator._1172_ (net)
                  0.03    0.00   20.53 v accumulator._2076_/A2 (sky130_fd_sc_hd__a21oi_1)
     1    0.00    0.10    0.13   20.66 ^ accumulator._2076_/Y (sky130_fd_sc_hd__a21oi_1)
                                         accumulator._1173_ (net)
                  0.10    0.00   20.66 ^ accumulator._2077_/A2 (sky130_fd_sc_hd__o21ai_1)
     1    0.00    0.06    0.07   20.73 v accumulator._2077_/Y (sky130_fd_sc_hd__o21ai_1)
                                         accumulator._1174_ (net)
                  0.06    0.00   20.73 v accumulator._2078_/A2 (sky130_fd_sc_hd__a21oi_1)
     1    0.00    0.10    0.14   20.87 ^ accumulator._2078_/Y (sky130_fd_sc_hd__a21oi_1)
                                         accumulator._1175_ (net)
                  0.10    0.00   20.87 ^ accumulator._2079_/A2 (sky130_fd_sc_hd__o21bai_1)
     1    0.00    0.05    0.07   20.94 v accumulator._2079_/Y (sky130_fd_sc_hd__o21bai_1)
                                         accumulator._1176_ (net)
                  0.05    0.00   20.94 v accumulator._2082_/A1 (sky130_fd_sc_hd__a21o_2)
     7    0.02    0.08    0.25   21.19 v accumulator._2082_/X (sky130_fd_sc_hd__a21o_2)
                                         accumulator._1180_ (net)
                  0.08    0.00   21.19 v clone13/A (sky130_fd_sc_hd__nand2_2)
     4    0.01    0.08    0.10   21.28 ^ clone13/Y (sky130_fd_sc_hd__nand2_2)
                                         net70 (net)
                  0.08    0.00   21.28 ^ accumulator._2125_/S (sky130_fd_sc_hd__mux2_1)
     2    0.00    0.06    0.34   21.63 v accumulator._2125_/X (sky130_fd_sc_hd__mux2_1)
                                         accumulator._0059_ (net)
                  0.06    0.00   21.63 v accumulator._2126_/A1 (sky130_fd_sc_hd__mux2_1)
     3    0.01    0.07    0.33   21.96 v accumulator._2126_/X (sky130_fd_sc_hd__mux2_1)
                                         accumulator._0060_ (net)
                  0.07    0.00   21.96 v accumulator._2174_/A0 (sky130_fd_sc_hd__mux2_2)
     3    0.01    0.06    0.29   22.25 v accumulator._2174_/X (sky130_fd_sc_hd__mux2_2)
                                         accumulator._0109_ (net)
                  0.06    0.00   22.25 v accumulator._2179_/A2 (sky130_fd_sc_hd__o211a_1)
     1    0.00    0.04    0.21   22.46 v accumulator._2179_/X (sky130_fd_sc_hd__o211a_1)
                                         accumulator._0114_ (net)
                  0.04    0.00   22.46 v accumulator._2181_/A1 (sky130_fd_sc_hd__o21a_1)
     1    0.00    0.03    0.18   22.64 v accumulator._2181_/X (sky130_fd_sc_hd__o21a_1)
                                         accumulator._0008_ (net)
                  0.03    0.00   22.64 v accumulator._2407_/D (sky130_fd_sc_hd__dfxtp_1)
                                 22.64   data arrival time

                         25.00   25.00   clock clock (rise edge)
                          0.00   25.00   clock source latency
     1    0.01    0.04    0.03   25.03 ^ clock (in)
                                         clock (net)
                  0.04    0.00   25.03 ^ clkbuf_0_clock/A (sky130_fd_sc_hd__clkbuf_16)
     4    0.03    0.05    0.13   25.15 ^ clkbuf_0_clock/X (sky130_fd_sc_hd__clkbuf_16)
                                         clknet_0_clock (net)
                  0.05    0.00   25.15 ^ clkbuf_2_2__f_clock/A (sky130_fd_sc_hd__clkbuf_16)
    10    0.02    0.04    0.12   25.28 ^ clkbuf_2_2__f_clock/X (sky130_fd_sc_hd__clkbuf_16)
                                         clknet_2_2__leaf_clock (net)
                  0.04    0.00   25.28 ^ accumulator._2407_/CLK (sky130_fd_sc_hd__dfxtp_1)
                         -0.25   25.03   clock uncertainty
                          0.00   25.03   clock reconvergence pessimism
                         -0.10   24.92   library setup time
                                 24.92   data required time
-----------------------------------------------------------------------------
                                 24.92   data required time
                                -22.64   data arrival time
-----------------------------------------------------------------------------
                                  2.28   slack (MET)


Startpoint: io_inScaleA[7] (input port clocked by clock)
Endpoint: accumulator._2403_ (rising edge-triggered flip-flop clocked by clock)
Path Group: clock
Path Type: max

Fanout     Cap    Slew   Delay    Time   Description
-----------------------------------------------------------------------------
                          0.00    0.00   clock clock (rise edge)
                          0.00    0.00   clock network delay (propagated)
                          5.00    5.00 v input external delay
     1    0.00    0.01    0.00    5.00 v io_inScaleA[7] (in)
                                         io_inScaleA[7] (net)
                  0.01    0.00    5.00 v input16/A (sky130_fd_sc_hd__buf_2)
     5    0.01    0.04    0.13    5.13 v input16/X (sky130_fd_sc_hd__buf_2)
                                         net16 (net)
                  0.04    0.00    5.13 v scaleAdd._421_/A1 (sky130_fd_sc_hd__o21a_4)
     4    0.02    0.05    0.24    5.37 v scaleAdd._421_/X (sky130_fd_sc_hd__o21a_4)
                                         scaleAdd._002_ (net)
                  0.05    0.00    5.37 v scaleAdd._428_/A (sky130_fd_sc_hd__xor2_1)
     2    0.01    0.07    0.18    5.55 v scaleAdd._428_/X (sky130_fd_sc_hd__xor2_1)
                                         scaleAdd._009_ (net)
                  0.07    0.00    5.55 v scaleAdd._429_/A (sky130_fd_sc_hd__xnor2_1)
     2    0.01    0.20    0.23    5.78 ^ scaleAdd._429_/Y (sky130_fd_sc_hd__xnor2_1)
                                         scaleAdd._010_ (net)
                  0.20    0.00    5.78 ^ scaleAdd._431_/B (sky130_fd_sc_hd__xnor2_1)
     2    0.01    0.25    0.20    5.99 ^ scaleAdd._431_/Y (sky130_fd_sc_hd__xnor2_1)
                                         scaleAdd._012_ (net)
                  0.25    0.00    5.99 ^ scaleAdd._432_/B (sky130_fd_sc_hd__xnor2_1)
     2    0.01    0.20    0.19    6.18 ^ scaleAdd._432_/Y (sky130_fd_sc_hd__xnor2_1)
                                         scaleAdd._013_ (net)
                  0.20    0.00    6.18 ^ scaleAdd._435_/A (sky130_fd_sc_hd__xor2_1)
     2    0.01    0.26    0.28    6.46 ^ scaleAdd._435_/X (sky130_fd_sc_hd__xor2_1)
                                         scaleAdd._016_ (net)
                  0.26    0.00    6.46 ^ scaleAdd._436_/A (sky130_fd_sc_hd__xnor2_2)
     2    0.01    0.19    0.18    6.64 ^ scaleAdd._436_/Y (sky130_fd_sc_hd__xnor2_2)
                                         scaleAdd._017_ (net)
                  0.19    0.00    6.64 ^ scaleAdd._438_/B (sky130_fd_sc_hd__xnor2_2)
     2    0.01    0.20    0.17    6.81 ^ scaleAdd._438_/Y (sky130_fd_sc_hd__xnor2_2)
                                         scaleAdd._019_ (net)
                  0.20    0.00    6.81 ^ scaleAdd._439_/A (sky130_fd_sc_hd__xor2_2)
     5    0.02    0.29    0.29    7.10 ^ scaleAdd._439_/X (sky130_fd_sc_hd__xor2_2)
                                         scaleAdd._020_ (net)
                  0.29    0.00    7.10 ^ scaleAdd._443_/B (sky130_fd_sc_hd__xnor2_2)
     1    0.01    0.07    0.12    7.22 v scaleAdd._443_/Y (sky130_fd_sc_hd__xnor2_2)
                                         scaleAdd._024_ (net)
                  0.07    0.00    7.22 v scaleAdd._444_/A (sky130_fd_sc_hd__xnor2_2)
     6    0.01    0.22    0.24    7.46 ^ scaleAdd._444_/Y (sky130_fd_sc_hd__xnor2_2)
                                         scaleAdd._025_ (net)
                  0.22    0.00    7.46 ^ scaleAdd._445_/B_N (sky130_fd_sc_hd__or2b_4)
     3    0.01    0.05    0.31    7.78 v scaleAdd._445_/X (sky130_fd_sc_hd__or2b_4)
                                         scaleAdd._026_ (net)
                  0.05    0.00    7.78 v scaleAdd._448_/B1 (sky130_fd_sc_hd__a22o_1)
     2    0.00    0.05    0.19    7.97 v scaleAdd._448_/X (sky130_fd_sc_hd__a22o_1)
                                         scaleAdd._029_ (net)
                  0.05    0.00    7.97 v scaleAdd._452_/A2 (sky130_fd_sc_hd__a21o_1)
     2    0.00    0.04    0.19    8.16 v scaleAdd._452_/X (sky130_fd_sc_hd__a21o_1)
                                         scaleAdd._033_ (net)
                  0.04    0.00    8.16 v scaleAdd._454_/B2 (sky130_fd_sc_hd__a22o_1)
     3    0.01    0.06    0.22    8.38 v scaleAdd._454_/X (sky130_fd_sc_hd__a22o_1)
                                         scaleAdd._035_ (net)
                  0.06    0.00    8.38 v scaleAdd._456_/B (sky130_fd_sc_hd__and3_1)
     2    0.00    0.05    0.18    8.56 v scaleAdd._456_/X (sky130_fd_sc_hd__and3_1)
                                         scaleAdd._037_ (net)
                  0.05    0.00    8.56 v scaleAdd._458_/B (sky130_fd_sc_hd__or3_4)
     3    0.01    0.07    0.38    8.95 v scaleAdd._458_/X (sky130_fd_sc_hd__or3_4)
                                         scaleAdd._039_ (net)
                  0.07    0.00    8.95 v scaleAdd._492_/A1 (sky130_fd_sc_hd__a21o_1)
     3    0.01    0.07    0.21    9.15 v scaleAdd._492_/X (sky130_fd_sc_hd__a21o_1)
                                         scaleAdd._072_ (net)
                  0.07    0.00    9.15 v scaleAdd._539_/A1 (sky130_fd_sc_hd__a21oi_4)
     4    0.01    0.13    0.16    9.31 ^ scaleAdd._539_/Y (sky130_fd_sc_hd__a21oi_4)
                                         scaleAdd._118_ (net)
                  0.13    0.00    9.31 ^ scaleAdd._603_/A3 (sky130_fd_sc_hd__o311ai_2)
     3    0.01    0.10    0.11    9.42 v scaleAdd._603_/Y (sky130_fd_sc_hd__o311ai_2)
                                         scaleAdd._180_ (net)
                  0.10    0.00    9.42 v scaleAdd._652_/A1 (sky130_fd_sc_hd__a311o_1)
     3    0.01    0.07    0.31    9.72 v scaleAdd._652_/X (sky130_fd_sc_hd__a311o_1)
                                         scaleAdd._227_ (net)
                  0.07    0.00    9.72 v scaleAdd._688_/A1 (sky130_fd_sc_hd__a311o_1)
     3    0.01    0.10    0.33   10.06 v scaleAdd._688_/X (sky130_fd_sc_hd__a311o_1)
                                         scaleAdd._261_ (net)
                  0.10    0.00   10.06 v scaleAdd._708_/A1 (sky130_fd_sc_hd__a31oi_4)
     2    0.01    0.14    0.16   10.22 ^ scaleAdd._708_/Y (sky130_fd_sc_hd__a31oi_4)
                                         scaleAdd._279_ (net)
                  0.14    0.00   10.22 ^ rebuffer17/A (sky130_fd_sc_hd__buf_6)
     1    0.00    0.03    0.12   10.34 ^ rebuffer17/X (sky130_fd_sc_hd__buf_6)
                                         net74 (net)
                  0.03    0.00   10.34 ^ rebuffer10/A (sky130_fd_sc_hd__buf_6)
     1    0.02    0.05    0.10   10.44 ^ rebuffer10/X (sky130_fd_sc_hd__buf_6)
                                         net67 (net)
                  0.05    0.00   10.44 ^ scaleAdd._709_/A (sky130_fd_sc_hd__xnor2_4)
     4    0.01    0.06    0.08   10.52 v scaleAdd._709_/Y (sky130_fd_sc_hd__xnor2_4)
                                         accumulator.io_inMant[16] (net)
                  0.06    0.00   10.52 v accumulator._1204_/B (sky130_fd_sc_hd__or4_4)
     4    0.01    0.09    0.55   11.07 v accumulator._1204_/X (sky130_fd_sc_hd__or4_4)
                                         accumulator._0065_ (net)
                  0.09    0.00   11.07 v accumulator._1206_/B (sky130_fd_sc_hd__or2_4)
     3    0.01    0.05    0.26   11.32 v accumulator._1206_/X (sky130_fd_sc_hd__or2_4)
                                         accumulator._0085_ (net)
                  0.05    0.00   11.32 v accumulator._1207_/B (sky130_fd_sc_hd__or2_4)
     4    0.01    0.05    0.24   11.57 v accumulator._1207_/X (sky130_fd_sc_hd__or2_4)
                                         accumulator._0095_ (net)
                  0.05    0.00   11.57 v accumulator._1240_/B (sky130_fd_sc_hd__and2_1)
     2    0.00    0.04    0.17   11.73 v accumulator._1240_/X (sky130_fd_sc_hd__and2_1)
                                         accumulator._0339_ (net)
                  0.04    0.00   11.73 v accumulator._1241_/C1 (sky130_fd_sc_hd__a311o_1)
     3    0.01    0.07    0.30   12.03 v accumulator._1241_/X (sky130_fd_sc_hd__a311o_1)
                                         accumulator._0340_ (net)
                  0.07    0.00   12.03 v accumulator._1255_/A1 (sky130_fd_sc_hd__a21o_1)
     2    0.00    0.04    0.18   12.21 v accumulator._1255_/X (sky130_fd_sc_hd__a21o_1)
                                         accumulator._0354_ (net)
                  0.04    0.00   12.21 v accumulator._1257_/A2 (sky130_fd_sc_hd__a211o_1)
     3    0.01    0.06    0.31   12.53 v accumulator._1257_/X (sky130_fd_sc_hd__a211o_1)
                                         accumulator._0356_ (net)
                  0.06    0.00   12.53 v accumulator._1263_/B (sky130_fd_sc_hd__and2_4)
     5    0.01    0.04    0.18   12.70 v accumulator._1263_/X (sky130_fd_sc_hd__and2_4)
                                         accumulator._0362_ (net)
                  0.04    0.00   12.70 v accumulator._1274_/C (sky130_fd_sc_hd__or4_4)
     4    0.01    0.10    0.52   13.22 v accumulator._1274_/X (sky130_fd_sc_hd__or4_4)
                                         accumulator._0373_ (net)
                  0.10    0.00   13.22 v accumulator._1276_/A1 (sky130_fd_sc_hd__a21o_1)
     2    0.01    0.05    0.19   13.41 v accumulator._1276_/X (sky130_fd_sc_hd__a21o_1)
                                         accumulator._0375_ (net)
                  0.05    0.00   13.41 v accumulator._1278_/A1 (sky130_fd_sc_hd__a21o_4)
     2    0.02    0.05    0.23   13.64 v accumulator._1278_/X (sky130_fd_sc_hd__a21o_4)
                                         accumulator._0377_ (net)
                  0.05    0.00   13.64 v accumulator._1284_/A2 (sky130_fd_sc_hd__a21o_1)
     2    0.01    0.05    0.20   13.84 v accumulator._1284_/X (sky130_fd_sc_hd__a21o_1)
                                         accumulator._0383_ (net)
                  0.05    0.00   13.84 v accumulator._1285_/A2 (sky130_fd_sc_hd__a21o_4)
     2    0.02    0.05    0.25   14.09 v accumulator._1285_/X (sky130_fd_sc_hd__a21o_4)
                                         accumulator._0384_ (net)
                  0.05    0.00   14.09 v accumulator._1290_/A2 (sky130_fd_sc_hd__a21o_1)
     2    0.02    0.09    0.25   14.34 v accumulator._1290_/X (sky130_fd_sc_hd__a21o_1)
                                         accumulator._0389_ (net)
                  0.09    0.00   14.34 v accumulator._1293_/A2 (sky130_fd_sc_hd__a21boi_4)
     3    0.02    0.19    0.24   14.58 ^ accumulator._1293_/Y (sky130_fd_sc_hd__a21boi_4)
                                         accumulator._0392_ (net)
                  0.19    0.00   14.58 ^ accumulator._1302_/A (sky130_fd_sc_hd__xor2_2)
     4    0.01    0.18    0.21   14.79 ^ accumulator._1302_/X (sky130_fd_sc_hd__xor2_2)
                                         accumulator._0401_ (net)
                  0.18    0.00   14.79 ^ accumulator._1303_/A (sky130_fd_sc_hd__buf_6)
     6    0.02    0.05    0.15   14.94 ^ accumulator._1303_/X (sky130_fd_sc_hd__buf_6)
                                         accumulator._0402_ (net)
                  0.05    0.00   14.94 ^ accumulator._1335_/S (sky130_fd_sc_hd__mux2_4)
     5    0.01    0.06    0.33   15.27 v accumulator._1335_/X (sky130_fd_sc_hd__mux2_4)
                                         accumulator._0432_ (net)
                  0.06    0.00   15.27 v accumulator._1336_/A (sky130_fd_sc_hd__buf_2)
    10    0.02    0.07    0.18   15.45 v accumulator._1336_/X (sky130_fd_sc_hd__buf_2)
                                         accumulator._0433_ (net)
                  0.07    0.00   15.45 v accumulator._1373_/A1 (sky130_fd_sc_hd__a21o_1)
     2    0.00    0.04    0.17   15.62 v accumulator._1373_/X (sky130_fd_sc_hd__a21o_1)
                                         accumulator._0470_ (net)
                  0.04    0.00   15.62 v accumulator._1380_/A2 (sky130_fd_sc_hd__a21o_1)
     2    0.00    0.04    0.18   15.80 v accumulator._1380_/X (sky130_fd_sc_hd__a21o_1)
                                         accumulator._0477_ (net)
                  0.04    0.00   15.80 v accumulator._1403_/A (sky130_fd_sc_hd__and2_1)
     2    0.00    0.04    0.14   15.95 v accumulator._1403_/X (sky130_fd_sc_hd__and2_1)
                                         accumulator._0500_ (net)
                  0.04    0.00   15.95 v accumulator._1427_/A2 (sky130_fd_sc_hd__a211o_1)
     1    0.00    0.05    0.29   16.24 v accumulator._1427_/X (sky130_fd_sc_hd__a211o_1)
                                         accumulator._0524_ (net)
                  0.05    0.00   16.24 v accumulator._1505_/A2 (sky130_fd_sc_hd__a32o_2)
     4    0.01    0.07    0.31   16.55 v accumulator._1505_/X (sky130_fd_sc_hd__a32o_2)
                                         accumulator._0602_ (net)
                  0.07    0.00   16.55 v accumulator._1507_/A (sky130_fd_sc_hd__xnor2_2)
     3    0.01    0.23    0.25   16.80 ^ accumulator._1507_/Y (sky130_fd_sc_hd__xnor2_2)
                                         accumulator._0604_ (net)
                  0.23    0.00   16.80 ^ accumulator._1837_/A1 (sky130_fd_sc_hd__a311o_1)
     2    0.00    0.07    0.22   17.01 ^ accumulator._1837_/X (sky130_fd_sc_hd__a311o_1)
                                         accumulator._0934_ (net)
                  0.07    0.00   17.01 ^ accumulator._1839_/A3 (sky130_fd_sc_hd__a311o_1)
     3    0.01    0.10    0.21   17.22 ^ accumulator._1839_/X (sky130_fd_sc_hd__a311o_1)
                                         accumulator._0936_ (net)
                  0.10    0.00   17.22 ^ accumulator._1842_/A1 (sky130_fd_sc_hd__a311o_1)
     2    0.01    0.10    0.20   17.42 ^ accumulator._1842_/X (sky130_fd_sc_hd__a311o_1)
                                         accumulator._0939_ (net)
                  0.10    0.00   17.42 ^ accumulator._1844_/A1 (sky130_fd_sc_hd__a31oi_2)
     3    0.01    0.08    0.10   17.53 v accumulator._1844_/Y (sky130_fd_sc_hd__a31oi_2)
                                         accumulator._0941_ (net)
                  0.08    0.00   17.53 v accumulator._1846_/A1 (sky130_fd_sc_hd__a211o_1)
     3    0.01    0.06    0.30   17.82 v accumulator._1846_/X (sky130_fd_sc_hd__a211o_1)
                                         accumulator._0943_ (net)
                  0.06    0.00   17.82 v accumulator._1847_/A1 (sky130_fd_sc_hd__a311o_1)
     3    0.01    0.08    0.32   18.14 v accumulator._1847_/X (sky130_fd_sc_hd__a311o_1)
                                         accumulator._0944_ (net)
                  0.08    0.00   18.14 v accumulator._1855_/A3 (sky130_fd_sc_hd__o311a_4)
     4    0.01    0.07    0.36   18.50 v accumulator._1855_/X (sky130_fd_sc_hd__o311a_4)
                                         accumulator._0952_ (net)
                  0.07    0.00   18.50 v accumulator._1866_/A3 (sky130_fd_sc_hd__o31ai_4)
     3    0.01    0.19    0.20   18.69 ^ accumulator._1866_/Y (sky130_fd_sc_hd__o31ai_4)
                                         accumulator._0963_ (net)
                  0.19    0.00   18.69 ^ accumulator._1867_/B (sky130_fd_sc_hd__nand3b_1)
     1    0.00    0.06    0.10   18.79 v accumulator._1867_/Y (sky130_fd_sc_hd__nand3b_1)
                                         accumulator._0964_ (net)
                  0.06    0.00   18.79 v accumulator._1868_/C1 (sky130_fd_sc_hd__o211a_1)
     3    0.01    0.07    0.15   18.93 v accumulator._1868_/X (sky130_fd_sc_hd__o211a_1)
                                         accumulator._0965_ (net)
                  0.07    0.00   18.93 v accumulator._1871_/A3 (sky130_fd_sc_hd__o41a_4)
     7    0.02    0.09    0.48   19.42 v accumulator._1871_/X (sky130_fd_sc_hd__o41a_4)
                                         accumulator._0968_ (net)
                  0.09    0.00   19.42 v accumulator._1872_/A (sky130_fd_sc_hd__and2_4)
     5    0.01    0.04    0.17   19.59 v accumulator._1872_/X (sky130_fd_sc_hd__and2_4)
                                         accumulator._0969_ (net)
                  0.04    0.00   19.59 v accumulator._1895_/A (sky130_fd_sc_hd__buf_6)
    10    0.03    0.04    0.14   19.73 v accumulator._1895_/X (sky130_fd_sc_hd__buf_6)
                                         accumulator._0992_ (net)
                  0.04    0.00   19.73 v accumulator._1912_/A (sky130_fd_sc_hd__nor2_4)
     1    0.01    0.09    0.12   19.85 ^ accumulator._1912_/Y (sky130_fd_sc_hd__nor2_4)
                                         accumulator._1009_ (net)
                  0.09    0.00   19.85 ^ accumulator._1913_/A (sky130_fd_sc_hd__xor2_2)
     5    0.01    0.21    0.21   20.06 ^ accumulator._1913_/X (sky130_fd_sc_hd__xor2_2)
                                         accumulator._1010_ (net)
                  0.21    0.00   20.06 ^ accumulator._2072_/B1 (sky130_fd_sc_hd__o21ai_1)
     1    0.00    0.06    0.10   20.16 v accumulator._2072_/Y (sky130_fd_sc_hd__o21ai_1)
                                         accumulator._1169_ (net)
                  0.06    0.00   20.16 v accumulator._2073_/A1 (sky130_fd_sc_hd__a21oi_1)
     1    0.00    0.10    0.13   20.28 ^ accumulator._2073_/Y (sky130_fd_sc_hd__a21oi_1)
                                         accumulator._1170_ (net)
                  0.10    0.00   20.28 ^ accumulator._2074_/A2 (sky130_fd_sc_hd__o21ai_1)
     1    0.00    0.06    0.07   20.35 v accumulator._2074_/Y (sky130_fd_sc_hd__o21ai_1)
                                         accumulator._1171_ (net)
                  0.06    0.00   20.35 v accumulator._2075_/A2 (sky130_fd_sc_hd__a21o_1)
     1    0.00    0.03    0.18   20.53 v accumulator._2075_/X (sky130_fd_sc_hd__a21o_1)
                                         accumulator._1172_ (net)
                  0.03    0.00   20.53 v accumulator._2076_/A2 (sky130_fd_sc_hd__a21oi_1)
     1    0.00    0.10    0.13   20.66 ^ accumulator._2076_/Y (sky130_fd_sc_hd__a21oi_1)
                                         accumulator._1173_ (net)
                  0.10    0.00   20.66 ^ accumulator._2077_/A2 (sky130_fd_sc_hd__o21ai_1)
     1    0.00    0.06    0.07   20.73 v accumulator._2077_/Y (sky130_fd_sc_hd__o21ai_1)
                                         accumulator._1174_ (net)
                  0.06    0.00   20.73 v accumulator._2078_/A2 (sky130_fd_sc_hd__a21oi_1)
     1    0.00    0.10    0.14   20.87 ^ accumulator._2078_/Y (sky130_fd_sc_hd__a21oi_1)
                                         accumulator._1175_ (net)
                  0.10    0.00   20.87 ^ accumulator._2079_/A2 (sky130_fd_sc_hd__o21bai_1)
     1    0.00    0.05    0.07   20.94 v accumulator._2079_/Y (sky130_fd_sc_hd__o21bai_1)
                                         accumulator._1176_ (net)
                  0.05    0.00   20.94 v accumulator._2082_/A1 (sky130_fd_sc_hd__a21o_2)
     7    0.02    0.08    0.25   21.19 v accumulator._2082_/X (sky130_fd_sc_hd__a21o_2)
                                         accumulator._1180_ (net)
                  0.08    0.00   21.19 v clone13/A (sky130_fd_sc_hd__nand2_2)
     4    0.01    0.08    0.10   21.28 ^ clone13/Y (sky130_fd_sc_hd__nand2_2)
                                         net70 (net)
                  0.08    0.00   21.28 ^ accumulator._2125_/S (sky130_fd_sc_hd__mux2_1)
     2    0.00    0.06    0.34   21.63 v accumulator._2125_/X (sky130_fd_sc_hd__mux2_1)
                                         accumulator._0059_ (net)
                  0.06    0.00   21.63 v accumulator._2126_/A1 (sky130_fd_sc_hd__mux2_1)
     3    0.01    0.07    0.33   21.96 v accumulator._2126_/X (sky130_fd_sc_hd__mux2_1)
                                         accumulator._0060_ (net)
                  0.07    0.00   21.96 v accumulator._2131_/A2 (sky130_fd_sc_hd__a21o_1)
     2    0.00    0.04    0.20   22.16 v accumulator._2131_/X (sky130_fd_sc_hd__a21o_1)
                                         accumulator._0066_ (net)
                  0.04    0.00   22.16 v accumulator._2132_/A3 (sky130_fd_sc_hd__a32o_1)
     1    0.00    0.04    0.25   22.41 v accumulator._2132_/X (sky130_fd_sc_hd__a32o_1)
                                         accumulator._0067_ (net)
                  0.04    0.00   22.41 v accumulator._2133_/B (sky130_fd_sc_hd__and2_1)
     1    0.00    0.03    0.15   22.56 v accumulator._2133_/X (sky130_fd_sc_hd__and2_1)
                                         accumulator._0068_ (net)
                  0.03    0.00   22.56 v accumulator._2134_/A (sky130_fd_sc_hd__clkbuf_1)
     1    0.00    0.02    0.08   22.64 v accumulator._2134_/X (sky130_fd_sc_hd__clkbuf_1)
                                         accumulator._0004_ (net)
                  0.02    0.00   22.64 v accumulator._2403_/D (sky130_fd_sc_hd__dfxtp_1)
                                 22.64   data arrival time

                         25.00   25.00   clock clock (rise edge)
                          0.00   25.00   clock source latency
     1    0.01    0.04    0.03   25.03 ^ clock (in)
                                         clock (net)
                  0.04    0.00   25.03 ^ clkbuf_0_clock/A (sky130_fd_sc_hd__clkbuf_16)
     4    0.03    0.05    0.13   25.15 ^ clkbuf_0_clock/X (sky130_fd_sc_hd__clkbuf_16)
                                         clknet_0_clock (net)
                  0.05    0.00   25.15 ^ clkbuf_2_3__f_clock/A (sky130_fd_sc_hd__clkbuf_16)
     9    0.02    0.04    0.12   25.28 ^ clkbuf_2_3__f_clock/X (sky130_fd_sc_hd__clkbuf_16)
                                         clknet_2_3__leaf_clock (net)
                  0.04    0.00   25.28 ^ accumulator._2403_/CLK (sky130_fd_sc_hd__dfxtp_1)
                         -0.25   25.03   clock uncertainty
                          0.00   25.03   clock reconvergence pessimism
                         -0.10   24.92   library setup time
                                 24.92   data required time
-----------------------------------------------------------------------------
                                 24.92   data required time
                                -22.64   data arrival time
-----------------------------------------------------------------------------
                                  2.29   slack (MET)


Startpoint: io_inScaleA[7] (input port clocked by clock)
Endpoint: accumulator._2429_ (rising edge-triggered flip-flop clocked by clock)
Path Group: clock
Path Type: max

Fanout     Cap    Slew   Delay    Time   Description
-----------------------------------------------------------------------------
                          0.00    0.00   clock clock (rise edge)
                          0.00    0.00   clock network delay (propagated)
                          5.00    5.00 v input external delay
     1    0.00    0.01    0.00    5.00 v io_inScaleA[7] (in)
                                         io_inScaleA[7] (net)
                  0.01    0.00    5.00 v input16/A (sky130_fd_sc_hd__buf_2)
     5    0.01    0.04    0.13    5.13 v input16/X (sky130_fd_sc_hd__buf_2)
                                         net16 (net)
                  0.04    0.00    5.13 v scaleAdd._421_/A1 (sky130_fd_sc_hd__o21a_4)
     4    0.02    0.05    0.24    5.37 v scaleAdd._421_/X (sky130_fd_sc_hd__o21a_4)
                                         scaleAdd._002_ (net)
                  0.05    0.00    5.37 v scaleAdd._428_/A (sky130_fd_sc_hd__xor2_1)
     2    0.01    0.07    0.18    5.55 v scaleAdd._428_/X (sky130_fd_sc_hd__xor2_1)
                                         scaleAdd._009_ (net)
                  0.07    0.00    5.55 v scaleAdd._429_/A (sky130_fd_sc_hd__xnor2_1)
     2    0.01    0.20    0.23    5.78 ^ scaleAdd._429_/Y (sky130_fd_sc_hd__xnor2_1)
                                         scaleAdd._010_ (net)
                  0.20    0.00    5.78 ^ scaleAdd._431_/B (sky130_fd_sc_hd__xnor2_1)
     2    0.01    0.25    0.20    5.99 ^ scaleAdd._431_/Y (sky130_fd_sc_hd__xnor2_1)
                                         scaleAdd._012_ (net)
                  0.25    0.00    5.99 ^ scaleAdd._432_/B (sky130_fd_sc_hd__xnor2_1)
     2    0.01    0.20    0.19    6.18 ^ scaleAdd._432_/Y (sky130_fd_sc_hd__xnor2_1)
                                         scaleAdd._013_ (net)
                  0.20    0.00    6.18 ^ scaleAdd._435_/A (sky130_fd_sc_hd__xor2_1)
     2    0.01    0.26    0.28    6.46 ^ scaleAdd._435_/X (sky130_fd_sc_hd__xor2_1)
                                         scaleAdd._016_ (net)
                  0.26    0.00    6.46 ^ scaleAdd._436_/A (sky130_fd_sc_hd__xnor2_2)
     2    0.01    0.19    0.18    6.64 ^ scaleAdd._436_/Y (sky130_fd_sc_hd__xnor2_2)
                                         scaleAdd._017_ (net)
                  0.19    0.00    6.64 ^ scaleAdd._438_/B (sky130_fd_sc_hd__xnor2_2)
     2    0.01    0.20    0.17    6.81 ^ scaleAdd._438_/Y (sky130_fd_sc_hd__xnor2_2)
                                         scaleAdd._019_ (net)
                  0.20    0.00    6.81 ^ scaleAdd._439_/A (sky130_fd_sc_hd__xor2_2)
     5    0.02    0.29    0.29    7.10 ^ scaleAdd._439_/X (sky130_fd_sc_hd__xor2_2)
                                         scaleAdd._020_ (net)
                  0.29    0.00    7.10 ^ scaleAdd._443_/B (sky130_fd_sc_hd__xnor2_2)
     1    0.01    0.07    0.12    7.22 v scaleAdd._443_/Y (sky130_fd_sc_hd__xnor2_2)
                                         scaleAdd._024_ (net)
                  0.07    0.00    7.22 v scaleAdd._444_/A (sky130_fd_sc_hd__xnor2_2)
     6    0.01    0.22    0.24    7.46 ^ scaleAdd._444_/Y (sky130_fd_sc_hd__xnor2_2)
                                         scaleAdd._025_ (net)
                  0.22    0.00    7.46 ^ scaleAdd._445_/B_N (sky130_fd_sc_hd__or2b_4)
     3    0.01    0.05    0.31    7.78 v scaleAdd._445_/X (sky130_fd_sc_hd__or2b_4)
                                         scaleAdd._026_ (net)
                  0.05    0.00    7.78 v scaleAdd._448_/B1 (sky130_fd_sc_hd__a22o_1)
     2    0.00    0.05    0.19    7.97 v scaleAdd._448_/X (sky130_fd_sc_hd__a22o_1)
                                         scaleAdd._029_ (net)
                  0.05    0.00    7.97 v scaleAdd._452_/A2 (sky130_fd_sc_hd__a21o_1)
     2    0.00    0.04    0.19    8.16 v scaleAdd._452_/X (sky130_fd_sc_hd__a21o_1)
                                         scaleAdd._033_ (net)
                  0.04    0.00    8.16 v scaleAdd._454_/B2 (sky130_fd_sc_hd__a22o_1)
     3    0.01    0.06    0.22    8.38 v scaleAdd._454_/X (sky130_fd_sc_hd__a22o_1)
                                         scaleAdd._035_ (net)
                  0.06    0.00    8.38 v scaleAdd._456_/B (sky130_fd_sc_hd__and3_1)
     2    0.00    0.05    0.18    8.56 v scaleAdd._456_/X (sky130_fd_sc_hd__and3_1)
                                         scaleAdd._037_ (net)
                  0.05    0.00    8.56 v scaleAdd._458_/B (sky130_fd_sc_hd__or3_4)
     3    0.01    0.07    0.38    8.95 v scaleAdd._458_/X (sky130_fd_sc_hd__or3_4)
                                         scaleAdd._039_ (net)
                  0.07    0.00    8.95 v scaleAdd._492_/A1 (sky130_fd_sc_hd__a21o_1)
     3    0.01    0.07    0.21    9.15 v scaleAdd._492_/X (sky130_fd_sc_hd__a21o_1)
                                         scaleAdd._072_ (net)
                  0.07    0.00    9.15 v scaleAdd._539_/A1 (sky130_fd_sc_hd__a21oi_4)
     4    0.01    0.13    0.16    9.31 ^ scaleAdd._539_/Y (sky130_fd_sc_hd__a21oi_4)
                                         scaleAdd._118_ (net)
                  0.13    0.00    9.31 ^ scaleAdd._603_/A3 (sky130_fd_sc_hd__o311ai_2)
     3    0.01    0.10    0.11    9.42 v scaleAdd._603_/Y (sky130_fd_sc_hd__o311ai_2)
                                         scaleAdd._180_ (net)
                  0.10    0.00    9.42 v scaleAdd._652_/A1 (sky130_fd_sc_hd__a311o_1)
     3    0.01    0.07    0.31    9.72 v scaleAdd._652_/X (sky130_fd_sc_hd__a311o_1)
                                         scaleAdd._227_ (net)
                  0.07    0.00    9.72 v scaleAdd._688_/A1 (sky130_fd_sc_hd__a311o_1)
     3    0.01    0.10    0.33   10.06 v scaleAdd._688_/X (sky130_fd_sc_hd__a311o_1)
                                         scaleAdd._261_ (net)
                  0.10    0.00   10.06 v scaleAdd._708_/A1 (sky130_fd_sc_hd__a31oi_4)
     2    0.01    0.14    0.16   10.22 ^ scaleAdd._708_/Y (sky130_fd_sc_hd__a31oi_4)
                                         scaleAdd._279_ (net)
                  0.14    0.00   10.22 ^ rebuffer17/A (sky130_fd_sc_hd__buf_6)
     1    0.00    0.03    0.12   10.34 ^ rebuffer17/X (sky130_fd_sc_hd__buf_6)
                                         net74 (net)
                  0.03    0.00   10.34 ^ rebuffer10/A (sky130_fd_sc_hd__buf_6)
     1    0.02    0.05    0.10   10.44 ^ rebuffer10/X (sky130_fd_sc_hd__buf_6)
                                         net67 (net)
                  0.05    0.00   10.44 ^ scaleAdd._709_/A (sky130_fd_sc_hd__xnor2_4)
     4    0.01    0.06    0.08   10.52 v scaleAdd._709_/Y (sky130_fd_sc_hd__xnor2_4)
                                         accumulator.io_inMant[16] (net)
                  0.06    0.00   10.52 v accumulator._1204_/B (sky130_fd_sc_hd__or4_4)
     4    0.01    0.09    0.55   11.07 v accumulator._1204_/X (sky130_fd_sc_hd__or4_4)
                                         accumulator._0065_ (net)
                  0.09    0.00   11.07 v accumulator._1206_/B (sky130_fd_sc_hd__or2_4)
     3    0.01    0.05    0.26   11.32 v accumulator._1206_/X (sky130_fd_sc_hd__or2_4)
                                         accumulator._0085_ (net)
                  0.05    0.00   11.32 v accumulator._1207_/B (sky130_fd_sc_hd__or2_4)
     4    0.01    0.05    0.24   11.57 v accumulator._1207_/X (sky130_fd_sc_hd__or2_4)
                                         accumulator._0095_ (net)
                  0.05    0.00   11.57 v accumulator._1240_/B (sky130_fd_sc_hd__and2_1)
     2    0.00    0.04    0.17   11.73 v accumulator._1240_/X (sky130_fd_sc_hd__and2_1)
                                         accumulator._0339_ (net)
                  0.04    0.00   11.73 v accumulator._1241_/C1 (sky130_fd_sc_hd__a311o_1)
     3    0.01    0.07    0.30   12.03 v accumulator._1241_/X (sky130_fd_sc_hd__a311o_1)
                                         accumulator._0340_ (net)
                  0.07    0.00   12.03 v accumulator._1255_/A1 (sky130_fd_sc_hd__a21o_1)
     2    0.00    0.04    0.18   12.21 v accumulator._1255_/X (sky130_fd_sc_hd__a21o_1)
                                         accumulator._0354_ (net)
                  0.04    0.00   12.21 v accumulator._1257_/A2 (sky130_fd_sc_hd__a211o_1)
     3    0.01    0.06    0.31   12.53 v accumulator._1257_/X (sky130_fd_sc_hd__a211o_1)
                                         accumulator._0356_ (net)
                  0.06    0.00   12.53 v accumulator._1263_/B (sky130_fd_sc_hd__and2_4)
     5    0.01    0.04    0.18   12.70 v accumulator._1263_/X (sky130_fd_sc_hd__and2_4)
                                         accumulator._0362_ (net)
                  0.04    0.00   12.70 v accumulator._1274_/C (sky130_fd_sc_hd__or4_4)
     4    0.01    0.10    0.52   13.22 v accumulator._1274_/X (sky130_fd_sc_hd__or4_4)
                                         accumulator._0373_ (net)
                  0.10    0.00   13.22 v accumulator._1276_/A1 (sky130_fd_sc_hd__a21o_1)
     2    0.01    0.05    0.19   13.41 v accumulator._1276_/X (sky130_fd_sc_hd__a21o_1)
                                         accumulator._0375_ (net)
                  0.05    0.00   13.41 v accumulator._1278_/A1 (sky130_fd_sc_hd__a21o_4)
     2    0.02    0.05    0.23   13.64 v accumulator._1278_/X (sky130_fd_sc_hd__a21o_4)
                                         accumulator._0377_ (net)
                  0.05    0.00   13.64 v accumulator._1284_/A2 (sky130_fd_sc_hd__a21o_1)
     2    0.01    0.05    0.20   13.84 v accumulator._1284_/X (sky130_fd_sc_hd__a21o_1)
                                         accumulator._0383_ (net)
                  0.05    0.00   13.84 v accumulator._1285_/A2 (sky130_fd_sc_hd__a21o_4)
     2    0.02    0.05    0.25   14.09 v accumulator._1285_/X (sky130_fd_sc_hd__a21o_4)
                                         accumulator._0384_ (net)
                  0.05    0.00   14.09 v accumulator._1290_/A2 (sky130_fd_sc_hd__a21o_1)
     2    0.02    0.09    0.25   14.34 v accumulator._1290_/X (sky130_fd_sc_hd__a21o_1)
                                         accumulator._0389_ (net)
                  0.09    0.00   14.34 v accumulator._1293_/A2 (sky130_fd_sc_hd__a21boi_4)
     3    0.02    0.19    0.24   14.58 ^ accumulator._1293_/Y (sky130_fd_sc_hd__a21boi_4)
                                         accumulator._0392_ (net)
                  0.19    0.00   14.58 ^ accumulator._1302_/A (sky130_fd_sc_hd__xor2_2)
     4    0.01    0.18    0.21   14.79 ^ accumulator._1302_/X (sky130_fd_sc_hd__xor2_2)
                                         accumulator._0401_ (net)
                  0.18    0.00   14.79 ^ accumulator._1303_/A (sky130_fd_sc_hd__buf_6)
     6    0.02    0.05    0.15   14.94 ^ accumulator._1303_/X (sky130_fd_sc_hd__buf_6)
                                         accumulator._0402_ (net)
                  0.05    0.00   14.94 ^ accumulator._1335_/S (sky130_fd_sc_hd__mux2_4)
     5    0.01    0.06    0.33   15.27 v accumulator._1335_/X (sky130_fd_sc_hd__mux2_4)
                                         accumulator._0432_ (net)
                  0.06    0.00   15.27 v accumulator._1336_/A (sky130_fd_sc_hd__buf_2)
    10    0.02    0.07    0.18   15.45 v accumulator._1336_/X (sky130_fd_sc_hd__buf_2)
                                         accumulator._0433_ (net)
                  0.07    0.00   15.45 v accumulator._1373_/A1 (sky130_fd_sc_hd__a21o_1)
     2    0.00    0.04    0.17   15.62 v accumulator._1373_/X (sky130_fd_sc_hd__a21o_1)
                                         accumulator._0470_ (net)
                  0.04    0.00   15.62 v accumulator._1380_/A2 (sky130_fd_sc_hd__a21o_1)
     2    0.00    0.04    0.18   15.80 v accumulator._1380_/X (sky130_fd_sc_hd__a21o_1)
                                         accumulator._0477_ (net)
                  0.04    0.00   15.80 v accumulator._1403_/A (sky130_fd_sc_hd__and2_1)
     2    0.00    0.04    0.14   15.95 v accumulator._1403_/X (sky130_fd_sc_hd__and2_1)
                                         accumulator._0500_ (net)
                  0.04    0.00   15.95 v accumulator._1427_/A2 (sky130_fd_sc_hd__a211o_1)
     1    0.00    0.05    0.29   16.24 v accumulator._1427_/X (sky130_fd_sc_hd__a211o_1)
                                         accumulator._0524_ (net)
                  0.05    0.00   16.24 v accumulator._1505_/A2 (sky130_fd_sc_hd__a32o_2)
     4    0.01    0.07    0.31   16.55 v accumulator._1505_/X (sky130_fd_sc_hd__a32o_2)
                                         accumulator._0602_ (net)
                  0.07    0.00   16.55 v accumulator._1507_/A (sky130_fd_sc_hd__xnor2_2)
     3    0.01    0.23    0.25   16.80 ^ accumulator._1507_/Y (sky130_fd_sc_hd__xnor2_2)
                                         accumulator._0604_ (net)
                  0.23    0.00   16.80 ^ accumulator._1837_/A1 (sky130_fd_sc_hd__a311o_1)
     2    0.00    0.07    0.22   17.01 ^ accumulator._1837_/X (sky130_fd_sc_hd__a311o_1)
                                         accumulator._0934_ (net)
                  0.07    0.00   17.01 ^ accumulator._1839_/A3 (sky130_fd_sc_hd__a311o_1)
     3    0.01    0.10    0.21   17.22 ^ accumulator._1839_/X (sky130_fd_sc_hd__a311o_1)
                                         accumulator._0936_ (net)
                  0.10    0.00   17.22 ^ accumulator._1842_/A1 (sky130_fd_sc_hd__a311o_1)
     2    0.01    0.10    0.20   17.42 ^ accumulator._1842_/X (sky130_fd_sc_hd__a311o_1)
                                         accumulator._0939_ (net)
                  0.10    0.00   17.42 ^ accumulator._1844_/A1 (sky130_fd_sc_hd__a31oi_2)
     3    0.01    0.08    0.10   17.53 v accumulator._1844_/Y (sky130_fd_sc_hd__a31oi_2)
                                         accumulator._0941_ (net)
                  0.08    0.00   17.53 v accumulator._1846_/A1 (sky130_fd_sc_hd__a211o_1)
     3    0.01    0.06    0.30   17.82 v accumulator._1846_/X (sky130_fd_sc_hd__a211o_1)
                                         accumulator._0943_ (net)
                  0.06    0.00   17.82 v accumulator._1847_/A1 (sky130_fd_sc_hd__a311o_1)
     3    0.01    0.08    0.32   18.14 v accumulator._1847_/X (sky130_fd_sc_hd__a311o_1)
                                         accumulator._0944_ (net)
                  0.08    0.00   18.14 v accumulator._1855_/A3 (sky130_fd_sc_hd__o311a_4)
     4    0.01    0.07    0.36   18.50 v accumulator._1855_/X (sky130_fd_sc_hd__o311a_4)
                                         accumulator._0952_ (net)
                  0.07    0.00   18.50 v accumulator._1866_/A3 (sky130_fd_sc_hd__o31ai_4)
     3    0.01    0.19    0.20   18.69 ^ accumulator._1866_/Y (sky130_fd_sc_hd__o31ai_4)
                                         accumulator._0963_ (net)
                  0.19    0.00   18.69 ^ accumulator._1867_/B (sky130_fd_sc_hd__nand3b_1)
     1    0.00    0.06    0.10   18.79 v accumulator._1867_/Y (sky130_fd_sc_hd__nand3b_1)
                                         accumulator._0964_ (net)
                  0.06    0.00   18.79 v accumulator._1868_/C1 (sky130_fd_sc_hd__o211a_1)
     3    0.01    0.07    0.15   18.93 v accumulator._1868_/X (sky130_fd_sc_hd__o211a_1)
                                         accumulator._0965_ (net)
                  0.07    0.00   18.93 v accumulator._1871_/A3 (sky130_fd_sc_hd__o41a_4)
     7    0.02    0.09    0.48   19.42 v accumulator._1871_/X (sky130_fd_sc_hd__o41a_4)
                                         accumulator._0968_ (net)
                  0.09    0.00   19.42 v accumulator._1872_/A (sky130_fd_sc_hd__and2_4)
     5    0.01    0.04    0.17   19.59 v accumulator._1872_/X (sky130_fd_sc_hd__and2_4)
                                         accumulator._0969_ (net)
                  0.04    0.00   19.59 v accumulator._1895_/A (sky130_fd_sc_hd__buf_6)
    10    0.03    0.04    0.14   19.73 v accumulator._1895_/X (sky130_fd_sc_hd__buf_6)
                                         accumulator._0992_ (net)
                  0.04    0.00   19.73 v accumulator._1957_/A (sky130_fd_sc_hd__buf_2)
    10    0.02    0.07    0.17   19.89 v accumulator._1957_/X (sky130_fd_sc_hd__buf_2)
                                         accumulator._1054_ (net)
                  0.07    0.00   19.89 v accumulator._1981_/A (sky130_fd_sc_hd__nor2_1)
     1    0.00    0.11    0.13   20.03 ^ accumulator._1981_/Y (sky130_fd_sc_hd__nor2_1)
                                         accumulator._1078_ (net)
                  0.11    0.00   20.03 ^ accumulator._1982_/B (sky130_fd_sc_hd__xor2_1)
     2    0.01    0.19    0.22   20.24 ^ accumulator._1982_/X (sky130_fd_sc_hd__xor2_1)
                                         accumulator._1079_ (net)
                  0.19    0.00   20.24 ^ accumulator._1983_/A (sky130_fd_sc_hd__inv_2)
     4    0.01    0.05    0.07   20.31 v accumulator._1983_/Y (sky130_fd_sc_hd__inv_2)
                                         accumulator._1080_ (net)
                  0.05    0.00   20.31 v accumulator._1984_/B (sky130_fd_sc_hd__nor2_1)
     3    0.01    0.13    0.13   20.44 ^ accumulator._1984_/Y (sky130_fd_sc_hd__nor2_1)
                                         accumulator._1081_ (net)
                  0.13    0.00   20.44 ^ accumulator._2096_/B1_N (sky130_fd_sc_hd__a21bo_1)
     1    0.00    0.03    0.22   20.66 v accumulator._2096_/X (sky130_fd_sc_hd__a21bo_1)
                                         accumulator._1194_ (net)
                  0.03    0.00   20.66 v accumulator._2097_/A2 (sky130_fd_sc_hd__a21o_1)
     1    0.00    0.03    0.17   20.83 v accumulator._2097_/X (sky130_fd_sc_hd__a21o_1)
                                         accumulator._1195_ (net)
                  0.03    0.00   20.83 v accumulator._2098_/A2 (sky130_fd_sc_hd__a21o_2)
     8    0.02    0.08    0.27   21.09 v accumulator._2098_/X (sky130_fd_sc_hd__a21o_2)
                                         accumulator._1196_ (net)
                  0.08    0.00   21.09 v accumulator._2338_/A (sky130_fd_sc_hd__or2_1)
     2    0.01    0.07    0.27   21.36 v accumulator._2338_/X (sky130_fd_sc_hd__or2_1)
                                         accumulator._0270_ (net)
                  0.07    0.00   21.36 v accumulator._2342_/A (sky130_fd_sc_hd__xnor2_1)
     2    0.00    0.06    0.14   21.51 v accumulator._2342_/Y (sky130_fd_sc_hd__xnor2_1)
                                         accumulator._0275_ (net)
                  0.06    0.00   21.51 v accumulator._2343_/D1 (sky130_fd_sc_hd__a2111o_1)
     3    0.01    0.09    0.34   21.85 v accumulator._2343_/X (sky130_fd_sc_hd__a2111o_1)
                                         accumulator._0276_ (net)
                  0.09    0.00   21.85 v accumulator._2355_/A2 (sky130_fd_sc_hd__a21oi_2)
     3    0.01    0.12    0.18   22.02 ^ accumulator._2355_/Y (sky130_fd_sc_hd__a21oi_2)
                                         accumulator._0288_ (net)
                  0.12    0.00   22.02 ^ accumulator._2367_/A1 (sky130_fd_sc_hd__o21a_1)
     5    0.01    0.15    0.22   22.25 ^ accumulator._2367_/X (sky130_fd_sc_hd__o21a_1)
                                         accumulator._0300_ (net)
                  0.15    0.00   22.25 ^ accumulator._2375_/A2 (sky130_fd_sc_hd__o21ai_1)
     1    0.00    0.06    0.07   22.32 v accumulator._2375_/Y (sky130_fd_sc_hd__o21ai_1)
                                         accumulator._0308_ (net)
                  0.06    0.00   22.32 v accumulator._2376_/B1 (sky130_fd_sc_hd__o31a_1)
     1    0.00    0.04    0.11   22.43 v accumulator._2376_/X (sky130_fd_sc_hd__o31a_1)
                                         accumulator._0309_ (net)
                  0.04    0.00   22.43 v accumulator._2378_/A2 (sky130_fd_sc_hd__o211a_1)
     1    0.00    0.03    0.20   22.63 v accumulator._2378_/X (sky130_fd_sc_hd__o211a_1)
                                         accumulator._0030_ (net)
                  0.03    0.00   22.63 v accumulator._2429_/D (sky130_fd_sc_hd__dfxtp_1)
                                 22.63   data arrival time

                         25.00   25.00   clock clock (rise edge)
                          0.00   25.00   clock source latency
     1    0.01    0.04    0.03   25.03 ^ clock (in)
                                         clock (net)
                  0.04    0.00   25.03 ^ clkbuf_0_clock/A (sky130_fd_sc_hd__clkbuf_16)
     4    0.03    0.05    0.13   25.15 ^ clkbuf_0_clock/X (sky130_fd_sc_hd__clkbuf_16)
                                         clknet_0_clock (net)
                  0.05    0.00   25.15 ^ clkbuf_2_1__f_clock/A (sky130_fd_sc_hd__clkbuf_16)
    10    0.02    0.04    0.12   25.28 ^ clkbuf_2_1__f_clock/X (sky130_fd_sc_hd__clkbuf_16)
                                         clknet_2_1__leaf_clock (net)
                  0.04    0.00   25.28 ^ accumulator._2429_/CLK (sky130_fd_sc_hd__dfxtp_1)
                         -0.25   25.03   clock uncertainty
                          0.00   25.03   clock reconvergence pessimism
                         -0.11   24.92   library setup time
                                 24.92   data required time
-----------------------------------------------------------------------------
                                 24.92   data required time
                                -22.63   data arrival time
-----------------------------------------------------------------------------
                                  2.29   slack (MET)


Startpoint: io_inScaleA[7] (input port clocked by clock)
Endpoint: accumulator._2404_ (rising edge-triggered flip-flop clocked by clock)
Path Group: clock
Path Type: max

Fanout     Cap    Slew   Delay    Time   Description
-----------------------------------------------------------------------------
                          0.00    0.00   clock clock (rise edge)
                          0.00    0.00   clock network delay (propagated)
                          5.00    5.00 v input external delay
     1    0.00    0.01    0.00    5.00 v io_inScaleA[7] (in)
                                         io_inScaleA[7] (net)
                  0.01    0.00    5.00 v input16/A (sky130_fd_sc_hd__buf_2)
     5    0.01    0.04    0.13    5.13 v input16/X (sky130_fd_sc_hd__buf_2)
                                         net16 (net)
                  0.04    0.00    5.13 v scaleAdd._421_/A1 (sky130_fd_sc_hd__o21a_4)
     4    0.02    0.05    0.24    5.37 v scaleAdd._421_/X (sky130_fd_sc_hd__o21a_4)
                                         scaleAdd._002_ (net)
                  0.05    0.00    5.37 v scaleAdd._428_/A (sky130_fd_sc_hd__xor2_1)
     2    0.01    0.07    0.18    5.55 v scaleAdd._428_/X (sky130_fd_sc_hd__xor2_1)
                                         scaleAdd._009_ (net)
                  0.07    0.00    5.55 v scaleAdd._429_/A (sky130_fd_sc_hd__xnor2_1)
     2    0.01    0.20    0.23    5.78 ^ scaleAdd._429_/Y (sky130_fd_sc_hd__xnor2_1)
                                         scaleAdd._010_ (net)
                  0.20    0.00    5.78 ^ scaleAdd._431_/B (sky130_fd_sc_hd__xnor2_1)
     2    0.01    0.25    0.20    5.99 ^ scaleAdd._431_/Y (sky130_fd_sc_hd__xnor2_1)
                                         scaleAdd._012_ (net)
                  0.25    0.00    5.99 ^ scaleAdd._432_/B (sky130_fd_sc_hd__xnor2_1)
     2    0.01    0.20    0.19    6.18 ^ scaleAdd._432_/Y (sky130_fd_sc_hd__xnor2_1)
                                         scaleAdd._013_ (net)
                  0.20    0.00    6.18 ^ scaleAdd._435_/A (sky130_fd_sc_hd__xor2_1)
     2    0.01    0.26    0.28    6.46 ^ scaleAdd._435_/X (sky130_fd_sc_hd__xor2_1)
                                         scaleAdd._016_ (net)
                  0.26    0.00    6.46 ^ scaleAdd._436_/A (sky130_fd_sc_hd__xnor2_2)
     2    0.01    0.19    0.18    6.64 ^ scaleAdd._436_/Y (sky130_fd_sc_hd__xnor2_2)
                                         scaleAdd._017_ (net)
                  0.19    0.00    6.64 ^ scaleAdd._438_/B (sky130_fd_sc_hd__xnor2_2)
     2    0.01    0.20    0.17    6.81 ^ scaleAdd._438_/Y (sky130_fd_sc_hd__xnor2_2)
                                         scaleAdd._019_ (net)
                  0.20    0.00    6.81 ^ scaleAdd._439_/A (sky130_fd_sc_hd__xor2_2)
     5    0.02    0.29    0.29    7.10 ^ scaleAdd._439_/X (sky130_fd_sc_hd__xor2_2)
                                         scaleAdd._020_ (net)
                  0.29    0.00    7.10 ^ scaleAdd._443_/B (sky130_fd_sc_hd__xnor2_2)
     1    0.01    0.07    0.12    7.22 v scaleAdd._443_/Y (sky130_fd_sc_hd__xnor2_2)
                                         scaleAdd._024_ (net)
                  0.07    0.00    7.22 v scaleAdd._444_/A (sky130_fd_sc_hd__xnor2_2)
     6    0.01    0.22    0.24    7.46 ^ scaleAdd._444_/Y (sky130_fd_sc_hd__xnor2_2)
                                         scaleAdd._025_ (net)
                  0.22    0.00    7.46 ^ scaleAdd._445_/B_N (sky130_fd_sc_hd__or2b_4)
     3    0.01    0.05    0.31    7.78 v scaleAdd._445_/X (sky130_fd_sc_hd__or2b_4)
                                         scaleAdd._026_ (net)
                  0.05    0.00    7.78 v scaleAdd._448_/B1 (sky130_fd_sc_hd__a22o_1)
     2    0.00    0.05    0.19    7.97 v scaleAdd._448_/X (sky130_fd_sc_hd__a22o_1)
                                         scaleAdd._029_ (net)
                  0.05    0.00    7.97 v scaleAdd._452_/A2 (sky130_fd_sc_hd__a21o_1)
     2    0.00    0.04    0.19    8.16 v scaleAdd._452_/X (sky130_fd_sc_hd__a21o_1)
                                         scaleAdd._033_ (net)
                  0.04    0.00    8.16 v scaleAdd._454_/B2 (sky130_fd_sc_hd__a22o_1)
     3    0.01    0.06    0.22    8.38 v scaleAdd._454_/X (sky130_fd_sc_hd__a22o_1)
                                         scaleAdd._035_ (net)
                  0.06    0.00    8.38 v scaleAdd._456_/B (sky130_fd_sc_hd__and3_1)
     2    0.00    0.05    0.18    8.56 v scaleAdd._456_/X (sky130_fd_sc_hd__and3_1)
                                         scaleAdd._037_ (net)
                  0.05    0.00    8.56 v scaleAdd._458_/B (sky130_fd_sc_hd__or3_4)
     3    0.01    0.07    0.38    8.95 v scaleAdd._458_/X (sky130_fd_sc_hd__or3_4)
                                         scaleAdd._039_ (net)
                  0.07    0.00    8.95 v scaleAdd._492_/A1 (sky130_fd_sc_hd__a21o_1)
     3    0.01    0.07    0.21    9.15 v scaleAdd._492_/X (sky130_fd_sc_hd__a21o_1)
                                         scaleAdd._072_ (net)
                  0.07    0.00    9.15 v scaleAdd._539_/A1 (sky130_fd_sc_hd__a21oi_4)
     4    0.01    0.13    0.16    9.31 ^ scaleAdd._539_/Y (sky130_fd_sc_hd__a21oi_4)
                                         scaleAdd._118_ (net)
                  0.13    0.00    9.31 ^ scaleAdd._603_/A3 (sky130_fd_sc_hd__o311ai_2)
     3    0.01    0.10    0.11    9.42 v scaleAdd._603_/Y (sky130_fd_sc_hd__o311ai_2)
                                         scaleAdd._180_ (net)
                  0.10    0.00    9.42 v scaleAdd._652_/A1 (sky130_fd_sc_hd__a311o_1)
     3    0.01    0.07    0.31    9.72 v scaleAdd._652_/X (sky130_fd_sc_hd__a311o_1)
                                         scaleAdd._227_ (net)
                  0.07    0.00    9.72 v scaleAdd._688_/A1 (sky130_fd_sc_hd__a311o_1)
     3    0.01    0.10    0.33   10.06 v scaleAdd._688_/X (sky130_fd_sc_hd__a311o_1)
                                         scaleAdd._261_ (net)
                  0.10    0.00   10.06 v scaleAdd._708_/A1 (sky130_fd_sc_hd__a31oi_4)
     2    0.01    0.14    0.16   10.22 ^ scaleAdd._708_/Y (sky130_fd_sc_hd__a31oi_4)
                                         scaleAdd._279_ (net)
                  0.14    0.00   10.22 ^ rebuffer17/A (sky130_fd_sc_hd__buf_6)
     1    0.00    0.03    0.12   10.34 ^ rebuffer17/X (sky130_fd_sc_hd__buf_6)
                                         net74 (net)
                  0.03    0.00   10.34 ^ rebuffer10/A (sky130_fd_sc_hd__buf_6)
     1    0.02    0.05    0.10   10.44 ^ rebuffer10/X (sky130_fd_sc_hd__buf_6)
                                         net67 (net)
                  0.05    0.00   10.44 ^ scaleAdd._709_/A (sky130_fd_sc_hd__xnor2_4)
     4    0.01    0.06    0.08   10.52 v scaleAdd._709_/Y (sky130_fd_sc_hd__xnor2_4)
                                         accumulator.io_inMant[16] (net)
                  0.06    0.00   10.52 v accumulator._1204_/B (sky130_fd_sc_hd__or4_4)
     4    0.01    0.09    0.55   11.07 v accumulator._1204_/X (sky130_fd_sc_hd__or4_4)
                                         accumulator._0065_ (net)
                  0.09    0.00   11.07 v accumulator._1206_/B (sky130_fd_sc_hd__or2_4)
     3    0.01    0.05    0.26   11.32 v accumulator._1206_/X (sky130_fd_sc_hd__or2_4)
                                         accumulator._0085_ (net)
                  0.05    0.00   11.32 v accumulator._1207_/B (sky130_fd_sc_hd__or2_4)
     4    0.01    0.05    0.24   11.57 v accumulator._1207_/X (sky130_fd_sc_hd__or2_4)
                                         accumulator._0095_ (net)
                  0.05    0.00   11.57 v accumulator._1240_/B (sky130_fd_sc_hd__and2_1)
     2    0.00    0.04    0.17   11.73 v accumulator._1240_/X (sky130_fd_sc_hd__and2_1)
                                         accumulator._0339_ (net)
                  0.04    0.00   11.73 v accumulator._1241_/C1 (sky130_fd_sc_hd__a311o_1)
     3    0.01    0.07    0.30   12.03 v accumulator._1241_/X (sky130_fd_sc_hd__a311o_1)
                                         accumulator._0340_ (net)
                  0.07    0.00   12.03 v accumulator._1255_/A1 (sky130_fd_sc_hd__a21o_1)
     2    0.00    0.04    0.18   12.21 v accumulator._1255_/X (sky130_fd_sc_hd__a21o_1)
                                         accumulator._0354_ (net)
                  0.04    0.00   12.21 v accumulator._1257_/A2 (sky130_fd_sc_hd__a211o_1)
     3    0.01    0.06    0.31   12.53 v accumulator._1257_/X (sky130_fd_sc_hd__a211o_1)
                                         accumulator._0356_ (net)
                  0.06    0.00   12.53 v accumulator._1263_/B (sky130_fd_sc_hd__and2_4)
     5    0.01    0.04    0.18   12.70 v accumulator._1263_/X (sky130_fd_sc_hd__and2_4)
                                         accumulator._0362_ (net)
                  0.04    0.00   12.70 v accumulator._1274_/C (sky130_fd_sc_hd__or4_4)
     4    0.01    0.10    0.52   13.22 v accumulator._1274_/X (sky130_fd_sc_hd__or4_4)
                                         accumulator._0373_ (net)
                  0.10    0.00   13.22 v accumulator._1276_/A1 (sky130_fd_sc_hd__a21o_1)
     2    0.01    0.05    0.19   13.41 v accumulator._1276_/X (sky130_fd_sc_hd__a21o_1)
                                         accumulator._0375_ (net)
                  0.05    0.00   13.41 v accumulator._1278_/A1 (sky130_fd_sc_hd__a21o_4)
     2    0.02    0.05    0.23   13.64 v accumulator._1278_/X (sky130_fd_sc_hd__a21o_4)
                                         accumulator._0377_ (net)
                  0.05    0.00   13.64 v accumulator._1284_/A2 (sky130_fd_sc_hd__a21o_1)
     2    0.01    0.05    0.20   13.84 v accumulator._1284_/X (sky130_fd_sc_hd__a21o_1)
                                         accumulator._0383_ (net)
                  0.05    0.00   13.84 v accumulator._1285_/A2 (sky130_fd_sc_hd__a21o_4)
     2    0.02    0.05    0.25   14.09 v accumulator._1285_/X (sky130_fd_sc_hd__a21o_4)
                                         accumulator._0384_ (net)
                  0.05    0.00   14.09 v accumulator._1290_/A2 (sky130_fd_sc_hd__a21o_1)
     2    0.02    0.09    0.25   14.34 v accumulator._1290_/X (sky130_fd_sc_hd__a21o_1)
                                         accumulator._0389_ (net)
                  0.09    0.00   14.34 v accumulator._1293_/A2 (sky130_fd_sc_hd__a21boi_4)
     3    0.02    0.19    0.24   14.58 ^ accumulator._1293_/Y (sky130_fd_sc_hd__a21boi_4)
                                         accumulator._0392_ (net)
                  0.19    0.00   14.58 ^ accumulator._1302_/A (sky130_fd_sc_hd__xor2_2)
     4    0.01    0.18    0.21   14.79 ^ accumulator._1302_/X (sky130_fd_sc_hd__xor2_2)
                                         accumulator._0401_ (net)
                  0.18    0.00   14.79 ^ accumulator._1303_/A (sky130_fd_sc_hd__buf_6)
     6    0.02    0.05    0.15   14.94 ^ accumulator._1303_/X (sky130_fd_sc_hd__buf_6)
                                         accumulator._0402_ (net)
                  0.05    0.00   14.94 ^ accumulator._1335_/S (sky130_fd_sc_hd__mux2_4)
     5    0.01    0.06    0.33   15.27 v accumulator._1335_/X (sky130_fd_sc_hd__mux2_4)
                                         accumulator._0432_ (net)
                  0.06    0.00   15.27 v accumulator._1336_/A (sky130_fd_sc_hd__buf_2)
    10    0.02    0.07    0.18   15.45 v accumulator._1336_/X (sky130_fd_sc_hd__buf_2)
                                         accumulator._0433_ (net)
                  0.07    0.00   15.45 v accumulator._1373_/A1 (sky130_fd_sc_hd__a21o_1)
     2    0.00    0.04    0.17   15.62 v accumulator._1373_/X (sky130_fd_sc_hd__a21o_1)
                                         accumulator._0470_ (net)
                  0.04    0.00   15.62 v accumulator._1380_/A2 (sky130_fd_sc_hd__a21o_1)
     2    0.00    0.04    0.18   15.80 v accumulator._1380_/X (sky130_fd_sc_hd__a21o_1)
                                         accumulator._0477_ (net)
                  0.04    0.00   15.80 v accumulator._1403_/A (sky130_fd_sc_hd__and2_1)
     2    0.00    0.04    0.14   15.95 v accumulator._1403_/X (sky130_fd_sc_hd__and2_1)
                                         accumulator._0500_ (net)
                  0.04    0.00   15.95 v accumulator._1427_/A2 (sky130_fd_sc_hd__a211o_1)
     1    0.00    0.05    0.29   16.24 v accumulator._1427_/X (sky130_fd_sc_hd__a211o_1)
                                         accumulator._0524_ (net)
                  0.05    0.00   16.24 v accumulator._1505_/A2 (sky130_fd_sc_hd__a32o_2)
     4    0.01    0.07    0.31   16.55 v accumulator._1505_/X (sky130_fd_sc_hd__a32o_2)
                                         accumulator._0602_ (net)
                  0.07    0.00   16.55 v accumulator._1507_/A (sky130_fd_sc_hd__xnor2_2)
     3    0.01    0.23    0.25   16.80 ^ accumulator._1507_/Y (sky130_fd_sc_hd__xnor2_2)
                                         accumulator._0604_ (net)
                  0.23    0.00   16.80 ^ accumulator._1837_/A1 (sky130_fd_sc_hd__a311o_1)
     2    0.00    0.07    0.22   17.01 ^ accumulator._1837_/X (sky130_fd_sc_hd__a311o_1)
                                         accumulator._0934_ (net)
                  0.07    0.00   17.01 ^ accumulator._1839_/A3 (sky130_fd_sc_hd__a311o_1)
     3    0.01    0.10    0.21   17.22 ^ accumulator._1839_/X (sky130_fd_sc_hd__a311o_1)
                                         accumulator._0936_ (net)
                  0.10    0.00   17.22 ^ accumulator._1842_/A1 (sky130_fd_sc_hd__a311o_1)
     2    0.01    0.10    0.20   17.42 ^ accumulator._1842_/X (sky130_fd_sc_hd__a311o_1)
                                         accumulator._0939_ (net)
                  0.10    0.00   17.42 ^ accumulator._1844_/A1 (sky130_fd_sc_hd__a31oi_2)
     3    0.01    0.08    0.10   17.53 v accumulator._1844_/Y (sky130_fd_sc_hd__a31oi_2)
                                         accumulator._0941_ (net)
                  0.08    0.00   17.53 v accumulator._1846_/A1 (sky130_fd_sc_hd__a211o_1)
     3    0.01    0.06    0.30   17.82 v accumulator._1846_/X (sky130_fd_sc_hd__a211o_1)
                                         accumulator._0943_ (net)
                  0.06    0.00   17.82 v accumulator._1847_/A1 (sky130_fd_sc_hd__a311o_1)
     3    0.01    0.08    0.32   18.14 v accumulator._1847_/X (sky130_fd_sc_hd__a311o_1)
                                         accumulator._0944_ (net)
                  0.08    0.00   18.14 v accumulator._1855_/A3 (sky130_fd_sc_hd__o311a_4)
     4    0.01    0.07    0.36   18.50 v accumulator._1855_/X (sky130_fd_sc_hd__o311a_4)
                                         accumulator._0952_ (net)
                  0.07    0.00   18.50 v accumulator._1866_/A3 (sky130_fd_sc_hd__o31ai_4)
     3    0.01    0.19    0.20   18.69 ^ accumulator._1866_/Y (sky130_fd_sc_hd__o31ai_4)
                                         accumulator._0963_ (net)
                  0.19    0.00   18.69 ^ accumulator._1867_/B (sky130_fd_sc_hd__nand3b_1)
     1    0.00    0.06    0.10   18.79 v accumulator._1867_/Y (sky130_fd_sc_hd__nand3b_1)
                                         accumulator._0964_ (net)
                  0.06    0.00   18.79 v accumulator._1868_/C1 (sky130_fd_sc_hd__o211a_1)
     3    0.01    0.07    0.15   18.93 v accumulator._1868_/X (sky130_fd_sc_hd__o211a_1)
                                         accumulator._0965_ (net)
                  0.07    0.00   18.93 v accumulator._1871_/A3 (sky130_fd_sc_hd__o41a_4)
     7    0.02    0.09    0.48   19.42 v accumulator._1871_/X (sky130_fd_sc_hd__o41a_4)
                                         accumulator._0968_ (net)
                  0.09    0.00   19.42 v accumulator._1872_/A (sky130_fd_sc_hd__and2_4)
     5    0.01    0.04    0.17   19.59 v accumulator._1872_/X (sky130_fd_sc_hd__and2_4)
                                         accumulator._0969_ (net)
                  0.04    0.00   19.59 v accumulator._2056_/A2 (sky130_fd_sc_hd__a22o_1)
     4    0.01    0.06    0.26   19.85 v accumulator._2056_/X (sky130_fd_sc_hd__a22o_1)
                                         accumulator._1153_ (net)
                  0.06    0.00   19.85 v accumulator._2070_/A1 (sky130_fd_sc_hd__o21ba_1)
     1    0.00    0.03    0.19   20.04 v accumulator._2070_/X (sky130_fd_sc_hd__o21ba_1)
                                         accumulator._1167_ (net)
                  0.03    0.00   20.04 v accumulator._2071_/A2 (sky130_fd_sc_hd__o21ba_1)
     1    0.00    0.03    0.16   20.20 v accumulator._2071_/X (sky130_fd_sc_hd__o21ba_1)
                                         accumulator._1168_ (net)
                  0.03    0.00   20.20 v accumulator._2072_/A2 (sky130_fd_sc_hd__o21ai_1)
     1    0.00    0.09    0.11   20.31 ^ accumulator._2072_/Y (sky130_fd_sc_hd__o21ai_1)
                                         accumulator._1169_ (net)
                  0.09    0.00   20.31 ^ accumulator._2073_/A1 (sky130_fd_sc_hd__a21oi_1)
     1    0.00    0.06    0.07   20.38 v accumulator._2073_/Y (sky130_fd_sc_hd__a21oi_1)
                                         accumulator._1170_ (net)
                  0.06    0.00   20.38 v accumulator._2074_/A2 (sky130_fd_sc_hd__o21ai_1)
     1    0.00    0.09    0.12   20.50 ^ accumulator._2074_/Y (sky130_fd_sc_hd__o21ai_1)
                                         accumulator._1171_ (net)
                  0.09    0.00   20.50 ^ accumulator._2075_/A2 (sky130_fd_sc_hd__a21o_1)
     1    0.00    0.04    0.12   20.62 ^ accumulator._2075_/X (sky130_fd_sc_hd__a21o_1)
                                         accumulator._1172_ (net)
                  0.04    0.00   20.62 ^ accumulator._2076_/A2 (sky130_fd_sc_hd__a21oi_1)
     1    0.00    0.06    0.06   20.67 v accumulator._2076_/Y (sky130_fd_sc_hd__a21oi_1)
                                         accumulator._1173_ (net)
                  0.06    0.00   20.67 v accumulator._2077_/A2 (sky130_fd_sc_hd__o21ai_1)
     1    0.00    0.09    0.12   20.79 ^ accumulator._2077_/Y (sky130_fd_sc_hd__o21ai_1)
                                         accumulator._1174_ (net)
                  0.09    0.00   20.79 ^ accumulator._2078_/A2 (sky130_fd_sc_hd__a21oi_1)
     1    0.00    0.06    0.07   20.86 v accumulator._2078_/Y (sky130_fd_sc_hd__a21oi_1)
                                         accumulator._1175_ (net)
                  0.06    0.00   20.86 v accumulator._2079_/A2 (sky130_fd_sc_hd__o21bai_1)
     1    0.00    0.10    0.12   20.99 ^ accumulator._2079_/Y (sky130_fd_sc_hd__o21bai_1)
                                         accumulator._1176_ (net)
                  0.10    0.00   20.99 ^ accumulator._2082_/A1 (sky130_fd_sc_hd__a21o_2)
     7    0.02    0.12    0.21   21.19 ^ accumulator._2082_/X (sky130_fd_sc_hd__a21o_2)
                                         accumulator._1180_ (net)
                  0.12    0.00   21.19 ^ clone13/A (sky130_fd_sc_hd__nand2_2)
     4    0.01    0.06    0.09   21.28 v clone13/Y (sky130_fd_sc_hd__nand2_2)
                                         net70 (net)
                  0.06    0.00   21.28 v accumulator._2117_/A (sky130_fd_sc_hd__buf_2)
    10    0.02    0.07    0.18   21.45 v accumulator._2117_/X (sky130_fd_sc_hd__buf_2)
                                         accumulator._0051_ (net)
                  0.07    0.00   21.45 v accumulator._2136_/A2 (sky130_fd_sc_hd__a21o_1)
     2    0.00    0.04    0.19   21.65 v accumulator._2136_/X (sky130_fd_sc_hd__a21o_1)
                                         accumulator._0070_ (net)
                  0.04    0.00   21.65 v accumulator._2137_/A1 (sky130_fd_sc_hd__mux2_1)
     2    0.00    0.07    0.31   21.96 v accumulator._2137_/X (sky130_fd_sc_hd__mux2_1)
                                         accumulator._0071_ (net)
                  0.07    0.00   21.96 v accumulator._2141_/A2 (sky130_fd_sc_hd__a21o_1)
     2    0.00    0.04    0.19   22.15 v accumulator._2141_/X (sky130_fd_sc_hd__a21o_1)
                                         accumulator._0076_ (net)
                  0.04    0.00   22.15 v accumulator._2142_/A3 (sky130_fd_sc_hd__a32o_1)
     1    0.00    0.04    0.25   22.40 v accumulator._2142_/X (sky130_fd_sc_hd__a32o_1)
                                         accumulator._0077_ (net)
                  0.04    0.00   22.40 v accumulator._2143_/B (sky130_fd_sc_hd__and2_1)
     1    0.00    0.03    0.15   22.55 v accumulator._2143_/X (sky130_fd_sc_hd__and2_1)
                                         accumulator._0078_ (net)
                  0.03    0.00   22.55 v accumulator._2144_/A (sky130_fd_sc_hd__clkbuf_1)
     1    0.00    0.02    0.08   22.63 v accumulator._2144_/X (sky130_fd_sc_hd__clkbuf_1)
                                         accumulator._0005_ (net)
                  0.02    0.00   22.63 v accumulator._2404_/D (sky130_fd_sc_hd__dfxtp_1)
                                 22.63   data arrival time

                         25.00   25.00   clock clock (rise edge)
                          0.00   25.00   clock source latency
     1    0.01    0.04    0.03   25.03 ^ clock (in)
                                         clock (net)
                  0.04    0.00   25.03 ^ clkbuf_0_clock/A (sky130_fd_sc_hd__clkbuf_16)
     4    0.03    0.05    0.13   25.15 ^ clkbuf_0_clock/X (sky130_fd_sc_hd__clkbuf_16)
                                         clknet_0_clock (net)
                  0.05    0.00   25.15 ^ clkbuf_2_3__f_clock/A (sky130_fd_sc_hd__clkbuf_16)
     9    0.02    0.04    0.12   25.28 ^ clkbuf_2_3__f_clock/X (sky130_fd_sc_hd__clkbuf_16)
                                         clknet_2_3__leaf_clock (net)
                  0.04    0.00   25.28 ^ accumulator._2404_/CLK (sky130_fd_sc_hd__dfxtp_1)
                         -0.25   25.03   clock uncertainty
                          0.00   25.03   clock reconvergence pessimism
                         -0.10   24.92   library setup time
                                 24.92   data required time
-----------------------------------------------------------------------------
                                 24.92   data required time
                                -22.63   data arrival time
-----------------------------------------------------------------------------
                                  2.29   slack (MET)


Startpoint: io_inScaleA[7] (input port clocked by clock)
Endpoint: accumulator._2410_ (rising edge-triggered flip-flop clocked by clock)
Path Group: clock
Path Type: max

Fanout     Cap    Slew   Delay    Time   Description
-----------------------------------------------------------------------------
                          0.00    0.00   clock clock (rise edge)
                          0.00    0.00   clock network delay (propagated)
                          5.00    5.00 v input external delay
     1    0.00    0.01    0.00    5.00 v io_inScaleA[7] (in)
                                         io_inScaleA[7] (net)
                  0.01    0.00    5.00 v input16/A (sky130_fd_sc_hd__buf_2)
     5    0.01    0.04    0.13    5.13 v input16/X (sky130_fd_sc_hd__buf_2)
                                         net16 (net)
                  0.04    0.00    5.13 v scaleAdd._421_/A1 (sky130_fd_sc_hd__o21a_4)
     4    0.02    0.05    0.24    5.37 v scaleAdd._421_/X (sky130_fd_sc_hd__o21a_4)
                                         scaleAdd._002_ (net)
                  0.05    0.00    5.37 v scaleAdd._428_/A (sky130_fd_sc_hd__xor2_1)
     2    0.01    0.07    0.18    5.55 v scaleAdd._428_/X (sky130_fd_sc_hd__xor2_1)
                                         scaleAdd._009_ (net)
                  0.07    0.00    5.55 v scaleAdd._429_/A (sky130_fd_sc_hd__xnor2_1)
     2    0.01    0.20    0.23    5.78 ^ scaleAdd._429_/Y (sky130_fd_sc_hd__xnor2_1)
                                         scaleAdd._010_ (net)
                  0.20    0.00    5.78 ^ scaleAdd._431_/B (sky130_fd_sc_hd__xnor2_1)
     2    0.01    0.25    0.20    5.99 ^ scaleAdd._431_/Y (sky130_fd_sc_hd__xnor2_1)
                                         scaleAdd._012_ (net)
                  0.25    0.00    5.99 ^ scaleAdd._432_/B (sky130_fd_sc_hd__xnor2_1)
     2    0.01    0.20    0.19    6.18 ^ scaleAdd._432_/Y (sky130_fd_sc_hd__xnor2_1)
                                         scaleAdd._013_ (net)
                  0.20    0.00    6.18 ^ scaleAdd._435_/A (sky130_fd_sc_hd__xor2_1)
     2    0.01    0.26    0.28    6.46 ^ scaleAdd._435_/X (sky130_fd_sc_hd__xor2_1)
                                         scaleAdd._016_ (net)
                  0.26    0.00    6.46 ^ scaleAdd._436_/A (sky130_fd_sc_hd__xnor2_2)
     2    0.01    0.19    0.18    6.64 ^ scaleAdd._436_/Y (sky130_fd_sc_hd__xnor2_2)
                                         scaleAdd._017_ (net)
                  0.19    0.00    6.64 ^ scaleAdd._438_/B (sky130_fd_sc_hd__xnor2_2)
     2    0.01    0.20    0.17    6.81 ^ scaleAdd._438_/Y (sky130_fd_sc_hd__xnor2_2)
                                         scaleAdd._019_ (net)
                  0.20    0.00    6.81 ^ scaleAdd._439_/A (sky130_fd_sc_hd__xor2_2)
     5    0.02    0.29    0.29    7.10 ^ scaleAdd._439_/X (sky130_fd_sc_hd__xor2_2)
                                         scaleAdd._020_ (net)
                  0.29    0.00    7.10 ^ scaleAdd._443_/B (sky130_fd_sc_hd__xnor2_2)
     1    0.01    0.07    0.12    7.22 v scaleAdd._443_/Y (sky130_fd_sc_hd__xnor2_2)
                                         scaleAdd._024_ (net)
                  0.07    0.00    7.22 v scaleAdd._444_/A (sky130_fd_sc_hd__xnor2_2)
     6    0.01    0.22    0.24    7.46 ^ scaleAdd._444_/Y (sky130_fd_sc_hd__xnor2_2)
                                         scaleAdd._025_ (net)
                  0.22    0.00    7.46 ^ scaleAdd._445_/B_N (sky130_fd_sc_hd__or2b_4)
     3    0.01    0.05    0.31    7.78 v scaleAdd._445_/X (sky130_fd_sc_hd__or2b_4)
                                         scaleAdd._026_ (net)
                  0.05    0.00    7.78 v scaleAdd._448_/B1 (sky130_fd_sc_hd__a22o_1)
     2    0.00    0.05    0.19    7.97 v scaleAdd._448_/X (sky130_fd_sc_hd__a22o_1)
                                         scaleAdd._029_ (net)
                  0.05    0.00    7.97 v scaleAdd._452_/A2 (sky130_fd_sc_hd__a21o_1)
     2    0.00    0.04    0.19    8.16 v scaleAdd._452_/X (sky130_fd_sc_hd__a21o_1)
                                         scaleAdd._033_ (net)
                  0.04    0.00    8.16 v scaleAdd._454_/B2 (sky130_fd_sc_hd__a22o_1)
     3    0.01    0.06    0.22    8.38 v scaleAdd._454_/X (sky130_fd_sc_hd__a22o_1)
                                         scaleAdd._035_ (net)
                  0.06    0.00    8.38 v scaleAdd._456_/B (sky130_fd_sc_hd__and3_1)
     2    0.00    0.05    0.18    8.56 v scaleAdd._456_/X (sky130_fd_sc_hd__and3_1)
                                         scaleAdd._037_ (net)
                  0.05    0.00    8.56 v scaleAdd._458_/B (sky130_fd_sc_hd__or3_4)
     3    0.01    0.07    0.38    8.95 v scaleAdd._458_/X (sky130_fd_sc_hd__or3_4)
                                         scaleAdd._039_ (net)
                  0.07    0.00    8.95 v scaleAdd._492_/A1 (sky130_fd_sc_hd__a21o_1)
     3    0.01    0.07    0.21    9.15 v scaleAdd._492_/X (sky130_fd_sc_hd__a21o_1)
                                         scaleAdd._072_ (net)
                  0.07    0.00    9.15 v scaleAdd._539_/A1 (sky130_fd_sc_hd__a21oi_4)
     4    0.01    0.13    0.16    9.31 ^ scaleAdd._539_/Y (sky130_fd_sc_hd__a21oi_4)
                                         scaleAdd._118_ (net)
                  0.13    0.00    9.31 ^ scaleAdd._603_/A3 (sky130_fd_sc_hd__o311ai_2)
     3    0.01    0.10    0.11    9.42 v scaleAdd._603_/Y (sky130_fd_sc_hd__o311ai_2)
                                         scaleAdd._180_ (net)
                  0.10    0.00    9.42 v scaleAdd._652_/A1 (sky130_fd_sc_hd__a311o_1)
     3    0.01    0.07    0.31    9.72 v scaleAdd._652_/X (sky130_fd_sc_hd__a311o_1)
                                         scaleAdd._227_ (net)
                  0.07    0.00    9.72 v scaleAdd._688_/A1 (sky130_fd_sc_hd__a311o_1)
     3    0.01    0.10    0.33   10.06 v scaleAdd._688_/X (sky130_fd_sc_hd__a311o_1)
                                         scaleAdd._261_ (net)
                  0.10    0.00   10.06 v scaleAdd._708_/A1 (sky130_fd_sc_hd__a31oi_4)
     2    0.01    0.14    0.16   10.22 ^ scaleAdd._708_/Y (sky130_fd_sc_hd__a31oi_4)
                                         scaleAdd._279_ (net)
                  0.14    0.00   10.22 ^ rebuffer17/A (sky130_fd_sc_hd__buf_6)
     1    0.00    0.03    0.12   10.34 ^ rebuffer17/X (sky130_fd_sc_hd__buf_6)
                                         net74 (net)
                  0.03    0.00   10.34 ^ rebuffer10/A (sky130_fd_sc_hd__buf_6)
     1    0.02    0.05    0.10   10.44 ^ rebuffer10/X (sky130_fd_sc_hd__buf_6)
                                         net67 (net)
                  0.05    0.00   10.44 ^ scaleAdd._709_/A (sky130_fd_sc_hd__xnor2_4)
     4    0.01    0.06    0.08   10.52 v scaleAdd._709_/Y (sky130_fd_sc_hd__xnor2_4)
                                         accumulator.io_inMant[16] (net)
                  0.06    0.00   10.52 v accumulator._1204_/B (sky130_fd_sc_hd__or4_4)
     4    0.01    0.09    0.55   11.07 v accumulator._1204_/X (sky130_fd_sc_hd__or4_4)
                                         accumulator._0065_ (net)
                  0.09    0.00   11.07 v accumulator._1206_/B (sky130_fd_sc_hd__or2_4)
     3    0.01    0.05    0.26   11.32 v accumulator._1206_/X (sky130_fd_sc_hd__or2_4)
                                         accumulator._0085_ (net)
                  0.05    0.00   11.32 v accumulator._1207_/B (sky130_fd_sc_hd__or2_4)
     4    0.01    0.05    0.24   11.57 v accumulator._1207_/X (sky130_fd_sc_hd__or2_4)
                                         accumulator._0095_ (net)
                  0.05    0.00   11.57 v accumulator._1240_/B (sky130_fd_sc_hd__and2_1)
     2    0.00    0.04    0.17   11.73 v accumulator._1240_/X (sky130_fd_sc_hd__and2_1)
                                         accumulator._0339_ (net)
                  0.04    0.00   11.73 v accumulator._1241_/C1 (sky130_fd_sc_hd__a311o_1)
     3    0.01    0.07    0.30   12.03 v accumulator._1241_/X (sky130_fd_sc_hd__a311o_1)
                                         accumulator._0340_ (net)
                  0.07    0.00   12.03 v accumulator._1255_/A1 (sky130_fd_sc_hd__a21o_1)
     2    0.00    0.04    0.18   12.21 v accumulator._1255_/X (sky130_fd_sc_hd__a21o_1)
                                         accumulator._0354_ (net)
                  0.04    0.00   12.21 v accumulator._1257_/A2 (sky130_fd_sc_hd__a211o_1)
     3    0.01    0.06    0.31   12.53 v accumulator._1257_/X (sky130_fd_sc_hd__a211o_1)
                                         accumulator._0356_ (net)
                  0.06    0.00   12.53 v accumulator._1263_/B (sky130_fd_sc_hd__and2_4)
     5    0.01    0.04    0.18   12.70 v accumulator._1263_/X (sky130_fd_sc_hd__and2_4)
                                         accumulator._0362_ (net)
                  0.04    0.00   12.70 v accumulator._1274_/C (sky130_fd_sc_hd__or4_4)
     4    0.01    0.10    0.52   13.22 v accumulator._1274_/X (sky130_fd_sc_hd__or4_4)
                                         accumulator._0373_ (net)
                  0.10    0.00   13.22 v accumulator._1276_/A1 (sky130_fd_sc_hd__a21o_1)
     2    0.01    0.05    0.19   13.41 v accumulator._1276_/X (sky130_fd_sc_hd__a21o_1)
                                         accumulator._0375_ (net)
                  0.05    0.00   13.41 v accumulator._1278_/A1 (sky130_fd_sc_hd__a21o_4)
     2    0.02    0.05    0.23   13.64 v accumulator._1278_/X (sky130_fd_sc_hd__a21o_4)
                                         accumulator._0377_ (net)
                  0.05    0.00   13.64 v accumulator._1284_/A2 (sky130_fd_sc_hd__a21o_1)
     2    0.01    0.05    0.20   13.84 v accumulator._1284_/X (sky130_fd_sc_hd__a21o_1)
                                         accumulator._0383_ (net)
                  0.05    0.00   13.84 v accumulator._1285_/A2 (sky130_fd_sc_hd__a21o_4)
     2    0.02    0.05    0.25   14.09 v accumulator._1285_/X (sky130_fd_sc_hd__a21o_4)
                                         accumulator._0384_ (net)
                  0.05    0.00   14.09 v accumulator._1290_/A2 (sky130_fd_sc_hd__a21o_1)
     2    0.02    0.09    0.25   14.34 v accumulator._1290_/X (sky130_fd_sc_hd__a21o_1)
                                         accumulator._0389_ (net)
                  0.09    0.00   14.34 v accumulator._1293_/A2 (sky130_fd_sc_hd__a21boi_4)
     3    0.02    0.19    0.24   14.58 ^ accumulator._1293_/Y (sky130_fd_sc_hd__a21boi_4)
                                         accumulator._0392_ (net)
                  0.19    0.00   14.58 ^ accumulator._1302_/A (sky130_fd_sc_hd__xor2_2)
     4    0.01    0.18    0.21   14.79 ^ accumulator._1302_/X (sky130_fd_sc_hd__xor2_2)
                                         accumulator._0401_ (net)
                  0.18    0.00   14.79 ^ accumulator._1303_/A (sky130_fd_sc_hd__buf_6)
     6    0.02    0.05    0.15   14.94 ^ accumulator._1303_/X (sky130_fd_sc_hd__buf_6)
                                         accumulator._0402_ (net)
                  0.05    0.00   14.94 ^ accumulator._1335_/S (sky130_fd_sc_hd__mux2_4)
     5    0.01    0.06    0.33   15.27 v accumulator._1335_/X (sky130_fd_sc_hd__mux2_4)
                                         accumulator._0432_ (net)
                  0.06    0.00   15.27 v accumulator._1336_/A (sky130_fd_sc_hd__buf_2)
    10    0.02    0.07    0.18   15.45 v accumulator._1336_/X (sky130_fd_sc_hd__buf_2)
                                         accumulator._0433_ (net)
                  0.07    0.00   15.45 v accumulator._1373_/A1 (sky130_fd_sc_hd__a21o_1)
     2    0.00    0.04    0.17   15.62 v accumulator._1373_/X (sky130_fd_sc_hd__a21o_1)
                                         accumulator._0470_ (net)
                  0.04    0.00   15.62 v accumulator._1380_/A2 (sky130_fd_sc_hd__a21o_1)
     2    0.00    0.04    0.18   15.80 v accumulator._1380_/X (sky130_fd_sc_hd__a21o_1)
                                         accumulator._0477_ (net)
                  0.04    0.00   15.80 v accumulator._1403_/A (sky130_fd_sc_hd__and2_1)
     2    0.00    0.04    0.14   15.95 v accumulator._1403_/X (sky130_fd_sc_hd__and2_1)
                                         accumulator._0500_ (net)
                  0.04    0.00   15.95 v accumulator._1427_/A2 (sky130_fd_sc_hd__a211o_1)
     1    0.00    0.05    0.29   16.24 v accumulator._1427_/X (sky130_fd_sc_hd__a211o_1)
                                         accumulator._0524_ (net)
                  0.05    0.00   16.24 v accumulator._1505_/A2 (sky130_fd_sc_hd__a32o_2)
     4    0.01    0.07    0.31   16.55 v accumulator._1505_/X (sky130_fd_sc_hd__a32o_2)
                                         accumulator._0602_ (net)
                  0.07    0.00   16.55 v accumulator._1507_/A (sky130_fd_sc_hd__xnor2_2)
     3    0.01    0.23    0.25   16.80 ^ accumulator._1507_/Y (sky130_fd_sc_hd__xnor2_2)
                                         accumulator._0604_ (net)
                  0.23    0.00   16.80 ^ accumulator._1837_/A1 (sky130_fd_sc_hd__a311o_1)
     2    0.00    0.07    0.22   17.01 ^ accumulator._1837_/X (sky130_fd_sc_hd__a311o_1)
                                         accumulator._0934_ (net)
                  0.07    0.00   17.01 ^ accumulator._1839_/A3 (sky130_fd_sc_hd__a311o_1)
     3    0.01    0.10    0.21   17.22 ^ accumulator._1839_/X (sky130_fd_sc_hd__a311o_1)
                                         accumulator._0936_ (net)
                  0.10    0.00   17.22 ^ accumulator._1842_/A1 (sky130_fd_sc_hd__a311o_1)
     2    0.01    0.10    0.20   17.42 ^ accumulator._1842_/X (sky130_fd_sc_hd__a311o_1)
                                         accumulator._0939_ (net)
                  0.10    0.00   17.42 ^ accumulator._1844_/A1 (sky130_fd_sc_hd__a31oi_2)
     3    0.01    0.08    0.10   17.53 v accumulator._1844_/Y (sky130_fd_sc_hd__a31oi_2)
                                         accumulator._0941_ (net)
                  0.08    0.00   17.53 v accumulator._1846_/A1 (sky130_fd_sc_hd__a211o_1)
     3    0.01    0.06    0.30   17.82 v accumulator._1846_/X (sky130_fd_sc_hd__a211o_1)
                                         accumulator._0943_ (net)
                  0.06    0.00   17.82 v accumulator._1847_/A1 (sky130_fd_sc_hd__a311o_1)
     3    0.01    0.08    0.32   18.14 v accumulator._1847_/X (sky130_fd_sc_hd__a311o_1)
                                         accumulator._0944_ (net)
                  0.08    0.00   18.14 v accumulator._1855_/A3 (sky130_fd_sc_hd__o311a_4)
     4    0.01    0.07    0.36   18.50 v accumulator._1855_/X (sky130_fd_sc_hd__o311a_4)
                                         accumulator._0952_ (net)
                  0.07    0.00   18.50 v accumulator._1866_/A3 (sky130_fd_sc_hd__o31ai_4)
     3    0.01    0.19    0.20   18.69 ^ accumulator._1866_/Y (sky130_fd_sc_hd__o31ai_4)
                                         accumulator._0963_ (net)
                  0.19    0.00   18.69 ^ accumulator._1867_/B (sky130_fd_sc_hd__nand3b_1)
     1    0.00    0.06    0.10   18.79 v accumulator._1867_/Y (sky130_fd_sc_hd__nand3b_1)
                                         accumulator._0964_ (net)
                  0.06    0.00   18.79 v accumulator._1868_/C1 (sky130_fd_sc_hd__o211a_1)
     3    0.01    0.07    0.15   18.93 v accumulator._1868_/X (sky130_fd_sc_hd__o211a_1)
                                         accumulator._0965_ (net)
                  0.07    0.00   18.93 v accumulator._1871_/A3 (sky130_fd_sc_hd__o41a_4)
     7    0.02    0.09    0.48   19.42 v accumulator._1871_/X (sky130_fd_sc_hd__o41a_4)
                                         accumulator._0968_ (net)
                  0.09    0.00   19.42 v accumulator._1872_/A (sky130_fd_sc_hd__and2_4)
     5    0.01    0.04    0.17   19.59 v accumulator._1872_/X (sky130_fd_sc_hd__and2_4)
                                         accumulator._0969_ (net)
                  0.04    0.00   19.59 v accumulator._1895_/A (sky130_fd_sc_hd__buf_6)
    10    0.03    0.04    0.14   19.73 v accumulator._1895_/X (sky130_fd_sc_hd__buf_6)
                                         accumulator._0992_ (net)
                  0.04    0.00   19.73 v accumulator._1912_/A (sky130_fd_sc_hd__nor2_4)
     1    0.01    0.09    0.12   19.85 ^ accumulator._1912_/Y (sky130_fd_sc_hd__nor2_4)
                                         accumulator._1009_ (net)
                  0.09    0.00   19.85 ^ accumulator._1913_/A (sky130_fd_sc_hd__xor2_2)
     5    0.01    0.21    0.21   20.06 ^ accumulator._1913_/X (sky130_fd_sc_hd__xor2_2)
                                         accumulator._1010_ (net)
                  0.21    0.00   20.06 ^ accumulator._2072_/B1 (sky130_fd_sc_hd__o21ai_1)
     1    0.00    0.06    0.10   20.16 v accumulator._2072_/Y (sky130_fd_sc_hd__o21ai_1)
                                         accumulator._1169_ (net)
                  0.06    0.00   20.16 v accumulator._2073_/A1 (sky130_fd_sc_hd__a21oi_1)
     1    0.00    0.10    0.13   20.28 ^ accumulator._2073_/Y (sky130_fd_sc_hd__a21oi_1)
                                         accumulator._1170_ (net)
                  0.10    0.00   20.28 ^ accumulator._2074_/A2 (sky130_fd_sc_hd__o21ai_1)
     1    0.00    0.06    0.07   20.35 v accumulator._2074_/Y (sky130_fd_sc_hd__o21ai_1)
                                         accumulator._1171_ (net)
                  0.06    0.00   20.35 v accumulator._2075_/A2 (sky130_fd_sc_hd__a21o_1)
     1    0.00    0.03    0.18   20.53 v accumulator._2075_/X (sky130_fd_sc_hd__a21o_1)
                                         accumulator._1172_ (net)
                  0.03    0.00   20.53 v accumulator._2076_/A2 (sky130_fd_sc_hd__a21oi_1)
     1    0.00    0.10    0.13   20.66 ^ accumulator._2076_/Y (sky130_fd_sc_hd__a21oi_1)
                                         accumulator._1173_ (net)
                  0.10    0.00   20.66 ^ accumulator._2077_/A2 (sky130_fd_sc_hd__o21ai_1)
     1    0.00    0.06    0.07   20.73 v accumulator._2077_/Y (sky130_fd_sc_hd__o21ai_1)
                                         accumulator._1174_ (net)
                  0.06    0.00   20.73 v accumulator._2078_/A2 (sky130_fd_sc_hd__a21oi_1)
     1    0.00    0.10    0.14   20.87 ^ accumulator._2078_/Y (sky130_fd_sc_hd__a21oi_1)
                                         accumulator._1175_ (net)
                  0.10    0.00   20.87 ^ accumulator._2079_/A2 (sky130_fd_sc_hd__o21bai_1)
     1    0.00    0.05    0.07   20.94 v accumulator._2079_/Y (sky130_fd_sc_hd__o21bai_1)
                                         accumulator._1176_ (net)
                  0.05    0.00   20.94 v accumulator._2082_/A1 (sky130_fd_sc_hd__a21o_2)
     7    0.02    0.08    0.25   21.19 v accumulator._2082_/X (sky130_fd_sc_hd__a21o_2)
                                         accumulator._1180_ (net)
                  0.08    0.00   21.19 v accumulator._2083_/A (sky130_fd_sc_hd__nand2_4)
     5    0.03    0.10    0.11   21.30 ^ accumulator._2083_/Y (sky130_fd_sc_hd__nand2_4)
                                         accumulator._1181_ (net)
                  0.10    0.00   21.30 ^ accumulator._2114_/S (sky130_fd_sc_hd__mux2_1)
     3    0.01    0.07    0.37   21.66 v accumulator._2114_/X (sky130_fd_sc_hd__mux2_1)
                                         accumulator._0048_ (net)
                  0.07    0.00   21.66 v accumulator._2115_/A1 (sky130_fd_sc_hd__mux2_1)
     3    0.01    0.08    0.34   22.01 v accumulator._2115_/X (sky130_fd_sc_hd__mux2_1)
                                         accumulator._0049_ (net)
                  0.08    0.00   22.01 v accumulator._2212_/A2 (sky130_fd_sc_hd__a211o_1)
     1    0.00    0.05    0.30   22.31 v accumulator._2212_/X (sky130_fd_sc_hd__a211o_1)
                                         accumulator._0148_ (net)
                  0.05    0.00   22.31 v accumulator._2213_/B1 (sky130_fd_sc_hd__o211a_1)
     1    0.00    0.04    0.12   22.43 v accumulator._2213_/X (sky130_fd_sc_hd__o211a_1)
                                         accumulator._0149_ (net)
                  0.04    0.00   22.43 v accumulator._2214_/A2 (sky130_fd_sc_hd__o21a_1)
     1    0.00    0.03    0.16   22.59 v accumulator._2214_/X (sky130_fd_sc_hd__o21a_1)
                                         accumulator._0011_ (net)
                  0.03    0.00   22.59 v accumulator._2410_/D (sky130_fd_sc_hd__dfxtp_1)
                                 22.59   data arrival time

                         25.00   25.00   clock clock (rise edge)
                          0.00   25.00   clock source latency
     1    0.01    0.04    0.03   25.03 ^ clock (in)
                                         clock (net)
                  0.04    0.00   25.03 ^ clkbuf_0_clock/A (sky130_fd_sc_hd__clkbuf_16)
     4    0.03    0.05    0.13   25.15 ^ clkbuf_0_clock/X (sky130_fd_sc_hd__clkbuf_16)
                                         clknet_0_clock (net)
                  0.05    0.00   25.15 ^ clkbuf_2_3__f_clock/A (sky130_fd_sc_hd__clkbuf_16)
     9    0.02    0.04    0.12   25.28 ^ clkbuf_2_3__f_clock/X (sky130_fd_sc_hd__clkbuf_16)
                                         clknet_2_3__leaf_clock (net)
                  0.04    0.00   25.28 ^ accumulator._2410_/CLK (sky130_fd_sc_hd__dfxtp_1)
                         -0.25   25.03   clock uncertainty
                          0.00   25.03   clock reconvergence pessimism
                         -0.10   24.92   library setup time
                                 24.92   data required time
-----------------------------------------------------------------------------
                                 24.92   data required time
                                -22.59   data arrival time
-----------------------------------------------------------------------------
                                  2.33   slack (MET)


Startpoint: io_inScaleA[7] (input port clocked by clock)
Endpoint: accumulator._2409_ (rising edge-triggered flip-flop clocked by clock)
Path Group: clock
Path Type: max

Fanout     Cap    Slew   Delay    Time   Description
-----------------------------------------------------------------------------
                          0.00    0.00   clock clock (rise edge)
                          0.00    0.00   clock network delay (propagated)
                          5.00    5.00 v input external delay
     1    0.00    0.01    0.00    5.00 v io_inScaleA[7] (in)
                                         io_inScaleA[7] (net)
                  0.01    0.00    5.00 v input16/A (sky130_fd_sc_hd__buf_2)
     5    0.01    0.04    0.13    5.13 v input16/X (sky130_fd_sc_hd__buf_2)
                                         net16 (net)
                  0.04    0.00    5.13 v scaleAdd._421_/A1 (sky130_fd_sc_hd__o21a_4)
     4    0.02    0.05    0.24    5.37 v scaleAdd._421_/X (sky130_fd_sc_hd__o21a_4)
                                         scaleAdd._002_ (net)
                  0.05    0.00    5.37 v scaleAdd._428_/A (sky130_fd_sc_hd__xor2_1)
     2    0.01    0.07    0.18    5.55 v scaleAdd._428_/X (sky130_fd_sc_hd__xor2_1)
                                         scaleAdd._009_ (net)
                  0.07    0.00    5.55 v scaleAdd._429_/A (sky130_fd_sc_hd__xnor2_1)
     2    0.01    0.20    0.23    5.78 ^ scaleAdd._429_/Y (sky130_fd_sc_hd__xnor2_1)
                                         scaleAdd._010_ (net)
                  0.20    0.00    5.78 ^ scaleAdd._431_/B (sky130_fd_sc_hd__xnor2_1)
     2    0.01    0.25    0.20    5.99 ^ scaleAdd._431_/Y (sky130_fd_sc_hd__xnor2_1)
                                         scaleAdd._012_ (net)
                  0.25    0.00    5.99 ^ scaleAdd._432_/B (sky130_fd_sc_hd__xnor2_1)
     2    0.01    0.20    0.19    6.18 ^ scaleAdd._432_/Y (sky130_fd_sc_hd__xnor2_1)
                                         scaleAdd._013_ (net)
                  0.20    0.00    6.18 ^ scaleAdd._435_/A (sky130_fd_sc_hd__xor2_1)
     2    0.01    0.26    0.28    6.46 ^ scaleAdd._435_/X (sky130_fd_sc_hd__xor2_1)
                                         scaleAdd._016_ (net)
                  0.26    0.00    6.46 ^ scaleAdd._436_/A (sky130_fd_sc_hd__xnor2_2)
     2    0.01    0.19    0.18    6.64 ^ scaleAdd._436_/Y (sky130_fd_sc_hd__xnor2_2)
                                         scaleAdd._017_ (net)
                  0.19    0.00    6.64 ^ scaleAdd._438_/B (sky130_fd_sc_hd__xnor2_2)
     2    0.01    0.20    0.17    6.81 ^ scaleAdd._438_/Y (sky130_fd_sc_hd__xnor2_2)
                                         scaleAdd._019_ (net)
                  0.20    0.00    6.81 ^ scaleAdd._439_/A (sky130_fd_sc_hd__xor2_2)
     5    0.02    0.29    0.29    7.10 ^ scaleAdd._439_/X (sky130_fd_sc_hd__xor2_2)
                                         scaleAdd._020_ (net)
                  0.29    0.00    7.10 ^ scaleAdd._443_/B (sky130_fd_sc_hd__xnor2_2)
     1    0.01    0.07    0.12    7.22 v scaleAdd._443_/Y (sky130_fd_sc_hd__xnor2_2)
                                         scaleAdd._024_ (net)
                  0.07    0.00    7.22 v scaleAdd._444_/A (sky130_fd_sc_hd__xnor2_2)
     6    0.01    0.22    0.24    7.46 ^ scaleAdd._444_/Y (sky130_fd_sc_hd__xnor2_2)
                                         scaleAdd._025_ (net)
                  0.22    0.00    7.46 ^ scaleAdd._445_/B_N (sky130_fd_sc_hd__or2b_4)
     3    0.01    0.05    0.31    7.78 v scaleAdd._445_/X (sky130_fd_sc_hd__or2b_4)
                                         scaleAdd._026_ (net)
                  0.05    0.00    7.78 v scaleAdd._448_/B1 (sky130_fd_sc_hd__a22o_1)
     2    0.00    0.05    0.19    7.97 v scaleAdd._448_/X (sky130_fd_sc_hd__a22o_1)
                                         scaleAdd._029_ (net)
                  0.05    0.00    7.97 v scaleAdd._452_/A2 (sky130_fd_sc_hd__a21o_1)
     2    0.00    0.04    0.19    8.16 v scaleAdd._452_/X (sky130_fd_sc_hd__a21o_1)
                                         scaleAdd._033_ (net)
                  0.04    0.00    8.16 v scaleAdd._454_/B2 (sky130_fd_sc_hd__a22o_1)
     3    0.01    0.06    0.22    8.38 v scaleAdd._454_/X (sky130_fd_sc_hd__a22o_1)
                                         scaleAdd._035_ (net)
                  0.06    0.00    8.38 v scaleAdd._456_/B (sky130_fd_sc_hd__and3_1)
     2    0.00    0.05    0.18    8.56 v scaleAdd._456_/X (sky130_fd_sc_hd__and3_1)
                                         scaleAdd._037_ (net)
                  0.05    0.00    8.56 v scaleAdd._458_/B (sky130_fd_sc_hd__or3_4)
     3    0.01    0.07    0.38    8.95 v scaleAdd._458_/X (sky130_fd_sc_hd__or3_4)
                                         scaleAdd._039_ (net)
                  0.07    0.00    8.95 v scaleAdd._492_/A1 (sky130_fd_sc_hd__a21o_1)
     3    0.01    0.07    0.21    9.15 v scaleAdd._492_/X (sky130_fd_sc_hd__a21o_1)
                                         scaleAdd._072_ (net)
                  0.07    0.00    9.15 v scaleAdd._539_/A1 (sky130_fd_sc_hd__a21oi_4)
     4    0.01    0.13    0.16    9.31 ^ scaleAdd._539_/Y (sky130_fd_sc_hd__a21oi_4)
                                         scaleAdd._118_ (net)
                  0.13    0.00    9.31 ^ scaleAdd._603_/A3 (sky130_fd_sc_hd__o311ai_2)
     3    0.01    0.10    0.11    9.42 v scaleAdd._603_/Y (sky130_fd_sc_hd__o311ai_2)
                                         scaleAdd._180_ (net)
                  0.10    0.00    9.42 v scaleAdd._652_/A1 (sky130_fd_sc_hd__a311o_1)
     3    0.01    0.07    0.31    9.72 v scaleAdd._652_/X (sky130_fd_sc_hd__a311o_1)
                                         scaleAdd._227_ (net)
                  0.07    0.00    9.72 v scaleAdd._688_/A1 (sky130_fd_sc_hd__a311o_1)
     3    0.01    0.10    0.33   10.06 v scaleAdd._688_/X (sky130_fd_sc_hd__a311o_1)
                                         scaleAdd._261_ (net)
                  0.10    0.00   10.06 v scaleAdd._708_/A1 (sky130_fd_sc_hd__a31oi_4)
     2    0.01    0.14    0.16   10.22 ^ scaleAdd._708_/Y (sky130_fd_sc_hd__a31oi_4)
                                         scaleAdd._279_ (net)
                  0.14    0.00   10.22 ^ rebuffer17/A (sky130_fd_sc_hd__buf_6)
     1    0.00    0.03    0.12   10.34 ^ rebuffer17/X (sky130_fd_sc_hd__buf_6)
                                         net74 (net)
                  0.03    0.00   10.34 ^ rebuffer10/A (sky130_fd_sc_hd__buf_6)
     1    0.02    0.05    0.10   10.44 ^ rebuffer10/X (sky130_fd_sc_hd__buf_6)
                                         net67 (net)
                  0.05    0.00   10.44 ^ scaleAdd._709_/A (sky130_fd_sc_hd__xnor2_4)
     4    0.01    0.06    0.08   10.52 v scaleAdd._709_/Y (sky130_fd_sc_hd__xnor2_4)
                                         accumulator.io_inMant[16] (net)
                  0.06    0.00   10.52 v accumulator._1204_/B (sky130_fd_sc_hd__or4_4)
     4    0.01    0.09    0.55   11.07 v accumulator._1204_/X (sky130_fd_sc_hd__or4_4)
                                         accumulator._0065_ (net)
                  0.09    0.00   11.07 v accumulator._1206_/B (sky130_fd_sc_hd__or2_4)
     3    0.01    0.05    0.26   11.32 v accumulator._1206_/X (sky130_fd_sc_hd__or2_4)
                                         accumulator._0085_ (net)
                  0.05    0.00   11.32 v accumulator._1207_/B (sky130_fd_sc_hd__or2_4)
     4    0.01    0.05    0.24   11.57 v accumulator._1207_/X (sky130_fd_sc_hd__or2_4)
                                         accumulator._0095_ (net)
                  0.05    0.00   11.57 v accumulator._1240_/B (sky130_fd_sc_hd__and2_1)
     2    0.00    0.04    0.17   11.73 v accumulator._1240_/X (sky130_fd_sc_hd__and2_1)
                                         accumulator._0339_ (net)
                  0.04    0.00   11.73 v accumulator._1241_/C1 (sky130_fd_sc_hd__a311o_1)
     3    0.01    0.07    0.30   12.03 v accumulator._1241_/X (sky130_fd_sc_hd__a311o_1)
                                         accumulator._0340_ (net)
                  0.07    0.00   12.03 v accumulator._1255_/A1 (sky130_fd_sc_hd__a21o_1)
     2    0.00    0.04    0.18   12.21 v accumulator._1255_/X (sky130_fd_sc_hd__a21o_1)
                                         accumulator._0354_ (net)
                  0.04    0.00   12.21 v accumulator._1257_/A2 (sky130_fd_sc_hd__a211o_1)
     3    0.01    0.06    0.31   12.53 v accumulator._1257_/X (sky130_fd_sc_hd__a211o_1)
                                         accumulator._0356_ (net)
                  0.06    0.00   12.53 v accumulator._1263_/B (sky130_fd_sc_hd__and2_4)
     5    0.01    0.04    0.18   12.70 v accumulator._1263_/X (sky130_fd_sc_hd__and2_4)
                                         accumulator._0362_ (net)
                  0.04    0.00   12.70 v accumulator._1274_/C (sky130_fd_sc_hd__or4_4)
     4    0.01    0.10    0.52   13.22 v accumulator._1274_/X (sky130_fd_sc_hd__or4_4)
                                         accumulator._0373_ (net)
                  0.10    0.00   13.22 v accumulator._1276_/A1 (sky130_fd_sc_hd__a21o_1)
     2    0.01    0.05    0.19   13.41 v accumulator._1276_/X (sky130_fd_sc_hd__a21o_1)
                                         accumulator._0375_ (net)
                  0.05    0.00   13.41 v accumulator._1278_/A1 (sky130_fd_sc_hd__a21o_4)
     2    0.02    0.05    0.23   13.64 v accumulator._1278_/X (sky130_fd_sc_hd__a21o_4)
                                         accumulator._0377_ (net)
                  0.05    0.00   13.64 v accumulator._1284_/A2 (sky130_fd_sc_hd__a21o_1)
     2    0.01    0.05    0.20   13.84 v accumulator._1284_/X (sky130_fd_sc_hd__a21o_1)
                                         accumulator._0383_ (net)
                  0.05    0.00   13.84 v accumulator._1285_/A2 (sky130_fd_sc_hd__a21o_4)
     2    0.02    0.05    0.25   14.09 v accumulator._1285_/X (sky130_fd_sc_hd__a21o_4)
                                         accumulator._0384_ (net)
                  0.05    0.00   14.09 v accumulator._1290_/A2 (sky130_fd_sc_hd__a21o_1)
     2    0.02    0.09    0.25   14.34 v accumulator._1290_/X (sky130_fd_sc_hd__a21o_1)
                                         accumulator._0389_ (net)
                  0.09    0.00   14.34 v accumulator._1293_/A2 (sky130_fd_sc_hd__a21boi_4)
     3    0.02    0.19    0.24   14.58 ^ accumulator._1293_/Y (sky130_fd_sc_hd__a21boi_4)
                                         accumulator._0392_ (net)
                  0.19    0.00   14.58 ^ accumulator._1302_/A (sky130_fd_sc_hd__xor2_2)
     4    0.01    0.18    0.21   14.79 ^ accumulator._1302_/X (sky130_fd_sc_hd__xor2_2)
                                         accumulator._0401_ (net)
                  0.18    0.00   14.79 ^ accumulator._1303_/A (sky130_fd_sc_hd__buf_6)
     6    0.02    0.05    0.15   14.94 ^ accumulator._1303_/X (sky130_fd_sc_hd__buf_6)
                                         accumulator._0402_ (net)
                  0.05    0.00   14.94 ^ accumulator._1335_/S (sky130_fd_sc_hd__mux2_4)
     5    0.01    0.06    0.33   15.27 v accumulator._1335_/X (sky130_fd_sc_hd__mux2_4)
                                         accumulator._0432_ (net)
                  0.06    0.00   15.27 v accumulator._1336_/A (sky130_fd_sc_hd__buf_2)
    10    0.02    0.07    0.18   15.45 v accumulator._1336_/X (sky130_fd_sc_hd__buf_2)
                                         accumulator._0433_ (net)
                  0.07    0.00   15.45 v accumulator._1373_/A1 (sky130_fd_sc_hd__a21o_1)
     2    0.00    0.04    0.17   15.62 v accumulator._1373_/X (sky130_fd_sc_hd__a21o_1)
                                         accumulator._0470_ (net)
                  0.04    0.00   15.62 v accumulator._1380_/A2 (sky130_fd_sc_hd__a21o_1)
     2    0.00    0.04    0.18   15.80 v accumulator._1380_/X (sky130_fd_sc_hd__a21o_1)
                                         accumulator._0477_ (net)
                  0.04    0.00   15.80 v accumulator._1403_/A (sky130_fd_sc_hd__and2_1)
     2    0.00    0.04    0.14   15.95 v accumulator._1403_/X (sky130_fd_sc_hd__and2_1)
                                         accumulator._0500_ (net)
                  0.04    0.00   15.95 v accumulator._1427_/A2 (sky130_fd_sc_hd__a211o_1)
     1    0.00    0.05    0.29   16.24 v accumulator._1427_/X (sky130_fd_sc_hd__a211o_1)
                                         accumulator._0524_ (net)
                  0.05    0.00   16.24 v accumulator._1505_/A2 (sky130_fd_sc_hd__a32o_2)
     4    0.01    0.07    0.31   16.55 v accumulator._1505_/X (sky130_fd_sc_hd__a32o_2)
                                         accumulator._0602_ (net)
                  0.07    0.00   16.55 v accumulator._1507_/A (sky130_fd_sc_hd__xnor2_2)
     3    0.01    0.23    0.25   16.80 ^ accumulator._1507_/Y (sky130_fd_sc_hd__xnor2_2)
                                         accumulator._0604_ (net)
                  0.23    0.00   16.80 ^ accumulator._1837_/A1 (sky130_fd_sc_hd__a311o_1)
     2    0.00    0.07    0.22   17.01 ^ accumulator._1837_/X (sky130_fd_sc_hd__a311o_1)
                                         accumulator._0934_ (net)
                  0.07    0.00   17.01 ^ accumulator._1839_/A3 (sky130_fd_sc_hd__a311o_1)
     3    0.01    0.10    0.21   17.22 ^ accumulator._1839_/X (sky130_fd_sc_hd__a311o_1)
                                         accumulator._0936_ (net)
                  0.10    0.00   17.22 ^ accumulator._1842_/A1 (sky130_fd_sc_hd__a311o_1)
     2    0.01    0.10    0.20   17.42 ^ accumulator._1842_/X (sky130_fd_sc_hd__a311o_1)
                                         accumulator._0939_ (net)
                  0.10    0.00   17.42 ^ accumulator._1844_/A1 (sky130_fd_sc_hd__a31oi_2)
     3    0.01    0.08    0.10   17.53 v accumulator._1844_/Y (sky130_fd_sc_hd__a31oi_2)
                                         accumulator._0941_ (net)
                  0.08    0.00   17.53 v accumulator._1846_/A1 (sky130_fd_sc_hd__a211o_1)
     3    0.01    0.06    0.30   17.82 v accumulator._1846_/X (sky130_fd_sc_hd__a211o_1)
                                         accumulator._0943_ (net)
                  0.06    0.00   17.82 v accumulator._1847_/A1 (sky130_fd_sc_hd__a311o_1)
     3    0.01    0.08    0.32   18.14 v accumulator._1847_/X (sky130_fd_sc_hd__a311o_1)
                                         accumulator._0944_ (net)
                  0.08    0.00   18.14 v accumulator._1855_/A3 (sky130_fd_sc_hd__o311a_4)
     4    0.01    0.07    0.36   18.50 v accumulator._1855_/X (sky130_fd_sc_hd__o311a_4)
                                         accumulator._0952_ (net)
                  0.07    0.00   18.50 v accumulator._1866_/A3 (sky130_fd_sc_hd__o31ai_4)
     3    0.01    0.19    0.20   18.69 ^ accumulator._1866_/Y (sky130_fd_sc_hd__o31ai_4)
                                         accumulator._0963_ (net)
                  0.19    0.00   18.69 ^ accumulator._1867_/B (sky130_fd_sc_hd__nand3b_1)
     1    0.00    0.06    0.10   18.79 v accumulator._1867_/Y (sky130_fd_sc_hd__nand3b_1)
                                         accumulator._0964_ (net)
                  0.06    0.00   18.79 v accumulator._1868_/C1 (sky130_fd_sc_hd__o211a_1)
     3    0.01    0.07    0.15   18.93 v accumulator._1868_/X (sky130_fd_sc_hd__o211a_1)
                                         accumulator._0965_ (net)
                  0.07    0.00   18.93 v accumulator._1871_/A3 (sky130_fd_sc_hd__o41a_4)
     7    0.02    0.09    0.48   19.42 v accumulator._1871_/X (sky130_fd_sc_hd__o41a_4)
                                         accumulator._0968_ (net)
                  0.09    0.00   19.42 v accumulator._1872_/A (sky130_fd_sc_hd__and2_4)
     5    0.01    0.04    0.17   19.59 v accumulator._1872_/X (sky130_fd_sc_hd__and2_4)
                                         accumulator._0969_ (net)
                  0.04    0.00   19.59 v accumulator._1895_/A (sky130_fd_sc_hd__buf_6)
    10    0.03    0.04    0.14   19.73 v accumulator._1895_/X (sky130_fd_sc_hd__buf_6)
                                         accumulator._0992_ (net)
                  0.04    0.00   19.73 v accumulator._1912_/A (sky130_fd_sc_hd__nor2_4)
     1    0.01    0.09    0.12   19.85 ^ accumulator._1912_/Y (sky130_fd_sc_hd__nor2_4)
                                         accumulator._1009_ (net)
                  0.09    0.00   19.85 ^ accumulator._1913_/A (sky130_fd_sc_hd__xor2_2)
     5    0.01    0.21    0.21   20.06 ^ accumulator._1913_/X (sky130_fd_sc_hd__xor2_2)
                                         accumulator._1010_ (net)
                  0.21    0.00   20.06 ^ accumulator._2072_/B1 (sky130_fd_sc_hd__o21ai_1)
     1    0.00    0.06    0.10   20.16 v accumulator._2072_/Y (sky130_fd_sc_hd__o21ai_1)
                                         accumulator._1169_ (net)
                  0.06    0.00   20.16 v accumulator._2073_/A1 (sky130_fd_sc_hd__a21oi_1)
     1    0.00    0.10    0.13   20.28 ^ accumulator._2073_/Y (sky130_fd_sc_hd__a21oi_1)
                                         accumulator._1170_ (net)
                  0.10    0.00   20.28 ^ accumulator._2074_/A2 (sky130_fd_sc_hd__o21ai_1)
     1    0.00    0.06    0.07   20.35 v accumulator._2074_/Y (sky130_fd_sc_hd__o21ai_1)
                                         accumulator._1171_ (net)
                  0.06    0.00   20.35 v accumulator._2075_/A2 (sky130_fd_sc_hd__a21o_1)
     1    0.00    0.03    0.18   20.53 v accumulator._2075_/X (sky130_fd_sc_hd__a21o_1)
                                         accumulator._1172_ (net)
                  0.03    0.00   20.53 v accumulator._2076_/A2 (sky130_fd_sc_hd__a21oi_1)
     1    0.00    0.10    0.13   20.66 ^ accumulator._2076_/Y (sky130_fd_sc_hd__a21oi_1)
                                         accumulator._1173_ (net)
                  0.10    0.00   20.66 ^ accumulator._2077_/A2 (sky130_fd_sc_hd__o21ai_1)
     1    0.00    0.06    0.07   20.73 v accumulator._2077_/Y (sky130_fd_sc_hd__o21ai_1)
                                         accumulator._1174_ (net)
                  0.06    0.00   20.73 v accumulator._2078_/A2 (sky130_fd_sc_hd__a21oi_1)
     1    0.00    0.10    0.14   20.87 ^ accumulator._2078_/Y (sky130_fd_sc_hd__a21oi_1)
                                         accumulator._1175_ (net)
                  0.10    0.00   20.87 ^ accumulator._2079_/A2 (sky130_fd_sc_hd__o21bai_1)
     1    0.00    0.05    0.07   20.94 v accumulator._2079_/Y (sky130_fd_sc_hd__o21bai_1)
                                         accumulator._1176_ (net)
                  0.05    0.00   20.94 v accumulator._2082_/A1 (sky130_fd_sc_hd__a21o_2)
     7    0.02    0.08    0.25   21.19 v accumulator._2082_/X (sky130_fd_sc_hd__a21o_2)
                                         accumulator._1180_ (net)
                  0.08    0.00   21.19 v accumulator._2083_/A (sky130_fd_sc_hd__nand2_4)
     5    0.03    0.10    0.11   21.30 ^ accumulator._2083_/Y (sky130_fd_sc_hd__nand2_4)
                                         accumulator._1181_ (net)
                  0.10    0.00   21.30 ^ clone12/A (sky130_fd_sc_hd__clkbuf_16)
     5    0.02    0.04    0.15   21.45 ^ clone12/X (sky130_fd_sc_hd__clkbuf_16)
                                         net69 (net)
                  0.04    0.00   21.45 ^ accumulator._2199_/S (sky130_fd_sc_hd__mux2_2)
     3    0.01    0.06    0.35   21.80 v accumulator._2199_/X (sky130_fd_sc_hd__mux2_2)
                                         accumulator._0134_ (net)
                  0.06    0.00   21.80 v accumulator._2201_/A2 (sky130_fd_sc_hd__a211o_1)
     2    0.00    0.06    0.32   22.11 v accumulator._2201_/X (sky130_fd_sc_hd__a211o_1)
                                         accumulator._0137_ (net)
                  0.06    0.00   22.11 v accumulator._2202_/B1 (sky130_fd_sc_hd__o21a_1)
     1    0.00    0.03    0.10   22.22 v accumulator._2202_/X (sky130_fd_sc_hd__o21a_1)
                                         accumulator._0138_ (net)
                  0.03    0.00   22.22 v accumulator._2204_/A2 (sky130_fd_sc_hd__o211a_1)
     1    0.00    0.04    0.20   22.42 v accumulator._2204_/X (sky130_fd_sc_hd__o211a_1)
                                         accumulator._0140_ (net)
                  0.04    0.00   22.42 v accumulator._2205_/A2 (sky130_fd_sc_hd__o21a_1)
     1    0.00    0.03    0.16   22.58 v accumulator._2205_/X (sky130_fd_sc_hd__o21a_1)
                                         accumulator._0010_ (net)
                  0.03    0.00   22.58 v accumulator._2409_/D (sky130_fd_sc_hd__dfxtp_1)
                                 22.58   data arrival time

                         25.00   25.00   clock clock (rise edge)
                          0.00   25.00   clock source latency
     1    0.01    0.04    0.03   25.03 ^ clock (in)
                                         clock (net)
                  0.04    0.00   25.03 ^ clkbuf_0_clock/A (sky130_fd_sc_hd__clkbuf_16)
     4    0.03    0.05    0.13   25.15 ^ clkbuf_0_clock/X (sky130_fd_sc_hd__clkbuf_16)
                                         clknet_0_clock (net)
                  0.05    0.00   25.15 ^ clkbuf_2_2__f_clock/A (sky130_fd_sc_hd__clkbuf_16)
    10    0.02    0.04    0.12   25.28 ^ clkbuf_2_2__f_clock/X (sky130_fd_sc_hd__clkbuf_16)
                                         clknet_2_2__leaf_clock (net)
                  0.04    0.00   25.28 ^ accumulator._2409_/CLK (sky130_fd_sc_hd__dfxtp_1)
                         -0.25   25.03   clock uncertainty
                          0.00   25.03   clock reconvergence pessimism
                         -0.10   24.92   library setup time
                                 24.92   data required time
-----------------------------------------------------------------------------
                                 24.92   data required time
                                -22.58   data arrival time
-----------------------------------------------------------------------------
                                  2.35   slack (MET)


Startpoint: io_inScaleA[7] (input port clocked by clock)
Endpoint: accumulator._2401_ (rising edge-triggered flip-flop clocked by clock)
Path Group: clock
Path Type: max

Fanout     Cap    Slew   Delay    Time   Description
-----------------------------------------------------------------------------
                          0.00    0.00   clock clock (rise edge)
                          0.00    0.00   clock network delay (propagated)
                          5.00    5.00 v input external delay
     1    0.00    0.01    0.00    5.00 v io_inScaleA[7] (in)
                                         io_inScaleA[7] (net)
                  0.01    0.00    5.00 v input16/A (sky130_fd_sc_hd__buf_2)
     5    0.01    0.04    0.13    5.13 v input16/X (sky130_fd_sc_hd__buf_2)
                                         net16 (net)
                  0.04    0.00    5.13 v scaleAdd._421_/A1 (sky130_fd_sc_hd__o21a_4)
     4    0.02    0.05    0.24    5.37 v scaleAdd._421_/X (sky130_fd_sc_hd__o21a_4)
                                         scaleAdd._002_ (net)
                  0.05    0.00    5.37 v scaleAdd._428_/A (sky130_fd_sc_hd__xor2_1)
     2    0.01    0.07    0.18    5.55 v scaleAdd._428_/X (sky130_fd_sc_hd__xor2_1)
                                         scaleAdd._009_ (net)
                  0.07    0.00    5.55 v scaleAdd._429_/A (sky130_fd_sc_hd__xnor2_1)
     2    0.01    0.20    0.23    5.78 ^ scaleAdd._429_/Y (sky130_fd_sc_hd__xnor2_1)
                                         scaleAdd._010_ (net)
                  0.20    0.00    5.78 ^ scaleAdd._431_/B (sky130_fd_sc_hd__xnor2_1)
     2    0.01    0.25    0.20    5.99 ^ scaleAdd._431_/Y (sky130_fd_sc_hd__xnor2_1)
                                         scaleAdd._012_ (net)
                  0.25    0.00    5.99 ^ scaleAdd._432_/B (sky130_fd_sc_hd__xnor2_1)
     2    0.01    0.20    0.19    6.18 ^ scaleAdd._432_/Y (sky130_fd_sc_hd__xnor2_1)
                                         scaleAdd._013_ (net)
                  0.20    0.00    6.18 ^ scaleAdd._435_/A (sky130_fd_sc_hd__xor2_1)
     2    0.01    0.26    0.28    6.46 ^ scaleAdd._435_/X (sky130_fd_sc_hd__xor2_1)
                                         scaleAdd._016_ (net)
                  0.26    0.00    6.46 ^ scaleAdd._436_/A (sky130_fd_sc_hd__xnor2_2)
     2    0.01    0.19    0.18    6.64 ^ scaleAdd._436_/Y (sky130_fd_sc_hd__xnor2_2)
                                         scaleAdd._017_ (net)
                  0.19    0.00    6.64 ^ scaleAdd._438_/B (sky130_fd_sc_hd__xnor2_2)
     2    0.01    0.20    0.17    6.81 ^ scaleAdd._438_/Y (sky130_fd_sc_hd__xnor2_2)
                                         scaleAdd._019_ (net)
                  0.20    0.00    6.81 ^ scaleAdd._439_/A (sky130_fd_sc_hd__xor2_2)
     5    0.02    0.29    0.29    7.10 ^ scaleAdd._439_/X (sky130_fd_sc_hd__xor2_2)
                                         scaleAdd._020_ (net)
                  0.29    0.00    7.10 ^ scaleAdd._443_/B (sky130_fd_sc_hd__xnor2_2)
     1    0.01    0.07    0.12    7.22 v scaleAdd._443_/Y (sky130_fd_sc_hd__xnor2_2)
                                         scaleAdd._024_ (net)
                  0.07    0.00    7.22 v scaleAdd._444_/A (sky130_fd_sc_hd__xnor2_2)
     6    0.01    0.22    0.24    7.46 ^ scaleAdd._444_/Y (sky130_fd_sc_hd__xnor2_2)
                                         scaleAdd._025_ (net)
                  0.22    0.00    7.46 ^ scaleAdd._445_/B_N (sky130_fd_sc_hd__or2b_4)
     3    0.01    0.05    0.31    7.78 v scaleAdd._445_/X (sky130_fd_sc_hd__or2b_4)
                                         scaleAdd._026_ (net)
                  0.05    0.00    7.78 v scaleAdd._448_/B1 (sky130_fd_sc_hd__a22o_1)
     2    0.00    0.05    0.19    7.97 v scaleAdd._448_/X (sky130_fd_sc_hd__a22o_1)
                                         scaleAdd._029_ (net)
                  0.05    0.00    7.97 v scaleAdd._452_/A2 (sky130_fd_sc_hd__a21o_1)
     2    0.00    0.04    0.19    8.16 v scaleAdd._452_/X (sky130_fd_sc_hd__a21o_1)
                                         scaleAdd._033_ (net)
                  0.04    0.00    8.16 v scaleAdd._454_/B2 (sky130_fd_sc_hd__a22o_1)
     3    0.01    0.06    0.22    8.38 v scaleAdd._454_/X (sky130_fd_sc_hd__a22o_1)
                                         scaleAdd._035_ (net)
                  0.06    0.00    8.38 v scaleAdd._456_/B (sky130_fd_sc_hd__and3_1)
     2    0.00    0.05    0.18    8.56 v scaleAdd._456_/X (sky130_fd_sc_hd__and3_1)
                                         scaleAdd._037_ (net)
                  0.05    0.00    8.56 v scaleAdd._458_/B (sky130_fd_sc_hd__or3_4)
     3    0.01    0.07    0.38    8.95 v scaleAdd._458_/X (sky130_fd_sc_hd__or3_4)
                                         scaleAdd._039_ (net)
                  0.07    0.00    8.95 v scaleAdd._492_/A1 (sky130_fd_sc_hd__a21o_1)
     3    0.01    0.07    0.21    9.15 v scaleAdd._492_/X (sky130_fd_sc_hd__a21o_1)
                                         scaleAdd._072_ (net)
                  0.07    0.00    9.15 v scaleAdd._539_/A1 (sky130_fd_sc_hd__a21oi_4)
     4    0.01    0.13    0.16    9.31 ^ scaleAdd._539_/Y (sky130_fd_sc_hd__a21oi_4)
                                         scaleAdd._118_ (net)
                  0.13    0.00    9.31 ^ scaleAdd._603_/A3 (sky130_fd_sc_hd__o311ai_2)
     3    0.01    0.10    0.11    9.42 v scaleAdd._603_/Y (sky130_fd_sc_hd__o311ai_2)
                                         scaleAdd._180_ (net)
                  0.10    0.00    9.42 v scaleAdd._652_/A1 (sky130_fd_sc_hd__a311o_1)
     3    0.01    0.07    0.31    9.72 v scaleAdd._652_/X (sky130_fd_sc_hd__a311o_1)
                                         scaleAdd._227_ (net)
                  0.07    0.00    9.72 v scaleAdd._688_/A1 (sky130_fd_sc_hd__a311o_1)
     3    0.01    0.10    0.33   10.06 v scaleAdd._688_/X (sky130_fd_sc_hd__a311o_1)
                                         scaleAdd._261_ (net)
                  0.10    0.00   10.06 v scaleAdd._708_/A1 (sky130_fd_sc_hd__a31oi_4)
     2    0.01    0.14    0.16   10.22 ^ scaleAdd._708_/Y (sky130_fd_sc_hd__a31oi_4)
                                         scaleAdd._279_ (net)
                  0.14    0.00   10.22 ^ rebuffer17/A (sky130_fd_sc_hd__buf_6)
     1    0.00    0.03    0.12   10.34 ^ rebuffer17/X (sky130_fd_sc_hd__buf_6)
                                         net74 (net)
                  0.03    0.00   10.34 ^ rebuffer10/A (sky130_fd_sc_hd__buf_6)
     1    0.02    0.05    0.10   10.44 ^ rebuffer10/X (sky130_fd_sc_hd__buf_6)
                                         net67 (net)
                  0.05    0.00   10.44 ^ scaleAdd._709_/A (sky130_fd_sc_hd__xnor2_4)
     4    0.01    0.06    0.08   10.52 v scaleAdd._709_/Y (sky130_fd_sc_hd__xnor2_4)
                                         accumulator.io_inMant[16] (net)
                  0.06    0.00   10.52 v accumulator._1204_/B (sky130_fd_sc_hd__or4_4)
     4    0.01    0.09    0.55   11.07 v accumulator._1204_/X (sky130_fd_sc_hd__or4_4)
                                         accumulator._0065_ (net)
                  0.09    0.00   11.07 v accumulator._1206_/B (sky130_fd_sc_hd__or2_4)
     3    0.01    0.05    0.26   11.32 v accumulator._1206_/X (sky130_fd_sc_hd__or2_4)
                                         accumulator._0085_ (net)
                  0.05    0.00   11.32 v accumulator._1207_/B (sky130_fd_sc_hd__or2_4)
     4    0.01    0.05    0.24   11.57 v accumulator._1207_/X (sky130_fd_sc_hd__or2_4)
                                         accumulator._0095_ (net)
                  0.05    0.00   11.57 v accumulator._1240_/B (sky130_fd_sc_hd__and2_1)
     2    0.00    0.04    0.17   11.73 v accumulator._1240_/X (sky130_fd_sc_hd__and2_1)
                                         accumulator._0339_ (net)
                  0.04    0.00   11.73 v accumulator._1241_/C1 (sky130_fd_sc_hd__a311o_1)
     3    0.01    0.07    0.30   12.03 v accumulator._1241_/X (sky130_fd_sc_hd__a311o_1)
                                         accumulator._0340_ (net)
                  0.07    0.00   12.03 v accumulator._1255_/A1 (sky130_fd_sc_hd__a21o_1)
     2    0.00    0.04    0.18   12.21 v accumulator._1255_/X (sky130_fd_sc_hd__a21o_1)
                                         accumulator._0354_ (net)
                  0.04    0.00   12.21 v accumulator._1257_/A2 (sky130_fd_sc_hd__a211o_1)
     3    0.01    0.06    0.31   12.53 v accumulator._1257_/X (sky130_fd_sc_hd__a211o_1)
                                         accumulator._0356_ (net)
                  0.06    0.00   12.53 v accumulator._1263_/B (sky130_fd_sc_hd__and2_4)
     5    0.01    0.04    0.18   12.70 v accumulator._1263_/X (sky130_fd_sc_hd__and2_4)
                                         accumulator._0362_ (net)
                  0.04    0.00   12.70 v accumulator._1274_/C (sky130_fd_sc_hd__or4_4)
     4    0.01    0.10    0.52   13.22 v accumulator._1274_/X (sky130_fd_sc_hd__or4_4)
                                         accumulator._0373_ (net)
                  0.10    0.00   13.22 v accumulator._1276_/A1 (sky130_fd_sc_hd__a21o_1)
     2    0.01    0.05    0.19   13.41 v accumulator._1276_/X (sky130_fd_sc_hd__a21o_1)
                                         accumulator._0375_ (net)
                  0.05    0.00   13.41 v accumulator._1278_/A1 (sky130_fd_sc_hd__a21o_4)
     2    0.02    0.05    0.23   13.64 v accumulator._1278_/X (sky130_fd_sc_hd__a21o_4)
                                         accumulator._0377_ (net)
                  0.05    0.00   13.64 v accumulator._1284_/A2 (sky130_fd_sc_hd__a21o_1)
     2    0.01    0.05    0.20   13.84 v accumulator._1284_/X (sky130_fd_sc_hd__a21o_1)
                                         accumulator._0383_ (net)
                  0.05    0.00   13.84 v accumulator._1285_/A2 (sky130_fd_sc_hd__a21o_4)
     2    0.02    0.05    0.25   14.09 v accumulator._1285_/X (sky130_fd_sc_hd__a21o_4)
                                         accumulator._0384_ (net)
                  0.05    0.00   14.09 v accumulator._1290_/A2 (sky130_fd_sc_hd__a21o_1)
     2    0.02    0.09    0.25   14.34 v accumulator._1290_/X (sky130_fd_sc_hd__a21o_1)
                                         accumulator._0389_ (net)
                  0.09    0.00   14.34 v accumulator._1293_/A2 (sky130_fd_sc_hd__a21boi_4)
     3    0.02    0.19    0.24   14.58 ^ accumulator._1293_/Y (sky130_fd_sc_hd__a21boi_4)
                                         accumulator._0392_ (net)
                  0.19    0.00   14.58 ^ accumulator._1302_/A (sky130_fd_sc_hd__xor2_2)
     4    0.01    0.18    0.21   14.79 ^ accumulator._1302_/X (sky130_fd_sc_hd__xor2_2)
                                         accumulator._0401_ (net)
                  0.18    0.00   14.79 ^ accumulator._1303_/A (sky130_fd_sc_hd__buf_6)
     6    0.02    0.05    0.15   14.94 ^ accumulator._1303_/X (sky130_fd_sc_hd__buf_6)
                                         accumulator._0402_ (net)
                  0.05    0.00   14.94 ^ accumulator._1335_/S (sky130_fd_sc_hd__mux2_4)
     5    0.01    0.06    0.33   15.27 v accumulator._1335_/X (sky130_fd_sc_hd__mux2_4)
                                         accumulator._0432_ (net)
                  0.06    0.00   15.27 v accumulator._1336_/A (sky130_fd_sc_hd__buf_2)
    10    0.02    0.07    0.18   15.45 v accumulator._1336_/X (sky130_fd_sc_hd__buf_2)
                                         accumulator._0433_ (net)
                  0.07    0.00   15.45 v accumulator._1373_/A1 (sky130_fd_sc_hd__a21o_1)
     2    0.00    0.04    0.17   15.62 v accumulator._1373_/X (sky130_fd_sc_hd__a21o_1)
                                         accumulator._0470_ (net)
                  0.04    0.00   15.62 v accumulator._1380_/A2 (sky130_fd_sc_hd__a21o_1)
     2    0.00    0.04    0.18   15.80 v accumulator._1380_/X (sky130_fd_sc_hd__a21o_1)
                                         accumulator._0477_ (net)
                  0.04    0.00   15.80 v accumulator._1403_/A (sky130_fd_sc_hd__and2_1)
     2    0.00    0.04    0.14   15.95 v accumulator._1403_/X (sky130_fd_sc_hd__and2_1)
                                         accumulator._0500_ (net)
                  0.04    0.00   15.95 v accumulator._1427_/A2 (sky130_fd_sc_hd__a211o_1)
     1    0.00    0.05    0.29   16.24 v accumulator._1427_/X (sky130_fd_sc_hd__a211o_1)
                                         accumulator._0524_ (net)
                  0.05    0.00   16.24 v accumulator._1505_/A2 (sky130_fd_sc_hd__a32o_2)
     4    0.01    0.07    0.31   16.55 v accumulator._1505_/X (sky130_fd_sc_hd__a32o_2)
                                         accumulator._0602_ (net)
                  0.07    0.00   16.55 v accumulator._1507_/A (sky130_fd_sc_hd__xnor2_2)
     3    0.01    0.23    0.25   16.80 ^ accumulator._1507_/Y (sky130_fd_sc_hd__xnor2_2)
                                         accumulator._0604_ (net)
                  0.23    0.00   16.80 ^ accumulator._1837_/A1 (sky130_fd_sc_hd__a311o_1)
     2    0.00    0.07    0.22   17.01 ^ accumulator._1837_/X (sky130_fd_sc_hd__a311o_1)
                                         accumulator._0934_ (net)
                  0.07    0.00   17.01 ^ accumulator._1839_/A3 (sky130_fd_sc_hd__a311o_1)
     3    0.01    0.10    0.21   17.22 ^ accumulator._1839_/X (sky130_fd_sc_hd__a311o_1)
                                         accumulator._0936_ (net)
                  0.10    0.00   17.22 ^ accumulator._1842_/A1 (sky130_fd_sc_hd__a311o_1)
     2    0.01    0.10    0.20   17.42 ^ accumulator._1842_/X (sky130_fd_sc_hd__a311o_1)
                                         accumulator._0939_ (net)
                  0.10    0.00   17.42 ^ accumulator._1844_/A1 (sky130_fd_sc_hd__a31oi_2)
     3    0.01    0.08    0.10   17.53 v accumulator._1844_/Y (sky130_fd_sc_hd__a31oi_2)
                                         accumulator._0941_ (net)
                  0.08    0.00   17.53 v accumulator._1846_/A1 (sky130_fd_sc_hd__a211o_1)
     3    0.01    0.06    0.30   17.82 v accumulator._1846_/X (sky130_fd_sc_hd__a211o_1)
                                         accumulator._0943_ (net)
                  0.06    0.00   17.82 v accumulator._1847_/A1 (sky130_fd_sc_hd__a311o_1)
     3    0.01    0.08    0.32   18.14 v accumulator._1847_/X (sky130_fd_sc_hd__a311o_1)
                                         accumulator._0944_ (net)
                  0.08    0.00   18.14 v accumulator._1855_/A3 (sky130_fd_sc_hd__o311a_4)
     4    0.01    0.07    0.36   18.50 v accumulator._1855_/X (sky130_fd_sc_hd__o311a_4)
                                         accumulator._0952_ (net)
                  0.07    0.00   18.50 v accumulator._1866_/A3 (sky130_fd_sc_hd__o31ai_4)
     3    0.01    0.19    0.20   18.69 ^ accumulator._1866_/Y (sky130_fd_sc_hd__o31ai_4)
                                         accumulator._0963_ (net)
                  0.19    0.00   18.69 ^ accumulator._1867_/B (sky130_fd_sc_hd__nand3b_1)
     1    0.00    0.06    0.10   18.79 v accumulator._1867_/Y (sky130_fd_sc_hd__nand3b_1)
                                         accumulator._0964_ (net)
                  0.06    0.00   18.79 v accumulator._1868_/C1 (sky130_fd_sc_hd__o211a_1)
     3    0.01    0.07    0.15   18.93 v accumulator._1868_/X (sky130_fd_sc_hd__o211a_1)
                                         accumulator._0965_ (net)
                  0.07    0.00   18.93 v accumulator._1871_/A3 (sky130_fd_sc_hd__o41a_4)
     7    0.02    0.09    0.48   19.42 v accumulator._1871_/X (sky130_fd_sc_hd__o41a_4)
                                         accumulator._0968_ (net)
                  0.09    0.00   19.42 v accumulator._1872_/A (sky130_fd_sc_hd__and2_4)
     5    0.01    0.04    0.17   19.59 v accumulator._1872_/X (sky130_fd_sc_hd__and2_4)
                                         accumulator._0969_ (net)
                  0.04    0.00   19.59 v accumulator._1895_/A (sky130_fd_sc_hd__buf_6)
    10    0.03    0.04    0.14   19.73 v accumulator._1895_/X (sky130_fd_sc_hd__buf_6)
                                         accumulator._0992_ (net)
                  0.04    0.00   19.73 v accumulator._1912_/A (sky130_fd_sc_hd__nor2_4)
     1    0.01    0.09    0.12   19.85 ^ accumulator._1912_/Y (sky130_fd_sc_hd__nor2_4)
                                         accumulator._1009_ (net)
                  0.09    0.00   19.85 ^ accumulator._1913_/A (sky130_fd_sc_hd__xor2_2)
     5    0.01    0.21    0.21   20.06 ^ accumulator._1913_/X (sky130_fd_sc_hd__xor2_2)
                                         accumulator._1010_ (net)
                  0.21    0.00   20.06 ^ accumulator._2072_/B1 (sky130_fd_sc_hd__o21ai_1)
     1    0.00    0.06    0.10   20.16 v accumulator._2072_/Y (sky130_fd_sc_hd__o21ai_1)
                                         accumulator._1169_ (net)
                  0.06    0.00   20.16 v accumulator._2073_/A1 (sky130_fd_sc_hd__a21oi_1)
     1    0.00    0.10    0.13   20.28 ^ accumulator._2073_/Y (sky130_fd_sc_hd__a21oi_1)
                                         accumulator._1170_ (net)
                  0.10    0.00   20.28 ^ accumulator._2074_/A2 (sky130_fd_sc_hd__o21ai_1)
     1    0.00    0.06    0.07   20.35 v accumulator._2074_/Y (sky130_fd_sc_hd__o21ai_1)
                                         accumulator._1171_ (net)
                  0.06    0.00   20.35 v accumulator._2075_/A2 (sky130_fd_sc_hd__a21o_1)
     1    0.00    0.03    0.18   20.53 v accumulator._2075_/X (sky130_fd_sc_hd__a21o_1)
                                         accumulator._1172_ (net)
                  0.03    0.00   20.53 v accumulator._2076_/A2 (sky130_fd_sc_hd__a21oi_1)
     1    0.00    0.10    0.13   20.66 ^ accumulator._2076_/Y (sky130_fd_sc_hd__a21oi_1)
                                         accumulator._1173_ (net)
                  0.10    0.00   20.66 ^ accumulator._2077_/A2 (sky130_fd_sc_hd__o21ai_1)
     1    0.00    0.06    0.07   20.73 v accumulator._2077_/Y (sky130_fd_sc_hd__o21ai_1)
                                         accumulator._1174_ (net)
                  0.06    0.00   20.73 v accumulator._2078_/A2 (sky130_fd_sc_hd__a21oi_1)
     1    0.00    0.10    0.14   20.87 ^ accumulator._2078_/Y (sky130_fd_sc_hd__a21oi_1)
                                         accumulator._1175_ (net)
                  0.10    0.00   20.87 ^ accumulator._2079_/A2 (sky130_fd_sc_hd__o21bai_1)
     1    0.00    0.05    0.07   20.94 v accumulator._2079_/Y (sky130_fd_sc_hd__o21bai_1)
                                         accumulator._1176_ (net)
                  0.05    0.00   20.94 v accumulator._2082_/A1 (sky130_fd_sc_hd__a21o_2)
     7    0.02    0.08    0.25   21.19 v accumulator._2082_/X (sky130_fd_sc_hd__a21o_2)
                                         accumulator._1180_ (net)
                  0.08    0.00   21.19 v clone13/A (sky130_fd_sc_hd__nand2_2)
     4    0.01    0.08    0.10   21.28 ^ clone13/Y (sky130_fd_sc_hd__nand2_2)
                                         net70 (net)
                  0.08    0.00   21.28 ^ accumulator._2084_/S (sky130_fd_sc_hd__mux2_1)
     2    0.00    0.06    0.34   21.62 v accumulator._2084_/X (sky130_fd_sc_hd__mux2_1)
                                         accumulator._1182_ (net)
                  0.06    0.00   21.62 v accumulator._2100_/A0 (sky130_fd_sc_hd__mux2_2)
     3    0.01    0.06    0.29   21.91 v accumulator._2100_/X (sky130_fd_sc_hd__mux2_2)
                                         accumulator._1198_ (net)
                  0.06    0.00   21.91 v accumulator._2105_/A2 (sky130_fd_sc_hd__a21o_1)
     2    0.00    0.04    0.19   22.11 v accumulator._2105_/X (sky130_fd_sc_hd__a21o_1)
                                         accumulator._0039_ (net)
                  0.04    0.00   22.11 v accumulator._2109_/A2 (sky130_fd_sc_hd__a32o_1)
     1    0.00    0.04    0.24   22.34 v accumulator._2109_/X (sky130_fd_sc_hd__a32o_1)
                                         accumulator._0043_ (net)
                  0.04    0.00   22.34 v accumulator._2110_/B (sky130_fd_sc_hd__and2_1)
     1    0.00    0.03    0.15   22.49 v accumulator._2110_/X (sky130_fd_sc_hd__and2_1)
                                         accumulator._0044_ (net)
                  0.03    0.00   22.49 v accumulator._2111_/A (sky130_fd_sc_hd__clkbuf_1)
     1    0.00    0.02    0.08   22.57 v accumulator._2111_/X (sky130_fd_sc_hd__clkbuf_1)
                                         accumulator._0002_ (net)
                  0.02    0.00   22.57 v accumulator._2401_/D (sky130_fd_sc_hd__dfxtp_1)
                                 22.57   data arrival time

                         25.00   25.00   clock clock (rise edge)
                          0.00   25.00   clock source latency
     1    0.01    0.04    0.03   25.03 ^ clock (in)
                                         clock (net)
                  0.04    0.00   25.03 ^ clkbuf_0_clock/A (sky130_fd_sc_hd__clkbuf_16)
     4    0.03    0.05    0.13   25.15 ^ clkbuf_0_clock/X (sky130_fd_sc_hd__clkbuf_16)
                                         clknet_0_clock (net)
                  0.05    0.00   25.15 ^ clkbuf_2_2__f_clock/A (sky130_fd_sc_hd__clkbuf_16)
    10    0.02    0.04    0.12   25.28 ^ clkbuf_2_2__f_clock/X (sky130_fd_sc_hd__clkbuf_16)
                                         clknet_2_2__leaf_clock (net)
                  0.04    0.00   25.28 ^ accumulator._2401_/CLK (sky130_fd_sc_hd__dfxtp_1)
                         -0.25   25.03   clock uncertainty
                          0.00   25.03   clock reconvergence pessimism
                         -0.10   24.92   library setup time
                                 24.92   data required time
-----------------------------------------------------------------------------
                                 24.92   data required time
                                -22.57   data arrival time
-----------------------------------------------------------------------------
                                  2.35   slack (MET)


Startpoint: io_inScaleA[7] (input port clocked by clock)
Endpoint: accumulator._2428_ (rising edge-triggered flip-flop clocked by clock)
Path Group: clock
Path Type: max

Fanout     Cap    Slew   Delay    Time   Description
-----------------------------------------------------------------------------
                          0.00    0.00   clock clock (rise edge)
                          0.00    0.00   clock network delay (propagated)
                          5.00    5.00 v input external delay
     1    0.00    0.01    0.00    5.00 v io_inScaleA[7] (in)
                                         io_inScaleA[7] (net)
                  0.01    0.00    5.00 v input16/A (sky130_fd_sc_hd__buf_2)
     5    0.01    0.04    0.13    5.13 v input16/X (sky130_fd_sc_hd__buf_2)
                                         net16 (net)
                  0.04    0.00    5.13 v scaleAdd._421_/A1 (sky130_fd_sc_hd__o21a_4)
     4    0.02    0.05    0.24    5.37 v scaleAdd._421_/X (sky130_fd_sc_hd__o21a_4)
                                         scaleAdd._002_ (net)
                  0.05    0.00    5.37 v scaleAdd._428_/A (sky130_fd_sc_hd__xor2_1)
     2    0.01    0.07    0.18    5.55 v scaleAdd._428_/X (sky130_fd_sc_hd__xor2_1)
                                         scaleAdd._009_ (net)
                  0.07    0.00    5.55 v scaleAdd._429_/A (sky130_fd_sc_hd__xnor2_1)
     2    0.01    0.20    0.23    5.78 ^ scaleAdd._429_/Y (sky130_fd_sc_hd__xnor2_1)
                                         scaleAdd._010_ (net)
                  0.20    0.00    5.78 ^ scaleAdd._431_/B (sky130_fd_sc_hd__xnor2_1)
     2    0.01    0.25    0.20    5.99 ^ scaleAdd._431_/Y (sky130_fd_sc_hd__xnor2_1)
                                         scaleAdd._012_ (net)
                  0.25    0.00    5.99 ^ scaleAdd._432_/B (sky130_fd_sc_hd__xnor2_1)
     2    0.01    0.20    0.19    6.18 ^ scaleAdd._432_/Y (sky130_fd_sc_hd__xnor2_1)
                                         scaleAdd._013_ (net)
                  0.20    0.00    6.18 ^ scaleAdd._435_/A (sky130_fd_sc_hd__xor2_1)
     2    0.01    0.26    0.28    6.46 ^ scaleAdd._435_/X (sky130_fd_sc_hd__xor2_1)
                                         scaleAdd._016_ (net)
                  0.26    0.00    6.46 ^ scaleAdd._436_/A (sky130_fd_sc_hd__xnor2_2)
     2    0.01    0.19    0.18    6.64 ^ scaleAdd._436_/Y (sky130_fd_sc_hd__xnor2_2)
                                         scaleAdd._017_ (net)
                  0.19    0.00    6.64 ^ scaleAdd._438_/B (sky130_fd_sc_hd__xnor2_2)
     2    0.01    0.20    0.17    6.81 ^ scaleAdd._438_/Y (sky130_fd_sc_hd__xnor2_2)
                                         scaleAdd._019_ (net)
                  0.20    0.00    6.81 ^ scaleAdd._439_/A (sky130_fd_sc_hd__xor2_2)
     5    0.02    0.29    0.29    7.10 ^ scaleAdd._439_/X (sky130_fd_sc_hd__xor2_2)
                                         scaleAdd._020_ (net)
                  0.29    0.00    7.10 ^ scaleAdd._443_/B (sky130_fd_sc_hd__xnor2_2)
     1    0.01    0.07    0.12    7.22 v scaleAdd._443_/Y (sky130_fd_sc_hd__xnor2_2)
                                         scaleAdd._024_ (net)
                  0.07    0.00    7.22 v scaleAdd._444_/A (sky130_fd_sc_hd__xnor2_2)
     6    0.01    0.22    0.24    7.46 ^ scaleAdd._444_/Y (sky130_fd_sc_hd__xnor2_2)
                                         scaleAdd._025_ (net)
                  0.22    0.00    7.46 ^ scaleAdd._445_/B_N (sky130_fd_sc_hd__or2b_4)
     3    0.01    0.05    0.31    7.78 v scaleAdd._445_/X (sky130_fd_sc_hd__or2b_4)
                                         scaleAdd._026_ (net)
                  0.05    0.00    7.78 v scaleAdd._448_/B1 (sky130_fd_sc_hd__a22o_1)
     2    0.00    0.05    0.19    7.97 v scaleAdd._448_/X (sky130_fd_sc_hd__a22o_1)
                                         scaleAdd._029_ (net)
                  0.05    0.00    7.97 v scaleAdd._452_/A2 (sky130_fd_sc_hd__a21o_1)
     2    0.00    0.04    0.19    8.16 v scaleAdd._452_/X (sky130_fd_sc_hd__a21o_1)
                                         scaleAdd._033_ (net)
                  0.04    0.00    8.16 v scaleAdd._454_/B2 (sky130_fd_sc_hd__a22o_1)
     3    0.01    0.06    0.22    8.38 v scaleAdd._454_/X (sky130_fd_sc_hd__a22o_1)
                                         scaleAdd._035_ (net)
                  0.06    0.00    8.38 v scaleAdd._456_/B (sky130_fd_sc_hd__and3_1)
     2    0.00    0.05    0.18    8.56 v scaleAdd._456_/X (sky130_fd_sc_hd__and3_1)
                                         scaleAdd._037_ (net)
                  0.05    0.00    8.56 v scaleAdd._458_/B (sky130_fd_sc_hd__or3_4)
     3    0.01    0.07    0.38    8.95 v scaleAdd._458_/X (sky130_fd_sc_hd__or3_4)
                                         scaleAdd._039_ (net)
                  0.07    0.00    8.95 v scaleAdd._492_/A1 (sky130_fd_sc_hd__a21o_1)
     3    0.01    0.07    0.21    9.15 v scaleAdd._492_/X (sky130_fd_sc_hd__a21o_1)
                                         scaleAdd._072_ (net)
                  0.07    0.00    9.15 v scaleAdd._539_/A1 (sky130_fd_sc_hd__a21oi_4)
     4    0.01    0.13    0.16    9.31 ^ scaleAdd._539_/Y (sky130_fd_sc_hd__a21oi_4)
                                         scaleAdd._118_ (net)
                  0.13    0.00    9.31 ^ scaleAdd._603_/A3 (sky130_fd_sc_hd__o311ai_2)
     3    0.01    0.10    0.11    9.42 v scaleAdd._603_/Y (sky130_fd_sc_hd__o311ai_2)
                                         scaleAdd._180_ (net)
                  0.10    0.00    9.42 v scaleAdd._652_/A1 (sky130_fd_sc_hd__a311o_1)
     3    0.01    0.07    0.31    9.72 v scaleAdd._652_/X (sky130_fd_sc_hd__a311o_1)
                                         scaleAdd._227_ (net)
                  0.07    0.00    9.72 v scaleAdd._688_/A1 (sky130_fd_sc_hd__a311o_1)
     3    0.01    0.10    0.33   10.06 v scaleAdd._688_/X (sky130_fd_sc_hd__a311o_1)
                                         scaleAdd._261_ (net)
                  0.10    0.00   10.06 v scaleAdd._708_/A1 (sky130_fd_sc_hd__a31oi_4)
     2    0.01    0.14    0.16   10.22 ^ scaleAdd._708_/Y (sky130_fd_sc_hd__a31oi_4)
                                         scaleAdd._279_ (net)
                  0.14    0.00   10.22 ^ rebuffer17/A (sky130_fd_sc_hd__buf_6)
     1    0.00    0.03    0.12   10.34 ^ rebuffer17/X (sky130_fd_sc_hd__buf_6)
                                         net74 (net)
                  0.03    0.00   10.34 ^ rebuffer10/A (sky130_fd_sc_hd__buf_6)
     1    0.02    0.05    0.10   10.44 ^ rebuffer10/X (sky130_fd_sc_hd__buf_6)
                                         net67 (net)
                  0.05    0.00   10.44 ^ scaleAdd._709_/A (sky130_fd_sc_hd__xnor2_4)
     4    0.01    0.06    0.08   10.52 v scaleAdd._709_/Y (sky130_fd_sc_hd__xnor2_4)
                                         accumulator.io_inMant[16] (net)
                  0.06    0.00   10.52 v accumulator._1204_/B (sky130_fd_sc_hd__or4_4)
     4    0.01    0.09    0.55   11.07 v accumulator._1204_/X (sky130_fd_sc_hd__or4_4)
                                         accumulator._0065_ (net)
                  0.09    0.00   11.07 v accumulator._1206_/B (sky130_fd_sc_hd__or2_4)
     3    0.01    0.05    0.26   11.32 v accumulator._1206_/X (sky130_fd_sc_hd__or2_4)
                                         accumulator._0085_ (net)
                  0.05    0.00   11.32 v accumulator._1207_/B (sky130_fd_sc_hd__or2_4)
     4    0.01    0.05    0.24   11.57 v accumulator._1207_/X (sky130_fd_sc_hd__or2_4)
                                         accumulator._0095_ (net)
                  0.05    0.00   11.57 v accumulator._1240_/B (sky130_fd_sc_hd__and2_1)
     2    0.00    0.04    0.17   11.73 v accumulator._1240_/X (sky130_fd_sc_hd__and2_1)
                                         accumulator._0339_ (net)
                  0.04    0.00   11.73 v accumulator._1241_/C1 (sky130_fd_sc_hd__a311o_1)
     3    0.01    0.07    0.30   12.03 v accumulator._1241_/X (sky130_fd_sc_hd__a311o_1)
                                         accumulator._0340_ (net)
                  0.07    0.00   12.03 v accumulator._1255_/A1 (sky130_fd_sc_hd__a21o_1)
     2    0.00    0.04    0.18   12.21 v accumulator._1255_/X (sky130_fd_sc_hd__a21o_1)
                                         accumulator._0354_ (net)
                  0.04    0.00   12.21 v accumulator._1257_/A2 (sky130_fd_sc_hd__a211o_1)
     3    0.01    0.06    0.31   12.53 v accumulator._1257_/X (sky130_fd_sc_hd__a211o_1)
                                         accumulator._0356_ (net)
                  0.06    0.00   12.53 v accumulator._1263_/B (sky130_fd_sc_hd__and2_4)
     5    0.01    0.04    0.18   12.70 v accumulator._1263_/X (sky130_fd_sc_hd__and2_4)
                                         accumulator._0362_ (net)
                  0.04    0.00   12.70 v accumulator._1274_/C (sky130_fd_sc_hd__or4_4)
     4    0.01    0.10    0.52   13.22 v accumulator._1274_/X (sky130_fd_sc_hd__or4_4)
                                         accumulator._0373_ (net)
                  0.10    0.00   13.22 v accumulator._1276_/A1 (sky130_fd_sc_hd__a21o_1)
     2    0.01    0.05    0.19   13.41 v accumulator._1276_/X (sky130_fd_sc_hd__a21o_1)
                                         accumulator._0375_ (net)
                  0.05    0.00   13.41 v accumulator._1278_/A1 (sky130_fd_sc_hd__a21o_4)
     2    0.02    0.05    0.23   13.64 v accumulator._1278_/X (sky130_fd_sc_hd__a21o_4)
                                         accumulator._0377_ (net)
                  0.05    0.00   13.64 v accumulator._1284_/A2 (sky130_fd_sc_hd__a21o_1)
     2    0.01    0.05    0.20   13.84 v accumulator._1284_/X (sky130_fd_sc_hd__a21o_1)
                                         accumulator._0383_ (net)
                  0.05    0.00   13.84 v accumulator._1285_/A2 (sky130_fd_sc_hd__a21o_4)
     2    0.02    0.05    0.25   14.09 v accumulator._1285_/X (sky130_fd_sc_hd__a21o_4)
                                         accumulator._0384_ (net)
                  0.05    0.00   14.09 v accumulator._1290_/A2 (sky130_fd_sc_hd__a21o_1)
     2    0.02    0.09    0.25   14.34 v accumulator._1290_/X (sky130_fd_sc_hd__a21o_1)
                                         accumulator._0389_ (net)
                  0.09    0.00   14.34 v accumulator._1293_/A2 (sky130_fd_sc_hd__a21boi_4)
     3    0.02    0.19    0.24   14.58 ^ accumulator._1293_/Y (sky130_fd_sc_hd__a21boi_4)
                                         accumulator._0392_ (net)
                  0.19    0.00   14.58 ^ accumulator._1302_/A (sky130_fd_sc_hd__xor2_2)
     4    0.01    0.18    0.21   14.79 ^ accumulator._1302_/X (sky130_fd_sc_hd__xor2_2)
                                         accumulator._0401_ (net)
                  0.18    0.00   14.79 ^ accumulator._1303_/A (sky130_fd_sc_hd__buf_6)
     6    0.02    0.05    0.15   14.94 ^ accumulator._1303_/X (sky130_fd_sc_hd__buf_6)
                                         accumulator._0402_ (net)
                  0.05    0.00   14.94 ^ accumulator._1335_/S (sky130_fd_sc_hd__mux2_4)
     5    0.01    0.06    0.33   15.27 v accumulator._1335_/X (sky130_fd_sc_hd__mux2_4)
                                         accumulator._0432_ (net)
                  0.06    0.00   15.27 v accumulator._1336_/A (sky130_fd_sc_hd__buf_2)
    10    0.02    0.07    0.18   15.45 v accumulator._1336_/X (sky130_fd_sc_hd__buf_2)
                                         accumulator._0433_ (net)
                  0.07    0.00   15.45 v accumulator._1373_/A1 (sky130_fd_sc_hd__a21o_1)
     2    0.00    0.04    0.17   15.62 v accumulator._1373_/X (sky130_fd_sc_hd__a21o_1)
                                         accumulator._0470_ (net)
                  0.04    0.00   15.62 v accumulator._1380_/A2 (sky130_fd_sc_hd__a21o_1)
     2    0.00    0.04    0.18   15.80 v accumulator._1380_/X (sky130_fd_sc_hd__a21o_1)
                                         accumulator._0477_ (net)
                  0.04    0.00   15.80 v accumulator._1403_/A (sky130_fd_sc_hd__and2_1)
     2    0.00    0.04    0.14   15.95 v accumulator._1403_/X (sky130_fd_sc_hd__and2_1)
                                         accumulator._0500_ (net)
                  0.04    0.00   15.95 v accumulator._1427_/A2 (sky130_fd_sc_hd__a211o_1)
     1    0.00    0.05    0.29   16.24 v accumulator._1427_/X (sky130_fd_sc_hd__a211o_1)
                                         accumulator._0524_ (net)
                  0.05    0.00   16.24 v accumulator._1505_/A2 (sky130_fd_sc_hd__a32o_2)
     4    0.01    0.07    0.31   16.55 v accumulator._1505_/X (sky130_fd_sc_hd__a32o_2)
                                         accumulator._0602_ (net)
                  0.07    0.00   16.55 v accumulator._1507_/A (sky130_fd_sc_hd__xnor2_2)
     3    0.01    0.23    0.25   16.80 ^ accumulator._1507_/Y (sky130_fd_sc_hd__xnor2_2)
                                         accumulator._0604_ (net)
                  0.23    0.00   16.80 ^ accumulator._1837_/A1 (sky130_fd_sc_hd__a311o_1)
     2    0.00    0.07    0.22   17.01 ^ accumulator._1837_/X (sky130_fd_sc_hd__a311o_1)
                                         accumulator._0934_ (net)
                  0.07    0.00   17.01 ^ accumulator._1839_/A3 (sky130_fd_sc_hd__a311o_1)
     3    0.01    0.10    0.21   17.22 ^ accumulator._1839_/X (sky130_fd_sc_hd__a311o_1)
                                         accumulator._0936_ (net)
                  0.10    0.00   17.22 ^ accumulator._1842_/A1 (sky130_fd_sc_hd__a311o_1)
     2    0.01    0.10    0.20   17.42 ^ accumulator._1842_/X (sky130_fd_sc_hd__a311o_1)
                                         accumulator._0939_ (net)
                  0.10    0.00   17.42 ^ accumulator._1844_/A1 (sky130_fd_sc_hd__a31oi_2)
     3    0.01    0.08    0.10   17.53 v accumulator._1844_/Y (sky130_fd_sc_hd__a31oi_2)
                                         accumulator._0941_ (net)
                  0.08    0.00   17.53 v accumulator._1846_/A1 (sky130_fd_sc_hd__a211o_1)
     3    0.01    0.06    0.30   17.82 v accumulator._1846_/X (sky130_fd_sc_hd__a211o_1)
                                         accumulator._0943_ (net)
                  0.06    0.00   17.82 v accumulator._1847_/A1 (sky130_fd_sc_hd__a311o_1)
     3    0.01    0.08    0.32   18.14 v accumulator._1847_/X (sky130_fd_sc_hd__a311o_1)
                                         accumulator._0944_ (net)
                  0.08    0.00   18.14 v accumulator._1855_/A3 (sky130_fd_sc_hd__o311a_4)
     4    0.01    0.07    0.36   18.50 v accumulator._1855_/X (sky130_fd_sc_hd__o311a_4)
                                         accumulator._0952_ (net)
                  0.07    0.00   18.50 v accumulator._1866_/A3 (sky130_fd_sc_hd__o31ai_4)
     3    0.01    0.19    0.20   18.69 ^ accumulator._1866_/Y (sky130_fd_sc_hd__o31ai_4)
                                         accumulator._0963_ (net)
                  0.19    0.00   18.69 ^ accumulator._1867_/B (sky130_fd_sc_hd__nand3b_1)
     1    0.00    0.06    0.10   18.79 v accumulator._1867_/Y (sky130_fd_sc_hd__nand3b_1)
                                         accumulator._0964_ (net)
                  0.06    0.00   18.79 v accumulator._1868_/C1 (sky130_fd_sc_hd__o211a_1)
     3    0.01    0.07    0.15   18.93 v accumulator._1868_/X (sky130_fd_sc_hd__o211a_1)
                                         accumulator._0965_ (net)
                  0.07    0.00   18.93 v accumulator._1871_/A3 (sky130_fd_sc_hd__o41a_4)
     7    0.02    0.09    0.48   19.42 v accumulator._1871_/X (sky130_fd_sc_hd__o41a_4)
                                         accumulator._0968_ (net)
                  0.09    0.00   19.42 v accumulator._1872_/A (sky130_fd_sc_hd__and2_4)
     5    0.01    0.04    0.17   19.59 v accumulator._1872_/X (sky130_fd_sc_hd__and2_4)
                                         accumulator._0969_ (net)
                  0.04    0.00   19.59 v accumulator._1895_/A (sky130_fd_sc_hd__buf_6)
    10    0.03    0.04    0.14   19.73 v accumulator._1895_/X (sky130_fd_sc_hd__buf_6)
                                         accumulator._0992_ (net)
                  0.04    0.00   19.73 v accumulator._1957_/A (sky130_fd_sc_hd__buf_2)
    10    0.02    0.07    0.17   19.89 v accumulator._1957_/X (sky130_fd_sc_hd__buf_2)
                                         accumulator._1054_ (net)
                  0.07    0.00   19.89 v accumulator._1981_/A (sky130_fd_sc_hd__nor2_1)
     1    0.00    0.11    0.13   20.03 ^ accumulator._1981_/Y (sky130_fd_sc_hd__nor2_1)
                                         accumulator._1078_ (net)
                  0.11    0.00   20.03 ^ accumulator._1982_/B (sky130_fd_sc_hd__xor2_1)
     2    0.01    0.19    0.22   20.24 ^ accumulator._1982_/X (sky130_fd_sc_hd__xor2_1)
                                         accumulator._1079_ (net)
                  0.19    0.00   20.24 ^ accumulator._1983_/A (sky130_fd_sc_hd__inv_2)
     4    0.01    0.05    0.07   20.31 v accumulator._1983_/Y (sky130_fd_sc_hd__inv_2)
                                         accumulator._1080_ (net)
                  0.05    0.00   20.31 v accumulator._1984_/B (sky130_fd_sc_hd__nor2_1)
     3    0.01    0.13    0.13   20.44 ^ accumulator._1984_/Y (sky130_fd_sc_hd__nor2_1)
                                         accumulator._1081_ (net)
                  0.13    0.00   20.44 ^ accumulator._2096_/B1_N (sky130_fd_sc_hd__a21bo_1)
     1    0.00    0.03    0.22   20.66 v accumulator._2096_/X (sky130_fd_sc_hd__a21bo_1)
                                         accumulator._1194_ (net)
                  0.03    0.00   20.66 v accumulator._2097_/A2 (sky130_fd_sc_hd__a21o_1)
     1    0.00    0.03    0.17   20.83 v accumulator._2097_/X (sky130_fd_sc_hd__a21o_1)
                                         accumulator._1195_ (net)
                  0.03    0.00   20.83 v accumulator._2098_/A2 (sky130_fd_sc_hd__a21o_2)
     8    0.02    0.08    0.27   21.09 v accumulator._2098_/X (sky130_fd_sc_hd__a21o_2)
                                         accumulator._1196_ (net)
                  0.08    0.00   21.09 v accumulator._2338_/A (sky130_fd_sc_hd__or2_1)
     2    0.01    0.07    0.27   21.36 v accumulator._2338_/X (sky130_fd_sc_hd__or2_1)
                                         accumulator._0270_ (net)
                  0.07    0.00   21.36 v accumulator._2342_/A (sky130_fd_sc_hd__xnor2_1)
     2    0.00    0.06    0.14   21.51 v accumulator._2342_/Y (sky130_fd_sc_hd__xnor2_1)
                                         accumulator._0275_ (net)
                  0.06    0.00   21.51 v accumulator._2343_/D1 (sky130_fd_sc_hd__a2111o_1)
     3    0.01    0.09    0.34   21.85 v accumulator._2343_/X (sky130_fd_sc_hd__a2111o_1)
                                         accumulator._0276_ (net)
                  0.09    0.00   21.85 v accumulator._2355_/A2 (sky130_fd_sc_hd__a21oi_2)
     3    0.01    0.12    0.18   22.02 ^ accumulator._2355_/Y (sky130_fd_sc_hd__a21oi_2)
                                         accumulator._0288_ (net)
                  0.12    0.00   22.02 ^ accumulator._2367_/A1 (sky130_fd_sc_hd__o21a_1)
     5    0.01    0.15    0.22   22.25 ^ accumulator._2367_/X (sky130_fd_sc_hd__o21a_1)
                                         accumulator._0300_ (net)
                  0.15    0.00   22.25 ^ accumulator._2369_/A (sky130_fd_sc_hd__nor2_1)
     1    0.00    0.04    0.07   22.31 v accumulator._2369_/Y (sky130_fd_sc_hd__nor2_1)
                                         accumulator._0302_ (net)
                  0.04    0.00   22.31 v accumulator._2371_/A2 (sky130_fd_sc_hd__o211a_1)
     1    0.00    0.03    0.20   22.51 v accumulator._2371_/X (sky130_fd_sc_hd__o211a_1)
                                         accumulator._0029_ (net)
                  0.03    0.00   22.51 v accumulator._2428_/D (sky130_fd_sc_hd__dfxtp_1)
                                 22.51   data arrival time

                         25.00   25.00   clock clock (rise edge)
                          0.00   25.00   clock source latency
     1    0.01    0.04    0.03   25.03 ^ clock (in)
                                         clock (net)
                  0.04    0.00   25.03 ^ clkbuf_0_clock/A (sky130_fd_sc_hd__clkbuf_16)
     4    0.03    0.05    0.13   25.15 ^ clkbuf_0_clock/X (sky130_fd_sc_hd__clkbuf_16)
                                         clknet_0_clock (net)
                  0.05    0.00   25.15 ^ clkbuf_2_1__f_clock/A (sky130_fd_sc_hd__clkbuf_16)
    10    0.02    0.04    0.12   25.28 ^ clkbuf_2_1__f_clock/X (sky130_fd_sc_hd__clkbuf_16)
                                         clknet_2_1__leaf_clock (net)
                  0.04    0.00   25.28 ^ accumulator._2428_/CLK (sky130_fd_sc_hd__dfxtp_1)
                         -0.25   25.03   clock uncertainty
                          0.00   25.03   clock reconvergence pessimism
                         -0.11   24.92   library setup time
                                 24.92   data required time
-----------------------------------------------------------------------------
                                 24.92   data required time
                                -22.51   data arrival time
-----------------------------------------------------------------------------
                                  2.41   slack (MET)


Startpoint: io_inScaleA[7] (input port clocked by clock)
Endpoint: accumulator._2427_ (rising edge-triggered flip-flop clocked by clock)
Path Group: clock
Path Type: max

Fanout     Cap    Slew   Delay    Time   Description
-----------------------------------------------------------------------------
                          0.00    0.00   clock clock (rise edge)
                          0.00    0.00   clock network delay (propagated)
                          5.00    5.00 v input external delay
     1    0.00    0.01    0.00    5.00 v io_inScaleA[7] (in)
                                         io_inScaleA[7] (net)
                  0.01    0.00    5.00 v input16/A (sky130_fd_sc_hd__buf_2)
     5    0.01    0.04    0.13    5.13 v input16/X (sky130_fd_sc_hd__buf_2)
                                         net16 (net)
                  0.04    0.00    5.13 v scaleAdd._421_/A1 (sky130_fd_sc_hd__o21a_4)
     4    0.02    0.05    0.24    5.37 v scaleAdd._421_/X (sky130_fd_sc_hd__o21a_4)
                                         scaleAdd._002_ (net)
                  0.05    0.00    5.37 v scaleAdd._428_/A (sky130_fd_sc_hd__xor2_1)
     2    0.01    0.07    0.18    5.55 v scaleAdd._428_/X (sky130_fd_sc_hd__xor2_1)
                                         scaleAdd._009_ (net)
                  0.07    0.00    5.55 v scaleAdd._429_/A (sky130_fd_sc_hd__xnor2_1)
     2    0.01    0.20    0.23    5.78 ^ scaleAdd._429_/Y (sky130_fd_sc_hd__xnor2_1)
                                         scaleAdd._010_ (net)
                  0.20    0.00    5.78 ^ scaleAdd._431_/B (sky130_fd_sc_hd__xnor2_1)
     2    0.01    0.25    0.20    5.99 ^ scaleAdd._431_/Y (sky130_fd_sc_hd__xnor2_1)
                                         scaleAdd._012_ (net)
                  0.25    0.00    5.99 ^ scaleAdd._432_/B (sky130_fd_sc_hd__xnor2_1)
     2    0.01    0.20    0.19    6.18 ^ scaleAdd._432_/Y (sky130_fd_sc_hd__xnor2_1)
                                         scaleAdd._013_ (net)
                  0.20    0.00    6.18 ^ scaleAdd._435_/A (sky130_fd_sc_hd__xor2_1)
     2    0.01    0.26    0.28    6.46 ^ scaleAdd._435_/X (sky130_fd_sc_hd__xor2_1)
                                         scaleAdd._016_ (net)
                  0.26    0.00    6.46 ^ scaleAdd._436_/A (sky130_fd_sc_hd__xnor2_2)
     2    0.01    0.19    0.18    6.64 ^ scaleAdd._436_/Y (sky130_fd_sc_hd__xnor2_2)
                                         scaleAdd._017_ (net)
                  0.19    0.00    6.64 ^ scaleAdd._438_/B (sky130_fd_sc_hd__xnor2_2)
     2    0.01    0.20    0.17    6.81 ^ scaleAdd._438_/Y (sky130_fd_sc_hd__xnor2_2)
                                         scaleAdd._019_ (net)
                  0.20    0.00    6.81 ^ scaleAdd._439_/A (sky130_fd_sc_hd__xor2_2)
     5    0.02    0.29    0.29    7.10 ^ scaleAdd._439_/X (sky130_fd_sc_hd__xor2_2)
                                         scaleAdd._020_ (net)
                  0.29    0.00    7.10 ^ scaleAdd._443_/B (sky130_fd_sc_hd__xnor2_2)
     1    0.01    0.07    0.12    7.22 v scaleAdd._443_/Y (sky130_fd_sc_hd__xnor2_2)
                                         scaleAdd._024_ (net)
                  0.07    0.00    7.22 v scaleAdd._444_/A (sky130_fd_sc_hd__xnor2_2)
     6    0.01    0.22    0.24    7.46 ^ scaleAdd._444_/Y (sky130_fd_sc_hd__xnor2_2)
                                         scaleAdd._025_ (net)
                  0.22    0.00    7.46 ^ scaleAdd._445_/B_N (sky130_fd_sc_hd__or2b_4)
     3    0.01    0.05    0.31    7.78 v scaleAdd._445_/X (sky130_fd_sc_hd__or2b_4)
                                         scaleAdd._026_ (net)
                  0.05    0.00    7.78 v scaleAdd._448_/B1 (sky130_fd_sc_hd__a22o_1)
     2    0.00    0.05    0.19    7.97 v scaleAdd._448_/X (sky130_fd_sc_hd__a22o_1)
                                         scaleAdd._029_ (net)
                  0.05    0.00    7.97 v scaleAdd._452_/A2 (sky130_fd_sc_hd__a21o_1)
     2    0.00    0.04    0.19    8.16 v scaleAdd._452_/X (sky130_fd_sc_hd__a21o_1)
                                         scaleAdd._033_ (net)
                  0.04    0.00    8.16 v scaleAdd._454_/B2 (sky130_fd_sc_hd__a22o_1)
     3    0.01    0.06    0.22    8.38 v scaleAdd._454_/X (sky130_fd_sc_hd__a22o_1)
                                         scaleAdd._035_ (net)
                  0.06    0.00    8.38 v scaleAdd._456_/B (sky130_fd_sc_hd__and3_1)
     2    0.00    0.05    0.18    8.56 v scaleAdd._456_/X (sky130_fd_sc_hd__and3_1)
                                         scaleAdd._037_ (net)
                  0.05    0.00    8.56 v scaleAdd._458_/B (sky130_fd_sc_hd__or3_4)
     3    0.01    0.07    0.38    8.95 v scaleAdd._458_/X (sky130_fd_sc_hd__or3_4)
                                         scaleAdd._039_ (net)
                  0.07    0.00    8.95 v scaleAdd._492_/A1 (sky130_fd_sc_hd__a21o_1)
     3    0.01    0.07    0.21    9.15 v scaleAdd._492_/X (sky130_fd_sc_hd__a21o_1)
                                         scaleAdd._072_ (net)
                  0.07    0.00    9.15 v scaleAdd._539_/A1 (sky130_fd_sc_hd__a21oi_4)
     4    0.01    0.13    0.16    9.31 ^ scaleAdd._539_/Y (sky130_fd_sc_hd__a21oi_4)
                                         scaleAdd._118_ (net)
                  0.13    0.00    9.31 ^ scaleAdd._603_/A3 (sky130_fd_sc_hd__o311ai_2)
     3    0.01    0.10    0.11    9.42 v scaleAdd._603_/Y (sky130_fd_sc_hd__o311ai_2)
                                         scaleAdd._180_ (net)
                  0.10    0.00    9.42 v scaleAdd._652_/A1 (sky130_fd_sc_hd__a311o_1)
     3    0.01    0.07    0.31    9.72 v scaleAdd._652_/X (sky130_fd_sc_hd__a311o_1)
                                         scaleAdd._227_ (net)
                  0.07    0.00    9.72 v scaleAdd._688_/A1 (sky130_fd_sc_hd__a311o_1)
     3    0.01    0.10    0.33   10.06 v scaleAdd._688_/X (sky130_fd_sc_hd__a311o_1)
                                         scaleAdd._261_ (net)
                  0.10    0.00   10.06 v scaleAdd._708_/A1 (sky130_fd_sc_hd__a31oi_4)
     2    0.01    0.14    0.16   10.22 ^ scaleAdd._708_/Y (sky130_fd_sc_hd__a31oi_4)
                                         scaleAdd._279_ (net)
                  0.14    0.00   10.22 ^ rebuffer17/A (sky130_fd_sc_hd__buf_6)
     1    0.00    0.03    0.12   10.34 ^ rebuffer17/X (sky130_fd_sc_hd__buf_6)
                                         net74 (net)
                  0.03    0.00   10.34 ^ rebuffer10/A (sky130_fd_sc_hd__buf_6)
     1    0.02    0.05    0.10   10.44 ^ rebuffer10/X (sky130_fd_sc_hd__buf_6)
                                         net67 (net)
                  0.05    0.00   10.44 ^ scaleAdd._709_/A (sky130_fd_sc_hd__xnor2_4)
     4    0.01    0.06    0.08   10.52 v scaleAdd._709_/Y (sky130_fd_sc_hd__xnor2_4)
                                         accumulator.io_inMant[16] (net)
                  0.06    0.00   10.52 v accumulator._1204_/B (sky130_fd_sc_hd__or4_4)
     4    0.01    0.09    0.55   11.07 v accumulator._1204_/X (sky130_fd_sc_hd__or4_4)
                                         accumulator._0065_ (net)
                  0.09    0.00   11.07 v accumulator._1206_/B (sky130_fd_sc_hd__or2_4)
     3    0.01    0.05    0.26   11.32 v accumulator._1206_/X (sky130_fd_sc_hd__or2_4)
                                         accumulator._0085_ (net)
                  0.05    0.00   11.32 v accumulator._1207_/B (sky130_fd_sc_hd__or2_4)
     4    0.01    0.05    0.24   11.57 v accumulator._1207_/X (sky130_fd_sc_hd__or2_4)
                                         accumulator._0095_ (net)
                  0.05    0.00   11.57 v accumulator._1240_/B (sky130_fd_sc_hd__and2_1)
     2    0.00    0.04    0.17   11.73 v accumulator._1240_/X (sky130_fd_sc_hd__and2_1)
                                         accumulator._0339_ (net)
                  0.04    0.00   11.73 v accumulator._1241_/C1 (sky130_fd_sc_hd__a311o_1)
     3    0.01    0.07    0.30   12.03 v accumulator._1241_/X (sky130_fd_sc_hd__a311o_1)
                                         accumulator._0340_ (net)
                  0.07    0.00   12.03 v accumulator._1255_/A1 (sky130_fd_sc_hd__a21o_1)
     2    0.00    0.04    0.18   12.21 v accumulator._1255_/X (sky130_fd_sc_hd__a21o_1)
                                         accumulator._0354_ (net)
                  0.04    0.00   12.21 v accumulator._1257_/A2 (sky130_fd_sc_hd__a211o_1)
     3    0.01    0.06    0.31   12.53 v accumulator._1257_/X (sky130_fd_sc_hd__a211o_1)
                                         accumulator._0356_ (net)
                  0.06    0.00   12.53 v accumulator._1263_/B (sky130_fd_sc_hd__and2_4)
     5    0.01    0.04    0.18   12.70 v accumulator._1263_/X (sky130_fd_sc_hd__and2_4)
                                         accumulator._0362_ (net)
                  0.04    0.00   12.70 v accumulator._1274_/C (sky130_fd_sc_hd__or4_4)
     4    0.01    0.10    0.52   13.22 v accumulator._1274_/X (sky130_fd_sc_hd__or4_4)
                                         accumulator._0373_ (net)
                  0.10    0.00   13.22 v accumulator._1276_/A1 (sky130_fd_sc_hd__a21o_1)
     2    0.01    0.05    0.19   13.41 v accumulator._1276_/X (sky130_fd_sc_hd__a21o_1)
                                         accumulator._0375_ (net)
                  0.05    0.00   13.41 v accumulator._1278_/A1 (sky130_fd_sc_hd__a21o_4)
     2    0.02    0.05    0.23   13.64 v accumulator._1278_/X (sky130_fd_sc_hd__a21o_4)
                                         accumulator._0377_ (net)
                  0.05    0.00   13.64 v accumulator._1284_/A2 (sky130_fd_sc_hd__a21o_1)
     2    0.01    0.05    0.20   13.84 v accumulator._1284_/X (sky130_fd_sc_hd__a21o_1)
                                         accumulator._0383_ (net)
                  0.05    0.00   13.84 v accumulator._1285_/A2 (sky130_fd_sc_hd__a21o_4)
     2    0.02    0.05    0.25   14.09 v accumulator._1285_/X (sky130_fd_sc_hd__a21o_4)
                                         accumulator._0384_ (net)
                  0.05    0.00   14.09 v accumulator._1290_/A2 (sky130_fd_sc_hd__a21o_1)
     2    0.02    0.09    0.25   14.34 v accumulator._1290_/X (sky130_fd_sc_hd__a21o_1)
                                         accumulator._0389_ (net)
                  0.09    0.00   14.34 v accumulator._1293_/A2 (sky130_fd_sc_hd__a21boi_4)
     3    0.02    0.19    0.24   14.58 ^ accumulator._1293_/Y (sky130_fd_sc_hd__a21boi_4)
                                         accumulator._0392_ (net)
                  0.19    0.00   14.58 ^ accumulator._1302_/A (sky130_fd_sc_hd__xor2_2)
     4    0.01    0.18    0.21   14.79 ^ accumulator._1302_/X (sky130_fd_sc_hd__xor2_2)
                                         accumulator._0401_ (net)
                  0.18    0.00   14.79 ^ accumulator._1303_/A (sky130_fd_sc_hd__buf_6)
     6    0.02    0.05    0.15   14.94 ^ accumulator._1303_/X (sky130_fd_sc_hd__buf_6)
                                         accumulator._0402_ (net)
                  0.05    0.00   14.94 ^ accumulator._1335_/S (sky130_fd_sc_hd__mux2_4)
     5    0.01    0.06    0.33   15.27 v accumulator._1335_/X (sky130_fd_sc_hd__mux2_4)
                                         accumulator._0432_ (net)
                  0.06    0.00   15.27 v accumulator._1336_/A (sky130_fd_sc_hd__buf_2)
    10    0.02    0.07    0.18   15.45 v accumulator._1336_/X (sky130_fd_sc_hd__buf_2)
                                         accumulator._0433_ (net)
                  0.07    0.00   15.45 v accumulator._1373_/A1 (sky130_fd_sc_hd__a21o_1)
     2    0.00    0.04    0.17   15.62 v accumulator._1373_/X (sky130_fd_sc_hd__a21o_1)
                                         accumulator._0470_ (net)
                  0.04    0.00   15.62 v accumulator._1380_/A2 (sky130_fd_sc_hd__a21o_1)
     2    0.00    0.04    0.18   15.80 v accumulator._1380_/X (sky130_fd_sc_hd__a21o_1)
                                         accumulator._0477_ (net)
                  0.04    0.00   15.80 v accumulator._1403_/A (sky130_fd_sc_hd__and2_1)
     2    0.00    0.04    0.14   15.95 v accumulator._1403_/X (sky130_fd_sc_hd__and2_1)
                                         accumulator._0500_ (net)
                  0.04    0.00   15.95 v accumulator._1427_/A2 (sky130_fd_sc_hd__a211o_1)
     1    0.00    0.05    0.29   16.24 v accumulator._1427_/X (sky130_fd_sc_hd__a211o_1)
                                         accumulator._0524_ (net)
                  0.05    0.00   16.24 v accumulator._1505_/A2 (sky130_fd_sc_hd__a32o_2)
     4    0.01    0.07    0.31   16.55 v accumulator._1505_/X (sky130_fd_sc_hd__a32o_2)
                                         accumulator._0602_ (net)
                  0.07    0.00   16.55 v accumulator._1507_/A (sky130_fd_sc_hd__xnor2_2)
     3    0.01    0.23    0.25   16.80 ^ accumulator._1507_/Y (sky130_fd_sc_hd__xnor2_2)
                                         accumulator._0604_ (net)
                  0.23    0.00   16.80 ^ accumulator._1837_/A1 (sky130_fd_sc_hd__a311o_1)
     2    0.00    0.07    0.22   17.01 ^ accumulator._1837_/X (sky130_fd_sc_hd__a311o_1)
                                         accumulator._0934_ (net)
                  0.07    0.00   17.01 ^ accumulator._1839_/A3 (sky130_fd_sc_hd__a311o_1)
     3    0.01    0.10    0.21   17.22 ^ accumulator._1839_/X (sky130_fd_sc_hd__a311o_1)
                                         accumulator._0936_ (net)
                  0.10    0.00   17.22 ^ accumulator._1842_/A1 (sky130_fd_sc_hd__a311o_1)
     2    0.01    0.10    0.20   17.42 ^ accumulator._1842_/X (sky130_fd_sc_hd__a311o_1)
                                         accumulator._0939_ (net)
                  0.10    0.00   17.42 ^ accumulator._1844_/A1 (sky130_fd_sc_hd__a31oi_2)
     3    0.01    0.08    0.10   17.53 v accumulator._1844_/Y (sky130_fd_sc_hd__a31oi_2)
                                         accumulator._0941_ (net)
                  0.08    0.00   17.53 v accumulator._1846_/A1 (sky130_fd_sc_hd__a211o_1)
     3    0.01    0.06    0.30   17.82 v accumulator._1846_/X (sky130_fd_sc_hd__a211o_1)
                                         accumulator._0943_ (net)
                  0.06    0.00   17.82 v accumulator._1847_/A1 (sky130_fd_sc_hd__a311o_1)
     3    0.01    0.08    0.32   18.14 v accumulator._1847_/X (sky130_fd_sc_hd__a311o_1)
                                         accumulator._0944_ (net)
                  0.08    0.00   18.14 v accumulator._1855_/A3 (sky130_fd_sc_hd__o311a_4)
     4    0.01    0.07    0.36   18.50 v accumulator._1855_/X (sky130_fd_sc_hd__o311a_4)
                                         accumulator._0952_ (net)
                  0.07    0.00   18.50 v accumulator._1866_/A3 (sky130_fd_sc_hd__o31ai_4)
     3    0.01    0.19    0.20   18.69 ^ accumulator._1866_/Y (sky130_fd_sc_hd__o31ai_4)
                                         accumulator._0963_ (net)
                  0.19    0.00   18.69 ^ accumulator._1867_/B (sky130_fd_sc_hd__nand3b_1)
     1    0.00    0.06    0.10   18.79 v accumulator._1867_/Y (sky130_fd_sc_hd__nand3b_1)
                                         accumulator._0964_ (net)
                  0.06    0.00   18.79 v accumulator._1868_/C1 (sky130_fd_sc_hd__o211a_1)
     3    0.01    0.07    0.15   18.93 v accumulator._1868_/X (sky130_fd_sc_hd__o211a_1)
                                         accumulator._0965_ (net)
                  0.07    0.00   18.93 v accumulator._1871_/A3 (sky130_fd_sc_hd__o41a_4)
     7    0.02    0.09    0.48   19.42 v accumulator._1871_/X (sky130_fd_sc_hd__o41a_4)
                                         accumulator._0968_ (net)
                  0.09    0.00   19.42 v accumulator._1872_/A (sky130_fd_sc_hd__and2_4)
     5    0.01    0.04    0.17   19.59 v accumulator._1872_/X (sky130_fd_sc_hd__and2_4)
                                         accumulator._0969_ (net)
                  0.04    0.00   19.59 v accumulator._1895_/A (sky130_fd_sc_hd__buf_6)
    10    0.03    0.04    0.14   19.73 v accumulator._1895_/X (sky130_fd_sc_hd__buf_6)
                                         accumulator._0992_ (net)
                  0.04    0.00   19.73 v accumulator._1957_/A (sky130_fd_sc_hd__buf_2)
    10    0.02    0.07    0.17   19.89 v accumulator._1957_/X (sky130_fd_sc_hd__buf_2)
                                         accumulator._1054_ (net)
                  0.07    0.00   19.89 v accumulator._1981_/A (sky130_fd_sc_hd__nor2_1)
     1    0.00    0.11    0.13   20.03 ^ accumulator._1981_/Y (sky130_fd_sc_hd__nor2_1)
                                         accumulator._1078_ (net)
                  0.11    0.00   20.03 ^ accumulator._1982_/B (sky130_fd_sc_hd__xor2_1)
     2    0.01    0.19    0.22   20.24 ^ accumulator._1982_/X (sky130_fd_sc_hd__xor2_1)
                                         accumulator._1079_ (net)
                  0.19    0.00   20.24 ^ accumulator._1983_/A (sky130_fd_sc_hd__inv_2)
     4    0.01    0.05    0.07   20.31 v accumulator._1983_/Y (sky130_fd_sc_hd__inv_2)
                                         accumulator._1080_ (net)
                  0.05    0.00   20.31 v accumulator._1984_/B (sky130_fd_sc_hd__nor2_1)
     3    0.01    0.13    0.13   20.44 ^ accumulator._1984_/Y (sky130_fd_sc_hd__nor2_1)
                                         accumulator._1081_ (net)
                  0.13    0.00   20.44 ^ accumulator._2096_/B1_N (sky130_fd_sc_hd__a21bo_1)
     1    0.00    0.03    0.22   20.66 v accumulator._2096_/X (sky130_fd_sc_hd__a21bo_1)
                                         accumulator._1194_ (net)
                  0.03    0.00   20.66 v accumulator._2097_/A2 (sky130_fd_sc_hd__a21o_1)
     1    0.00    0.03    0.17   20.83 v accumulator._2097_/X (sky130_fd_sc_hd__a21o_1)
                                         accumulator._1195_ (net)
                  0.03    0.00   20.83 v accumulator._2098_/A2 (sky130_fd_sc_hd__a21o_2)
     8    0.02    0.08    0.27   21.09 v accumulator._2098_/X (sky130_fd_sc_hd__a21o_2)
                                         accumulator._1196_ (net)
                  0.08    0.00   21.09 v accumulator._2338_/A (sky130_fd_sc_hd__or2_1)
     2    0.01    0.07    0.27   21.36 v accumulator._2338_/X (sky130_fd_sc_hd__or2_1)
                                         accumulator._0270_ (net)
                  0.07    0.00   21.36 v accumulator._2342_/A (sky130_fd_sc_hd__xnor2_1)
     2    0.00    0.06    0.14   21.51 v accumulator._2342_/Y (sky130_fd_sc_hd__xnor2_1)
                                         accumulator._0275_ (net)
                  0.06    0.00   21.51 v accumulator._2343_/D1 (sky130_fd_sc_hd__a2111o_1)
     3    0.01    0.09    0.34   21.85 v accumulator._2343_/X (sky130_fd_sc_hd__a2111o_1)
                                         accumulator._0276_ (net)
                  0.09    0.00   21.85 v accumulator._2354_/B (sky130_fd_sc_hd__and3_1)
     1    0.00    0.03    0.18   22.02 v accumulator._2354_/X (sky130_fd_sc_hd__and3_1)
                                         accumulator._0287_ (net)
                  0.03    0.00   22.02 v accumulator._2356_/A (sky130_fd_sc_hd__or2_1)
     1    0.00    0.05    0.22   22.24 v accumulator._2356_/X (sky130_fd_sc_hd__or2_1)
                                         accumulator._0289_ (net)
                  0.05    0.00   22.24 v accumulator._2358_/A2 (sky130_fd_sc_hd__a21oi_1)
     1    0.00    0.08    0.12   22.37 ^ accumulator._2358_/Y (sky130_fd_sc_hd__a21oi_1)
                                         accumulator._0028_ (net)
                  0.08    0.00   22.37 ^ accumulator._2427_/D (sky130_fd_sc_hd__dfxtp_1)
                                 22.37   data arrival time

                         25.00   25.00   clock clock (rise edge)
                          0.00   25.00   clock source latency
     1    0.01    0.04    0.03   25.03 ^ clock (in)
                                         clock (net)
                  0.04    0.00   25.03 ^ clkbuf_0_clock/A (sky130_fd_sc_hd__clkbuf_16)
     4    0.03    0.05    0.13   25.15 ^ clkbuf_0_clock/X (sky130_fd_sc_hd__clkbuf_16)
                                         clknet_0_clock (net)
                  0.05    0.00   25.15 ^ clkbuf_2_1__f_clock/A (sky130_fd_sc_hd__clkbuf_16)
    10    0.02    0.04    0.12   25.28 ^ clkbuf_2_1__f_clock/X (sky130_fd_sc_hd__clkbuf_16)
                                         clknet_2_1__leaf_clock (net)
                  0.04    0.00   25.28 ^ accumulator._2427_/CLK (sky130_fd_sc_hd__dfxtp_1)
                         -0.25   25.03   clock uncertainty
                          0.00   25.03   clock reconvergence pessimism
                         -0.06   24.96   library setup time
                                 24.96   data required time
-----------------------------------------------------------------------------
                                 24.96   data required time
                                -22.37   data arrival time
-----------------------------------------------------------------------------
                                  2.59   slack (MET)


Startpoint: io_inScaleA[7] (input port clocked by clock)
Endpoint: accumulator._2426_ (rising edge-triggered flip-flop clocked by clock)
Path Group: clock
Path Type: max

Fanout     Cap    Slew   Delay    Time   Description
-----------------------------------------------------------------------------
                          0.00    0.00   clock clock (rise edge)
                          0.00    0.00   clock network delay (propagated)
                          5.00    5.00 v input external delay
     1    0.00    0.01    0.00    5.00 v io_inScaleA[7] (in)
                                         io_inScaleA[7] (net)
                  0.01    0.00    5.00 v input16/A (sky130_fd_sc_hd__buf_2)
     5    0.01    0.04    0.13    5.13 v input16/X (sky130_fd_sc_hd__buf_2)
                                         net16 (net)
                  0.04    0.00    5.13 v scaleAdd._421_/A1 (sky130_fd_sc_hd__o21a_4)
     4    0.02    0.05    0.24    5.37 v scaleAdd._421_/X (sky130_fd_sc_hd__o21a_4)
                                         scaleAdd._002_ (net)
                  0.05    0.00    5.37 v scaleAdd._428_/A (sky130_fd_sc_hd__xor2_1)
     2    0.01    0.07    0.18    5.55 v scaleAdd._428_/X (sky130_fd_sc_hd__xor2_1)
                                         scaleAdd._009_ (net)
                  0.07    0.00    5.55 v scaleAdd._429_/A (sky130_fd_sc_hd__xnor2_1)
     2    0.01    0.20    0.23    5.78 ^ scaleAdd._429_/Y (sky130_fd_sc_hd__xnor2_1)
                                         scaleAdd._010_ (net)
                  0.20    0.00    5.78 ^ scaleAdd._431_/B (sky130_fd_sc_hd__xnor2_1)
     2    0.01    0.25    0.20    5.99 ^ scaleAdd._431_/Y (sky130_fd_sc_hd__xnor2_1)
                                         scaleAdd._012_ (net)
                  0.25    0.00    5.99 ^ scaleAdd._432_/B (sky130_fd_sc_hd__xnor2_1)
     2    0.01    0.20    0.19    6.18 ^ scaleAdd._432_/Y (sky130_fd_sc_hd__xnor2_1)
                                         scaleAdd._013_ (net)
                  0.20    0.00    6.18 ^ scaleAdd._435_/A (sky130_fd_sc_hd__xor2_1)
     2    0.01    0.26    0.28    6.46 ^ scaleAdd._435_/X (sky130_fd_sc_hd__xor2_1)
                                         scaleAdd._016_ (net)
                  0.26    0.00    6.46 ^ scaleAdd._436_/A (sky130_fd_sc_hd__xnor2_2)
     2    0.01    0.19    0.18    6.64 ^ scaleAdd._436_/Y (sky130_fd_sc_hd__xnor2_2)
                                         scaleAdd._017_ (net)
                  0.19    0.00    6.64 ^ scaleAdd._438_/B (sky130_fd_sc_hd__xnor2_2)
     2    0.01    0.20    0.17    6.81 ^ scaleAdd._438_/Y (sky130_fd_sc_hd__xnor2_2)
                                         scaleAdd._019_ (net)
                  0.20    0.00    6.81 ^ scaleAdd._439_/A (sky130_fd_sc_hd__xor2_2)
     5    0.02    0.29    0.29    7.10 ^ scaleAdd._439_/X (sky130_fd_sc_hd__xor2_2)
                                         scaleAdd._020_ (net)
                  0.29    0.00    7.10 ^ scaleAdd._443_/B (sky130_fd_sc_hd__xnor2_2)
     1    0.01    0.07    0.12    7.22 v scaleAdd._443_/Y (sky130_fd_sc_hd__xnor2_2)
                                         scaleAdd._024_ (net)
                  0.07    0.00    7.22 v scaleAdd._444_/A (sky130_fd_sc_hd__xnor2_2)
     6    0.01    0.22    0.24    7.46 ^ scaleAdd._444_/Y (sky130_fd_sc_hd__xnor2_2)
                                         scaleAdd._025_ (net)
                  0.22    0.00    7.46 ^ scaleAdd._445_/B_N (sky130_fd_sc_hd__or2b_4)
     3    0.01    0.05    0.31    7.78 v scaleAdd._445_/X (sky130_fd_sc_hd__or2b_4)
                                         scaleAdd._026_ (net)
                  0.05    0.00    7.78 v scaleAdd._448_/B1 (sky130_fd_sc_hd__a22o_1)
     2    0.00    0.05    0.19    7.97 v scaleAdd._448_/X (sky130_fd_sc_hd__a22o_1)
                                         scaleAdd._029_ (net)
                  0.05    0.00    7.97 v scaleAdd._452_/A2 (sky130_fd_sc_hd__a21o_1)
     2    0.00    0.04    0.19    8.16 v scaleAdd._452_/X (sky130_fd_sc_hd__a21o_1)
                                         scaleAdd._033_ (net)
                  0.04    0.00    8.16 v scaleAdd._454_/B2 (sky130_fd_sc_hd__a22o_1)
     3    0.01    0.06    0.22    8.38 v scaleAdd._454_/X (sky130_fd_sc_hd__a22o_1)
                                         scaleAdd._035_ (net)
                  0.06    0.00    8.38 v scaleAdd._456_/B (sky130_fd_sc_hd__and3_1)
     2    0.00    0.05    0.18    8.56 v scaleAdd._456_/X (sky130_fd_sc_hd__and3_1)
                                         scaleAdd._037_ (net)
                  0.05    0.00    8.56 v scaleAdd._458_/B (sky130_fd_sc_hd__or3_4)
     3    0.01    0.07    0.38    8.95 v scaleAdd._458_/X (sky130_fd_sc_hd__or3_4)
                                         scaleAdd._039_ (net)
                  0.07    0.00    8.95 v scaleAdd._492_/A1 (sky130_fd_sc_hd__a21o_1)
     3    0.01    0.07    0.21    9.15 v scaleAdd._492_/X (sky130_fd_sc_hd__a21o_1)
                                         scaleAdd._072_ (net)
                  0.07    0.00    9.15 v scaleAdd._539_/A1 (sky130_fd_sc_hd__a21oi_4)
     4    0.01    0.13    0.16    9.31 ^ scaleAdd._539_/Y (sky130_fd_sc_hd__a21oi_4)
                                         scaleAdd._118_ (net)
                  0.13    0.00    9.31 ^ scaleAdd._603_/A3 (sky130_fd_sc_hd__o311ai_2)
     3    0.01    0.10    0.11    9.42 v scaleAdd._603_/Y (sky130_fd_sc_hd__o311ai_2)
                                         scaleAdd._180_ (net)
                  0.10    0.00    9.42 v scaleAdd._652_/A1 (sky130_fd_sc_hd__a311o_1)
     3    0.01    0.07    0.31    9.72 v scaleAdd._652_/X (sky130_fd_sc_hd__a311o_1)
                                         scaleAdd._227_ (net)
                  0.07    0.00    9.72 v scaleAdd._688_/A1 (sky130_fd_sc_hd__a311o_1)
     3    0.01    0.10    0.33   10.06 v scaleAdd._688_/X (sky130_fd_sc_hd__a311o_1)
                                         scaleAdd._261_ (net)
                  0.10    0.00   10.06 v scaleAdd._708_/A1 (sky130_fd_sc_hd__a31oi_4)
     2    0.01    0.14    0.16   10.22 ^ scaleAdd._708_/Y (sky130_fd_sc_hd__a31oi_4)
                                         scaleAdd._279_ (net)
                  0.14    0.00   10.22 ^ rebuffer17/A (sky130_fd_sc_hd__buf_6)
     1    0.00    0.03    0.12   10.34 ^ rebuffer17/X (sky130_fd_sc_hd__buf_6)
                                         net74 (net)
                  0.03    0.00   10.34 ^ rebuffer10/A (sky130_fd_sc_hd__buf_6)
     1    0.02    0.05    0.10   10.44 ^ rebuffer10/X (sky130_fd_sc_hd__buf_6)
                                         net67 (net)
                  0.05    0.00   10.44 ^ scaleAdd._709_/A (sky130_fd_sc_hd__xnor2_4)
     4    0.01    0.06    0.08   10.52 v scaleAdd._709_/Y (sky130_fd_sc_hd__xnor2_4)
                                         accumulator.io_inMant[16] (net)
                  0.06    0.00   10.52 v accumulator._1204_/B (sky130_fd_sc_hd__or4_4)
     4    0.01    0.09    0.55   11.07 v accumulator._1204_/X (sky130_fd_sc_hd__or4_4)
                                         accumulator._0065_ (net)
                  0.09    0.00   11.07 v accumulator._1206_/B (sky130_fd_sc_hd__or2_4)
     3    0.01    0.05    0.26   11.32 v accumulator._1206_/X (sky130_fd_sc_hd__or2_4)
                                         accumulator._0085_ (net)
                  0.05    0.00   11.32 v accumulator._1207_/B (sky130_fd_sc_hd__or2_4)
     4    0.01    0.05    0.24   11.57 v accumulator._1207_/X (sky130_fd_sc_hd__or2_4)
                                         accumulator._0095_ (net)
                  0.05    0.00   11.57 v accumulator._1240_/B (sky130_fd_sc_hd__and2_1)
     2    0.00    0.04    0.17   11.73 v accumulator._1240_/X (sky130_fd_sc_hd__and2_1)
                                         accumulator._0339_ (net)
                  0.04    0.00   11.73 v accumulator._1241_/C1 (sky130_fd_sc_hd__a311o_1)
     3    0.01    0.07    0.30   12.03 v accumulator._1241_/X (sky130_fd_sc_hd__a311o_1)
                                         accumulator._0340_ (net)
                  0.07    0.00   12.03 v accumulator._1255_/A1 (sky130_fd_sc_hd__a21o_1)
     2    0.00    0.04    0.18   12.21 v accumulator._1255_/X (sky130_fd_sc_hd__a21o_1)
                                         accumulator._0354_ (net)
                  0.04    0.00   12.21 v accumulator._1257_/A2 (sky130_fd_sc_hd__a211o_1)
     3    0.01    0.06    0.31   12.53 v accumulator._1257_/X (sky130_fd_sc_hd__a211o_1)
                                         accumulator._0356_ (net)
                  0.06    0.00   12.53 v accumulator._1263_/B (sky130_fd_sc_hd__and2_4)
     5    0.01    0.04    0.18   12.70 v accumulator._1263_/X (sky130_fd_sc_hd__and2_4)
                                         accumulator._0362_ (net)
                  0.04    0.00   12.70 v accumulator._1274_/C (sky130_fd_sc_hd__or4_4)
     4    0.01    0.10    0.52   13.22 v accumulator._1274_/X (sky130_fd_sc_hd__or4_4)
                                         accumulator._0373_ (net)
                  0.10    0.00   13.22 v accumulator._1276_/A1 (sky130_fd_sc_hd__a21o_1)
     2    0.01    0.05    0.19   13.41 v accumulator._1276_/X (sky130_fd_sc_hd__a21o_1)
                                         accumulator._0375_ (net)
                  0.05    0.00   13.41 v accumulator._1278_/A1 (sky130_fd_sc_hd__a21o_4)
     2    0.02    0.05    0.23   13.64 v accumulator._1278_/X (sky130_fd_sc_hd__a21o_4)
                                         accumulator._0377_ (net)
                  0.05    0.00   13.64 v accumulator._1284_/A2 (sky130_fd_sc_hd__a21o_1)
     2    0.01    0.05    0.20   13.84 v accumulator._1284_/X (sky130_fd_sc_hd__a21o_1)
                                         accumulator._0383_ (net)
                  0.05    0.00   13.84 v accumulator._1285_/A2 (sky130_fd_sc_hd__a21o_4)
     2    0.02    0.05    0.25   14.09 v accumulator._1285_/X (sky130_fd_sc_hd__a21o_4)
                                         accumulator._0384_ (net)
                  0.05    0.00   14.09 v accumulator._1290_/A2 (sky130_fd_sc_hd__a21o_1)
     2    0.02    0.09    0.25   14.34 v accumulator._1290_/X (sky130_fd_sc_hd__a21o_1)
                                         accumulator._0389_ (net)
                  0.09    0.00   14.34 v accumulator._1293_/A2 (sky130_fd_sc_hd__a21boi_4)
     3    0.02    0.19    0.24   14.58 ^ accumulator._1293_/Y (sky130_fd_sc_hd__a21boi_4)
                                         accumulator._0392_ (net)
                  0.19    0.00   14.58 ^ accumulator._1302_/A (sky130_fd_sc_hd__xor2_2)
     4    0.01    0.18    0.21   14.79 ^ accumulator._1302_/X (sky130_fd_sc_hd__xor2_2)
                                         accumulator._0401_ (net)
                  0.18    0.00   14.79 ^ accumulator._1303_/A (sky130_fd_sc_hd__buf_6)
     6    0.02    0.05    0.15   14.94 ^ accumulator._1303_/X (sky130_fd_sc_hd__buf_6)
                                         accumulator._0402_ (net)
                  0.05    0.00   14.94 ^ accumulator._1335_/S (sky130_fd_sc_hd__mux2_4)
     5    0.01    0.06    0.33   15.27 v accumulator._1335_/X (sky130_fd_sc_hd__mux2_4)
                                         accumulator._0432_ (net)
                  0.06    0.00   15.27 v accumulator._1336_/A (sky130_fd_sc_hd__buf_2)
    10    0.02    0.07    0.18   15.45 v accumulator._1336_/X (sky130_fd_sc_hd__buf_2)
                                         accumulator._0433_ (net)
                  0.07    0.00   15.45 v accumulator._1373_/A1 (sky130_fd_sc_hd__a21o_1)
     2    0.00    0.04    0.17   15.62 v accumulator._1373_/X (sky130_fd_sc_hd__a21o_1)
                                         accumulator._0470_ (net)
                  0.04    0.00   15.62 v accumulator._1380_/A2 (sky130_fd_sc_hd__a21o_1)
     2    0.00    0.04    0.18   15.80 v accumulator._1380_/X (sky130_fd_sc_hd__a21o_1)
                                         accumulator._0477_ (net)
                  0.04    0.00   15.80 v accumulator._1403_/A (sky130_fd_sc_hd__and2_1)
     2    0.00    0.04    0.14   15.95 v accumulator._1403_/X (sky130_fd_sc_hd__and2_1)
                                         accumulator._0500_ (net)
                  0.04    0.00   15.95 v accumulator._1427_/A2 (sky130_fd_sc_hd__a211o_1)
     1    0.00    0.05    0.29   16.24 v accumulator._1427_/X (sky130_fd_sc_hd__a211o_1)
                                         accumulator._0524_ (net)
                  0.05    0.00   16.24 v accumulator._1505_/A2 (sky130_fd_sc_hd__a32o_2)
     4    0.01    0.07    0.31   16.55 v accumulator._1505_/X (sky130_fd_sc_hd__a32o_2)
                                         accumulator._0602_ (net)
                  0.07    0.00   16.55 v accumulator._1507_/A (sky130_fd_sc_hd__xnor2_2)
     3    0.01    0.23    0.25   16.80 ^ accumulator._1507_/Y (sky130_fd_sc_hd__xnor2_2)
                                         accumulator._0604_ (net)
                  0.23    0.00   16.80 ^ accumulator._1837_/A1 (sky130_fd_sc_hd__a311o_1)
     2    0.00    0.07    0.22   17.01 ^ accumulator._1837_/X (sky130_fd_sc_hd__a311o_1)
                                         accumulator._0934_ (net)
                  0.07    0.00   17.01 ^ accumulator._1839_/A3 (sky130_fd_sc_hd__a311o_1)
     3    0.01    0.10    0.21   17.22 ^ accumulator._1839_/X (sky130_fd_sc_hd__a311o_1)
                                         accumulator._0936_ (net)
                  0.10    0.00   17.22 ^ accumulator._1842_/A1 (sky130_fd_sc_hd__a311o_1)
     2    0.01    0.10    0.20   17.42 ^ accumulator._1842_/X (sky130_fd_sc_hd__a311o_1)
                                         accumulator._0939_ (net)
                  0.10    0.00   17.42 ^ accumulator._1844_/A1 (sky130_fd_sc_hd__a31oi_2)
     3    0.01    0.08    0.10   17.53 v accumulator._1844_/Y (sky130_fd_sc_hd__a31oi_2)
                                         accumulator._0941_ (net)
                  0.08    0.00   17.53 v accumulator._1846_/A1 (sky130_fd_sc_hd__a211o_1)
     3    0.01    0.06    0.30   17.82 v accumulator._1846_/X (sky130_fd_sc_hd__a211o_1)
                                         accumulator._0943_ (net)
                  0.06    0.00   17.82 v accumulator._1847_/A1 (sky130_fd_sc_hd__a311o_1)
     3    0.01    0.08    0.32   18.14 v accumulator._1847_/X (sky130_fd_sc_hd__a311o_1)
                                         accumulator._0944_ (net)
                  0.08    0.00   18.14 v accumulator._1855_/A3 (sky130_fd_sc_hd__o311a_4)
     4    0.01    0.07    0.36   18.50 v accumulator._1855_/X (sky130_fd_sc_hd__o311a_4)
                                         accumulator._0952_ (net)
                  0.07    0.00   18.50 v accumulator._1866_/A3 (sky130_fd_sc_hd__o31ai_4)
     3    0.01    0.19    0.20   18.69 ^ accumulator._1866_/Y (sky130_fd_sc_hd__o31ai_4)
                                         accumulator._0963_ (net)
                  0.19    0.00   18.69 ^ accumulator._1867_/B (sky130_fd_sc_hd__nand3b_1)
     1    0.00    0.06    0.10   18.79 v accumulator._1867_/Y (sky130_fd_sc_hd__nand3b_1)
                                         accumulator._0964_ (net)
                  0.06    0.00   18.79 v accumulator._1868_/C1 (sky130_fd_sc_hd__o211a_1)
     3    0.01    0.07    0.15   18.93 v accumulator._1868_/X (sky130_fd_sc_hd__o211a_1)
                                         accumulator._0965_ (net)
                  0.07    0.00   18.93 v accumulator._1871_/A3 (sky130_fd_sc_hd__o41a_4)
     7    0.02    0.09    0.48   19.42 v accumulator._1871_/X (sky130_fd_sc_hd__o41a_4)
                                         accumulator._0968_ (net)
                  0.09    0.00   19.42 v accumulator._1872_/A (sky130_fd_sc_hd__and2_4)
     5    0.01    0.04    0.17   19.59 v accumulator._1872_/X (sky130_fd_sc_hd__and2_4)
                                         accumulator._0969_ (net)
                  0.04    0.00   19.59 v accumulator._1895_/A (sky130_fd_sc_hd__buf_6)
    10    0.03    0.04    0.14   19.73 v accumulator._1895_/X (sky130_fd_sc_hd__buf_6)
                                         accumulator._0992_ (net)
                  0.04    0.00   19.73 v accumulator._1957_/A (sky130_fd_sc_hd__buf_2)
    10    0.02    0.07    0.17   19.89 v accumulator._1957_/X (sky130_fd_sc_hd__buf_2)
                                         accumulator._1054_ (net)
                  0.07    0.00   19.89 v accumulator._1981_/A (sky130_fd_sc_hd__nor2_1)
     1    0.00    0.11    0.13   20.03 ^ accumulator._1981_/Y (sky130_fd_sc_hd__nor2_1)
                                         accumulator._1078_ (net)
                  0.11    0.00   20.03 ^ accumulator._1982_/B (sky130_fd_sc_hd__xor2_1)
     2    0.01    0.19    0.22   20.24 ^ accumulator._1982_/X (sky130_fd_sc_hd__xor2_1)
                                         accumulator._1079_ (net)
                  0.19    0.00   20.24 ^ accumulator._1983_/A (sky130_fd_sc_hd__inv_2)
     4    0.01    0.05    0.07   20.31 v accumulator._1983_/Y (sky130_fd_sc_hd__inv_2)
                                         accumulator._1080_ (net)
                  0.05    0.00   20.31 v accumulator._1984_/B (sky130_fd_sc_hd__nor2_1)
     3    0.01    0.13    0.13   20.44 ^ accumulator._1984_/Y (sky130_fd_sc_hd__nor2_1)
                                         accumulator._1081_ (net)
                  0.13    0.00   20.44 ^ accumulator._2096_/B1_N (sky130_fd_sc_hd__a21bo_1)
     1    0.00    0.03    0.22   20.66 v accumulator._2096_/X (sky130_fd_sc_hd__a21bo_1)
                                         accumulator._1194_ (net)
                  0.03    0.00   20.66 v accumulator._2097_/A2 (sky130_fd_sc_hd__a21o_1)
     1    0.00    0.03    0.17   20.83 v accumulator._2097_/X (sky130_fd_sc_hd__a21o_1)
                                         accumulator._1195_ (net)
                  0.03    0.00   20.83 v accumulator._2098_/A2 (sky130_fd_sc_hd__a21o_2)
     8    0.02    0.08    0.27   21.09 v accumulator._2098_/X (sky130_fd_sc_hd__a21o_2)
                                         accumulator._1196_ (net)
                  0.08    0.00   21.09 v accumulator._2338_/A (sky130_fd_sc_hd__or2_1)
     2    0.01    0.07    0.27   21.36 v accumulator._2338_/X (sky130_fd_sc_hd__or2_1)
                                         accumulator._0270_ (net)
                  0.07    0.00   21.36 v accumulator._2342_/A (sky130_fd_sc_hd__xnor2_1)
     2    0.00    0.06    0.14   21.51 v accumulator._2342_/Y (sky130_fd_sc_hd__xnor2_1)
                                         accumulator._0275_ (net)
                  0.06    0.00   21.51 v accumulator._2343_/D1 (sky130_fd_sc_hd__a2111o_1)
     3    0.01    0.09    0.34   21.85 v accumulator._2343_/X (sky130_fd_sc_hd__a2111o_1)
                                         accumulator._0276_ (net)
                  0.09    0.00   21.85 v accumulator._2345_/A1 (sky130_fd_sc_hd__a21o_1)
     1    0.00    0.03    0.17   22.02 v accumulator._2345_/X (sky130_fd_sc_hd__a21o_1)
                                         accumulator._0278_ (net)
                  0.03    0.00   22.02 v accumulator._2346_/C1 (sky130_fd_sc_hd__o211a_1)
     1    0.00    0.03    0.10   22.11 v accumulator._2346_/X (sky130_fd_sc_hd__o211a_1)
                                         accumulator._0027_ (net)
                  0.03    0.00   22.11 v accumulator._2426_/D (sky130_fd_sc_hd__dfxtp_2)
                                 22.11   data arrival time

                         25.00   25.00   clock clock (rise edge)
                          0.00   25.00   clock source latency
     1    0.01    0.04    0.03   25.03 ^ clock (in)
                                         clock (net)
                  0.04    0.00   25.03 ^ clkbuf_0_clock/A (sky130_fd_sc_hd__clkbuf_16)
     4    0.03    0.05    0.13   25.15 ^ clkbuf_0_clock/X (sky130_fd_sc_hd__clkbuf_16)
                                         clknet_0_clock (net)
                  0.05    0.00   25.15 ^ clkbuf_2_0__f_clock/A (sky130_fd_sc_hd__clkbuf_16)
     8    0.02    0.04    0.12   25.27 ^ clkbuf_2_0__f_clock/X (sky130_fd_sc_hd__clkbuf_16)
                                         clknet_2_0__leaf_clock (net)
                  0.04    0.00   25.27 ^ accumulator._2426_/CLK (sky130_fd_sc_hd__dfxtp_2)
                         -0.25   25.02   clock uncertainty
                          0.00   25.02   clock reconvergence pessimism
                         -0.11   24.92   library setup time
                                 24.92   data required time
-----------------------------------------------------------------------------
                                 24.92   data required time
                                -22.11   data arrival time
-----------------------------------------------------------------------------
                                  2.80   slack (MET)


Startpoint: io_inScaleA[7] (input port clocked by clock)
Endpoint: accumulator._2424_ (rising edge-triggered flip-flop clocked by clock)
Path Group: clock
Path Type: max

Fanout     Cap    Slew   Delay    Time   Description
-----------------------------------------------------------------------------
                          0.00    0.00   clock clock (rise edge)
                          0.00    0.00   clock network delay (propagated)
                          5.00    5.00 v input external delay
     1    0.00    0.01    0.00    5.00 v io_inScaleA[7] (in)
                                         io_inScaleA[7] (net)
                  0.01    0.00    5.00 v input16/A (sky130_fd_sc_hd__buf_2)
     5    0.01    0.04    0.13    5.13 v input16/X (sky130_fd_sc_hd__buf_2)
                                         net16 (net)
                  0.04    0.00    5.13 v scaleAdd._421_/A1 (sky130_fd_sc_hd__o21a_4)
     4    0.02    0.05    0.24    5.37 v scaleAdd._421_/X (sky130_fd_sc_hd__o21a_4)
                                         scaleAdd._002_ (net)
                  0.05    0.00    5.37 v scaleAdd._428_/A (sky130_fd_sc_hd__xor2_1)
     2    0.01    0.07    0.18    5.55 v scaleAdd._428_/X (sky130_fd_sc_hd__xor2_1)
                                         scaleAdd._009_ (net)
                  0.07    0.00    5.55 v scaleAdd._429_/A (sky130_fd_sc_hd__xnor2_1)
     2    0.01    0.20    0.23    5.78 ^ scaleAdd._429_/Y (sky130_fd_sc_hd__xnor2_1)
                                         scaleAdd._010_ (net)
                  0.20    0.00    5.78 ^ scaleAdd._431_/B (sky130_fd_sc_hd__xnor2_1)
     2    0.01    0.25    0.20    5.99 ^ scaleAdd._431_/Y (sky130_fd_sc_hd__xnor2_1)
                                         scaleAdd._012_ (net)
                  0.25    0.00    5.99 ^ scaleAdd._432_/B (sky130_fd_sc_hd__xnor2_1)
     2    0.01    0.20    0.19    6.18 ^ scaleAdd._432_/Y (sky130_fd_sc_hd__xnor2_1)
                                         scaleAdd._013_ (net)
                  0.20    0.00    6.18 ^ scaleAdd._435_/A (sky130_fd_sc_hd__xor2_1)
     2    0.01    0.26    0.28    6.46 ^ scaleAdd._435_/X (sky130_fd_sc_hd__xor2_1)
                                         scaleAdd._016_ (net)
                  0.26    0.00    6.46 ^ scaleAdd._436_/A (sky130_fd_sc_hd__xnor2_2)
     2    0.01    0.19    0.18    6.64 ^ scaleAdd._436_/Y (sky130_fd_sc_hd__xnor2_2)
                                         scaleAdd._017_ (net)
                  0.19    0.00    6.64 ^ scaleAdd._438_/B (sky130_fd_sc_hd__xnor2_2)
     2    0.01    0.20    0.17    6.81 ^ scaleAdd._438_/Y (sky130_fd_sc_hd__xnor2_2)
                                         scaleAdd._019_ (net)
                  0.20    0.00    6.81 ^ scaleAdd._439_/A (sky130_fd_sc_hd__xor2_2)
     5    0.02    0.29    0.29    7.10 ^ scaleAdd._439_/X (sky130_fd_sc_hd__xor2_2)
                                         scaleAdd._020_ (net)
                  0.29    0.00    7.10 ^ scaleAdd._443_/B (sky130_fd_sc_hd__xnor2_2)
     1    0.01    0.07    0.12    7.22 v scaleAdd._443_/Y (sky130_fd_sc_hd__xnor2_2)
                                         scaleAdd._024_ (net)
                  0.07    0.00    7.22 v scaleAdd._444_/A (sky130_fd_sc_hd__xnor2_2)
     6    0.01    0.22    0.24    7.46 ^ scaleAdd._444_/Y (sky130_fd_sc_hd__xnor2_2)
                                         scaleAdd._025_ (net)
                  0.22    0.00    7.46 ^ scaleAdd._445_/B_N (sky130_fd_sc_hd__or2b_4)
     3    0.01    0.05    0.31    7.78 v scaleAdd._445_/X (sky130_fd_sc_hd__or2b_4)
                                         scaleAdd._026_ (net)
                  0.05    0.00    7.78 v scaleAdd._448_/B1 (sky130_fd_sc_hd__a22o_1)
     2    0.00    0.05    0.19    7.97 v scaleAdd._448_/X (sky130_fd_sc_hd__a22o_1)
                                         scaleAdd._029_ (net)
                  0.05    0.00    7.97 v scaleAdd._452_/A2 (sky130_fd_sc_hd__a21o_1)
     2    0.00    0.04    0.19    8.16 v scaleAdd._452_/X (sky130_fd_sc_hd__a21o_1)
                                         scaleAdd._033_ (net)
                  0.04    0.00    8.16 v scaleAdd._454_/B2 (sky130_fd_sc_hd__a22o_1)
     3    0.01    0.06    0.22    8.38 v scaleAdd._454_/X (sky130_fd_sc_hd__a22o_1)
                                         scaleAdd._035_ (net)
                  0.06    0.00    8.38 v scaleAdd._456_/B (sky130_fd_sc_hd__and3_1)
     2    0.00    0.05    0.18    8.56 v scaleAdd._456_/X (sky130_fd_sc_hd__and3_1)
                                         scaleAdd._037_ (net)
                  0.05    0.00    8.56 v scaleAdd._458_/B (sky130_fd_sc_hd__or3_4)
     3    0.01    0.07    0.38    8.95 v scaleAdd._458_/X (sky130_fd_sc_hd__or3_4)
                                         scaleAdd._039_ (net)
                  0.07    0.00    8.95 v scaleAdd._492_/A1 (sky130_fd_sc_hd__a21o_1)
     3    0.01    0.07    0.21    9.15 v scaleAdd._492_/X (sky130_fd_sc_hd__a21o_1)
                                         scaleAdd._072_ (net)
                  0.07    0.00    9.15 v scaleAdd._539_/A1 (sky130_fd_sc_hd__a21oi_4)
     4    0.01    0.13    0.16    9.31 ^ scaleAdd._539_/Y (sky130_fd_sc_hd__a21oi_4)
                                         scaleAdd._118_ (net)
                  0.13    0.00    9.31 ^ scaleAdd._603_/A3 (sky130_fd_sc_hd__o311ai_2)
     3    0.01    0.10    0.11    9.42 v scaleAdd._603_/Y (sky130_fd_sc_hd__o311ai_2)
                                         scaleAdd._180_ (net)
                  0.10    0.00    9.42 v scaleAdd._652_/A1 (sky130_fd_sc_hd__a311o_1)
     3    0.01    0.07    0.31    9.72 v scaleAdd._652_/X (sky130_fd_sc_hd__a311o_1)
                                         scaleAdd._227_ (net)
                  0.07    0.00    9.72 v scaleAdd._688_/A1 (sky130_fd_sc_hd__a311o_1)
     3    0.01    0.10    0.33   10.06 v scaleAdd._688_/X (sky130_fd_sc_hd__a311o_1)
                                         scaleAdd._261_ (net)
                  0.10    0.00   10.06 v scaleAdd._708_/A1 (sky130_fd_sc_hd__a31oi_4)
     2    0.01    0.14    0.16   10.22 ^ scaleAdd._708_/Y (sky130_fd_sc_hd__a31oi_4)
                                         scaleAdd._279_ (net)
                  0.14    0.00   10.22 ^ rebuffer17/A (sky130_fd_sc_hd__buf_6)
     1    0.00    0.03    0.12   10.34 ^ rebuffer17/X (sky130_fd_sc_hd__buf_6)
                                         net74 (net)
                  0.03    0.00   10.34 ^ rebuffer10/A (sky130_fd_sc_hd__buf_6)
     1    0.02    0.05    0.10   10.44 ^ rebuffer10/X (sky130_fd_sc_hd__buf_6)
                                         net67 (net)
                  0.05    0.00   10.44 ^ scaleAdd._709_/A (sky130_fd_sc_hd__xnor2_4)
     4    0.01    0.06    0.08   10.52 v scaleAdd._709_/Y (sky130_fd_sc_hd__xnor2_4)
                                         accumulator.io_inMant[16] (net)
                  0.06    0.00   10.52 v accumulator._1204_/B (sky130_fd_sc_hd__or4_4)
     4    0.01    0.09    0.55   11.07 v accumulator._1204_/X (sky130_fd_sc_hd__or4_4)
                                         accumulator._0065_ (net)
                  0.09    0.00   11.07 v accumulator._1206_/B (sky130_fd_sc_hd__or2_4)
     3    0.01    0.05    0.26   11.32 v accumulator._1206_/X (sky130_fd_sc_hd__or2_4)
                                         accumulator._0085_ (net)
                  0.05    0.00   11.32 v accumulator._1207_/B (sky130_fd_sc_hd__or2_4)
     4    0.01    0.05    0.24   11.57 v accumulator._1207_/X (sky130_fd_sc_hd__or2_4)
                                         accumulator._0095_ (net)
                  0.05    0.00   11.57 v accumulator._1240_/B (sky130_fd_sc_hd__and2_1)
     2    0.00    0.04    0.17   11.73 v accumulator._1240_/X (sky130_fd_sc_hd__and2_1)
                                         accumulator._0339_ (net)
                  0.04    0.00   11.73 v accumulator._1241_/C1 (sky130_fd_sc_hd__a311o_1)
     3    0.01    0.07    0.30   12.03 v accumulator._1241_/X (sky130_fd_sc_hd__a311o_1)
                                         accumulator._0340_ (net)
                  0.07    0.00   12.03 v accumulator._1255_/A1 (sky130_fd_sc_hd__a21o_1)
     2    0.00    0.04    0.18   12.21 v accumulator._1255_/X (sky130_fd_sc_hd__a21o_1)
                                         accumulator._0354_ (net)
                  0.04    0.00   12.21 v accumulator._1257_/A2 (sky130_fd_sc_hd__a211o_1)
     3    0.01    0.06    0.31   12.53 v accumulator._1257_/X (sky130_fd_sc_hd__a211o_1)
                                         accumulator._0356_ (net)
                  0.06    0.00   12.53 v accumulator._1263_/B (sky130_fd_sc_hd__and2_4)
     5    0.01    0.04    0.18   12.70 v accumulator._1263_/X (sky130_fd_sc_hd__and2_4)
                                         accumulator._0362_ (net)
                  0.04    0.00   12.70 v accumulator._1274_/C (sky130_fd_sc_hd__or4_4)
     4    0.01    0.10    0.52   13.22 v accumulator._1274_/X (sky130_fd_sc_hd__or4_4)
                                         accumulator._0373_ (net)
                  0.10    0.00   13.22 v accumulator._1276_/A1 (sky130_fd_sc_hd__a21o_1)
     2    0.01    0.05    0.19   13.41 v accumulator._1276_/X (sky130_fd_sc_hd__a21o_1)
                                         accumulator._0375_ (net)
                  0.05    0.00   13.41 v accumulator._1278_/A1 (sky130_fd_sc_hd__a21o_4)
     2    0.02    0.05    0.23   13.64 v accumulator._1278_/X (sky130_fd_sc_hd__a21o_4)
                                         accumulator._0377_ (net)
                  0.05    0.00   13.64 v accumulator._1284_/A2 (sky130_fd_sc_hd__a21o_1)
     2    0.01    0.05    0.20   13.84 v accumulator._1284_/X (sky130_fd_sc_hd__a21o_1)
                                         accumulator._0383_ (net)
                  0.05    0.00   13.84 v accumulator._1285_/A2 (sky130_fd_sc_hd__a21o_4)
     2    0.02    0.05    0.25   14.09 v accumulator._1285_/X (sky130_fd_sc_hd__a21o_4)
                                         accumulator._0384_ (net)
                  0.05    0.00   14.09 v accumulator._1290_/A2 (sky130_fd_sc_hd__a21o_1)
     2    0.02    0.09    0.25   14.34 v accumulator._1290_/X (sky130_fd_sc_hd__a21o_1)
                                         accumulator._0389_ (net)
                  0.09    0.00   14.34 v accumulator._1293_/A2 (sky130_fd_sc_hd__a21boi_4)
     3    0.02    0.19    0.24   14.58 ^ accumulator._1293_/Y (sky130_fd_sc_hd__a21boi_4)
                                         accumulator._0392_ (net)
                  0.19    0.00   14.58 ^ accumulator._1302_/A (sky130_fd_sc_hd__xor2_2)
     4    0.01    0.18    0.21   14.79 ^ accumulator._1302_/X (sky130_fd_sc_hd__xor2_2)
                                         accumulator._0401_ (net)
                  0.18    0.00   14.79 ^ accumulator._1303_/A (sky130_fd_sc_hd__buf_6)
     6    0.02    0.05    0.15   14.94 ^ accumulator._1303_/X (sky130_fd_sc_hd__buf_6)
                                         accumulator._0402_ (net)
                  0.05    0.00   14.94 ^ accumulator._1335_/S (sky130_fd_sc_hd__mux2_4)
     5    0.01    0.06    0.33   15.27 v accumulator._1335_/X (sky130_fd_sc_hd__mux2_4)
                                         accumulator._0432_ (net)
                  0.06    0.00   15.27 v accumulator._1336_/A (sky130_fd_sc_hd__buf_2)
    10    0.02    0.07    0.18   15.45 v accumulator._1336_/X (sky130_fd_sc_hd__buf_2)
                                         accumulator._0433_ (net)
                  0.07    0.00   15.45 v accumulator._1373_/A1 (sky130_fd_sc_hd__a21o_1)
     2    0.00    0.04    0.17   15.62 v accumulator._1373_/X (sky130_fd_sc_hd__a21o_1)
                                         accumulator._0470_ (net)
                  0.04    0.00   15.62 v accumulator._1380_/A2 (sky130_fd_sc_hd__a21o_1)
     2    0.00    0.04    0.18   15.80 v accumulator._1380_/X (sky130_fd_sc_hd__a21o_1)
                                         accumulator._0477_ (net)
                  0.04    0.00   15.80 v accumulator._1403_/A (sky130_fd_sc_hd__and2_1)
     2    0.00    0.04    0.14   15.95 v accumulator._1403_/X (sky130_fd_sc_hd__and2_1)
                                         accumulator._0500_ (net)
                  0.04    0.00   15.95 v accumulator._1427_/A2 (sky130_fd_sc_hd__a211o_1)
     1    0.00    0.05    0.29   16.24 v accumulator._1427_/X (sky130_fd_sc_hd__a211o_1)
                                         accumulator._0524_ (net)
                  0.05    0.00   16.24 v accumulator._1505_/A2 (sky130_fd_sc_hd__a32o_2)
     4    0.01    0.07    0.31   16.55 v accumulator._1505_/X (sky130_fd_sc_hd__a32o_2)
                                         accumulator._0602_ (net)
                  0.07    0.00   16.55 v accumulator._1507_/A (sky130_fd_sc_hd__xnor2_2)
     3    0.01    0.23    0.25   16.80 ^ accumulator._1507_/Y (sky130_fd_sc_hd__xnor2_2)
                                         accumulator._0604_ (net)
                  0.23    0.00   16.80 ^ accumulator._1837_/A1 (sky130_fd_sc_hd__a311o_1)
     2    0.00    0.07    0.22   17.01 ^ accumulator._1837_/X (sky130_fd_sc_hd__a311o_1)
                                         accumulator._0934_ (net)
                  0.07    0.00   17.01 ^ accumulator._1839_/A3 (sky130_fd_sc_hd__a311o_1)
     3    0.01    0.10    0.21   17.22 ^ accumulator._1839_/X (sky130_fd_sc_hd__a311o_1)
                                         accumulator._0936_ (net)
                  0.10    0.00   17.22 ^ accumulator._1842_/A1 (sky130_fd_sc_hd__a311o_1)
     2    0.01    0.10    0.20   17.42 ^ accumulator._1842_/X (sky130_fd_sc_hd__a311o_1)
                                         accumulator._0939_ (net)
                  0.10    0.00   17.42 ^ accumulator._1844_/A1 (sky130_fd_sc_hd__a31oi_2)
     3    0.01    0.08    0.10   17.53 v accumulator._1844_/Y (sky130_fd_sc_hd__a31oi_2)
                                         accumulator._0941_ (net)
                  0.08    0.00   17.53 v accumulator._1846_/A1 (sky130_fd_sc_hd__a211o_1)
     3    0.01    0.06    0.30   17.82 v accumulator._1846_/X (sky130_fd_sc_hd__a211o_1)
                                         accumulator._0943_ (net)
                  0.06    0.00   17.82 v accumulator._1847_/A1 (sky130_fd_sc_hd__a311o_1)
     3    0.01    0.08    0.32   18.14 v accumulator._1847_/X (sky130_fd_sc_hd__a311o_1)
                                         accumulator._0944_ (net)
                  0.08    0.00   18.14 v accumulator._1855_/A3 (sky130_fd_sc_hd__o311a_4)
     4    0.01    0.07    0.36   18.50 v accumulator._1855_/X (sky130_fd_sc_hd__o311a_4)
                                         accumulator._0952_ (net)
                  0.07    0.00   18.50 v accumulator._1866_/A3 (sky130_fd_sc_hd__o31ai_4)
     3    0.01    0.19    0.20   18.69 ^ accumulator._1866_/Y (sky130_fd_sc_hd__o31ai_4)
                                         accumulator._0963_ (net)
                  0.19    0.00   18.69 ^ accumulator._1867_/B (sky130_fd_sc_hd__nand3b_1)
     1    0.00    0.06    0.10   18.79 v accumulator._1867_/Y (sky130_fd_sc_hd__nand3b_1)
                                         accumulator._0964_ (net)
                  0.06    0.00   18.79 v accumulator._1868_/C1 (sky130_fd_sc_hd__o211a_1)
     3    0.01    0.07    0.15   18.93 v accumulator._1868_/X (sky130_fd_sc_hd__o211a_1)
                                         accumulator._0965_ (net)
                  0.07    0.00   18.93 v accumulator._1871_/A3 (sky130_fd_sc_hd__o41a_4)
     7    0.02    0.09    0.48   19.42 v accumulator._1871_/X (sky130_fd_sc_hd__o41a_4)
                                         accumulator._0968_ (net)
                  0.09    0.00   19.42 v accumulator._1872_/A (sky130_fd_sc_hd__and2_4)
     5    0.01    0.04    0.17   19.59 v accumulator._1872_/X (sky130_fd_sc_hd__and2_4)
                                         accumulator._0969_ (net)
                  0.04    0.00   19.59 v accumulator._2056_/A2 (sky130_fd_sc_hd__a22o_1)
     4    0.01    0.06    0.26   19.85 v accumulator._2056_/X (sky130_fd_sc_hd__a22o_1)
                                         accumulator._1153_ (net)
                  0.06    0.00   19.85 v accumulator._2070_/A1 (sky130_fd_sc_hd__o21ba_1)
     1    0.00    0.03    0.19   20.04 v accumulator._2070_/X (sky130_fd_sc_hd__o21ba_1)
                                         accumulator._1167_ (net)
                  0.03    0.00   20.04 v accumulator._2071_/A2 (sky130_fd_sc_hd__o21ba_1)
     1    0.00    0.03    0.16   20.20 v accumulator._2071_/X (sky130_fd_sc_hd__o21ba_1)
                                         accumulator._1168_ (net)
                  0.03    0.00   20.20 v accumulator._2072_/A2 (sky130_fd_sc_hd__o21ai_1)
     1    0.00    0.09    0.11   20.31 ^ accumulator._2072_/Y (sky130_fd_sc_hd__o21ai_1)
                                         accumulator._1169_ (net)
                  0.09    0.00   20.31 ^ accumulator._2073_/A1 (sky130_fd_sc_hd__a21oi_1)
     1    0.00    0.06    0.07   20.38 v accumulator._2073_/Y (sky130_fd_sc_hd__a21oi_1)
                                         accumulator._1170_ (net)
                  0.06    0.00   20.38 v accumulator._2074_/A2 (sky130_fd_sc_hd__o21ai_1)
     1    0.00    0.09    0.12   20.50 ^ accumulator._2074_/Y (sky130_fd_sc_hd__o21ai_1)
                                         accumulator._1171_ (net)
                  0.09    0.00   20.50 ^ accumulator._2075_/A2 (sky130_fd_sc_hd__a21o_1)
     1    0.00    0.04    0.12   20.62 ^ accumulator._2075_/X (sky130_fd_sc_hd__a21o_1)
                                         accumulator._1172_ (net)
                  0.04    0.00   20.62 ^ accumulator._2076_/A2 (sky130_fd_sc_hd__a21oi_1)
     1    0.00    0.06    0.06   20.67 v accumulator._2076_/Y (sky130_fd_sc_hd__a21oi_1)
                                         accumulator._1173_ (net)
                  0.06    0.00   20.67 v accumulator._2077_/A2 (sky130_fd_sc_hd__o21ai_1)
     1    0.00    0.09    0.12   20.79 ^ accumulator._2077_/Y (sky130_fd_sc_hd__o21ai_1)
                                         accumulator._1174_ (net)
                  0.09    0.00   20.79 ^ accumulator._2078_/A2 (sky130_fd_sc_hd__a21oi_1)
     1    0.00    0.06    0.07   20.86 v accumulator._2078_/Y (sky130_fd_sc_hd__a21oi_1)
                                         accumulator._1175_ (net)
                  0.06    0.00   20.86 v accumulator._2079_/A2 (sky130_fd_sc_hd__o21bai_1)
     1    0.00    0.10    0.12   20.99 ^ accumulator._2079_/Y (sky130_fd_sc_hd__o21bai_1)
                                         accumulator._1176_ (net)
                  0.10    0.00   20.99 ^ accumulator._2082_/A1 (sky130_fd_sc_hd__a21o_2)
     7    0.02    0.12    0.21   21.19 ^ accumulator._2082_/X (sky130_fd_sc_hd__a21o_2)
                                         accumulator._1180_ (net)
                  0.12    0.00   21.19 ^ clone13/A (sky130_fd_sc_hd__nand2_2)
     4    0.01    0.06    0.09   21.28 v clone13/Y (sky130_fd_sc_hd__nand2_2)
                                         net70 (net)
                  0.06    0.00   21.28 v accumulator._2102_/A (sky130_fd_sc_hd__clkbuf_4)
    10    0.02    0.06    0.18   21.46 v accumulator._2102_/X (sky130_fd_sc_hd__clkbuf_4)
                                         accumulator._0036_ (net)
                  0.06    0.00   21.46 v accumulator._2328_/A (sky130_fd_sc_hd__or2_1)
     1    0.00    0.05    0.23   21.69 v accumulator._2328_/X (sky130_fd_sc_hd__or2_1)
                                         accumulator._0261_ (net)
                  0.05    0.00   21.69 v accumulator._2329_/A2 (sky130_fd_sc_hd__a21o_1)
     1    0.00    0.03    0.18   21.87 v accumulator._2329_/X (sky130_fd_sc_hd__a21o_1)
                                         accumulator._0262_ (net)
                  0.03    0.00   21.87 v accumulator._2330_/C1 (sky130_fd_sc_hd__o211a_1)
     1    0.00    0.03    0.10   21.96 v accumulator._2330_/X (sky130_fd_sc_hd__o211a_1)
                                         accumulator._0025_ (net)
                  0.03    0.00   21.96 v accumulator._2424_/D (sky130_fd_sc_hd__dfxtp_1)
                                 21.96   data arrival time

                         25.00   25.00   clock clock (rise edge)
                          0.00   25.00   clock source latency
     1    0.01    0.04    0.03   25.03 ^ clock (in)
                                         clock (net)
                  0.04    0.00   25.03 ^ clkbuf_0_clock/A (sky130_fd_sc_hd__clkbuf_16)
     4    0.03    0.05    0.13   25.15 ^ clkbuf_0_clock/X (sky130_fd_sc_hd__clkbuf_16)
                                         clknet_0_clock (net)
                  0.05    0.00   25.15 ^ clkbuf_2_0__f_clock/A (sky130_fd_sc_hd__clkbuf_16)
     8    0.02    0.04    0.12   25.27 ^ clkbuf_2_0__f_clock/X (sky130_fd_sc_hd__clkbuf_16)
                                         clknet_2_0__leaf_clock (net)
                  0.04    0.00   25.27 ^ accumulator._2424_/CLK (sky130_fd_sc_hd__dfxtp_1)
                         -0.25   25.02   clock uncertainty
                          0.00   25.02   clock reconvergence pessimism
                         -0.11   24.92   library setup time
                                 24.92   data required time
-----------------------------------------------------------------------------
                                 24.92   data required time
                                -21.96   data arrival time
-----------------------------------------------------------------------------
                                  2.95   slack (MET)


Startpoint: io_inScaleA[7] (input port clocked by clock)
Endpoint: accumulator._2425_ (rising edge-triggered flip-flop clocked by clock)
Path Group: clock
Path Type: max

Fanout     Cap    Slew   Delay    Time   Description
-----------------------------------------------------------------------------
                          0.00    0.00   clock clock (rise edge)
                          0.00    0.00   clock network delay (propagated)
                          5.00    5.00 v input external delay
     1    0.00    0.01    0.00    5.00 v io_inScaleA[7] (in)
                                         io_inScaleA[7] (net)
                  0.01    0.00    5.00 v input16/A (sky130_fd_sc_hd__buf_2)
     5    0.01    0.04    0.13    5.13 v input16/X (sky130_fd_sc_hd__buf_2)
                                         net16 (net)
                  0.04    0.00    5.13 v scaleAdd._421_/A1 (sky130_fd_sc_hd__o21a_4)
     4    0.02    0.05    0.24    5.37 v scaleAdd._421_/X (sky130_fd_sc_hd__o21a_4)
                                         scaleAdd._002_ (net)
                  0.05    0.00    5.37 v scaleAdd._428_/A (sky130_fd_sc_hd__xor2_1)
     2    0.01    0.07    0.18    5.55 v scaleAdd._428_/X (sky130_fd_sc_hd__xor2_1)
                                         scaleAdd._009_ (net)
                  0.07    0.00    5.55 v scaleAdd._429_/A (sky130_fd_sc_hd__xnor2_1)
     2    0.01    0.20    0.23    5.78 ^ scaleAdd._429_/Y (sky130_fd_sc_hd__xnor2_1)
                                         scaleAdd._010_ (net)
                  0.20    0.00    5.78 ^ scaleAdd._431_/B (sky130_fd_sc_hd__xnor2_1)
     2    0.01    0.25    0.20    5.99 ^ scaleAdd._431_/Y (sky130_fd_sc_hd__xnor2_1)
                                         scaleAdd._012_ (net)
                  0.25    0.00    5.99 ^ scaleAdd._432_/B (sky130_fd_sc_hd__xnor2_1)
     2    0.01    0.20    0.19    6.18 ^ scaleAdd._432_/Y (sky130_fd_sc_hd__xnor2_1)
                                         scaleAdd._013_ (net)
                  0.20    0.00    6.18 ^ scaleAdd._435_/A (sky130_fd_sc_hd__xor2_1)
     2    0.01    0.26    0.28    6.46 ^ scaleAdd._435_/X (sky130_fd_sc_hd__xor2_1)
                                         scaleAdd._016_ (net)
                  0.26    0.00    6.46 ^ scaleAdd._436_/A (sky130_fd_sc_hd__xnor2_2)
     2    0.01    0.19    0.18    6.64 ^ scaleAdd._436_/Y (sky130_fd_sc_hd__xnor2_2)
                                         scaleAdd._017_ (net)
                  0.19    0.00    6.64 ^ scaleAdd._438_/B (sky130_fd_sc_hd__xnor2_2)
     2    0.01    0.20    0.17    6.81 ^ scaleAdd._438_/Y (sky130_fd_sc_hd__xnor2_2)
                                         scaleAdd._019_ (net)
                  0.20    0.00    6.81 ^ scaleAdd._439_/A (sky130_fd_sc_hd__xor2_2)
     5    0.02    0.29    0.29    7.10 ^ scaleAdd._439_/X (sky130_fd_sc_hd__xor2_2)
                                         scaleAdd._020_ (net)
                  0.29    0.00    7.10 ^ scaleAdd._443_/B (sky130_fd_sc_hd__xnor2_2)
     1    0.01    0.07    0.12    7.22 v scaleAdd._443_/Y (sky130_fd_sc_hd__xnor2_2)
                                         scaleAdd._024_ (net)
                  0.07    0.00    7.22 v scaleAdd._444_/A (sky130_fd_sc_hd__xnor2_2)
     6    0.01    0.22    0.24    7.46 ^ scaleAdd._444_/Y (sky130_fd_sc_hd__xnor2_2)
                                         scaleAdd._025_ (net)
                  0.22    0.00    7.46 ^ scaleAdd._445_/B_N (sky130_fd_sc_hd__or2b_4)
     3    0.01    0.05    0.31    7.78 v scaleAdd._445_/X (sky130_fd_sc_hd__or2b_4)
                                         scaleAdd._026_ (net)
                  0.05    0.00    7.78 v scaleAdd._448_/B1 (sky130_fd_sc_hd__a22o_1)
     2    0.00    0.05    0.19    7.97 v scaleAdd._448_/X (sky130_fd_sc_hd__a22o_1)
                                         scaleAdd._029_ (net)
                  0.05    0.00    7.97 v scaleAdd._452_/A2 (sky130_fd_sc_hd__a21o_1)
     2    0.00    0.04    0.19    8.16 v scaleAdd._452_/X (sky130_fd_sc_hd__a21o_1)
                                         scaleAdd._033_ (net)
                  0.04    0.00    8.16 v scaleAdd._454_/B2 (sky130_fd_sc_hd__a22o_1)
     3    0.01    0.06    0.22    8.38 v scaleAdd._454_/X (sky130_fd_sc_hd__a22o_1)
                                         scaleAdd._035_ (net)
                  0.06    0.00    8.38 v scaleAdd._456_/B (sky130_fd_sc_hd__and3_1)
     2    0.00    0.05    0.18    8.56 v scaleAdd._456_/X (sky130_fd_sc_hd__and3_1)
                                         scaleAdd._037_ (net)
                  0.05    0.00    8.56 v scaleAdd._458_/B (sky130_fd_sc_hd__or3_4)
     3    0.01    0.07    0.38    8.95 v scaleAdd._458_/X (sky130_fd_sc_hd__or3_4)
                                         scaleAdd._039_ (net)
                  0.07    0.00    8.95 v scaleAdd._492_/A1 (sky130_fd_sc_hd__a21o_1)
     3    0.01    0.07    0.21    9.15 v scaleAdd._492_/X (sky130_fd_sc_hd__a21o_1)
                                         scaleAdd._072_ (net)
                  0.07    0.00    9.15 v scaleAdd._539_/A1 (sky130_fd_sc_hd__a21oi_4)
     4    0.01    0.13    0.16    9.31 ^ scaleAdd._539_/Y (sky130_fd_sc_hd__a21oi_4)
                                         scaleAdd._118_ (net)
                  0.13    0.00    9.31 ^ scaleAdd._603_/A3 (sky130_fd_sc_hd__o311ai_2)
     3    0.01    0.10    0.11    9.42 v scaleAdd._603_/Y (sky130_fd_sc_hd__o311ai_2)
                                         scaleAdd._180_ (net)
                  0.10    0.00    9.42 v scaleAdd._652_/A1 (sky130_fd_sc_hd__a311o_1)
     3    0.01    0.07    0.31    9.72 v scaleAdd._652_/X (sky130_fd_sc_hd__a311o_1)
                                         scaleAdd._227_ (net)
                  0.07    0.00    9.72 v scaleAdd._688_/A1 (sky130_fd_sc_hd__a311o_1)
     3    0.01    0.10    0.33   10.06 v scaleAdd._688_/X (sky130_fd_sc_hd__a311o_1)
                                         scaleAdd._261_ (net)
                  0.10    0.00   10.06 v scaleAdd._708_/A1 (sky130_fd_sc_hd__a31oi_4)
     2    0.01    0.14    0.16   10.22 ^ scaleAdd._708_/Y (sky130_fd_sc_hd__a31oi_4)
                                         scaleAdd._279_ (net)
                  0.14    0.00   10.22 ^ rebuffer17/A (sky130_fd_sc_hd__buf_6)
     1    0.00    0.03    0.12   10.34 ^ rebuffer17/X (sky130_fd_sc_hd__buf_6)
                                         net74 (net)
                  0.03    0.00   10.34 ^ rebuffer10/A (sky130_fd_sc_hd__buf_6)
     1    0.02    0.05    0.10   10.44 ^ rebuffer10/X (sky130_fd_sc_hd__buf_6)
                                         net67 (net)
                  0.05    0.00   10.44 ^ scaleAdd._709_/A (sky130_fd_sc_hd__xnor2_4)
     4    0.01    0.06    0.08   10.52 v scaleAdd._709_/Y (sky130_fd_sc_hd__xnor2_4)
                                         accumulator.io_inMant[16] (net)
                  0.06    0.00   10.52 v accumulator._1204_/B (sky130_fd_sc_hd__or4_4)
     4    0.01    0.09    0.55   11.07 v accumulator._1204_/X (sky130_fd_sc_hd__or4_4)
                                         accumulator._0065_ (net)
                  0.09    0.00   11.07 v accumulator._1206_/B (sky130_fd_sc_hd__or2_4)
     3    0.01    0.05    0.26   11.32 v accumulator._1206_/X (sky130_fd_sc_hd__or2_4)
                                         accumulator._0085_ (net)
                  0.05    0.00   11.32 v accumulator._1207_/B (sky130_fd_sc_hd__or2_4)
     4    0.01    0.05    0.24   11.57 v accumulator._1207_/X (sky130_fd_sc_hd__or2_4)
                                         accumulator._0095_ (net)
                  0.05    0.00   11.57 v accumulator._1240_/B (sky130_fd_sc_hd__and2_1)
     2    0.00    0.04    0.17   11.73 v accumulator._1240_/X (sky130_fd_sc_hd__and2_1)
                                         accumulator._0339_ (net)
                  0.04    0.00   11.73 v accumulator._1241_/C1 (sky130_fd_sc_hd__a311o_1)
     3    0.01    0.07    0.30   12.03 v accumulator._1241_/X (sky130_fd_sc_hd__a311o_1)
                                         accumulator._0340_ (net)
                  0.07    0.00   12.03 v accumulator._1255_/A1 (sky130_fd_sc_hd__a21o_1)
     2    0.00    0.04    0.18   12.21 v accumulator._1255_/X (sky130_fd_sc_hd__a21o_1)
                                         accumulator._0354_ (net)
                  0.04    0.00   12.21 v accumulator._1257_/A2 (sky130_fd_sc_hd__a211o_1)
     3    0.01    0.06    0.31   12.53 v accumulator._1257_/X (sky130_fd_sc_hd__a211o_1)
                                         accumulator._0356_ (net)
                  0.06    0.00   12.53 v accumulator._1263_/B (sky130_fd_sc_hd__and2_4)
     5    0.01    0.04    0.18   12.70 v accumulator._1263_/X (sky130_fd_sc_hd__and2_4)
                                         accumulator._0362_ (net)
                  0.04    0.00   12.70 v accumulator._1274_/C (sky130_fd_sc_hd__or4_4)
     4    0.01    0.10    0.52   13.22 v accumulator._1274_/X (sky130_fd_sc_hd__or4_4)
                                         accumulator._0373_ (net)
                  0.10    0.00   13.22 v accumulator._1276_/A1 (sky130_fd_sc_hd__a21o_1)
     2    0.01    0.05    0.19   13.41 v accumulator._1276_/X (sky130_fd_sc_hd__a21o_1)
                                         accumulator._0375_ (net)
                  0.05    0.00   13.41 v accumulator._1278_/A1 (sky130_fd_sc_hd__a21o_4)
     2    0.02    0.05    0.23   13.64 v accumulator._1278_/X (sky130_fd_sc_hd__a21o_4)
                                         accumulator._0377_ (net)
                  0.05    0.00   13.64 v accumulator._1284_/A2 (sky130_fd_sc_hd__a21o_1)
     2    0.01    0.05    0.20   13.84 v accumulator._1284_/X (sky130_fd_sc_hd__a21o_1)
                                         accumulator._0383_ (net)
                  0.05    0.00   13.84 v accumulator._1285_/A2 (sky130_fd_sc_hd__a21o_4)
     2    0.02    0.05    0.25   14.09 v accumulator._1285_/X (sky130_fd_sc_hd__a21o_4)
                                         accumulator._0384_ (net)
                  0.05    0.00   14.09 v accumulator._1290_/A2 (sky130_fd_sc_hd__a21o_1)
     2    0.02    0.09    0.25   14.34 v accumulator._1290_/X (sky130_fd_sc_hd__a21o_1)
                                         accumulator._0389_ (net)
                  0.09    0.00   14.34 v accumulator._1293_/A2 (sky130_fd_sc_hd__a21boi_4)
     3    0.02    0.19    0.24   14.58 ^ accumulator._1293_/Y (sky130_fd_sc_hd__a21boi_4)
                                         accumulator._0392_ (net)
                  0.19    0.00   14.58 ^ accumulator._1302_/A (sky130_fd_sc_hd__xor2_2)
     4    0.01    0.18    0.21   14.79 ^ accumulator._1302_/X (sky130_fd_sc_hd__xor2_2)
                                         accumulator._0401_ (net)
                  0.18    0.00   14.79 ^ accumulator._1303_/A (sky130_fd_sc_hd__buf_6)
     6    0.02    0.05    0.15   14.94 ^ accumulator._1303_/X (sky130_fd_sc_hd__buf_6)
                                         accumulator._0402_ (net)
                  0.05    0.00   14.94 ^ accumulator._1335_/S (sky130_fd_sc_hd__mux2_4)
     5    0.01    0.06    0.33   15.27 v accumulator._1335_/X (sky130_fd_sc_hd__mux2_4)
                                         accumulator._0432_ (net)
                  0.06    0.00   15.27 v accumulator._1336_/A (sky130_fd_sc_hd__buf_2)
    10    0.02    0.07    0.18   15.45 v accumulator._1336_/X (sky130_fd_sc_hd__buf_2)
                                         accumulator._0433_ (net)
                  0.07    0.00   15.45 v accumulator._1373_/A1 (sky130_fd_sc_hd__a21o_1)
     2    0.00    0.04    0.17   15.62 v accumulator._1373_/X (sky130_fd_sc_hd__a21o_1)
                                         accumulator._0470_ (net)
                  0.04    0.00   15.62 v accumulator._1380_/A2 (sky130_fd_sc_hd__a21o_1)
     2    0.00    0.04    0.18   15.80 v accumulator._1380_/X (sky130_fd_sc_hd__a21o_1)
                                         accumulator._0477_ (net)
                  0.04    0.00   15.80 v accumulator._1403_/A (sky130_fd_sc_hd__and2_1)
     2    0.00    0.04    0.14   15.95 v accumulator._1403_/X (sky130_fd_sc_hd__and2_1)
                                         accumulator._0500_ (net)
                  0.04    0.00   15.95 v accumulator._1427_/A2 (sky130_fd_sc_hd__a211o_1)
     1    0.00    0.05    0.29   16.24 v accumulator._1427_/X (sky130_fd_sc_hd__a211o_1)
                                         accumulator._0524_ (net)
                  0.05    0.00   16.24 v accumulator._1505_/A2 (sky130_fd_sc_hd__a32o_2)
     4    0.01    0.07    0.31   16.55 v accumulator._1505_/X (sky130_fd_sc_hd__a32o_2)
                                         accumulator._0602_ (net)
                  0.07    0.00   16.55 v accumulator._1507_/A (sky130_fd_sc_hd__xnor2_2)
     3    0.01    0.23    0.25   16.80 ^ accumulator._1507_/Y (sky130_fd_sc_hd__xnor2_2)
                                         accumulator._0604_ (net)
                  0.23    0.00   16.80 ^ accumulator._1837_/A1 (sky130_fd_sc_hd__a311o_1)
     2    0.00    0.07    0.22   17.01 ^ accumulator._1837_/X (sky130_fd_sc_hd__a311o_1)
                                         accumulator._0934_ (net)
                  0.07    0.00   17.01 ^ accumulator._1839_/A3 (sky130_fd_sc_hd__a311o_1)
     3    0.01    0.10    0.21   17.22 ^ accumulator._1839_/X (sky130_fd_sc_hd__a311o_1)
                                         accumulator._0936_ (net)
                  0.10    0.00   17.22 ^ accumulator._1842_/A1 (sky130_fd_sc_hd__a311o_1)
     2    0.01    0.10    0.20   17.42 ^ accumulator._1842_/X (sky130_fd_sc_hd__a311o_1)
                                         accumulator._0939_ (net)
                  0.10    0.00   17.42 ^ accumulator._1844_/A1 (sky130_fd_sc_hd__a31oi_2)
     3    0.01    0.08    0.10   17.53 v accumulator._1844_/Y (sky130_fd_sc_hd__a31oi_2)
                                         accumulator._0941_ (net)
                  0.08    0.00   17.53 v accumulator._1846_/A1 (sky130_fd_sc_hd__a211o_1)
     3    0.01    0.06    0.30   17.82 v accumulator._1846_/X (sky130_fd_sc_hd__a211o_1)
                                         accumulator._0943_ (net)
                  0.06    0.00   17.82 v accumulator._1847_/A1 (sky130_fd_sc_hd__a311o_1)
     3    0.01    0.08    0.32   18.14 v accumulator._1847_/X (sky130_fd_sc_hd__a311o_1)
                                         accumulator._0944_ (net)
                  0.08    0.00   18.14 v accumulator._1855_/A3 (sky130_fd_sc_hd__o311a_4)
     4    0.01    0.07    0.36   18.50 v accumulator._1855_/X (sky130_fd_sc_hd__o311a_4)
                                         accumulator._0952_ (net)
                  0.07    0.00   18.50 v accumulator._1866_/A3 (sky130_fd_sc_hd__o31ai_4)
     3    0.01    0.19    0.20   18.69 ^ accumulator._1866_/Y (sky130_fd_sc_hd__o31ai_4)
                                         accumulator._0963_ (net)
                  0.19    0.00   18.69 ^ accumulator._1867_/B (sky130_fd_sc_hd__nand3b_1)
     1    0.00    0.06    0.10   18.79 v accumulator._1867_/Y (sky130_fd_sc_hd__nand3b_1)
                                         accumulator._0964_ (net)
                  0.06    0.00   18.79 v accumulator._1868_/C1 (sky130_fd_sc_hd__o211a_1)
     3    0.01    0.07    0.15   18.93 v accumulator._1868_/X (sky130_fd_sc_hd__o211a_1)
                                         accumulator._0965_ (net)
                  0.07    0.00   18.93 v accumulator._1871_/A3 (sky130_fd_sc_hd__o41a_4)
     7    0.02    0.09    0.48   19.42 v accumulator._1871_/X (sky130_fd_sc_hd__o41a_4)
                                         accumulator._0968_ (net)
                  0.09    0.00   19.42 v accumulator._1872_/A (sky130_fd_sc_hd__and2_4)
     5    0.01    0.04    0.17   19.59 v accumulator._1872_/X (sky130_fd_sc_hd__and2_4)
                                         accumulator._0969_ (net)
                  0.04    0.00   19.59 v accumulator._1895_/A (sky130_fd_sc_hd__buf_6)
    10    0.03    0.04    0.14   19.73 v accumulator._1895_/X (sky130_fd_sc_hd__buf_6)
                                         accumulator._0992_ (net)
                  0.04    0.00   19.73 v accumulator._1912_/A (sky130_fd_sc_hd__nor2_4)
     1    0.01    0.09    0.12   19.85 ^ accumulator._1912_/Y (sky130_fd_sc_hd__nor2_4)
                                         accumulator._1009_ (net)
                  0.09    0.00   19.85 ^ accumulator._1913_/A (sky130_fd_sc_hd__xor2_2)
     5    0.01    0.21    0.21   20.06 ^ accumulator._1913_/X (sky130_fd_sc_hd__xor2_2)
                                         accumulator._1010_ (net)
                  0.21    0.00   20.06 ^ accumulator._2072_/B1 (sky130_fd_sc_hd__o21ai_1)
     1    0.00    0.06    0.10   20.16 v accumulator._2072_/Y (sky130_fd_sc_hd__o21ai_1)
                                         accumulator._1169_ (net)
                  0.06    0.00   20.16 v accumulator._2073_/A1 (sky130_fd_sc_hd__a21oi_1)
     1    0.00    0.10    0.13   20.28 ^ accumulator._2073_/Y (sky130_fd_sc_hd__a21oi_1)
                                         accumulator._1170_ (net)
                  0.10    0.00   20.28 ^ accumulator._2074_/A2 (sky130_fd_sc_hd__o21ai_1)
     1    0.00    0.06    0.07   20.35 v accumulator._2074_/Y (sky130_fd_sc_hd__o21ai_1)
                                         accumulator._1171_ (net)
                  0.06    0.00   20.35 v accumulator._2075_/A2 (sky130_fd_sc_hd__a21o_1)
     1    0.00    0.03    0.18   20.53 v accumulator._2075_/X (sky130_fd_sc_hd__a21o_1)
                                         accumulator._1172_ (net)
                  0.03    0.00   20.53 v accumulator._2076_/A2 (sky130_fd_sc_hd__a21oi_1)
     1    0.00    0.10    0.13   20.66 ^ accumulator._2076_/Y (sky130_fd_sc_hd__a21oi_1)
                                         accumulator._1173_ (net)
                  0.10    0.00   20.66 ^ accumulator._2077_/A2 (sky130_fd_sc_hd__o21ai_1)
     1    0.00    0.06    0.07   20.73 v accumulator._2077_/Y (sky130_fd_sc_hd__o21ai_1)
                                         accumulator._1174_ (net)
                  0.06    0.00   20.73 v accumulator._2078_/A2 (sky130_fd_sc_hd__a21oi_1)
     1    0.00    0.10    0.14   20.87 ^ accumulator._2078_/Y (sky130_fd_sc_hd__a21oi_1)
                                         accumulator._1175_ (net)
                  0.10    0.00   20.87 ^ accumulator._2079_/A2 (sky130_fd_sc_hd__o21bai_1)
     1    0.00    0.05    0.07   20.94 v accumulator._2079_/Y (sky130_fd_sc_hd__o21bai_1)
                                         accumulator._1176_ (net)
                  0.05    0.00   20.94 v accumulator._2082_/A1 (sky130_fd_sc_hd__a21o_2)
     7    0.02    0.08    0.25   21.19 v accumulator._2082_/X (sky130_fd_sc_hd__a21o_2)
                                         accumulator._1180_ (net)
                  0.08    0.00   21.19 v clone13/A (sky130_fd_sc_hd__nand2_2)
     4    0.01    0.08    0.10   21.28 ^ clone13/Y (sky130_fd_sc_hd__nand2_2)
                                         net70 (net)
                  0.08    0.00   21.28 ^ accumulator._2102_/A (sky130_fd_sc_hd__clkbuf_4)
    10    0.02    0.09    0.19   21.47 ^ accumulator._2102_/X (sky130_fd_sc_hd__clkbuf_4)
                                         accumulator._0036_ (net)
                  0.09    0.00   21.47 ^ accumulator._2327_/A (sky130_fd_sc_hd__nand2_1)
     3    0.01    0.07    0.10   21.57 v accumulator._2327_/Y (sky130_fd_sc_hd__nand2_1)
                                         accumulator._0260_ (net)
                  0.07    0.00   21.57 v accumulator._2333_/A (sky130_fd_sc_hd__xnor2_1)
     1    0.00    0.05    0.13   21.70 v accumulator._2333_/Y (sky130_fd_sc_hd__xnor2_1)
                                         accumulator._0266_ (net)
                  0.05    0.00   21.70 v accumulator._2335_/A2 (sky130_fd_sc_hd__o211a_1)
     1    0.00    0.03    0.20   21.90 v accumulator._2335_/X (sky130_fd_sc_hd__o211a_1)
                                         accumulator._0026_ (net)
                  0.03    0.00   21.90 v accumulator._2425_/D (sky130_fd_sc_hd__dfxtp_1)
                                 21.90   data arrival time

                         25.00   25.00   clock clock (rise edge)
                          0.00   25.00   clock source latency
     1    0.01    0.04    0.03   25.03 ^ clock (in)
                                         clock (net)
                  0.04    0.00   25.03 ^ clkbuf_0_clock/A (sky130_fd_sc_hd__clkbuf_16)
     4    0.03    0.05    0.13   25.15 ^ clkbuf_0_clock/X (sky130_fd_sc_hd__clkbuf_16)
                                         clknet_0_clock (net)
                  0.05    0.00   25.15 ^ clkbuf_2_0__f_clock/A (sky130_fd_sc_hd__clkbuf_16)
     8    0.02    0.04    0.12   25.27 ^ clkbuf_2_0__f_clock/X (sky130_fd_sc_hd__clkbuf_16)
                                         clknet_2_0__leaf_clock (net)
                  0.04    0.00   25.27 ^ accumulator._2425_/CLK (sky130_fd_sc_hd__dfxtp_1)
                         -0.25   25.02   clock uncertainty
                          0.00   25.02   clock reconvergence pessimism
                         -0.11   24.92   library setup time
                                 24.92   data required time
-----------------------------------------------------------------------------
                                 24.92   data required time
                                -21.90   data arrival time
-----------------------------------------------------------------------------
                                  3.01   slack (MET)


Startpoint: io_inScaleA[7] (input port clocked by clock)
Endpoint: accumulator._2399_ (rising edge-triggered flip-flop clocked by clock)
Path Group: clock
Path Type: max

Fanout     Cap    Slew   Delay    Time   Description
-----------------------------------------------------------------------------
                          0.00    0.00   clock clock (rise edge)
                          0.00    0.00   clock network delay (propagated)
                          5.00    5.00 v input external delay
     1    0.00    0.01    0.00    5.00 v io_inScaleA[7] (in)
                                         io_inScaleA[7] (net)
                  0.01    0.00    5.00 v input16/A (sky130_fd_sc_hd__buf_2)
     5    0.01    0.04    0.13    5.13 v input16/X (sky130_fd_sc_hd__buf_2)
                                         net16 (net)
                  0.04    0.00    5.13 v scaleAdd._421_/A1 (sky130_fd_sc_hd__o21a_4)
     4    0.02    0.05    0.24    5.37 v scaleAdd._421_/X (sky130_fd_sc_hd__o21a_4)
                                         scaleAdd._002_ (net)
                  0.05    0.00    5.37 v scaleAdd._428_/A (sky130_fd_sc_hd__xor2_1)
     2    0.01    0.07    0.18    5.55 v scaleAdd._428_/X (sky130_fd_sc_hd__xor2_1)
                                         scaleAdd._009_ (net)
                  0.07    0.00    5.55 v scaleAdd._429_/A (sky130_fd_sc_hd__xnor2_1)
     2    0.01    0.20    0.23    5.78 ^ scaleAdd._429_/Y (sky130_fd_sc_hd__xnor2_1)
                                         scaleAdd._010_ (net)
                  0.20    0.00    5.78 ^ scaleAdd._431_/B (sky130_fd_sc_hd__xnor2_1)
     2    0.01    0.25    0.20    5.99 ^ scaleAdd._431_/Y (sky130_fd_sc_hd__xnor2_1)
                                         scaleAdd._012_ (net)
                  0.25    0.00    5.99 ^ scaleAdd._432_/B (sky130_fd_sc_hd__xnor2_1)
     2    0.01    0.20    0.19    6.18 ^ scaleAdd._432_/Y (sky130_fd_sc_hd__xnor2_1)
                                         scaleAdd._013_ (net)
                  0.20    0.00    6.18 ^ scaleAdd._435_/A (sky130_fd_sc_hd__xor2_1)
     2    0.01    0.26    0.28    6.46 ^ scaleAdd._435_/X (sky130_fd_sc_hd__xor2_1)
                                         scaleAdd._016_ (net)
                  0.26    0.00    6.46 ^ scaleAdd._436_/A (sky130_fd_sc_hd__xnor2_2)
     2    0.01    0.19    0.18    6.64 ^ scaleAdd._436_/Y (sky130_fd_sc_hd__xnor2_2)
                                         scaleAdd._017_ (net)
                  0.19    0.00    6.64 ^ scaleAdd._438_/B (sky130_fd_sc_hd__xnor2_2)
     2    0.01    0.20    0.17    6.81 ^ scaleAdd._438_/Y (sky130_fd_sc_hd__xnor2_2)
                                         scaleAdd._019_ (net)
                  0.20    0.00    6.81 ^ scaleAdd._439_/A (sky130_fd_sc_hd__xor2_2)
     5    0.02    0.29    0.29    7.10 ^ scaleAdd._439_/X (sky130_fd_sc_hd__xor2_2)
                                         scaleAdd._020_ (net)
                  0.29    0.00    7.10 ^ scaleAdd._443_/B (sky130_fd_sc_hd__xnor2_2)
     1    0.01    0.07    0.12    7.22 v scaleAdd._443_/Y (sky130_fd_sc_hd__xnor2_2)
                                         scaleAdd._024_ (net)
                  0.07    0.00    7.22 v scaleAdd._444_/A (sky130_fd_sc_hd__xnor2_2)
     6    0.01    0.22    0.24    7.46 ^ scaleAdd._444_/Y (sky130_fd_sc_hd__xnor2_2)
                                         scaleAdd._025_ (net)
                  0.22    0.00    7.46 ^ scaleAdd._445_/B_N (sky130_fd_sc_hd__or2b_4)
     3    0.01    0.05    0.31    7.78 v scaleAdd._445_/X (sky130_fd_sc_hd__or2b_4)
                                         scaleAdd._026_ (net)
                  0.05    0.00    7.78 v scaleAdd._448_/B1 (sky130_fd_sc_hd__a22o_1)
     2    0.00    0.05    0.19    7.97 v scaleAdd._448_/X (sky130_fd_sc_hd__a22o_1)
                                         scaleAdd._029_ (net)
                  0.05    0.00    7.97 v scaleAdd._452_/A2 (sky130_fd_sc_hd__a21o_1)
     2    0.00    0.04    0.19    8.16 v scaleAdd._452_/X (sky130_fd_sc_hd__a21o_1)
                                         scaleAdd._033_ (net)
                  0.04    0.00    8.16 v scaleAdd._454_/B2 (sky130_fd_sc_hd__a22o_1)
     3    0.01    0.06    0.22    8.38 v scaleAdd._454_/X (sky130_fd_sc_hd__a22o_1)
                                         scaleAdd._035_ (net)
                  0.06    0.00    8.38 v scaleAdd._456_/B (sky130_fd_sc_hd__and3_1)
     2    0.00    0.05    0.18    8.56 v scaleAdd._456_/X (sky130_fd_sc_hd__and3_1)
                                         scaleAdd._037_ (net)
                  0.05    0.00    8.56 v scaleAdd._458_/B (sky130_fd_sc_hd__or3_4)
     3    0.01    0.07    0.38    8.95 v scaleAdd._458_/X (sky130_fd_sc_hd__or3_4)
                                         scaleAdd._039_ (net)
                  0.07    0.00    8.95 v scaleAdd._492_/A1 (sky130_fd_sc_hd__a21o_1)
     3    0.01    0.07    0.21    9.15 v scaleAdd._492_/X (sky130_fd_sc_hd__a21o_1)
                                         scaleAdd._072_ (net)
                  0.07    0.00    9.15 v scaleAdd._539_/A1 (sky130_fd_sc_hd__a21oi_4)
     4    0.01    0.13    0.16    9.31 ^ scaleAdd._539_/Y (sky130_fd_sc_hd__a21oi_4)
                                         scaleAdd._118_ (net)
                  0.13    0.00    9.31 ^ scaleAdd._603_/A3 (sky130_fd_sc_hd__o311ai_2)
     3    0.01    0.10    0.11    9.42 v scaleAdd._603_/Y (sky130_fd_sc_hd__o311ai_2)
                                         scaleAdd._180_ (net)
                  0.10    0.00    9.42 v scaleAdd._652_/A1 (sky130_fd_sc_hd__a311o_1)
     3    0.01    0.07    0.31    9.72 v scaleAdd._652_/X (sky130_fd_sc_hd__a311o_1)
                                         scaleAdd._227_ (net)
                  0.07    0.00    9.72 v scaleAdd._688_/A1 (sky130_fd_sc_hd__a311o_1)
     3    0.01    0.10    0.33   10.06 v scaleAdd._688_/X (sky130_fd_sc_hd__a311o_1)
                                         scaleAdd._261_ (net)
                  0.10    0.00   10.06 v scaleAdd._708_/A1 (sky130_fd_sc_hd__a31oi_4)
     2    0.01    0.14    0.16   10.22 ^ scaleAdd._708_/Y (sky130_fd_sc_hd__a31oi_4)
                                         scaleAdd._279_ (net)
                  0.14    0.00   10.22 ^ rebuffer17/A (sky130_fd_sc_hd__buf_6)
     1    0.00    0.03    0.12   10.34 ^ rebuffer17/X (sky130_fd_sc_hd__buf_6)
                                         net74 (net)
                  0.03    0.00   10.34 ^ rebuffer10/A (sky130_fd_sc_hd__buf_6)
     1    0.02    0.05    0.10   10.44 ^ rebuffer10/X (sky130_fd_sc_hd__buf_6)
                                         net67 (net)
                  0.05    0.00   10.44 ^ scaleAdd._709_/A (sky130_fd_sc_hd__xnor2_4)
     4    0.01    0.06    0.08   10.52 v scaleAdd._709_/Y (sky130_fd_sc_hd__xnor2_4)
                                         accumulator.io_inMant[16] (net)
                  0.06    0.00   10.52 v accumulator._1204_/B (sky130_fd_sc_hd__or4_4)
     4    0.01    0.09    0.55   11.07 v accumulator._1204_/X (sky130_fd_sc_hd__or4_4)
                                         accumulator._0065_ (net)
                  0.09    0.00   11.07 v accumulator._1206_/B (sky130_fd_sc_hd__or2_4)
     3    0.01    0.05    0.26   11.32 v accumulator._1206_/X (sky130_fd_sc_hd__or2_4)
                                         accumulator._0085_ (net)
                  0.05    0.00   11.32 v accumulator._1207_/B (sky130_fd_sc_hd__or2_4)
     4    0.01    0.05    0.24   11.57 v accumulator._1207_/X (sky130_fd_sc_hd__or2_4)
                                         accumulator._0095_ (net)
                  0.05    0.00   11.57 v accumulator._1240_/B (sky130_fd_sc_hd__and2_1)
     2    0.00    0.04    0.17   11.73 v accumulator._1240_/X (sky130_fd_sc_hd__and2_1)
                                         accumulator._0339_ (net)
                  0.04    0.00   11.73 v accumulator._1241_/C1 (sky130_fd_sc_hd__a311o_1)
     3    0.01    0.07    0.30   12.03 v accumulator._1241_/X (sky130_fd_sc_hd__a311o_1)
                                         accumulator._0340_ (net)
                  0.07    0.00   12.03 v accumulator._1255_/A1 (sky130_fd_sc_hd__a21o_1)
     2    0.00    0.04    0.18   12.21 v accumulator._1255_/X (sky130_fd_sc_hd__a21o_1)
                                         accumulator._0354_ (net)
                  0.04    0.00   12.21 v accumulator._1257_/A2 (sky130_fd_sc_hd__a211o_1)
     3    0.01    0.06    0.31   12.53 v accumulator._1257_/X (sky130_fd_sc_hd__a211o_1)
                                         accumulator._0356_ (net)
                  0.06    0.00   12.53 v accumulator._1263_/B (sky130_fd_sc_hd__and2_4)
     5    0.01    0.04    0.18   12.70 v accumulator._1263_/X (sky130_fd_sc_hd__and2_4)
                                         accumulator._0362_ (net)
                  0.04    0.00   12.70 v accumulator._1274_/C (sky130_fd_sc_hd__or4_4)
     4    0.01    0.10    0.52   13.22 v accumulator._1274_/X (sky130_fd_sc_hd__or4_4)
                                         accumulator._0373_ (net)
                  0.10    0.00   13.22 v accumulator._1276_/A1 (sky130_fd_sc_hd__a21o_1)
     2    0.01    0.05    0.19   13.41 v accumulator._1276_/X (sky130_fd_sc_hd__a21o_1)
                                         accumulator._0375_ (net)
                  0.05    0.00   13.41 v accumulator._1278_/A1 (sky130_fd_sc_hd__a21o_4)
     2    0.02    0.05    0.23   13.64 v accumulator._1278_/X (sky130_fd_sc_hd__a21o_4)
                                         accumulator._0377_ (net)
                  0.05    0.00   13.64 v accumulator._1284_/A2 (sky130_fd_sc_hd__a21o_1)
     2    0.01    0.05    0.20   13.84 v accumulator._1284_/X (sky130_fd_sc_hd__a21o_1)
                                         accumulator._0383_ (net)
                  0.05    0.00   13.84 v accumulator._1285_/A2 (sky130_fd_sc_hd__a21o_4)
     2    0.02    0.05    0.25   14.09 v accumulator._1285_/X (sky130_fd_sc_hd__a21o_4)
                                         accumulator._0384_ (net)
                  0.05    0.00   14.09 v accumulator._1290_/A2 (sky130_fd_sc_hd__a21o_1)
     2    0.02    0.09    0.25   14.34 v accumulator._1290_/X (sky130_fd_sc_hd__a21o_1)
                                         accumulator._0389_ (net)
                  0.09    0.00   14.34 v accumulator._1293_/A2 (sky130_fd_sc_hd__a21boi_4)
     3    0.02    0.19    0.24   14.58 ^ accumulator._1293_/Y (sky130_fd_sc_hd__a21boi_4)
                                         accumulator._0392_ (net)
                  0.19    0.00   14.58 ^ accumulator._1302_/A (sky130_fd_sc_hd__xor2_2)
     4    0.01    0.18    0.21   14.79 ^ accumulator._1302_/X (sky130_fd_sc_hd__xor2_2)
                                         accumulator._0401_ (net)
                  0.18    0.00   14.79 ^ accumulator._1303_/A (sky130_fd_sc_hd__buf_6)
     6    0.02    0.05    0.15   14.94 ^ accumulator._1303_/X (sky130_fd_sc_hd__buf_6)
                                         accumulator._0402_ (net)
                  0.05    0.00   14.94 ^ accumulator._1304_/A (sky130_fd_sc_hd__clkbuf_4)
    10    0.03    0.11    0.20   15.14 ^ accumulator._1304_/X (sky130_fd_sc_hd__clkbuf_4)
                                         accumulator._0403_ (net)
                  0.11    0.00   15.14 ^ accumulator._1305_/A (sky130_fd_sc_hd__clkbuf_4)
    10    0.04    0.12    0.22   15.36 ^ accumulator._1305_/X (sky130_fd_sc_hd__clkbuf_4)
                                         accumulator._0404_ (net)
                  0.12    0.00   15.36 ^ accumulator._1306_/A (sky130_fd_sc_hd__clkbuf_4)
    10    0.03    0.11    0.22   15.58 ^ accumulator._1306_/X (sky130_fd_sc_hd__clkbuf_4)
                                         accumulator._0405_ (net)
                  0.11    0.00   15.58 ^ accumulator._1308_/A1 (sky130_fd_sc_hd__a21o_1)
     1    0.00    0.04    0.12   15.71 ^ accumulator._1308_/X (sky130_fd_sc_hd__a21o_1)
                                         accumulator._0407_ (net)
                  0.04    0.00   15.71 ^ accumulator._1309_/C1 (sky130_fd_sc_hd__o311a_1)
     1    0.00    0.04    0.14   15.85 ^ accumulator._1309_/X (sky130_fd_sc_hd__o311a_1)
                                         accumulator._0000_ (net)
                  0.04    0.00   15.85 ^ accumulator._2399_/D (sky130_fd_sc_hd__dfxtp_2)
                                 15.85   data arrival time

                         25.00   25.00   clock clock (rise edge)
                          0.00   25.00   clock source latency
     1    0.01    0.04    0.03   25.03 ^ clock (in)
                                         clock (net)
                  0.04    0.00   25.03 ^ clkbuf_0_clock/A (sky130_fd_sc_hd__clkbuf_16)
     4    0.03    0.05    0.13   25.15 ^ clkbuf_0_clock/X (sky130_fd_sc_hd__clkbuf_16)
                                         clknet_0_clock (net)
                  0.05    0.00   25.15 ^ clkbuf_2_0__f_clock/A (sky130_fd_sc_hd__clkbuf_16)
     8    0.02    0.04    0.12   25.27 ^ clkbuf_2_0__f_clock/X (sky130_fd_sc_hd__clkbuf_16)
                                         clknet_2_0__leaf_clock (net)
                  0.04    0.00   25.27 ^ accumulator._2399_/CLK (sky130_fd_sc_hd__dfxtp_2)
                         -0.25   25.02   clock uncertainty
                          0.00   25.02   clock reconvergence pessimism
                         -0.06   24.97   library setup time
                                 24.97   data required time
-----------------------------------------------------------------------------
                                 24.97   data required time
                                -15.85   data arrival time
-----------------------------------------------------------------------------
                                  9.12   slack (MET)


Startpoint: accumulator._2432_
            (rising edge-triggered flip-flop clocked by clock)
Endpoint: io_done (output port clocked by clock)
Path Group: clock
Path Type: max

Fanout     Cap    Slew   Delay    Time   Description
-----------------------------------------------------------------------------
                          0.00    0.00   clock clock (rise edge)
                          0.00    0.00   clock source latency
     1    0.01    0.04    0.03    0.03 ^ clock (in)
                                         clock (net)
                  0.04    0.00    0.03 ^ clkbuf_0_clock/A (sky130_fd_sc_hd__clkbuf_16)
     4    0.03    0.05    0.14    0.17 ^ clkbuf_0_clock/X (sky130_fd_sc_hd__clkbuf_16)
                                         clknet_0_clock (net)
                  0.05    0.00    0.17 ^ clkbuf_2_1__f_clock/A (sky130_fd_sc_hd__clkbuf_16)
    10    0.02    0.04    0.13    0.30 ^ clkbuf_2_1__f_clock/X (sky130_fd_sc_hd__clkbuf_16)
                                         clknet_2_1__leaf_clock (net)
                  0.04    0.00    0.30 ^ accumulator._2432_/CLK (sky130_fd_sc_hd__dfxtp_1)
     5    0.01    0.12    0.37    0.68 ^ accumulator._2432_/Q (sky130_fd_sc_hd__dfxtp_1)
                                         accumulator.state[0] (net)
                  0.12    0.00    0.68 ^ accumulator._1199_/A_N (sky130_fd_sc_hd__and2b_1)
     1    0.00    0.03    0.19    0.87 v accumulator._1199_/X (sky130_fd_sc_hd__and2b_1)
                                         accumulator._1178_ (net)
                  0.03    0.00    0.87 v accumulator._1200_/A (sky130_fd_sc_hd__clkbuf_1)
     2    0.00    0.03    0.09    0.96 v accumulator._1200_/X (sky130_fd_sc_hd__clkbuf_1)
                                         net54 (net)
                  0.03    0.00    0.96 v output54/A (sky130_fd_sc_hd__buf_2)
     1    0.03    0.09    0.18    1.14 v output54/X (sky130_fd_sc_hd__buf_2)
                                         io_done (net)
                  0.09    0.00    1.14 v io_done (out)
                                  1.14   data arrival time

                         25.00   25.00   clock clock (rise edge)
                          0.00   25.00   clock network delay (propagated)
                         -0.25   24.75   clock uncertainty
                          0.00   24.75   clock reconvergence pessimism
                         -5.00   19.75   output external delay
                                 19.75   data required time
-----------------------------------------------------------------------------
                                 19.75   data required time
                                 -1.14   data arrival time
-----------------------------------------------------------------------------
                                 18.61   slack (MET)


Startpoint: accumulator._2399_
            (rising edge-triggered flip-flop clocked by clock)
Endpoint: io_accOut[31] (output port clocked by clock)
Path Group: clock
Path Type: max

Fanout     Cap    Slew   Delay    Time   Description
-----------------------------------------------------------------------------
                          0.00    0.00   clock clock (rise edge)
                          0.00    0.00   clock source latency
     1    0.01    0.04    0.03    0.03 ^ clock (in)
                                         clock (net)
                  0.04    0.00    0.03 ^ clkbuf_0_clock/A (sky130_fd_sc_hd__clkbuf_16)
     4    0.03    0.05    0.14    0.17 ^ clkbuf_0_clock/X (sky130_fd_sc_hd__clkbuf_16)
                                         clknet_0_clock (net)
                  0.05    0.00    0.17 ^ clkbuf_2_0__f_clock/A (sky130_fd_sc_hd__clkbuf_16)
     8    0.02    0.04    0.13    0.30 ^ clkbuf_2_0__f_clock/X (sky130_fd_sc_hd__clkbuf_16)
                                         clknet_2_0__leaf_clock (net)
                  0.04    0.00    0.30 ^ accumulator._2399_/CLK (sky130_fd_sc_hd__dfxtp_2)
     4    0.03    0.17    0.43    0.73 ^ accumulator._2399_/Q (sky130_fd_sc_hd__dfxtp_2)
                                         accumulator.io_accOut[31] (net)
                  0.17    0.00    0.73 ^ _31_/A (sky130_fd_sc_hd__buf_1)
     1    0.00    0.04    0.10    0.84 ^ _31_/X (sky130_fd_sc_hd__buf_1)
                                         net46 (net)
                  0.04    0.00    0.84 ^ output46/A (sky130_fd_sc_hd__buf_2)
     1    0.03    0.17    0.20    1.04 ^ output46/X (sky130_fd_sc_hd__buf_2)
                                         io_accOut[31] (net)
                  0.17    0.00    1.04 ^ io_accOut[31] (out)
                                  1.04   data arrival time

                         25.00   25.00   clock clock (rise edge)
                          0.00   25.00   clock network delay (propagated)
                         -0.25   24.75   clock uncertainty
                          0.00   24.75   clock reconvergence pessimism
                         -5.00   19.75   output external delay
                                 19.75   data required time
-----------------------------------------------------------------------------
                                 19.75   data required time
                                 -1.04   data arrival time
-----------------------------------------------------------------------------
                                 18.71   slack (MET)


Startpoint: accumulator._2425_
            (rising edge-triggered flip-flop clocked by clock)
Endpoint: io_accOut[24] (output port clocked by clock)
Path Group: clock
Path Type: max

Fanout     Cap    Slew   Delay    Time   Description
-----------------------------------------------------------------------------
                          0.00    0.00   clock clock (rise edge)
                          0.00    0.00   clock source latency
     1    0.01    0.04    0.03    0.03 ^ clock (in)
                                         clock (net)
                  0.04    0.00    0.03 ^ clkbuf_0_clock/A (sky130_fd_sc_hd__clkbuf_16)
     4    0.03    0.05    0.14    0.17 ^ clkbuf_0_clock/X (sky130_fd_sc_hd__clkbuf_16)
                                         clknet_0_clock (net)
                  0.05    0.00    0.17 ^ clkbuf_2_0__f_clock/A (sky130_fd_sc_hd__clkbuf_16)
     8    0.02    0.04    0.13    0.30 ^ clkbuf_2_0__f_clock/X (sky130_fd_sc_hd__clkbuf_16)
                                         clknet_2_0__leaf_clock (net)
                  0.04    0.00    0.30 ^ accumulator._2425_/CLK (sky130_fd_sc_hd__dfxtp_1)
     6    0.02    0.18    0.42    0.72 ^ accumulator._2425_/Q (sky130_fd_sc_hd__dfxtp_1)
                                         accumulator.io_accOut[24] (net)
                  0.18    0.00    0.72 ^ _24_/A (sky130_fd_sc_hd__clkbuf_1)
     1    0.00    0.04    0.11    0.82 ^ _24_/X (sky130_fd_sc_hd__clkbuf_1)
                                         net38 (net)
                  0.04    0.00    0.82 ^ output38/A (sky130_fd_sc_hd__buf_2)
     1    0.03    0.17    0.20    1.03 ^ output38/X (sky130_fd_sc_hd__buf_2)
                                         io_accOut[24] (net)
                  0.17    0.00    1.03 ^ io_accOut[24] (out)
                                  1.03   data arrival time

                         25.00   25.00   clock clock (rise edge)
                          0.00   25.00   clock network delay (propagated)
                         -0.25   24.75   clock uncertainty
                          0.00   24.75   clock reconvergence pessimism
                         -5.00   19.75   output external delay
                                 19.75   data required time
-----------------------------------------------------------------------------
                                 19.75   data required time
                                 -1.03   data arrival time
-----------------------------------------------------------------------------
                                 18.72   slack (MET)


Startpoint: accumulator._2426_
            (rising edge-triggered flip-flop clocked by clock)
Endpoint: io_accOut[25] (output port clocked by clock)
Path Group: clock
Path Type: max

Fanout     Cap    Slew   Delay    Time   Description
-----------------------------------------------------------------------------
                          0.00    0.00   clock clock (rise edge)
                          0.00    0.00   clock source latency
     1    0.01    0.04    0.03    0.03 ^ clock (in)
                                         clock (net)
                  0.04    0.00    0.03 ^ clkbuf_0_clock/A (sky130_fd_sc_hd__clkbuf_16)
     4    0.03    0.05    0.14    0.17 ^ clkbuf_0_clock/X (sky130_fd_sc_hd__clkbuf_16)
                                         clknet_0_clock (net)
                  0.05    0.00    0.17 ^ clkbuf_2_0__f_clock/A (sky130_fd_sc_hd__clkbuf_16)
     8    0.02    0.04    0.13    0.30 ^ clkbuf_2_0__f_clock/X (sky130_fd_sc_hd__clkbuf_16)
                                         clknet_2_0__leaf_clock (net)
                  0.04    0.00    0.30 ^ accumulator._2426_/CLK (sky130_fd_sc_hd__dfxtp_2)
     6    0.03    0.15    0.41    0.72 ^ accumulator._2426_/Q (sky130_fd_sc_hd__dfxtp_2)
                                         accumulator.io_accOut[25] (net)
                  0.15    0.00    0.72 ^ _25_/A (sky130_fd_sc_hd__clkbuf_1)
     1    0.00    0.04    0.10    0.82 ^ _25_/X (sky130_fd_sc_hd__clkbuf_1)
                                         net39 (net)
                  0.04    0.00    0.82 ^ output39/A (sky130_fd_sc_hd__buf_2)
     1    0.03    0.17    0.20    1.02 ^ output39/X (sky130_fd_sc_hd__buf_2)
                                         io_accOut[25] (net)
                  0.17    0.00    1.02 ^ io_accOut[25] (out)
                                  1.02   data arrival time

                         25.00   25.00   clock clock (rise edge)
                          0.00   25.00   clock network delay (propagated)
                         -0.25   24.75   clock uncertainty
                          0.00   24.75   clock reconvergence pessimism
                         -5.00   19.75   output external delay
                                 19.75   data required time
-----------------------------------------------------------------------------
                                 19.75   data required time
                                 -1.02   data arrival time
-----------------------------------------------------------------------------
                                 18.73   slack (MET)


Startpoint: accumulator._2431_
            (rising edge-triggered flip-flop clocked by clock)
Endpoint: io_accOut[30] (output port clocked by clock)
Path Group: clock
Path Type: max

Fanout     Cap    Slew   Delay    Time   Description
-----------------------------------------------------------------------------
                          0.00    0.00   clock clock (rise edge)
                          0.00    0.00   clock source latency
     1    0.01    0.04    0.03    0.03 ^ clock (in)
                                         clock (net)
                  0.04    0.00    0.03 ^ clkbuf_0_clock/A (sky130_fd_sc_hd__clkbuf_16)
     4    0.03    0.05    0.14    0.17 ^ clkbuf_0_clock/X (sky130_fd_sc_hd__clkbuf_16)
                                         clknet_0_clock (net)
                  0.05    0.00    0.17 ^ clkbuf_2_0__f_clock/A (sky130_fd_sc_hd__clkbuf_16)
     8    0.02    0.04    0.13    0.30 ^ clkbuf_2_0__f_clock/X (sky130_fd_sc_hd__clkbuf_16)
                                         clknet_2_0__leaf_clock (net)
                  0.04    0.00    0.30 ^ accumulator._2431_/CLK (sky130_fd_sc_hd__dfxtp_2)
     6    0.03    0.14    0.41    0.71 ^ accumulator._2431_/Q (sky130_fd_sc_hd__dfxtp_2)
                                         accumulator.io_accOut[30] (net)
                  0.14    0.00    0.71 ^ _30_/A (sky130_fd_sc_hd__clkbuf_1)
     1    0.00    0.04    0.10    0.81 ^ _30_/X (sky130_fd_sc_hd__clkbuf_1)
                                         net45 (net)
                  0.04    0.00    0.81 ^ output45/A (sky130_fd_sc_hd__buf_2)
     1    0.03    0.17    0.20    1.01 ^ output45/X (sky130_fd_sc_hd__buf_2)
                                         io_accOut[30] (net)
                  0.17    0.00    1.01 ^ io_accOut[30] (out)
                                  1.01   data arrival time

                         25.00   25.00   clock clock (rise edge)
                          0.00   25.00   clock network delay (propagated)
                         -0.25   24.75   clock uncertainty
                          0.00   24.75   clock reconvergence pessimism
                         -5.00   19.75   output external delay
                                 19.75   data required time
-----------------------------------------------------------------------------
                                 19.75   data required time
                                 -1.01   data arrival time
-----------------------------------------------------------------------------
                                 18.74   slack (MET)


Startpoint: accumulator._2403_
            (rising edge-triggered flip-flop clocked by clock)
Endpoint: io_accOut[2] (output port clocked by clock)
Path Group: clock
Path Type: max

Fanout     Cap    Slew   Delay    Time   Description
-----------------------------------------------------------------------------
                          0.00    0.00   clock clock (rise edge)
                          0.00    0.00   clock source latency
     1    0.01    0.04    0.03    0.03 ^ clock (in)
                                         clock (net)
                  0.04    0.00    0.03 ^ clkbuf_0_clock/A (sky130_fd_sc_hd__clkbuf_16)
     4    0.03    0.05    0.14    0.17 ^ clkbuf_0_clock/X (sky130_fd_sc_hd__clkbuf_16)
                                         clknet_0_clock (net)
                  0.05    0.00    0.17 ^ clkbuf_2_3__f_clock/A (sky130_fd_sc_hd__clkbuf_16)
     9    0.02    0.04    0.13    0.30 ^ clkbuf_2_3__f_clock/X (sky130_fd_sc_hd__clkbuf_16)
                                         clknet_2_3__leaf_clock (net)
                  0.04    0.00    0.30 ^ accumulator._2403_/CLK (sky130_fd_sc_hd__dfxtp_1)
     6    0.01    0.13    0.38    0.68 ^ accumulator._2403_/Q (sky130_fd_sc_hd__dfxtp_1)
                                         accumulator.io_accOut[2] (net)
                  0.13    0.00    0.68 ^ _02_/A (sky130_fd_sc_hd__buf_1)
     1    0.00    0.04    0.10    0.78 ^ _02_/X (sky130_fd_sc_hd__buf_1)
                                         net44 (net)
                  0.04    0.00    0.78 ^ output44/A (sky130_fd_sc_hd__buf_2)
     1    0.03    0.17    0.20    0.98 ^ output44/X (sky130_fd_sc_hd__buf_2)
                                         io_accOut[2] (net)
                  0.17    0.00    0.98 ^ io_accOut[2] (out)
                                  0.98   data arrival time

                         25.00   25.00   clock clock (rise edge)
                          0.00   25.00   clock network delay (propagated)
                         -0.25   24.75   clock uncertainty
                          0.00   24.75   clock reconvergence pessimism
                         -5.00   19.75   output external delay
                                 19.75   data required time
-----------------------------------------------------------------------------
                                 19.75   data required time
                                 -0.98   data arrival time
-----------------------------------------------------------------------------
                                 18.77   slack (MET)


Startpoint: accumulator._2404_
            (rising edge-triggered flip-flop clocked by clock)
Endpoint: io_accOut[3] (output port clocked by clock)
Path Group: clock
Path Type: max

Fanout     Cap    Slew   Delay    Time   Description
-----------------------------------------------------------------------------
                          0.00    0.00   clock clock (rise edge)
                          0.00    0.00   clock source latency
     1    0.01    0.04    0.03    0.03 ^ clock (in)
                                         clock (net)
                  0.04    0.00    0.03 ^ clkbuf_0_clock/A (sky130_fd_sc_hd__clkbuf_16)
     4    0.03    0.05    0.14    0.17 ^ clkbuf_0_clock/X (sky130_fd_sc_hd__clkbuf_16)
                                         clknet_0_clock (net)
                  0.05    0.00    0.17 ^ clkbuf_2_3__f_clock/A (sky130_fd_sc_hd__clkbuf_16)
     9    0.02    0.04    0.13    0.30 ^ clkbuf_2_3__f_clock/X (sky130_fd_sc_hd__clkbuf_16)
                                         clknet_2_3__leaf_clock (net)
                  0.04    0.00    0.30 ^ accumulator._2404_/CLK (sky130_fd_sc_hd__dfxtp_1)
     6    0.01    0.13    0.38    0.68 ^ accumulator._2404_/Q (sky130_fd_sc_hd__dfxtp_1)
                                         accumulator.io_accOut[3] (net)
                  0.13    0.00    0.68 ^ _03_/A (sky130_fd_sc_hd__buf_1)
     1    0.00    0.04    0.10    0.78 ^ _03_/X (sky130_fd_sc_hd__buf_1)
                                         net47 (net)
                  0.04    0.00    0.78 ^ output47/A (sky130_fd_sc_hd__buf_2)
     1    0.03    0.17    0.20    0.98 ^ output47/X (sky130_fd_sc_hd__buf_2)
                                         io_accOut[3] (net)
                  0.17    0.00    0.98 ^ io_accOut[3] (out)
                                  0.98   data arrival time

                         25.00   25.00   clock clock (rise edge)
                          0.00   25.00   clock network delay (propagated)
                         -0.25   24.75   clock uncertainty
                          0.00   24.75   clock reconvergence pessimism
                         -5.00   19.75   output external delay
                                 19.75   data required time
-----------------------------------------------------------------------------
                                 19.75   data required time
                                 -0.98   data arrival time
-----------------------------------------------------------------------------
                                 18.77   slack (MET)


Startpoint: accumulator._2405_
            (rising edge-triggered flip-flop clocked by clock)
Endpoint: io_accOut[4] (output port clocked by clock)
Path Group: clock
Path Type: max

Fanout     Cap    Slew   Delay    Time   Description
-----------------------------------------------------------------------------
                          0.00    0.00   clock clock (rise edge)
                          0.00    0.00   clock source latency
     1    0.01    0.04    0.03    0.03 ^ clock (in)
                                         clock (net)
                  0.04    0.00    0.03 ^ clkbuf_0_clock/A (sky130_fd_sc_hd__clkbuf_16)
     4    0.03    0.05    0.14    0.17 ^ clkbuf_0_clock/X (sky130_fd_sc_hd__clkbuf_16)
                                         clknet_0_clock (net)
                  0.05    0.00    0.17 ^ clkbuf_2_2__f_clock/A (sky130_fd_sc_hd__clkbuf_16)
    10    0.02    0.04    0.13    0.30 ^ clkbuf_2_2__f_clock/X (sky130_fd_sc_hd__clkbuf_16)
                                         clknet_2_2__leaf_clock (net)
                  0.04    0.00    0.30 ^ accumulator._2405_/CLK (sky130_fd_sc_hd__dfxtp_1)
     6    0.01    0.13    0.38    0.68 ^ accumulator._2405_/Q (sky130_fd_sc_hd__dfxtp_1)
                                         accumulator.io_accOut[4] (net)
                  0.13    0.00    0.68 ^ _04_/A (sky130_fd_sc_hd__buf_1)
     1    0.00    0.04    0.10    0.78 ^ _04_/X (sky130_fd_sc_hd__buf_1)
                                         net48 (net)
                  0.04    0.00    0.78 ^ output48/A (sky130_fd_sc_hd__buf_2)
     1    0.03    0.17    0.20    0.98 ^ output48/X (sky130_fd_sc_hd__buf_2)
                                         io_accOut[4] (net)
                  0.17    0.00    0.98 ^ io_accOut[4] (out)
                                  0.98   data arrival time

                         25.00   25.00   clock clock (rise edge)
                          0.00   25.00   clock network delay (propagated)
                         -0.25   24.75   clock uncertainty
                          0.00   24.75   clock reconvergence pessimism
                         -5.00   19.75   output external delay
                                 19.75   data required time
-----------------------------------------------------------------------------
                                 19.75   data required time
                                 -0.98   data arrival time
-----------------------------------------------------------------------------
                                 18.77   slack (MET)


Startpoint: accumulator._2424_
            (rising edge-triggered flip-flop clocked by clock)
Endpoint: io_accOut[23] (output port clocked by clock)
Path Group: clock
Path Type: max

Fanout     Cap    Slew   Delay    Time   Description
-----------------------------------------------------------------------------
                          0.00    0.00   clock clock (rise edge)
                          0.00    0.00   clock source latency
     1    0.01    0.04    0.03    0.03 ^ clock (in)
                                         clock (net)
                  0.04    0.00    0.03 ^ clkbuf_0_clock/A (sky130_fd_sc_hd__clkbuf_16)
     4    0.03    0.05    0.14    0.17 ^ clkbuf_0_clock/X (sky130_fd_sc_hd__clkbuf_16)
                                         clknet_0_clock (net)
                  0.05    0.00    0.17 ^ clkbuf_2_0__f_clock/A (sky130_fd_sc_hd__clkbuf_16)
     8    0.02    0.04    0.13    0.30 ^ clkbuf_2_0__f_clock/X (sky130_fd_sc_hd__clkbuf_16)
                                         clknet_2_0__leaf_clock (net)
                  0.04    0.00    0.30 ^ accumulator._2424_/CLK (sky130_fd_sc_hd__dfxtp_1)
     6    0.01    0.12    0.38    0.68 ^ accumulator._2424_/Q (sky130_fd_sc_hd__dfxtp_1)
                                         accumulator.io_accOut[23] (net)
                  0.12    0.00    0.68 ^ _23_/A (sky130_fd_sc_hd__buf_1)
     1    0.00    0.04    0.10    0.78 ^ _23_/X (sky130_fd_sc_hd__buf_1)
                                         net37 (net)
                  0.04    0.00    0.78 ^ output37/A (sky130_fd_sc_hd__buf_2)
     1    0.03    0.17    0.20    0.98 ^ output37/X (sky130_fd_sc_hd__buf_2)
                                         io_accOut[23] (net)
                  0.17    0.00    0.98 ^ io_accOut[23] (out)
                                  0.98   data arrival time

                         25.00   25.00   clock clock (rise edge)
                          0.00   25.00   clock network delay (propagated)
                         -0.25   24.75   clock uncertainty
                          0.00   24.75   clock reconvergence pessimism
                         -5.00   19.75   output external delay
                                 19.75   data required time
-----------------------------------------------------------------------------
                                 19.75   data required time
                                 -0.98   data arrival time
-----------------------------------------------------------------------------
                                 18.77   slack (MET)


Startpoint: accumulator._2427_
            (rising edge-triggered flip-flop clocked by clock)
Endpoint: io_accOut[26] (output port clocked by clock)
Path Group: clock
Path Type: max

Fanout     Cap    Slew   Delay    Time   Description
-----------------------------------------------------------------------------
                          0.00    0.00   clock clock (rise edge)
                          0.00    0.00   clock source latency
     1    0.01    0.04    0.03    0.03 ^ clock (in)
                                         clock (net)
                  0.04    0.00    0.03 ^ clkbuf_0_clock/A (sky130_fd_sc_hd__clkbuf_16)
     4    0.03    0.05    0.14    0.17 ^ clkbuf_0_clock/X (sky130_fd_sc_hd__clkbuf_16)
                                         clknet_0_clock (net)
                  0.05    0.00    0.17 ^ clkbuf_2_1__f_clock/A (sky130_fd_sc_hd__clkbuf_16)
    10    0.02    0.04    0.13    0.30 ^ clkbuf_2_1__f_clock/X (sky130_fd_sc_hd__clkbuf_16)
                                         clknet_2_1__leaf_clock (net)
                  0.04    0.00    0.30 ^ accumulator._2427_/CLK (sky130_fd_sc_hd__dfxtp_1)
     6    0.01    0.11    0.37    0.68 ^ accumulator._2427_/Q (sky130_fd_sc_hd__dfxtp_1)
                                         accumulator.io_accOut[26] (net)
                  0.11    0.00    0.68 ^ _26_/A (sky130_fd_sc_hd__clkbuf_1)
     1    0.00    0.04    0.10    0.77 ^ _26_/X (sky130_fd_sc_hd__clkbuf_1)
                                         net40 (net)
                  0.04    0.00    0.77 ^ output40/A (sky130_fd_sc_hd__buf_2)
     1    0.03    0.17    0.20    0.97 ^ output40/X (sky130_fd_sc_hd__buf_2)
                                         io_accOut[26] (net)
                  0.17    0.00    0.97 ^ io_accOut[26] (out)
                                  0.97   data arrival time

                         25.00   25.00   clock clock (rise edge)
                          0.00   25.00   clock network delay (propagated)
                         -0.25   24.75   clock uncertainty
                          0.00   24.75   clock reconvergence pessimism
                         -5.00   19.75   output external delay
                                 19.75   data required time
-----------------------------------------------------------------------------
                                 19.75   data required time
                                 -0.97   data arrival time
-----------------------------------------------------------------------------
                                 18.78   slack (MET)


Startpoint: accumulator._2430_
            (rising edge-triggered flip-flop clocked by clock)
Endpoint: io_accOut[29] (output port clocked by clock)
Path Group: clock
Path Type: max

Fanout     Cap    Slew   Delay    Time   Description
-----------------------------------------------------------------------------
                          0.00    0.00   clock clock (rise edge)
                          0.00    0.00   clock source latency
     1    0.01    0.04    0.03    0.03 ^ clock (in)
                                         clock (net)
                  0.04    0.00    0.03 ^ clkbuf_0_clock/A (sky130_fd_sc_hd__clkbuf_16)
     4    0.03    0.05    0.14    0.17 ^ clkbuf_0_clock/X (sky130_fd_sc_hd__clkbuf_16)
                                         clknet_0_clock (net)
                  0.05    0.00    0.17 ^ clkbuf_2_0__f_clock/A (sky130_fd_sc_hd__clkbuf_16)
     8    0.02    0.04    0.13    0.30 ^ clkbuf_2_0__f_clock/X (sky130_fd_sc_hd__clkbuf_16)
                                         clknet_2_0__leaf_clock (net)
                  0.04    0.00    0.30 ^ accumulator._2430_/CLK (sky130_fd_sc_hd__dfxtp_1)
     6    0.01    0.12    0.37    0.67 ^ accumulator._2430_/Q (sky130_fd_sc_hd__dfxtp_1)
                                         accumulator.io_accOut[29] (net)
                  0.12    0.00    0.67 ^ _29_/A (sky130_fd_sc_hd__clkbuf_1)
     1    0.00    0.04    0.10    0.77 ^ _29_/X (sky130_fd_sc_hd__clkbuf_1)
                                         net43 (net)
                  0.04    0.00    0.77 ^ output43/A (sky130_fd_sc_hd__buf_2)
     1    0.03    0.17    0.20    0.97 ^ output43/X (sky130_fd_sc_hd__buf_2)
                                         io_accOut[29] (net)
                  0.17    0.00    0.97 ^ io_accOut[29] (out)
                                  0.97   data arrival time

                         25.00   25.00   clock clock (rise edge)
                          0.00   25.00   clock network delay (propagated)
                         -0.25   24.75   clock uncertainty
                          0.00   24.75   clock reconvergence pessimism
                         -5.00   19.75   output external delay
                                 19.75   data required time
-----------------------------------------------------------------------------
                                 19.75   data required time
                                 -0.97   data arrival time
-----------------------------------------------------------------------------
                                 18.78   slack (MET)


Startpoint: accumulator._2401_
            (rising edge-triggered flip-flop clocked by clock)
Endpoint: io_accOut[0] (output port clocked by clock)
Path Group: clock
Path Type: max

Fanout     Cap    Slew   Delay    Time   Description
-----------------------------------------------------------------------------
                          0.00    0.00   clock clock (rise edge)
                          0.00    0.00   clock source latency
     1    0.01    0.04    0.03    0.03 ^ clock (in)
                                         clock (net)
                  0.04    0.00    0.03 ^ clkbuf_0_clock/A (sky130_fd_sc_hd__clkbuf_16)
     4    0.03    0.05    0.14    0.17 ^ clkbuf_0_clock/X (sky130_fd_sc_hd__clkbuf_16)
                                         clknet_0_clock (net)
                  0.05    0.00    0.17 ^ clkbuf_2_2__f_clock/A (sky130_fd_sc_hd__clkbuf_16)
    10    0.02    0.04    0.13    0.30 ^ clkbuf_2_2__f_clock/X (sky130_fd_sc_hd__clkbuf_16)
                                         clknet_2_2__leaf_clock (net)
                  0.04    0.00    0.30 ^ accumulator._2401_/CLK (sky130_fd_sc_hd__dfxtp_1)
     5    0.01    0.11    0.37    0.67 ^ accumulator._2401_/Q (sky130_fd_sc_hd__dfxtp_1)
                                         accumulator.io_accOut[0] (net)
                  0.11    0.00    0.67 ^ _00_/A (sky130_fd_sc_hd__buf_1)
     1    0.00    0.04    0.10    0.77 ^ _00_/X (sky130_fd_sc_hd__buf_1)
                                         net22 (net)
                  0.04    0.00    0.77 ^ output22/A (sky130_fd_sc_hd__buf_2)
     1    0.03    0.17    0.20    0.97 ^ output22/X (sky130_fd_sc_hd__buf_2)
                                         io_accOut[0] (net)
                  0.17    0.00    0.97 ^ io_accOut[0] (out)
                                  0.97   data arrival time

                         25.00   25.00   clock clock (rise edge)
                          0.00   25.00   clock network delay (propagated)
                         -0.25   24.75   clock uncertainty
                          0.00   24.75   clock reconvergence pessimism
                         -5.00   19.75   output external delay
                                 19.75   data required time
-----------------------------------------------------------------------------
                                 19.75   data required time
                                 -0.97   data arrival time
-----------------------------------------------------------------------------
                                 18.78   slack (MET)


Startpoint: accumulator._2428_
            (rising edge-triggered flip-flop clocked by clock)
Endpoint: io_accOut[27] (output port clocked by clock)
Path Group: clock
Path Type: max

Fanout     Cap    Slew   Delay    Time   Description
-----------------------------------------------------------------------------
                          0.00    0.00   clock clock (rise edge)
                          0.00    0.00   clock source latency
     1    0.01    0.04    0.03    0.03 ^ clock (in)
                                         clock (net)
                  0.04    0.00    0.03 ^ clkbuf_0_clock/A (sky130_fd_sc_hd__clkbuf_16)
     4    0.03    0.05    0.14    0.17 ^ clkbuf_0_clock/X (sky130_fd_sc_hd__clkbuf_16)
                                         clknet_0_clock (net)
                  0.05    0.00    0.17 ^ clkbuf_2_1__f_clock/A (sky130_fd_sc_hd__clkbuf_16)
    10    0.02    0.04    0.13    0.30 ^ clkbuf_2_1__f_clock/X (sky130_fd_sc_hd__clkbuf_16)
                                         clknet_2_1__leaf_clock (net)
                  0.04    0.00    0.30 ^ accumulator._2428_/CLK (sky130_fd_sc_hd__dfxtp_1)
     6    0.01    0.11    0.37    0.67 ^ accumulator._2428_/Q (sky130_fd_sc_hd__dfxtp_1)
                                         accumulator.io_accOut[27] (net)
                  0.11    0.00    0.67 ^ _27_/A (sky130_fd_sc_hd__clkbuf_1)
     1    0.00    0.04    0.10    0.77 ^ _27_/X (sky130_fd_sc_hd__clkbuf_1)
                                         net41 (net)
                  0.04    0.00    0.77 ^ output41/A (sky130_fd_sc_hd__buf_2)
     1    0.03    0.17    0.20    0.97 ^ output41/X (sky130_fd_sc_hd__buf_2)
                                         io_accOut[27] (net)
                  0.17    0.00    0.97 ^ io_accOut[27] (out)
                                  0.97   data arrival time

                         25.00   25.00   clock clock (rise edge)
                          0.00   25.00   clock network delay (propagated)
                         -0.25   24.75   clock uncertainty
                          0.00   24.75   clock reconvergence pessimism
                         -5.00   19.75   output external delay
                                 19.75   data required time
-----------------------------------------------------------------------------
                                 19.75   data required time
                                 -0.97   data arrival time
-----------------------------------------------------------------------------
                                 18.78   slack (MET)


Startpoint: accumulator._2406_
            (rising edge-triggered flip-flop clocked by clock)
Endpoint: io_accOut[5] (output port clocked by clock)
Path Group: clock
Path Type: max

Fanout     Cap    Slew   Delay    Time   Description
-----------------------------------------------------------------------------
                          0.00    0.00   clock clock (rise edge)
                          0.00    0.00   clock source latency
     1    0.01    0.04    0.03    0.03 ^ clock (in)
                                         clock (net)
                  0.04    0.00    0.03 ^ clkbuf_0_clock/A (sky130_fd_sc_hd__clkbuf_16)
     4    0.03    0.05    0.14    0.17 ^ clkbuf_0_clock/X (sky130_fd_sc_hd__clkbuf_16)
                                         clknet_0_clock (net)
                  0.05    0.00    0.17 ^ clkbuf_2_2__f_clock/A (sky130_fd_sc_hd__clkbuf_16)
    10    0.02    0.04    0.13    0.30 ^ clkbuf_2_2__f_clock/X (sky130_fd_sc_hd__clkbuf_16)
                                         clknet_2_2__leaf_clock (net)
                  0.04    0.00    0.30 ^ accumulator._2406_/CLK (sky130_fd_sc_hd__dfxtp_2)
     7    0.02    0.10    0.37    0.68 ^ accumulator._2406_/Q (sky130_fd_sc_hd__dfxtp_2)
                                         accumulator.io_accOut[5] (net)
                  0.10    0.00    0.68 ^ _05_/A (sky130_fd_sc_hd__buf_1)
     1    0.00    0.04    0.09    0.77 ^ _05_/X (sky130_fd_sc_hd__buf_1)
                                         net49 (net)
                  0.04    0.00    0.77 ^ output49/A (sky130_fd_sc_hd__buf_2)
     1    0.03    0.17    0.20    0.97 ^ output49/X (sky130_fd_sc_hd__buf_2)
                                         io_accOut[5] (net)
                  0.17    0.00    0.97 ^ io_accOut[5] (out)
                                  0.97   data arrival time

                         25.00   25.00   clock clock (rise edge)
                          0.00   25.00   clock network delay (propagated)
                         -0.25   24.75   clock uncertainty
                          0.00   24.75   clock reconvergence pessimism
                         -5.00   19.75   output external delay
                                 19.75   data required time
-----------------------------------------------------------------------------
                                 19.75   data required time
                                 -0.97   data arrival time
-----------------------------------------------------------------------------
                                 18.78   slack (MET)


Startpoint: accumulator._2429_
            (rising edge-triggered flip-flop clocked by clock)
Endpoint: io_accOut[28] (output port clocked by clock)
Path Group: clock
Path Type: max

Fanout     Cap    Slew   Delay    Time   Description
-----------------------------------------------------------------------------
                          0.00    0.00   clock clock (rise edge)
                          0.00    0.00   clock source latency
     1    0.01    0.04    0.03    0.03 ^ clock (in)
                                         clock (net)
                  0.04    0.00    0.03 ^ clkbuf_0_clock/A (sky130_fd_sc_hd__clkbuf_16)
     4    0.03    0.05    0.14    0.17 ^ clkbuf_0_clock/X (sky130_fd_sc_hd__clkbuf_16)
                                         clknet_0_clock (net)
                  0.05    0.00    0.17 ^ clkbuf_2_1__f_clock/A (sky130_fd_sc_hd__clkbuf_16)
    10    0.02    0.04    0.13    0.30 ^ clkbuf_2_1__f_clock/X (sky130_fd_sc_hd__clkbuf_16)
                                         clknet_2_1__leaf_clock (net)
                  0.04    0.00    0.30 ^ accumulator._2429_/CLK (sky130_fd_sc_hd__dfxtp_1)
     6    0.01    0.11    0.37    0.67 ^ accumulator._2429_/Q (sky130_fd_sc_hd__dfxtp_1)
                                         accumulator.io_accOut[28] (net)
                  0.11    0.00    0.67 ^ _28_/A (sky130_fd_sc_hd__clkbuf_1)
     1    0.00    0.04    0.09    0.76 ^ _28_/X (sky130_fd_sc_hd__clkbuf_1)
                                         net42 (net)
                  0.04    0.00    0.76 ^ output42/A (sky130_fd_sc_hd__buf_2)
     1    0.03    0.17    0.20    0.97 ^ output42/X (sky130_fd_sc_hd__buf_2)
                                         io_accOut[28] (net)
                  0.17    0.00    0.97 ^ io_accOut[28] (out)
                                  0.97   data arrival time

                         25.00   25.00   clock clock (rise edge)
                          0.00   25.00   clock network delay (propagated)
                         -0.25   24.75   clock uncertainty
                          0.00   24.75   clock reconvergence pessimism
                         -5.00   19.75   output external delay
                                 19.75   data required time
-----------------------------------------------------------------------------
                                 19.75   data required time
                                 -0.97   data arrival time
-----------------------------------------------------------------------------
                                 18.78   slack (MET)


Startpoint: accumulator._2411_
            (rising edge-triggered flip-flop clocked by clock)
Endpoint: io_accOut[10] (output port clocked by clock)
Path Group: clock
Path Type: max

Fanout     Cap    Slew   Delay    Time   Description
-----------------------------------------------------------------------------
                          0.00    0.00   clock clock (rise edge)
                          0.00    0.00   clock source latency
     1    0.01    0.04    0.03    0.03 ^ clock (in)
                                         clock (net)
                  0.04    0.00    0.03 ^ clkbuf_0_clock/A (sky130_fd_sc_hd__clkbuf_16)
     4    0.03    0.05    0.14    0.17 ^ clkbuf_0_clock/X (sky130_fd_sc_hd__clkbuf_16)
                                         clknet_0_clock (net)
                  0.05    0.00    0.17 ^ clkbuf_2_2__f_clock/A (sky130_fd_sc_hd__clkbuf_16)
    10    0.02    0.04    0.13    0.30 ^ clkbuf_2_2__f_clock/X (sky130_fd_sc_hd__clkbuf_16)
                                         clknet_2_2__leaf_clock (net)
                  0.04    0.00    0.30 ^ accumulator._2411_/CLK (sky130_fd_sc_hd__dfxtp_1)
     4    0.01    0.11    0.37    0.67 ^ accumulator._2411_/Q (sky130_fd_sc_hd__dfxtp_1)
                                         accumulator.io_accOut[10] (net)
                  0.11    0.00    0.67 ^ _10_/A (sky130_fd_sc_hd__buf_1)
     1    0.00    0.04    0.09    0.76 ^ _10_/X (sky130_fd_sc_hd__buf_1)
                                         net23 (net)
                  0.04    0.00    0.76 ^ output23/A (sky130_fd_sc_hd__buf_2)
     1    0.03    0.17    0.20    0.97 ^ output23/X (sky130_fd_sc_hd__buf_2)
                                         io_accOut[10] (net)
                  0.17    0.00    0.97 ^ io_accOut[10] (out)
                                  0.97   data arrival time

                         25.00   25.00   clock clock (rise edge)
                          0.00   25.00   clock network delay (propagated)
                         -0.25   24.75   clock uncertainty
                          0.00   24.75   clock reconvergence pessimism
                         -5.00   19.75   output external delay
                                 19.75   data required time
-----------------------------------------------------------------------------
                                 19.75   data required time
                                 -0.97   data arrival time
-----------------------------------------------------------------------------
                                 18.78   slack (MET)


Startpoint: accumulator._2402_
            (rising edge-triggered flip-flop clocked by clock)
Endpoint: io_accOut[1] (output port clocked by clock)
Path Group: clock
Path Type: max

Fanout     Cap    Slew   Delay    Time   Description
-----------------------------------------------------------------------------
                          0.00    0.00   clock clock (rise edge)
                          0.00    0.00   clock source latency
     1    0.01    0.04    0.03    0.03 ^ clock (in)
                                         clock (net)
                  0.04    0.00    0.03 ^ clkbuf_0_clock/A (sky130_fd_sc_hd__clkbuf_16)
     4    0.03    0.05    0.14    0.17 ^ clkbuf_0_clock/X (sky130_fd_sc_hd__clkbuf_16)
                                         clknet_0_clock (net)
                  0.05    0.00    0.17 ^ clkbuf_2_2__f_clock/A (sky130_fd_sc_hd__clkbuf_16)
    10    0.02    0.04    0.13    0.30 ^ clkbuf_2_2__f_clock/X (sky130_fd_sc_hd__clkbuf_16)
                                         clknet_2_2__leaf_clock (net)
                  0.04    0.00    0.30 ^ accumulator._2402_/CLK (sky130_fd_sc_hd__dfxtp_1)
     5    0.01    0.11    0.36    0.67 ^ accumulator._2402_/Q (sky130_fd_sc_hd__dfxtp_1)
                                         accumulator.io_accOut[1] (net)
                  0.11    0.00    0.67 ^ _01_/A (sky130_fd_sc_hd__buf_1)
     1    0.00    0.04    0.09    0.76 ^ _01_/X (sky130_fd_sc_hd__buf_1)
                                         net33 (net)
                  0.04    0.00    0.76 ^ output33/A (sky130_fd_sc_hd__buf_2)
     1    0.03    0.17    0.20    0.96 ^ output33/X (sky130_fd_sc_hd__buf_2)
                                         io_accOut[1] (net)
                  0.17    0.00    0.96 ^ io_accOut[1] (out)
                                  0.96   data arrival time

                         25.00   25.00   clock clock (rise edge)
                          0.00   25.00   clock network delay (propagated)
                         -0.25   24.75   clock uncertainty
                          0.00   24.75   clock reconvergence pessimism
                         -5.00   19.75   output external delay
                                 19.75   data required time
-----------------------------------------------------------------------------
                                 19.75   data required time
                                 -0.96   data arrival time
-----------------------------------------------------------------------------
                                 18.79   slack (MET)


Startpoint: accumulator._2418_
            (rising edge-triggered flip-flop clocked by clock)
Endpoint: io_accOut[17] (output port clocked by clock)
Path Group: clock
Path Type: max

Fanout     Cap    Slew   Delay    Time   Description
-----------------------------------------------------------------------------
                          0.00    0.00   clock clock (rise edge)
                          0.00    0.00   clock source latency
     1    0.01    0.04    0.03    0.03 ^ clock (in)
                                         clock (net)
                  0.04    0.00    0.03 ^ clkbuf_0_clock/A (sky130_fd_sc_hd__clkbuf_16)
     4    0.03    0.05    0.14    0.17 ^ clkbuf_0_clock/X (sky130_fd_sc_hd__clkbuf_16)
                                         clknet_0_clock (net)
                  0.05    0.00    0.17 ^ clkbuf_2_2__f_clock/A (sky130_fd_sc_hd__clkbuf_16)
    10    0.02    0.04    0.13    0.30 ^ clkbuf_2_2__f_clock/X (sky130_fd_sc_hd__clkbuf_16)
                                         clknet_2_2__leaf_clock (net)
                  0.04    0.00    0.30 ^ accumulator._2418_/CLK (sky130_fd_sc_hd__dfxtp_1)
     4    0.01    0.09    0.35    0.66 ^ accumulator._2418_/Q (sky130_fd_sc_hd__dfxtp_1)
                                         accumulator.io_accOut[17] (net)
                  0.09    0.00    0.66 ^ _17_/A (sky130_fd_sc_hd__buf_1)
     1    0.00    0.04    0.09    0.74 ^ _17_/X (sky130_fd_sc_hd__buf_1)
                                         net30 (net)
                  0.04    0.00    0.74 ^ output30/A (sky130_fd_sc_hd__buf_2)
     1    0.03    0.17    0.20    0.95 ^ output30/X (sky130_fd_sc_hd__buf_2)
                                         io_accOut[17] (net)
                  0.17    0.00    0.95 ^ io_accOut[17] (out)
                                  0.95   data arrival time

                         25.00   25.00   clock clock (rise edge)
                          0.00   25.00   clock network delay (propagated)
                         -0.25   24.75   clock uncertainty
                          0.00   24.75   clock reconvergence pessimism
                         -5.00   19.75   output external delay
                                 19.75   data required time
-----------------------------------------------------------------------------
                                 19.75   data required time
                                 -0.95   data arrival time
-----------------------------------------------------------------------------
                                 18.80   slack (MET)


Startpoint: accumulator._2419_
            (rising edge-triggered flip-flop clocked by clock)
Endpoint: io_accOut[18] (output port clocked by clock)
Path Group: clock
Path Type: max

Fanout     Cap    Slew   Delay    Time   Description
-----------------------------------------------------------------------------
                          0.00    0.00   clock clock (rise edge)
                          0.00    0.00   clock source latency
     1    0.01    0.04    0.03    0.03 ^ clock (in)
                                         clock (net)
                  0.04    0.00    0.03 ^ clkbuf_0_clock/A (sky130_fd_sc_hd__clkbuf_16)
     4    0.03    0.05    0.14    0.17 ^ clkbuf_0_clock/X (sky130_fd_sc_hd__clkbuf_16)
                                         clknet_0_clock (net)
                  0.05    0.00    0.17 ^ clkbuf_2_2__f_clock/A (sky130_fd_sc_hd__clkbuf_16)
    10    0.02    0.04    0.13    0.30 ^ clkbuf_2_2__f_clock/X (sky130_fd_sc_hd__clkbuf_16)
                                         clknet_2_2__leaf_clock (net)
                  0.04    0.00    0.30 ^ accumulator._2419_/CLK (sky130_fd_sc_hd__dfxtp_1)
     4    0.01    0.09    0.35    0.66 ^ accumulator._2419_/Q (sky130_fd_sc_hd__dfxtp_1)
                                         accumulator.io_accOut[18] (net)
                  0.09    0.00    0.66 ^ _18_/A (sky130_fd_sc_hd__buf_1)
     1    0.00    0.04    0.09    0.74 ^ _18_/X (sky130_fd_sc_hd__buf_1)
                                         net31 (net)
                  0.04    0.00    0.74 ^ output31/A (sky130_fd_sc_hd__buf_2)
     1    0.03    0.17    0.20    0.95 ^ output31/X (sky130_fd_sc_hd__buf_2)
                                         io_accOut[18] (net)
                  0.17    0.00    0.95 ^ io_accOut[18] (out)
                                  0.95   data arrival time

                         25.00   25.00   clock clock (rise edge)
                          0.00   25.00   clock network delay (propagated)
                         -0.25   24.75   clock uncertainty
                          0.00   24.75   clock reconvergence pessimism
                         -5.00   19.75   output external delay
                                 19.75   data required time
-----------------------------------------------------------------------------
                                 19.75   data required time
                                 -0.95   data arrival time
-----------------------------------------------------------------------------
                                 18.80   slack (MET)


Startpoint: accumulator._2422_
            (rising edge-triggered flip-flop clocked by clock)
Endpoint: io_accOut[21] (output port clocked by clock)
Path Group: clock
Path Type: max

Fanout     Cap    Slew   Delay    Time   Description
-----------------------------------------------------------------------------
                          0.00    0.00   clock clock (rise edge)
                          0.00    0.00   clock source latency
     1    0.01    0.04    0.03    0.03 ^ clock (in)
                                         clock (net)
                  0.04    0.00    0.03 ^ clkbuf_0_clock/A (sky130_fd_sc_hd__clkbuf_16)
     4    0.03    0.05    0.14    0.17 ^ clkbuf_0_clock/X (sky130_fd_sc_hd__clkbuf_16)
                                         clknet_0_clock (net)
                  0.05    0.00    0.17 ^ clkbuf_2_1__f_clock/A (sky130_fd_sc_hd__clkbuf_16)
    10    0.02    0.04    0.13    0.30 ^ clkbuf_2_1__f_clock/X (sky130_fd_sc_hd__clkbuf_16)
                                         clknet_2_1__leaf_clock (net)
                  0.04    0.00    0.30 ^ accumulator._2422_/CLK (sky130_fd_sc_hd__dfxtp_1)
     4    0.01    0.09    0.35    0.65 ^ accumulator._2422_/Q (sky130_fd_sc_hd__dfxtp_1)
                                         accumulator.io_accOut[21] (net)
                  0.09    0.00    0.65 ^ _21_/A (sky130_fd_sc_hd__buf_1)
     1    0.00    0.04    0.09    0.74 ^ _21_/X (sky130_fd_sc_hd__buf_1)
                                         net35 (net)
                  0.04    0.00    0.74 ^ output35/A (sky130_fd_sc_hd__buf_2)
     1    0.03    0.17    0.20    0.94 ^ output35/X (sky130_fd_sc_hd__buf_2)
                                         io_accOut[21] (net)
                  0.17    0.00    0.94 ^ io_accOut[21] (out)
                                  0.94   data arrival time

                         25.00   25.00   clock clock (rise edge)
                          0.00   25.00   clock network delay (propagated)
                         -0.25   24.75   clock uncertainty
                          0.00   24.75   clock reconvergence pessimism
                         -5.00   19.75   output external delay
                                 19.75   data required time
-----------------------------------------------------------------------------
                                 19.75   data required time
                                 -0.94   data arrival time
-----------------------------------------------------------------------------
                                 18.81   slack (MET)


Startpoint: accumulator._2413_
            (rising edge-triggered flip-flop clocked by clock)
Endpoint: io_accOut[12] (output port clocked by clock)
Path Group: clock
Path Type: max

Fanout     Cap    Slew   Delay    Time   Description
-----------------------------------------------------------------------------
                          0.00    0.00   clock clock (rise edge)
                          0.00    0.00   clock source latency
     1    0.01    0.04    0.03    0.03 ^ clock (in)
                                         clock (net)
                  0.04    0.00    0.03 ^ clkbuf_0_clock/A (sky130_fd_sc_hd__clkbuf_16)
     4    0.03    0.05    0.14    0.17 ^ clkbuf_0_clock/X (sky130_fd_sc_hd__clkbuf_16)
                                         clknet_0_clock (net)
                  0.05    0.00    0.17 ^ clkbuf_2_3__f_clock/A (sky130_fd_sc_hd__clkbuf_16)
     9    0.02    0.04    0.13    0.30 ^ clkbuf_2_3__f_clock/X (sky130_fd_sc_hd__clkbuf_16)
                                         clknet_2_3__leaf_clock (net)
                  0.04    0.00    0.30 ^ accumulator._2413_/CLK (sky130_fd_sc_hd__dfxtp_1)
     4    0.01    0.09    0.35    0.65 ^ accumulator._2413_/Q (sky130_fd_sc_hd__dfxtp_1)
                                         accumulator.io_accOut[12] (net)
                  0.09    0.00    0.65 ^ _12_/A (sky130_fd_sc_hd__buf_1)
     1    0.00    0.04    0.09    0.74 ^ _12_/X (sky130_fd_sc_hd__buf_1)
                                         net25 (net)
                  0.04    0.00    0.74 ^ output25/A (sky130_fd_sc_hd__buf_2)
     1    0.03    0.17    0.20    0.94 ^ output25/X (sky130_fd_sc_hd__buf_2)
                                         io_accOut[12] (net)
                  0.17    0.00    0.94 ^ io_accOut[12] (out)
                                  0.94   data arrival time

                         25.00   25.00   clock clock (rise edge)
                          0.00   25.00   clock network delay (propagated)
                         -0.25   24.75   clock uncertainty
                          0.00   24.75   clock reconvergence pessimism
                         -5.00   19.75   output external delay
                                 19.75   data required time
-----------------------------------------------------------------------------
                                 19.75   data required time
                                 -0.94   data arrival time
-----------------------------------------------------------------------------
                                 18.81   slack (MET)


Startpoint: accumulator._2417_
            (rising edge-triggered flip-flop clocked by clock)
Endpoint: io_accOut[16] (output port clocked by clock)
Path Group: clock
Path Type: max

Fanout     Cap    Slew   Delay    Time   Description
-----------------------------------------------------------------------------
                          0.00    0.00   clock clock (rise edge)
                          0.00    0.00   clock source latency
     1    0.01    0.04    0.03    0.03 ^ clock (in)
                                         clock (net)
                  0.04    0.00    0.03 ^ clkbuf_0_clock/A (sky130_fd_sc_hd__clkbuf_16)
     4    0.03    0.05    0.14    0.17 ^ clkbuf_0_clock/X (sky130_fd_sc_hd__clkbuf_16)
                                         clknet_0_clock (net)
                  0.05    0.00    0.17 ^ clkbuf_2_2__f_clock/A (sky130_fd_sc_hd__clkbuf_16)
    10    0.02    0.04    0.13    0.30 ^ clkbuf_2_2__f_clock/X (sky130_fd_sc_hd__clkbuf_16)
                                         clknet_2_2__leaf_clock (net)
                  0.04    0.00    0.30 ^ accumulator._2417_/CLK (sky130_fd_sc_hd__dfxtp_1)
     4    0.01    0.09    0.35    0.65 ^ accumulator._2417_/Q (sky130_fd_sc_hd__dfxtp_1)
                                         accumulator.io_accOut[16] (net)
                  0.09    0.00    0.65 ^ _16_/A (sky130_fd_sc_hd__buf_1)
     1    0.00    0.04    0.09    0.74 ^ _16_/X (sky130_fd_sc_hd__buf_1)
                                         net29 (net)
                  0.04    0.00    0.74 ^ output29/A (sky130_fd_sc_hd__buf_2)
     1    0.03    0.17    0.20    0.94 ^ output29/X (sky130_fd_sc_hd__buf_2)
                                         io_accOut[16] (net)
                  0.17    0.00    0.94 ^ io_accOut[16] (out)
                                  0.94   data arrival time

                         25.00   25.00   clock clock (rise edge)
                          0.00   25.00   clock network delay (propagated)
                         -0.25   24.75   clock uncertainty
                          0.00   24.75   clock reconvergence pessimism
                         -5.00   19.75   output external delay
                                 19.75   data required time
-----------------------------------------------------------------------------
                                 19.75   data required time
                                 -0.94   data arrival time
-----------------------------------------------------------------------------
                                 18.81   slack (MET)


Startpoint: accumulator._2414_
            (rising edge-triggered flip-flop clocked by clock)
Endpoint: io_accOut[13] (output port clocked by clock)
Path Group: clock
Path Type: max

Fanout     Cap    Slew   Delay    Time   Description
-----------------------------------------------------------------------------
                          0.00    0.00   clock clock (rise edge)
                          0.00    0.00   clock source latency
     1    0.01    0.04    0.03    0.03 ^ clock (in)
                                         clock (net)
                  0.04    0.00    0.03 ^ clkbuf_0_clock/A (sky130_fd_sc_hd__clkbuf_16)
     4    0.03    0.05    0.14    0.17 ^ clkbuf_0_clock/X (sky130_fd_sc_hd__clkbuf_16)
                                         clknet_0_clock (net)
                  0.05    0.00    0.17 ^ clkbuf_2_3__f_clock/A (sky130_fd_sc_hd__clkbuf_16)
     9    0.02    0.04    0.13    0.30 ^ clkbuf_2_3__f_clock/X (sky130_fd_sc_hd__clkbuf_16)
                                         clknet_2_3__leaf_clock (net)
                  0.04    0.00    0.30 ^ accumulator._2414_/CLK (sky130_fd_sc_hd__dfxtp_1)
     4    0.01    0.09    0.35    0.65 ^ accumulator._2414_/Q (sky130_fd_sc_hd__dfxtp_1)
                                         accumulator.io_accOut[13] (net)
                  0.09    0.00    0.65 ^ _13_/A (sky130_fd_sc_hd__clkbuf_1)
     1    0.00    0.04    0.09    0.74 ^ _13_/X (sky130_fd_sc_hd__clkbuf_1)
                                         net26 (net)
                  0.04    0.00    0.74 ^ output26/A (sky130_fd_sc_hd__buf_2)
     1    0.03    0.17    0.20    0.94 ^ output26/X (sky130_fd_sc_hd__buf_2)
                                         io_accOut[13] (net)
                  0.17    0.00    0.94 ^ io_accOut[13] (out)
                                  0.94   data arrival time

                         25.00   25.00   clock clock (rise edge)
                          0.00   25.00   clock network delay (propagated)
                         -0.25   24.75   clock uncertainty
                          0.00   24.75   clock reconvergence pessimism
                         -5.00   19.75   output external delay
                                 19.75   data required time
-----------------------------------------------------------------------------
                                 19.75   data required time
                                 -0.94   data arrival time
-----------------------------------------------------------------------------
                                 18.81   slack (MET)


Startpoint: accumulator._2420_
            (rising edge-triggered flip-flop clocked by clock)
Endpoint: io_accOut[19] (output port clocked by clock)
Path Group: clock
Path Type: max

Fanout     Cap    Slew   Delay    Time   Description
-----------------------------------------------------------------------------
                          0.00    0.00   clock clock (rise edge)
                          0.00    0.00   clock source latency
     1    0.01    0.04    0.03    0.03 ^ clock (in)
                                         clock (net)
                  0.04    0.00    0.03 ^ clkbuf_0_clock/A (sky130_fd_sc_hd__clkbuf_16)
     4    0.03    0.05    0.14    0.17 ^ clkbuf_0_clock/X (sky130_fd_sc_hd__clkbuf_16)
                                         clknet_0_clock (net)
                  0.05    0.00    0.17 ^ clkbuf_2_1__f_clock/A (sky130_fd_sc_hd__clkbuf_16)
    10    0.02    0.04    0.13    0.30 ^ clkbuf_2_1__f_clock/X (sky130_fd_sc_hd__clkbuf_16)
                                         clknet_2_1__leaf_clock (net)
                  0.04    0.00    0.30 ^ accumulator._2420_/CLK (sky130_fd_sc_hd__dfxtp_1)
     4    0.01    0.09    0.35    0.65 ^ accumulator._2420_/Q (sky130_fd_sc_hd__dfxtp_1)
                                         accumulator.io_accOut[19] (net)
                  0.09    0.00    0.65 ^ _19_/A (sky130_fd_sc_hd__clkbuf_1)
     1    0.00    0.04    0.09    0.74 ^ _19_/X (sky130_fd_sc_hd__clkbuf_1)
                                         net32 (net)
                  0.04    0.00    0.74 ^ output32/A (sky130_fd_sc_hd__buf_2)
     1    0.03    0.17    0.20    0.94 ^ output32/X (sky130_fd_sc_hd__buf_2)
                                         io_accOut[19] (net)
                  0.17    0.00    0.94 ^ io_accOut[19] (out)
                                  0.94   data arrival time

                         25.00   25.00   clock clock (rise edge)
                          0.00   25.00   clock network delay (propagated)
                         -0.25   24.75   clock uncertainty
                          0.00   24.75   clock reconvergence pessimism
                         -5.00   19.75   output external delay
                                 19.75   data required time
-----------------------------------------------------------------------------
                                 19.75   data required time
                                 -0.94   data arrival time
-----------------------------------------------------------------------------
                                 18.81   slack (MET)


Startpoint: accumulator._2421_
            (rising edge-triggered flip-flop clocked by clock)
Endpoint: io_accOut[20] (output port clocked by clock)
Path Group: clock
Path Type: max

Fanout     Cap    Slew   Delay    Time   Description
-----------------------------------------------------------------------------
                          0.00    0.00   clock clock (rise edge)
                          0.00    0.00   clock source latency
     1    0.01    0.04    0.03    0.03 ^ clock (in)
                                         clock (net)
                  0.04    0.00    0.03 ^ clkbuf_0_clock/A (sky130_fd_sc_hd__clkbuf_16)
     4    0.03    0.05    0.14    0.17 ^ clkbuf_0_clock/X (sky130_fd_sc_hd__clkbuf_16)
                                         clknet_0_clock (net)
                  0.05    0.00    0.17 ^ clkbuf_2_3__f_clock/A (sky130_fd_sc_hd__clkbuf_16)
     9    0.02    0.04    0.13    0.30 ^ clkbuf_2_3__f_clock/X (sky130_fd_sc_hd__clkbuf_16)
                                         clknet_2_3__leaf_clock (net)
                  0.04    0.00    0.30 ^ accumulator._2421_/CLK (sky130_fd_sc_hd__dfxtp_1)
     4    0.01    0.09    0.35    0.65 ^ accumulator._2421_/Q (sky130_fd_sc_hd__dfxtp_1)
                                         accumulator.io_accOut[20] (net)
                  0.09    0.00    0.65 ^ _20_/A (sky130_fd_sc_hd__clkbuf_1)
     1    0.00    0.04    0.09    0.74 ^ _20_/X (sky130_fd_sc_hd__clkbuf_1)
                                         net34 (net)
                  0.04    0.00    0.74 ^ output34/A (sky130_fd_sc_hd__buf_2)
     1    0.03    0.17    0.20    0.94 ^ output34/X (sky130_fd_sc_hd__buf_2)
                                         io_accOut[20] (net)
                  0.17    0.00    0.94 ^ io_accOut[20] (out)
                                  0.94   data arrival time

                         25.00   25.00   clock clock (rise edge)
                          0.00   25.00   clock network delay (propagated)
                         -0.25   24.75   clock uncertainty
                          0.00   24.75   clock reconvergence pessimism
                         -5.00   19.75   output external delay
                                 19.75   data required time
-----------------------------------------------------------------------------
                                 19.75   data required time
                                 -0.94   data arrival time
-----------------------------------------------------------------------------
                                 18.81   slack (MET)


Startpoint: accumulator._2415_
            (rising edge-triggered flip-flop clocked by clock)
Endpoint: io_accOut[14] (output port clocked by clock)
Path Group: clock
Path Type: max

Fanout     Cap    Slew   Delay    Time   Description
-----------------------------------------------------------------------------
                          0.00    0.00   clock clock (rise edge)
                          0.00    0.00   clock source latency
     1    0.01    0.04    0.03    0.03 ^ clock (in)
                                         clock (net)
                  0.04    0.00    0.03 ^ clkbuf_0_clock/A (sky130_fd_sc_hd__clkbuf_16)
     4    0.03    0.05    0.14    0.17 ^ clkbuf_0_clock/X (sky130_fd_sc_hd__clkbuf_16)
                                         clknet_0_clock (net)
                  0.05    0.00    0.17 ^ clkbuf_2_1__f_clock/A (sky130_fd_sc_hd__clkbuf_16)
    10    0.02    0.04    0.13    0.30 ^ clkbuf_2_1__f_clock/X (sky130_fd_sc_hd__clkbuf_16)
                                         clknet_2_1__leaf_clock (net)
                  0.04    0.00    0.30 ^ accumulator._2415_/CLK (sky130_fd_sc_hd__dfxtp_1)
     4    0.01    0.08    0.35    0.65 ^ accumulator._2415_/Q (sky130_fd_sc_hd__dfxtp_1)
                                         accumulator.io_accOut[14] (net)
                  0.08    0.00    0.65 ^ _14_/A (sky130_fd_sc_hd__buf_1)
     1    0.00    0.04    0.09    0.74 ^ _14_/X (sky130_fd_sc_hd__buf_1)
                                         net27 (net)
                  0.04    0.00    0.74 ^ output27/A (sky130_fd_sc_hd__buf_2)
     1    0.03    0.17    0.20    0.94 ^ output27/X (sky130_fd_sc_hd__buf_2)
                                         io_accOut[14] (net)
                  0.17    0.00    0.94 ^ io_accOut[14] (out)
                                  0.94   data arrival time

                         25.00   25.00   clock clock (rise edge)
                          0.00   25.00   clock network delay (propagated)
                         -0.25   24.75   clock uncertainty
                          0.00   24.75   clock reconvergence pessimism
                         -5.00   19.75   output external delay
                                 19.75   data required time
-----------------------------------------------------------------------------
                                 19.75   data required time
                                 -0.94   data arrival time
-----------------------------------------------------------------------------
                                 18.81   slack (MET)


Startpoint: accumulator._2410_
            (rising edge-triggered flip-flop clocked by clock)
Endpoint: io_accOut[9] (output port clocked by clock)
Path Group: clock
Path Type: max

Fanout     Cap    Slew   Delay    Time   Description
-----------------------------------------------------------------------------
                          0.00    0.00   clock clock (rise edge)
                          0.00    0.00   clock source latency
     1    0.01    0.04    0.03    0.03 ^ clock (in)
                                         clock (net)
                  0.04    0.00    0.03 ^ clkbuf_0_clock/A (sky130_fd_sc_hd__clkbuf_16)
     4    0.03    0.05    0.14    0.17 ^ clkbuf_0_clock/X (sky130_fd_sc_hd__clkbuf_16)
                                         clknet_0_clock (net)
                  0.05    0.00    0.17 ^ clkbuf_2_3__f_clock/A (sky130_fd_sc_hd__clkbuf_16)
     9    0.02    0.04    0.13    0.30 ^ clkbuf_2_3__f_clock/X (sky130_fd_sc_hd__clkbuf_16)
                                         clknet_2_3__leaf_clock (net)
                  0.04    0.00    0.30 ^ accumulator._2410_/CLK (sky130_fd_sc_hd__dfxtp_1)
     4    0.01    0.08    0.34    0.65 ^ accumulator._2410_/Q (sky130_fd_sc_hd__dfxtp_1)
                                         accumulator.io_accOut[9] (net)
                  0.08    0.00    0.65 ^ _09_/A (sky130_fd_sc_hd__buf_1)
     1    0.00    0.04    0.09    0.74 ^ _09_/X (sky130_fd_sc_hd__buf_1)
                                         net53 (net)
                  0.04    0.00    0.74 ^ output53/A (sky130_fd_sc_hd__buf_2)
     1    0.03    0.17    0.20    0.94 ^ output53/X (sky130_fd_sc_hd__buf_2)
                                         io_accOut[9] (net)
                  0.17    0.00    0.94 ^ io_accOut[9] (out)
                                  0.94   data arrival time

                         25.00   25.00   clock clock (rise edge)
                          0.00   25.00   clock network delay (propagated)
                         -0.25   24.75   clock uncertainty
                          0.00   24.75   clock reconvergence pessimism
                         -5.00   19.75   output external delay
                                 19.75   data required time
-----------------------------------------------------------------------------
                                 19.75   data required time
                                 -0.94   data arrival time
-----------------------------------------------------------------------------
                                 18.81   slack (MET)


Startpoint: accumulator._2408_
            (rising edge-triggered flip-flop clocked by clock)
Endpoint: io_accOut[7] (output port clocked by clock)
Path Group: clock
Path Type: max

Fanout     Cap    Slew   Delay    Time   Description
-----------------------------------------------------------------------------
                          0.00    0.00   clock clock (rise edge)
                          0.00    0.00   clock source latency
     1    0.01    0.04    0.03    0.03 ^ clock (in)
                                         clock (net)
                  0.04    0.00    0.03 ^ clkbuf_0_clock/A (sky130_fd_sc_hd__clkbuf_16)
     4    0.03    0.05    0.14    0.17 ^ clkbuf_0_clock/X (sky130_fd_sc_hd__clkbuf_16)
                                         clknet_0_clock (net)
                  0.05    0.00    0.17 ^ clkbuf_2_1__f_clock/A (sky130_fd_sc_hd__clkbuf_16)
    10    0.02    0.04    0.13    0.30 ^ clkbuf_2_1__f_clock/X (sky130_fd_sc_hd__clkbuf_16)
                                         clknet_2_1__leaf_clock (net)
                  0.04    0.00    0.30 ^ accumulator._2408_/CLK (sky130_fd_sc_hd__dfxtp_1)
     4    0.01    0.08    0.34    0.65 ^ accumulator._2408_/Q (sky130_fd_sc_hd__dfxtp_1)
                                         accumulator.io_accOut[7] (net)
                  0.08    0.00    0.65 ^ _07_/A (sky130_fd_sc_hd__clkbuf_1)
     1    0.00    0.03    0.09    0.74 ^ _07_/X (sky130_fd_sc_hd__clkbuf_1)
                                         net51 (net)
                  0.03    0.00    0.74 ^ output51/A (sky130_fd_sc_hd__buf_2)
     1    0.03    0.17    0.20    0.94 ^ output51/X (sky130_fd_sc_hd__buf_2)
                                         io_accOut[7] (net)
                  0.17    0.00    0.94 ^ io_accOut[7] (out)
                                  0.94   data arrival time

                         25.00   25.00   clock clock (rise edge)
                          0.00   25.00   clock network delay (propagated)
                         -0.25   24.75   clock uncertainty
                          0.00   24.75   clock reconvergence pessimism
                         -5.00   19.75   output external delay
                                 19.75   data required time
-----------------------------------------------------------------------------
                                 19.75   data required time
                                 -0.94   data arrival time
-----------------------------------------------------------------------------
                                 18.81   slack (MET)


Startpoint: accumulator._2407_
            (rising edge-triggered flip-flop clocked by clock)
Endpoint: io_accOut[6] (output port clocked by clock)
Path Group: clock
Path Type: max

Fanout     Cap    Slew   Delay    Time   Description
-----------------------------------------------------------------------------
                          0.00    0.00   clock clock (rise edge)
                          0.00    0.00   clock source latency
     1    0.01    0.04    0.03    0.03 ^ clock (in)
                                         clock (net)
                  0.04    0.00    0.03 ^ clkbuf_0_clock/A (sky130_fd_sc_hd__clkbuf_16)
     4    0.03    0.05    0.14    0.17 ^ clkbuf_0_clock/X (sky130_fd_sc_hd__clkbuf_16)
                                         clknet_0_clock (net)
                  0.05    0.00    0.17 ^ clkbuf_2_2__f_clock/A (sky130_fd_sc_hd__clkbuf_16)
    10    0.02    0.04    0.13    0.30 ^ clkbuf_2_2__f_clock/X (sky130_fd_sc_hd__clkbuf_16)
                                         clknet_2_2__leaf_clock (net)
                  0.04    0.00    0.30 ^ accumulator._2407_/CLK (sky130_fd_sc_hd__dfxtp_1)
     4    0.01    0.08    0.34    0.65 ^ accumulator._2407_/Q (sky130_fd_sc_hd__dfxtp_1)
                                         accumulator.io_accOut[6] (net)
                  0.08    0.00    0.65 ^ _06_/A (sky130_fd_sc_hd__buf_1)
     1    0.00    0.03    0.09    0.73 ^ _06_/X (sky130_fd_sc_hd__buf_1)
                                         net50 (net)
                  0.03    0.00    0.73 ^ output50/A (sky130_fd_sc_hd__buf_2)
     1    0.03    0.17    0.20    0.93 ^ output50/X (sky130_fd_sc_hd__buf_2)
                                         io_accOut[6] (net)
                  0.17    0.00    0.93 ^ io_accOut[6] (out)
                                  0.93   data arrival time

                         25.00   25.00   clock clock (rise edge)
                          0.00   25.00   clock network delay (propagated)
                         -0.25   24.75   clock uncertainty
                          0.00   24.75   clock reconvergence pessimism
                         -5.00   19.75   output external delay
                                 19.75   data required time
-----------------------------------------------------------------------------
                                 19.75   data required time
                                 -0.93   data arrival time
-----------------------------------------------------------------------------
                                 18.82   slack (MET)


Startpoint: accumulator._2409_
            (rising edge-triggered flip-flop clocked by clock)
Endpoint: io_accOut[8] (output port clocked by clock)
Path Group: clock
Path Type: max

Fanout     Cap    Slew   Delay    Time   Description
-----------------------------------------------------------------------------
                          0.00    0.00   clock clock (rise edge)
                          0.00    0.00   clock source latency
     1    0.01    0.04    0.03    0.03 ^ clock (in)
                                         clock (net)
                  0.04    0.00    0.03 ^ clkbuf_0_clock/A (sky130_fd_sc_hd__clkbuf_16)
     4    0.03    0.05    0.14    0.17 ^ clkbuf_0_clock/X (sky130_fd_sc_hd__clkbuf_16)
                                         clknet_0_clock (net)
                  0.05    0.00    0.17 ^ clkbuf_2_2__f_clock/A (sky130_fd_sc_hd__clkbuf_16)
    10    0.02    0.04    0.13    0.30 ^ clkbuf_2_2__f_clock/X (sky130_fd_sc_hd__clkbuf_16)
                                         clknet_2_2__leaf_clock (net)
                  0.04    0.00    0.30 ^ accumulator._2409_/CLK (sky130_fd_sc_hd__dfxtp_1)
     4    0.01    0.08    0.34    0.65 ^ accumulator._2409_/Q (sky130_fd_sc_hd__dfxtp_1)
                                         accumulator.io_accOut[8] (net)
                  0.08    0.00    0.65 ^ _08_/A (sky130_fd_sc_hd__buf_1)
     1    0.00    0.03    0.09    0.73 ^ _08_/X (sky130_fd_sc_hd__buf_1)
                                         net52 (net)
                  0.03    0.00    0.73 ^ output52/A (sky130_fd_sc_hd__buf_2)
     1    0.03    0.17    0.20    0.93 ^ output52/X (sky130_fd_sc_hd__buf_2)
                                         io_accOut[8] (net)
                  0.17    0.00    0.93 ^ io_accOut[8] (out)
                                  0.93   data arrival time

                         25.00   25.00   clock clock (rise edge)
                          0.00   25.00   clock network delay (propagated)
                         -0.25   24.75   clock uncertainty
                          0.00   24.75   clock reconvergence pessimism
                         -5.00   19.75   output external delay
                                 19.75   data required time
-----------------------------------------------------------------------------
                                 19.75   data required time
                                 -0.93   data arrival time
-----------------------------------------------------------------------------
                                 18.82   slack (MET)


Startpoint: accumulator._2416_
            (rising edge-triggered flip-flop clocked by clock)
Endpoint: io_accOut[15] (output port clocked by clock)
Path Group: clock
Path Type: max

Fanout     Cap    Slew   Delay    Time   Description
-----------------------------------------------------------------------------
                          0.00    0.00   clock clock (rise edge)
                          0.00    0.00   clock source latency
     1    0.01    0.04    0.03    0.03 ^ clock (in)
                                         clock (net)
                  0.04    0.00    0.03 ^ clkbuf_0_clock/A (sky130_fd_sc_hd__clkbuf_16)
     4    0.03    0.05    0.14    0.17 ^ clkbuf_0_clock/X (sky130_fd_sc_hd__clkbuf_16)
                                         clknet_0_clock (net)
                  0.05    0.00    0.17 ^ clkbuf_2_3__f_clock/A (sky130_fd_sc_hd__clkbuf_16)
     9    0.02    0.04    0.13    0.30 ^ clkbuf_2_3__f_clock/X (sky130_fd_sc_hd__clkbuf_16)
                                         clknet_2_3__leaf_clock (net)
                  0.04    0.00    0.30 ^ accumulator._2416_/CLK (sky130_fd_sc_hd__dfxtp_1)
     4    0.01    0.08    0.34    0.65 ^ accumulator._2416_/Q (sky130_fd_sc_hd__dfxtp_1)
                                         accumulator.io_accOut[15] (net)
                  0.08    0.00    0.65 ^ _15_/A (sky130_fd_sc_hd__buf_1)
     1    0.00    0.03    0.09    0.73 ^ _15_/X (sky130_fd_sc_hd__buf_1)
                                         net28 (net)
                  0.03    0.00    0.73 ^ output28/A (sky130_fd_sc_hd__buf_2)
     1    0.03    0.17    0.20    0.93 ^ output28/X (sky130_fd_sc_hd__buf_2)
                                         io_accOut[15] (net)
                  0.17    0.00    0.93 ^ io_accOut[15] (out)
                                  0.93   data arrival time

                         25.00   25.00   clock clock (rise edge)
                          0.00   25.00   clock network delay (propagated)
                         -0.25   24.75   clock uncertainty
                          0.00   24.75   clock reconvergence pessimism
                         -5.00   19.75   output external delay
                                 19.75   data required time
-----------------------------------------------------------------------------
                                 19.75   data required time
                                 -0.93   data arrival time
-----------------------------------------------------------------------------
                                 18.82   slack (MET)


Startpoint: accumulator._2412_
            (rising edge-triggered flip-flop clocked by clock)
Endpoint: io_accOut[11] (output port clocked by clock)
Path Group: clock
Path Type: max

Fanout     Cap    Slew   Delay    Time   Description
-----------------------------------------------------------------------------
                          0.00    0.00   clock clock (rise edge)
                          0.00    0.00   clock source latency
     1    0.01    0.04    0.03    0.03 ^ clock (in)
                                         clock (net)
                  0.04    0.00    0.03 ^ clkbuf_0_clock/A (sky130_fd_sc_hd__clkbuf_16)
     4    0.03    0.05    0.14    0.17 ^ clkbuf_0_clock/X (sky130_fd_sc_hd__clkbuf_16)
                                         clknet_0_clock (net)
                  0.05    0.00    0.17 ^ clkbuf_2_3__f_clock/A (sky130_fd_sc_hd__clkbuf_16)
     9    0.02    0.04    0.13    0.30 ^ clkbuf_2_3__f_clock/X (sky130_fd_sc_hd__clkbuf_16)
                                         clknet_2_3__leaf_clock (net)
                  0.04    0.00    0.30 ^ accumulator._2412_/CLK (sky130_fd_sc_hd__dfxtp_1)
     4    0.01    0.08    0.34    0.65 ^ accumulator._2412_/Q (sky130_fd_sc_hd__dfxtp_1)
                                         accumulator.io_accOut[11] (net)
                  0.08    0.00    0.65 ^ _11_/A (sky130_fd_sc_hd__buf_1)
     1    0.00    0.03    0.09    0.73 ^ _11_/X (sky130_fd_sc_hd__buf_1)
                                         net24 (net)
                  0.03    0.00    0.73 ^ output24/A (sky130_fd_sc_hd__buf_2)
     1    0.03    0.17    0.20    0.93 ^ output24/X (sky130_fd_sc_hd__buf_2)
                                         io_accOut[11] (net)
                  0.17    0.00    0.93 ^ io_accOut[11] (out)
                                  0.93   data arrival time

                         25.00   25.00   clock clock (rise edge)
                          0.00   25.00   clock network delay (propagated)
                         -0.25   24.75   clock uncertainty
                          0.00   24.75   clock reconvergence pessimism
                         -5.00   19.75   output external delay
                                 19.75   data required time
-----------------------------------------------------------------------------
                                 19.75   data required time
                                 -0.93   data arrival time
-----------------------------------------------------------------------------
                                 18.82   slack (MET)


Startpoint: accumulator._2423_
            (rising edge-triggered flip-flop clocked by clock)
Endpoint: io_accOut[22] (output port clocked by clock)
Path Group: clock
Path Type: max

Fanout     Cap    Slew   Delay    Time   Description
-----------------------------------------------------------------------------
                          0.00    0.00   clock clock (rise edge)
                          0.00    0.00   clock source latency
     1    0.01    0.04    0.03    0.03 ^ clock (in)
                                         clock (net)
                  0.04    0.00    0.03 ^ clkbuf_0_clock/A (sky130_fd_sc_hd__clkbuf_16)
     4    0.03    0.05    0.14    0.17 ^ clkbuf_0_clock/X (sky130_fd_sc_hd__clkbuf_16)
                                         clknet_0_clock (net)
                  0.05    0.00    0.17 ^ clkbuf_2_0__f_clock/A (sky130_fd_sc_hd__clkbuf_16)
     8    0.02    0.04    0.13    0.30 ^ clkbuf_2_0__f_clock/X (sky130_fd_sc_hd__clkbuf_16)
                                         clknet_2_0__leaf_clock (net)
                  0.04    0.00    0.30 ^ accumulator._2423_/CLK (sky130_fd_sc_hd__dfxtp_1)
     4    0.01    0.08    0.34    0.65 ^ accumulator._2423_/Q (sky130_fd_sc_hd__dfxtp_1)
                                         accumulator.io_accOut[22] (net)
                  0.08    0.00    0.65 ^ _22_/A (sky130_fd_sc_hd__buf_1)
     1    0.00    0.03    0.09    0.73 ^ _22_/X (sky130_fd_sc_hd__buf_1)
                                         net36 (net)
                  0.03    0.00    0.73 ^ output36/A (sky130_fd_sc_hd__buf_2)
     1    0.03    0.17    0.20    0.93 ^ output36/X (sky130_fd_sc_hd__buf_2)
                                         io_accOut[22] (net)
                  0.17    0.00    0.93 ^ io_accOut[22] (out)
                                  0.93   data arrival time

                         25.00   25.00   clock clock (rise edge)
                          0.00   25.00   clock network delay (propagated)
                         -0.25   24.75   clock uncertainty
                          0.00   24.75   clock reconvergence pessimism
                         -5.00   19.75   output external delay
                                 19.75   data required time
-----------------------------------------------------------------------------
                                 19.75   data required time
                                 -0.93   data arrival time
-----------------------------------------------------------------------------
                                 18.82   slack (MET)


Startpoint: reset (input port clocked by clock)
Endpoint: accumulator._2400_ (rising edge-triggered flip-flop clocked by clock)
Path Group: clock
Path Type: max

Fanout     Cap    Slew   Delay    Time   Description
-----------------------------------------------------------------------------
                          0.00    0.00   clock clock (rise edge)
                          0.00    0.00   clock network delay (propagated)
                          5.00    5.00 ^ input external delay
     1    0.00    0.02    0.01    5.01 ^ reset (in)
                                         reset (net)
                  0.02    0.00    5.01 ^ input21/A (sky130_fd_sc_hd__buf_1)
     3    0.01    0.09    0.11    5.12 ^ input21/X (sky130_fd_sc_hd__buf_1)
                                         net21 (net)
                  0.09    0.00    5.12 ^ accumulator._1310_/A_N (sky130_fd_sc_hd__and2b_1)
     1    0.00    0.03    0.18    5.30 v accumulator._1310_/X (sky130_fd_sc_hd__and2b_1)
                                         accumulator._0408_ (net)
                  0.03    0.00    5.30 v accumulator._1311_/A (sky130_fd_sc_hd__clkbuf_1)
     1    0.00    0.02    0.08    5.38 v accumulator._1311_/X (sky130_fd_sc_hd__clkbuf_1)
                                         accumulator._0001_ (net)
                  0.02    0.00    5.38 v accumulator._2400_/D (sky130_fd_sc_hd__dfxtp_1)
                                  5.38   data arrival time

                         25.00   25.00   clock clock (rise edge)
                          0.00   25.00   clock source latency
     1    0.01    0.04    0.03   25.03 ^ clock (in)
                                         clock (net)
                  0.04    0.00   25.03 ^ clkbuf_0_clock/A (sky130_fd_sc_hd__clkbuf_16)
     4    0.03    0.05    0.13   25.15 ^ clkbuf_0_clock/X (sky130_fd_sc_hd__clkbuf_16)
                                         clknet_0_clock (net)
                  0.05    0.00   25.15 ^ clkbuf_2_1__f_clock/A (sky130_fd_sc_hd__clkbuf_16)
    10    0.02    0.04    0.12   25.28 ^ clkbuf_2_1__f_clock/X (sky130_fd_sc_hd__clkbuf_16)
                                         clknet_2_1__leaf_clock (net)
                  0.04    0.00   25.28 ^ accumulator._2400_/CLK (sky130_fd_sc_hd__dfxtp_1)
                         -0.25   25.03   clock uncertainty
                          0.00   25.03   clock reconvergence pessimism
                         -0.10   24.92   library setup time
                                 24.92   data required time
-----------------------------------------------------------------------------
                                 24.92   data required time
                                 -5.38   data arrival time
-----------------------------------------------------------------------------
                                 19.55   slack (MET)


Startpoint: reset (input port clocked by clock)
Endpoint: accumulator._2432_ (rising edge-triggered flip-flop clocked by clock)
Path Group: clock
Path Type: max

Fanout     Cap    Slew   Delay    Time   Description
-----------------------------------------------------------------------------
                          0.00    0.00   clock clock (rise edge)
                          0.00    0.00   clock network delay (propagated)
                          5.00    5.00 v input external delay
     1    0.00    0.01    0.00    5.00 v reset (in)
                                         reset (net)
                  0.01    0.00    5.00 v input21/A (sky130_fd_sc_hd__buf_1)
     3    0.01    0.04    0.09    5.09 v input21/X (sky130_fd_sc_hd__buf_1)
                                         net21 (net)
                  0.04    0.00    5.09 v accumulator._2397_/A (sky130_fd_sc_hd__nor2_1)
     1    0.00    0.07    0.10    5.19 ^ accumulator._2397_/Y (sky130_fd_sc_hd__nor2_1)
                                         accumulator._0329_ (net)
                  0.07    0.00    5.19 ^ accumulator._2398_/C1 (sky130_fd_sc_hd__o211a_1)
     1    0.00    0.04    0.13    5.32 ^ accumulator._2398_/X (sky130_fd_sc_hd__o211a_1)
                                         accumulator._0033_ (net)
                  0.04    0.00    5.32 ^ accumulator._2432_/D (sky130_fd_sc_hd__dfxtp_1)
                                  5.32   data arrival time

                         25.00   25.00   clock clock (rise edge)
                          0.00   25.00   clock source latency
     1    0.01    0.04    0.03   25.03 ^ clock (in)
                                         clock (net)
                  0.04    0.00   25.03 ^ clkbuf_0_clock/A (sky130_fd_sc_hd__clkbuf_16)
     4    0.03    0.05    0.13   25.15 ^ clkbuf_0_clock/X (sky130_fd_sc_hd__clkbuf_16)
                                         clknet_0_clock (net)
                  0.05    0.00   25.15 ^ clkbuf_2_1__f_clock/A (sky130_fd_sc_hd__clkbuf_16)
    10    0.02    0.04    0.12   25.28 ^ clkbuf_2_1__f_clock/X (sky130_fd_sc_hd__clkbuf_16)
                                         clknet_2_1__leaf_clock (net)
                  0.04    0.00   25.28 ^ accumulator._2432_/CLK (sky130_fd_sc_hd__dfxtp_1)
                         -0.25   25.03   clock uncertainty
                          0.00   25.03   clock reconvergence pessimism
                         -0.05   24.97   library setup time
                                 24.97   data required time
-----------------------------------------------------------------------------
                                 24.97   data required time
                                 -5.32   data arrival time
-----------------------------------------------------------------------------
                                 19.65   slack (MET)



worst slack corner Typical: 2.0299
