
===========================================================================
report_checks -path_delay max (Setup)
============================================================================
======================= Typical Corner ===================================

Startpoint: io_inScaleA[7] (input port clocked by clock)
Endpoint: accumulator._2375_ (rising edge-triggered flip-flop clocked by clock)
Path Group: clock
Path Type: max

Fanout     Cap    Slew   Delay    Time   Description
-----------------------------------------------------------------------------
                          0.00    0.00   clock clock (rise edge)
                          0.00    0.00   clock network delay (propagated)
                          5.00    5.00 v input external delay
     1    0.01    0.01    0.01    5.01 v io_inScaleA[7] (in)
                                         io_inScaleA[7] (net)
                  0.01    0.00    5.01 v input16/A (sky130_fd_sc_hd__clkbuf_2)
     5    0.02    0.07    0.13    5.14 v input16/X (sky130_fd_sc_hd__clkbuf_2)
                                         net16 (net)
                  0.07    0.00    5.14 v scaleAdd._280_/A1 (sky130_fd_sc_hd__o31a_1)
     3    0.01    0.07    0.34    5.48 v scaleAdd._280_/X (sky130_fd_sc_hd__o31a_1)
                                         scaleAdd._222_ (net)
                  0.07    0.00    5.48 v scaleAdd._282_/A2 (sky130_fd_sc_hd__a21o_1)
     3    0.01    0.08    0.24    5.72 v scaleAdd._282_/X (sky130_fd_sc_hd__a21o_1)
                                         scaleAdd._224_ (net)
                  0.08    0.00    5.72 v scaleAdd._284_/A1 (sky130_fd_sc_hd__a21oi_4)
     3    0.02    0.16    0.19    5.91 ^ scaleAdd._284_/Y (sky130_fd_sc_hd__a21oi_4)
                                         scaleAdd._226_ (net)
                  0.16    0.00    5.91 ^ scaleAdd._287_/A (sky130_fd_sc_hd__xnor2_2)
     1    0.01    0.19    0.16    6.08 ^ scaleAdd._287_/Y (sky130_fd_sc_hd__xnor2_2)
                                         scaleAdd._229_ (net)
                  0.19    0.00    6.08 ^ scaleAdd._288_/A (sky130_fd_sc_hd__xnor2_2)
     3    0.02    0.10    0.14    6.22 v scaleAdd._288_/Y (sky130_fd_sc_hd__xnor2_2)
                                         scaleAdd._230_ (net)
                  0.10    0.00    6.22 v scaleAdd._346_/A2 (sky130_fd_sc_hd__a21o_1)
     1    0.01    0.05    0.22    6.44 v scaleAdd._346_/X (sky130_fd_sc_hd__a21o_1)
                                         scaleAdd._052_ (net)
                  0.05    0.00    6.44 v scaleAdd._348_/A2 (sky130_fd_sc_hd__a21o_4)
     2    0.03    0.06    0.26    6.70 v scaleAdd._348_/X (sky130_fd_sc_hd__a21o_4)
                                         scaleAdd._054_ (net)
                  0.06    0.00    6.70 v scaleAdd._349_/A (sky130_fd_sc_hd__xor2_4)
     5    0.01    0.08    0.20    6.90 v scaleAdd._349_/X (sky130_fd_sc_hd__xor2_4)
                                         scaleAdd._055_ (net)
                  0.08    0.00    6.90 v scaleAdd._351_/A1 (sky130_fd_sc_hd__a21o_1)
     2    0.01    0.05    0.19    7.09 v scaleAdd._351_/X (sky130_fd_sc_hd__a21o_1)
                                         scaleAdd._057_ (net)
                  0.05    0.00    7.09 v scaleAdd._353_/A (sky130_fd_sc_hd__and3_1)
     3    0.01    0.06    0.17    7.26 v scaleAdd._353_/X (sky130_fd_sc_hd__and3_1)
                                         scaleAdd._059_ (net)
                  0.06    0.00    7.26 v scaleAdd._355_/B (sky130_fd_sc_hd__or3_4)
     3    0.01    0.07    0.39    7.66 v scaleAdd._355_/X (sky130_fd_sc_hd__or3_4)
                                         scaleAdd._061_ (net)
                  0.07    0.00    7.66 v scaleAdd._359_/A1 (sky130_fd_sc_hd__a21o_1)
     2    0.01    0.05    0.18    7.84 v scaleAdd._359_/X (sky130_fd_sc_hd__a21o_1)
                                         scaleAdd._065_ (net)
                  0.05    0.00    7.84 v scaleAdd._383_/A2 (sky130_fd_sc_hd__a21o_1)
     2    0.01    0.04    0.19    8.03 v scaleAdd._383_/X (sky130_fd_sc_hd__a21o_1)
                                         scaleAdd._088_ (net)
                  0.04    0.00    8.03 v scaleAdd._399_/A1 (sky130_fd_sc_hd__a21o_1)
     2    0.01    0.07    0.19    8.22 v scaleAdd._399_/X (sky130_fd_sc_hd__a21o_1)
                                         scaleAdd._103_ (net)
                  0.07    0.00    8.22 v scaleAdd._417_/A1 (sky130_fd_sc_hd__a21bo_1)
     2    0.01    0.05    0.19    8.42 v scaleAdd._417_/X (sky130_fd_sc_hd__a21bo_1)
                                         scaleAdd._120_ (net)
                  0.05    0.00    8.42 v scaleAdd._432_/A1 (sky130_fd_sc_hd__a21o_1)
     2    0.01    0.05    0.18    8.60 v scaleAdd._432_/X (sky130_fd_sc_hd__a21o_1)
                                         scaleAdd._134_ (net)
                  0.05    0.00    8.60 v scaleAdd._444_/A1 (sky130_fd_sc_hd__a21o_1)
     2    0.01    0.05    0.18    8.78 v scaleAdd._444_/X (sky130_fd_sc_hd__a21o_1)
                                         scaleAdd._145_ (net)
                  0.05    0.00    8.78 v scaleAdd._447_/A1 (sky130_fd_sc_hd__a21o_1)
     2    0.00    0.04    0.17    8.95 v scaleAdd._447_/X (sky130_fd_sc_hd__a21o_1)
                                         scaleAdd._147_ (net)
                  0.04    0.00    8.95 v rebuffer19/A (sky130_fd_sc_hd__clkbuf_2)
     1    0.01    0.05    0.12    9.07 v rebuffer19/X (sky130_fd_sc_hd__clkbuf_2)
                                         net77 (net)
                  0.05    0.00    9.07 v scaleAdd._448_/A (sky130_fd_sc_hd__xor2_2)
     4    0.01    0.08    0.20    9.27 v scaleAdd._448_/X (sky130_fd_sc_hd__xor2_2)
                                         accumulator.io_inMant[14] (net)
                  0.08    0.00    9.27 v accumulator._1181_/A (sky130_fd_sc_hd__or4_4)
     1    0.01    0.09    0.58    9.85 v accumulator._1181_/X (sky130_fd_sc_hd__or4_4)
                                         accumulator._0045_ (net)
                  0.09    0.00    9.85 v accumulator._1182_/A (sky130_fd_sc_hd__buf_8)
     8    0.02    0.03    0.15   10.00 v accumulator._1182_/X (sky130_fd_sc_hd__buf_8)
                                         accumulator._0055_ (net)
                  0.03    0.00   10.00 v accumulator._1200_/A_N (sky130_fd_sc_hd__and2b_1)
     3    0.01    0.08    0.22   10.22 ^ accumulator._1200_/X (sky130_fd_sc_hd__and2b_1)
                                         accumulator._0232_ (net)
                  0.08    0.00   10.22 ^ accumulator._1201_/B1_N (sky130_fd_sc_hd__o21ba_4)
     3    0.01    0.04    0.17   10.39 v accumulator._1201_/X (sky130_fd_sc_hd__o21ba_4)
                                         accumulator._0241_ (net)
                  0.04    0.00   10.39 v accumulator._1202_/A (sky130_fd_sc_hd__and2_4)
     3    0.01    0.03    0.14   10.53 v accumulator._1202_/X (sky130_fd_sc_hd__and2_4)
                                         accumulator._0251_ (net)
                  0.03    0.00   10.53 v accumulator._1204_/B (sky130_fd_sc_hd__or2_4)
     3    0.01    0.05    0.24   10.78 v accumulator._1204_/X (sky130_fd_sc_hd__or2_4)
                                         accumulator._0271_ (net)
                  0.05    0.00   10.78 v accumulator._1205_/A (sky130_fd_sc_hd__inv_2)
     3    0.01    0.05    0.07   10.85 ^ accumulator._1205_/Y (sky130_fd_sc_hd__inv_2)
                                         accumulator._0281_ (net)
                  0.05    0.00   10.85 ^ accumulator._1218_/A1 (sky130_fd_sc_hd__a311o_1)
     3    0.01    0.12    0.21   11.06 ^ accumulator._1218_/X (sky130_fd_sc_hd__a311o_1)
                                         accumulator._0315_ (net)
                  0.12    0.00   11.06 ^ rebuffer25/A (sky130_fd_sc_hd__clkbuf_1)
     1    0.00    0.06    0.12   11.18 ^ rebuffer25/X (sky130_fd_sc_hd__clkbuf_1)
                                         net83 (net)
                  0.06    0.00   11.18 ^ rebuffer10/A (sky130_fd_sc_hd__clkbuf_2)
     1    0.00    0.03    0.10   11.28 ^ rebuffer10/X (sky130_fd_sc_hd__clkbuf_2)
                                         net68 (net)
                  0.03    0.00   11.28 ^ rebuffer8/A (sky130_fd_sc_hd__clkbuf_1)
     1    0.01    0.07    0.10   11.37 ^ rebuffer8/X (sky130_fd_sc_hd__clkbuf_1)
                                         net66 (net)
                  0.07    0.00   11.37 ^ accumulator._1219_/A (sky130_fd_sc_hd__nand3_2)
     2    0.01    0.08    0.07   11.45 v accumulator._1219_/Y (sky130_fd_sc_hd__nand3_2)
                                         accumulator._0316_ (net)
                  0.08    0.00   11.45 v accumulator._1228_/A2 (sky130_fd_sc_hd__a211o_1)
     2    0.01    0.07    0.34   11.79 v accumulator._1228_/X (sky130_fd_sc_hd__a211o_1)
                                         accumulator._0325_ (net)
                  0.07    0.00   11.79 v accumulator._1242_/A2 (sky130_fd_sc_hd__o22a_1)
     3    0.01    0.07    0.24   12.03 v accumulator._1242_/X (sky130_fd_sc_hd__o22a_1)
                                         accumulator._0339_ (net)
                  0.07    0.00   12.03 v accumulator._1243_/A (sky130_fd_sc_hd__buf_4)
    10    0.03    0.06    0.19   12.22 v accumulator._1243_/X (sky130_fd_sc_hd__buf_4)
                                         accumulator._0340_ (net)
                  0.06    0.00   12.22 v accumulator._1249_/B1 (sky130_fd_sc_hd__a21o_4)
     3    0.02    0.06    0.22   12.44 v accumulator._1249_/X (sky130_fd_sc_hd__a21o_4)
                                         accumulator._0346_ (net)
                  0.06    0.00   12.44 v accumulator._1250_/B (sky130_fd_sc_hd__xor2_4)
     3    0.03    0.10    0.19   12.64 v accumulator._1250_/X (sky130_fd_sc_hd__xor2_4)
                                         accumulator._0347_ (net)
                  0.10    0.00   12.64 v accumulator._1259_/A2 (sky130_fd_sc_hd__a21o_4)
     2    0.02    0.05    0.27   12.91 v accumulator._1259_/X (sky130_fd_sc_hd__a21o_4)
                                         accumulator._0356_ (net)
                  0.05    0.00   12.91 v accumulator._1264_/A2 (sky130_fd_sc_hd__a21o_1)
     2    0.01    0.04    0.20   13.10 v accumulator._1264_/X (sky130_fd_sc_hd__a21o_1)
                                         accumulator._0361_ (net)
                  0.04    0.00   13.10 v accumulator._1266_/A1 (sky130_fd_sc_hd__a21o_1)
     2    0.01    0.04    0.17   13.28 v accumulator._1266_/X (sky130_fd_sc_hd__a21o_1)
                                         accumulator._0363_ (net)
                  0.04    0.00   13.28 v accumulator._1272_/A1 (sky130_fd_sc_hd__a21o_1)
     2    0.02    0.10    0.23   13.50 v accumulator._1272_/X (sky130_fd_sc_hd__a21o_1)
                                         accumulator._0369_ (net)
                  0.10    0.00   13.50 v accumulator._1278_/A1 (sky130_fd_sc_hd__a21oi_4)
     3    0.02    0.17    0.21   13.71 ^ accumulator._1278_/Y (sky130_fd_sc_hd__a21oi_4)
                                         accumulator._0375_ (net)
                  0.17    0.00   13.71 ^ rebuffer21/A (sky130_fd_sc_hd__buf_6)
     2    0.02    0.05    0.15   13.86 ^ rebuffer21/X (sky130_fd_sc_hd__buf_6)
                                         net79 (net)
                  0.05    0.00   13.86 ^ accumulator._1289_/B (sky130_fd_sc_hd__xnor2_4)
     9    0.03    0.26    0.16   14.02 ^ accumulator._1289_/Y (sky130_fd_sc_hd__xnor2_4)
                                         accumulator._0386_ (net)
                  0.26    0.00   14.02 ^ accumulator._1330_/S (sky130_fd_sc_hd__mux2_4)
     6    0.02    0.07    0.38   14.40 v accumulator._1330_/X (sky130_fd_sc_hd__mux2_4)
                                         accumulator._0425_ (net)
                  0.07    0.00   14.40 v clone38/A (sky130_fd_sc_hd__buf_4)
     5    0.02    0.04    0.17   14.57 v clone38/X (sky130_fd_sc_hd__buf_4)
                                         net96 (net)
                  0.04    0.00   14.57 v accumulator._1526_/A1 (sky130_fd_sc_hd__a21o_1)
     2    0.01    0.05    0.18   14.75 v accumulator._1526_/X (sky130_fd_sc_hd__a21o_1)
                                         accumulator._0621_ (net)
                  0.05    0.00   14.75 v accumulator._1527_/A2 (sky130_fd_sc_hd__a21o_1)
     2    0.00    0.04    0.19   14.94 v accumulator._1527_/X (sky130_fd_sc_hd__a21o_1)
                                         accumulator._0622_ (net)
                  0.04    0.00   14.94 v accumulator._1528_/C (sky130_fd_sc_hd__and3_1)
     2    0.01    0.07    0.22   15.16 v accumulator._1528_/X (sky130_fd_sc_hd__and3_1)
                                         accumulator._0623_ (net)
                  0.07    0.00   15.16 v accumulator._1644_/A2 (sky130_fd_sc_hd__o311ai_4)
     3    0.01    0.29    0.34   15.50 ^ accumulator._1644_/Y (sky130_fd_sc_hd__o311ai_4)
                                         accumulator._0739_ (net)
                  0.29    0.00   15.50 ^ accumulator._1716_/A (sky130_fd_sc_hd__nand3_2)
     2    0.01    0.10    0.12   15.62 v accumulator._1716_/Y (sky130_fd_sc_hd__nand3_2)
                                         accumulator._0811_ (net)
                  0.10    0.00   15.62 v accumulator._1736_/A1 (sky130_fd_sc_hd__a2111o_4)
     5    0.02    0.09    0.52   16.14 v accumulator._1736_/X (sky130_fd_sc_hd__a2111o_4)
                                         accumulator._0831_ (net)
                  0.09    0.00   16.15 v accumulator._1738_/A1 (sky130_fd_sc_hd__a21o_1)
     3    0.01    0.06    0.21   16.35 v accumulator._1738_/X (sky130_fd_sc_hd__a21o_1)
                                         accumulator._0833_ (net)
                  0.06    0.00   16.35 v accumulator._1744_/A1 (sky130_fd_sc_hd__a2111o_1)
     3    0.01    0.10    0.43   16.78 v accumulator._1744_/X (sky130_fd_sc_hd__a2111o_1)
                                         accumulator._0839_ (net)
                  0.10    0.00   16.78 v accumulator._1748_/A1 (sky130_fd_sc_hd__a2111o_1)
     2    0.01    0.07    0.41   17.20 v accumulator._1748_/X (sky130_fd_sc_hd__a2111o_1)
                                         accumulator._0843_ (net)
                  0.07    0.00   17.20 v accumulator._1751_/A1 (sky130_fd_sc_hd__a21o_1)
     2    0.01    0.06    0.20   17.39 v accumulator._1751_/X (sky130_fd_sc_hd__a21o_1)
                                         accumulator._0846_ (net)
                  0.06    0.00   17.39 v accumulator._1773_/A1 (sky130_fd_sc_hd__a21o_1)
     2    0.01    0.05    0.18   17.57 v accumulator._1773_/X (sky130_fd_sc_hd__a21o_1)
                                         accumulator._0868_ (net)
                  0.05    0.00   17.57 v accumulator._1798_/A1 (sky130_fd_sc_hd__a311o_1)
     2    0.01    0.08    0.30   17.87 v accumulator._1798_/X (sky130_fd_sc_hd__a311o_1)
                                         accumulator._0893_ (net)
                  0.08    0.00   17.87 v accumulator._1814_/A2 (sky130_fd_sc_hd__a21o_1)
     2    0.01    0.07    0.24   18.11 v accumulator._1814_/X (sky130_fd_sc_hd__a21o_1)
                                         accumulator._0909_ (net)
                  0.07    0.00   18.11 v accumulator._1821_/A2 (sky130_fd_sc_hd__a21o_1)
     3    0.01    0.06    0.23   18.33 v accumulator._1821_/X (sky130_fd_sc_hd__a21o_1)
                                         accumulator._0916_ (net)
                  0.06    0.00   18.33 v accumulator._1926_/A2 (sky130_fd_sc_hd__a21o_1)
     3    0.01    0.08    0.24   18.57 v accumulator._1926_/X (sky130_fd_sc_hd__a21o_1)
                                         accumulator._1021_ (net)
                  0.08    0.00   18.57 v accumulator._2045_/S (sky130_fd_sc_hd__mux2_4)
     4    0.01    0.07    0.35   18.92 v accumulator._2045_/X (sky130_fd_sc_hd__mux2_4)
                                         accumulator._1140_ (net)
                  0.07    0.00   18.92 v accumulator._2059_/B2 (sky130_fd_sc_hd__a221oi_2)
     1    0.00    0.18    0.24   19.17 ^ accumulator._2059_/Y (sky130_fd_sc_hd__a221oi_2)
                                         accumulator._1155_ (net)
                  0.18    0.00   19.17 ^ accumulator._2060_/A1 (sky130_fd_sc_hd__o21ai_1)
     1    0.00    0.09    0.11   19.28 v accumulator._2060_/Y (sky130_fd_sc_hd__o21ai_1)
                                         accumulator._1156_ (net)
                  0.09    0.00   19.28 v accumulator._2061_/A1 (sky130_fd_sc_hd__a21o_1)
     1    0.00    0.03    0.18   19.46 v accumulator._2061_/X (sky130_fd_sc_hd__a21o_1)
                                         accumulator._1157_ (net)
                  0.03    0.00   19.46 v accumulator._2062_/A1 (sky130_fd_sc_hd__a21o_1)
     1    0.00    0.04    0.16   19.61 v accumulator._2062_/X (sky130_fd_sc_hd__a21o_1)
                                         accumulator._1158_ (net)
                  0.04    0.00   19.61 v accumulator._2063_/A1 (sky130_fd_sc_hd__a21o_1)
     1    0.00    0.03    0.15   19.77 v accumulator._2063_/X (sky130_fd_sc_hd__a21o_1)
                                         accumulator._1159_ (net)
                  0.03    0.00   19.77 v accumulator._2064_/A1 (sky130_fd_sc_hd__a21o_1)
     1    0.00    0.04    0.16   19.92 v accumulator._2064_/X (sky130_fd_sc_hd__a21o_1)
                                         accumulator._1160_ (net)
                  0.04    0.00   19.92 v accumulator._2065_/A1 (sky130_fd_sc_hd__a21oi_1)
     1    0.00    0.13    0.14   20.07 ^ accumulator._2065_/Y (sky130_fd_sc_hd__a21oi_1)
                                         accumulator._1161_ (net)
                  0.13    0.00   20.07 ^ accumulator._2067_/A1 (sky130_fd_sc_hd__o21ai_1)
     1    0.00    0.06    0.09   20.16 v accumulator._2067_/Y (sky130_fd_sc_hd__o21ai_1)
                                         accumulator._1163_ (net)
                  0.06    0.00   20.16 v accumulator._2068_/A1 (sky130_fd_sc_hd__a21o_1)
     1    0.00    0.03    0.16   20.33 v accumulator._2068_/X (sky130_fd_sc_hd__a21o_1)
                                         accumulator._1164_ (net)
                  0.03    0.00   20.33 v accumulator._2069_/A1 (sky130_fd_sc_hd__a21o_1)
     1    0.01    0.04    0.16   20.49 v accumulator._2069_/X (sky130_fd_sc_hd__a21o_1)
                                         accumulator._1165_ (net)
                  0.04    0.00   20.49 v accumulator._2070_/A1 (sky130_fd_sc_hd__a211o_1)
     1    0.01    0.06    0.28   20.77 v accumulator._2070_/X (sky130_fd_sc_hd__a211o_1)
                                         accumulator._1167_ (net)
                  0.06    0.00   20.77 v accumulator._2073_/B2 (sky130_fd_sc_hd__a2bb2o_4)
     4    0.03    0.07    0.26   21.03 v accumulator._2073_/X (sky130_fd_sc_hd__a2bb2o_4)
                                         accumulator._1170_ (net)
                  0.07    0.00   21.03 v accumulator._2074_/A (sky130_fd_sc_hd__buf_8)
     6    0.04    0.04    0.15   21.18 v accumulator._2074_/X (sky130_fd_sc_hd__buf_8)
                                         accumulator._1171_ (net)
                  0.04    0.00   21.19 v accumulator._2101_/A (sky130_fd_sc_hd__buf_8)
     5    0.03    0.03    0.13   21.32 v accumulator._2101_/X (sky130_fd_sc_hd__buf_8)
                                         accumulator._0057_ (net)
                  0.03    0.00   21.32 v accumulator._2244_/S (sky130_fd_sc_hd__mux2_4)
     1    0.01    0.05    0.31   21.63 v accumulator._2244_/X (sky130_fd_sc_hd__mux2_4)
                                         accumulator._0197_ (net)
                  0.05    0.00   21.63 v accumulator._2246_/A0 (sky130_fd_sc_hd__mux2_4)
     2    0.01    0.05    0.29   21.91 v accumulator._2246_/X (sky130_fd_sc_hd__mux2_4)
                                         accumulator._0199_ (net)
                  0.05    0.00   21.91 v accumulator._2247_/A1 (sky130_fd_sc_hd__mux2_4)
     1    0.00    0.05    0.26   22.18 v accumulator._2247_/X (sky130_fd_sc_hd__mux2_4)
                                         accumulator._0200_ (net)
                  0.05    0.00   22.18 v accumulator._2249_/D (sky130_fd_sc_hd__or4_4)
     1    0.00    0.08    0.42   22.60 v accumulator._2249_/X (sky130_fd_sc_hd__or4_4)
                                         accumulator._0202_ (net)
                  0.08    0.00   22.60 v accumulator._2250_/C1 (sky130_fd_sc_hd__o211a_1)
     1    0.00    0.04    0.13   22.72 v accumulator._2250_/X (sky130_fd_sc_hd__o211a_1)
                                         accumulator._0020_ (net)
                  0.04    0.00   22.72 v accumulator._2375_/D (sky130_fd_sc_hd__dfxtp_1)
                                 22.72   data arrival time

                         25.00   25.00   clock clock (rise edge)
                          0.00   25.00   clock source latency
     1    0.01    0.07    0.05   25.05 ^ clock (in)
                                         clock (net)
                  0.07    0.00   25.05 ^ clkbuf_0_clock/A (sky130_fd_sc_hd__clkbuf_16)
     4    0.03    0.05    0.14   25.19 ^ clkbuf_0_clock/X (sky130_fd_sc_hd__clkbuf_16)
                                         clknet_0_clock (net)
                  0.05    0.00   25.19 ^ clkbuf_2_0__f_clock/A (sky130_fd_sc_hd__clkbuf_16)
    11    0.03    0.05    0.13   25.32 ^ clkbuf_2_0__f_clock/X (sky130_fd_sc_hd__clkbuf_16)
                                         clknet_2_0__leaf_clock (net)
                  0.05    0.00   25.32 ^ accumulator._2375_/CLK (sky130_fd_sc_hd__dfxtp_1)
                         -0.25   25.07   clock uncertainty
                          0.00   25.07   clock reconvergence pessimism
                         -0.11   24.96   library setup time
                                 24.96   data required time
-----------------------------------------------------------------------------
                                 24.96   data required time
                                -22.72   data arrival time
-----------------------------------------------------------------------------
                                  2.24   slack (MET)


Startpoint: io_inScaleA[7] (input port clocked by clock)
Endpoint: accumulator._2378_ (rising edge-triggered flip-flop clocked by clock)
Path Group: clock
Path Type: max

Fanout     Cap    Slew   Delay    Time   Description
-----------------------------------------------------------------------------
                          0.00    0.00   clock clock (rise edge)
                          0.00    0.00   clock network delay (propagated)
                          5.00    5.00 v input external delay
     1    0.01    0.01    0.01    5.01 v io_inScaleA[7] (in)
                                         io_inScaleA[7] (net)
                  0.01    0.00    5.01 v input16/A (sky130_fd_sc_hd__clkbuf_2)
     5    0.02    0.07    0.13    5.14 v input16/X (sky130_fd_sc_hd__clkbuf_2)
                                         net16 (net)
                  0.07    0.00    5.14 v scaleAdd._280_/A1 (sky130_fd_sc_hd__o31a_1)
     3    0.01    0.07    0.34    5.48 v scaleAdd._280_/X (sky130_fd_sc_hd__o31a_1)
                                         scaleAdd._222_ (net)
                  0.07    0.00    5.48 v scaleAdd._282_/A2 (sky130_fd_sc_hd__a21o_1)
     3    0.01    0.08    0.24    5.72 v scaleAdd._282_/X (sky130_fd_sc_hd__a21o_1)
                                         scaleAdd._224_ (net)
                  0.08    0.00    5.72 v scaleAdd._284_/A1 (sky130_fd_sc_hd__a21oi_4)
     3    0.02    0.16    0.19    5.91 ^ scaleAdd._284_/Y (sky130_fd_sc_hd__a21oi_4)
                                         scaleAdd._226_ (net)
                  0.16    0.00    5.91 ^ scaleAdd._287_/A (sky130_fd_sc_hd__xnor2_2)
     1    0.01    0.19    0.16    6.08 ^ scaleAdd._287_/Y (sky130_fd_sc_hd__xnor2_2)
                                         scaleAdd._229_ (net)
                  0.19    0.00    6.08 ^ scaleAdd._288_/A (sky130_fd_sc_hd__xnor2_2)
     3    0.02    0.10    0.14    6.22 v scaleAdd._288_/Y (sky130_fd_sc_hd__xnor2_2)
                                         scaleAdd._230_ (net)
                  0.10    0.00    6.22 v scaleAdd._346_/A2 (sky130_fd_sc_hd__a21o_1)
     1    0.01    0.05    0.22    6.44 v scaleAdd._346_/X (sky130_fd_sc_hd__a21o_1)
                                         scaleAdd._052_ (net)
                  0.05    0.00    6.44 v scaleAdd._348_/A2 (sky130_fd_sc_hd__a21o_4)
     2    0.03    0.06    0.26    6.70 v scaleAdd._348_/X (sky130_fd_sc_hd__a21o_4)
                                         scaleAdd._054_ (net)
                  0.06    0.00    6.70 v scaleAdd._349_/A (sky130_fd_sc_hd__xor2_4)
     5    0.01    0.08    0.20    6.90 v scaleAdd._349_/X (sky130_fd_sc_hd__xor2_4)
                                         scaleAdd._055_ (net)
                  0.08    0.00    6.90 v scaleAdd._351_/A1 (sky130_fd_sc_hd__a21o_1)
     2    0.01    0.05    0.19    7.09 v scaleAdd._351_/X (sky130_fd_sc_hd__a21o_1)
                                         scaleAdd._057_ (net)
                  0.05    0.00    7.09 v scaleAdd._353_/A (sky130_fd_sc_hd__and3_1)
     3    0.01    0.06    0.17    7.26 v scaleAdd._353_/X (sky130_fd_sc_hd__and3_1)
                                         scaleAdd._059_ (net)
                  0.06    0.00    7.26 v scaleAdd._355_/B (sky130_fd_sc_hd__or3_4)
     3    0.01    0.07    0.39    7.66 v scaleAdd._355_/X (sky130_fd_sc_hd__or3_4)
                                         scaleAdd._061_ (net)
                  0.07    0.00    7.66 v scaleAdd._359_/A1 (sky130_fd_sc_hd__a21o_1)
     2    0.01    0.05    0.18    7.84 v scaleAdd._359_/X (sky130_fd_sc_hd__a21o_1)
                                         scaleAdd._065_ (net)
                  0.05    0.00    7.84 v scaleAdd._383_/A2 (sky130_fd_sc_hd__a21o_1)
     2    0.01    0.04    0.19    8.03 v scaleAdd._383_/X (sky130_fd_sc_hd__a21o_1)
                                         scaleAdd._088_ (net)
                  0.04    0.00    8.03 v scaleAdd._399_/A1 (sky130_fd_sc_hd__a21o_1)
     2    0.01    0.07    0.19    8.22 v scaleAdd._399_/X (sky130_fd_sc_hd__a21o_1)
                                         scaleAdd._103_ (net)
                  0.07    0.00    8.22 v scaleAdd._417_/A1 (sky130_fd_sc_hd__a21bo_1)
     2    0.01    0.05    0.19    8.42 v scaleAdd._417_/X (sky130_fd_sc_hd__a21bo_1)
                                         scaleAdd._120_ (net)
                  0.05    0.00    8.42 v scaleAdd._432_/A1 (sky130_fd_sc_hd__a21o_1)
     2    0.01    0.05    0.18    8.60 v scaleAdd._432_/X (sky130_fd_sc_hd__a21o_1)
                                         scaleAdd._134_ (net)
                  0.05    0.00    8.60 v scaleAdd._444_/A1 (sky130_fd_sc_hd__a21o_1)
     2    0.01    0.05    0.18    8.78 v scaleAdd._444_/X (sky130_fd_sc_hd__a21o_1)
                                         scaleAdd._145_ (net)
                  0.05    0.00    8.78 v scaleAdd._447_/A1 (sky130_fd_sc_hd__a21o_1)
     2    0.00    0.04    0.17    8.95 v scaleAdd._447_/X (sky130_fd_sc_hd__a21o_1)
                                         scaleAdd._147_ (net)
                  0.04    0.00    8.95 v rebuffer19/A (sky130_fd_sc_hd__clkbuf_2)
     1    0.01    0.05    0.12    9.07 v rebuffer19/X (sky130_fd_sc_hd__clkbuf_2)
                                         net77 (net)
                  0.05    0.00    9.07 v scaleAdd._448_/A (sky130_fd_sc_hd__xor2_2)
     4    0.01    0.08    0.20    9.27 v scaleAdd._448_/X (sky130_fd_sc_hd__xor2_2)
                                         accumulator.io_inMant[14] (net)
                  0.08    0.00    9.27 v accumulator._1181_/A (sky130_fd_sc_hd__or4_4)
     1    0.01    0.09    0.58    9.85 v accumulator._1181_/X (sky130_fd_sc_hd__or4_4)
                                         accumulator._0045_ (net)
                  0.09    0.00    9.85 v accumulator._1182_/A (sky130_fd_sc_hd__buf_8)
     8    0.02    0.03    0.15   10.00 v accumulator._1182_/X (sky130_fd_sc_hd__buf_8)
                                         accumulator._0055_ (net)
                  0.03    0.00   10.00 v accumulator._1200_/A_N (sky130_fd_sc_hd__and2b_1)
     3    0.01    0.08    0.22   10.22 ^ accumulator._1200_/X (sky130_fd_sc_hd__and2b_1)
                                         accumulator._0232_ (net)
                  0.08    0.00   10.22 ^ accumulator._1201_/B1_N (sky130_fd_sc_hd__o21ba_4)
     3    0.01    0.04    0.17   10.39 v accumulator._1201_/X (sky130_fd_sc_hd__o21ba_4)
                                         accumulator._0241_ (net)
                  0.04    0.00   10.39 v accumulator._1202_/A (sky130_fd_sc_hd__and2_4)
     3    0.01    0.03    0.14   10.53 v accumulator._1202_/X (sky130_fd_sc_hd__and2_4)
                                         accumulator._0251_ (net)
                  0.03    0.00   10.53 v accumulator._1204_/B (sky130_fd_sc_hd__or2_4)
     3    0.01    0.05    0.24   10.78 v accumulator._1204_/X (sky130_fd_sc_hd__or2_4)
                                         accumulator._0271_ (net)
                  0.05    0.00   10.78 v accumulator._1205_/A (sky130_fd_sc_hd__inv_2)
     3    0.01    0.05    0.07   10.85 ^ accumulator._1205_/Y (sky130_fd_sc_hd__inv_2)
                                         accumulator._0281_ (net)
                  0.05    0.00   10.85 ^ accumulator._1218_/A1 (sky130_fd_sc_hd__a311o_1)
     3    0.01    0.12    0.21   11.06 ^ accumulator._1218_/X (sky130_fd_sc_hd__a311o_1)
                                         accumulator._0315_ (net)
                  0.12    0.00   11.06 ^ rebuffer25/A (sky130_fd_sc_hd__clkbuf_1)
     1    0.00    0.06    0.12   11.18 ^ rebuffer25/X (sky130_fd_sc_hd__clkbuf_1)
                                         net83 (net)
                  0.06    0.00   11.18 ^ rebuffer10/A (sky130_fd_sc_hd__clkbuf_2)
     1    0.00    0.03    0.10   11.28 ^ rebuffer10/X (sky130_fd_sc_hd__clkbuf_2)
                                         net68 (net)
                  0.03    0.00   11.28 ^ rebuffer8/A (sky130_fd_sc_hd__clkbuf_1)
     1    0.01    0.07    0.10   11.37 ^ rebuffer8/X (sky130_fd_sc_hd__clkbuf_1)
                                         net66 (net)
                  0.07    0.00   11.37 ^ accumulator._1219_/A (sky130_fd_sc_hd__nand3_2)
     2    0.01    0.08    0.07   11.45 v accumulator._1219_/Y (sky130_fd_sc_hd__nand3_2)
                                         accumulator._0316_ (net)
                  0.08    0.00   11.45 v accumulator._1228_/A2 (sky130_fd_sc_hd__a211o_1)
     2    0.01    0.07    0.34   11.79 v accumulator._1228_/X (sky130_fd_sc_hd__a211o_1)
                                         accumulator._0325_ (net)
                  0.07    0.00   11.79 v accumulator._1242_/A2 (sky130_fd_sc_hd__o22a_1)
     3    0.01    0.07    0.24   12.03 v accumulator._1242_/X (sky130_fd_sc_hd__o22a_1)
                                         accumulator._0339_ (net)
                  0.07    0.00   12.03 v accumulator._1243_/A (sky130_fd_sc_hd__buf_4)
    10    0.03    0.06    0.19   12.22 v accumulator._1243_/X (sky130_fd_sc_hd__buf_4)
                                         accumulator._0340_ (net)
                  0.06    0.00   12.22 v accumulator._1249_/B1 (sky130_fd_sc_hd__a21o_4)
     3    0.02    0.06    0.22   12.44 v accumulator._1249_/X (sky130_fd_sc_hd__a21o_4)
                                         accumulator._0346_ (net)
                  0.06    0.00   12.44 v accumulator._1250_/B (sky130_fd_sc_hd__xor2_4)
     3    0.03    0.10    0.19   12.64 v accumulator._1250_/X (sky130_fd_sc_hd__xor2_4)
                                         accumulator._0347_ (net)
                  0.10    0.00   12.64 v accumulator._1259_/A2 (sky130_fd_sc_hd__a21o_4)
     2    0.02    0.05    0.27   12.91 v accumulator._1259_/X (sky130_fd_sc_hd__a21o_4)
                                         accumulator._0356_ (net)
                  0.05    0.00   12.91 v accumulator._1264_/A2 (sky130_fd_sc_hd__a21o_1)
     2    0.01    0.04    0.20   13.10 v accumulator._1264_/X (sky130_fd_sc_hd__a21o_1)
                                         accumulator._0361_ (net)
                  0.04    0.00   13.10 v accumulator._1266_/A1 (sky130_fd_sc_hd__a21o_1)
     2    0.01    0.04    0.17   13.28 v accumulator._1266_/X (sky130_fd_sc_hd__a21o_1)
                                         accumulator._0363_ (net)
                  0.04    0.00   13.28 v accumulator._1272_/A1 (sky130_fd_sc_hd__a21o_1)
     2    0.02    0.10    0.23   13.50 v accumulator._1272_/X (sky130_fd_sc_hd__a21o_1)
                                         accumulator._0369_ (net)
                  0.10    0.00   13.50 v accumulator._1278_/A1 (sky130_fd_sc_hd__a21oi_4)
     3    0.02    0.17    0.21   13.71 ^ accumulator._1278_/Y (sky130_fd_sc_hd__a21oi_4)
                                         accumulator._0375_ (net)
                  0.17    0.00   13.71 ^ rebuffer21/A (sky130_fd_sc_hd__buf_6)
     2    0.02    0.05    0.15   13.86 ^ rebuffer21/X (sky130_fd_sc_hd__buf_6)
                                         net79 (net)
                  0.05    0.00   13.86 ^ accumulator._1289_/B (sky130_fd_sc_hd__xnor2_4)
     9    0.03    0.26    0.16   14.02 ^ accumulator._1289_/Y (sky130_fd_sc_hd__xnor2_4)
                                         accumulator._0386_ (net)
                  0.26    0.00   14.02 ^ accumulator._1330_/S (sky130_fd_sc_hd__mux2_4)
     6    0.02    0.07    0.38   14.40 v accumulator._1330_/X (sky130_fd_sc_hd__mux2_4)
                                         accumulator._0425_ (net)
                  0.07    0.00   14.40 v clone38/A (sky130_fd_sc_hd__buf_4)
     5    0.02    0.04    0.17   14.57 v clone38/X (sky130_fd_sc_hd__buf_4)
                                         net96 (net)
                  0.04    0.00   14.57 v accumulator._1526_/A1 (sky130_fd_sc_hd__a21o_1)
     2    0.01    0.05    0.18   14.75 v accumulator._1526_/X (sky130_fd_sc_hd__a21o_1)
                                         accumulator._0621_ (net)
                  0.05    0.00   14.75 v accumulator._1527_/A2 (sky130_fd_sc_hd__a21o_1)
     2    0.00    0.04    0.19   14.94 v accumulator._1527_/X (sky130_fd_sc_hd__a21o_1)
                                         accumulator._0622_ (net)
                  0.04    0.00   14.94 v accumulator._1528_/C (sky130_fd_sc_hd__and3_1)
     2    0.01    0.07    0.22   15.16 v accumulator._1528_/X (sky130_fd_sc_hd__and3_1)
                                         accumulator._0623_ (net)
                  0.07    0.00   15.16 v accumulator._1644_/A2 (sky130_fd_sc_hd__o311ai_4)
     3    0.01    0.29    0.34   15.50 ^ accumulator._1644_/Y (sky130_fd_sc_hd__o311ai_4)
                                         accumulator._0739_ (net)
                  0.29    0.00   15.50 ^ accumulator._1716_/A (sky130_fd_sc_hd__nand3_2)
     2    0.01    0.10    0.12   15.62 v accumulator._1716_/Y (sky130_fd_sc_hd__nand3_2)
                                         accumulator._0811_ (net)
                  0.10    0.00   15.62 v accumulator._1736_/A1 (sky130_fd_sc_hd__a2111o_4)
     5    0.02    0.09    0.52   16.14 v accumulator._1736_/X (sky130_fd_sc_hd__a2111o_4)
                                         accumulator._0831_ (net)
                  0.09    0.00   16.15 v accumulator._1738_/A1 (sky130_fd_sc_hd__a21o_1)
     3    0.01    0.06    0.21   16.35 v accumulator._1738_/X (sky130_fd_sc_hd__a21o_1)
                                         accumulator._0833_ (net)
                  0.06    0.00   16.35 v accumulator._1744_/A1 (sky130_fd_sc_hd__a2111o_1)
     3    0.01    0.10    0.43   16.78 v accumulator._1744_/X (sky130_fd_sc_hd__a2111o_1)
                                         accumulator._0839_ (net)
                  0.10    0.00   16.78 v accumulator._1748_/A1 (sky130_fd_sc_hd__a2111o_1)
     2    0.01    0.07    0.41   17.20 v accumulator._1748_/X (sky130_fd_sc_hd__a2111o_1)
                                         accumulator._0843_ (net)
                  0.07    0.00   17.20 v accumulator._1751_/A1 (sky130_fd_sc_hd__a21o_1)
     2    0.01    0.06    0.20   17.39 v accumulator._1751_/X (sky130_fd_sc_hd__a21o_1)
                                         accumulator._0846_ (net)
                  0.06    0.00   17.39 v accumulator._1773_/A1 (sky130_fd_sc_hd__a21o_1)
     2    0.01    0.05    0.18   17.57 v accumulator._1773_/X (sky130_fd_sc_hd__a21o_1)
                                         accumulator._0868_ (net)
                  0.05    0.00   17.57 v accumulator._1798_/A1 (sky130_fd_sc_hd__a311o_1)
     2    0.01    0.08    0.30   17.87 v accumulator._1798_/X (sky130_fd_sc_hd__a311o_1)
                                         accumulator._0893_ (net)
                  0.08    0.00   17.87 v accumulator._1814_/A2 (sky130_fd_sc_hd__a21o_1)
     2    0.01    0.07    0.24   18.11 v accumulator._1814_/X (sky130_fd_sc_hd__a21o_1)
                                         accumulator._0909_ (net)
                  0.07    0.00   18.11 v accumulator._1821_/A2 (sky130_fd_sc_hd__a21o_1)
     3    0.01    0.06    0.23   18.33 v accumulator._1821_/X (sky130_fd_sc_hd__a21o_1)
                                         accumulator._0916_ (net)
                  0.06    0.00   18.33 v accumulator._1926_/A2 (sky130_fd_sc_hd__a21o_1)
     3    0.01    0.08    0.24   18.57 v accumulator._1926_/X (sky130_fd_sc_hd__a21o_1)
                                         accumulator._1021_ (net)
                  0.08    0.00   18.57 v accumulator._2045_/S (sky130_fd_sc_hd__mux2_4)
     4    0.01    0.07    0.35   18.92 v accumulator._2045_/X (sky130_fd_sc_hd__mux2_4)
                                         accumulator._1140_ (net)
                  0.07    0.00   18.92 v accumulator._2059_/B2 (sky130_fd_sc_hd__a221oi_2)
     1    0.00    0.18    0.24   19.17 ^ accumulator._2059_/Y (sky130_fd_sc_hd__a221oi_2)
                                         accumulator._1155_ (net)
                  0.18    0.00   19.17 ^ accumulator._2060_/A1 (sky130_fd_sc_hd__o21ai_1)
     1    0.00    0.09    0.11   19.28 v accumulator._2060_/Y (sky130_fd_sc_hd__o21ai_1)
                                         accumulator._1156_ (net)
                  0.09    0.00   19.28 v accumulator._2061_/A1 (sky130_fd_sc_hd__a21o_1)
     1    0.00    0.03    0.18   19.46 v accumulator._2061_/X (sky130_fd_sc_hd__a21o_1)
                                         accumulator._1157_ (net)
                  0.03    0.00   19.46 v accumulator._2062_/A1 (sky130_fd_sc_hd__a21o_1)
     1    0.00    0.04    0.16   19.61 v accumulator._2062_/X (sky130_fd_sc_hd__a21o_1)
                                         accumulator._1158_ (net)
                  0.04    0.00   19.61 v accumulator._2063_/A1 (sky130_fd_sc_hd__a21o_1)
     1    0.00    0.03    0.15   19.77 v accumulator._2063_/X (sky130_fd_sc_hd__a21o_1)
                                         accumulator._1159_ (net)
                  0.03    0.00   19.77 v accumulator._2064_/A1 (sky130_fd_sc_hd__a21o_1)
     1    0.00    0.04    0.16   19.92 v accumulator._2064_/X (sky130_fd_sc_hd__a21o_1)
                                         accumulator._1160_ (net)
                  0.04    0.00   19.92 v accumulator._2065_/A1 (sky130_fd_sc_hd__a21oi_1)
     1    0.00    0.13    0.14   20.07 ^ accumulator._2065_/Y (sky130_fd_sc_hd__a21oi_1)
                                         accumulator._1161_ (net)
                  0.13    0.00   20.07 ^ accumulator._2067_/A1 (sky130_fd_sc_hd__o21ai_1)
     1    0.00    0.06    0.09   20.16 v accumulator._2067_/Y (sky130_fd_sc_hd__o21ai_1)
                                         accumulator._1163_ (net)
                  0.06    0.00   20.16 v accumulator._2068_/A1 (sky130_fd_sc_hd__a21o_1)
     1    0.00    0.03    0.16   20.33 v accumulator._2068_/X (sky130_fd_sc_hd__a21o_1)
                                         accumulator._1164_ (net)
                  0.03    0.00   20.33 v accumulator._2069_/A1 (sky130_fd_sc_hd__a21o_1)
     1    0.01    0.04    0.16   20.49 v accumulator._2069_/X (sky130_fd_sc_hd__a21o_1)
                                         accumulator._1165_ (net)
                  0.04    0.00   20.49 v accumulator._2070_/A1 (sky130_fd_sc_hd__a211o_1)
     1    0.01    0.06    0.28   20.77 v accumulator._2070_/X (sky130_fd_sc_hd__a211o_1)
                                         accumulator._1167_ (net)
                  0.06    0.00   20.77 v accumulator._2073_/B2 (sky130_fd_sc_hd__a2bb2o_4)
     4    0.03    0.07    0.26   21.03 v accumulator._2073_/X (sky130_fd_sc_hd__a2bb2o_4)
                                         accumulator._1170_ (net)
                  0.07    0.00   21.03 v accumulator._2074_/A (sky130_fd_sc_hd__buf_8)
     6    0.04    0.04    0.15   21.18 v accumulator._2074_/X (sky130_fd_sc_hd__buf_8)
                                         accumulator._1171_ (net)
                  0.04    0.00   21.19 v clone45/A (sky130_fd_sc_hd__clkbuf_16)
     5    0.02    0.03    0.15   21.34 v clone45/X (sky130_fd_sc_hd__clkbuf_16)
                                         net103 (net)
                  0.03    0.00   21.34 v accumulator._2187_/S (sky130_fd_sc_hd__mux2_4)
     2    0.01    0.06    0.31   21.65 v accumulator._2187_/X (sky130_fd_sc_hd__mux2_4)
                                         accumulator._0141_ (net)
                  0.06    0.00   21.65 v accumulator._2209_/A0 (sky130_fd_sc_hd__mux2_4)
     2    0.01    0.06    0.29   21.94 v accumulator._2209_/X (sky130_fd_sc_hd__mux2_4)
                                         accumulator._0163_ (net)
                  0.06    0.00   21.94 v accumulator._2210_/A1 (sky130_fd_sc_hd__mux2_4)
     2    0.00    0.05    0.27   22.21 v accumulator._2210_/X (sky130_fd_sc_hd__mux2_4)
                                         accumulator._0165_ (net)
                  0.05    0.00   22.21 v accumulator._2272_/B2 (sky130_fd_sc_hd__a221o_1)
     1    0.00    0.06    0.34   22.55 v accumulator._2272_/X (sky130_fd_sc_hd__a221o_1)
                                         accumulator._0225_ (net)
                  0.06    0.00   22.55 v accumulator._2273_/A2 (sky130_fd_sc_hd__o21a_1)
     1    0.00    0.03    0.17   22.72 v accumulator._2273_/X (sky130_fd_sc_hd__o21a_1)
                                         accumulator._0023_ (net)
                  0.03    0.00   22.72 v accumulator._2378_/D (sky130_fd_sc_hd__dfxtp_1)
                                 22.72   data arrival time

                         25.00   25.00   clock clock (rise edge)
                          0.00   25.00   clock source latency
     1    0.01    0.07    0.05   25.05 ^ clock (in)
                                         clock (net)
                  0.07    0.00   25.05 ^ clkbuf_0_clock/A (sky130_fd_sc_hd__clkbuf_16)
     4    0.03    0.05    0.14   25.19 ^ clkbuf_0_clock/X (sky130_fd_sc_hd__clkbuf_16)
                                         clknet_0_clock (net)
                  0.05    0.00   25.19 ^ clkbuf_2_1__f_clock/A (sky130_fd_sc_hd__clkbuf_16)
     9    0.03    0.05    0.13   25.32 ^ clkbuf_2_1__f_clock/X (sky130_fd_sc_hd__clkbuf_16)
                                         clknet_2_1__leaf_clock (net)
                  0.05    0.00   25.32 ^ accumulator._2378_/CLK (sky130_fd_sc_hd__dfxtp_1)
                         -0.25   25.07   clock uncertainty
                          0.00   25.07   clock reconvergence pessimism
                         -0.10   24.96   library setup time
                                 24.96   data required time
-----------------------------------------------------------------------------
                                 24.96   data required time
                                -22.72   data arrival time
-----------------------------------------------------------------------------
                                  2.24   slack (MET)


Startpoint: io_inScaleA[7] (input port clocked by clock)
Endpoint: accumulator._2363_ (rising edge-triggered flip-flop clocked by clock)
Path Group: clock
Path Type: max

Fanout     Cap    Slew   Delay    Time   Description
-----------------------------------------------------------------------------
                          0.00    0.00   clock clock (rise edge)
                          0.00    0.00   clock network delay (propagated)
                          5.00    5.00 v input external delay
     1    0.01    0.01    0.01    5.01 v io_inScaleA[7] (in)
                                         io_inScaleA[7] (net)
                  0.01    0.00    5.01 v input16/A (sky130_fd_sc_hd__clkbuf_2)
     5    0.02    0.07    0.13    5.14 v input16/X (sky130_fd_sc_hd__clkbuf_2)
                                         net16 (net)
                  0.07    0.00    5.14 v scaleAdd._280_/A1 (sky130_fd_sc_hd__o31a_1)
     3    0.01    0.07    0.34    5.48 v scaleAdd._280_/X (sky130_fd_sc_hd__o31a_1)
                                         scaleAdd._222_ (net)
                  0.07    0.00    5.48 v scaleAdd._282_/A2 (sky130_fd_sc_hd__a21o_1)
     3    0.01    0.08    0.24    5.72 v scaleAdd._282_/X (sky130_fd_sc_hd__a21o_1)
                                         scaleAdd._224_ (net)
                  0.08    0.00    5.72 v scaleAdd._284_/A1 (sky130_fd_sc_hd__a21oi_4)
     3    0.02    0.16    0.19    5.91 ^ scaleAdd._284_/Y (sky130_fd_sc_hd__a21oi_4)
                                         scaleAdd._226_ (net)
                  0.16    0.00    5.91 ^ scaleAdd._287_/A (sky130_fd_sc_hd__xnor2_2)
     1    0.01    0.19    0.16    6.08 ^ scaleAdd._287_/Y (sky130_fd_sc_hd__xnor2_2)
                                         scaleAdd._229_ (net)
                  0.19    0.00    6.08 ^ scaleAdd._288_/A (sky130_fd_sc_hd__xnor2_2)
     3    0.02    0.10    0.14    6.22 v scaleAdd._288_/Y (sky130_fd_sc_hd__xnor2_2)
                                         scaleAdd._230_ (net)
                  0.10    0.00    6.22 v scaleAdd._346_/A2 (sky130_fd_sc_hd__a21o_1)
     1    0.01    0.05    0.22    6.44 v scaleAdd._346_/X (sky130_fd_sc_hd__a21o_1)
                                         scaleAdd._052_ (net)
                  0.05    0.00    6.44 v scaleAdd._348_/A2 (sky130_fd_sc_hd__a21o_4)
     2    0.03    0.06    0.26    6.70 v scaleAdd._348_/X (sky130_fd_sc_hd__a21o_4)
                                         scaleAdd._054_ (net)
                  0.06    0.00    6.70 v scaleAdd._349_/A (sky130_fd_sc_hd__xor2_4)
     5    0.01    0.08    0.20    6.90 v scaleAdd._349_/X (sky130_fd_sc_hd__xor2_4)
                                         scaleAdd._055_ (net)
                  0.08    0.00    6.90 v scaleAdd._351_/A1 (sky130_fd_sc_hd__a21o_1)
     2    0.01    0.05    0.19    7.09 v scaleAdd._351_/X (sky130_fd_sc_hd__a21o_1)
                                         scaleAdd._057_ (net)
                  0.05    0.00    7.09 v scaleAdd._353_/A (sky130_fd_sc_hd__and3_1)
     3    0.01    0.06    0.17    7.26 v scaleAdd._353_/X (sky130_fd_sc_hd__and3_1)
                                         scaleAdd._059_ (net)
                  0.06    0.00    7.26 v scaleAdd._355_/B (sky130_fd_sc_hd__or3_4)
     3    0.01    0.07    0.39    7.66 v scaleAdd._355_/X (sky130_fd_sc_hd__or3_4)
                                         scaleAdd._061_ (net)
                  0.07    0.00    7.66 v scaleAdd._359_/A1 (sky130_fd_sc_hd__a21o_1)
     2    0.01    0.05    0.18    7.84 v scaleAdd._359_/X (sky130_fd_sc_hd__a21o_1)
                                         scaleAdd._065_ (net)
                  0.05    0.00    7.84 v scaleAdd._383_/A2 (sky130_fd_sc_hd__a21o_1)
     2    0.01    0.04    0.19    8.03 v scaleAdd._383_/X (sky130_fd_sc_hd__a21o_1)
                                         scaleAdd._088_ (net)
                  0.04    0.00    8.03 v scaleAdd._399_/A1 (sky130_fd_sc_hd__a21o_1)
     2    0.01    0.07    0.19    8.22 v scaleAdd._399_/X (sky130_fd_sc_hd__a21o_1)
                                         scaleAdd._103_ (net)
                  0.07    0.00    8.22 v scaleAdd._417_/A1 (sky130_fd_sc_hd__a21bo_1)
     2    0.01    0.05    0.19    8.42 v scaleAdd._417_/X (sky130_fd_sc_hd__a21bo_1)
                                         scaleAdd._120_ (net)
                  0.05    0.00    8.42 v scaleAdd._432_/A1 (sky130_fd_sc_hd__a21o_1)
     2    0.01    0.05    0.18    8.60 v scaleAdd._432_/X (sky130_fd_sc_hd__a21o_1)
                                         scaleAdd._134_ (net)
                  0.05    0.00    8.60 v scaleAdd._444_/A1 (sky130_fd_sc_hd__a21o_1)
     2    0.01    0.05    0.18    8.78 v scaleAdd._444_/X (sky130_fd_sc_hd__a21o_1)
                                         scaleAdd._145_ (net)
                  0.05    0.00    8.78 v scaleAdd._447_/A1 (sky130_fd_sc_hd__a21o_1)
     2    0.00    0.04    0.17    8.95 v scaleAdd._447_/X (sky130_fd_sc_hd__a21o_1)
                                         scaleAdd._147_ (net)
                  0.04    0.00    8.95 v rebuffer19/A (sky130_fd_sc_hd__clkbuf_2)
     1    0.01    0.05    0.12    9.07 v rebuffer19/X (sky130_fd_sc_hd__clkbuf_2)
                                         net77 (net)
                  0.05    0.00    9.07 v scaleAdd._448_/A (sky130_fd_sc_hd__xor2_2)
     4    0.01    0.08    0.20    9.27 v scaleAdd._448_/X (sky130_fd_sc_hd__xor2_2)
                                         accumulator.io_inMant[14] (net)
                  0.08    0.00    9.27 v accumulator._1181_/A (sky130_fd_sc_hd__or4_4)
     1    0.01    0.09    0.58    9.85 v accumulator._1181_/X (sky130_fd_sc_hd__or4_4)
                                         accumulator._0045_ (net)
                  0.09    0.00    9.85 v accumulator._1182_/A (sky130_fd_sc_hd__buf_8)
     8    0.02    0.03    0.15   10.00 v accumulator._1182_/X (sky130_fd_sc_hd__buf_8)
                                         accumulator._0055_ (net)
                  0.03    0.00   10.00 v accumulator._1200_/A_N (sky130_fd_sc_hd__and2b_1)
     3    0.01    0.08    0.22   10.22 ^ accumulator._1200_/X (sky130_fd_sc_hd__and2b_1)
                                         accumulator._0232_ (net)
                  0.08    0.00   10.22 ^ accumulator._1201_/B1_N (sky130_fd_sc_hd__o21ba_4)
     3    0.01    0.04    0.17   10.39 v accumulator._1201_/X (sky130_fd_sc_hd__o21ba_4)
                                         accumulator._0241_ (net)
                  0.04    0.00   10.39 v accumulator._1202_/A (sky130_fd_sc_hd__and2_4)
     3    0.01    0.03    0.14   10.53 v accumulator._1202_/X (sky130_fd_sc_hd__and2_4)
                                         accumulator._0251_ (net)
                  0.03    0.00   10.53 v accumulator._1204_/B (sky130_fd_sc_hd__or2_4)
     3    0.01    0.05    0.24   10.78 v accumulator._1204_/X (sky130_fd_sc_hd__or2_4)
                                         accumulator._0271_ (net)
                  0.05    0.00   10.78 v accumulator._1205_/A (sky130_fd_sc_hd__inv_2)
     3    0.01    0.05    0.07   10.85 ^ accumulator._1205_/Y (sky130_fd_sc_hd__inv_2)
                                         accumulator._0281_ (net)
                  0.05    0.00   10.85 ^ accumulator._1218_/A1 (sky130_fd_sc_hd__a311o_1)
     3    0.01    0.12    0.21   11.06 ^ accumulator._1218_/X (sky130_fd_sc_hd__a311o_1)
                                         accumulator._0315_ (net)
                  0.12    0.00   11.06 ^ rebuffer25/A (sky130_fd_sc_hd__clkbuf_1)
     1    0.00    0.06    0.12   11.18 ^ rebuffer25/X (sky130_fd_sc_hd__clkbuf_1)
                                         net83 (net)
                  0.06    0.00   11.18 ^ rebuffer10/A (sky130_fd_sc_hd__clkbuf_2)
     1    0.00    0.03    0.10   11.28 ^ rebuffer10/X (sky130_fd_sc_hd__clkbuf_2)
                                         net68 (net)
                  0.03    0.00   11.28 ^ rebuffer8/A (sky130_fd_sc_hd__clkbuf_1)
     1    0.01    0.07    0.10   11.37 ^ rebuffer8/X (sky130_fd_sc_hd__clkbuf_1)
                                         net66 (net)
                  0.07    0.00   11.37 ^ accumulator._1219_/A (sky130_fd_sc_hd__nand3_2)
     2    0.01    0.08    0.07   11.45 v accumulator._1219_/Y (sky130_fd_sc_hd__nand3_2)
                                         accumulator._0316_ (net)
                  0.08    0.00   11.45 v accumulator._1228_/A2 (sky130_fd_sc_hd__a211o_1)
     2    0.01    0.07    0.34   11.79 v accumulator._1228_/X (sky130_fd_sc_hd__a211o_1)
                                         accumulator._0325_ (net)
                  0.07    0.00   11.79 v accumulator._1242_/A2 (sky130_fd_sc_hd__o22a_1)
     3    0.01    0.07    0.24   12.03 v accumulator._1242_/X (sky130_fd_sc_hd__o22a_1)
                                         accumulator._0339_ (net)
                  0.07    0.00   12.03 v accumulator._1243_/A (sky130_fd_sc_hd__buf_4)
    10    0.03    0.06    0.19   12.22 v accumulator._1243_/X (sky130_fd_sc_hd__buf_4)
                                         accumulator._0340_ (net)
                  0.06    0.00   12.22 v accumulator._1249_/B1 (sky130_fd_sc_hd__a21o_4)
     3    0.02    0.06    0.22   12.44 v accumulator._1249_/X (sky130_fd_sc_hd__a21o_4)
                                         accumulator._0346_ (net)
                  0.06    0.00   12.44 v accumulator._1250_/B (sky130_fd_sc_hd__xor2_4)
     3    0.03    0.10    0.19   12.64 v accumulator._1250_/X (sky130_fd_sc_hd__xor2_4)
                                         accumulator._0347_ (net)
                  0.10    0.00   12.64 v accumulator._1259_/A2 (sky130_fd_sc_hd__a21o_4)
     2    0.02    0.05    0.27   12.91 v accumulator._1259_/X (sky130_fd_sc_hd__a21o_4)
                                         accumulator._0356_ (net)
                  0.05    0.00   12.91 v accumulator._1264_/A2 (sky130_fd_sc_hd__a21o_1)
     2    0.01    0.04    0.20   13.10 v accumulator._1264_/X (sky130_fd_sc_hd__a21o_1)
                                         accumulator._0361_ (net)
                  0.04    0.00   13.10 v accumulator._1266_/A1 (sky130_fd_sc_hd__a21o_1)
     2    0.01    0.04    0.17   13.28 v accumulator._1266_/X (sky130_fd_sc_hd__a21o_1)
                                         accumulator._0363_ (net)
                  0.04    0.00   13.28 v accumulator._1272_/A1 (sky130_fd_sc_hd__a21o_1)
     2    0.02    0.10    0.23   13.50 v accumulator._1272_/X (sky130_fd_sc_hd__a21o_1)
                                         accumulator._0369_ (net)
                  0.10    0.00   13.50 v accumulator._1278_/A1 (sky130_fd_sc_hd__a21oi_4)
     3    0.02    0.17    0.21   13.71 ^ accumulator._1278_/Y (sky130_fd_sc_hd__a21oi_4)
                                         accumulator._0375_ (net)
                  0.17    0.00   13.71 ^ rebuffer21/A (sky130_fd_sc_hd__buf_6)
     2    0.02    0.05    0.15   13.86 ^ rebuffer21/X (sky130_fd_sc_hd__buf_6)
                                         net79 (net)
                  0.05    0.00   13.86 ^ accumulator._1289_/B (sky130_fd_sc_hd__xnor2_4)
     9    0.03    0.26    0.16   14.02 ^ accumulator._1289_/Y (sky130_fd_sc_hd__xnor2_4)
                                         accumulator._0386_ (net)
                  0.26    0.00   14.02 ^ accumulator._1330_/S (sky130_fd_sc_hd__mux2_4)
     6    0.02    0.07    0.38   14.40 v accumulator._1330_/X (sky130_fd_sc_hd__mux2_4)
                                         accumulator._0425_ (net)
                  0.07    0.00   14.40 v clone38/A (sky130_fd_sc_hd__buf_4)
     5    0.02    0.04    0.17   14.57 v clone38/X (sky130_fd_sc_hd__buf_4)
                                         net96 (net)
                  0.04    0.00   14.57 v accumulator._1526_/A1 (sky130_fd_sc_hd__a21o_1)
     2    0.01    0.05    0.18   14.75 v accumulator._1526_/X (sky130_fd_sc_hd__a21o_1)
                                         accumulator._0621_ (net)
                  0.05    0.00   14.75 v accumulator._1527_/A2 (sky130_fd_sc_hd__a21o_1)
     2    0.00    0.04    0.19   14.94 v accumulator._1527_/X (sky130_fd_sc_hd__a21o_1)
                                         accumulator._0622_ (net)
                  0.04    0.00   14.94 v accumulator._1528_/C (sky130_fd_sc_hd__and3_1)
     2    0.01    0.07    0.22   15.16 v accumulator._1528_/X (sky130_fd_sc_hd__and3_1)
                                         accumulator._0623_ (net)
                  0.07    0.00   15.16 v accumulator._1644_/A2 (sky130_fd_sc_hd__o311ai_4)
     3    0.01    0.29    0.34   15.50 ^ accumulator._1644_/Y (sky130_fd_sc_hd__o311ai_4)
                                         accumulator._0739_ (net)
                  0.29    0.00   15.50 ^ accumulator._1716_/A (sky130_fd_sc_hd__nand3_2)
     2    0.01    0.10    0.12   15.62 v accumulator._1716_/Y (sky130_fd_sc_hd__nand3_2)
                                         accumulator._0811_ (net)
                  0.10    0.00   15.62 v accumulator._1736_/A1 (sky130_fd_sc_hd__a2111o_4)
     5    0.02    0.09    0.52   16.14 v accumulator._1736_/X (sky130_fd_sc_hd__a2111o_4)
                                         accumulator._0831_ (net)
                  0.09    0.00   16.15 v accumulator._1738_/A1 (sky130_fd_sc_hd__a21o_1)
     3    0.01    0.06    0.21   16.35 v accumulator._1738_/X (sky130_fd_sc_hd__a21o_1)
                                         accumulator._0833_ (net)
                  0.06    0.00   16.35 v accumulator._1744_/A1 (sky130_fd_sc_hd__a2111o_1)
     3    0.01    0.10    0.43   16.78 v accumulator._1744_/X (sky130_fd_sc_hd__a2111o_1)
                                         accumulator._0839_ (net)
                  0.10    0.00   16.78 v accumulator._1748_/A1 (sky130_fd_sc_hd__a2111o_1)
     2    0.01    0.07    0.41   17.20 v accumulator._1748_/X (sky130_fd_sc_hd__a2111o_1)
                                         accumulator._0843_ (net)
                  0.07    0.00   17.20 v accumulator._1751_/A1 (sky130_fd_sc_hd__a21o_1)
     2    0.01    0.06    0.20   17.39 v accumulator._1751_/X (sky130_fd_sc_hd__a21o_1)
                                         accumulator._0846_ (net)
                  0.06    0.00   17.39 v accumulator._1773_/A1 (sky130_fd_sc_hd__a21o_1)
     2    0.01    0.05    0.18   17.57 v accumulator._1773_/X (sky130_fd_sc_hd__a21o_1)
                                         accumulator._0868_ (net)
                  0.05    0.00   17.57 v accumulator._1798_/A1 (sky130_fd_sc_hd__a311o_1)
     2    0.01    0.08    0.30   17.87 v accumulator._1798_/X (sky130_fd_sc_hd__a311o_1)
                                         accumulator._0893_ (net)
                  0.08    0.00   17.87 v accumulator._1814_/A2 (sky130_fd_sc_hd__a21o_1)
     2    0.01    0.07    0.24   18.11 v accumulator._1814_/X (sky130_fd_sc_hd__a21o_1)
                                         accumulator._0909_ (net)
                  0.07    0.00   18.11 v accumulator._1821_/A2 (sky130_fd_sc_hd__a21o_1)
     3    0.01    0.06    0.23   18.33 v accumulator._1821_/X (sky130_fd_sc_hd__a21o_1)
                                         accumulator._0916_ (net)
                  0.06    0.00   18.33 v accumulator._1926_/A2 (sky130_fd_sc_hd__a21o_1)
     3    0.01    0.08    0.24   18.57 v accumulator._1926_/X (sky130_fd_sc_hd__a21o_1)
                                         accumulator._1021_ (net)
                  0.08    0.00   18.57 v accumulator._2045_/S (sky130_fd_sc_hd__mux2_4)
     4    0.01    0.07    0.35   18.92 v accumulator._2045_/X (sky130_fd_sc_hd__mux2_4)
                                         accumulator._1140_ (net)
                  0.07    0.00   18.92 v accumulator._2059_/B2 (sky130_fd_sc_hd__a221oi_2)
     1    0.00    0.18    0.24   19.17 ^ accumulator._2059_/Y (sky130_fd_sc_hd__a221oi_2)
                                         accumulator._1155_ (net)
                  0.18    0.00   19.17 ^ accumulator._2060_/A1 (sky130_fd_sc_hd__o21ai_1)
     1    0.00    0.09    0.11   19.28 v accumulator._2060_/Y (sky130_fd_sc_hd__o21ai_1)
                                         accumulator._1156_ (net)
                  0.09    0.00   19.28 v accumulator._2061_/A1 (sky130_fd_sc_hd__a21o_1)
     1    0.00    0.03    0.18   19.46 v accumulator._2061_/X (sky130_fd_sc_hd__a21o_1)
                                         accumulator._1157_ (net)
                  0.03    0.00   19.46 v accumulator._2062_/A1 (sky130_fd_sc_hd__a21o_1)
     1    0.00    0.04    0.16   19.61 v accumulator._2062_/X (sky130_fd_sc_hd__a21o_1)
                                         accumulator._1158_ (net)
                  0.04    0.00   19.61 v accumulator._2063_/A1 (sky130_fd_sc_hd__a21o_1)
     1    0.00    0.03    0.15   19.77 v accumulator._2063_/X (sky130_fd_sc_hd__a21o_1)
                                         accumulator._1159_ (net)
                  0.03    0.00   19.77 v accumulator._2064_/A1 (sky130_fd_sc_hd__a21o_1)
     1    0.00    0.04    0.16   19.92 v accumulator._2064_/X (sky130_fd_sc_hd__a21o_1)
                                         accumulator._1160_ (net)
                  0.04    0.00   19.92 v accumulator._2065_/A1 (sky130_fd_sc_hd__a21oi_1)
     1    0.00    0.13    0.14   20.07 ^ accumulator._2065_/Y (sky130_fd_sc_hd__a21oi_1)
                                         accumulator._1161_ (net)
                  0.13    0.00   20.07 ^ accumulator._2067_/A1 (sky130_fd_sc_hd__o21ai_1)
     1    0.00    0.06    0.09   20.16 v accumulator._2067_/Y (sky130_fd_sc_hd__o21ai_1)
                                         accumulator._1163_ (net)
                  0.06    0.00   20.16 v accumulator._2068_/A1 (sky130_fd_sc_hd__a21o_1)
     1    0.00    0.03    0.16   20.33 v accumulator._2068_/X (sky130_fd_sc_hd__a21o_1)
                                         accumulator._1164_ (net)
                  0.03    0.00   20.33 v accumulator._2069_/A1 (sky130_fd_sc_hd__a21o_1)
     1    0.01    0.04    0.16   20.49 v accumulator._2069_/X (sky130_fd_sc_hd__a21o_1)
                                         accumulator._1165_ (net)
                  0.04    0.00   20.49 v accumulator._2070_/A1 (sky130_fd_sc_hd__a211o_1)
     1    0.01    0.06    0.28   20.77 v accumulator._2070_/X (sky130_fd_sc_hd__a211o_1)
                                         accumulator._1167_ (net)
                  0.06    0.00   20.77 v accumulator._2073_/B2 (sky130_fd_sc_hd__a2bb2o_4)
     4    0.03    0.07    0.26   21.03 v accumulator._2073_/X (sky130_fd_sc_hd__a2bb2o_4)
                                         accumulator._1170_ (net)
                  0.07    0.00   21.03 v clone42/A (sky130_fd_sc_hd__clkbuf_16)
     5    0.02    0.04    0.17   21.20 v clone42/X (sky130_fd_sc_hd__clkbuf_16)
                                         net100 (net)
                  0.04    0.00   21.20 v accumulator._2077_/S (sky130_fd_sc_hd__mux2_2)
     2    0.01    0.06    0.29   21.49 v accumulator._2077_/X (sky130_fd_sc_hd__mux2_2)
                                         accumulator._1174_ (net)
                  0.06    0.00   21.49 v accumulator._2111_/A0 (sky130_fd_sc_hd__mux2_4)
     2    0.01    0.06    0.29   21.79 v accumulator._2111_/X (sky130_fd_sc_hd__mux2_4)
                                         accumulator._0067_ (net)
                  0.06    0.00   21.79 v accumulator._2147_/A0 (sky130_fd_sc_hd__mux2_4)
     2    0.01    0.05    0.29   22.08 v accumulator._2147_/X (sky130_fd_sc_hd__mux2_4)
                                         accumulator._0102_ (net)
                  0.05    0.00   22.08 v accumulator._2149_/A0 (sky130_fd_sc_hd__mux2_4)
     2    0.01    0.05    0.29   22.37 v accumulator._2149_/X (sky130_fd_sc_hd__mux2_4)
                                         accumulator._0104_ (net)
                  0.05    0.00   22.37 v accumulator._2150_/B2 (sky130_fd_sc_hd__o2bb2a_1)
     1    0.00    0.06    0.30   22.67 v accumulator._2150_/X (sky130_fd_sc_hd__o2bb2a_1)
                                         accumulator._0106_ (net)
                  0.06    0.00   22.67 v accumulator._2151_/B (sky130_fd_sc_hd__nor2_1)
     1    0.00    0.07    0.08   22.75 ^ accumulator._2151_/Y (sky130_fd_sc_hd__nor2_1)
                                         accumulator._0008_ (net)
                  0.07    0.00   22.75 ^ accumulator._2363_/D (sky130_fd_sc_hd__dfxtp_2)
                                 22.75   data arrival time

                         25.00   25.00   clock clock (rise edge)
                          0.00   25.00   clock source latency
     1    0.01    0.07    0.05   25.05 ^ clock (in)
                                         clock (net)
                  0.07    0.00   25.05 ^ clkbuf_0_clock/A (sky130_fd_sc_hd__clkbuf_16)
     4    0.03    0.05    0.14   25.19 ^ clkbuf_0_clock/X (sky130_fd_sc_hd__clkbuf_16)
                                         clknet_0_clock (net)
                  0.05    0.00   25.19 ^ clkbuf_2_0__f_clock/A (sky130_fd_sc_hd__clkbuf_16)
    11    0.03    0.05    0.13   25.32 ^ clkbuf_2_0__f_clock/X (sky130_fd_sc_hd__clkbuf_16)
                                         clknet_2_0__leaf_clock (net)
                  0.05    0.00   25.32 ^ accumulator._2363_/CLK (sky130_fd_sc_hd__dfxtp_2)
                         -0.25   25.07   clock uncertainty
                          0.00   25.07   clock reconvergence pessimism
                         -0.06   25.01   library setup time
                                 25.01   data required time
-----------------------------------------------------------------------------
                                 25.01   data required time
                                -22.75   data arrival time
-----------------------------------------------------------------------------
                                  2.26   slack (MET)


Startpoint: io_inScaleA[7] (input port clocked by clock)
Endpoint: accumulator._2387_ (rising edge-triggered flip-flop clocked by clock)
Path Group: clock
Path Type: max

Fanout     Cap    Slew   Delay    Time   Description
-----------------------------------------------------------------------------
                          0.00    0.00   clock clock (rise edge)
                          0.00    0.00   clock network delay (propagated)
                          5.00    5.00 v input external delay
     1    0.01    0.01    0.01    5.01 v io_inScaleA[7] (in)
                                         io_inScaleA[7] (net)
                  0.01    0.00    5.01 v input16/A (sky130_fd_sc_hd__clkbuf_2)
     5    0.02    0.07    0.13    5.14 v input16/X (sky130_fd_sc_hd__clkbuf_2)
                                         net16 (net)
                  0.07    0.00    5.14 v scaleAdd._280_/A1 (sky130_fd_sc_hd__o31a_1)
     3    0.01    0.07    0.34    5.48 v scaleAdd._280_/X (sky130_fd_sc_hd__o31a_1)
                                         scaleAdd._222_ (net)
                  0.07    0.00    5.48 v scaleAdd._282_/A2 (sky130_fd_sc_hd__a21o_1)
     3    0.01    0.08    0.24    5.72 v scaleAdd._282_/X (sky130_fd_sc_hd__a21o_1)
                                         scaleAdd._224_ (net)
                  0.08    0.00    5.72 v scaleAdd._284_/A1 (sky130_fd_sc_hd__a21oi_4)
     3    0.02    0.16    0.19    5.91 ^ scaleAdd._284_/Y (sky130_fd_sc_hd__a21oi_4)
                                         scaleAdd._226_ (net)
                  0.16    0.00    5.91 ^ scaleAdd._287_/A (sky130_fd_sc_hd__xnor2_2)
     1    0.01    0.19    0.16    6.08 ^ scaleAdd._287_/Y (sky130_fd_sc_hd__xnor2_2)
                                         scaleAdd._229_ (net)
                  0.19    0.00    6.08 ^ scaleAdd._288_/A (sky130_fd_sc_hd__xnor2_2)
     3    0.02    0.10    0.14    6.22 v scaleAdd._288_/Y (sky130_fd_sc_hd__xnor2_2)
                                         scaleAdd._230_ (net)
                  0.10    0.00    6.22 v scaleAdd._346_/A2 (sky130_fd_sc_hd__a21o_1)
     1    0.01    0.05    0.22    6.44 v scaleAdd._346_/X (sky130_fd_sc_hd__a21o_1)
                                         scaleAdd._052_ (net)
                  0.05    0.00    6.44 v scaleAdd._348_/A2 (sky130_fd_sc_hd__a21o_4)
     2    0.03    0.06    0.26    6.70 v scaleAdd._348_/X (sky130_fd_sc_hd__a21o_4)
                                         scaleAdd._054_ (net)
                  0.06    0.00    6.70 v scaleAdd._349_/A (sky130_fd_sc_hd__xor2_4)
     5    0.01    0.08    0.20    6.90 v scaleAdd._349_/X (sky130_fd_sc_hd__xor2_4)
                                         scaleAdd._055_ (net)
                  0.08    0.00    6.90 v scaleAdd._351_/A1 (sky130_fd_sc_hd__a21o_1)
     2    0.01    0.05    0.19    7.09 v scaleAdd._351_/X (sky130_fd_sc_hd__a21o_1)
                                         scaleAdd._057_ (net)
                  0.05    0.00    7.09 v scaleAdd._353_/A (sky130_fd_sc_hd__and3_1)
     3    0.01    0.06    0.17    7.26 v scaleAdd._353_/X (sky130_fd_sc_hd__and3_1)
                                         scaleAdd._059_ (net)
                  0.06    0.00    7.26 v scaleAdd._355_/B (sky130_fd_sc_hd__or3_4)
     3    0.01    0.07    0.39    7.66 v scaleAdd._355_/X (sky130_fd_sc_hd__or3_4)
                                         scaleAdd._061_ (net)
                  0.07    0.00    7.66 v scaleAdd._359_/A1 (sky130_fd_sc_hd__a21o_1)
     2    0.01    0.05    0.18    7.84 v scaleAdd._359_/X (sky130_fd_sc_hd__a21o_1)
                                         scaleAdd._065_ (net)
                  0.05    0.00    7.84 v scaleAdd._383_/A2 (sky130_fd_sc_hd__a21o_1)
     2    0.01    0.04    0.19    8.03 v scaleAdd._383_/X (sky130_fd_sc_hd__a21o_1)
                                         scaleAdd._088_ (net)
                  0.04    0.00    8.03 v scaleAdd._399_/A1 (sky130_fd_sc_hd__a21o_1)
     2    0.01    0.07    0.19    8.22 v scaleAdd._399_/X (sky130_fd_sc_hd__a21o_1)
                                         scaleAdd._103_ (net)
                  0.07    0.00    8.22 v scaleAdd._417_/A1 (sky130_fd_sc_hd__a21bo_1)
     2    0.01    0.05    0.19    8.42 v scaleAdd._417_/X (sky130_fd_sc_hd__a21bo_1)
                                         scaleAdd._120_ (net)
                  0.05    0.00    8.42 v scaleAdd._432_/A1 (sky130_fd_sc_hd__a21o_1)
     2    0.01    0.05    0.18    8.60 v scaleAdd._432_/X (sky130_fd_sc_hd__a21o_1)
                                         scaleAdd._134_ (net)
                  0.05    0.00    8.60 v scaleAdd._444_/A1 (sky130_fd_sc_hd__a21o_1)
     2    0.01    0.05    0.18    8.78 v scaleAdd._444_/X (sky130_fd_sc_hd__a21o_1)
                                         scaleAdd._145_ (net)
                  0.05    0.00    8.78 v scaleAdd._447_/A1 (sky130_fd_sc_hd__a21o_1)
     2    0.00    0.04    0.17    8.95 v scaleAdd._447_/X (sky130_fd_sc_hd__a21o_1)
                                         scaleAdd._147_ (net)
                  0.04    0.00    8.95 v rebuffer19/A (sky130_fd_sc_hd__clkbuf_2)
     1    0.01    0.05    0.12    9.07 v rebuffer19/X (sky130_fd_sc_hd__clkbuf_2)
                                         net77 (net)
                  0.05    0.00    9.07 v scaleAdd._448_/A (sky130_fd_sc_hd__xor2_2)
     4    0.01    0.08    0.20    9.27 v scaleAdd._448_/X (sky130_fd_sc_hd__xor2_2)
                                         accumulator.io_inMant[14] (net)
                  0.08    0.00    9.27 v accumulator._1181_/A (sky130_fd_sc_hd__or4_4)
     1    0.01    0.09    0.58    9.85 v accumulator._1181_/X (sky130_fd_sc_hd__or4_4)
                                         accumulator._0045_ (net)
                  0.09    0.00    9.85 v accumulator._1182_/A (sky130_fd_sc_hd__buf_8)
     8    0.02    0.03    0.15   10.00 v accumulator._1182_/X (sky130_fd_sc_hd__buf_8)
                                         accumulator._0055_ (net)
                  0.03    0.00   10.00 v accumulator._1200_/A_N (sky130_fd_sc_hd__and2b_1)
     3    0.01    0.08    0.22   10.22 ^ accumulator._1200_/X (sky130_fd_sc_hd__and2b_1)
                                         accumulator._0232_ (net)
                  0.08    0.00   10.22 ^ accumulator._1201_/B1_N (sky130_fd_sc_hd__o21ba_4)
     3    0.01    0.04    0.17   10.39 v accumulator._1201_/X (sky130_fd_sc_hd__o21ba_4)
                                         accumulator._0241_ (net)
                  0.04    0.00   10.39 v accumulator._1202_/A (sky130_fd_sc_hd__and2_4)
     3    0.01    0.03    0.14   10.53 v accumulator._1202_/X (sky130_fd_sc_hd__and2_4)
                                         accumulator._0251_ (net)
                  0.03    0.00   10.53 v accumulator._1204_/B (sky130_fd_sc_hd__or2_4)
     3    0.01    0.05    0.24   10.78 v accumulator._1204_/X (sky130_fd_sc_hd__or2_4)
                                         accumulator._0271_ (net)
                  0.05    0.00   10.78 v accumulator._1205_/A (sky130_fd_sc_hd__inv_2)
     3    0.01    0.05    0.07   10.85 ^ accumulator._1205_/Y (sky130_fd_sc_hd__inv_2)
                                         accumulator._0281_ (net)
                  0.05    0.00   10.85 ^ accumulator._1218_/A1 (sky130_fd_sc_hd__a311o_1)
     3    0.01    0.12    0.21   11.06 ^ accumulator._1218_/X (sky130_fd_sc_hd__a311o_1)
                                         accumulator._0315_ (net)
                  0.12    0.00   11.06 ^ rebuffer25/A (sky130_fd_sc_hd__clkbuf_1)
     1    0.00    0.06    0.12   11.18 ^ rebuffer25/X (sky130_fd_sc_hd__clkbuf_1)
                                         net83 (net)
                  0.06    0.00   11.18 ^ rebuffer10/A (sky130_fd_sc_hd__clkbuf_2)
     1    0.00    0.03    0.10   11.28 ^ rebuffer10/X (sky130_fd_sc_hd__clkbuf_2)
                                         net68 (net)
                  0.03    0.00   11.28 ^ rebuffer8/A (sky130_fd_sc_hd__clkbuf_1)
     1    0.01    0.07    0.10   11.37 ^ rebuffer8/X (sky130_fd_sc_hd__clkbuf_1)
                                         net66 (net)
                  0.07    0.00   11.37 ^ accumulator._1219_/A (sky130_fd_sc_hd__nand3_2)
     2    0.01    0.08    0.07   11.45 v accumulator._1219_/Y (sky130_fd_sc_hd__nand3_2)
                                         accumulator._0316_ (net)
                  0.08    0.00   11.45 v accumulator._1228_/A2 (sky130_fd_sc_hd__a211o_1)
     2    0.01    0.07    0.34   11.79 v accumulator._1228_/X (sky130_fd_sc_hd__a211o_1)
                                         accumulator._0325_ (net)
                  0.07    0.00   11.79 v accumulator._1242_/A2 (sky130_fd_sc_hd__o22a_1)
     3    0.01    0.07    0.24   12.03 v accumulator._1242_/X (sky130_fd_sc_hd__o22a_1)
                                         accumulator._0339_ (net)
                  0.07    0.00   12.03 v accumulator._1243_/A (sky130_fd_sc_hd__buf_4)
    10    0.03    0.06    0.19   12.22 v accumulator._1243_/X (sky130_fd_sc_hd__buf_4)
                                         accumulator._0340_ (net)
                  0.06    0.00   12.22 v accumulator._1249_/B1 (sky130_fd_sc_hd__a21o_4)
     3    0.02    0.06    0.22   12.44 v accumulator._1249_/X (sky130_fd_sc_hd__a21o_4)
                                         accumulator._0346_ (net)
                  0.06    0.00   12.44 v accumulator._1250_/B (sky130_fd_sc_hd__xor2_4)
     3    0.03    0.10    0.19   12.64 v accumulator._1250_/X (sky130_fd_sc_hd__xor2_4)
                                         accumulator._0347_ (net)
                  0.10    0.00   12.64 v accumulator._1259_/A2 (sky130_fd_sc_hd__a21o_4)
     2    0.02    0.05    0.27   12.91 v accumulator._1259_/X (sky130_fd_sc_hd__a21o_4)
                                         accumulator._0356_ (net)
                  0.05    0.00   12.91 v accumulator._1264_/A2 (sky130_fd_sc_hd__a21o_1)
     2    0.01    0.04    0.20   13.10 v accumulator._1264_/X (sky130_fd_sc_hd__a21o_1)
                                         accumulator._0361_ (net)
                  0.04    0.00   13.10 v accumulator._1266_/A1 (sky130_fd_sc_hd__a21o_1)
     2    0.01    0.04    0.17   13.28 v accumulator._1266_/X (sky130_fd_sc_hd__a21o_1)
                                         accumulator._0363_ (net)
                  0.04    0.00   13.28 v accumulator._1272_/A1 (sky130_fd_sc_hd__a21o_1)
     2    0.02    0.10    0.23   13.50 v accumulator._1272_/X (sky130_fd_sc_hd__a21o_1)
                                         accumulator._0369_ (net)
                  0.10    0.00   13.50 v accumulator._1278_/A1 (sky130_fd_sc_hd__a21oi_4)
     3    0.02    0.17    0.21   13.71 ^ accumulator._1278_/Y (sky130_fd_sc_hd__a21oi_4)
                                         accumulator._0375_ (net)
                  0.17    0.00   13.71 ^ rebuffer21/A (sky130_fd_sc_hd__buf_6)
     2    0.02    0.05    0.15   13.86 ^ rebuffer21/X (sky130_fd_sc_hd__buf_6)
                                         net79 (net)
                  0.05    0.00   13.86 ^ accumulator._1289_/B (sky130_fd_sc_hd__xnor2_4)
     9    0.03    0.26    0.16   14.02 ^ accumulator._1289_/Y (sky130_fd_sc_hd__xnor2_4)
                                         accumulator._0386_ (net)
                  0.26    0.00   14.02 ^ accumulator._1330_/S (sky130_fd_sc_hd__mux2_4)
     6    0.02    0.07    0.38   14.40 v accumulator._1330_/X (sky130_fd_sc_hd__mux2_4)
                                         accumulator._0425_ (net)
                  0.07    0.00   14.40 v clone38/A (sky130_fd_sc_hd__buf_4)
     5    0.02    0.04    0.17   14.57 v clone38/X (sky130_fd_sc_hd__buf_4)
                                         net96 (net)
                  0.04    0.00   14.57 v accumulator._1526_/A1 (sky130_fd_sc_hd__a21o_1)
     2    0.01    0.05    0.18   14.75 v accumulator._1526_/X (sky130_fd_sc_hd__a21o_1)
                                         accumulator._0621_ (net)
                  0.05    0.00   14.75 v accumulator._1527_/A2 (sky130_fd_sc_hd__a21o_1)
     2    0.00    0.04    0.19   14.94 v accumulator._1527_/X (sky130_fd_sc_hd__a21o_1)
                                         accumulator._0622_ (net)
                  0.04    0.00   14.94 v accumulator._1528_/C (sky130_fd_sc_hd__and3_1)
     2    0.01    0.07    0.22   15.16 v accumulator._1528_/X (sky130_fd_sc_hd__and3_1)
                                         accumulator._0623_ (net)
                  0.07    0.00   15.16 v accumulator._1644_/A2 (sky130_fd_sc_hd__o311ai_4)
     3    0.01    0.29    0.34   15.50 ^ accumulator._1644_/Y (sky130_fd_sc_hd__o311ai_4)
                                         accumulator._0739_ (net)
                  0.29    0.00   15.50 ^ accumulator._1716_/A (sky130_fd_sc_hd__nand3_2)
     2    0.01    0.10    0.12   15.62 v accumulator._1716_/Y (sky130_fd_sc_hd__nand3_2)
                                         accumulator._0811_ (net)
                  0.10    0.00   15.62 v accumulator._1736_/A1 (sky130_fd_sc_hd__a2111o_4)
     5    0.02    0.09    0.52   16.14 v accumulator._1736_/X (sky130_fd_sc_hd__a2111o_4)
                                         accumulator._0831_ (net)
                  0.09    0.00   16.15 v accumulator._1738_/A1 (sky130_fd_sc_hd__a21o_1)
     3    0.01    0.06    0.21   16.35 v accumulator._1738_/X (sky130_fd_sc_hd__a21o_1)
                                         accumulator._0833_ (net)
                  0.06    0.00   16.35 v accumulator._1744_/A1 (sky130_fd_sc_hd__a2111o_1)
     3    0.01    0.10    0.43   16.78 v accumulator._1744_/X (sky130_fd_sc_hd__a2111o_1)
                                         accumulator._0839_ (net)
                  0.10    0.00   16.78 v accumulator._1748_/A1 (sky130_fd_sc_hd__a2111o_1)
     2    0.01    0.07    0.41   17.20 v accumulator._1748_/X (sky130_fd_sc_hd__a2111o_1)
                                         accumulator._0843_ (net)
                  0.07    0.00   17.20 v accumulator._1751_/A1 (sky130_fd_sc_hd__a21o_1)
     2    0.01    0.06    0.20   17.39 v accumulator._1751_/X (sky130_fd_sc_hd__a21o_1)
                                         accumulator._0846_ (net)
                  0.06    0.00   17.39 v accumulator._1752_/B (sky130_fd_sc_hd__and2_4)
     2    0.01    0.03    0.17   17.56 v accumulator._1752_/X (sky130_fd_sc_hd__and2_4)
                                         accumulator._0847_ (net)
                  0.03    0.00   17.56 v accumulator._1753_/A (sky130_fd_sc_hd__or2_4)
     2    0.01    0.05    0.25   17.81 v accumulator._1753_/X (sky130_fd_sc_hd__or2_4)
                                         accumulator._0848_ (net)
                  0.05    0.00   17.81 v accumulator._1917_/A2 (sky130_fd_sc_hd__o21a_1)
     2    0.01    0.05    0.19   18.00 v accumulator._1917_/X (sky130_fd_sc_hd__o21a_1)
                                         accumulator._1012_ (net)
                  0.05    0.00   18.01 v accumulator._1923_/A2 (sky130_fd_sc_hd__o21ba_1)
     1    0.00    0.04    0.18   18.18 v accumulator._1923_/X (sky130_fd_sc_hd__o21ba_1)
                                         accumulator._1018_ (net)
                  0.04    0.00   18.18 v accumulator._1924_/A1 (sky130_fd_sc_hd__mux2_4)
     1    0.02    0.07    0.30   18.49 v accumulator._1924_/X (sky130_fd_sc_hd__mux2_4)
                                         accumulator._1019_ (net)
                  0.07    0.00   18.49 v accumulator._1925_/A (sky130_fd_sc_hd__xor2_4)
     2    0.02    0.07    0.21   18.70 v accumulator._1925_/X (sky130_fd_sc_hd__xor2_4)
                                         accumulator._1020_ (net)
                  0.07    0.00   18.70 v accumulator._1949_/C (sky130_fd_sc_hd__or4b_4)
     2    0.01    0.09    0.51   19.21 v accumulator._1949_/X (sky130_fd_sc_hd__or4b_4)
                                         accumulator._1044_ (net)
                  0.09    0.00   19.21 v accumulator._1953_/A_N (sky130_fd_sc_hd__and2b_1)
     2    0.01    0.09    0.25   19.46 ^ accumulator._1953_/X (sky130_fd_sc_hd__and2b_1)
                                         accumulator._1048_ (net)
                  0.09    0.00   19.46 ^ accumulator._1963_/A (sky130_fd_sc_hd__nand2_2)
     2    0.01    0.08    0.08   19.55 v accumulator._1963_/Y (sky130_fd_sc_hd__nand2_2)
                                         accumulator._1058_ (net)
                  0.08    0.00   19.55 v accumulator._1968_/B (sky130_fd_sc_hd__nor2_4)
     3    0.01    0.10    0.12   19.67 ^ accumulator._1968_/Y (sky130_fd_sc_hd__nor2_4)
                                         accumulator._1063_ (net)
                  0.10    0.00   19.67 ^ accumulator._1987_/A2 (sky130_fd_sc_hd__a21o_1)
     1    0.02    0.17    0.23   19.89 ^ accumulator._1987_/X (sky130_fd_sc_hd__a21o_1)
                                         accumulator._1082_ (net)
                  0.17    0.00   19.89 ^ accumulator._1988_/A (sky130_fd_sc_hd__xor2_4)
     4    0.02    0.17    0.22   20.11 ^ accumulator._1988_/X (sky130_fd_sc_hd__xor2_4)
                                         accumulator._1083_ (net)
                  0.17    0.00   20.11 ^ accumulator._1989_/A (sky130_fd_sc_hd__inv_2)
     2    0.01    0.04    0.06   20.17 v accumulator._1989_/Y (sky130_fd_sc_hd__inv_2)
                                         accumulator._1084_ (net)
                  0.04    0.00   20.17 v accumulator._1996_/B (sky130_fd_sc_hd__or3_4)
     2    0.01    0.07    0.38   20.55 v accumulator._1996_/X (sky130_fd_sc_hd__or3_4)
                                         accumulator._1091_ (net)
                  0.07    0.00   20.55 v accumulator._1997_/B (sky130_fd_sc_hd__or2_4)
     6    0.03    0.08    0.29   20.84 v accumulator._1997_/X (sky130_fd_sc_hd__or2_4)
                                         accumulator._1092_ (net)
                  0.08    0.00   20.84 v accumulator._2025_/B1 (sky130_fd_sc_hd__a21oi_2)
     5    0.02    0.27    0.26   21.10 ^ accumulator._2025_/Y (sky130_fd_sc_hd__a21oi_2)
                                         accumulator._1120_ (net)
                  0.27    0.00   21.10 ^ accumulator._2305_/A (sky130_fd_sc_hd__xor2_1)
     2    0.01    0.19    0.25   21.35 ^ accumulator._2305_/X (sky130_fd_sc_hd__xor2_1)
                                         accumulator._0256_ (net)
                  0.19    0.00   21.35 ^ accumulator._2306_/B (sky130_fd_sc_hd__xor2_1)
     2    0.01    0.21    0.25   21.60 ^ accumulator._2306_/X (sky130_fd_sc_hd__xor2_1)
                                         accumulator._0257_ (net)
                  0.21    0.00   21.60 ^ accumulator._2310_/B (sky130_fd_sc_hd__nand2_2)
     3    0.01    0.06    0.10   21.69 v accumulator._2310_/Y (sky130_fd_sc_hd__nand2_2)
                                         accumulator._0262_ (net)
                  0.06    0.00   21.69 v accumulator._2322_/A2 (sky130_fd_sc_hd__a21o_1)
     5    0.02    0.09    0.25   21.94 v accumulator._2322_/X (sky130_fd_sc_hd__a21o_1)
                                         accumulator._0274_ (net)
                  0.09    0.00   21.94 v accumulator._2344_/A1 (sky130_fd_sc_hd__a311o_1)
     2    0.01    0.07    0.31   22.25 v accumulator._2344_/X (sky130_fd_sc_hd__a311o_1)
                                         accumulator._0295_ (net)
                  0.07    0.00   22.25 v accumulator._2349_/A (sky130_fd_sc_hd__and3_1)
     1    0.00    0.04    0.16   22.41 v accumulator._2349_/X (sky130_fd_sc_hd__and3_1)
                                         accumulator._0300_ (net)
                  0.04    0.00   22.41 v accumulator._2352_/A2 (sky130_fd_sc_hd__o31a_1)
     1    0.00    0.04    0.28   22.69 v accumulator._2352_/X (sky130_fd_sc_hd__o31a_1)
                                         accumulator._0032_ (net)
                  0.04    0.00   22.69 v accumulator._2387_/D (sky130_fd_sc_hd__dfxtp_2)
                                 22.69   data arrival time

                         25.00   25.00   clock clock (rise edge)
                          0.00   25.00   clock source latency
     1    0.01    0.07    0.05   25.05 ^ clock (in)
                                         clock (net)
                  0.07    0.00   25.05 ^ clkbuf_0_clock/A (sky130_fd_sc_hd__clkbuf_16)
     4    0.03    0.05    0.14   25.19 ^ clkbuf_0_clock/X (sky130_fd_sc_hd__clkbuf_16)
                                         clknet_0_clock (net)
                  0.05    0.00   25.19 ^ clkbuf_2_2__f_clock/A (sky130_fd_sc_hd__clkbuf_16)
     7    0.03    0.05    0.13   25.31 ^ clkbuf_2_2__f_clock/X (sky130_fd_sc_hd__clkbuf_16)
                                         clknet_2_2__leaf_clock (net)
                  0.05    0.00   25.32 ^ accumulator._2387_/CLK (sky130_fd_sc_hd__dfxtp_2)
                         -0.25   25.07   clock uncertainty
                          0.00   25.07   clock reconvergence pessimism
                         -0.11   24.95   library setup time
                                 24.95   data required time
-----------------------------------------------------------------------------
                                 24.95   data required time
                                -22.69   data arrival time
-----------------------------------------------------------------------------
                                  2.27   slack (MET)


Startpoint: io_inScaleA[7] (input port clocked by clock)
Endpoint: accumulator._2379_ (rising edge-triggered flip-flop clocked by clock)
Path Group: clock
Path Type: max

Fanout     Cap    Slew   Delay    Time   Description
-----------------------------------------------------------------------------
                          0.00    0.00   clock clock (rise edge)
                          0.00    0.00   clock network delay (propagated)
                          5.00    5.00 v input external delay
     1    0.01    0.01    0.01    5.01 v io_inScaleA[7] (in)
                                         io_inScaleA[7] (net)
                  0.01    0.00    5.01 v input16/A (sky130_fd_sc_hd__clkbuf_2)
     5    0.02    0.07    0.13    5.14 v input16/X (sky130_fd_sc_hd__clkbuf_2)
                                         net16 (net)
                  0.07    0.00    5.14 v scaleAdd._280_/A1 (sky130_fd_sc_hd__o31a_1)
     3    0.01    0.07    0.34    5.48 v scaleAdd._280_/X (sky130_fd_sc_hd__o31a_1)
                                         scaleAdd._222_ (net)
                  0.07    0.00    5.48 v scaleAdd._282_/A2 (sky130_fd_sc_hd__a21o_1)
     3    0.01    0.08    0.24    5.72 v scaleAdd._282_/X (sky130_fd_sc_hd__a21o_1)
                                         scaleAdd._224_ (net)
                  0.08    0.00    5.72 v scaleAdd._284_/A1 (sky130_fd_sc_hd__a21oi_4)
     3    0.02    0.16    0.19    5.91 ^ scaleAdd._284_/Y (sky130_fd_sc_hd__a21oi_4)
                                         scaleAdd._226_ (net)
                  0.16    0.00    5.91 ^ scaleAdd._287_/A (sky130_fd_sc_hd__xnor2_2)
     1    0.01    0.19    0.16    6.08 ^ scaleAdd._287_/Y (sky130_fd_sc_hd__xnor2_2)
                                         scaleAdd._229_ (net)
                  0.19    0.00    6.08 ^ scaleAdd._288_/A (sky130_fd_sc_hd__xnor2_2)
     3    0.02    0.10    0.14    6.22 v scaleAdd._288_/Y (sky130_fd_sc_hd__xnor2_2)
                                         scaleAdd._230_ (net)
                  0.10    0.00    6.22 v scaleAdd._346_/A2 (sky130_fd_sc_hd__a21o_1)
     1    0.01    0.05    0.22    6.44 v scaleAdd._346_/X (sky130_fd_sc_hd__a21o_1)
                                         scaleAdd._052_ (net)
                  0.05    0.00    6.44 v scaleAdd._348_/A2 (sky130_fd_sc_hd__a21o_4)
     2    0.03    0.06    0.26    6.70 v scaleAdd._348_/X (sky130_fd_sc_hd__a21o_4)
                                         scaleAdd._054_ (net)
                  0.06    0.00    6.70 v scaleAdd._349_/A (sky130_fd_sc_hd__xor2_4)
     5    0.01    0.08    0.20    6.90 v scaleAdd._349_/X (sky130_fd_sc_hd__xor2_4)
                                         scaleAdd._055_ (net)
                  0.08    0.00    6.90 v scaleAdd._351_/A1 (sky130_fd_sc_hd__a21o_1)
     2    0.01    0.05    0.19    7.09 v scaleAdd._351_/X (sky130_fd_sc_hd__a21o_1)
                                         scaleAdd._057_ (net)
                  0.05    0.00    7.09 v scaleAdd._353_/A (sky130_fd_sc_hd__and3_1)
     3    0.01    0.06    0.17    7.26 v scaleAdd._353_/X (sky130_fd_sc_hd__and3_1)
                                         scaleAdd._059_ (net)
                  0.06    0.00    7.26 v scaleAdd._355_/B (sky130_fd_sc_hd__or3_4)
     3    0.01    0.07    0.39    7.66 v scaleAdd._355_/X (sky130_fd_sc_hd__or3_4)
                                         scaleAdd._061_ (net)
                  0.07    0.00    7.66 v scaleAdd._359_/A1 (sky130_fd_sc_hd__a21o_1)
     2    0.01    0.05    0.18    7.84 v scaleAdd._359_/X (sky130_fd_sc_hd__a21o_1)
                                         scaleAdd._065_ (net)
                  0.05    0.00    7.84 v scaleAdd._383_/A2 (sky130_fd_sc_hd__a21o_1)
     2    0.01    0.04    0.19    8.03 v scaleAdd._383_/X (sky130_fd_sc_hd__a21o_1)
                                         scaleAdd._088_ (net)
                  0.04    0.00    8.03 v scaleAdd._399_/A1 (sky130_fd_sc_hd__a21o_1)
     2    0.01    0.07    0.19    8.22 v scaleAdd._399_/X (sky130_fd_sc_hd__a21o_1)
                                         scaleAdd._103_ (net)
                  0.07    0.00    8.22 v scaleAdd._417_/A1 (sky130_fd_sc_hd__a21bo_1)
     2    0.01    0.05    0.19    8.42 v scaleAdd._417_/X (sky130_fd_sc_hd__a21bo_1)
                                         scaleAdd._120_ (net)
                  0.05    0.00    8.42 v scaleAdd._432_/A1 (sky130_fd_sc_hd__a21o_1)
     2    0.01    0.05    0.18    8.60 v scaleAdd._432_/X (sky130_fd_sc_hd__a21o_1)
                                         scaleAdd._134_ (net)
                  0.05    0.00    8.60 v scaleAdd._444_/A1 (sky130_fd_sc_hd__a21o_1)
     2    0.01    0.05    0.18    8.78 v scaleAdd._444_/X (sky130_fd_sc_hd__a21o_1)
                                         scaleAdd._145_ (net)
                  0.05    0.00    8.78 v scaleAdd._447_/A1 (sky130_fd_sc_hd__a21o_1)
     2    0.00    0.04    0.17    8.95 v scaleAdd._447_/X (sky130_fd_sc_hd__a21o_1)
                                         scaleAdd._147_ (net)
                  0.04    0.00    8.95 v rebuffer19/A (sky130_fd_sc_hd__clkbuf_2)
     1    0.01    0.05    0.12    9.07 v rebuffer19/X (sky130_fd_sc_hd__clkbuf_2)
                                         net77 (net)
                  0.05    0.00    9.07 v scaleAdd._448_/A (sky130_fd_sc_hd__xor2_2)
     4    0.01    0.08    0.20    9.27 v scaleAdd._448_/X (sky130_fd_sc_hd__xor2_2)
                                         accumulator.io_inMant[14] (net)
                  0.08    0.00    9.27 v accumulator._1181_/A (sky130_fd_sc_hd__or4_4)
     1    0.01    0.09    0.58    9.85 v accumulator._1181_/X (sky130_fd_sc_hd__or4_4)
                                         accumulator._0045_ (net)
                  0.09    0.00    9.85 v accumulator._1182_/A (sky130_fd_sc_hd__buf_8)
     8    0.02    0.03    0.15   10.00 v accumulator._1182_/X (sky130_fd_sc_hd__buf_8)
                                         accumulator._0055_ (net)
                  0.03    0.00   10.00 v accumulator._1200_/A_N (sky130_fd_sc_hd__and2b_1)
     3    0.01    0.08    0.22   10.22 ^ accumulator._1200_/X (sky130_fd_sc_hd__and2b_1)
                                         accumulator._0232_ (net)
                  0.08    0.00   10.22 ^ accumulator._1201_/B1_N (sky130_fd_sc_hd__o21ba_4)
     3    0.01    0.04    0.17   10.39 v accumulator._1201_/X (sky130_fd_sc_hd__o21ba_4)
                                         accumulator._0241_ (net)
                  0.04    0.00   10.39 v accumulator._1202_/A (sky130_fd_sc_hd__and2_4)
     3    0.01    0.03    0.14   10.53 v accumulator._1202_/X (sky130_fd_sc_hd__and2_4)
                                         accumulator._0251_ (net)
                  0.03    0.00   10.53 v accumulator._1204_/B (sky130_fd_sc_hd__or2_4)
     3    0.01    0.05    0.24   10.78 v accumulator._1204_/X (sky130_fd_sc_hd__or2_4)
                                         accumulator._0271_ (net)
                  0.05    0.00   10.78 v accumulator._1205_/A (sky130_fd_sc_hd__inv_2)
     3    0.01    0.05    0.07   10.85 ^ accumulator._1205_/Y (sky130_fd_sc_hd__inv_2)
                                         accumulator._0281_ (net)
                  0.05    0.00   10.85 ^ accumulator._1218_/A1 (sky130_fd_sc_hd__a311o_1)
     3    0.01    0.12    0.21   11.06 ^ accumulator._1218_/X (sky130_fd_sc_hd__a311o_1)
                                         accumulator._0315_ (net)
                  0.12    0.00   11.06 ^ rebuffer25/A (sky130_fd_sc_hd__clkbuf_1)
     1    0.00    0.06    0.12   11.18 ^ rebuffer25/X (sky130_fd_sc_hd__clkbuf_1)
                                         net83 (net)
                  0.06    0.00   11.18 ^ rebuffer10/A (sky130_fd_sc_hd__clkbuf_2)
     1    0.00    0.03    0.10   11.28 ^ rebuffer10/X (sky130_fd_sc_hd__clkbuf_2)
                                         net68 (net)
                  0.03    0.00   11.28 ^ rebuffer8/A (sky130_fd_sc_hd__clkbuf_1)
     1    0.01    0.07    0.10   11.37 ^ rebuffer8/X (sky130_fd_sc_hd__clkbuf_1)
                                         net66 (net)
                  0.07    0.00   11.37 ^ accumulator._1219_/A (sky130_fd_sc_hd__nand3_2)
     2    0.01    0.08    0.07   11.45 v accumulator._1219_/Y (sky130_fd_sc_hd__nand3_2)
                                         accumulator._0316_ (net)
                  0.08    0.00   11.45 v accumulator._1228_/A2 (sky130_fd_sc_hd__a211o_1)
     2    0.01    0.07    0.34   11.79 v accumulator._1228_/X (sky130_fd_sc_hd__a211o_1)
                                         accumulator._0325_ (net)
                  0.07    0.00   11.79 v accumulator._1242_/A2 (sky130_fd_sc_hd__o22a_1)
     3    0.01    0.07    0.24   12.03 v accumulator._1242_/X (sky130_fd_sc_hd__o22a_1)
                                         accumulator._0339_ (net)
                  0.07    0.00   12.03 v accumulator._1243_/A (sky130_fd_sc_hd__buf_4)
    10    0.03    0.06    0.19   12.22 v accumulator._1243_/X (sky130_fd_sc_hd__buf_4)
                                         accumulator._0340_ (net)
                  0.06    0.00   12.22 v accumulator._1249_/B1 (sky130_fd_sc_hd__a21o_4)
     3    0.02    0.06    0.22   12.44 v accumulator._1249_/X (sky130_fd_sc_hd__a21o_4)
                                         accumulator._0346_ (net)
                  0.06    0.00   12.44 v accumulator._1250_/B (sky130_fd_sc_hd__xor2_4)
     3    0.03    0.10    0.19   12.64 v accumulator._1250_/X (sky130_fd_sc_hd__xor2_4)
                                         accumulator._0347_ (net)
                  0.10    0.00   12.64 v accumulator._1259_/A2 (sky130_fd_sc_hd__a21o_4)
     2    0.02    0.05    0.27   12.91 v accumulator._1259_/X (sky130_fd_sc_hd__a21o_4)
                                         accumulator._0356_ (net)
                  0.05    0.00   12.91 v accumulator._1264_/A2 (sky130_fd_sc_hd__a21o_1)
     2    0.01    0.04    0.20   13.10 v accumulator._1264_/X (sky130_fd_sc_hd__a21o_1)
                                         accumulator._0361_ (net)
                  0.04    0.00   13.10 v accumulator._1266_/A1 (sky130_fd_sc_hd__a21o_1)
     2    0.01    0.04    0.17   13.28 v accumulator._1266_/X (sky130_fd_sc_hd__a21o_1)
                                         accumulator._0363_ (net)
                  0.04    0.00   13.28 v accumulator._1272_/A1 (sky130_fd_sc_hd__a21o_1)
     2    0.02    0.10    0.23   13.50 v accumulator._1272_/X (sky130_fd_sc_hd__a21o_1)
                                         accumulator._0369_ (net)
                  0.10    0.00   13.50 v accumulator._1278_/A1 (sky130_fd_sc_hd__a21oi_4)
     3    0.02    0.17    0.21   13.71 ^ accumulator._1278_/Y (sky130_fd_sc_hd__a21oi_4)
                                         accumulator._0375_ (net)
                  0.17    0.00   13.71 ^ rebuffer21/A (sky130_fd_sc_hd__buf_6)
     2    0.02    0.05    0.15   13.86 ^ rebuffer21/X (sky130_fd_sc_hd__buf_6)
                                         net79 (net)
                  0.05    0.00   13.86 ^ accumulator._1289_/B (sky130_fd_sc_hd__xnor2_4)
     9    0.03    0.26    0.16   14.02 ^ accumulator._1289_/Y (sky130_fd_sc_hd__xnor2_4)
                                         accumulator._0386_ (net)
                  0.26    0.00   14.02 ^ accumulator._1330_/S (sky130_fd_sc_hd__mux2_4)
     6    0.02    0.07    0.38   14.40 v accumulator._1330_/X (sky130_fd_sc_hd__mux2_4)
                                         accumulator._0425_ (net)
                  0.07    0.00   14.40 v clone38/A (sky130_fd_sc_hd__buf_4)
     5    0.02    0.04    0.17   14.57 v clone38/X (sky130_fd_sc_hd__buf_4)
                                         net96 (net)
                  0.04    0.00   14.57 v accumulator._1526_/A1 (sky130_fd_sc_hd__a21o_1)
     2    0.01    0.05    0.18   14.75 v accumulator._1526_/X (sky130_fd_sc_hd__a21o_1)
                                         accumulator._0621_ (net)
                  0.05    0.00   14.75 v accumulator._1527_/A2 (sky130_fd_sc_hd__a21o_1)
     2    0.00    0.04    0.19   14.94 v accumulator._1527_/X (sky130_fd_sc_hd__a21o_1)
                                         accumulator._0622_ (net)
                  0.04    0.00   14.94 v accumulator._1528_/C (sky130_fd_sc_hd__and3_1)
     2    0.01    0.07    0.22   15.16 v accumulator._1528_/X (sky130_fd_sc_hd__and3_1)
                                         accumulator._0623_ (net)
                  0.07    0.00   15.16 v accumulator._1644_/A2 (sky130_fd_sc_hd__o311ai_4)
     3    0.01    0.29    0.34   15.50 ^ accumulator._1644_/Y (sky130_fd_sc_hd__o311ai_4)
                                         accumulator._0739_ (net)
                  0.29    0.00   15.50 ^ accumulator._1716_/A (sky130_fd_sc_hd__nand3_2)
     2    0.01    0.10    0.12   15.62 v accumulator._1716_/Y (sky130_fd_sc_hd__nand3_2)
                                         accumulator._0811_ (net)
                  0.10    0.00   15.62 v accumulator._1736_/A1 (sky130_fd_sc_hd__a2111o_4)
     5    0.02    0.09    0.52   16.14 v accumulator._1736_/X (sky130_fd_sc_hd__a2111o_4)
                                         accumulator._0831_ (net)
                  0.09    0.00   16.15 v accumulator._1738_/A1 (sky130_fd_sc_hd__a21o_1)
     3    0.01    0.06    0.21   16.35 v accumulator._1738_/X (sky130_fd_sc_hd__a21o_1)
                                         accumulator._0833_ (net)
                  0.06    0.00   16.35 v accumulator._1744_/A1 (sky130_fd_sc_hd__a2111o_1)
     3    0.01    0.10    0.43   16.78 v accumulator._1744_/X (sky130_fd_sc_hd__a2111o_1)
                                         accumulator._0839_ (net)
                  0.10    0.00   16.78 v accumulator._1748_/A1 (sky130_fd_sc_hd__a2111o_1)
     2    0.01    0.07    0.41   17.20 v accumulator._1748_/X (sky130_fd_sc_hd__a2111o_1)
                                         accumulator._0843_ (net)
                  0.07    0.00   17.20 v accumulator._1751_/A1 (sky130_fd_sc_hd__a21o_1)
     2    0.01    0.06    0.20   17.39 v accumulator._1751_/X (sky130_fd_sc_hd__a21o_1)
                                         accumulator._0846_ (net)
                  0.06    0.00   17.39 v accumulator._1773_/A1 (sky130_fd_sc_hd__a21o_1)
     2    0.01    0.05    0.18   17.57 v accumulator._1773_/X (sky130_fd_sc_hd__a21o_1)
                                         accumulator._0868_ (net)
                  0.05    0.00   17.57 v accumulator._1798_/A1 (sky130_fd_sc_hd__a311o_1)
     2    0.01    0.08    0.30   17.87 v accumulator._1798_/X (sky130_fd_sc_hd__a311o_1)
                                         accumulator._0893_ (net)
                  0.08    0.00   17.87 v accumulator._1814_/A2 (sky130_fd_sc_hd__a21o_1)
     2    0.01    0.07    0.24   18.11 v accumulator._1814_/X (sky130_fd_sc_hd__a21o_1)
                                         accumulator._0909_ (net)
                  0.07    0.00   18.11 v accumulator._1821_/A2 (sky130_fd_sc_hd__a21o_1)
     3    0.01    0.06    0.23   18.33 v accumulator._1821_/X (sky130_fd_sc_hd__a21o_1)
                                         accumulator._0916_ (net)
                  0.06    0.00   18.33 v accumulator._1926_/A2 (sky130_fd_sc_hd__a21o_1)
     3    0.01    0.08    0.24   18.57 v accumulator._1926_/X (sky130_fd_sc_hd__a21o_1)
                                         accumulator._1021_ (net)
                  0.08    0.00   18.57 v accumulator._2045_/S (sky130_fd_sc_hd__mux2_4)
     4    0.01    0.07    0.35   18.92 v accumulator._2045_/X (sky130_fd_sc_hd__mux2_4)
                                         accumulator._1140_ (net)
                  0.07    0.00   18.92 v accumulator._2059_/B2 (sky130_fd_sc_hd__a221oi_2)
     1    0.00    0.18    0.24   19.17 ^ accumulator._2059_/Y (sky130_fd_sc_hd__a221oi_2)
                                         accumulator._1155_ (net)
                  0.18    0.00   19.17 ^ accumulator._2060_/A1 (sky130_fd_sc_hd__o21ai_1)
     1    0.00    0.09    0.11   19.28 v accumulator._2060_/Y (sky130_fd_sc_hd__o21ai_1)
                                         accumulator._1156_ (net)
                  0.09    0.00   19.28 v accumulator._2061_/A1 (sky130_fd_sc_hd__a21o_1)
     1    0.00    0.03    0.18   19.46 v accumulator._2061_/X (sky130_fd_sc_hd__a21o_1)
                                         accumulator._1157_ (net)
                  0.03    0.00   19.46 v accumulator._2062_/A1 (sky130_fd_sc_hd__a21o_1)
     1    0.00    0.04    0.16   19.61 v accumulator._2062_/X (sky130_fd_sc_hd__a21o_1)
                                         accumulator._1158_ (net)
                  0.04    0.00   19.61 v accumulator._2063_/A1 (sky130_fd_sc_hd__a21o_1)
     1    0.00    0.03    0.15   19.77 v accumulator._2063_/X (sky130_fd_sc_hd__a21o_1)
                                         accumulator._1159_ (net)
                  0.03    0.00   19.77 v accumulator._2064_/A1 (sky130_fd_sc_hd__a21o_1)
     1    0.00    0.04    0.16   19.92 v accumulator._2064_/X (sky130_fd_sc_hd__a21o_1)
                                         accumulator._1160_ (net)
                  0.04    0.00   19.92 v accumulator._2065_/A1 (sky130_fd_sc_hd__a21oi_1)
     1    0.00    0.13    0.14   20.07 ^ accumulator._2065_/Y (sky130_fd_sc_hd__a21oi_1)
                                         accumulator._1161_ (net)
                  0.13    0.00   20.07 ^ accumulator._2067_/A1 (sky130_fd_sc_hd__o21ai_1)
     1    0.00    0.06    0.09   20.16 v accumulator._2067_/Y (sky130_fd_sc_hd__o21ai_1)
                                         accumulator._1163_ (net)
                  0.06    0.00   20.16 v accumulator._2068_/A1 (sky130_fd_sc_hd__a21o_1)
     1    0.00    0.03    0.16   20.33 v accumulator._2068_/X (sky130_fd_sc_hd__a21o_1)
                                         accumulator._1164_ (net)
                  0.03    0.00   20.33 v accumulator._2069_/A1 (sky130_fd_sc_hd__a21o_1)
     1    0.01    0.04    0.16   20.49 v accumulator._2069_/X (sky130_fd_sc_hd__a21o_1)
                                         accumulator._1165_ (net)
                  0.04    0.00   20.49 v accumulator._2070_/A1 (sky130_fd_sc_hd__a211o_1)
     1    0.01    0.06    0.28   20.77 v accumulator._2070_/X (sky130_fd_sc_hd__a211o_1)
                                         accumulator._1167_ (net)
                  0.06    0.00   20.77 v accumulator._2073_/B2 (sky130_fd_sc_hd__a2bb2o_4)
     4    0.03    0.07    0.26   21.03 v accumulator._2073_/X (sky130_fd_sc_hd__a2bb2o_4)
                                         accumulator._1170_ (net)
                  0.07    0.00   21.03 v clone42/A (sky130_fd_sc_hd__clkbuf_16)
     5    0.02    0.04    0.17   21.20 v clone42/X (sky130_fd_sc_hd__clkbuf_16)
                                         net100 (net)
                  0.04    0.00   21.20 v accumulator._2077_/S (sky130_fd_sc_hd__mux2_2)
     2    0.01    0.06    0.29   21.49 v accumulator._2077_/X (sky130_fd_sc_hd__mux2_2)
                                         accumulator._1174_ (net)
                  0.06    0.00   21.49 v accumulator._2111_/A0 (sky130_fd_sc_hd__mux2_4)
     2    0.01    0.06    0.29   21.79 v accumulator._2111_/X (sky130_fd_sc_hd__mux2_4)
                                         accumulator._0067_ (net)
                  0.06    0.00   21.79 v accumulator._2147_/A0 (sky130_fd_sc_hd__mux2_4)
     2    0.01    0.05    0.29   22.08 v accumulator._2147_/X (sky130_fd_sc_hd__mux2_4)
                                         accumulator._0102_ (net)
                  0.05    0.00   22.08 v accumulator._2149_/A0 (sky130_fd_sc_hd__mux2_4)
     2    0.01    0.05    0.29   22.37 v accumulator._2149_/X (sky130_fd_sc_hd__mux2_4)
                                         accumulator._0104_ (net)
                  0.05    0.00   22.37 v accumulator._2274_/A (sky130_fd_sc_hd__or2_1)
     1    0.00    0.05    0.23   22.60 v accumulator._2274_/X (sky130_fd_sc_hd__or2_1)
                                         accumulator._0226_ (net)
                  0.05    0.00   22.60 v accumulator._2280_/A1 (sky130_fd_sc_hd__a21oi_1)
     1    0.00    0.11    0.13   22.73 ^ accumulator._2280_/Y (sky130_fd_sc_hd__a21oi_1)
                                         accumulator._0024_ (net)
                  0.11    0.00   22.73 ^ accumulator._2379_/D (sky130_fd_sc_hd__dfxtp_1)
                                 22.73   data arrival time

                         25.00   25.00   clock clock (rise edge)
                          0.00   25.00   clock source latency
     1    0.01    0.07    0.05   25.05 ^ clock (in)
                                         clock (net)
                  0.07    0.00   25.05 ^ clkbuf_0_clock/A (sky130_fd_sc_hd__clkbuf_16)
     4    0.03    0.05    0.14   25.19 ^ clkbuf_0_clock/X (sky130_fd_sc_hd__clkbuf_16)
                                         clknet_0_clock (net)
                  0.05    0.00   25.19 ^ clkbuf_2_3__f_clock/A (sky130_fd_sc_hd__clkbuf_16)
    10    0.03    0.05    0.13   25.32 ^ clkbuf_2_3__f_clock/X (sky130_fd_sc_hd__clkbuf_16)
                                         clknet_2_3__leaf_clock (net)
                  0.05    0.00   25.32 ^ accumulator._2379_/CLK (sky130_fd_sc_hd__dfxtp_1)
                         -0.25   25.07   clock uncertainty
                          0.00   25.07   clock reconvergence pessimism
                         -0.07   25.00   library setup time
                                 25.00   data required time
-----------------------------------------------------------------------------
                                 25.00   data required time
                                -22.73   data arrival time
-----------------------------------------------------------------------------
                                  2.27   slack (MET)


Startpoint: io_inScaleA[7] (input port clocked by clock)
Endpoint: accumulator._2369_ (rising edge-triggered flip-flop clocked by clock)
Path Group: clock
Path Type: max

Fanout     Cap    Slew   Delay    Time   Description
-----------------------------------------------------------------------------
                          0.00    0.00   clock clock (rise edge)
                          0.00    0.00   clock network delay (propagated)
                          5.00    5.00 v input external delay
     1    0.01    0.01    0.01    5.01 v io_inScaleA[7] (in)
                                         io_inScaleA[7] (net)
                  0.01    0.00    5.01 v input16/A (sky130_fd_sc_hd__clkbuf_2)
     5    0.02    0.07    0.13    5.14 v input16/X (sky130_fd_sc_hd__clkbuf_2)
                                         net16 (net)
                  0.07    0.00    5.14 v scaleAdd._280_/A1 (sky130_fd_sc_hd__o31a_1)
     3    0.01    0.07    0.34    5.48 v scaleAdd._280_/X (sky130_fd_sc_hd__o31a_1)
                                         scaleAdd._222_ (net)
                  0.07    0.00    5.48 v scaleAdd._282_/A2 (sky130_fd_sc_hd__a21o_1)
     3    0.01    0.08    0.24    5.72 v scaleAdd._282_/X (sky130_fd_sc_hd__a21o_1)
                                         scaleAdd._224_ (net)
                  0.08    0.00    5.72 v scaleAdd._284_/A1 (sky130_fd_sc_hd__a21oi_4)
     3    0.02    0.16    0.19    5.91 ^ scaleAdd._284_/Y (sky130_fd_sc_hd__a21oi_4)
                                         scaleAdd._226_ (net)
                  0.16    0.00    5.91 ^ scaleAdd._287_/A (sky130_fd_sc_hd__xnor2_2)
     1    0.01    0.19    0.16    6.08 ^ scaleAdd._287_/Y (sky130_fd_sc_hd__xnor2_2)
                                         scaleAdd._229_ (net)
                  0.19    0.00    6.08 ^ scaleAdd._288_/A (sky130_fd_sc_hd__xnor2_2)
     3    0.02    0.10    0.14    6.22 v scaleAdd._288_/Y (sky130_fd_sc_hd__xnor2_2)
                                         scaleAdd._230_ (net)
                  0.10    0.00    6.22 v scaleAdd._346_/A2 (sky130_fd_sc_hd__a21o_1)
     1    0.01    0.05    0.22    6.44 v scaleAdd._346_/X (sky130_fd_sc_hd__a21o_1)
                                         scaleAdd._052_ (net)
                  0.05    0.00    6.44 v scaleAdd._348_/A2 (sky130_fd_sc_hd__a21o_4)
     2    0.03    0.06    0.26    6.70 v scaleAdd._348_/X (sky130_fd_sc_hd__a21o_4)
                                         scaleAdd._054_ (net)
                  0.06    0.00    6.70 v scaleAdd._349_/A (sky130_fd_sc_hd__xor2_4)
     5    0.01    0.08    0.20    6.90 v scaleAdd._349_/X (sky130_fd_sc_hd__xor2_4)
                                         scaleAdd._055_ (net)
                  0.08    0.00    6.90 v scaleAdd._351_/A1 (sky130_fd_sc_hd__a21o_1)
     2    0.01    0.05    0.19    7.09 v scaleAdd._351_/X (sky130_fd_sc_hd__a21o_1)
                                         scaleAdd._057_ (net)
                  0.05    0.00    7.09 v scaleAdd._353_/A (sky130_fd_sc_hd__and3_1)
     3    0.01    0.06    0.17    7.26 v scaleAdd._353_/X (sky130_fd_sc_hd__and3_1)
                                         scaleAdd._059_ (net)
                  0.06    0.00    7.26 v scaleAdd._355_/B (sky130_fd_sc_hd__or3_4)
     3    0.01    0.07    0.39    7.66 v scaleAdd._355_/X (sky130_fd_sc_hd__or3_4)
                                         scaleAdd._061_ (net)
                  0.07    0.00    7.66 v scaleAdd._359_/A1 (sky130_fd_sc_hd__a21o_1)
     2    0.01    0.05    0.18    7.84 v scaleAdd._359_/X (sky130_fd_sc_hd__a21o_1)
                                         scaleAdd._065_ (net)
                  0.05    0.00    7.84 v scaleAdd._383_/A2 (sky130_fd_sc_hd__a21o_1)
     2    0.01    0.04    0.19    8.03 v scaleAdd._383_/X (sky130_fd_sc_hd__a21o_1)
                                         scaleAdd._088_ (net)
                  0.04    0.00    8.03 v scaleAdd._399_/A1 (sky130_fd_sc_hd__a21o_1)
     2    0.01    0.07    0.19    8.22 v scaleAdd._399_/X (sky130_fd_sc_hd__a21o_1)
                                         scaleAdd._103_ (net)
                  0.07    0.00    8.22 v scaleAdd._417_/A1 (sky130_fd_sc_hd__a21bo_1)
     2    0.01    0.05    0.19    8.42 v scaleAdd._417_/X (sky130_fd_sc_hd__a21bo_1)
                                         scaleAdd._120_ (net)
                  0.05    0.00    8.42 v scaleAdd._432_/A1 (sky130_fd_sc_hd__a21o_1)
     2    0.01    0.05    0.18    8.60 v scaleAdd._432_/X (sky130_fd_sc_hd__a21o_1)
                                         scaleAdd._134_ (net)
                  0.05    0.00    8.60 v scaleAdd._444_/A1 (sky130_fd_sc_hd__a21o_1)
     2    0.01    0.05    0.18    8.78 v scaleAdd._444_/X (sky130_fd_sc_hd__a21o_1)
                                         scaleAdd._145_ (net)
                  0.05    0.00    8.78 v scaleAdd._447_/A1 (sky130_fd_sc_hd__a21o_1)
     2    0.00    0.04    0.17    8.95 v scaleAdd._447_/X (sky130_fd_sc_hd__a21o_1)
                                         scaleAdd._147_ (net)
                  0.04    0.00    8.95 v rebuffer19/A (sky130_fd_sc_hd__clkbuf_2)
     1    0.01    0.05    0.12    9.07 v rebuffer19/X (sky130_fd_sc_hd__clkbuf_2)
                                         net77 (net)
                  0.05    0.00    9.07 v scaleAdd._448_/A (sky130_fd_sc_hd__xor2_2)
     4    0.01    0.08    0.20    9.27 v scaleAdd._448_/X (sky130_fd_sc_hd__xor2_2)
                                         accumulator.io_inMant[14] (net)
                  0.08    0.00    9.27 v accumulator._1181_/A (sky130_fd_sc_hd__or4_4)
     1    0.01    0.09    0.58    9.85 v accumulator._1181_/X (sky130_fd_sc_hd__or4_4)
                                         accumulator._0045_ (net)
                  0.09    0.00    9.85 v accumulator._1182_/A (sky130_fd_sc_hd__buf_8)
     8    0.02    0.03    0.15   10.00 v accumulator._1182_/X (sky130_fd_sc_hd__buf_8)
                                         accumulator._0055_ (net)
                  0.03    0.00   10.00 v accumulator._1200_/A_N (sky130_fd_sc_hd__and2b_1)
     3    0.01    0.08    0.22   10.22 ^ accumulator._1200_/X (sky130_fd_sc_hd__and2b_1)
                                         accumulator._0232_ (net)
                  0.08    0.00   10.22 ^ accumulator._1201_/B1_N (sky130_fd_sc_hd__o21ba_4)
     3    0.01    0.04    0.17   10.39 v accumulator._1201_/X (sky130_fd_sc_hd__o21ba_4)
                                         accumulator._0241_ (net)
                  0.04    0.00   10.39 v accumulator._1202_/A (sky130_fd_sc_hd__and2_4)
     3    0.01    0.03    0.14   10.53 v accumulator._1202_/X (sky130_fd_sc_hd__and2_4)
                                         accumulator._0251_ (net)
                  0.03    0.00   10.53 v accumulator._1204_/B (sky130_fd_sc_hd__or2_4)
     3    0.01    0.05    0.24   10.78 v accumulator._1204_/X (sky130_fd_sc_hd__or2_4)
                                         accumulator._0271_ (net)
                  0.05    0.00   10.78 v accumulator._1205_/A (sky130_fd_sc_hd__inv_2)
     3    0.01    0.05    0.07   10.85 ^ accumulator._1205_/Y (sky130_fd_sc_hd__inv_2)
                                         accumulator._0281_ (net)
                  0.05    0.00   10.85 ^ accumulator._1218_/A1 (sky130_fd_sc_hd__a311o_1)
     3    0.01    0.12    0.21   11.06 ^ accumulator._1218_/X (sky130_fd_sc_hd__a311o_1)
                                         accumulator._0315_ (net)
                  0.12    0.00   11.06 ^ rebuffer25/A (sky130_fd_sc_hd__clkbuf_1)
     1    0.00    0.06    0.12   11.18 ^ rebuffer25/X (sky130_fd_sc_hd__clkbuf_1)
                                         net83 (net)
                  0.06    0.00   11.18 ^ rebuffer10/A (sky130_fd_sc_hd__clkbuf_2)
     1    0.00    0.03    0.10   11.28 ^ rebuffer10/X (sky130_fd_sc_hd__clkbuf_2)
                                         net68 (net)
                  0.03    0.00   11.28 ^ rebuffer8/A (sky130_fd_sc_hd__clkbuf_1)
     1    0.01    0.07    0.10   11.37 ^ rebuffer8/X (sky130_fd_sc_hd__clkbuf_1)
                                         net66 (net)
                  0.07    0.00   11.37 ^ accumulator._1219_/A (sky130_fd_sc_hd__nand3_2)
     2    0.01    0.08    0.07   11.45 v accumulator._1219_/Y (sky130_fd_sc_hd__nand3_2)
                                         accumulator._0316_ (net)
                  0.08    0.00   11.45 v accumulator._1228_/A2 (sky130_fd_sc_hd__a211o_1)
     2    0.01    0.07    0.34   11.79 v accumulator._1228_/X (sky130_fd_sc_hd__a211o_1)
                                         accumulator._0325_ (net)
                  0.07    0.00   11.79 v accumulator._1242_/A2 (sky130_fd_sc_hd__o22a_1)
     3    0.01    0.07    0.24   12.03 v accumulator._1242_/X (sky130_fd_sc_hd__o22a_1)
                                         accumulator._0339_ (net)
                  0.07    0.00   12.03 v accumulator._1243_/A (sky130_fd_sc_hd__buf_4)
    10    0.03    0.06    0.19   12.22 v accumulator._1243_/X (sky130_fd_sc_hd__buf_4)
                                         accumulator._0340_ (net)
                  0.06    0.00   12.22 v accumulator._1249_/B1 (sky130_fd_sc_hd__a21o_4)
     3    0.02    0.06    0.22   12.44 v accumulator._1249_/X (sky130_fd_sc_hd__a21o_4)
                                         accumulator._0346_ (net)
                  0.06    0.00   12.44 v accumulator._1250_/B (sky130_fd_sc_hd__xor2_4)
     3    0.03    0.10    0.19   12.64 v accumulator._1250_/X (sky130_fd_sc_hd__xor2_4)
                                         accumulator._0347_ (net)
                  0.10    0.00   12.64 v accumulator._1259_/A2 (sky130_fd_sc_hd__a21o_4)
     2    0.02    0.05    0.27   12.91 v accumulator._1259_/X (sky130_fd_sc_hd__a21o_4)
                                         accumulator._0356_ (net)
                  0.05    0.00   12.91 v accumulator._1264_/A2 (sky130_fd_sc_hd__a21o_1)
     2    0.01    0.04    0.20   13.10 v accumulator._1264_/X (sky130_fd_sc_hd__a21o_1)
                                         accumulator._0361_ (net)
                  0.04    0.00   13.10 v accumulator._1266_/A1 (sky130_fd_sc_hd__a21o_1)
     2    0.01    0.04    0.17   13.28 v accumulator._1266_/X (sky130_fd_sc_hd__a21o_1)
                                         accumulator._0363_ (net)
                  0.04    0.00   13.28 v accumulator._1272_/A1 (sky130_fd_sc_hd__a21o_1)
     2    0.02    0.10    0.23   13.50 v accumulator._1272_/X (sky130_fd_sc_hd__a21o_1)
                                         accumulator._0369_ (net)
                  0.10    0.00   13.50 v accumulator._1278_/A1 (sky130_fd_sc_hd__a21oi_4)
     3    0.02    0.17    0.21   13.71 ^ accumulator._1278_/Y (sky130_fd_sc_hd__a21oi_4)
                                         accumulator._0375_ (net)
                  0.17    0.00   13.71 ^ rebuffer21/A (sky130_fd_sc_hd__buf_6)
     2    0.02    0.05    0.15   13.86 ^ rebuffer21/X (sky130_fd_sc_hd__buf_6)
                                         net79 (net)
                  0.05    0.00   13.86 ^ accumulator._1289_/B (sky130_fd_sc_hd__xnor2_4)
     9    0.03    0.26    0.16   14.02 ^ accumulator._1289_/Y (sky130_fd_sc_hd__xnor2_4)
                                         accumulator._0386_ (net)
                  0.26    0.00   14.02 ^ accumulator._1330_/S (sky130_fd_sc_hd__mux2_4)
     6    0.02    0.07    0.38   14.40 v accumulator._1330_/X (sky130_fd_sc_hd__mux2_4)
                                         accumulator._0425_ (net)
                  0.07    0.00   14.40 v clone38/A (sky130_fd_sc_hd__buf_4)
     5    0.02    0.04    0.17   14.57 v clone38/X (sky130_fd_sc_hd__buf_4)
                                         net96 (net)
                  0.04    0.00   14.57 v accumulator._1526_/A1 (sky130_fd_sc_hd__a21o_1)
     2    0.01    0.05    0.18   14.75 v accumulator._1526_/X (sky130_fd_sc_hd__a21o_1)
                                         accumulator._0621_ (net)
                  0.05    0.00   14.75 v accumulator._1527_/A2 (sky130_fd_sc_hd__a21o_1)
     2    0.00    0.04    0.19   14.94 v accumulator._1527_/X (sky130_fd_sc_hd__a21o_1)
                                         accumulator._0622_ (net)
                  0.04    0.00   14.94 v accumulator._1528_/C (sky130_fd_sc_hd__and3_1)
     2    0.01    0.07    0.22   15.16 v accumulator._1528_/X (sky130_fd_sc_hd__and3_1)
                                         accumulator._0623_ (net)
                  0.07    0.00   15.16 v accumulator._1644_/A2 (sky130_fd_sc_hd__o311ai_4)
     3    0.01    0.29    0.34   15.50 ^ accumulator._1644_/Y (sky130_fd_sc_hd__o311ai_4)
                                         accumulator._0739_ (net)
                  0.29    0.00   15.50 ^ accumulator._1716_/A (sky130_fd_sc_hd__nand3_2)
     2    0.01    0.10    0.12   15.62 v accumulator._1716_/Y (sky130_fd_sc_hd__nand3_2)
                                         accumulator._0811_ (net)
                  0.10    0.00   15.62 v accumulator._1736_/A1 (sky130_fd_sc_hd__a2111o_4)
     5    0.02    0.09    0.52   16.14 v accumulator._1736_/X (sky130_fd_sc_hd__a2111o_4)
                                         accumulator._0831_ (net)
                  0.09    0.00   16.15 v accumulator._1738_/A1 (sky130_fd_sc_hd__a21o_1)
     3    0.01    0.06    0.21   16.35 v accumulator._1738_/X (sky130_fd_sc_hd__a21o_1)
                                         accumulator._0833_ (net)
                  0.06    0.00   16.35 v accumulator._1744_/A1 (sky130_fd_sc_hd__a2111o_1)
     3    0.01    0.10    0.43   16.78 v accumulator._1744_/X (sky130_fd_sc_hd__a2111o_1)
                                         accumulator._0839_ (net)
                  0.10    0.00   16.78 v accumulator._1748_/A1 (sky130_fd_sc_hd__a2111o_1)
     2    0.01    0.07    0.41   17.20 v accumulator._1748_/X (sky130_fd_sc_hd__a2111o_1)
                                         accumulator._0843_ (net)
                  0.07    0.00   17.20 v accumulator._1751_/A1 (sky130_fd_sc_hd__a21o_1)
     2    0.01    0.06    0.20   17.39 v accumulator._1751_/X (sky130_fd_sc_hd__a21o_1)
                                         accumulator._0846_ (net)
                  0.06    0.00   17.39 v accumulator._1773_/A1 (sky130_fd_sc_hd__a21o_1)
     2    0.01    0.05    0.18   17.57 v accumulator._1773_/X (sky130_fd_sc_hd__a21o_1)
                                         accumulator._0868_ (net)
                  0.05    0.00   17.57 v accumulator._1798_/A1 (sky130_fd_sc_hd__a311o_1)
     2    0.01    0.08    0.30   17.87 v accumulator._1798_/X (sky130_fd_sc_hd__a311o_1)
                                         accumulator._0893_ (net)
                  0.08    0.00   17.87 v accumulator._1814_/A2 (sky130_fd_sc_hd__a21o_1)
     2    0.01    0.07    0.24   18.11 v accumulator._1814_/X (sky130_fd_sc_hd__a21o_1)
                                         accumulator._0909_ (net)
                  0.07    0.00   18.11 v accumulator._1821_/A2 (sky130_fd_sc_hd__a21o_1)
     3    0.01    0.06    0.23   18.33 v accumulator._1821_/X (sky130_fd_sc_hd__a21o_1)
                                         accumulator._0916_ (net)
                  0.06    0.00   18.33 v accumulator._1926_/A2 (sky130_fd_sc_hd__a21o_1)
     3    0.01    0.08    0.24   18.57 v accumulator._1926_/X (sky130_fd_sc_hd__a21o_1)
                                         accumulator._1021_ (net)
                  0.08    0.00   18.57 v accumulator._2045_/S (sky130_fd_sc_hd__mux2_4)
     4    0.01    0.07    0.35   18.92 v accumulator._2045_/X (sky130_fd_sc_hd__mux2_4)
                                         accumulator._1140_ (net)
                  0.07    0.00   18.92 v accumulator._2059_/B2 (sky130_fd_sc_hd__a221oi_2)
     1    0.00    0.18    0.24   19.17 ^ accumulator._2059_/Y (sky130_fd_sc_hd__a221oi_2)
                                         accumulator._1155_ (net)
                  0.18    0.00   19.17 ^ accumulator._2060_/A1 (sky130_fd_sc_hd__o21ai_1)
     1    0.00    0.09    0.11   19.28 v accumulator._2060_/Y (sky130_fd_sc_hd__o21ai_1)
                                         accumulator._1156_ (net)
                  0.09    0.00   19.28 v accumulator._2061_/A1 (sky130_fd_sc_hd__a21o_1)
     1    0.00    0.03    0.18   19.46 v accumulator._2061_/X (sky130_fd_sc_hd__a21o_1)
                                         accumulator._1157_ (net)
                  0.03    0.00   19.46 v accumulator._2062_/A1 (sky130_fd_sc_hd__a21o_1)
     1    0.00    0.04    0.16   19.61 v accumulator._2062_/X (sky130_fd_sc_hd__a21o_1)
                                         accumulator._1158_ (net)
                  0.04    0.00   19.61 v accumulator._2063_/A1 (sky130_fd_sc_hd__a21o_1)
     1    0.00    0.03    0.15   19.77 v accumulator._2063_/X (sky130_fd_sc_hd__a21o_1)
                                         accumulator._1159_ (net)
                  0.03    0.00   19.77 v accumulator._2064_/A1 (sky130_fd_sc_hd__a21o_1)
     1    0.00    0.04    0.16   19.92 v accumulator._2064_/X (sky130_fd_sc_hd__a21o_1)
                                         accumulator._1160_ (net)
                  0.04    0.00   19.92 v accumulator._2065_/A1 (sky130_fd_sc_hd__a21oi_1)
     1    0.00    0.13    0.14   20.07 ^ accumulator._2065_/Y (sky130_fd_sc_hd__a21oi_1)
                                         accumulator._1161_ (net)
                  0.13    0.00   20.07 ^ accumulator._2067_/A1 (sky130_fd_sc_hd__o21ai_1)
     1    0.00    0.06    0.09   20.16 v accumulator._2067_/Y (sky130_fd_sc_hd__o21ai_1)
                                         accumulator._1163_ (net)
                  0.06    0.00   20.16 v accumulator._2068_/A1 (sky130_fd_sc_hd__a21o_1)
     1    0.00    0.03    0.16   20.33 v accumulator._2068_/X (sky130_fd_sc_hd__a21o_1)
                                         accumulator._1164_ (net)
                  0.03    0.00   20.33 v accumulator._2069_/A1 (sky130_fd_sc_hd__a21o_1)
     1    0.01    0.04    0.16   20.49 v accumulator._2069_/X (sky130_fd_sc_hd__a21o_1)
                                         accumulator._1165_ (net)
                  0.04    0.00   20.49 v accumulator._2070_/A1 (sky130_fd_sc_hd__a211o_1)
     1    0.01    0.06    0.28   20.77 v accumulator._2070_/X (sky130_fd_sc_hd__a211o_1)
                                         accumulator._1167_ (net)
                  0.06    0.00   20.77 v accumulator._2073_/B2 (sky130_fd_sc_hd__a2bb2o_4)
     4    0.03    0.07    0.26   21.03 v accumulator._2073_/X (sky130_fd_sc_hd__a2bb2o_4)
                                         accumulator._1170_ (net)
                  0.07    0.00   21.03 v clone43/A (sky130_fd_sc_hd__clkbuf_16)
     5    0.02    0.03    0.17   21.20 v clone43/X (sky130_fd_sc_hd__clkbuf_16)
                                         net101 (net)
                  0.03    0.00   21.20 v accumulator._2198_/S (sky130_fd_sc_hd__mux2_2)
     2    0.01    0.06    0.29   21.49 v accumulator._2198_/X (sky130_fd_sc_hd__mux2_2)
                                         accumulator._0152_ (net)
                  0.06    0.00   21.49 v accumulator._2199_/A1 (sky130_fd_sc_hd__mux2_4)
     2    0.01    0.06    0.29   21.78 v accumulator._2199_/X (sky130_fd_sc_hd__mux2_4)
                                         accumulator._0153_ (net)
                  0.06    0.00   21.78 v accumulator._2200_/A1 (sky130_fd_sc_hd__mux2_4)
     2    0.01    0.05    0.28   22.05 v accumulator._2200_/X (sky130_fd_sc_hd__mux2_4)
                                         accumulator._0155_ (net)
                  0.05    0.00   22.05 v accumulator._2201_/B (sky130_fd_sc_hd__or2_4)
     1    0.00    0.04    0.23   22.28 v accumulator._2201_/X (sky130_fd_sc_hd__or2_4)
                                         accumulator._0156_ (net)
                  0.04    0.00   22.28 v accumulator._2205_/A2 (sky130_fd_sc_hd__a211o_1)
     1    0.00    0.05    0.29   22.58 v accumulator._2205_/X (sky130_fd_sc_hd__a211o_1)
                                         accumulator._0160_ (net)
                  0.05    0.00   22.58 v accumulator._2206_/C1 (sky130_fd_sc_hd__o211a_1)
     1    0.00    0.04    0.11   22.69 v accumulator._2206_/X (sky130_fd_sc_hd__o211a_1)
                                         accumulator._0014_ (net)
                  0.04    0.00   22.69 v accumulator._2369_/D (sky130_fd_sc_hd__dfxtp_1)
                                 22.69   data arrival time

                         25.00   25.00   clock clock (rise edge)
                          0.00   25.00   clock source latency
     1    0.01    0.07    0.05   25.05 ^ clock (in)
                                         clock (net)
                  0.07    0.00   25.05 ^ clkbuf_0_clock/A (sky130_fd_sc_hd__clkbuf_16)
     4    0.03    0.05    0.14   25.19 ^ clkbuf_0_clock/X (sky130_fd_sc_hd__clkbuf_16)
                                         clknet_0_clock (net)
                  0.05    0.00   25.19 ^ clkbuf_2_0__f_clock/A (sky130_fd_sc_hd__clkbuf_16)
    11    0.03    0.05    0.13   25.32 ^ clkbuf_2_0__f_clock/X (sky130_fd_sc_hd__clkbuf_16)
                                         clknet_2_0__leaf_clock (net)
                  0.05    0.00   25.32 ^ accumulator._2369_/CLK (sky130_fd_sc_hd__dfxtp_1)
                         -0.25   25.07   clock uncertainty
                          0.00   25.07   clock reconvergence pessimism
                         -0.11   24.96   library setup time
                                 24.96   data required time
-----------------------------------------------------------------------------
                                 24.96   data required time
                                -22.69   data arrival time
-----------------------------------------------------------------------------
                                  2.28   slack (MET)


Startpoint: io_inScaleA[7] (input port clocked by clock)
Endpoint: accumulator._2362_ (rising edge-triggered flip-flop clocked by clock)
Path Group: clock
Path Type: max

Fanout     Cap    Slew   Delay    Time   Description
-----------------------------------------------------------------------------
                          0.00    0.00   clock clock (rise edge)
                          0.00    0.00   clock network delay (propagated)
                          5.00    5.00 v input external delay
     1    0.01    0.01    0.01    5.01 v io_inScaleA[7] (in)
                                         io_inScaleA[7] (net)
                  0.01    0.00    5.01 v input16/A (sky130_fd_sc_hd__clkbuf_2)
     5    0.02    0.07    0.13    5.14 v input16/X (sky130_fd_sc_hd__clkbuf_2)
                                         net16 (net)
                  0.07    0.00    5.14 v scaleAdd._280_/A1 (sky130_fd_sc_hd__o31a_1)
     3    0.01    0.07    0.34    5.48 v scaleAdd._280_/X (sky130_fd_sc_hd__o31a_1)
                                         scaleAdd._222_ (net)
                  0.07    0.00    5.48 v scaleAdd._282_/A2 (sky130_fd_sc_hd__a21o_1)
     3    0.01    0.08    0.24    5.72 v scaleAdd._282_/X (sky130_fd_sc_hd__a21o_1)
                                         scaleAdd._224_ (net)
                  0.08    0.00    5.72 v scaleAdd._284_/A1 (sky130_fd_sc_hd__a21oi_4)
     3    0.02    0.16    0.19    5.91 ^ scaleAdd._284_/Y (sky130_fd_sc_hd__a21oi_4)
                                         scaleAdd._226_ (net)
                  0.16    0.00    5.91 ^ scaleAdd._287_/A (sky130_fd_sc_hd__xnor2_2)
     1    0.01    0.19    0.16    6.08 ^ scaleAdd._287_/Y (sky130_fd_sc_hd__xnor2_2)
                                         scaleAdd._229_ (net)
                  0.19    0.00    6.08 ^ scaleAdd._288_/A (sky130_fd_sc_hd__xnor2_2)
     3    0.02    0.10    0.14    6.22 v scaleAdd._288_/Y (sky130_fd_sc_hd__xnor2_2)
                                         scaleAdd._230_ (net)
                  0.10    0.00    6.22 v scaleAdd._346_/A2 (sky130_fd_sc_hd__a21o_1)
     1    0.01    0.05    0.22    6.44 v scaleAdd._346_/X (sky130_fd_sc_hd__a21o_1)
                                         scaleAdd._052_ (net)
                  0.05    0.00    6.44 v scaleAdd._348_/A2 (sky130_fd_sc_hd__a21o_4)
     2    0.03    0.06    0.26    6.70 v scaleAdd._348_/X (sky130_fd_sc_hd__a21o_4)
                                         scaleAdd._054_ (net)
                  0.06    0.00    6.70 v scaleAdd._349_/A (sky130_fd_sc_hd__xor2_4)
     5    0.01    0.08    0.20    6.90 v scaleAdd._349_/X (sky130_fd_sc_hd__xor2_4)
                                         scaleAdd._055_ (net)
                  0.08    0.00    6.90 v scaleAdd._351_/A1 (sky130_fd_sc_hd__a21o_1)
     2    0.01    0.05    0.19    7.09 v scaleAdd._351_/X (sky130_fd_sc_hd__a21o_1)
                                         scaleAdd._057_ (net)
                  0.05    0.00    7.09 v scaleAdd._353_/A (sky130_fd_sc_hd__and3_1)
     3    0.01    0.06    0.17    7.26 v scaleAdd._353_/X (sky130_fd_sc_hd__and3_1)
                                         scaleAdd._059_ (net)
                  0.06    0.00    7.26 v scaleAdd._355_/B (sky130_fd_sc_hd__or3_4)
     3    0.01    0.07    0.39    7.66 v scaleAdd._355_/X (sky130_fd_sc_hd__or3_4)
                                         scaleAdd._061_ (net)
                  0.07    0.00    7.66 v scaleAdd._359_/A1 (sky130_fd_sc_hd__a21o_1)
     2    0.01    0.05    0.18    7.84 v scaleAdd._359_/X (sky130_fd_sc_hd__a21o_1)
                                         scaleAdd._065_ (net)
                  0.05    0.00    7.84 v scaleAdd._383_/A2 (sky130_fd_sc_hd__a21o_1)
     2    0.01    0.04    0.19    8.03 v scaleAdd._383_/X (sky130_fd_sc_hd__a21o_1)
                                         scaleAdd._088_ (net)
                  0.04    0.00    8.03 v scaleAdd._399_/A1 (sky130_fd_sc_hd__a21o_1)
     2    0.01    0.07    0.19    8.22 v scaleAdd._399_/X (sky130_fd_sc_hd__a21o_1)
                                         scaleAdd._103_ (net)
                  0.07    0.00    8.22 v scaleAdd._417_/A1 (sky130_fd_sc_hd__a21bo_1)
     2    0.01    0.05    0.19    8.42 v scaleAdd._417_/X (sky130_fd_sc_hd__a21bo_1)
                                         scaleAdd._120_ (net)
                  0.05    0.00    8.42 v scaleAdd._432_/A1 (sky130_fd_sc_hd__a21o_1)
     2    0.01    0.05    0.18    8.60 v scaleAdd._432_/X (sky130_fd_sc_hd__a21o_1)
                                         scaleAdd._134_ (net)
                  0.05    0.00    8.60 v scaleAdd._444_/A1 (sky130_fd_sc_hd__a21o_1)
     2    0.01    0.05    0.18    8.78 v scaleAdd._444_/X (sky130_fd_sc_hd__a21o_1)
                                         scaleAdd._145_ (net)
                  0.05    0.00    8.78 v scaleAdd._447_/A1 (sky130_fd_sc_hd__a21o_1)
     2    0.00    0.04    0.17    8.95 v scaleAdd._447_/X (sky130_fd_sc_hd__a21o_1)
                                         scaleAdd._147_ (net)
                  0.04    0.00    8.95 v rebuffer19/A (sky130_fd_sc_hd__clkbuf_2)
     1    0.01    0.05    0.12    9.07 v rebuffer19/X (sky130_fd_sc_hd__clkbuf_2)
                                         net77 (net)
                  0.05    0.00    9.07 v scaleAdd._448_/A (sky130_fd_sc_hd__xor2_2)
     4    0.01    0.08    0.20    9.27 v scaleAdd._448_/X (sky130_fd_sc_hd__xor2_2)
                                         accumulator.io_inMant[14] (net)
                  0.08    0.00    9.27 v accumulator._1181_/A (sky130_fd_sc_hd__or4_4)
     1    0.01    0.09    0.58    9.85 v accumulator._1181_/X (sky130_fd_sc_hd__or4_4)
                                         accumulator._0045_ (net)
                  0.09    0.00    9.85 v accumulator._1182_/A (sky130_fd_sc_hd__buf_8)
     8    0.02    0.03    0.15   10.00 v accumulator._1182_/X (sky130_fd_sc_hd__buf_8)
                                         accumulator._0055_ (net)
                  0.03    0.00   10.00 v accumulator._1200_/A_N (sky130_fd_sc_hd__and2b_1)
     3    0.01    0.08    0.22   10.22 ^ accumulator._1200_/X (sky130_fd_sc_hd__and2b_1)
                                         accumulator._0232_ (net)
                  0.08    0.00   10.22 ^ accumulator._1201_/B1_N (sky130_fd_sc_hd__o21ba_4)
     3    0.01    0.04    0.17   10.39 v accumulator._1201_/X (sky130_fd_sc_hd__o21ba_4)
                                         accumulator._0241_ (net)
                  0.04    0.00   10.39 v accumulator._1202_/A (sky130_fd_sc_hd__and2_4)
     3    0.01    0.03    0.14   10.53 v accumulator._1202_/X (sky130_fd_sc_hd__and2_4)
                                         accumulator._0251_ (net)
                  0.03    0.00   10.53 v accumulator._1204_/B (sky130_fd_sc_hd__or2_4)
     3    0.01    0.05    0.24   10.78 v accumulator._1204_/X (sky130_fd_sc_hd__or2_4)
                                         accumulator._0271_ (net)
                  0.05    0.00   10.78 v accumulator._1205_/A (sky130_fd_sc_hd__inv_2)
     3    0.01    0.05    0.07   10.85 ^ accumulator._1205_/Y (sky130_fd_sc_hd__inv_2)
                                         accumulator._0281_ (net)
                  0.05    0.00   10.85 ^ accumulator._1218_/A1 (sky130_fd_sc_hd__a311o_1)
     3    0.01    0.12    0.21   11.06 ^ accumulator._1218_/X (sky130_fd_sc_hd__a311o_1)
                                         accumulator._0315_ (net)
                  0.12    0.00   11.06 ^ rebuffer25/A (sky130_fd_sc_hd__clkbuf_1)
     1    0.00    0.06    0.12   11.18 ^ rebuffer25/X (sky130_fd_sc_hd__clkbuf_1)
                                         net83 (net)
                  0.06    0.00   11.18 ^ rebuffer10/A (sky130_fd_sc_hd__clkbuf_2)
     1    0.00    0.03    0.10   11.28 ^ rebuffer10/X (sky130_fd_sc_hd__clkbuf_2)
                                         net68 (net)
                  0.03    0.00   11.28 ^ rebuffer8/A (sky130_fd_sc_hd__clkbuf_1)
     1    0.01    0.07    0.10   11.37 ^ rebuffer8/X (sky130_fd_sc_hd__clkbuf_1)
                                         net66 (net)
                  0.07    0.00   11.37 ^ accumulator._1219_/A (sky130_fd_sc_hd__nand3_2)
     2    0.01    0.08    0.07   11.45 v accumulator._1219_/Y (sky130_fd_sc_hd__nand3_2)
                                         accumulator._0316_ (net)
                  0.08    0.00   11.45 v accumulator._1228_/A2 (sky130_fd_sc_hd__a211o_1)
     2    0.01    0.07    0.34   11.79 v accumulator._1228_/X (sky130_fd_sc_hd__a211o_1)
                                         accumulator._0325_ (net)
                  0.07    0.00   11.79 v accumulator._1242_/A2 (sky130_fd_sc_hd__o22a_1)
     3    0.01    0.07    0.24   12.03 v accumulator._1242_/X (sky130_fd_sc_hd__o22a_1)
                                         accumulator._0339_ (net)
                  0.07    0.00   12.03 v accumulator._1243_/A (sky130_fd_sc_hd__buf_4)
    10    0.03    0.06    0.19   12.22 v accumulator._1243_/X (sky130_fd_sc_hd__buf_4)
                                         accumulator._0340_ (net)
                  0.06    0.00   12.22 v accumulator._1249_/B1 (sky130_fd_sc_hd__a21o_4)
     3    0.02    0.06    0.22   12.44 v accumulator._1249_/X (sky130_fd_sc_hd__a21o_4)
                                         accumulator._0346_ (net)
                  0.06    0.00   12.44 v accumulator._1250_/B (sky130_fd_sc_hd__xor2_4)
     3    0.03    0.10    0.19   12.64 v accumulator._1250_/X (sky130_fd_sc_hd__xor2_4)
                                         accumulator._0347_ (net)
                  0.10    0.00   12.64 v accumulator._1259_/A2 (sky130_fd_sc_hd__a21o_4)
     2    0.02    0.05    0.27   12.91 v accumulator._1259_/X (sky130_fd_sc_hd__a21o_4)
                                         accumulator._0356_ (net)
                  0.05    0.00   12.91 v accumulator._1264_/A2 (sky130_fd_sc_hd__a21o_1)
     2    0.01    0.04    0.20   13.10 v accumulator._1264_/X (sky130_fd_sc_hd__a21o_1)
                                         accumulator._0361_ (net)
                  0.04    0.00   13.10 v accumulator._1266_/A1 (sky130_fd_sc_hd__a21o_1)
     2    0.01    0.04    0.17   13.28 v accumulator._1266_/X (sky130_fd_sc_hd__a21o_1)
                                         accumulator._0363_ (net)
                  0.04    0.00   13.28 v accumulator._1272_/A1 (sky130_fd_sc_hd__a21o_1)
     2    0.02    0.10    0.23   13.50 v accumulator._1272_/X (sky130_fd_sc_hd__a21o_1)
                                         accumulator._0369_ (net)
                  0.10    0.00   13.50 v accumulator._1278_/A1 (sky130_fd_sc_hd__a21oi_4)
     3    0.02    0.17    0.21   13.71 ^ accumulator._1278_/Y (sky130_fd_sc_hd__a21oi_4)
                                         accumulator._0375_ (net)
                  0.17    0.00   13.71 ^ rebuffer21/A (sky130_fd_sc_hd__buf_6)
     2    0.02    0.05    0.15   13.86 ^ rebuffer21/X (sky130_fd_sc_hd__buf_6)
                                         net79 (net)
                  0.05    0.00   13.86 ^ accumulator._1289_/B (sky130_fd_sc_hd__xnor2_4)
     9    0.03    0.26    0.16   14.02 ^ accumulator._1289_/Y (sky130_fd_sc_hd__xnor2_4)
                                         accumulator._0386_ (net)
                  0.26    0.00   14.02 ^ accumulator._1330_/S (sky130_fd_sc_hd__mux2_4)
     6    0.02    0.07    0.38   14.40 v accumulator._1330_/X (sky130_fd_sc_hd__mux2_4)
                                         accumulator._0425_ (net)
                  0.07    0.00   14.40 v clone38/A (sky130_fd_sc_hd__buf_4)
     5    0.02    0.04    0.17   14.57 v clone38/X (sky130_fd_sc_hd__buf_4)
                                         net96 (net)
                  0.04    0.00   14.57 v accumulator._1526_/A1 (sky130_fd_sc_hd__a21o_1)
     2    0.01    0.05    0.18   14.75 v accumulator._1526_/X (sky130_fd_sc_hd__a21o_1)
                                         accumulator._0621_ (net)
                  0.05    0.00   14.75 v accumulator._1527_/A2 (sky130_fd_sc_hd__a21o_1)
     2    0.00    0.04    0.19   14.94 v accumulator._1527_/X (sky130_fd_sc_hd__a21o_1)
                                         accumulator._0622_ (net)
                  0.04    0.00   14.94 v accumulator._1528_/C (sky130_fd_sc_hd__and3_1)
     2    0.01    0.07    0.22   15.16 v accumulator._1528_/X (sky130_fd_sc_hd__and3_1)
                                         accumulator._0623_ (net)
                  0.07    0.00   15.16 v accumulator._1644_/A2 (sky130_fd_sc_hd__o311ai_4)
     3    0.01    0.29    0.34   15.50 ^ accumulator._1644_/Y (sky130_fd_sc_hd__o311ai_4)
                                         accumulator._0739_ (net)
                  0.29    0.00   15.50 ^ accumulator._1716_/A (sky130_fd_sc_hd__nand3_2)
     2    0.01    0.10    0.12   15.62 v accumulator._1716_/Y (sky130_fd_sc_hd__nand3_2)
                                         accumulator._0811_ (net)
                  0.10    0.00   15.62 v accumulator._1736_/A1 (sky130_fd_sc_hd__a2111o_4)
     5    0.02    0.09    0.52   16.14 v accumulator._1736_/X (sky130_fd_sc_hd__a2111o_4)
                                         accumulator._0831_ (net)
                  0.09    0.00   16.15 v accumulator._1738_/A1 (sky130_fd_sc_hd__a21o_1)
     3    0.01    0.06    0.21   16.35 v accumulator._1738_/X (sky130_fd_sc_hd__a21o_1)
                                         accumulator._0833_ (net)
                  0.06    0.00   16.35 v accumulator._1744_/A1 (sky130_fd_sc_hd__a2111o_1)
     3    0.01    0.10    0.43   16.78 v accumulator._1744_/X (sky130_fd_sc_hd__a2111o_1)
                                         accumulator._0839_ (net)
                  0.10    0.00   16.78 v accumulator._1748_/A1 (sky130_fd_sc_hd__a2111o_1)
     2    0.01    0.07    0.41   17.20 v accumulator._1748_/X (sky130_fd_sc_hd__a2111o_1)
                                         accumulator._0843_ (net)
                  0.07    0.00   17.20 v accumulator._1751_/A1 (sky130_fd_sc_hd__a21o_1)
     2    0.01    0.06    0.20   17.39 v accumulator._1751_/X (sky130_fd_sc_hd__a21o_1)
                                         accumulator._0846_ (net)
                  0.06    0.00   17.39 v accumulator._1773_/A1 (sky130_fd_sc_hd__a21o_1)
     2    0.01    0.05    0.18   17.57 v accumulator._1773_/X (sky130_fd_sc_hd__a21o_1)
                                         accumulator._0868_ (net)
                  0.05    0.00   17.57 v accumulator._1798_/A1 (sky130_fd_sc_hd__a311o_1)
     2    0.01    0.08    0.30   17.87 v accumulator._1798_/X (sky130_fd_sc_hd__a311o_1)
                                         accumulator._0893_ (net)
                  0.08    0.00   17.87 v accumulator._1814_/A2 (sky130_fd_sc_hd__a21o_1)
     2    0.01    0.07    0.24   18.11 v accumulator._1814_/X (sky130_fd_sc_hd__a21o_1)
                                         accumulator._0909_ (net)
                  0.07    0.00   18.11 v accumulator._1821_/A2 (sky130_fd_sc_hd__a21o_1)
     3    0.01    0.06    0.23   18.33 v accumulator._1821_/X (sky130_fd_sc_hd__a21o_1)
                                         accumulator._0916_ (net)
                  0.06    0.00   18.33 v accumulator._1926_/A2 (sky130_fd_sc_hd__a21o_1)
     3    0.01    0.08    0.24   18.57 v accumulator._1926_/X (sky130_fd_sc_hd__a21o_1)
                                         accumulator._1021_ (net)
                  0.08    0.00   18.57 v accumulator._2045_/S (sky130_fd_sc_hd__mux2_4)
     4    0.01    0.07    0.35   18.92 v accumulator._2045_/X (sky130_fd_sc_hd__mux2_4)
                                         accumulator._1140_ (net)
                  0.07    0.00   18.92 v accumulator._2059_/B2 (sky130_fd_sc_hd__a221oi_2)
     1    0.00    0.18    0.24   19.17 ^ accumulator._2059_/Y (sky130_fd_sc_hd__a221oi_2)
                                         accumulator._1155_ (net)
                  0.18    0.00   19.17 ^ accumulator._2060_/A1 (sky130_fd_sc_hd__o21ai_1)
     1    0.00    0.09    0.11   19.28 v accumulator._2060_/Y (sky130_fd_sc_hd__o21ai_1)
                                         accumulator._1156_ (net)
                  0.09    0.00   19.28 v accumulator._2061_/A1 (sky130_fd_sc_hd__a21o_1)
     1    0.00    0.03    0.18   19.46 v accumulator._2061_/X (sky130_fd_sc_hd__a21o_1)
                                         accumulator._1157_ (net)
                  0.03    0.00   19.46 v accumulator._2062_/A1 (sky130_fd_sc_hd__a21o_1)
     1    0.00    0.04    0.16   19.61 v accumulator._2062_/X (sky130_fd_sc_hd__a21o_1)
                                         accumulator._1158_ (net)
                  0.04    0.00   19.61 v accumulator._2063_/A1 (sky130_fd_sc_hd__a21o_1)
     1    0.00    0.03    0.15   19.77 v accumulator._2063_/X (sky130_fd_sc_hd__a21o_1)
                                         accumulator._1159_ (net)
                  0.03    0.00   19.77 v accumulator._2064_/A1 (sky130_fd_sc_hd__a21o_1)
     1    0.00    0.04    0.16   19.92 v accumulator._2064_/X (sky130_fd_sc_hd__a21o_1)
                                         accumulator._1160_ (net)
                  0.04    0.00   19.92 v accumulator._2065_/A1 (sky130_fd_sc_hd__a21oi_1)
     1    0.00    0.13    0.14   20.07 ^ accumulator._2065_/Y (sky130_fd_sc_hd__a21oi_1)
                                         accumulator._1161_ (net)
                  0.13    0.00   20.07 ^ accumulator._2067_/A1 (sky130_fd_sc_hd__o21ai_1)
     1    0.00    0.06    0.09   20.16 v accumulator._2067_/Y (sky130_fd_sc_hd__o21ai_1)
                                         accumulator._1163_ (net)
                  0.06    0.00   20.16 v accumulator._2068_/A1 (sky130_fd_sc_hd__a21o_1)
     1    0.00    0.03    0.16   20.33 v accumulator._2068_/X (sky130_fd_sc_hd__a21o_1)
                                         accumulator._1164_ (net)
                  0.03    0.00   20.33 v accumulator._2069_/A1 (sky130_fd_sc_hd__a21o_1)
     1    0.01    0.04    0.16   20.49 v accumulator._2069_/X (sky130_fd_sc_hd__a21o_1)
                                         accumulator._1165_ (net)
                  0.04    0.00   20.49 v accumulator._2070_/A1 (sky130_fd_sc_hd__a211o_1)
     1    0.01    0.06    0.28   20.77 v accumulator._2070_/X (sky130_fd_sc_hd__a211o_1)
                                         accumulator._1167_ (net)
                  0.06    0.00   20.77 v accumulator._2073_/B2 (sky130_fd_sc_hd__a2bb2o_4)
     4    0.03    0.07    0.26   21.03 v accumulator._2073_/X (sky130_fd_sc_hd__a2bb2o_4)
                                         accumulator._1170_ (net)
                  0.07    0.00   21.03 v accumulator._2074_/A (sky130_fd_sc_hd__buf_8)
     6    0.04    0.04    0.15   21.18 v accumulator._2074_/X (sky130_fd_sc_hd__buf_8)
                                         accumulator._1171_ (net)
                  0.04    0.00   21.19 v accumulator._2098_/S (sky130_fd_sc_hd__mux2_2)
     2    0.01    0.07    0.30   21.49 v accumulator._2098_/X (sky130_fd_sc_hd__mux2_2)
                                         accumulator._0053_ (net)
                  0.07    0.00   21.49 v accumulator._2100_/A0 (sky130_fd_sc_hd__mux2_4)
     2    0.01    0.05    0.29   21.78 v accumulator._2100_/X (sky130_fd_sc_hd__mux2_4)
                                         accumulator._0056_ (net)
                  0.05    0.00   21.78 v accumulator._2140_/A0 (sky130_fd_sc_hd__mux2_4)
     2    0.01    0.06    0.29   22.07 v accumulator._2140_/X (sky130_fd_sc_hd__mux2_4)
                                         accumulator._0096_ (net)
                  0.06    0.00   22.07 v accumulator._2142_/A0 (sky130_fd_sc_hd__mux2_4)
     2    0.00    0.05    0.28   22.35 v accumulator._2142_/X (sky130_fd_sc_hd__mux2_4)
                                         accumulator._0098_ (net)
                  0.05    0.00   22.35 v accumulator._2143_/B2 (sky130_fd_sc_hd__o2bb2a_1)
     1    0.00    0.05    0.29   22.64 v accumulator._2143_/X (sky130_fd_sc_hd__o2bb2a_1)
                                         accumulator._0099_ (net)
                  0.05    0.00   22.64 v accumulator._2144_/B (sky130_fd_sc_hd__nor2_1)
     1    0.00    0.08    0.09   22.73 ^ accumulator._2144_/Y (sky130_fd_sc_hd__nor2_1)
                                         accumulator._0007_ (net)
                  0.08    0.00   22.73 ^ accumulator._2362_/D (sky130_fd_sc_hd__dfxtp_1)
                                 22.73   data arrival time

                         25.00   25.00   clock clock (rise edge)
                          0.00   25.00   clock source latency
     1    0.01    0.07    0.05   25.05 ^ clock (in)
                                         clock (net)
                  0.07    0.00   25.05 ^ clkbuf_0_clock/A (sky130_fd_sc_hd__clkbuf_16)
     4    0.03    0.05    0.14   25.19 ^ clkbuf_0_clock/X (sky130_fd_sc_hd__clkbuf_16)
                                         clknet_0_clock (net)
                  0.05    0.00   25.19 ^ clkbuf_2_0__f_clock/A (sky130_fd_sc_hd__clkbuf_16)
    11    0.03    0.05    0.13   25.32 ^ clkbuf_2_0__f_clock/X (sky130_fd_sc_hd__clkbuf_16)
                                         clknet_2_0__leaf_clock (net)
                  0.05    0.00   25.32 ^ accumulator._2362_/CLK (sky130_fd_sc_hd__dfxtp_1)
                         -0.25   25.07   clock uncertainty
                          0.00   25.07   clock reconvergence pessimism
                         -0.06   25.01   library setup time
                                 25.01   data required time
-----------------------------------------------------------------------------
                                 25.01   data required time
                                -22.73   data arrival time
-----------------------------------------------------------------------------
                                  2.28   slack (MET)


Startpoint: io_inScaleA[7] (input port clocked by clock)
Endpoint: accumulator._2370_ (rising edge-triggered flip-flop clocked by clock)
Path Group: clock
Path Type: max

Fanout     Cap    Slew   Delay    Time   Description
-----------------------------------------------------------------------------
                          0.00    0.00   clock clock (rise edge)
                          0.00    0.00   clock network delay (propagated)
                          5.00    5.00 v input external delay
     1    0.01    0.01    0.01    5.01 v io_inScaleA[7] (in)
                                         io_inScaleA[7] (net)
                  0.01    0.00    5.01 v input16/A (sky130_fd_sc_hd__clkbuf_2)
     5    0.02    0.07    0.13    5.14 v input16/X (sky130_fd_sc_hd__clkbuf_2)
                                         net16 (net)
                  0.07    0.00    5.14 v scaleAdd._280_/A1 (sky130_fd_sc_hd__o31a_1)
     3    0.01    0.07    0.34    5.48 v scaleAdd._280_/X (sky130_fd_sc_hd__o31a_1)
                                         scaleAdd._222_ (net)
                  0.07    0.00    5.48 v scaleAdd._282_/A2 (sky130_fd_sc_hd__a21o_1)
     3    0.01    0.08    0.24    5.72 v scaleAdd._282_/X (sky130_fd_sc_hd__a21o_1)
                                         scaleAdd._224_ (net)
                  0.08    0.00    5.72 v scaleAdd._284_/A1 (sky130_fd_sc_hd__a21oi_4)
     3    0.02    0.16    0.19    5.91 ^ scaleAdd._284_/Y (sky130_fd_sc_hd__a21oi_4)
                                         scaleAdd._226_ (net)
                  0.16    0.00    5.91 ^ scaleAdd._287_/A (sky130_fd_sc_hd__xnor2_2)
     1    0.01    0.19    0.16    6.08 ^ scaleAdd._287_/Y (sky130_fd_sc_hd__xnor2_2)
                                         scaleAdd._229_ (net)
                  0.19    0.00    6.08 ^ scaleAdd._288_/A (sky130_fd_sc_hd__xnor2_2)
     3    0.02    0.10    0.14    6.22 v scaleAdd._288_/Y (sky130_fd_sc_hd__xnor2_2)
                                         scaleAdd._230_ (net)
                  0.10    0.00    6.22 v scaleAdd._346_/A2 (sky130_fd_sc_hd__a21o_1)
     1    0.01    0.05    0.22    6.44 v scaleAdd._346_/X (sky130_fd_sc_hd__a21o_1)
                                         scaleAdd._052_ (net)
                  0.05    0.00    6.44 v scaleAdd._348_/A2 (sky130_fd_sc_hd__a21o_4)
     2    0.03    0.06    0.26    6.70 v scaleAdd._348_/X (sky130_fd_sc_hd__a21o_4)
                                         scaleAdd._054_ (net)
                  0.06    0.00    6.70 v scaleAdd._349_/A (sky130_fd_sc_hd__xor2_4)
     5    0.01    0.08    0.20    6.90 v scaleAdd._349_/X (sky130_fd_sc_hd__xor2_4)
                                         scaleAdd._055_ (net)
                  0.08    0.00    6.90 v scaleAdd._351_/A1 (sky130_fd_sc_hd__a21o_1)
     2    0.01    0.05    0.19    7.09 v scaleAdd._351_/X (sky130_fd_sc_hd__a21o_1)
                                         scaleAdd._057_ (net)
                  0.05    0.00    7.09 v scaleAdd._353_/A (sky130_fd_sc_hd__and3_1)
     3    0.01    0.06    0.17    7.26 v scaleAdd._353_/X (sky130_fd_sc_hd__and3_1)
                                         scaleAdd._059_ (net)
                  0.06    0.00    7.26 v scaleAdd._355_/B (sky130_fd_sc_hd__or3_4)
     3    0.01    0.07    0.39    7.66 v scaleAdd._355_/X (sky130_fd_sc_hd__or3_4)
                                         scaleAdd._061_ (net)
                  0.07    0.00    7.66 v scaleAdd._359_/A1 (sky130_fd_sc_hd__a21o_1)
     2    0.01    0.05    0.18    7.84 v scaleAdd._359_/X (sky130_fd_sc_hd__a21o_1)
                                         scaleAdd._065_ (net)
                  0.05    0.00    7.84 v scaleAdd._383_/A2 (sky130_fd_sc_hd__a21o_1)
     2    0.01    0.04    0.19    8.03 v scaleAdd._383_/X (sky130_fd_sc_hd__a21o_1)
                                         scaleAdd._088_ (net)
                  0.04    0.00    8.03 v scaleAdd._399_/A1 (sky130_fd_sc_hd__a21o_1)
     2    0.01    0.07    0.19    8.22 v scaleAdd._399_/X (sky130_fd_sc_hd__a21o_1)
                                         scaleAdd._103_ (net)
                  0.07    0.00    8.22 v scaleAdd._417_/A1 (sky130_fd_sc_hd__a21bo_1)
     2    0.01    0.05    0.19    8.42 v scaleAdd._417_/X (sky130_fd_sc_hd__a21bo_1)
                                         scaleAdd._120_ (net)
                  0.05    0.00    8.42 v scaleAdd._432_/A1 (sky130_fd_sc_hd__a21o_1)
     2    0.01    0.05    0.18    8.60 v scaleAdd._432_/X (sky130_fd_sc_hd__a21o_1)
                                         scaleAdd._134_ (net)
                  0.05    0.00    8.60 v scaleAdd._444_/A1 (sky130_fd_sc_hd__a21o_1)
     2    0.01    0.05    0.18    8.78 v scaleAdd._444_/X (sky130_fd_sc_hd__a21o_1)
                                         scaleAdd._145_ (net)
                  0.05    0.00    8.78 v scaleAdd._447_/A1 (sky130_fd_sc_hd__a21o_1)
     2    0.00    0.04    0.17    8.95 v scaleAdd._447_/X (sky130_fd_sc_hd__a21o_1)
                                         scaleAdd._147_ (net)
                  0.04    0.00    8.95 v rebuffer19/A (sky130_fd_sc_hd__clkbuf_2)
     1    0.01    0.05    0.12    9.07 v rebuffer19/X (sky130_fd_sc_hd__clkbuf_2)
                                         net77 (net)
                  0.05    0.00    9.07 v scaleAdd._448_/A (sky130_fd_sc_hd__xor2_2)
     4    0.01    0.08    0.20    9.27 v scaleAdd._448_/X (sky130_fd_sc_hd__xor2_2)
                                         accumulator.io_inMant[14] (net)
                  0.08    0.00    9.27 v accumulator._1181_/A (sky130_fd_sc_hd__or4_4)
     1    0.01    0.09    0.58    9.85 v accumulator._1181_/X (sky130_fd_sc_hd__or4_4)
                                         accumulator._0045_ (net)
                  0.09    0.00    9.85 v accumulator._1182_/A (sky130_fd_sc_hd__buf_8)
     8    0.02    0.03    0.15   10.00 v accumulator._1182_/X (sky130_fd_sc_hd__buf_8)
                                         accumulator._0055_ (net)
                  0.03    0.00   10.00 v accumulator._1200_/A_N (sky130_fd_sc_hd__and2b_1)
     3    0.01    0.08    0.22   10.22 ^ accumulator._1200_/X (sky130_fd_sc_hd__and2b_1)
                                         accumulator._0232_ (net)
                  0.08    0.00   10.22 ^ accumulator._1201_/B1_N (sky130_fd_sc_hd__o21ba_4)
     3    0.01    0.04    0.17   10.39 v accumulator._1201_/X (sky130_fd_sc_hd__o21ba_4)
                                         accumulator._0241_ (net)
                  0.04    0.00   10.39 v accumulator._1202_/A (sky130_fd_sc_hd__and2_4)
     3    0.01    0.03    0.14   10.53 v accumulator._1202_/X (sky130_fd_sc_hd__and2_4)
                                         accumulator._0251_ (net)
                  0.03    0.00   10.53 v accumulator._1204_/B (sky130_fd_sc_hd__or2_4)
     3    0.01    0.05    0.24   10.78 v accumulator._1204_/X (sky130_fd_sc_hd__or2_4)
                                         accumulator._0271_ (net)
                  0.05    0.00   10.78 v accumulator._1205_/A (sky130_fd_sc_hd__inv_2)
     3    0.01    0.05    0.07   10.85 ^ accumulator._1205_/Y (sky130_fd_sc_hd__inv_2)
                                         accumulator._0281_ (net)
                  0.05    0.00   10.85 ^ accumulator._1218_/A1 (sky130_fd_sc_hd__a311o_1)
     3    0.01    0.12    0.21   11.06 ^ accumulator._1218_/X (sky130_fd_sc_hd__a311o_1)
                                         accumulator._0315_ (net)
                  0.12    0.00   11.06 ^ rebuffer25/A (sky130_fd_sc_hd__clkbuf_1)
     1    0.00    0.06    0.12   11.18 ^ rebuffer25/X (sky130_fd_sc_hd__clkbuf_1)
                                         net83 (net)
                  0.06    0.00   11.18 ^ rebuffer10/A (sky130_fd_sc_hd__clkbuf_2)
     1    0.00    0.03    0.10   11.28 ^ rebuffer10/X (sky130_fd_sc_hd__clkbuf_2)
                                         net68 (net)
                  0.03    0.00   11.28 ^ rebuffer8/A (sky130_fd_sc_hd__clkbuf_1)
     1    0.01    0.07    0.10   11.37 ^ rebuffer8/X (sky130_fd_sc_hd__clkbuf_1)
                                         net66 (net)
                  0.07    0.00   11.37 ^ accumulator._1219_/A (sky130_fd_sc_hd__nand3_2)
     2    0.01    0.08    0.07   11.45 v accumulator._1219_/Y (sky130_fd_sc_hd__nand3_2)
                                         accumulator._0316_ (net)
                  0.08    0.00   11.45 v accumulator._1228_/A2 (sky130_fd_sc_hd__a211o_1)
     2    0.01    0.07    0.34   11.79 v accumulator._1228_/X (sky130_fd_sc_hd__a211o_1)
                                         accumulator._0325_ (net)
                  0.07    0.00   11.79 v accumulator._1242_/A2 (sky130_fd_sc_hd__o22a_1)
     3    0.01    0.07    0.24   12.03 v accumulator._1242_/X (sky130_fd_sc_hd__o22a_1)
                                         accumulator._0339_ (net)
                  0.07    0.00   12.03 v accumulator._1243_/A (sky130_fd_sc_hd__buf_4)
    10    0.03    0.06    0.19   12.22 v accumulator._1243_/X (sky130_fd_sc_hd__buf_4)
                                         accumulator._0340_ (net)
                  0.06    0.00   12.22 v accumulator._1249_/B1 (sky130_fd_sc_hd__a21o_4)
     3    0.02    0.06    0.22   12.44 v accumulator._1249_/X (sky130_fd_sc_hd__a21o_4)
                                         accumulator._0346_ (net)
                  0.06    0.00   12.44 v accumulator._1250_/B (sky130_fd_sc_hd__xor2_4)
     3    0.03    0.10    0.19   12.64 v accumulator._1250_/X (sky130_fd_sc_hd__xor2_4)
                                         accumulator._0347_ (net)
                  0.10    0.00   12.64 v accumulator._1259_/A2 (sky130_fd_sc_hd__a21o_4)
     2    0.02    0.05    0.27   12.91 v accumulator._1259_/X (sky130_fd_sc_hd__a21o_4)
                                         accumulator._0356_ (net)
                  0.05    0.00   12.91 v accumulator._1264_/A2 (sky130_fd_sc_hd__a21o_1)
     2    0.01    0.04    0.20   13.10 v accumulator._1264_/X (sky130_fd_sc_hd__a21o_1)
                                         accumulator._0361_ (net)
                  0.04    0.00   13.10 v accumulator._1266_/A1 (sky130_fd_sc_hd__a21o_1)
     2    0.01    0.04    0.17   13.28 v accumulator._1266_/X (sky130_fd_sc_hd__a21o_1)
                                         accumulator._0363_ (net)
                  0.04    0.00   13.28 v accumulator._1272_/A1 (sky130_fd_sc_hd__a21o_1)
     2    0.02    0.10    0.23   13.50 v accumulator._1272_/X (sky130_fd_sc_hd__a21o_1)
                                         accumulator._0369_ (net)
                  0.10    0.00   13.50 v accumulator._1278_/A1 (sky130_fd_sc_hd__a21oi_4)
     3    0.02    0.17    0.21   13.71 ^ accumulator._1278_/Y (sky130_fd_sc_hd__a21oi_4)
                                         accumulator._0375_ (net)
                  0.17    0.00   13.71 ^ rebuffer21/A (sky130_fd_sc_hd__buf_6)
     2    0.02    0.05    0.15   13.86 ^ rebuffer21/X (sky130_fd_sc_hd__buf_6)
                                         net79 (net)
                  0.05    0.00   13.86 ^ accumulator._1289_/B (sky130_fd_sc_hd__xnor2_4)
     9    0.03    0.26    0.16   14.02 ^ accumulator._1289_/Y (sky130_fd_sc_hd__xnor2_4)
                                         accumulator._0386_ (net)
                  0.26    0.00   14.02 ^ accumulator._1330_/S (sky130_fd_sc_hd__mux2_4)
     6    0.02    0.07    0.38   14.40 v accumulator._1330_/X (sky130_fd_sc_hd__mux2_4)
                                         accumulator._0425_ (net)
                  0.07    0.00   14.40 v clone38/A (sky130_fd_sc_hd__buf_4)
     5    0.02    0.04    0.17   14.57 v clone38/X (sky130_fd_sc_hd__buf_4)
                                         net96 (net)
                  0.04    0.00   14.57 v accumulator._1526_/A1 (sky130_fd_sc_hd__a21o_1)
     2    0.01    0.05    0.18   14.75 v accumulator._1526_/X (sky130_fd_sc_hd__a21o_1)
                                         accumulator._0621_ (net)
                  0.05    0.00   14.75 v accumulator._1527_/A2 (sky130_fd_sc_hd__a21o_1)
     2    0.00    0.04    0.19   14.94 v accumulator._1527_/X (sky130_fd_sc_hd__a21o_1)
                                         accumulator._0622_ (net)
                  0.04    0.00   14.94 v accumulator._1528_/C (sky130_fd_sc_hd__and3_1)
     2    0.01    0.07    0.22   15.16 v accumulator._1528_/X (sky130_fd_sc_hd__and3_1)
                                         accumulator._0623_ (net)
                  0.07    0.00   15.16 v accumulator._1644_/A2 (sky130_fd_sc_hd__o311ai_4)
     3    0.01    0.29    0.34   15.50 ^ accumulator._1644_/Y (sky130_fd_sc_hd__o311ai_4)
                                         accumulator._0739_ (net)
                  0.29    0.00   15.50 ^ accumulator._1716_/A (sky130_fd_sc_hd__nand3_2)
     2    0.01    0.10    0.12   15.62 v accumulator._1716_/Y (sky130_fd_sc_hd__nand3_2)
                                         accumulator._0811_ (net)
                  0.10    0.00   15.62 v accumulator._1736_/A1 (sky130_fd_sc_hd__a2111o_4)
     5    0.02    0.09    0.52   16.14 v accumulator._1736_/X (sky130_fd_sc_hd__a2111o_4)
                                         accumulator._0831_ (net)
                  0.09    0.00   16.15 v accumulator._1738_/A1 (sky130_fd_sc_hd__a21o_1)
     3    0.01    0.06    0.21   16.35 v accumulator._1738_/X (sky130_fd_sc_hd__a21o_1)
                                         accumulator._0833_ (net)
                  0.06    0.00   16.35 v accumulator._1744_/A1 (sky130_fd_sc_hd__a2111o_1)
     3    0.01    0.10    0.43   16.78 v accumulator._1744_/X (sky130_fd_sc_hd__a2111o_1)
                                         accumulator._0839_ (net)
                  0.10    0.00   16.78 v accumulator._1748_/A1 (sky130_fd_sc_hd__a2111o_1)
     2    0.01    0.07    0.41   17.20 v accumulator._1748_/X (sky130_fd_sc_hd__a2111o_1)
                                         accumulator._0843_ (net)
                  0.07    0.00   17.20 v accumulator._1751_/A1 (sky130_fd_sc_hd__a21o_1)
     2    0.01    0.06    0.20   17.39 v accumulator._1751_/X (sky130_fd_sc_hd__a21o_1)
                                         accumulator._0846_ (net)
                  0.06    0.00   17.39 v accumulator._1773_/A1 (sky130_fd_sc_hd__a21o_1)
     2    0.01    0.05    0.18   17.57 v accumulator._1773_/X (sky130_fd_sc_hd__a21o_1)
                                         accumulator._0868_ (net)
                  0.05    0.00   17.57 v accumulator._1798_/A1 (sky130_fd_sc_hd__a311o_1)
     2    0.01    0.08    0.30   17.87 v accumulator._1798_/X (sky130_fd_sc_hd__a311o_1)
                                         accumulator._0893_ (net)
                  0.08    0.00   17.87 v accumulator._1814_/A2 (sky130_fd_sc_hd__a21o_1)
     2    0.01    0.07    0.24   18.11 v accumulator._1814_/X (sky130_fd_sc_hd__a21o_1)
                                         accumulator._0909_ (net)
                  0.07    0.00   18.11 v accumulator._1821_/A2 (sky130_fd_sc_hd__a21o_1)
     3    0.01    0.06    0.23   18.33 v accumulator._1821_/X (sky130_fd_sc_hd__a21o_1)
                                         accumulator._0916_ (net)
                  0.06    0.00   18.33 v accumulator._1926_/A2 (sky130_fd_sc_hd__a21o_1)
     3    0.01    0.08    0.24   18.57 v accumulator._1926_/X (sky130_fd_sc_hd__a21o_1)
                                         accumulator._1021_ (net)
                  0.08    0.00   18.57 v accumulator._2045_/S (sky130_fd_sc_hd__mux2_4)
     4    0.01    0.07    0.35   18.92 v accumulator._2045_/X (sky130_fd_sc_hd__mux2_4)
                                         accumulator._1140_ (net)
                  0.07    0.00   18.92 v accumulator._2059_/B2 (sky130_fd_sc_hd__a221oi_2)
     1    0.00    0.18    0.24   19.17 ^ accumulator._2059_/Y (sky130_fd_sc_hd__a221oi_2)
                                         accumulator._1155_ (net)
                  0.18    0.00   19.17 ^ accumulator._2060_/A1 (sky130_fd_sc_hd__o21ai_1)
     1    0.00    0.09    0.11   19.28 v accumulator._2060_/Y (sky130_fd_sc_hd__o21ai_1)
                                         accumulator._1156_ (net)
                  0.09    0.00   19.28 v accumulator._2061_/A1 (sky130_fd_sc_hd__a21o_1)
     1    0.00    0.03    0.18   19.46 v accumulator._2061_/X (sky130_fd_sc_hd__a21o_1)
                                         accumulator._1157_ (net)
                  0.03    0.00   19.46 v accumulator._2062_/A1 (sky130_fd_sc_hd__a21o_1)
     1    0.00    0.04    0.16   19.61 v accumulator._2062_/X (sky130_fd_sc_hd__a21o_1)
                                         accumulator._1158_ (net)
                  0.04    0.00   19.61 v accumulator._2063_/A1 (sky130_fd_sc_hd__a21o_1)
     1    0.00    0.03    0.15   19.77 v accumulator._2063_/X (sky130_fd_sc_hd__a21o_1)
                                         accumulator._1159_ (net)
                  0.03    0.00   19.77 v accumulator._2064_/A1 (sky130_fd_sc_hd__a21o_1)
     1    0.00    0.04    0.16   19.92 v accumulator._2064_/X (sky130_fd_sc_hd__a21o_1)
                                         accumulator._1160_ (net)
                  0.04    0.00   19.92 v accumulator._2065_/A1 (sky130_fd_sc_hd__a21oi_1)
     1    0.00    0.13    0.14   20.07 ^ accumulator._2065_/Y (sky130_fd_sc_hd__a21oi_1)
                                         accumulator._1161_ (net)
                  0.13    0.00   20.07 ^ accumulator._2067_/A1 (sky130_fd_sc_hd__o21ai_1)
     1    0.00    0.06    0.09   20.16 v accumulator._2067_/Y (sky130_fd_sc_hd__o21ai_1)
                                         accumulator._1163_ (net)
                  0.06    0.00   20.16 v accumulator._2068_/A1 (sky130_fd_sc_hd__a21o_1)
     1    0.00    0.03    0.16   20.33 v accumulator._2068_/X (sky130_fd_sc_hd__a21o_1)
                                         accumulator._1164_ (net)
                  0.03    0.00   20.33 v accumulator._2069_/A1 (sky130_fd_sc_hd__a21o_1)
     1    0.01    0.04    0.16   20.49 v accumulator._2069_/X (sky130_fd_sc_hd__a21o_1)
                                         accumulator._1165_ (net)
                  0.04    0.00   20.49 v accumulator._2070_/A1 (sky130_fd_sc_hd__a211o_1)
     1    0.01    0.06    0.28   20.77 v accumulator._2070_/X (sky130_fd_sc_hd__a211o_1)
                                         accumulator._1167_ (net)
                  0.06    0.00   20.77 v accumulator._2073_/B2 (sky130_fd_sc_hd__a2bb2o_4)
     4    0.03    0.07    0.26   21.03 v accumulator._2073_/X (sky130_fd_sc_hd__a2bb2o_4)
                                         accumulator._1170_ (net)
                  0.07    0.00   21.03 v accumulator._2074_/A (sky130_fd_sc_hd__buf_8)
     6    0.04    0.04    0.15   21.18 v accumulator._2074_/X (sky130_fd_sc_hd__buf_8)
                                         accumulator._1171_ (net)
                  0.04    0.00   21.19 v clone45/A (sky130_fd_sc_hd__clkbuf_16)
     5    0.02    0.03    0.15   21.34 v clone45/X (sky130_fd_sc_hd__clkbuf_16)
                                         net103 (net)
                  0.03    0.00   21.34 v accumulator._2187_/S (sky130_fd_sc_hd__mux2_4)
     2    0.01    0.06    0.31   21.65 v accumulator._2187_/X (sky130_fd_sc_hd__mux2_4)
                                         accumulator._0141_ (net)
                  0.06    0.00   21.65 v accumulator._2209_/A0 (sky130_fd_sc_hd__mux2_4)
     2    0.01    0.06    0.29   21.94 v accumulator._2209_/X (sky130_fd_sc_hd__mux2_4)
                                         accumulator._0163_ (net)
                  0.06    0.00   21.94 v accumulator._2210_/A1 (sky130_fd_sc_hd__mux2_4)
     2    0.00    0.05    0.27   22.21 v accumulator._2210_/X (sky130_fd_sc_hd__mux2_4)
                                         accumulator._0165_ (net)
                  0.05    0.00   22.21 v accumulator._2212_/A0 (sky130_fd_sc_hd__mux2_2)
     1    0.00    0.05    0.26   22.48 v accumulator._2212_/X (sky130_fd_sc_hd__mux2_2)
                                         accumulator._0167_ (net)
                  0.05    0.00   22.48 v accumulator._2213_/B2 (sky130_fd_sc_hd__o221a_1)
     1    0.00    0.04    0.20   22.68 v accumulator._2213_/X (sky130_fd_sc_hd__o221a_1)
                                         accumulator._0015_ (net)
                  0.04    0.00   22.68 v accumulator._2370_/D (sky130_fd_sc_hd__dfxtp_1)
                                 22.68   data arrival time

                         25.00   25.00   clock clock (rise edge)
                          0.00   25.00   clock source latency
     1    0.01    0.07    0.05   25.05 ^ clock (in)
                                         clock (net)
                  0.07    0.00   25.05 ^ clkbuf_0_clock/A (sky130_fd_sc_hd__clkbuf_16)
     4    0.03    0.05    0.14   25.19 ^ clkbuf_0_clock/X (sky130_fd_sc_hd__clkbuf_16)
                                         clknet_0_clock (net)
                  0.05    0.00   25.19 ^ clkbuf_2_1__f_clock/A (sky130_fd_sc_hd__clkbuf_16)
     9    0.03    0.05    0.13   25.32 ^ clkbuf_2_1__f_clock/X (sky130_fd_sc_hd__clkbuf_16)
                                         clknet_2_1__leaf_clock (net)
                  0.05    0.00   25.32 ^ accumulator._2370_/CLK (sky130_fd_sc_hd__dfxtp_1)
                         -0.25   25.07   clock uncertainty
                          0.00   25.07   clock reconvergence pessimism
                         -0.11   24.96   library setup time
                                 24.96   data required time
-----------------------------------------------------------------------------
                                 24.96   data required time
                                -22.68   data arrival time
-----------------------------------------------------------------------------
                                  2.28   slack (MET)


Startpoint: io_inScaleA[7] (input port clocked by clock)
Endpoint: accumulator._2377_ (rising edge-triggered flip-flop clocked by clock)
Path Group: clock
Path Type: max

Fanout     Cap    Slew   Delay    Time   Description
-----------------------------------------------------------------------------
                          0.00    0.00   clock clock (rise edge)
                          0.00    0.00   clock network delay (propagated)
                          5.00    5.00 v input external delay
     1    0.01    0.01    0.01    5.01 v io_inScaleA[7] (in)
                                         io_inScaleA[7] (net)
                  0.01    0.00    5.01 v input16/A (sky130_fd_sc_hd__clkbuf_2)
     5    0.02    0.07    0.13    5.14 v input16/X (sky130_fd_sc_hd__clkbuf_2)
                                         net16 (net)
                  0.07    0.00    5.14 v scaleAdd._280_/A1 (sky130_fd_sc_hd__o31a_1)
     3    0.01    0.07    0.34    5.48 v scaleAdd._280_/X (sky130_fd_sc_hd__o31a_1)
                                         scaleAdd._222_ (net)
                  0.07    0.00    5.48 v scaleAdd._282_/A2 (sky130_fd_sc_hd__a21o_1)
     3    0.01    0.08    0.24    5.72 v scaleAdd._282_/X (sky130_fd_sc_hd__a21o_1)
                                         scaleAdd._224_ (net)
                  0.08    0.00    5.72 v scaleAdd._284_/A1 (sky130_fd_sc_hd__a21oi_4)
     3    0.02    0.16    0.19    5.91 ^ scaleAdd._284_/Y (sky130_fd_sc_hd__a21oi_4)
                                         scaleAdd._226_ (net)
                  0.16    0.00    5.91 ^ scaleAdd._287_/A (sky130_fd_sc_hd__xnor2_2)
     1    0.01    0.19    0.16    6.08 ^ scaleAdd._287_/Y (sky130_fd_sc_hd__xnor2_2)
                                         scaleAdd._229_ (net)
                  0.19    0.00    6.08 ^ scaleAdd._288_/A (sky130_fd_sc_hd__xnor2_2)
     3    0.02    0.10    0.14    6.22 v scaleAdd._288_/Y (sky130_fd_sc_hd__xnor2_2)
                                         scaleAdd._230_ (net)
                  0.10    0.00    6.22 v scaleAdd._346_/A2 (sky130_fd_sc_hd__a21o_1)
     1    0.01    0.05    0.22    6.44 v scaleAdd._346_/X (sky130_fd_sc_hd__a21o_1)
                                         scaleAdd._052_ (net)
                  0.05    0.00    6.44 v scaleAdd._348_/A2 (sky130_fd_sc_hd__a21o_4)
     2    0.03    0.06    0.26    6.70 v scaleAdd._348_/X (sky130_fd_sc_hd__a21o_4)
                                         scaleAdd._054_ (net)
                  0.06    0.00    6.70 v scaleAdd._349_/A (sky130_fd_sc_hd__xor2_4)
     5    0.01    0.08    0.20    6.90 v scaleAdd._349_/X (sky130_fd_sc_hd__xor2_4)
                                         scaleAdd._055_ (net)
                  0.08    0.00    6.90 v scaleAdd._351_/A1 (sky130_fd_sc_hd__a21o_1)
     2    0.01    0.05    0.19    7.09 v scaleAdd._351_/X (sky130_fd_sc_hd__a21o_1)
                                         scaleAdd._057_ (net)
                  0.05    0.00    7.09 v scaleAdd._353_/A (sky130_fd_sc_hd__and3_1)
     3    0.01    0.06    0.17    7.26 v scaleAdd._353_/X (sky130_fd_sc_hd__and3_1)
                                         scaleAdd._059_ (net)
                  0.06    0.00    7.26 v scaleAdd._355_/B (sky130_fd_sc_hd__or3_4)
     3    0.01    0.07    0.39    7.66 v scaleAdd._355_/X (sky130_fd_sc_hd__or3_4)
                                         scaleAdd._061_ (net)
                  0.07    0.00    7.66 v scaleAdd._359_/A1 (sky130_fd_sc_hd__a21o_1)
     2    0.01    0.05    0.18    7.84 v scaleAdd._359_/X (sky130_fd_sc_hd__a21o_1)
                                         scaleAdd._065_ (net)
                  0.05    0.00    7.84 v scaleAdd._383_/A2 (sky130_fd_sc_hd__a21o_1)
     2    0.01    0.04    0.19    8.03 v scaleAdd._383_/X (sky130_fd_sc_hd__a21o_1)
                                         scaleAdd._088_ (net)
                  0.04    0.00    8.03 v scaleAdd._399_/A1 (sky130_fd_sc_hd__a21o_1)
     2    0.01    0.07    0.19    8.22 v scaleAdd._399_/X (sky130_fd_sc_hd__a21o_1)
                                         scaleAdd._103_ (net)
                  0.07    0.00    8.22 v scaleAdd._417_/A1 (sky130_fd_sc_hd__a21bo_1)
     2    0.01    0.05    0.19    8.42 v scaleAdd._417_/X (sky130_fd_sc_hd__a21bo_1)
                                         scaleAdd._120_ (net)
                  0.05    0.00    8.42 v scaleAdd._432_/A1 (sky130_fd_sc_hd__a21o_1)
     2    0.01    0.05    0.18    8.60 v scaleAdd._432_/X (sky130_fd_sc_hd__a21o_1)
                                         scaleAdd._134_ (net)
                  0.05    0.00    8.60 v scaleAdd._444_/A1 (sky130_fd_sc_hd__a21o_1)
     2    0.01    0.05    0.18    8.78 v scaleAdd._444_/X (sky130_fd_sc_hd__a21o_1)
                                         scaleAdd._145_ (net)
                  0.05    0.00    8.78 v scaleAdd._447_/A1 (sky130_fd_sc_hd__a21o_1)
     2    0.00    0.04    0.17    8.95 v scaleAdd._447_/X (sky130_fd_sc_hd__a21o_1)
                                         scaleAdd._147_ (net)
                  0.04    0.00    8.95 v rebuffer19/A (sky130_fd_sc_hd__clkbuf_2)
     1    0.01    0.05    0.12    9.07 v rebuffer19/X (sky130_fd_sc_hd__clkbuf_2)
                                         net77 (net)
                  0.05    0.00    9.07 v scaleAdd._448_/A (sky130_fd_sc_hd__xor2_2)
     4    0.01    0.08    0.20    9.27 v scaleAdd._448_/X (sky130_fd_sc_hd__xor2_2)
                                         accumulator.io_inMant[14] (net)
                  0.08    0.00    9.27 v accumulator._1181_/A (sky130_fd_sc_hd__or4_4)
     1    0.01    0.09    0.58    9.85 v accumulator._1181_/X (sky130_fd_sc_hd__or4_4)
                                         accumulator._0045_ (net)
                  0.09    0.00    9.85 v accumulator._1182_/A (sky130_fd_sc_hd__buf_8)
     8    0.02    0.03    0.15   10.00 v accumulator._1182_/X (sky130_fd_sc_hd__buf_8)
                                         accumulator._0055_ (net)
                  0.03    0.00   10.00 v accumulator._1200_/A_N (sky130_fd_sc_hd__and2b_1)
     3    0.01    0.08    0.22   10.22 ^ accumulator._1200_/X (sky130_fd_sc_hd__and2b_1)
                                         accumulator._0232_ (net)
                  0.08    0.00   10.22 ^ accumulator._1201_/B1_N (sky130_fd_sc_hd__o21ba_4)
     3    0.01    0.04    0.17   10.39 v accumulator._1201_/X (sky130_fd_sc_hd__o21ba_4)
                                         accumulator._0241_ (net)
                  0.04    0.00   10.39 v accumulator._1202_/A (sky130_fd_sc_hd__and2_4)
     3    0.01    0.03    0.14   10.53 v accumulator._1202_/X (sky130_fd_sc_hd__and2_4)
                                         accumulator._0251_ (net)
                  0.03    0.00   10.53 v accumulator._1204_/B (sky130_fd_sc_hd__or2_4)
     3    0.01    0.05    0.24   10.78 v accumulator._1204_/X (sky130_fd_sc_hd__or2_4)
                                         accumulator._0271_ (net)
                  0.05    0.00   10.78 v accumulator._1205_/A (sky130_fd_sc_hd__inv_2)
     3    0.01    0.05    0.07   10.85 ^ accumulator._1205_/Y (sky130_fd_sc_hd__inv_2)
                                         accumulator._0281_ (net)
                  0.05    0.00   10.85 ^ accumulator._1218_/A1 (sky130_fd_sc_hd__a311o_1)
     3    0.01    0.12    0.21   11.06 ^ accumulator._1218_/X (sky130_fd_sc_hd__a311o_1)
                                         accumulator._0315_ (net)
                  0.12    0.00   11.06 ^ rebuffer25/A (sky130_fd_sc_hd__clkbuf_1)
     1    0.00    0.06    0.12   11.18 ^ rebuffer25/X (sky130_fd_sc_hd__clkbuf_1)
                                         net83 (net)
                  0.06    0.00   11.18 ^ rebuffer10/A (sky130_fd_sc_hd__clkbuf_2)
     1    0.00    0.03    0.10   11.28 ^ rebuffer10/X (sky130_fd_sc_hd__clkbuf_2)
                                         net68 (net)
                  0.03    0.00   11.28 ^ rebuffer8/A (sky130_fd_sc_hd__clkbuf_1)
     1    0.01    0.07    0.10   11.37 ^ rebuffer8/X (sky130_fd_sc_hd__clkbuf_1)
                                         net66 (net)
                  0.07    0.00   11.37 ^ accumulator._1219_/A (sky130_fd_sc_hd__nand3_2)
     2    0.01    0.08    0.07   11.45 v accumulator._1219_/Y (sky130_fd_sc_hd__nand3_2)
                                         accumulator._0316_ (net)
                  0.08    0.00   11.45 v accumulator._1228_/A2 (sky130_fd_sc_hd__a211o_1)
     2    0.01    0.07    0.34   11.79 v accumulator._1228_/X (sky130_fd_sc_hd__a211o_1)
                                         accumulator._0325_ (net)
                  0.07    0.00   11.79 v accumulator._1242_/A2 (sky130_fd_sc_hd__o22a_1)
     3    0.01    0.07    0.24   12.03 v accumulator._1242_/X (sky130_fd_sc_hd__o22a_1)
                                         accumulator._0339_ (net)
                  0.07    0.00   12.03 v accumulator._1243_/A (sky130_fd_sc_hd__buf_4)
    10    0.03    0.06    0.19   12.22 v accumulator._1243_/X (sky130_fd_sc_hd__buf_4)
                                         accumulator._0340_ (net)
                  0.06    0.00   12.22 v accumulator._1249_/B1 (sky130_fd_sc_hd__a21o_4)
     3    0.02    0.06    0.22   12.44 v accumulator._1249_/X (sky130_fd_sc_hd__a21o_4)
                                         accumulator._0346_ (net)
                  0.06    0.00   12.44 v accumulator._1250_/B (sky130_fd_sc_hd__xor2_4)
     3    0.03    0.10    0.19   12.64 v accumulator._1250_/X (sky130_fd_sc_hd__xor2_4)
                                         accumulator._0347_ (net)
                  0.10    0.00   12.64 v accumulator._1259_/A2 (sky130_fd_sc_hd__a21o_4)
     2    0.02    0.05    0.27   12.91 v accumulator._1259_/X (sky130_fd_sc_hd__a21o_4)
                                         accumulator._0356_ (net)
                  0.05    0.00   12.91 v accumulator._1264_/A2 (sky130_fd_sc_hd__a21o_1)
     2    0.01    0.04    0.20   13.10 v accumulator._1264_/X (sky130_fd_sc_hd__a21o_1)
                                         accumulator._0361_ (net)
                  0.04    0.00   13.10 v accumulator._1266_/A1 (sky130_fd_sc_hd__a21o_1)
     2    0.01    0.04    0.17   13.28 v accumulator._1266_/X (sky130_fd_sc_hd__a21o_1)
                                         accumulator._0363_ (net)
                  0.04    0.00   13.28 v accumulator._1272_/A1 (sky130_fd_sc_hd__a21o_1)
     2    0.02    0.10    0.23   13.50 v accumulator._1272_/X (sky130_fd_sc_hd__a21o_1)
                                         accumulator._0369_ (net)
                  0.10    0.00   13.50 v accumulator._1278_/A1 (sky130_fd_sc_hd__a21oi_4)
     3    0.02    0.17    0.21   13.71 ^ accumulator._1278_/Y (sky130_fd_sc_hd__a21oi_4)
                                         accumulator._0375_ (net)
                  0.17    0.00   13.71 ^ rebuffer21/A (sky130_fd_sc_hd__buf_6)
     2    0.02    0.05    0.15   13.86 ^ rebuffer21/X (sky130_fd_sc_hd__buf_6)
                                         net79 (net)
                  0.05    0.00   13.86 ^ accumulator._1289_/B (sky130_fd_sc_hd__xnor2_4)
     9    0.03    0.26    0.16   14.02 ^ accumulator._1289_/Y (sky130_fd_sc_hd__xnor2_4)
                                         accumulator._0386_ (net)
                  0.26    0.00   14.02 ^ accumulator._1330_/S (sky130_fd_sc_hd__mux2_4)
     6    0.02    0.07    0.38   14.40 v accumulator._1330_/X (sky130_fd_sc_hd__mux2_4)
                                         accumulator._0425_ (net)
                  0.07    0.00   14.40 v clone38/A (sky130_fd_sc_hd__buf_4)
     5    0.02    0.04    0.17   14.57 v clone38/X (sky130_fd_sc_hd__buf_4)
                                         net96 (net)
                  0.04    0.00   14.57 v accumulator._1526_/A1 (sky130_fd_sc_hd__a21o_1)
     2    0.01    0.05    0.18   14.75 v accumulator._1526_/X (sky130_fd_sc_hd__a21o_1)
                                         accumulator._0621_ (net)
                  0.05    0.00   14.75 v accumulator._1527_/A2 (sky130_fd_sc_hd__a21o_1)
     2    0.00    0.04    0.19   14.94 v accumulator._1527_/X (sky130_fd_sc_hd__a21o_1)
                                         accumulator._0622_ (net)
                  0.04    0.00   14.94 v accumulator._1528_/C (sky130_fd_sc_hd__and3_1)
     2    0.01    0.07    0.22   15.16 v accumulator._1528_/X (sky130_fd_sc_hd__and3_1)
                                         accumulator._0623_ (net)
                  0.07    0.00   15.16 v accumulator._1644_/A2 (sky130_fd_sc_hd__o311ai_4)
     3    0.01    0.29    0.34   15.50 ^ accumulator._1644_/Y (sky130_fd_sc_hd__o311ai_4)
                                         accumulator._0739_ (net)
                  0.29    0.00   15.50 ^ accumulator._1716_/A (sky130_fd_sc_hd__nand3_2)
     2    0.01    0.10    0.12   15.62 v accumulator._1716_/Y (sky130_fd_sc_hd__nand3_2)
                                         accumulator._0811_ (net)
                  0.10    0.00   15.62 v accumulator._1736_/A1 (sky130_fd_sc_hd__a2111o_4)
     5    0.02    0.09    0.52   16.14 v accumulator._1736_/X (sky130_fd_sc_hd__a2111o_4)
                                         accumulator._0831_ (net)
                  0.09    0.00   16.15 v accumulator._1738_/A1 (sky130_fd_sc_hd__a21o_1)
     3    0.01    0.06    0.21   16.35 v accumulator._1738_/X (sky130_fd_sc_hd__a21o_1)
                                         accumulator._0833_ (net)
                  0.06    0.00   16.35 v accumulator._1744_/A1 (sky130_fd_sc_hd__a2111o_1)
     3    0.01    0.10    0.43   16.78 v accumulator._1744_/X (sky130_fd_sc_hd__a2111o_1)
                                         accumulator._0839_ (net)
                  0.10    0.00   16.78 v accumulator._1748_/A1 (sky130_fd_sc_hd__a2111o_1)
     2    0.01    0.07    0.41   17.20 v accumulator._1748_/X (sky130_fd_sc_hd__a2111o_1)
                                         accumulator._0843_ (net)
                  0.07    0.00   17.20 v accumulator._1751_/A1 (sky130_fd_sc_hd__a21o_1)
     2    0.01    0.06    0.20   17.39 v accumulator._1751_/X (sky130_fd_sc_hd__a21o_1)
                                         accumulator._0846_ (net)
                  0.06    0.00   17.39 v accumulator._1773_/A1 (sky130_fd_sc_hd__a21o_1)
     2    0.01    0.05    0.18   17.57 v accumulator._1773_/X (sky130_fd_sc_hd__a21o_1)
                                         accumulator._0868_ (net)
                  0.05    0.00   17.57 v accumulator._1798_/A1 (sky130_fd_sc_hd__a311o_1)
     2    0.01    0.08    0.30   17.87 v accumulator._1798_/X (sky130_fd_sc_hd__a311o_1)
                                         accumulator._0893_ (net)
                  0.08    0.00   17.87 v accumulator._1814_/A2 (sky130_fd_sc_hd__a21o_1)
     2    0.01    0.07    0.24   18.11 v accumulator._1814_/X (sky130_fd_sc_hd__a21o_1)
                                         accumulator._0909_ (net)
                  0.07    0.00   18.11 v accumulator._1821_/A2 (sky130_fd_sc_hd__a21o_1)
     3    0.01    0.06    0.23   18.33 v accumulator._1821_/X (sky130_fd_sc_hd__a21o_1)
                                         accumulator._0916_ (net)
                  0.06    0.00   18.33 v accumulator._1926_/A2 (sky130_fd_sc_hd__a21o_1)
     3    0.01    0.08    0.24   18.57 v accumulator._1926_/X (sky130_fd_sc_hd__a21o_1)
                                         accumulator._1021_ (net)
                  0.08    0.00   18.57 v accumulator._2045_/S (sky130_fd_sc_hd__mux2_4)
     4    0.01    0.07    0.35   18.92 v accumulator._2045_/X (sky130_fd_sc_hd__mux2_4)
                                         accumulator._1140_ (net)
                  0.07    0.00   18.92 v accumulator._2059_/B2 (sky130_fd_sc_hd__a221oi_2)
     1    0.00    0.18    0.24   19.17 ^ accumulator._2059_/Y (sky130_fd_sc_hd__a221oi_2)
                                         accumulator._1155_ (net)
                  0.18    0.00   19.17 ^ accumulator._2060_/A1 (sky130_fd_sc_hd__o21ai_1)
     1    0.00    0.09    0.11   19.28 v accumulator._2060_/Y (sky130_fd_sc_hd__o21ai_1)
                                         accumulator._1156_ (net)
                  0.09    0.00   19.28 v accumulator._2061_/A1 (sky130_fd_sc_hd__a21o_1)
     1    0.00    0.03    0.18   19.46 v accumulator._2061_/X (sky130_fd_sc_hd__a21o_1)
                                         accumulator._1157_ (net)
                  0.03    0.00   19.46 v accumulator._2062_/A1 (sky130_fd_sc_hd__a21o_1)
     1    0.00    0.04    0.16   19.61 v accumulator._2062_/X (sky130_fd_sc_hd__a21o_1)
                                         accumulator._1158_ (net)
                  0.04    0.00   19.61 v accumulator._2063_/A1 (sky130_fd_sc_hd__a21o_1)
     1    0.00    0.03    0.15   19.77 v accumulator._2063_/X (sky130_fd_sc_hd__a21o_1)
                                         accumulator._1159_ (net)
                  0.03    0.00   19.77 v accumulator._2064_/A1 (sky130_fd_sc_hd__a21o_1)
     1    0.00    0.04    0.16   19.92 v accumulator._2064_/X (sky130_fd_sc_hd__a21o_1)
                                         accumulator._1160_ (net)
                  0.04    0.00   19.92 v accumulator._2065_/A1 (sky130_fd_sc_hd__a21oi_1)
     1    0.00    0.13    0.14   20.07 ^ accumulator._2065_/Y (sky130_fd_sc_hd__a21oi_1)
                                         accumulator._1161_ (net)
                  0.13    0.00   20.07 ^ accumulator._2067_/A1 (sky130_fd_sc_hd__o21ai_1)
     1    0.00    0.06    0.09   20.16 v accumulator._2067_/Y (sky130_fd_sc_hd__o21ai_1)
                                         accumulator._1163_ (net)
                  0.06    0.00   20.16 v accumulator._2068_/A1 (sky130_fd_sc_hd__a21o_1)
     1    0.00    0.03    0.16   20.33 v accumulator._2068_/X (sky130_fd_sc_hd__a21o_1)
                                         accumulator._1164_ (net)
                  0.03    0.00   20.33 v accumulator._2069_/A1 (sky130_fd_sc_hd__a21o_1)
     1    0.01    0.04    0.16   20.49 v accumulator._2069_/X (sky130_fd_sc_hd__a21o_1)
                                         accumulator._1165_ (net)
                  0.04    0.00   20.49 v accumulator._2070_/A1 (sky130_fd_sc_hd__a211o_1)
     1    0.01    0.06    0.28   20.77 v accumulator._2070_/X (sky130_fd_sc_hd__a211o_1)
                                         accumulator._1167_ (net)
                  0.06    0.00   20.77 v accumulator._2073_/B2 (sky130_fd_sc_hd__a2bb2o_4)
     4    0.03    0.07    0.26   21.03 v accumulator._2073_/X (sky130_fd_sc_hd__a2bb2o_4)
                                         accumulator._1170_ (net)
                  0.07    0.00   21.03 v clone42/A (sky130_fd_sc_hd__clkbuf_16)
     5    0.02    0.04    0.17   21.20 v clone42/X (sky130_fd_sc_hd__clkbuf_16)
                                         net100 (net)
                  0.04    0.00   21.20 v accumulator._2077_/S (sky130_fd_sc_hd__mux2_2)
     2    0.01    0.06    0.29   21.49 v accumulator._2077_/X (sky130_fd_sc_hd__mux2_2)
                                         accumulator._1174_ (net)
                  0.06    0.00   21.49 v accumulator._2088_/A1 (sky130_fd_sc_hd__mux2_4)
     2    0.01    0.06    0.28   21.78 v accumulator._2088_/X (sky130_fd_sc_hd__mux2_4)
                                         accumulator._0043_ (net)
                  0.06    0.00   21.78 v accumulator._2132_/A0 (sky130_fd_sc_hd__mux2_4)
     2    0.01    0.06    0.29   22.07 v accumulator._2132_/X (sky130_fd_sc_hd__mux2_4)
                                         accumulator._0088_ (net)
                  0.06    0.00   22.07 v accumulator._2134_/A0 (sky130_fd_sc_hd__mux2_4)
     2    0.00    0.05    0.28   22.35 v accumulator._2134_/X (sky130_fd_sc_hd__mux2_4)
                                         accumulator._0090_ (net)
                  0.05    0.00   22.35 v accumulator._2257_/A_N (sky130_fd_sc_hd__and2b_1)
     1    0.00    0.04    0.19   22.54 ^ accumulator._2257_/X (sky130_fd_sc_hd__and2b_1)
                                         accumulator._0209_ (net)
                  0.04    0.00   22.54 ^ accumulator._2265_/B1 (sky130_fd_sc_hd__o221a_1)
     1    0.00    0.06    0.18   22.72 ^ accumulator._2265_/X (sky130_fd_sc_hd__o221a_1)
                                         accumulator._0022_ (net)
                  0.06    0.00   22.72 ^ accumulator._2377_/D (sky130_fd_sc_hd__dfxtp_1)
                                 22.72   data arrival time

                         25.00   25.00   clock clock (rise edge)
                          0.00   25.00   clock source latency
     1    0.01    0.07    0.05   25.05 ^ clock (in)
                                         clock (net)
                  0.07    0.00   25.05 ^ clkbuf_0_clock/A (sky130_fd_sc_hd__clkbuf_16)
     4    0.03    0.05    0.14   25.19 ^ clkbuf_0_clock/X (sky130_fd_sc_hd__clkbuf_16)
                                         clknet_0_clock (net)
                  0.05    0.00   25.19 ^ clkbuf_2_0__f_clock/A (sky130_fd_sc_hd__clkbuf_16)
    11    0.03    0.05    0.13   25.32 ^ clkbuf_2_0__f_clock/X (sky130_fd_sc_hd__clkbuf_16)
                                         clknet_2_0__leaf_clock (net)
                  0.05    0.00   25.32 ^ accumulator._2377_/CLK (sky130_fd_sc_hd__dfxtp_1)
                         -0.25   25.07   clock uncertainty
                          0.00   25.07   clock reconvergence pessimism
                         -0.06   25.01   library setup time
                                 25.01   data required time
-----------------------------------------------------------------------------
                                 25.01   data required time
                                -22.72   data arrival time
-----------------------------------------------------------------------------
                                  2.29   slack (MET)


Startpoint: io_inScaleA[7] (input port clocked by clock)
Endpoint: accumulator._2376_ (rising edge-triggered flip-flop clocked by clock)
Path Group: clock
Path Type: max

Fanout     Cap    Slew   Delay    Time   Description
-----------------------------------------------------------------------------
                          0.00    0.00   clock clock (rise edge)
                          0.00    0.00   clock network delay (propagated)
                          5.00    5.00 v input external delay
     1    0.01    0.01    0.01    5.01 v io_inScaleA[7] (in)
                                         io_inScaleA[7] (net)
                  0.01    0.00    5.01 v input16/A (sky130_fd_sc_hd__clkbuf_2)
     5    0.02    0.07    0.13    5.14 v input16/X (sky130_fd_sc_hd__clkbuf_2)
                                         net16 (net)
                  0.07    0.00    5.14 v scaleAdd._280_/A1 (sky130_fd_sc_hd__o31a_1)
     3    0.01    0.07    0.34    5.48 v scaleAdd._280_/X (sky130_fd_sc_hd__o31a_1)
                                         scaleAdd._222_ (net)
                  0.07    0.00    5.48 v scaleAdd._282_/A2 (sky130_fd_sc_hd__a21o_1)
     3    0.01    0.08    0.24    5.72 v scaleAdd._282_/X (sky130_fd_sc_hd__a21o_1)
                                         scaleAdd._224_ (net)
                  0.08    0.00    5.72 v scaleAdd._284_/A1 (sky130_fd_sc_hd__a21oi_4)
     3    0.02    0.16    0.19    5.91 ^ scaleAdd._284_/Y (sky130_fd_sc_hd__a21oi_4)
                                         scaleAdd._226_ (net)
                  0.16    0.00    5.91 ^ scaleAdd._287_/A (sky130_fd_sc_hd__xnor2_2)
     1    0.01    0.19    0.16    6.08 ^ scaleAdd._287_/Y (sky130_fd_sc_hd__xnor2_2)
                                         scaleAdd._229_ (net)
                  0.19    0.00    6.08 ^ scaleAdd._288_/A (sky130_fd_sc_hd__xnor2_2)
     3    0.02    0.10    0.14    6.22 v scaleAdd._288_/Y (sky130_fd_sc_hd__xnor2_2)
                                         scaleAdd._230_ (net)
                  0.10    0.00    6.22 v scaleAdd._346_/A2 (sky130_fd_sc_hd__a21o_1)
     1    0.01    0.05    0.22    6.44 v scaleAdd._346_/X (sky130_fd_sc_hd__a21o_1)
                                         scaleAdd._052_ (net)
                  0.05    0.00    6.44 v scaleAdd._348_/A2 (sky130_fd_sc_hd__a21o_4)
     2    0.03    0.06    0.26    6.70 v scaleAdd._348_/X (sky130_fd_sc_hd__a21o_4)
                                         scaleAdd._054_ (net)
                  0.06    0.00    6.70 v scaleAdd._349_/A (sky130_fd_sc_hd__xor2_4)
     5    0.01    0.08    0.20    6.90 v scaleAdd._349_/X (sky130_fd_sc_hd__xor2_4)
                                         scaleAdd._055_ (net)
                  0.08    0.00    6.90 v scaleAdd._351_/A1 (sky130_fd_sc_hd__a21o_1)
     2    0.01    0.05    0.19    7.09 v scaleAdd._351_/X (sky130_fd_sc_hd__a21o_1)
                                         scaleAdd._057_ (net)
                  0.05    0.00    7.09 v scaleAdd._353_/A (sky130_fd_sc_hd__and3_1)
     3    0.01    0.06    0.17    7.26 v scaleAdd._353_/X (sky130_fd_sc_hd__and3_1)
                                         scaleAdd._059_ (net)
                  0.06    0.00    7.26 v scaleAdd._355_/B (sky130_fd_sc_hd__or3_4)
     3    0.01    0.07    0.39    7.66 v scaleAdd._355_/X (sky130_fd_sc_hd__or3_4)
                                         scaleAdd._061_ (net)
                  0.07    0.00    7.66 v scaleAdd._359_/A1 (sky130_fd_sc_hd__a21o_1)
     2    0.01    0.05    0.18    7.84 v scaleAdd._359_/X (sky130_fd_sc_hd__a21o_1)
                                         scaleAdd._065_ (net)
                  0.05    0.00    7.84 v scaleAdd._383_/A2 (sky130_fd_sc_hd__a21o_1)
     2    0.01    0.04    0.19    8.03 v scaleAdd._383_/X (sky130_fd_sc_hd__a21o_1)
                                         scaleAdd._088_ (net)
                  0.04    0.00    8.03 v scaleAdd._399_/A1 (sky130_fd_sc_hd__a21o_1)
     2    0.01    0.07    0.19    8.22 v scaleAdd._399_/X (sky130_fd_sc_hd__a21o_1)
                                         scaleAdd._103_ (net)
                  0.07    0.00    8.22 v scaleAdd._417_/A1 (sky130_fd_sc_hd__a21bo_1)
     2    0.01    0.05    0.19    8.42 v scaleAdd._417_/X (sky130_fd_sc_hd__a21bo_1)
                                         scaleAdd._120_ (net)
                  0.05    0.00    8.42 v scaleAdd._432_/A1 (sky130_fd_sc_hd__a21o_1)
     2    0.01    0.05    0.18    8.60 v scaleAdd._432_/X (sky130_fd_sc_hd__a21o_1)
                                         scaleAdd._134_ (net)
                  0.05    0.00    8.60 v scaleAdd._444_/A1 (sky130_fd_sc_hd__a21o_1)
     2    0.01    0.05    0.18    8.78 v scaleAdd._444_/X (sky130_fd_sc_hd__a21o_1)
                                         scaleAdd._145_ (net)
                  0.05    0.00    8.78 v scaleAdd._447_/A1 (sky130_fd_sc_hd__a21o_1)
     2    0.00    0.04    0.17    8.95 v scaleAdd._447_/X (sky130_fd_sc_hd__a21o_1)
                                         scaleAdd._147_ (net)
                  0.04    0.00    8.95 v rebuffer19/A (sky130_fd_sc_hd__clkbuf_2)
     1    0.01    0.05    0.12    9.07 v rebuffer19/X (sky130_fd_sc_hd__clkbuf_2)
                                         net77 (net)
                  0.05    0.00    9.07 v scaleAdd._448_/A (sky130_fd_sc_hd__xor2_2)
     4    0.01    0.08    0.20    9.27 v scaleAdd._448_/X (sky130_fd_sc_hd__xor2_2)
                                         accumulator.io_inMant[14] (net)
                  0.08    0.00    9.27 v accumulator._1181_/A (sky130_fd_sc_hd__or4_4)
     1    0.01    0.09    0.58    9.85 v accumulator._1181_/X (sky130_fd_sc_hd__or4_4)
                                         accumulator._0045_ (net)
                  0.09    0.00    9.85 v accumulator._1182_/A (sky130_fd_sc_hd__buf_8)
     8    0.02    0.03    0.15   10.00 v accumulator._1182_/X (sky130_fd_sc_hd__buf_8)
                                         accumulator._0055_ (net)
                  0.03    0.00   10.00 v accumulator._1200_/A_N (sky130_fd_sc_hd__and2b_1)
     3    0.01    0.08    0.22   10.22 ^ accumulator._1200_/X (sky130_fd_sc_hd__and2b_1)
                                         accumulator._0232_ (net)
                  0.08    0.00   10.22 ^ accumulator._1201_/B1_N (sky130_fd_sc_hd__o21ba_4)
     3    0.01    0.04    0.17   10.39 v accumulator._1201_/X (sky130_fd_sc_hd__o21ba_4)
                                         accumulator._0241_ (net)
                  0.04    0.00   10.39 v accumulator._1202_/A (sky130_fd_sc_hd__and2_4)
     3    0.01    0.03    0.14   10.53 v accumulator._1202_/X (sky130_fd_sc_hd__and2_4)
                                         accumulator._0251_ (net)
                  0.03    0.00   10.53 v accumulator._1204_/B (sky130_fd_sc_hd__or2_4)
     3    0.01    0.05    0.24   10.78 v accumulator._1204_/X (sky130_fd_sc_hd__or2_4)
                                         accumulator._0271_ (net)
                  0.05    0.00   10.78 v accumulator._1205_/A (sky130_fd_sc_hd__inv_2)
     3    0.01    0.05    0.07   10.85 ^ accumulator._1205_/Y (sky130_fd_sc_hd__inv_2)
                                         accumulator._0281_ (net)
                  0.05    0.00   10.85 ^ accumulator._1218_/A1 (sky130_fd_sc_hd__a311o_1)
     3    0.01    0.12    0.21   11.06 ^ accumulator._1218_/X (sky130_fd_sc_hd__a311o_1)
                                         accumulator._0315_ (net)
                  0.12    0.00   11.06 ^ rebuffer25/A (sky130_fd_sc_hd__clkbuf_1)
     1    0.00    0.06    0.12   11.18 ^ rebuffer25/X (sky130_fd_sc_hd__clkbuf_1)
                                         net83 (net)
                  0.06    0.00   11.18 ^ rebuffer10/A (sky130_fd_sc_hd__clkbuf_2)
     1    0.00    0.03    0.10   11.28 ^ rebuffer10/X (sky130_fd_sc_hd__clkbuf_2)
                                         net68 (net)
                  0.03    0.00   11.28 ^ rebuffer8/A (sky130_fd_sc_hd__clkbuf_1)
     1    0.01    0.07    0.10   11.37 ^ rebuffer8/X (sky130_fd_sc_hd__clkbuf_1)
                                         net66 (net)
                  0.07    0.00   11.37 ^ accumulator._1219_/A (sky130_fd_sc_hd__nand3_2)
     2    0.01    0.08    0.07   11.45 v accumulator._1219_/Y (sky130_fd_sc_hd__nand3_2)
                                         accumulator._0316_ (net)
                  0.08    0.00   11.45 v accumulator._1228_/A2 (sky130_fd_sc_hd__a211o_1)
     2    0.01    0.07    0.34   11.79 v accumulator._1228_/X (sky130_fd_sc_hd__a211o_1)
                                         accumulator._0325_ (net)
                  0.07    0.00   11.79 v accumulator._1242_/A2 (sky130_fd_sc_hd__o22a_1)
     3    0.01    0.07    0.24   12.03 v accumulator._1242_/X (sky130_fd_sc_hd__o22a_1)
                                         accumulator._0339_ (net)
                  0.07    0.00   12.03 v accumulator._1243_/A (sky130_fd_sc_hd__buf_4)
    10    0.03    0.06    0.19   12.22 v accumulator._1243_/X (sky130_fd_sc_hd__buf_4)
                                         accumulator._0340_ (net)
                  0.06    0.00   12.22 v accumulator._1249_/B1 (sky130_fd_sc_hd__a21o_4)
     3    0.02    0.06    0.22   12.44 v accumulator._1249_/X (sky130_fd_sc_hd__a21o_4)
                                         accumulator._0346_ (net)
                  0.06    0.00   12.44 v accumulator._1250_/B (sky130_fd_sc_hd__xor2_4)
     3    0.03    0.10    0.19   12.64 v accumulator._1250_/X (sky130_fd_sc_hd__xor2_4)
                                         accumulator._0347_ (net)
                  0.10    0.00   12.64 v accumulator._1259_/A2 (sky130_fd_sc_hd__a21o_4)
     2    0.02    0.05    0.27   12.91 v accumulator._1259_/X (sky130_fd_sc_hd__a21o_4)
                                         accumulator._0356_ (net)
                  0.05    0.00   12.91 v accumulator._1264_/A2 (sky130_fd_sc_hd__a21o_1)
     2    0.01    0.04    0.20   13.10 v accumulator._1264_/X (sky130_fd_sc_hd__a21o_1)
                                         accumulator._0361_ (net)
                  0.04    0.00   13.10 v accumulator._1266_/A1 (sky130_fd_sc_hd__a21o_1)
     2    0.01    0.04    0.17   13.28 v accumulator._1266_/X (sky130_fd_sc_hd__a21o_1)
                                         accumulator._0363_ (net)
                  0.04    0.00   13.28 v accumulator._1272_/A1 (sky130_fd_sc_hd__a21o_1)
     2    0.02    0.10    0.23   13.50 v accumulator._1272_/X (sky130_fd_sc_hd__a21o_1)
                                         accumulator._0369_ (net)
                  0.10    0.00   13.50 v accumulator._1278_/A1 (sky130_fd_sc_hd__a21oi_4)
     3    0.02    0.17    0.21   13.71 ^ accumulator._1278_/Y (sky130_fd_sc_hd__a21oi_4)
                                         accumulator._0375_ (net)
                  0.17    0.00   13.71 ^ rebuffer21/A (sky130_fd_sc_hd__buf_6)
     2    0.02    0.05    0.15   13.86 ^ rebuffer21/X (sky130_fd_sc_hd__buf_6)
                                         net79 (net)
                  0.05    0.00   13.86 ^ accumulator._1289_/B (sky130_fd_sc_hd__xnor2_4)
     9    0.03    0.26    0.16   14.02 ^ accumulator._1289_/Y (sky130_fd_sc_hd__xnor2_4)
                                         accumulator._0386_ (net)
                  0.26    0.00   14.02 ^ accumulator._1330_/S (sky130_fd_sc_hd__mux2_4)
     6    0.02    0.07    0.38   14.40 v accumulator._1330_/X (sky130_fd_sc_hd__mux2_4)
                                         accumulator._0425_ (net)
                  0.07    0.00   14.40 v clone38/A (sky130_fd_sc_hd__buf_4)
     5    0.02    0.04    0.17   14.57 v clone38/X (sky130_fd_sc_hd__buf_4)
                                         net96 (net)
                  0.04    0.00   14.57 v accumulator._1526_/A1 (sky130_fd_sc_hd__a21o_1)
     2    0.01    0.05    0.18   14.75 v accumulator._1526_/X (sky130_fd_sc_hd__a21o_1)
                                         accumulator._0621_ (net)
                  0.05    0.00   14.75 v accumulator._1527_/A2 (sky130_fd_sc_hd__a21o_1)
     2    0.00    0.04    0.19   14.94 v accumulator._1527_/X (sky130_fd_sc_hd__a21o_1)
                                         accumulator._0622_ (net)
                  0.04    0.00   14.94 v accumulator._1528_/C (sky130_fd_sc_hd__and3_1)
     2    0.01    0.07    0.22   15.16 v accumulator._1528_/X (sky130_fd_sc_hd__and3_1)
                                         accumulator._0623_ (net)
                  0.07    0.00   15.16 v accumulator._1644_/A2 (sky130_fd_sc_hd__o311ai_4)
     3    0.01    0.29    0.34   15.50 ^ accumulator._1644_/Y (sky130_fd_sc_hd__o311ai_4)
                                         accumulator._0739_ (net)
                  0.29    0.00   15.50 ^ accumulator._1716_/A (sky130_fd_sc_hd__nand3_2)
     2    0.01    0.10    0.12   15.62 v accumulator._1716_/Y (sky130_fd_sc_hd__nand3_2)
                                         accumulator._0811_ (net)
                  0.10    0.00   15.62 v accumulator._1736_/A1 (sky130_fd_sc_hd__a2111o_4)
     5    0.02    0.09    0.52   16.14 v accumulator._1736_/X (sky130_fd_sc_hd__a2111o_4)
                                         accumulator._0831_ (net)
                  0.09    0.00   16.15 v accumulator._1738_/A1 (sky130_fd_sc_hd__a21o_1)
     3    0.01    0.06    0.21   16.35 v accumulator._1738_/X (sky130_fd_sc_hd__a21o_1)
                                         accumulator._0833_ (net)
                  0.06    0.00   16.35 v accumulator._1744_/A1 (sky130_fd_sc_hd__a2111o_1)
     3    0.01    0.10    0.43   16.78 v accumulator._1744_/X (sky130_fd_sc_hd__a2111o_1)
                                         accumulator._0839_ (net)
                  0.10    0.00   16.78 v accumulator._1748_/A1 (sky130_fd_sc_hd__a2111o_1)
     2    0.01    0.07    0.41   17.20 v accumulator._1748_/X (sky130_fd_sc_hd__a2111o_1)
                                         accumulator._0843_ (net)
                  0.07    0.00   17.20 v accumulator._1751_/A1 (sky130_fd_sc_hd__a21o_1)
     2    0.01    0.06    0.20   17.39 v accumulator._1751_/X (sky130_fd_sc_hd__a21o_1)
                                         accumulator._0846_ (net)
                  0.06    0.00   17.39 v accumulator._1773_/A1 (sky130_fd_sc_hd__a21o_1)
     2    0.01    0.05    0.18   17.57 v accumulator._1773_/X (sky130_fd_sc_hd__a21o_1)
                                         accumulator._0868_ (net)
                  0.05    0.00   17.57 v accumulator._1798_/A1 (sky130_fd_sc_hd__a311o_1)
     2    0.01    0.08    0.30   17.87 v accumulator._1798_/X (sky130_fd_sc_hd__a311o_1)
                                         accumulator._0893_ (net)
                  0.08    0.00   17.87 v accumulator._1814_/A2 (sky130_fd_sc_hd__a21o_1)
     2    0.01    0.07    0.24   18.11 v accumulator._1814_/X (sky130_fd_sc_hd__a21o_1)
                                         accumulator._0909_ (net)
                  0.07    0.00   18.11 v accumulator._1821_/A2 (sky130_fd_sc_hd__a21o_1)
     3    0.01    0.06    0.23   18.33 v accumulator._1821_/X (sky130_fd_sc_hd__a21o_1)
                                         accumulator._0916_ (net)
                  0.06    0.00   18.33 v accumulator._1926_/A2 (sky130_fd_sc_hd__a21o_1)
     3    0.01    0.08    0.24   18.57 v accumulator._1926_/X (sky130_fd_sc_hd__a21o_1)
                                         accumulator._1021_ (net)
                  0.08    0.00   18.57 v accumulator._2045_/S (sky130_fd_sc_hd__mux2_4)
     4    0.01    0.07    0.35   18.92 v accumulator._2045_/X (sky130_fd_sc_hd__mux2_4)
                                         accumulator._1140_ (net)
                  0.07    0.00   18.92 v accumulator._2059_/B2 (sky130_fd_sc_hd__a221oi_2)
     1    0.00    0.18    0.24   19.17 ^ accumulator._2059_/Y (sky130_fd_sc_hd__a221oi_2)
                                         accumulator._1155_ (net)
                  0.18    0.00   19.17 ^ accumulator._2060_/A1 (sky130_fd_sc_hd__o21ai_1)
     1    0.00    0.09    0.11   19.28 v accumulator._2060_/Y (sky130_fd_sc_hd__o21ai_1)
                                         accumulator._1156_ (net)
                  0.09    0.00   19.28 v accumulator._2061_/A1 (sky130_fd_sc_hd__a21o_1)
     1    0.00    0.03    0.18   19.46 v accumulator._2061_/X (sky130_fd_sc_hd__a21o_1)
                                         accumulator._1157_ (net)
                  0.03    0.00   19.46 v accumulator._2062_/A1 (sky130_fd_sc_hd__a21o_1)
     1    0.00    0.04    0.16   19.61 v accumulator._2062_/X (sky130_fd_sc_hd__a21o_1)
                                         accumulator._1158_ (net)
                  0.04    0.00   19.61 v accumulator._2063_/A1 (sky130_fd_sc_hd__a21o_1)
     1    0.00    0.03    0.15   19.77 v accumulator._2063_/X (sky130_fd_sc_hd__a21o_1)
                                         accumulator._1159_ (net)
                  0.03    0.00   19.77 v accumulator._2064_/A1 (sky130_fd_sc_hd__a21o_1)
     1    0.00    0.04    0.16   19.92 v accumulator._2064_/X (sky130_fd_sc_hd__a21o_1)
                                         accumulator._1160_ (net)
                  0.04    0.00   19.92 v accumulator._2065_/A1 (sky130_fd_sc_hd__a21oi_1)
     1    0.00    0.13    0.14   20.07 ^ accumulator._2065_/Y (sky130_fd_sc_hd__a21oi_1)
                                         accumulator._1161_ (net)
                  0.13    0.00   20.07 ^ accumulator._2067_/A1 (sky130_fd_sc_hd__o21ai_1)
     1    0.00    0.06    0.09   20.16 v accumulator._2067_/Y (sky130_fd_sc_hd__o21ai_1)
                                         accumulator._1163_ (net)
                  0.06    0.00   20.16 v accumulator._2068_/A1 (sky130_fd_sc_hd__a21o_1)
     1    0.00    0.03    0.16   20.33 v accumulator._2068_/X (sky130_fd_sc_hd__a21o_1)
                                         accumulator._1164_ (net)
                  0.03    0.00   20.33 v accumulator._2069_/A1 (sky130_fd_sc_hd__a21o_1)
     1    0.01    0.04    0.16   20.49 v accumulator._2069_/X (sky130_fd_sc_hd__a21o_1)
                                         accumulator._1165_ (net)
                  0.04    0.00   20.49 v accumulator._2070_/A1 (sky130_fd_sc_hd__a211o_1)
     1    0.01    0.06    0.28   20.77 v accumulator._2070_/X (sky130_fd_sc_hd__a211o_1)
                                         accumulator._1167_ (net)
                  0.06    0.00   20.77 v accumulator._2073_/B2 (sky130_fd_sc_hd__a2bb2o_4)
     4    0.03    0.07    0.26   21.03 v accumulator._2073_/X (sky130_fd_sc_hd__a2bb2o_4)
                                         accumulator._1170_ (net)
                  0.07    0.00   21.03 v accumulator._2074_/A (sky130_fd_sc_hd__buf_8)
     6    0.04    0.04    0.15   21.18 v accumulator._2074_/X (sky130_fd_sc_hd__buf_8)
                                         accumulator._1171_ (net)
                  0.04    0.00   21.19 v clone45/A (sky130_fd_sc_hd__clkbuf_16)
     5    0.02    0.03    0.15   21.34 v clone45/X (sky130_fd_sc_hd__clkbuf_16)
                                         net103 (net)
                  0.03    0.00   21.34 v accumulator._2187_/S (sky130_fd_sc_hd__mux2_4)
     2    0.01    0.06    0.31   21.65 v accumulator._2187_/X (sky130_fd_sc_hd__mux2_4)
                                         accumulator._0141_ (net)
                  0.06    0.00   21.65 v accumulator._2188_/A1 (sky130_fd_sc_hd__mux2_2)
     2    0.01    0.06    0.29   21.94 v accumulator._2188_/X (sky130_fd_sc_hd__mux2_2)
                                         accumulator._0142_ (net)
                  0.06    0.00   21.94 v accumulator._2189_/A1 (sky130_fd_sc_hd__mux2_4)
     2    0.01    0.06    0.28   22.22 v accumulator._2189_/X (sky130_fd_sc_hd__mux2_4)
                                         accumulator._0143_ (net)
                  0.06    0.00   22.22 v accumulator._2254_/A2 (sky130_fd_sc_hd__o22a_1)
     1    0.00    0.04    0.20   22.42 v accumulator._2254_/X (sky130_fd_sc_hd__o22a_1)
                                         accumulator._0207_ (net)
                  0.04    0.00   22.42 v accumulator._2256_/B1 (sky130_fd_sc_hd__o221a_1)
     1    0.00    0.04    0.23   22.64 v accumulator._2256_/X (sky130_fd_sc_hd__o221a_1)
                                         accumulator._0021_ (net)
                  0.04    0.00   22.64 v accumulator._2376_/D (sky130_fd_sc_hd__dfxtp_1)
                                 22.64   data arrival time

                         25.00   25.00   clock clock (rise edge)
                          0.00   25.00   clock source latency
     1    0.01    0.07    0.05   25.05 ^ clock (in)
                                         clock (net)
                  0.07    0.00   25.05 ^ clkbuf_0_clock/A (sky130_fd_sc_hd__clkbuf_16)
     4    0.03    0.05    0.14   25.19 ^ clkbuf_0_clock/X (sky130_fd_sc_hd__clkbuf_16)
                                         clknet_0_clock (net)
                  0.05    0.00   25.19 ^ clkbuf_2_1__f_clock/A (sky130_fd_sc_hd__clkbuf_16)
     9    0.03    0.05    0.13   25.32 ^ clkbuf_2_1__f_clock/X (sky130_fd_sc_hd__clkbuf_16)
                                         clknet_2_1__leaf_clock (net)
                  0.05    0.00   25.32 ^ accumulator._2376_/CLK (sky130_fd_sc_hd__dfxtp_1)
                         -0.25   25.07   clock uncertainty
                          0.00   25.07   clock reconvergence pessimism
                         -0.11   24.96   library setup time
                                 24.96   data required time
-----------------------------------------------------------------------------
                                 24.96   data required time
                                -22.64   data arrival time
-----------------------------------------------------------------------------
                                  2.31   slack (MET)


Startpoint: io_inScaleA[7] (input port clocked by clock)
Endpoint: accumulator._2368_ (rising edge-triggered flip-flop clocked by clock)
Path Group: clock
Path Type: max

Fanout     Cap    Slew   Delay    Time   Description
-----------------------------------------------------------------------------
                          0.00    0.00   clock clock (rise edge)
                          0.00    0.00   clock network delay (propagated)
                          5.00    5.00 v input external delay
     1    0.01    0.01    0.01    5.01 v io_inScaleA[7] (in)
                                         io_inScaleA[7] (net)
                  0.01    0.00    5.01 v input16/A (sky130_fd_sc_hd__clkbuf_2)
     5    0.02    0.07    0.13    5.14 v input16/X (sky130_fd_sc_hd__clkbuf_2)
                                         net16 (net)
                  0.07    0.00    5.14 v scaleAdd._280_/A1 (sky130_fd_sc_hd__o31a_1)
     3    0.01    0.07    0.34    5.48 v scaleAdd._280_/X (sky130_fd_sc_hd__o31a_1)
                                         scaleAdd._222_ (net)
                  0.07    0.00    5.48 v scaleAdd._282_/A2 (sky130_fd_sc_hd__a21o_1)
     3    0.01    0.08    0.24    5.72 v scaleAdd._282_/X (sky130_fd_sc_hd__a21o_1)
                                         scaleAdd._224_ (net)
                  0.08    0.00    5.72 v scaleAdd._284_/A1 (sky130_fd_sc_hd__a21oi_4)
     3    0.02    0.16    0.19    5.91 ^ scaleAdd._284_/Y (sky130_fd_sc_hd__a21oi_4)
                                         scaleAdd._226_ (net)
                  0.16    0.00    5.91 ^ scaleAdd._287_/A (sky130_fd_sc_hd__xnor2_2)
     1    0.01    0.19    0.16    6.08 ^ scaleAdd._287_/Y (sky130_fd_sc_hd__xnor2_2)
                                         scaleAdd._229_ (net)
                  0.19    0.00    6.08 ^ scaleAdd._288_/A (sky130_fd_sc_hd__xnor2_2)
     3    0.02    0.10    0.14    6.22 v scaleAdd._288_/Y (sky130_fd_sc_hd__xnor2_2)
                                         scaleAdd._230_ (net)
                  0.10    0.00    6.22 v scaleAdd._346_/A2 (sky130_fd_sc_hd__a21o_1)
     1    0.01    0.05    0.22    6.44 v scaleAdd._346_/X (sky130_fd_sc_hd__a21o_1)
                                         scaleAdd._052_ (net)
                  0.05    0.00    6.44 v scaleAdd._348_/A2 (sky130_fd_sc_hd__a21o_4)
     2    0.03    0.06    0.26    6.70 v scaleAdd._348_/X (sky130_fd_sc_hd__a21o_4)
                                         scaleAdd._054_ (net)
                  0.06    0.00    6.70 v scaleAdd._349_/A (sky130_fd_sc_hd__xor2_4)
     5    0.01    0.08    0.20    6.90 v scaleAdd._349_/X (sky130_fd_sc_hd__xor2_4)
                                         scaleAdd._055_ (net)
                  0.08    0.00    6.90 v scaleAdd._351_/A1 (sky130_fd_sc_hd__a21o_1)
     2    0.01    0.05    0.19    7.09 v scaleAdd._351_/X (sky130_fd_sc_hd__a21o_1)
                                         scaleAdd._057_ (net)
                  0.05    0.00    7.09 v scaleAdd._353_/A (sky130_fd_sc_hd__and3_1)
     3    0.01    0.06    0.17    7.26 v scaleAdd._353_/X (sky130_fd_sc_hd__and3_1)
                                         scaleAdd._059_ (net)
                  0.06    0.00    7.26 v scaleAdd._355_/B (sky130_fd_sc_hd__or3_4)
     3    0.01    0.07    0.39    7.66 v scaleAdd._355_/X (sky130_fd_sc_hd__or3_4)
                                         scaleAdd._061_ (net)
                  0.07    0.00    7.66 v scaleAdd._359_/A1 (sky130_fd_sc_hd__a21o_1)
     2    0.01    0.05    0.18    7.84 v scaleAdd._359_/X (sky130_fd_sc_hd__a21o_1)
                                         scaleAdd._065_ (net)
                  0.05    0.00    7.84 v scaleAdd._383_/A2 (sky130_fd_sc_hd__a21o_1)
     2    0.01    0.04    0.19    8.03 v scaleAdd._383_/X (sky130_fd_sc_hd__a21o_1)
                                         scaleAdd._088_ (net)
                  0.04    0.00    8.03 v scaleAdd._399_/A1 (sky130_fd_sc_hd__a21o_1)
     2    0.01    0.07    0.19    8.22 v scaleAdd._399_/X (sky130_fd_sc_hd__a21o_1)
                                         scaleAdd._103_ (net)
                  0.07    0.00    8.22 v scaleAdd._417_/A1 (sky130_fd_sc_hd__a21bo_1)
     2    0.01    0.05    0.19    8.42 v scaleAdd._417_/X (sky130_fd_sc_hd__a21bo_1)
                                         scaleAdd._120_ (net)
                  0.05    0.00    8.42 v scaleAdd._432_/A1 (sky130_fd_sc_hd__a21o_1)
     2    0.01    0.05    0.18    8.60 v scaleAdd._432_/X (sky130_fd_sc_hd__a21o_1)
                                         scaleAdd._134_ (net)
                  0.05    0.00    8.60 v scaleAdd._444_/A1 (sky130_fd_sc_hd__a21o_1)
     2    0.01    0.05    0.18    8.78 v scaleAdd._444_/X (sky130_fd_sc_hd__a21o_1)
                                         scaleAdd._145_ (net)
                  0.05    0.00    8.78 v scaleAdd._447_/A1 (sky130_fd_sc_hd__a21o_1)
     2    0.00    0.04    0.17    8.95 v scaleAdd._447_/X (sky130_fd_sc_hd__a21o_1)
                                         scaleAdd._147_ (net)
                  0.04    0.00    8.95 v rebuffer19/A (sky130_fd_sc_hd__clkbuf_2)
     1    0.01    0.05    0.12    9.07 v rebuffer19/X (sky130_fd_sc_hd__clkbuf_2)
                                         net77 (net)
                  0.05    0.00    9.07 v scaleAdd._448_/A (sky130_fd_sc_hd__xor2_2)
     4    0.01    0.08    0.20    9.27 v scaleAdd._448_/X (sky130_fd_sc_hd__xor2_2)
                                         accumulator.io_inMant[14] (net)
                  0.08    0.00    9.27 v accumulator._1181_/A (sky130_fd_sc_hd__or4_4)
     1    0.01    0.09    0.58    9.85 v accumulator._1181_/X (sky130_fd_sc_hd__or4_4)
                                         accumulator._0045_ (net)
                  0.09    0.00    9.85 v accumulator._1182_/A (sky130_fd_sc_hd__buf_8)
     8    0.02    0.03    0.15   10.00 v accumulator._1182_/X (sky130_fd_sc_hd__buf_8)
                                         accumulator._0055_ (net)
                  0.03    0.00   10.00 v accumulator._1200_/A_N (sky130_fd_sc_hd__and2b_1)
     3    0.01    0.08    0.22   10.22 ^ accumulator._1200_/X (sky130_fd_sc_hd__and2b_1)
                                         accumulator._0232_ (net)
                  0.08    0.00   10.22 ^ accumulator._1201_/B1_N (sky130_fd_sc_hd__o21ba_4)
     3    0.01    0.04    0.17   10.39 v accumulator._1201_/X (sky130_fd_sc_hd__o21ba_4)
                                         accumulator._0241_ (net)
                  0.04    0.00   10.39 v accumulator._1202_/A (sky130_fd_sc_hd__and2_4)
     3    0.01    0.03    0.14   10.53 v accumulator._1202_/X (sky130_fd_sc_hd__and2_4)
                                         accumulator._0251_ (net)
                  0.03    0.00   10.53 v accumulator._1204_/B (sky130_fd_sc_hd__or2_4)
     3    0.01    0.05    0.24   10.78 v accumulator._1204_/X (sky130_fd_sc_hd__or2_4)
                                         accumulator._0271_ (net)
                  0.05    0.00   10.78 v accumulator._1205_/A (sky130_fd_sc_hd__inv_2)
     3    0.01    0.05    0.07   10.85 ^ accumulator._1205_/Y (sky130_fd_sc_hd__inv_2)
                                         accumulator._0281_ (net)
                  0.05    0.00   10.85 ^ accumulator._1218_/A1 (sky130_fd_sc_hd__a311o_1)
     3    0.01    0.12    0.21   11.06 ^ accumulator._1218_/X (sky130_fd_sc_hd__a311o_1)
                                         accumulator._0315_ (net)
                  0.12    0.00   11.06 ^ rebuffer25/A (sky130_fd_sc_hd__clkbuf_1)
     1    0.00    0.06    0.12   11.18 ^ rebuffer25/X (sky130_fd_sc_hd__clkbuf_1)
                                         net83 (net)
                  0.06    0.00   11.18 ^ rebuffer10/A (sky130_fd_sc_hd__clkbuf_2)
     1    0.00    0.03    0.10   11.28 ^ rebuffer10/X (sky130_fd_sc_hd__clkbuf_2)
                                         net68 (net)
                  0.03    0.00   11.28 ^ rebuffer8/A (sky130_fd_sc_hd__clkbuf_1)
     1    0.01    0.07    0.10   11.37 ^ rebuffer8/X (sky130_fd_sc_hd__clkbuf_1)
                                         net66 (net)
                  0.07    0.00   11.37 ^ accumulator._1219_/A (sky130_fd_sc_hd__nand3_2)
     2    0.01    0.08    0.07   11.45 v accumulator._1219_/Y (sky130_fd_sc_hd__nand3_2)
                                         accumulator._0316_ (net)
                  0.08    0.00   11.45 v accumulator._1228_/A2 (sky130_fd_sc_hd__a211o_1)
     2    0.01    0.07    0.34   11.79 v accumulator._1228_/X (sky130_fd_sc_hd__a211o_1)
                                         accumulator._0325_ (net)
                  0.07    0.00   11.79 v accumulator._1242_/A2 (sky130_fd_sc_hd__o22a_1)
     3    0.01    0.07    0.24   12.03 v accumulator._1242_/X (sky130_fd_sc_hd__o22a_1)
                                         accumulator._0339_ (net)
                  0.07    0.00   12.03 v accumulator._1243_/A (sky130_fd_sc_hd__buf_4)
    10    0.03    0.06    0.19   12.22 v accumulator._1243_/X (sky130_fd_sc_hd__buf_4)
                                         accumulator._0340_ (net)
                  0.06    0.00   12.22 v accumulator._1249_/B1 (sky130_fd_sc_hd__a21o_4)
     3    0.02    0.06    0.22   12.44 v accumulator._1249_/X (sky130_fd_sc_hd__a21o_4)
                                         accumulator._0346_ (net)
                  0.06    0.00   12.44 v accumulator._1250_/B (sky130_fd_sc_hd__xor2_4)
     3    0.03    0.10    0.19   12.64 v accumulator._1250_/X (sky130_fd_sc_hd__xor2_4)
                                         accumulator._0347_ (net)
                  0.10    0.00   12.64 v accumulator._1259_/A2 (sky130_fd_sc_hd__a21o_4)
     2    0.02    0.05    0.27   12.91 v accumulator._1259_/X (sky130_fd_sc_hd__a21o_4)
                                         accumulator._0356_ (net)
                  0.05    0.00   12.91 v accumulator._1264_/A2 (sky130_fd_sc_hd__a21o_1)
     2    0.01    0.04    0.20   13.10 v accumulator._1264_/X (sky130_fd_sc_hd__a21o_1)
                                         accumulator._0361_ (net)
                  0.04    0.00   13.10 v accumulator._1266_/A1 (sky130_fd_sc_hd__a21o_1)
     2    0.01    0.04    0.17   13.28 v accumulator._1266_/X (sky130_fd_sc_hd__a21o_1)
                                         accumulator._0363_ (net)
                  0.04    0.00   13.28 v accumulator._1272_/A1 (sky130_fd_sc_hd__a21o_1)
     2    0.02    0.10    0.23   13.50 v accumulator._1272_/X (sky130_fd_sc_hd__a21o_1)
                                         accumulator._0369_ (net)
                  0.10    0.00   13.50 v accumulator._1278_/A1 (sky130_fd_sc_hd__a21oi_4)
     3    0.02    0.17    0.21   13.71 ^ accumulator._1278_/Y (sky130_fd_sc_hd__a21oi_4)
                                         accumulator._0375_ (net)
                  0.17    0.00   13.71 ^ rebuffer21/A (sky130_fd_sc_hd__buf_6)
     2    0.02    0.05    0.15   13.86 ^ rebuffer21/X (sky130_fd_sc_hd__buf_6)
                                         net79 (net)
                  0.05    0.00   13.86 ^ accumulator._1289_/B (sky130_fd_sc_hd__xnor2_4)
     9    0.03    0.26    0.16   14.02 ^ accumulator._1289_/Y (sky130_fd_sc_hd__xnor2_4)
                                         accumulator._0386_ (net)
                  0.26    0.00   14.02 ^ accumulator._1330_/S (sky130_fd_sc_hd__mux2_4)
     6    0.02    0.07    0.38   14.40 v accumulator._1330_/X (sky130_fd_sc_hd__mux2_4)
                                         accumulator._0425_ (net)
                  0.07    0.00   14.40 v clone38/A (sky130_fd_sc_hd__buf_4)
     5    0.02    0.04    0.17   14.57 v clone38/X (sky130_fd_sc_hd__buf_4)
                                         net96 (net)
                  0.04    0.00   14.57 v accumulator._1526_/A1 (sky130_fd_sc_hd__a21o_1)
     2    0.01    0.05    0.18   14.75 v accumulator._1526_/X (sky130_fd_sc_hd__a21o_1)
                                         accumulator._0621_ (net)
                  0.05    0.00   14.75 v accumulator._1527_/A2 (sky130_fd_sc_hd__a21o_1)
     2    0.00    0.04    0.19   14.94 v accumulator._1527_/X (sky130_fd_sc_hd__a21o_1)
                                         accumulator._0622_ (net)
                  0.04    0.00   14.94 v accumulator._1528_/C (sky130_fd_sc_hd__and3_1)
     2    0.01    0.07    0.22   15.16 v accumulator._1528_/X (sky130_fd_sc_hd__and3_1)
                                         accumulator._0623_ (net)
                  0.07    0.00   15.16 v accumulator._1644_/A2 (sky130_fd_sc_hd__o311ai_4)
     3    0.01    0.29    0.34   15.50 ^ accumulator._1644_/Y (sky130_fd_sc_hd__o311ai_4)
                                         accumulator._0739_ (net)
                  0.29    0.00   15.50 ^ accumulator._1716_/A (sky130_fd_sc_hd__nand3_2)
     2    0.01    0.10    0.12   15.62 v accumulator._1716_/Y (sky130_fd_sc_hd__nand3_2)
                                         accumulator._0811_ (net)
                  0.10    0.00   15.62 v accumulator._1736_/A1 (sky130_fd_sc_hd__a2111o_4)
     5    0.02    0.09    0.52   16.14 v accumulator._1736_/X (sky130_fd_sc_hd__a2111o_4)
                                         accumulator._0831_ (net)
                  0.09    0.00   16.15 v accumulator._1738_/A1 (sky130_fd_sc_hd__a21o_1)
     3    0.01    0.06    0.21   16.35 v accumulator._1738_/X (sky130_fd_sc_hd__a21o_1)
                                         accumulator._0833_ (net)
                  0.06    0.00   16.35 v accumulator._1744_/A1 (sky130_fd_sc_hd__a2111o_1)
     3    0.01    0.10    0.43   16.78 v accumulator._1744_/X (sky130_fd_sc_hd__a2111o_1)
                                         accumulator._0839_ (net)
                  0.10    0.00   16.78 v accumulator._1748_/A1 (sky130_fd_sc_hd__a2111o_1)
     2    0.01    0.07    0.41   17.20 v accumulator._1748_/X (sky130_fd_sc_hd__a2111o_1)
                                         accumulator._0843_ (net)
                  0.07    0.00   17.20 v accumulator._1751_/A1 (sky130_fd_sc_hd__a21o_1)
     2    0.01    0.06    0.20   17.39 v accumulator._1751_/X (sky130_fd_sc_hd__a21o_1)
                                         accumulator._0846_ (net)
                  0.06    0.00   17.39 v accumulator._1773_/A1 (sky130_fd_sc_hd__a21o_1)
     2    0.01    0.05    0.18   17.57 v accumulator._1773_/X (sky130_fd_sc_hd__a21o_1)
                                         accumulator._0868_ (net)
                  0.05    0.00   17.57 v accumulator._1798_/A1 (sky130_fd_sc_hd__a311o_1)
     2    0.01    0.08    0.30   17.87 v accumulator._1798_/X (sky130_fd_sc_hd__a311o_1)
                                         accumulator._0893_ (net)
                  0.08    0.00   17.87 v accumulator._1814_/A2 (sky130_fd_sc_hd__a21o_1)
     2    0.01    0.07    0.24   18.11 v accumulator._1814_/X (sky130_fd_sc_hd__a21o_1)
                                         accumulator._0909_ (net)
                  0.07    0.00   18.11 v accumulator._1821_/A2 (sky130_fd_sc_hd__a21o_1)
     3    0.01    0.06    0.23   18.33 v accumulator._1821_/X (sky130_fd_sc_hd__a21o_1)
                                         accumulator._0916_ (net)
                  0.06    0.00   18.33 v accumulator._1926_/A2 (sky130_fd_sc_hd__a21o_1)
     3    0.01    0.08    0.24   18.57 v accumulator._1926_/X (sky130_fd_sc_hd__a21o_1)
                                         accumulator._1021_ (net)
                  0.08    0.00   18.57 v accumulator._2045_/S (sky130_fd_sc_hd__mux2_4)
     4    0.01    0.07    0.35   18.92 v accumulator._2045_/X (sky130_fd_sc_hd__mux2_4)
                                         accumulator._1140_ (net)
                  0.07    0.00   18.92 v accumulator._2059_/B2 (sky130_fd_sc_hd__a221oi_2)
     1    0.00    0.18    0.24   19.17 ^ accumulator._2059_/Y (sky130_fd_sc_hd__a221oi_2)
                                         accumulator._1155_ (net)
                  0.18    0.00   19.17 ^ accumulator._2060_/A1 (sky130_fd_sc_hd__o21ai_1)
     1    0.00    0.09    0.11   19.28 v accumulator._2060_/Y (sky130_fd_sc_hd__o21ai_1)
                                         accumulator._1156_ (net)
                  0.09    0.00   19.28 v accumulator._2061_/A1 (sky130_fd_sc_hd__a21o_1)
     1    0.00    0.03    0.18   19.46 v accumulator._2061_/X (sky130_fd_sc_hd__a21o_1)
                                         accumulator._1157_ (net)
                  0.03    0.00   19.46 v accumulator._2062_/A1 (sky130_fd_sc_hd__a21o_1)
     1    0.00    0.04    0.16   19.61 v accumulator._2062_/X (sky130_fd_sc_hd__a21o_1)
                                         accumulator._1158_ (net)
                  0.04    0.00   19.61 v accumulator._2063_/A1 (sky130_fd_sc_hd__a21o_1)
     1    0.00    0.03    0.15   19.77 v accumulator._2063_/X (sky130_fd_sc_hd__a21o_1)
                                         accumulator._1159_ (net)
                  0.03    0.00   19.77 v accumulator._2064_/A1 (sky130_fd_sc_hd__a21o_1)
     1    0.00    0.04    0.16   19.92 v accumulator._2064_/X (sky130_fd_sc_hd__a21o_1)
                                         accumulator._1160_ (net)
                  0.04    0.00   19.92 v accumulator._2065_/A1 (sky130_fd_sc_hd__a21oi_1)
     1    0.00    0.13    0.14   20.07 ^ accumulator._2065_/Y (sky130_fd_sc_hd__a21oi_1)
                                         accumulator._1161_ (net)
                  0.13    0.00   20.07 ^ accumulator._2067_/A1 (sky130_fd_sc_hd__o21ai_1)
     1    0.00    0.06    0.09   20.16 v accumulator._2067_/Y (sky130_fd_sc_hd__o21ai_1)
                                         accumulator._1163_ (net)
                  0.06    0.00   20.16 v accumulator._2068_/A1 (sky130_fd_sc_hd__a21o_1)
     1    0.00    0.03    0.16   20.33 v accumulator._2068_/X (sky130_fd_sc_hd__a21o_1)
                                         accumulator._1164_ (net)
                  0.03    0.00   20.33 v accumulator._2069_/A1 (sky130_fd_sc_hd__a21o_1)
     1    0.01    0.04    0.16   20.49 v accumulator._2069_/X (sky130_fd_sc_hd__a21o_1)
                                         accumulator._1165_ (net)
                  0.04    0.00   20.49 v accumulator._2070_/A1 (sky130_fd_sc_hd__a211o_1)
     1    0.01    0.06    0.28   20.77 v accumulator._2070_/X (sky130_fd_sc_hd__a211o_1)
                                         accumulator._1167_ (net)
                  0.06    0.00   20.77 v accumulator._2073_/B2 (sky130_fd_sc_hd__a2bb2o_4)
     4    0.03    0.07    0.26   21.03 v accumulator._2073_/X (sky130_fd_sc_hd__a2bb2o_4)
                                         accumulator._1170_ (net)
                  0.07    0.00   21.03 v accumulator._2074_/A (sky130_fd_sc_hd__buf_8)
     6    0.04    0.04    0.15   21.18 v accumulator._2074_/X (sky130_fd_sc_hd__buf_8)
                                         accumulator._1171_ (net)
                  0.04    0.00   21.19 v clone45/A (sky130_fd_sc_hd__clkbuf_16)
     5    0.02    0.03    0.15   21.34 v clone45/X (sky130_fd_sc_hd__clkbuf_16)
                                         net103 (net)
                  0.03    0.00   21.34 v accumulator._2102_/S (sky130_fd_sc_hd__mux2_1)
     2    0.01    0.07    0.34   21.67 v accumulator._2102_/X (sky130_fd_sc_hd__mux2_1)
                                         accumulator._0058_ (net)
                  0.07    0.00   21.67 v accumulator._2121_/A0 (sky130_fd_sc_hd__mux2_2)
     3    0.01    0.07    0.31   21.99 v accumulator._2121_/X (sky130_fd_sc_hd__mux2_2)
                                         accumulator._0077_ (net)
                  0.07    0.00   21.99 v accumulator._2127_/A1 (sky130_fd_sc_hd__a21oi_2)
     3    0.01    0.12    0.15   22.14 ^ accumulator._2127_/Y (sky130_fd_sc_hd__a21oi_2)
                                         accumulator._0083_ (net)
                  0.12    0.00   22.14 ^ accumulator._2191_/A1_N (sky130_fd_sc_hd__a2bb2o_2)
     1    0.00    0.05    0.30   22.44 v accumulator._2191_/X (sky130_fd_sc_hd__a2bb2o_2)
                                         accumulator._0146_ (net)
                  0.05    0.00   22.44 v accumulator._2192_/A2 (sky130_fd_sc_hd__o21a_1)
     1    0.00    0.03    0.17   22.61 v accumulator._2192_/X (sky130_fd_sc_hd__o21a_1)
                                         accumulator._0013_ (net)
                  0.03    0.00   22.61 v accumulator._2368_/D (sky130_fd_sc_hd__dfxtp_1)
                                 22.61   data arrival time

                         25.00   25.00   clock clock (rise edge)
                          0.00   25.00   clock source latency
     1    0.01    0.07    0.05   25.05 ^ clock (in)
                                         clock (net)
                  0.07    0.00   25.05 ^ clkbuf_0_clock/A (sky130_fd_sc_hd__clkbuf_16)
     4    0.03    0.05    0.14   25.19 ^ clkbuf_0_clock/X (sky130_fd_sc_hd__clkbuf_16)
                                         clknet_0_clock (net)
                  0.05    0.00   25.19 ^ clkbuf_2_1__f_clock/A (sky130_fd_sc_hd__clkbuf_16)
     9    0.03    0.05    0.13   25.32 ^ clkbuf_2_1__f_clock/X (sky130_fd_sc_hd__clkbuf_16)
                                         clknet_2_1__leaf_clock (net)
                  0.05    0.00   25.32 ^ accumulator._2368_/CLK (sky130_fd_sc_hd__dfxtp_1)
                         -0.25   25.07   clock uncertainty
                          0.00   25.07   clock reconvergence pessimism
                         -0.10   24.96   library setup time
                                 24.96   data required time
-----------------------------------------------------------------------------
                                 24.96   data required time
                                -22.61   data arrival time
-----------------------------------------------------------------------------
                                  2.35   slack (MET)


Startpoint: io_inScaleA[7] (input port clocked by clock)
Endpoint: accumulator._2365_ (rising edge-triggered flip-flop clocked by clock)
Path Group: clock
Path Type: max

Fanout     Cap    Slew   Delay    Time   Description
-----------------------------------------------------------------------------
                          0.00    0.00   clock clock (rise edge)
                          0.00    0.00   clock network delay (propagated)
                          5.00    5.00 v input external delay
     1    0.01    0.01    0.01    5.01 v io_inScaleA[7] (in)
                                         io_inScaleA[7] (net)
                  0.01    0.00    5.01 v input16/A (sky130_fd_sc_hd__clkbuf_2)
     5    0.02    0.07    0.13    5.14 v input16/X (sky130_fd_sc_hd__clkbuf_2)
                                         net16 (net)
                  0.07    0.00    5.14 v scaleAdd._280_/A1 (sky130_fd_sc_hd__o31a_1)
     3    0.01    0.07    0.34    5.48 v scaleAdd._280_/X (sky130_fd_sc_hd__o31a_1)
                                         scaleAdd._222_ (net)
                  0.07    0.00    5.48 v scaleAdd._282_/A2 (sky130_fd_sc_hd__a21o_1)
     3    0.01    0.08    0.24    5.72 v scaleAdd._282_/X (sky130_fd_sc_hd__a21o_1)
                                         scaleAdd._224_ (net)
                  0.08    0.00    5.72 v scaleAdd._284_/A1 (sky130_fd_sc_hd__a21oi_4)
     3    0.02    0.16    0.19    5.91 ^ scaleAdd._284_/Y (sky130_fd_sc_hd__a21oi_4)
                                         scaleAdd._226_ (net)
                  0.16    0.00    5.91 ^ scaleAdd._287_/A (sky130_fd_sc_hd__xnor2_2)
     1    0.01    0.19    0.16    6.08 ^ scaleAdd._287_/Y (sky130_fd_sc_hd__xnor2_2)
                                         scaleAdd._229_ (net)
                  0.19    0.00    6.08 ^ scaleAdd._288_/A (sky130_fd_sc_hd__xnor2_2)
     3    0.02    0.10    0.14    6.22 v scaleAdd._288_/Y (sky130_fd_sc_hd__xnor2_2)
                                         scaleAdd._230_ (net)
                  0.10    0.00    6.22 v scaleAdd._346_/A2 (sky130_fd_sc_hd__a21o_1)
     1    0.01    0.05    0.22    6.44 v scaleAdd._346_/X (sky130_fd_sc_hd__a21o_1)
                                         scaleAdd._052_ (net)
                  0.05    0.00    6.44 v scaleAdd._348_/A2 (sky130_fd_sc_hd__a21o_4)
     2    0.03    0.06    0.26    6.70 v scaleAdd._348_/X (sky130_fd_sc_hd__a21o_4)
                                         scaleAdd._054_ (net)
                  0.06    0.00    6.70 v scaleAdd._349_/A (sky130_fd_sc_hd__xor2_4)
     5    0.01    0.08    0.20    6.90 v scaleAdd._349_/X (sky130_fd_sc_hd__xor2_4)
                                         scaleAdd._055_ (net)
                  0.08    0.00    6.90 v scaleAdd._351_/A1 (sky130_fd_sc_hd__a21o_1)
     2    0.01    0.05    0.19    7.09 v scaleAdd._351_/X (sky130_fd_sc_hd__a21o_1)
                                         scaleAdd._057_ (net)
                  0.05    0.00    7.09 v scaleAdd._353_/A (sky130_fd_sc_hd__and3_1)
     3    0.01    0.06    0.17    7.26 v scaleAdd._353_/X (sky130_fd_sc_hd__and3_1)
                                         scaleAdd._059_ (net)
                  0.06    0.00    7.26 v scaleAdd._355_/B (sky130_fd_sc_hd__or3_4)
     3    0.01    0.07    0.39    7.66 v scaleAdd._355_/X (sky130_fd_sc_hd__or3_4)
                                         scaleAdd._061_ (net)
                  0.07    0.00    7.66 v scaleAdd._359_/A1 (sky130_fd_sc_hd__a21o_1)
     2    0.01    0.05    0.18    7.84 v scaleAdd._359_/X (sky130_fd_sc_hd__a21o_1)
                                         scaleAdd._065_ (net)
                  0.05    0.00    7.84 v scaleAdd._383_/A2 (sky130_fd_sc_hd__a21o_1)
     2    0.01    0.04    0.19    8.03 v scaleAdd._383_/X (sky130_fd_sc_hd__a21o_1)
                                         scaleAdd._088_ (net)
                  0.04    0.00    8.03 v scaleAdd._399_/A1 (sky130_fd_sc_hd__a21o_1)
     2    0.01    0.07    0.19    8.22 v scaleAdd._399_/X (sky130_fd_sc_hd__a21o_1)
                                         scaleAdd._103_ (net)
                  0.07    0.00    8.22 v scaleAdd._417_/A1 (sky130_fd_sc_hd__a21bo_1)
     2    0.01    0.05    0.19    8.42 v scaleAdd._417_/X (sky130_fd_sc_hd__a21bo_1)
                                         scaleAdd._120_ (net)
                  0.05    0.00    8.42 v scaleAdd._432_/A1 (sky130_fd_sc_hd__a21o_1)
     2    0.01    0.05    0.18    8.60 v scaleAdd._432_/X (sky130_fd_sc_hd__a21o_1)
                                         scaleAdd._134_ (net)
                  0.05    0.00    8.60 v scaleAdd._444_/A1 (sky130_fd_sc_hd__a21o_1)
     2    0.01    0.05    0.18    8.78 v scaleAdd._444_/X (sky130_fd_sc_hd__a21o_1)
                                         scaleAdd._145_ (net)
                  0.05    0.00    8.78 v scaleAdd._447_/A1 (sky130_fd_sc_hd__a21o_1)
     2    0.00    0.04    0.17    8.95 v scaleAdd._447_/X (sky130_fd_sc_hd__a21o_1)
                                         scaleAdd._147_ (net)
                  0.04    0.00    8.95 v rebuffer19/A (sky130_fd_sc_hd__clkbuf_2)
     1    0.01    0.05    0.12    9.07 v rebuffer19/X (sky130_fd_sc_hd__clkbuf_2)
                                         net77 (net)
                  0.05    0.00    9.07 v scaleAdd._448_/A (sky130_fd_sc_hd__xor2_2)
     4    0.01    0.08    0.20    9.27 v scaleAdd._448_/X (sky130_fd_sc_hd__xor2_2)
                                         accumulator.io_inMant[14] (net)
                  0.08    0.00    9.27 v accumulator._1181_/A (sky130_fd_sc_hd__or4_4)
     1    0.01    0.09    0.58    9.85 v accumulator._1181_/X (sky130_fd_sc_hd__or4_4)
                                         accumulator._0045_ (net)
                  0.09    0.00    9.85 v accumulator._1182_/A (sky130_fd_sc_hd__buf_8)
     8    0.02    0.03    0.15   10.00 v accumulator._1182_/X (sky130_fd_sc_hd__buf_8)
                                         accumulator._0055_ (net)
                  0.03    0.00   10.00 v accumulator._1200_/A_N (sky130_fd_sc_hd__and2b_1)
     3    0.01    0.08    0.22   10.22 ^ accumulator._1200_/X (sky130_fd_sc_hd__and2b_1)
                                         accumulator._0232_ (net)
                  0.08    0.00   10.22 ^ accumulator._1201_/B1_N (sky130_fd_sc_hd__o21ba_4)
     3    0.01    0.04    0.17   10.39 v accumulator._1201_/X (sky130_fd_sc_hd__o21ba_4)
                                         accumulator._0241_ (net)
                  0.04    0.00   10.39 v accumulator._1202_/A (sky130_fd_sc_hd__and2_4)
     3    0.01    0.03    0.14   10.53 v accumulator._1202_/X (sky130_fd_sc_hd__and2_4)
                                         accumulator._0251_ (net)
                  0.03    0.00   10.53 v accumulator._1204_/B (sky130_fd_sc_hd__or2_4)
     3    0.01    0.05    0.24   10.78 v accumulator._1204_/X (sky130_fd_sc_hd__or2_4)
                                         accumulator._0271_ (net)
                  0.05    0.00   10.78 v accumulator._1205_/A (sky130_fd_sc_hd__inv_2)
     3    0.01    0.05    0.07   10.85 ^ accumulator._1205_/Y (sky130_fd_sc_hd__inv_2)
                                         accumulator._0281_ (net)
                  0.05    0.00   10.85 ^ accumulator._1218_/A1 (sky130_fd_sc_hd__a311o_1)
     3    0.01    0.12    0.21   11.06 ^ accumulator._1218_/X (sky130_fd_sc_hd__a311o_1)
                                         accumulator._0315_ (net)
                  0.12    0.00   11.06 ^ rebuffer25/A (sky130_fd_sc_hd__clkbuf_1)
     1    0.00    0.06    0.12   11.18 ^ rebuffer25/X (sky130_fd_sc_hd__clkbuf_1)
                                         net83 (net)
                  0.06    0.00   11.18 ^ rebuffer10/A (sky130_fd_sc_hd__clkbuf_2)
     1    0.00    0.03    0.10   11.28 ^ rebuffer10/X (sky130_fd_sc_hd__clkbuf_2)
                                         net68 (net)
                  0.03    0.00   11.28 ^ rebuffer8/A (sky130_fd_sc_hd__clkbuf_1)
     1    0.01    0.07    0.10   11.37 ^ rebuffer8/X (sky130_fd_sc_hd__clkbuf_1)
                                         net66 (net)
                  0.07    0.00   11.37 ^ accumulator._1219_/A (sky130_fd_sc_hd__nand3_2)
     2    0.01    0.08    0.07   11.45 v accumulator._1219_/Y (sky130_fd_sc_hd__nand3_2)
                                         accumulator._0316_ (net)
                  0.08    0.00   11.45 v accumulator._1228_/A2 (sky130_fd_sc_hd__a211o_1)
     2    0.01    0.07    0.34   11.79 v accumulator._1228_/X (sky130_fd_sc_hd__a211o_1)
                                         accumulator._0325_ (net)
                  0.07    0.00   11.79 v accumulator._1242_/A2 (sky130_fd_sc_hd__o22a_1)
     3    0.01    0.07    0.24   12.03 v accumulator._1242_/X (sky130_fd_sc_hd__o22a_1)
                                         accumulator._0339_ (net)
                  0.07    0.00   12.03 v accumulator._1243_/A (sky130_fd_sc_hd__buf_4)
    10    0.03    0.06    0.19   12.22 v accumulator._1243_/X (sky130_fd_sc_hd__buf_4)
                                         accumulator._0340_ (net)
                  0.06    0.00   12.22 v accumulator._1249_/B1 (sky130_fd_sc_hd__a21o_4)
     3    0.02    0.06    0.22   12.44 v accumulator._1249_/X (sky130_fd_sc_hd__a21o_4)
                                         accumulator._0346_ (net)
                  0.06    0.00   12.44 v accumulator._1250_/B (sky130_fd_sc_hd__xor2_4)
     3    0.03    0.10    0.19   12.64 v accumulator._1250_/X (sky130_fd_sc_hd__xor2_4)
                                         accumulator._0347_ (net)
                  0.10    0.00   12.64 v accumulator._1259_/A2 (sky130_fd_sc_hd__a21o_4)
     2    0.02    0.05    0.27   12.91 v accumulator._1259_/X (sky130_fd_sc_hd__a21o_4)
                                         accumulator._0356_ (net)
                  0.05    0.00   12.91 v accumulator._1264_/A2 (sky130_fd_sc_hd__a21o_1)
     2    0.01    0.04    0.20   13.10 v accumulator._1264_/X (sky130_fd_sc_hd__a21o_1)
                                         accumulator._0361_ (net)
                  0.04    0.00   13.10 v accumulator._1266_/A1 (sky130_fd_sc_hd__a21o_1)
     2    0.01    0.04    0.17   13.28 v accumulator._1266_/X (sky130_fd_sc_hd__a21o_1)
                                         accumulator._0363_ (net)
                  0.04    0.00   13.28 v accumulator._1272_/A1 (sky130_fd_sc_hd__a21o_1)
     2    0.02    0.10    0.23   13.50 v accumulator._1272_/X (sky130_fd_sc_hd__a21o_1)
                                         accumulator._0369_ (net)
                  0.10    0.00   13.50 v accumulator._1278_/A1 (sky130_fd_sc_hd__a21oi_4)
     3    0.02    0.17    0.21   13.71 ^ accumulator._1278_/Y (sky130_fd_sc_hd__a21oi_4)
                                         accumulator._0375_ (net)
                  0.17    0.00   13.71 ^ rebuffer21/A (sky130_fd_sc_hd__buf_6)
     2    0.02    0.05    0.15   13.86 ^ rebuffer21/X (sky130_fd_sc_hd__buf_6)
                                         net79 (net)
                  0.05    0.00   13.86 ^ accumulator._1289_/B (sky130_fd_sc_hd__xnor2_4)
     9    0.03    0.26    0.16   14.02 ^ accumulator._1289_/Y (sky130_fd_sc_hd__xnor2_4)
                                         accumulator._0386_ (net)
                  0.26    0.00   14.02 ^ accumulator._1330_/S (sky130_fd_sc_hd__mux2_4)
     6    0.02    0.07    0.38   14.40 v accumulator._1330_/X (sky130_fd_sc_hd__mux2_4)
                                         accumulator._0425_ (net)
                  0.07    0.00   14.40 v clone38/A (sky130_fd_sc_hd__buf_4)
     5    0.02    0.04    0.17   14.57 v clone38/X (sky130_fd_sc_hd__buf_4)
                                         net96 (net)
                  0.04    0.00   14.57 v accumulator._1526_/A1 (sky130_fd_sc_hd__a21o_1)
     2    0.01    0.05    0.18   14.75 v accumulator._1526_/X (sky130_fd_sc_hd__a21o_1)
                                         accumulator._0621_ (net)
                  0.05    0.00   14.75 v accumulator._1527_/A2 (sky130_fd_sc_hd__a21o_1)
     2    0.00    0.04    0.19   14.94 v accumulator._1527_/X (sky130_fd_sc_hd__a21o_1)
                                         accumulator._0622_ (net)
                  0.04    0.00   14.94 v accumulator._1528_/C (sky130_fd_sc_hd__and3_1)
     2    0.01    0.07    0.22   15.16 v accumulator._1528_/X (sky130_fd_sc_hd__and3_1)
                                         accumulator._0623_ (net)
                  0.07    0.00   15.16 v accumulator._1644_/A2 (sky130_fd_sc_hd__o311ai_4)
     3    0.01    0.29    0.34   15.50 ^ accumulator._1644_/Y (sky130_fd_sc_hd__o311ai_4)
                                         accumulator._0739_ (net)
                  0.29    0.00   15.50 ^ accumulator._1716_/A (sky130_fd_sc_hd__nand3_2)
     2    0.01    0.10    0.12   15.62 v accumulator._1716_/Y (sky130_fd_sc_hd__nand3_2)
                                         accumulator._0811_ (net)
                  0.10    0.00   15.62 v accumulator._1736_/A1 (sky130_fd_sc_hd__a2111o_4)
     5    0.02    0.09    0.52   16.14 v accumulator._1736_/X (sky130_fd_sc_hd__a2111o_4)
                                         accumulator._0831_ (net)
                  0.09    0.00   16.15 v accumulator._1738_/A1 (sky130_fd_sc_hd__a21o_1)
     3    0.01    0.06    0.21   16.35 v accumulator._1738_/X (sky130_fd_sc_hd__a21o_1)
                                         accumulator._0833_ (net)
                  0.06    0.00   16.35 v accumulator._1744_/A1 (sky130_fd_sc_hd__a2111o_1)
     3    0.01    0.10    0.43   16.78 v accumulator._1744_/X (sky130_fd_sc_hd__a2111o_1)
                                         accumulator._0839_ (net)
                  0.10    0.00   16.78 v accumulator._1748_/A1 (sky130_fd_sc_hd__a2111o_1)
     2    0.01    0.07    0.41   17.20 v accumulator._1748_/X (sky130_fd_sc_hd__a2111o_1)
                                         accumulator._0843_ (net)
                  0.07    0.00   17.20 v accumulator._1751_/A1 (sky130_fd_sc_hd__a21o_1)
     2    0.01    0.06    0.20   17.39 v accumulator._1751_/X (sky130_fd_sc_hd__a21o_1)
                                         accumulator._0846_ (net)
                  0.06    0.00   17.39 v accumulator._1773_/A1 (sky130_fd_sc_hd__a21o_1)
     2    0.01    0.05    0.18   17.57 v accumulator._1773_/X (sky130_fd_sc_hd__a21o_1)
                                         accumulator._0868_ (net)
                  0.05    0.00   17.57 v accumulator._1798_/A1 (sky130_fd_sc_hd__a311o_1)
     2    0.01    0.08    0.30   17.87 v accumulator._1798_/X (sky130_fd_sc_hd__a311o_1)
                                         accumulator._0893_ (net)
                  0.08    0.00   17.87 v accumulator._1814_/A2 (sky130_fd_sc_hd__a21o_1)
     2    0.01    0.07    0.24   18.11 v accumulator._1814_/X (sky130_fd_sc_hd__a21o_1)
                                         accumulator._0909_ (net)
                  0.07    0.00   18.11 v accumulator._1821_/A2 (sky130_fd_sc_hd__a21o_1)
     3    0.01    0.06    0.23   18.33 v accumulator._1821_/X (sky130_fd_sc_hd__a21o_1)
                                         accumulator._0916_ (net)
                  0.06    0.00   18.33 v accumulator._1926_/A2 (sky130_fd_sc_hd__a21o_1)
     3    0.01    0.08    0.24   18.57 v accumulator._1926_/X (sky130_fd_sc_hd__a21o_1)
                                         accumulator._1021_ (net)
                  0.08    0.00   18.57 v accumulator._2045_/S (sky130_fd_sc_hd__mux2_4)
     4    0.01    0.07    0.35   18.92 v accumulator._2045_/X (sky130_fd_sc_hd__mux2_4)
                                         accumulator._1140_ (net)
                  0.07    0.00   18.92 v accumulator._2059_/B2 (sky130_fd_sc_hd__a221oi_2)
     1    0.00    0.18    0.24   19.17 ^ accumulator._2059_/Y (sky130_fd_sc_hd__a221oi_2)
                                         accumulator._1155_ (net)
                  0.18    0.00   19.17 ^ accumulator._2060_/A1 (sky130_fd_sc_hd__o21ai_1)
     1    0.00    0.09    0.11   19.28 v accumulator._2060_/Y (sky130_fd_sc_hd__o21ai_1)
                                         accumulator._1156_ (net)
                  0.09    0.00   19.28 v accumulator._2061_/A1 (sky130_fd_sc_hd__a21o_1)
     1    0.00    0.03    0.18   19.46 v accumulator._2061_/X (sky130_fd_sc_hd__a21o_1)
                                         accumulator._1157_ (net)
                  0.03    0.00   19.46 v accumulator._2062_/A1 (sky130_fd_sc_hd__a21o_1)
     1    0.00    0.04    0.16   19.61 v accumulator._2062_/X (sky130_fd_sc_hd__a21o_1)
                                         accumulator._1158_ (net)
                  0.04    0.00   19.61 v accumulator._2063_/A1 (sky130_fd_sc_hd__a21o_1)
     1    0.00    0.03    0.15   19.77 v accumulator._2063_/X (sky130_fd_sc_hd__a21o_1)
                                         accumulator._1159_ (net)
                  0.03    0.00   19.77 v accumulator._2064_/A1 (sky130_fd_sc_hd__a21o_1)
     1    0.00    0.04    0.16   19.92 v accumulator._2064_/X (sky130_fd_sc_hd__a21o_1)
                                         accumulator._1160_ (net)
                  0.04    0.00   19.92 v accumulator._2065_/A1 (sky130_fd_sc_hd__a21oi_1)
     1    0.00    0.13    0.14   20.07 ^ accumulator._2065_/Y (sky130_fd_sc_hd__a21oi_1)
                                         accumulator._1161_ (net)
                  0.13    0.00   20.07 ^ accumulator._2067_/A1 (sky130_fd_sc_hd__o21ai_1)
     1    0.00    0.06    0.09   20.16 v accumulator._2067_/Y (sky130_fd_sc_hd__o21ai_1)
                                         accumulator._1163_ (net)
                  0.06    0.00   20.16 v accumulator._2068_/A1 (sky130_fd_sc_hd__a21o_1)
     1    0.00    0.03    0.16   20.33 v accumulator._2068_/X (sky130_fd_sc_hd__a21o_1)
                                         accumulator._1164_ (net)
                  0.03    0.00   20.33 v accumulator._2069_/A1 (sky130_fd_sc_hd__a21o_1)
     1    0.01    0.04    0.16   20.49 v accumulator._2069_/X (sky130_fd_sc_hd__a21o_1)
                                         accumulator._1165_ (net)
                  0.04    0.00   20.49 v accumulator._2070_/A1 (sky130_fd_sc_hd__a211o_1)
     1    0.01    0.06    0.28   20.77 v accumulator._2070_/X (sky130_fd_sc_hd__a211o_1)
                                         accumulator._1167_ (net)
                  0.06    0.00   20.77 v accumulator._2073_/B2 (sky130_fd_sc_hd__a2bb2o_4)
     4    0.03    0.07    0.26   21.03 v accumulator._2073_/X (sky130_fd_sc_hd__a2bb2o_4)
                                         accumulator._1170_ (net)
                  0.07    0.00   21.03 v clone42/A (sky130_fd_sc_hd__clkbuf_16)
     5    0.02    0.04    0.17   21.20 v clone42/X (sky130_fd_sc_hd__clkbuf_16)
                                         net100 (net)
                  0.04    0.00   21.20 v accumulator._2165_/S (sky130_fd_sc_hd__mux2_1)
     2    0.01    0.08    0.35   21.55 v accumulator._2165_/X (sky130_fd_sc_hd__mux2_1)
                                         accumulator._0120_ (net)
                  0.08    0.00   21.55 v accumulator._2166_/A1 (sky130_fd_sc_hd__mux2_1)
     1    0.00    0.06    0.33   21.87 v accumulator._2166_/X (sky130_fd_sc_hd__mux2_1)
                                         accumulator._0121_ (net)
                  0.06    0.00   21.87 v accumulator._2167_/A1 (sky130_fd_sc_hd__mux2_1)
     2    0.00    0.07    0.32   22.20 v accumulator._2167_/X (sky130_fd_sc_hd__mux2_1)
                                         accumulator._0122_ (net)
                  0.07    0.00   22.20 v accumulator._2168_/B (sky130_fd_sc_hd__nor2_1)
     1    0.00    0.10    0.11   22.31 ^ accumulator._2168_/Y (sky130_fd_sc_hd__nor2_1)
                                         accumulator._0123_ (net)
                  0.10    0.00   22.31 ^ accumulator._2169_/C1 (sky130_fd_sc_hd__a221o_1)
     1    0.00    0.06    0.13   22.44 ^ accumulator._2169_/X (sky130_fd_sc_hd__a221o_1)
                                         accumulator._0124_ (net)
                  0.06    0.00   22.44 ^ accumulator._2170_/B (sky130_fd_sc_hd__and2_1)
     1    0.00    0.05    0.13   22.57 ^ accumulator._2170_/X (sky130_fd_sc_hd__and2_1)
                                         accumulator._0126_ (net)
                  0.05    0.00   22.57 ^ accumulator._2171_/A (sky130_fd_sc_hd__clkbuf_1)
     1    0.00    0.05    0.09   22.66 ^ accumulator._2171_/X (sky130_fd_sc_hd__clkbuf_1)
                                         accumulator._0010_ (net)
                  0.05    0.00   22.66 ^ accumulator._2365_/D (sky130_fd_sc_hd__dfxtp_1)
                                 22.66   data arrival time

                         25.00   25.00   clock clock (rise edge)
                          0.00   25.00   clock source latency
     1    0.01    0.07    0.05   25.05 ^ clock (in)
                                         clock (net)
                  0.07    0.00   25.05 ^ clkbuf_0_clock/A (sky130_fd_sc_hd__clkbuf_16)
     4    0.03    0.05    0.14   25.19 ^ clkbuf_0_clock/X (sky130_fd_sc_hd__clkbuf_16)
                                         clknet_0_clock (net)
                  0.05    0.00   25.19 ^ clkbuf_2_3__f_clock/A (sky130_fd_sc_hd__clkbuf_16)
    10    0.03    0.05    0.13   25.32 ^ clkbuf_2_3__f_clock/X (sky130_fd_sc_hd__clkbuf_16)
                                         clknet_2_3__leaf_clock (net)
                  0.05    0.00   25.32 ^ accumulator._2365_/CLK (sky130_fd_sc_hd__dfxtp_1)
                         -0.25   25.07   clock uncertainty
                          0.00   25.07   clock reconvergence pessimism
                         -0.05   25.01   library setup time
                                 25.01   data required time
-----------------------------------------------------------------------------
                                 25.01   data required time
                                -22.66   data arrival time
-----------------------------------------------------------------------------
                                  2.36   slack (MET)


Startpoint: io_inScaleA[7] (input port clocked by clock)
Endpoint: accumulator._2366_ (rising edge-triggered flip-flop clocked by clock)
Path Group: clock
Path Type: max

Fanout     Cap    Slew   Delay    Time   Description
-----------------------------------------------------------------------------
                          0.00    0.00   clock clock (rise edge)
                          0.00    0.00   clock network delay (propagated)
                          5.00    5.00 v input external delay
     1    0.01    0.01    0.01    5.01 v io_inScaleA[7] (in)
                                         io_inScaleA[7] (net)
                  0.01    0.00    5.01 v input16/A (sky130_fd_sc_hd__clkbuf_2)
     5    0.02    0.07    0.13    5.14 v input16/X (sky130_fd_sc_hd__clkbuf_2)
                                         net16 (net)
                  0.07    0.00    5.14 v scaleAdd._280_/A1 (sky130_fd_sc_hd__o31a_1)
     3    0.01    0.07    0.34    5.48 v scaleAdd._280_/X (sky130_fd_sc_hd__o31a_1)
                                         scaleAdd._222_ (net)
                  0.07    0.00    5.48 v scaleAdd._282_/A2 (sky130_fd_sc_hd__a21o_1)
     3    0.01    0.08    0.24    5.72 v scaleAdd._282_/X (sky130_fd_sc_hd__a21o_1)
                                         scaleAdd._224_ (net)
                  0.08    0.00    5.72 v scaleAdd._284_/A1 (sky130_fd_sc_hd__a21oi_4)
     3    0.02    0.16    0.19    5.91 ^ scaleAdd._284_/Y (sky130_fd_sc_hd__a21oi_4)
                                         scaleAdd._226_ (net)
                  0.16    0.00    5.91 ^ scaleAdd._287_/A (sky130_fd_sc_hd__xnor2_2)
     1    0.01    0.19    0.16    6.08 ^ scaleAdd._287_/Y (sky130_fd_sc_hd__xnor2_2)
                                         scaleAdd._229_ (net)
                  0.19    0.00    6.08 ^ scaleAdd._288_/A (sky130_fd_sc_hd__xnor2_2)
     3    0.02    0.10    0.14    6.22 v scaleAdd._288_/Y (sky130_fd_sc_hd__xnor2_2)
                                         scaleAdd._230_ (net)
                  0.10    0.00    6.22 v scaleAdd._346_/A2 (sky130_fd_sc_hd__a21o_1)
     1    0.01    0.05    0.22    6.44 v scaleAdd._346_/X (sky130_fd_sc_hd__a21o_1)
                                         scaleAdd._052_ (net)
                  0.05    0.00    6.44 v scaleAdd._348_/A2 (sky130_fd_sc_hd__a21o_4)
     2    0.03    0.06    0.26    6.70 v scaleAdd._348_/X (sky130_fd_sc_hd__a21o_4)
                                         scaleAdd._054_ (net)
                  0.06    0.00    6.70 v scaleAdd._349_/A (sky130_fd_sc_hd__xor2_4)
     5    0.01    0.08    0.20    6.90 v scaleAdd._349_/X (sky130_fd_sc_hd__xor2_4)
                                         scaleAdd._055_ (net)
                  0.08    0.00    6.90 v scaleAdd._351_/A1 (sky130_fd_sc_hd__a21o_1)
     2    0.01    0.05    0.19    7.09 v scaleAdd._351_/X (sky130_fd_sc_hd__a21o_1)
                                         scaleAdd._057_ (net)
                  0.05    0.00    7.09 v scaleAdd._353_/A (sky130_fd_sc_hd__and3_1)
     3    0.01    0.06    0.17    7.26 v scaleAdd._353_/X (sky130_fd_sc_hd__and3_1)
                                         scaleAdd._059_ (net)
                  0.06    0.00    7.26 v scaleAdd._355_/B (sky130_fd_sc_hd__or3_4)
     3    0.01    0.07    0.39    7.66 v scaleAdd._355_/X (sky130_fd_sc_hd__or3_4)
                                         scaleAdd._061_ (net)
                  0.07    0.00    7.66 v scaleAdd._359_/A1 (sky130_fd_sc_hd__a21o_1)
     2    0.01    0.05    0.18    7.84 v scaleAdd._359_/X (sky130_fd_sc_hd__a21o_1)
                                         scaleAdd._065_ (net)
                  0.05    0.00    7.84 v scaleAdd._383_/A2 (sky130_fd_sc_hd__a21o_1)
     2    0.01    0.04    0.19    8.03 v scaleAdd._383_/X (sky130_fd_sc_hd__a21o_1)
                                         scaleAdd._088_ (net)
                  0.04    0.00    8.03 v scaleAdd._399_/A1 (sky130_fd_sc_hd__a21o_1)
     2    0.01    0.07    0.19    8.22 v scaleAdd._399_/X (sky130_fd_sc_hd__a21o_1)
                                         scaleAdd._103_ (net)
                  0.07    0.00    8.22 v scaleAdd._417_/A1 (sky130_fd_sc_hd__a21bo_1)
     2    0.01    0.05    0.19    8.42 v scaleAdd._417_/X (sky130_fd_sc_hd__a21bo_1)
                                         scaleAdd._120_ (net)
                  0.05    0.00    8.42 v scaleAdd._432_/A1 (sky130_fd_sc_hd__a21o_1)
     2    0.01    0.05    0.18    8.60 v scaleAdd._432_/X (sky130_fd_sc_hd__a21o_1)
                                         scaleAdd._134_ (net)
                  0.05    0.00    8.60 v scaleAdd._444_/A1 (sky130_fd_sc_hd__a21o_1)
     2    0.01    0.05    0.18    8.78 v scaleAdd._444_/X (sky130_fd_sc_hd__a21o_1)
                                         scaleAdd._145_ (net)
                  0.05    0.00    8.78 v scaleAdd._447_/A1 (sky130_fd_sc_hd__a21o_1)
     2    0.00    0.04    0.17    8.95 v scaleAdd._447_/X (sky130_fd_sc_hd__a21o_1)
                                         scaleAdd._147_ (net)
                  0.04    0.00    8.95 v rebuffer19/A (sky130_fd_sc_hd__clkbuf_2)
     1    0.01    0.05    0.12    9.07 v rebuffer19/X (sky130_fd_sc_hd__clkbuf_2)
                                         net77 (net)
                  0.05    0.00    9.07 v scaleAdd._448_/A (sky130_fd_sc_hd__xor2_2)
     4    0.01    0.08    0.20    9.27 v scaleAdd._448_/X (sky130_fd_sc_hd__xor2_2)
                                         accumulator.io_inMant[14] (net)
                  0.08    0.00    9.27 v accumulator._1181_/A (sky130_fd_sc_hd__or4_4)
     1    0.01    0.09    0.58    9.85 v accumulator._1181_/X (sky130_fd_sc_hd__or4_4)
                                         accumulator._0045_ (net)
                  0.09    0.00    9.85 v accumulator._1182_/A (sky130_fd_sc_hd__buf_8)
     8    0.02    0.03    0.15   10.00 v accumulator._1182_/X (sky130_fd_sc_hd__buf_8)
                                         accumulator._0055_ (net)
                  0.03    0.00   10.00 v accumulator._1200_/A_N (sky130_fd_sc_hd__and2b_1)
     3    0.01    0.08    0.22   10.22 ^ accumulator._1200_/X (sky130_fd_sc_hd__and2b_1)
                                         accumulator._0232_ (net)
                  0.08    0.00   10.22 ^ accumulator._1201_/B1_N (sky130_fd_sc_hd__o21ba_4)
     3    0.01    0.04    0.17   10.39 v accumulator._1201_/X (sky130_fd_sc_hd__o21ba_4)
                                         accumulator._0241_ (net)
                  0.04    0.00   10.39 v accumulator._1202_/A (sky130_fd_sc_hd__and2_4)
     3    0.01    0.03    0.14   10.53 v accumulator._1202_/X (sky130_fd_sc_hd__and2_4)
                                         accumulator._0251_ (net)
                  0.03    0.00   10.53 v accumulator._1204_/B (sky130_fd_sc_hd__or2_4)
     3    0.01    0.05    0.24   10.78 v accumulator._1204_/X (sky130_fd_sc_hd__or2_4)
                                         accumulator._0271_ (net)
                  0.05    0.00   10.78 v accumulator._1205_/A (sky130_fd_sc_hd__inv_2)
     3    0.01    0.05    0.07   10.85 ^ accumulator._1205_/Y (sky130_fd_sc_hd__inv_2)
                                         accumulator._0281_ (net)
                  0.05    0.00   10.85 ^ accumulator._1218_/A1 (sky130_fd_sc_hd__a311o_1)
     3    0.01    0.12    0.21   11.06 ^ accumulator._1218_/X (sky130_fd_sc_hd__a311o_1)
                                         accumulator._0315_ (net)
                  0.12    0.00   11.06 ^ rebuffer25/A (sky130_fd_sc_hd__clkbuf_1)
     1    0.00    0.06    0.12   11.18 ^ rebuffer25/X (sky130_fd_sc_hd__clkbuf_1)
                                         net83 (net)
                  0.06    0.00   11.18 ^ rebuffer10/A (sky130_fd_sc_hd__clkbuf_2)
     1    0.00    0.03    0.10   11.28 ^ rebuffer10/X (sky130_fd_sc_hd__clkbuf_2)
                                         net68 (net)
                  0.03    0.00   11.28 ^ rebuffer8/A (sky130_fd_sc_hd__clkbuf_1)
     1    0.01    0.07    0.10   11.37 ^ rebuffer8/X (sky130_fd_sc_hd__clkbuf_1)
                                         net66 (net)
                  0.07    0.00   11.37 ^ accumulator._1219_/A (sky130_fd_sc_hd__nand3_2)
     2    0.01    0.08    0.07   11.45 v accumulator._1219_/Y (sky130_fd_sc_hd__nand3_2)
                                         accumulator._0316_ (net)
                  0.08    0.00   11.45 v accumulator._1228_/A2 (sky130_fd_sc_hd__a211o_1)
     2    0.01    0.07    0.34   11.79 v accumulator._1228_/X (sky130_fd_sc_hd__a211o_1)
                                         accumulator._0325_ (net)
                  0.07    0.00   11.79 v accumulator._1242_/A2 (sky130_fd_sc_hd__o22a_1)
     3    0.01    0.07    0.24   12.03 v accumulator._1242_/X (sky130_fd_sc_hd__o22a_1)
                                         accumulator._0339_ (net)
                  0.07    0.00   12.03 v accumulator._1243_/A (sky130_fd_sc_hd__buf_4)
    10    0.03    0.06    0.19   12.22 v accumulator._1243_/X (sky130_fd_sc_hd__buf_4)
                                         accumulator._0340_ (net)
                  0.06    0.00   12.22 v accumulator._1249_/B1 (sky130_fd_sc_hd__a21o_4)
     3    0.02    0.06    0.22   12.44 v accumulator._1249_/X (sky130_fd_sc_hd__a21o_4)
                                         accumulator._0346_ (net)
                  0.06    0.00   12.44 v accumulator._1250_/B (sky130_fd_sc_hd__xor2_4)
     3    0.03    0.10    0.19   12.64 v accumulator._1250_/X (sky130_fd_sc_hd__xor2_4)
                                         accumulator._0347_ (net)
                  0.10    0.00   12.64 v accumulator._1259_/A2 (sky130_fd_sc_hd__a21o_4)
     2    0.02    0.05    0.27   12.91 v accumulator._1259_/X (sky130_fd_sc_hd__a21o_4)
                                         accumulator._0356_ (net)
                  0.05    0.00   12.91 v accumulator._1264_/A2 (sky130_fd_sc_hd__a21o_1)
     2    0.01    0.04    0.20   13.10 v accumulator._1264_/X (sky130_fd_sc_hd__a21o_1)
                                         accumulator._0361_ (net)
                  0.04    0.00   13.10 v accumulator._1266_/A1 (sky130_fd_sc_hd__a21o_1)
     2    0.01    0.04    0.17   13.28 v accumulator._1266_/X (sky130_fd_sc_hd__a21o_1)
                                         accumulator._0363_ (net)
                  0.04    0.00   13.28 v accumulator._1272_/A1 (sky130_fd_sc_hd__a21o_1)
     2    0.02    0.10    0.23   13.50 v accumulator._1272_/X (sky130_fd_sc_hd__a21o_1)
                                         accumulator._0369_ (net)
                  0.10    0.00   13.50 v accumulator._1278_/A1 (sky130_fd_sc_hd__a21oi_4)
     3    0.02    0.17    0.21   13.71 ^ accumulator._1278_/Y (sky130_fd_sc_hd__a21oi_4)
                                         accumulator._0375_ (net)
                  0.17    0.00   13.71 ^ rebuffer21/A (sky130_fd_sc_hd__buf_6)
     2    0.02    0.05    0.15   13.86 ^ rebuffer21/X (sky130_fd_sc_hd__buf_6)
                                         net79 (net)
                  0.05    0.00   13.86 ^ accumulator._1289_/B (sky130_fd_sc_hd__xnor2_4)
     9    0.03    0.26    0.16   14.02 ^ accumulator._1289_/Y (sky130_fd_sc_hd__xnor2_4)
                                         accumulator._0386_ (net)
                  0.26    0.00   14.02 ^ accumulator._1330_/S (sky130_fd_sc_hd__mux2_4)
     6    0.02    0.07    0.38   14.40 v accumulator._1330_/X (sky130_fd_sc_hd__mux2_4)
                                         accumulator._0425_ (net)
                  0.07    0.00   14.40 v clone38/A (sky130_fd_sc_hd__buf_4)
     5    0.02    0.04    0.17   14.57 v clone38/X (sky130_fd_sc_hd__buf_4)
                                         net96 (net)
                  0.04    0.00   14.57 v accumulator._1526_/A1 (sky130_fd_sc_hd__a21o_1)
     2    0.01    0.05    0.18   14.75 v accumulator._1526_/X (sky130_fd_sc_hd__a21o_1)
                                         accumulator._0621_ (net)
                  0.05    0.00   14.75 v accumulator._1527_/A2 (sky130_fd_sc_hd__a21o_1)
     2    0.00    0.04    0.19   14.94 v accumulator._1527_/X (sky130_fd_sc_hd__a21o_1)
                                         accumulator._0622_ (net)
                  0.04    0.00   14.94 v accumulator._1528_/C (sky130_fd_sc_hd__and3_1)
     2    0.01    0.07    0.22   15.16 v accumulator._1528_/X (sky130_fd_sc_hd__and3_1)
                                         accumulator._0623_ (net)
                  0.07    0.00   15.16 v accumulator._1644_/A2 (sky130_fd_sc_hd__o311ai_4)
     3    0.01    0.29    0.34   15.50 ^ accumulator._1644_/Y (sky130_fd_sc_hd__o311ai_4)
                                         accumulator._0739_ (net)
                  0.29    0.00   15.50 ^ accumulator._1716_/A (sky130_fd_sc_hd__nand3_2)
     2    0.01    0.10    0.12   15.62 v accumulator._1716_/Y (sky130_fd_sc_hd__nand3_2)
                                         accumulator._0811_ (net)
                  0.10    0.00   15.62 v accumulator._1736_/A1 (sky130_fd_sc_hd__a2111o_4)
     5    0.02    0.09    0.52   16.14 v accumulator._1736_/X (sky130_fd_sc_hd__a2111o_4)
                                         accumulator._0831_ (net)
                  0.09    0.00   16.15 v accumulator._1738_/A1 (sky130_fd_sc_hd__a21o_1)
     3    0.01    0.06    0.21   16.35 v accumulator._1738_/X (sky130_fd_sc_hd__a21o_1)
                                         accumulator._0833_ (net)
                  0.06    0.00   16.35 v accumulator._1744_/A1 (sky130_fd_sc_hd__a2111o_1)
     3    0.01    0.10    0.43   16.78 v accumulator._1744_/X (sky130_fd_sc_hd__a2111o_1)
                                         accumulator._0839_ (net)
                  0.10    0.00   16.78 v accumulator._1748_/A1 (sky130_fd_sc_hd__a2111o_1)
     2    0.01    0.07    0.41   17.20 v accumulator._1748_/X (sky130_fd_sc_hd__a2111o_1)
                                         accumulator._0843_ (net)
                  0.07    0.00   17.20 v accumulator._1751_/A1 (sky130_fd_sc_hd__a21o_1)
     2    0.01    0.06    0.20   17.39 v accumulator._1751_/X (sky130_fd_sc_hd__a21o_1)
                                         accumulator._0846_ (net)
                  0.06    0.00   17.39 v accumulator._1773_/A1 (sky130_fd_sc_hd__a21o_1)
     2    0.01    0.05    0.18   17.57 v accumulator._1773_/X (sky130_fd_sc_hd__a21o_1)
                                         accumulator._0868_ (net)
                  0.05    0.00   17.57 v accumulator._1798_/A1 (sky130_fd_sc_hd__a311o_1)
     2    0.01    0.08    0.30   17.87 v accumulator._1798_/X (sky130_fd_sc_hd__a311o_1)
                                         accumulator._0893_ (net)
                  0.08    0.00   17.87 v accumulator._1814_/A2 (sky130_fd_sc_hd__a21o_1)
     2    0.01    0.07    0.24   18.11 v accumulator._1814_/X (sky130_fd_sc_hd__a21o_1)
                                         accumulator._0909_ (net)
                  0.07    0.00   18.11 v accumulator._1821_/A2 (sky130_fd_sc_hd__a21o_1)
     3    0.01    0.06    0.23   18.33 v accumulator._1821_/X (sky130_fd_sc_hd__a21o_1)
                                         accumulator._0916_ (net)
                  0.06    0.00   18.33 v accumulator._1926_/A2 (sky130_fd_sc_hd__a21o_1)
     3    0.01    0.08    0.24   18.57 v accumulator._1926_/X (sky130_fd_sc_hd__a21o_1)
                                         accumulator._1021_ (net)
                  0.08    0.00   18.57 v accumulator._2045_/S (sky130_fd_sc_hd__mux2_4)
     4    0.01    0.07    0.35   18.92 v accumulator._2045_/X (sky130_fd_sc_hd__mux2_4)
                                         accumulator._1140_ (net)
                  0.07    0.00   18.92 v accumulator._2059_/B2 (sky130_fd_sc_hd__a221oi_2)
     1    0.00    0.18    0.24   19.17 ^ accumulator._2059_/Y (sky130_fd_sc_hd__a221oi_2)
                                         accumulator._1155_ (net)
                  0.18    0.00   19.17 ^ accumulator._2060_/A1 (sky130_fd_sc_hd__o21ai_1)
     1    0.00    0.09    0.11   19.28 v accumulator._2060_/Y (sky130_fd_sc_hd__o21ai_1)
                                         accumulator._1156_ (net)
                  0.09    0.00   19.28 v accumulator._2061_/A1 (sky130_fd_sc_hd__a21o_1)
     1    0.00    0.03    0.18   19.46 v accumulator._2061_/X (sky130_fd_sc_hd__a21o_1)
                                         accumulator._1157_ (net)
                  0.03    0.00   19.46 v accumulator._2062_/A1 (sky130_fd_sc_hd__a21o_1)
     1    0.00    0.04    0.16   19.61 v accumulator._2062_/X (sky130_fd_sc_hd__a21o_1)
                                         accumulator._1158_ (net)
                  0.04    0.00   19.61 v accumulator._2063_/A1 (sky130_fd_sc_hd__a21o_1)
     1    0.00    0.03    0.15   19.77 v accumulator._2063_/X (sky130_fd_sc_hd__a21o_1)
                                         accumulator._1159_ (net)
                  0.03    0.00   19.77 v accumulator._2064_/A1 (sky130_fd_sc_hd__a21o_1)
     1    0.00    0.04    0.16   19.92 v accumulator._2064_/X (sky130_fd_sc_hd__a21o_1)
                                         accumulator._1160_ (net)
                  0.04    0.00   19.92 v accumulator._2065_/A1 (sky130_fd_sc_hd__a21oi_1)
     1    0.00    0.13    0.14   20.07 ^ accumulator._2065_/Y (sky130_fd_sc_hd__a21oi_1)
                                         accumulator._1161_ (net)
                  0.13    0.00   20.07 ^ accumulator._2067_/A1 (sky130_fd_sc_hd__o21ai_1)
     1    0.00    0.06    0.09   20.16 v accumulator._2067_/Y (sky130_fd_sc_hd__o21ai_1)
                                         accumulator._1163_ (net)
                  0.06    0.00   20.16 v accumulator._2068_/A1 (sky130_fd_sc_hd__a21o_1)
     1    0.00    0.03    0.16   20.33 v accumulator._2068_/X (sky130_fd_sc_hd__a21o_1)
                                         accumulator._1164_ (net)
                  0.03    0.00   20.33 v accumulator._2069_/A1 (sky130_fd_sc_hd__a21o_1)
     1    0.01    0.04    0.16   20.49 v accumulator._2069_/X (sky130_fd_sc_hd__a21o_1)
                                         accumulator._1165_ (net)
                  0.04    0.00   20.49 v accumulator._2070_/A1 (sky130_fd_sc_hd__a211o_1)
     1    0.01    0.06    0.28   20.77 v accumulator._2070_/X (sky130_fd_sc_hd__a211o_1)
                                         accumulator._1167_ (net)
                  0.06    0.00   20.77 v accumulator._2073_/B2 (sky130_fd_sc_hd__a2bb2o_4)
     4    0.03    0.07    0.26   21.03 v accumulator._2073_/X (sky130_fd_sc_hd__a2bb2o_4)
                                         accumulator._1170_ (net)
                  0.07    0.00   21.03 v accumulator._2090_/A (sky130_fd_sc_hd__buf_8)
     5    0.03    0.03    0.15   21.18 v accumulator._2090_/X (sky130_fd_sc_hd__buf_8)
                                         accumulator._0046_ (net)
                  0.03    0.00   21.18 v accumulator._2091_/A (sky130_fd_sc_hd__buf_8)
    10    0.04    0.04    0.14   21.31 v accumulator._2091_/X (sky130_fd_sc_hd__buf_8)
                                         accumulator._0047_ (net)
                  0.04    0.00   21.31 v accumulator._2173_/S (sky130_fd_sc_hd__mux2_1)
     1    0.00    0.06    0.32   21.64 v accumulator._2173_/X (sky130_fd_sc_hd__mux2_1)
                                         accumulator._0128_ (net)
                  0.06    0.00   21.64 v accumulator._2174_/A0 (sky130_fd_sc_hd__mux2_1)
     1    0.00    0.06    0.30   21.93 v accumulator._2174_/X (sky130_fd_sc_hd__mux2_1)
                                         accumulator._0129_ (net)
                  0.06    0.00   21.93 v accumulator._2177_/A0 (sky130_fd_sc_hd__mux2_4)
     2    0.01    0.06    0.29   22.22 v accumulator._2177_/X (sky130_fd_sc_hd__mux2_4)
                                         accumulator._0132_ (net)
                  0.06    0.00   22.22 v accumulator._2178_/B2 (sky130_fd_sc_hd__a22o_1)
     1    0.00    0.04    0.21   22.43 v accumulator._2178_/X (sky130_fd_sc_hd__a22o_1)
                                         accumulator._0133_ (net)
                  0.04    0.00   22.43 v accumulator._2179_/A2 (sky130_fd_sc_hd__o21a_1)
     1    0.00    0.03    0.17   22.60 v accumulator._2179_/X (sky130_fd_sc_hd__o21a_1)
                                         accumulator._0011_ (net)
                  0.03    0.00   22.60 v accumulator._2366_/D (sky130_fd_sc_hd__dfxtp_1)
                                 22.60   data arrival time

                         25.00   25.00   clock clock (rise edge)
                          0.00   25.00   clock source latency
     1    0.01    0.07    0.05   25.05 ^ clock (in)
                                         clock (net)
                  0.07    0.00   25.05 ^ clkbuf_0_clock/A (sky130_fd_sc_hd__clkbuf_16)
     4    0.03    0.05    0.14   25.19 ^ clkbuf_0_clock/X (sky130_fd_sc_hd__clkbuf_16)
                                         clknet_0_clock (net)
                  0.05    0.00   25.19 ^ clkbuf_2_1__f_clock/A (sky130_fd_sc_hd__clkbuf_16)
     9    0.03    0.05    0.13   25.32 ^ clkbuf_2_1__f_clock/X (sky130_fd_sc_hd__clkbuf_16)
                                         clknet_2_1__leaf_clock (net)
                  0.05    0.00   25.32 ^ accumulator._2366_/CLK (sky130_fd_sc_hd__dfxtp_1)
                         -0.25   25.07   clock uncertainty
                          0.00   25.07   clock reconvergence pessimism
                         -0.10   24.96   library setup time
                                 24.96   data required time
-----------------------------------------------------------------------------
                                 24.96   data required time
                                -22.60   data arrival time
-----------------------------------------------------------------------------
                                  2.36   slack (MET)


Startpoint: io_inScaleA[7] (input port clocked by clock)
Endpoint: accumulator._2373_ (rising edge-triggered flip-flop clocked by clock)
Path Group: clock
Path Type: max

Fanout     Cap    Slew   Delay    Time   Description
-----------------------------------------------------------------------------
                          0.00    0.00   clock clock (rise edge)
                          0.00    0.00   clock network delay (propagated)
                          5.00    5.00 v input external delay
     1    0.01    0.01    0.01    5.01 v io_inScaleA[7] (in)
                                         io_inScaleA[7] (net)
                  0.01    0.00    5.01 v input16/A (sky130_fd_sc_hd__clkbuf_2)
     5    0.02    0.07    0.13    5.14 v input16/X (sky130_fd_sc_hd__clkbuf_2)
                                         net16 (net)
                  0.07    0.00    5.14 v scaleAdd._280_/A1 (sky130_fd_sc_hd__o31a_1)
     3    0.01    0.07    0.34    5.48 v scaleAdd._280_/X (sky130_fd_sc_hd__o31a_1)
                                         scaleAdd._222_ (net)
                  0.07    0.00    5.48 v scaleAdd._282_/A2 (sky130_fd_sc_hd__a21o_1)
     3    0.01    0.08    0.24    5.72 v scaleAdd._282_/X (sky130_fd_sc_hd__a21o_1)
                                         scaleAdd._224_ (net)
                  0.08    0.00    5.72 v scaleAdd._284_/A1 (sky130_fd_sc_hd__a21oi_4)
     3    0.02    0.16    0.19    5.91 ^ scaleAdd._284_/Y (sky130_fd_sc_hd__a21oi_4)
                                         scaleAdd._226_ (net)
                  0.16    0.00    5.91 ^ scaleAdd._287_/A (sky130_fd_sc_hd__xnor2_2)
     1    0.01    0.19    0.16    6.08 ^ scaleAdd._287_/Y (sky130_fd_sc_hd__xnor2_2)
                                         scaleAdd._229_ (net)
                  0.19    0.00    6.08 ^ scaleAdd._288_/A (sky130_fd_sc_hd__xnor2_2)
     3    0.02    0.10    0.14    6.22 v scaleAdd._288_/Y (sky130_fd_sc_hd__xnor2_2)
                                         scaleAdd._230_ (net)
                  0.10    0.00    6.22 v scaleAdd._346_/A2 (sky130_fd_sc_hd__a21o_1)
     1    0.01    0.05    0.22    6.44 v scaleAdd._346_/X (sky130_fd_sc_hd__a21o_1)
                                         scaleAdd._052_ (net)
                  0.05    0.00    6.44 v scaleAdd._348_/A2 (sky130_fd_sc_hd__a21o_4)
     2    0.03    0.06    0.26    6.70 v scaleAdd._348_/X (sky130_fd_sc_hd__a21o_4)
                                         scaleAdd._054_ (net)
                  0.06    0.00    6.70 v scaleAdd._349_/A (sky130_fd_sc_hd__xor2_4)
     5    0.01    0.08    0.20    6.90 v scaleAdd._349_/X (sky130_fd_sc_hd__xor2_4)
                                         scaleAdd._055_ (net)
                  0.08    0.00    6.90 v scaleAdd._351_/A1 (sky130_fd_sc_hd__a21o_1)
     2    0.01    0.05    0.19    7.09 v scaleAdd._351_/X (sky130_fd_sc_hd__a21o_1)
                                         scaleAdd._057_ (net)
                  0.05    0.00    7.09 v scaleAdd._353_/A (sky130_fd_sc_hd__and3_1)
     3    0.01    0.06    0.17    7.26 v scaleAdd._353_/X (sky130_fd_sc_hd__and3_1)
                                         scaleAdd._059_ (net)
                  0.06    0.00    7.26 v scaleAdd._355_/B (sky130_fd_sc_hd__or3_4)
     3    0.01    0.07    0.39    7.66 v scaleAdd._355_/X (sky130_fd_sc_hd__or3_4)
                                         scaleAdd._061_ (net)
                  0.07    0.00    7.66 v scaleAdd._359_/A1 (sky130_fd_sc_hd__a21o_1)
     2    0.01    0.05    0.18    7.84 v scaleAdd._359_/X (sky130_fd_sc_hd__a21o_1)
                                         scaleAdd._065_ (net)
                  0.05    0.00    7.84 v scaleAdd._383_/A2 (sky130_fd_sc_hd__a21o_1)
     2    0.01    0.04    0.19    8.03 v scaleAdd._383_/X (sky130_fd_sc_hd__a21o_1)
                                         scaleAdd._088_ (net)
                  0.04    0.00    8.03 v scaleAdd._399_/A1 (sky130_fd_sc_hd__a21o_1)
     2    0.01    0.07    0.19    8.22 v scaleAdd._399_/X (sky130_fd_sc_hd__a21o_1)
                                         scaleAdd._103_ (net)
                  0.07    0.00    8.22 v scaleAdd._417_/A1 (sky130_fd_sc_hd__a21bo_1)
     2    0.01    0.05    0.19    8.42 v scaleAdd._417_/X (sky130_fd_sc_hd__a21bo_1)
                                         scaleAdd._120_ (net)
                  0.05    0.00    8.42 v scaleAdd._432_/A1 (sky130_fd_sc_hd__a21o_1)
     2    0.01    0.05    0.18    8.60 v scaleAdd._432_/X (sky130_fd_sc_hd__a21o_1)
                                         scaleAdd._134_ (net)
                  0.05    0.00    8.60 v scaleAdd._444_/A1 (sky130_fd_sc_hd__a21o_1)
     2    0.01    0.05    0.18    8.78 v scaleAdd._444_/X (sky130_fd_sc_hd__a21o_1)
                                         scaleAdd._145_ (net)
                  0.05    0.00    8.78 v scaleAdd._447_/A1 (sky130_fd_sc_hd__a21o_1)
     2    0.00    0.04    0.17    8.95 v scaleAdd._447_/X (sky130_fd_sc_hd__a21o_1)
                                         scaleAdd._147_ (net)
                  0.04    0.00    8.95 v rebuffer19/A (sky130_fd_sc_hd__clkbuf_2)
     1    0.01    0.05    0.12    9.07 v rebuffer19/X (sky130_fd_sc_hd__clkbuf_2)
                                         net77 (net)
                  0.05    0.00    9.07 v scaleAdd._448_/A (sky130_fd_sc_hd__xor2_2)
     4    0.01    0.08    0.20    9.27 v scaleAdd._448_/X (sky130_fd_sc_hd__xor2_2)
                                         accumulator.io_inMant[14] (net)
                  0.08    0.00    9.27 v accumulator._1181_/A (sky130_fd_sc_hd__or4_4)
     1    0.01    0.09    0.58    9.85 v accumulator._1181_/X (sky130_fd_sc_hd__or4_4)
                                         accumulator._0045_ (net)
                  0.09    0.00    9.85 v accumulator._1182_/A (sky130_fd_sc_hd__buf_8)
     8    0.02    0.03    0.15   10.00 v accumulator._1182_/X (sky130_fd_sc_hd__buf_8)
                                         accumulator._0055_ (net)
                  0.03    0.00   10.00 v accumulator._1200_/A_N (sky130_fd_sc_hd__and2b_1)
     3    0.01    0.08    0.22   10.22 ^ accumulator._1200_/X (sky130_fd_sc_hd__and2b_1)
                                         accumulator._0232_ (net)
                  0.08    0.00   10.22 ^ accumulator._1201_/B1_N (sky130_fd_sc_hd__o21ba_4)
     3    0.01    0.04    0.17   10.39 v accumulator._1201_/X (sky130_fd_sc_hd__o21ba_4)
                                         accumulator._0241_ (net)
                  0.04    0.00   10.39 v accumulator._1202_/A (sky130_fd_sc_hd__and2_4)
     3    0.01    0.03    0.14   10.53 v accumulator._1202_/X (sky130_fd_sc_hd__and2_4)
                                         accumulator._0251_ (net)
                  0.03    0.00   10.53 v accumulator._1204_/B (sky130_fd_sc_hd__or2_4)
     3    0.01    0.05    0.24   10.78 v accumulator._1204_/X (sky130_fd_sc_hd__or2_4)
                                         accumulator._0271_ (net)
                  0.05    0.00   10.78 v accumulator._1205_/A (sky130_fd_sc_hd__inv_2)
     3    0.01    0.05    0.07   10.85 ^ accumulator._1205_/Y (sky130_fd_sc_hd__inv_2)
                                         accumulator._0281_ (net)
                  0.05    0.00   10.85 ^ accumulator._1218_/A1 (sky130_fd_sc_hd__a311o_1)
     3    0.01    0.12    0.21   11.06 ^ accumulator._1218_/X (sky130_fd_sc_hd__a311o_1)
                                         accumulator._0315_ (net)
                  0.12    0.00   11.06 ^ rebuffer25/A (sky130_fd_sc_hd__clkbuf_1)
     1    0.00    0.06    0.12   11.18 ^ rebuffer25/X (sky130_fd_sc_hd__clkbuf_1)
                                         net83 (net)
                  0.06    0.00   11.18 ^ rebuffer10/A (sky130_fd_sc_hd__clkbuf_2)
     1    0.00    0.03    0.10   11.28 ^ rebuffer10/X (sky130_fd_sc_hd__clkbuf_2)
                                         net68 (net)
                  0.03    0.00   11.28 ^ rebuffer8/A (sky130_fd_sc_hd__clkbuf_1)
     1    0.01    0.07    0.10   11.37 ^ rebuffer8/X (sky130_fd_sc_hd__clkbuf_1)
                                         net66 (net)
                  0.07    0.00   11.37 ^ accumulator._1219_/A (sky130_fd_sc_hd__nand3_2)
     2    0.01    0.08    0.07   11.45 v accumulator._1219_/Y (sky130_fd_sc_hd__nand3_2)
                                         accumulator._0316_ (net)
                  0.08    0.00   11.45 v accumulator._1228_/A2 (sky130_fd_sc_hd__a211o_1)
     2    0.01    0.07    0.34   11.79 v accumulator._1228_/X (sky130_fd_sc_hd__a211o_1)
                                         accumulator._0325_ (net)
                  0.07    0.00   11.79 v accumulator._1242_/A2 (sky130_fd_sc_hd__o22a_1)
     3    0.01    0.07    0.24   12.03 v accumulator._1242_/X (sky130_fd_sc_hd__o22a_1)
                                         accumulator._0339_ (net)
                  0.07    0.00   12.03 v accumulator._1243_/A (sky130_fd_sc_hd__buf_4)
    10    0.03    0.06    0.19   12.22 v accumulator._1243_/X (sky130_fd_sc_hd__buf_4)
                                         accumulator._0340_ (net)
                  0.06    0.00   12.22 v accumulator._1249_/B1 (sky130_fd_sc_hd__a21o_4)
     3    0.02    0.06    0.22   12.44 v accumulator._1249_/X (sky130_fd_sc_hd__a21o_4)
                                         accumulator._0346_ (net)
                  0.06    0.00   12.44 v accumulator._1250_/B (sky130_fd_sc_hd__xor2_4)
     3    0.03    0.10    0.19   12.64 v accumulator._1250_/X (sky130_fd_sc_hd__xor2_4)
                                         accumulator._0347_ (net)
                  0.10    0.00   12.64 v accumulator._1259_/A2 (sky130_fd_sc_hd__a21o_4)
     2    0.02    0.05    0.27   12.91 v accumulator._1259_/X (sky130_fd_sc_hd__a21o_4)
                                         accumulator._0356_ (net)
                  0.05    0.00   12.91 v accumulator._1264_/A2 (sky130_fd_sc_hd__a21o_1)
     2    0.01    0.04    0.20   13.10 v accumulator._1264_/X (sky130_fd_sc_hd__a21o_1)
                                         accumulator._0361_ (net)
                  0.04    0.00   13.10 v accumulator._1266_/A1 (sky130_fd_sc_hd__a21o_1)
     2    0.01    0.04    0.17   13.28 v accumulator._1266_/X (sky130_fd_sc_hd__a21o_1)
                                         accumulator._0363_ (net)
                  0.04    0.00   13.28 v accumulator._1272_/A1 (sky130_fd_sc_hd__a21o_1)
     2    0.02    0.10    0.23   13.50 v accumulator._1272_/X (sky130_fd_sc_hd__a21o_1)
                                         accumulator._0369_ (net)
                  0.10    0.00   13.50 v accumulator._1278_/A1 (sky130_fd_sc_hd__a21oi_4)
     3    0.02    0.17    0.21   13.71 ^ accumulator._1278_/Y (sky130_fd_sc_hd__a21oi_4)
                                         accumulator._0375_ (net)
                  0.17    0.00   13.71 ^ rebuffer21/A (sky130_fd_sc_hd__buf_6)
     2    0.02    0.05    0.15   13.86 ^ rebuffer21/X (sky130_fd_sc_hd__buf_6)
                                         net79 (net)
                  0.05    0.00   13.86 ^ accumulator._1289_/B (sky130_fd_sc_hd__xnor2_4)
     9    0.03    0.26    0.16   14.02 ^ accumulator._1289_/Y (sky130_fd_sc_hd__xnor2_4)
                                         accumulator._0386_ (net)
                  0.26    0.00   14.02 ^ accumulator._1330_/S (sky130_fd_sc_hd__mux2_4)
     6    0.02    0.07    0.38   14.40 v accumulator._1330_/X (sky130_fd_sc_hd__mux2_4)
                                         accumulator._0425_ (net)
                  0.07    0.00   14.40 v clone38/A (sky130_fd_sc_hd__buf_4)
     5    0.02    0.04    0.17   14.57 v clone38/X (sky130_fd_sc_hd__buf_4)
                                         net96 (net)
                  0.04    0.00   14.57 v accumulator._1526_/A1 (sky130_fd_sc_hd__a21o_1)
     2    0.01    0.05    0.18   14.75 v accumulator._1526_/X (sky130_fd_sc_hd__a21o_1)
                                         accumulator._0621_ (net)
                  0.05    0.00   14.75 v accumulator._1527_/A2 (sky130_fd_sc_hd__a21o_1)
     2    0.00    0.04    0.19   14.94 v accumulator._1527_/X (sky130_fd_sc_hd__a21o_1)
                                         accumulator._0622_ (net)
                  0.04    0.00   14.94 v accumulator._1528_/C (sky130_fd_sc_hd__and3_1)
     2    0.01    0.07    0.22   15.16 v accumulator._1528_/X (sky130_fd_sc_hd__and3_1)
                                         accumulator._0623_ (net)
                  0.07    0.00   15.16 v accumulator._1644_/A2 (sky130_fd_sc_hd__o311ai_4)
     3    0.01    0.29    0.34   15.50 ^ accumulator._1644_/Y (sky130_fd_sc_hd__o311ai_4)
                                         accumulator._0739_ (net)
                  0.29    0.00   15.50 ^ accumulator._1716_/A (sky130_fd_sc_hd__nand3_2)
     2    0.01    0.10    0.12   15.62 v accumulator._1716_/Y (sky130_fd_sc_hd__nand3_2)
                                         accumulator._0811_ (net)
                  0.10    0.00   15.62 v accumulator._1736_/A1 (sky130_fd_sc_hd__a2111o_4)
     5    0.02    0.09    0.52   16.14 v accumulator._1736_/X (sky130_fd_sc_hd__a2111o_4)
                                         accumulator._0831_ (net)
                  0.09    0.00   16.15 v accumulator._1738_/A1 (sky130_fd_sc_hd__a21o_1)
     3    0.01    0.06    0.21   16.35 v accumulator._1738_/X (sky130_fd_sc_hd__a21o_1)
                                         accumulator._0833_ (net)
                  0.06    0.00   16.35 v accumulator._1744_/A1 (sky130_fd_sc_hd__a2111o_1)
     3    0.01    0.10    0.43   16.78 v accumulator._1744_/X (sky130_fd_sc_hd__a2111o_1)
                                         accumulator._0839_ (net)
                  0.10    0.00   16.78 v accumulator._1748_/A1 (sky130_fd_sc_hd__a2111o_1)
     2    0.01    0.07    0.41   17.20 v accumulator._1748_/X (sky130_fd_sc_hd__a2111o_1)
                                         accumulator._0843_ (net)
                  0.07    0.00   17.20 v accumulator._1751_/A1 (sky130_fd_sc_hd__a21o_1)
     2    0.01    0.06    0.20   17.39 v accumulator._1751_/X (sky130_fd_sc_hd__a21o_1)
                                         accumulator._0846_ (net)
                  0.06    0.00   17.39 v accumulator._1773_/A1 (sky130_fd_sc_hd__a21o_1)
     2    0.01    0.05    0.18   17.57 v accumulator._1773_/X (sky130_fd_sc_hd__a21o_1)
                                         accumulator._0868_ (net)
                  0.05    0.00   17.57 v accumulator._1798_/A1 (sky130_fd_sc_hd__a311o_1)
     2    0.01    0.08    0.30   17.87 v accumulator._1798_/X (sky130_fd_sc_hd__a311o_1)
                                         accumulator._0893_ (net)
                  0.08    0.00   17.87 v accumulator._1814_/A2 (sky130_fd_sc_hd__a21o_1)
     2    0.01    0.07    0.24   18.11 v accumulator._1814_/X (sky130_fd_sc_hd__a21o_1)
                                         accumulator._0909_ (net)
                  0.07    0.00   18.11 v accumulator._1821_/A2 (sky130_fd_sc_hd__a21o_1)
     3    0.01    0.06    0.23   18.33 v accumulator._1821_/X (sky130_fd_sc_hd__a21o_1)
                                         accumulator._0916_ (net)
                  0.06    0.00   18.33 v accumulator._1926_/A2 (sky130_fd_sc_hd__a21o_1)
     3    0.01    0.08    0.24   18.57 v accumulator._1926_/X (sky130_fd_sc_hd__a21o_1)
                                         accumulator._1021_ (net)
                  0.08    0.00   18.57 v accumulator._2045_/S (sky130_fd_sc_hd__mux2_4)
     4    0.01    0.07    0.35   18.92 v accumulator._2045_/X (sky130_fd_sc_hd__mux2_4)
                                         accumulator._1140_ (net)
                  0.07    0.00   18.92 v accumulator._2059_/B2 (sky130_fd_sc_hd__a221oi_2)
     1    0.00    0.18    0.24   19.17 ^ accumulator._2059_/Y (sky130_fd_sc_hd__a221oi_2)
                                         accumulator._1155_ (net)
                  0.18    0.00   19.17 ^ accumulator._2060_/A1 (sky130_fd_sc_hd__o21ai_1)
     1    0.00    0.09    0.11   19.28 v accumulator._2060_/Y (sky130_fd_sc_hd__o21ai_1)
                                         accumulator._1156_ (net)
                  0.09    0.00   19.28 v accumulator._2061_/A1 (sky130_fd_sc_hd__a21o_1)
     1    0.00    0.03    0.18   19.46 v accumulator._2061_/X (sky130_fd_sc_hd__a21o_1)
                                         accumulator._1157_ (net)
                  0.03    0.00   19.46 v accumulator._2062_/A1 (sky130_fd_sc_hd__a21o_1)
     1    0.00    0.04    0.16   19.61 v accumulator._2062_/X (sky130_fd_sc_hd__a21o_1)
                                         accumulator._1158_ (net)
                  0.04    0.00   19.61 v accumulator._2063_/A1 (sky130_fd_sc_hd__a21o_1)
     1    0.00    0.03    0.15   19.77 v accumulator._2063_/X (sky130_fd_sc_hd__a21o_1)
                                         accumulator._1159_ (net)
                  0.03    0.00   19.77 v accumulator._2064_/A1 (sky130_fd_sc_hd__a21o_1)
     1    0.00    0.04    0.16   19.92 v accumulator._2064_/X (sky130_fd_sc_hd__a21o_1)
                                         accumulator._1160_ (net)
                  0.04    0.00   19.92 v accumulator._2065_/A1 (sky130_fd_sc_hd__a21oi_1)
     1    0.00    0.13    0.14   20.07 ^ accumulator._2065_/Y (sky130_fd_sc_hd__a21oi_1)
                                         accumulator._1161_ (net)
                  0.13    0.00   20.07 ^ accumulator._2067_/A1 (sky130_fd_sc_hd__o21ai_1)
     1    0.00    0.06    0.09   20.16 v accumulator._2067_/Y (sky130_fd_sc_hd__o21ai_1)
                                         accumulator._1163_ (net)
                  0.06    0.00   20.16 v accumulator._2068_/A1 (sky130_fd_sc_hd__a21o_1)
     1    0.00    0.03    0.16   20.33 v accumulator._2068_/X (sky130_fd_sc_hd__a21o_1)
                                         accumulator._1164_ (net)
                  0.03    0.00   20.33 v accumulator._2069_/A1 (sky130_fd_sc_hd__a21o_1)
     1    0.01    0.04    0.16   20.49 v accumulator._2069_/X (sky130_fd_sc_hd__a21o_1)
                                         accumulator._1165_ (net)
                  0.04    0.00   20.49 v accumulator._2070_/A1 (sky130_fd_sc_hd__a211o_1)
     1    0.01    0.06    0.28   20.77 v accumulator._2070_/X (sky130_fd_sc_hd__a211o_1)
                                         accumulator._1167_ (net)
                  0.06    0.00   20.77 v accumulator._2073_/B2 (sky130_fd_sc_hd__a2bb2o_4)
     4    0.03    0.07    0.26   21.03 v accumulator._2073_/X (sky130_fd_sc_hd__a2bb2o_4)
                                         accumulator._1170_ (net)
                  0.07    0.00   21.03 v clone42/A (sky130_fd_sc_hd__clkbuf_16)
     5    0.02    0.04    0.17   21.20 v clone42/X (sky130_fd_sc_hd__clkbuf_16)
                                         net100 (net)
                  0.04    0.00   21.20 v accumulator._2077_/S (sky130_fd_sc_hd__mux2_2)
     2    0.01    0.06    0.29   21.49 v accumulator._2077_/X (sky130_fd_sc_hd__mux2_2)
                                         accumulator._1174_ (net)
                  0.06    0.00   21.49 v accumulator._2088_/A1 (sky130_fd_sc_hd__mux2_4)
     2    0.01    0.06    0.28   21.78 v accumulator._2088_/X (sky130_fd_sc_hd__mux2_4)
                                         accumulator._0043_ (net)
                  0.06    0.00   21.78 v accumulator._2094_/A2 (sky130_fd_sc_hd__a21oi_1)
     3    0.01    0.18    0.20   21.98 ^ accumulator._2094_/Y (sky130_fd_sc_hd__a21oi_1)
                                         accumulator._0050_ (net)
                  0.18    0.00   21.98 ^ accumulator._2234_/C_N (sky130_fd_sc_hd__or3b_1)
     1    0.00    0.07    0.38   22.36 v accumulator._2234_/X (sky130_fd_sc_hd__or3b_1)
                                         accumulator._0188_ (net)
                  0.07    0.00   22.36 v accumulator._2235_/C1 (sky130_fd_sc_hd__o221a_1)
     1    0.00    0.04    0.12   22.48 v accumulator._2235_/X (sky130_fd_sc_hd__o221a_1)
                                         accumulator._0189_ (net)
                  0.04    0.00   22.48 v accumulator._2236_/A2 (sky130_fd_sc_hd__a21oi_1)
     1    0.00    0.10    0.14   22.62 ^ accumulator._2236_/Y (sky130_fd_sc_hd__a21oi_1)
                                         accumulator._0018_ (net)
                  0.10    0.00   22.62 ^ accumulator._2373_/D (sky130_fd_sc_hd__dfxtp_1)
                                 22.62   data arrival time

                         25.00   25.00   clock clock (rise edge)
                          0.00   25.00   clock source latency
     1    0.01    0.07    0.05   25.05 ^ clock (in)
                                         clock (net)
                  0.07    0.00   25.05 ^ clkbuf_0_clock/A (sky130_fd_sc_hd__clkbuf_16)
     4    0.03    0.05    0.14   25.19 ^ clkbuf_0_clock/X (sky130_fd_sc_hd__clkbuf_16)
                                         clknet_0_clock (net)
                  0.05    0.00   25.19 ^ clkbuf_2_1__f_clock/A (sky130_fd_sc_hd__clkbuf_16)
     9    0.03    0.05    0.13   25.32 ^ clkbuf_2_1__f_clock/X (sky130_fd_sc_hd__clkbuf_16)
                                         clknet_2_1__leaf_clock (net)
                  0.05    0.00   25.32 ^ accumulator._2373_/CLK (sky130_fd_sc_hd__dfxtp_1)
                         -0.25   25.07   clock uncertainty
                          0.00   25.07   clock reconvergence pessimism
                         -0.07   25.00   library setup time
                                 25.00   data required time
-----------------------------------------------------------------------------
                                 25.00   data required time
                                -22.62   data arrival time
-----------------------------------------------------------------------------
                                  2.38   slack (MET)


Startpoint: io_inScaleA[7] (input port clocked by clock)
Endpoint: accumulator._2359_ (rising edge-triggered flip-flop clocked by clock)
Path Group: clock
Path Type: max

Fanout     Cap    Slew   Delay    Time   Description
-----------------------------------------------------------------------------
                          0.00    0.00   clock clock (rise edge)
                          0.00    0.00   clock network delay (propagated)
                          5.00    5.00 v input external delay
     1    0.01    0.01    0.01    5.01 v io_inScaleA[7] (in)
                                         io_inScaleA[7] (net)
                  0.01    0.00    5.01 v input16/A (sky130_fd_sc_hd__clkbuf_2)
     5    0.02    0.07    0.13    5.14 v input16/X (sky130_fd_sc_hd__clkbuf_2)
                                         net16 (net)
                  0.07    0.00    5.14 v scaleAdd._280_/A1 (sky130_fd_sc_hd__o31a_1)
     3    0.01    0.07    0.34    5.48 v scaleAdd._280_/X (sky130_fd_sc_hd__o31a_1)
                                         scaleAdd._222_ (net)
                  0.07    0.00    5.48 v scaleAdd._282_/A2 (sky130_fd_sc_hd__a21o_1)
     3    0.01    0.08    0.24    5.72 v scaleAdd._282_/X (sky130_fd_sc_hd__a21o_1)
                                         scaleAdd._224_ (net)
                  0.08    0.00    5.72 v scaleAdd._284_/A1 (sky130_fd_sc_hd__a21oi_4)
     3    0.02    0.16    0.19    5.91 ^ scaleAdd._284_/Y (sky130_fd_sc_hd__a21oi_4)
                                         scaleAdd._226_ (net)
                  0.16    0.00    5.91 ^ scaleAdd._287_/A (sky130_fd_sc_hd__xnor2_2)
     1    0.01    0.19    0.16    6.08 ^ scaleAdd._287_/Y (sky130_fd_sc_hd__xnor2_2)
                                         scaleAdd._229_ (net)
                  0.19    0.00    6.08 ^ scaleAdd._288_/A (sky130_fd_sc_hd__xnor2_2)
     3    0.02    0.10    0.14    6.22 v scaleAdd._288_/Y (sky130_fd_sc_hd__xnor2_2)
                                         scaleAdd._230_ (net)
                  0.10    0.00    6.22 v scaleAdd._346_/A2 (sky130_fd_sc_hd__a21o_1)
     1    0.01    0.05    0.22    6.44 v scaleAdd._346_/X (sky130_fd_sc_hd__a21o_1)
                                         scaleAdd._052_ (net)
                  0.05    0.00    6.44 v scaleAdd._348_/A2 (sky130_fd_sc_hd__a21o_4)
     2    0.03    0.06    0.26    6.70 v scaleAdd._348_/X (sky130_fd_sc_hd__a21o_4)
                                         scaleAdd._054_ (net)
                  0.06    0.00    6.70 v scaleAdd._349_/A (sky130_fd_sc_hd__xor2_4)
     5    0.01    0.08    0.20    6.90 v scaleAdd._349_/X (sky130_fd_sc_hd__xor2_4)
                                         scaleAdd._055_ (net)
                  0.08    0.00    6.90 v scaleAdd._351_/A1 (sky130_fd_sc_hd__a21o_1)
     2    0.01    0.05    0.19    7.09 v scaleAdd._351_/X (sky130_fd_sc_hd__a21o_1)
                                         scaleAdd._057_ (net)
                  0.05    0.00    7.09 v scaleAdd._353_/A (sky130_fd_sc_hd__and3_1)
     3    0.01    0.06    0.17    7.26 v scaleAdd._353_/X (sky130_fd_sc_hd__and3_1)
                                         scaleAdd._059_ (net)
                  0.06    0.00    7.26 v scaleAdd._355_/B (sky130_fd_sc_hd__or3_4)
     3    0.01    0.07    0.39    7.66 v scaleAdd._355_/X (sky130_fd_sc_hd__or3_4)
                                         scaleAdd._061_ (net)
                  0.07    0.00    7.66 v scaleAdd._359_/A1 (sky130_fd_sc_hd__a21o_1)
     2    0.01    0.05    0.18    7.84 v scaleAdd._359_/X (sky130_fd_sc_hd__a21o_1)
                                         scaleAdd._065_ (net)
                  0.05    0.00    7.84 v scaleAdd._383_/A2 (sky130_fd_sc_hd__a21o_1)
     2    0.01    0.04    0.19    8.03 v scaleAdd._383_/X (sky130_fd_sc_hd__a21o_1)
                                         scaleAdd._088_ (net)
                  0.04    0.00    8.03 v scaleAdd._399_/A1 (sky130_fd_sc_hd__a21o_1)
     2    0.01    0.07    0.19    8.22 v scaleAdd._399_/X (sky130_fd_sc_hd__a21o_1)
                                         scaleAdd._103_ (net)
                  0.07    0.00    8.22 v scaleAdd._417_/A1 (sky130_fd_sc_hd__a21bo_1)
     2    0.01    0.05    0.19    8.42 v scaleAdd._417_/X (sky130_fd_sc_hd__a21bo_1)
                                         scaleAdd._120_ (net)
                  0.05    0.00    8.42 v scaleAdd._432_/A1 (sky130_fd_sc_hd__a21o_1)
     2    0.01    0.05    0.18    8.60 v scaleAdd._432_/X (sky130_fd_sc_hd__a21o_1)
                                         scaleAdd._134_ (net)
                  0.05    0.00    8.60 v scaleAdd._444_/A1 (sky130_fd_sc_hd__a21o_1)
     2    0.01    0.05    0.18    8.78 v scaleAdd._444_/X (sky130_fd_sc_hd__a21o_1)
                                         scaleAdd._145_ (net)
                  0.05    0.00    8.78 v scaleAdd._447_/A1 (sky130_fd_sc_hd__a21o_1)
     2    0.00    0.04    0.17    8.95 v scaleAdd._447_/X (sky130_fd_sc_hd__a21o_1)
                                         scaleAdd._147_ (net)
                  0.04    0.00    8.95 v rebuffer19/A (sky130_fd_sc_hd__clkbuf_2)
     1    0.01    0.05    0.12    9.07 v rebuffer19/X (sky130_fd_sc_hd__clkbuf_2)
                                         net77 (net)
                  0.05    0.00    9.07 v scaleAdd._448_/A (sky130_fd_sc_hd__xor2_2)
     4    0.01    0.08    0.20    9.27 v scaleAdd._448_/X (sky130_fd_sc_hd__xor2_2)
                                         accumulator.io_inMant[14] (net)
                  0.08    0.00    9.27 v accumulator._1181_/A (sky130_fd_sc_hd__or4_4)
     1    0.01    0.09    0.58    9.85 v accumulator._1181_/X (sky130_fd_sc_hd__or4_4)
                                         accumulator._0045_ (net)
                  0.09    0.00    9.85 v accumulator._1182_/A (sky130_fd_sc_hd__buf_8)
     8    0.02    0.03    0.15   10.00 v accumulator._1182_/X (sky130_fd_sc_hd__buf_8)
                                         accumulator._0055_ (net)
                  0.03    0.00   10.00 v accumulator._1200_/A_N (sky130_fd_sc_hd__and2b_1)
     3    0.01    0.08    0.22   10.22 ^ accumulator._1200_/X (sky130_fd_sc_hd__and2b_1)
                                         accumulator._0232_ (net)
                  0.08    0.00   10.22 ^ accumulator._1201_/B1_N (sky130_fd_sc_hd__o21ba_4)
     3    0.01    0.04    0.17   10.39 v accumulator._1201_/X (sky130_fd_sc_hd__o21ba_4)
                                         accumulator._0241_ (net)
                  0.04    0.00   10.39 v accumulator._1202_/A (sky130_fd_sc_hd__and2_4)
     3    0.01    0.03    0.14   10.53 v accumulator._1202_/X (sky130_fd_sc_hd__and2_4)
                                         accumulator._0251_ (net)
                  0.03    0.00   10.53 v accumulator._1204_/B (sky130_fd_sc_hd__or2_4)
     3    0.01    0.05    0.24   10.78 v accumulator._1204_/X (sky130_fd_sc_hd__or2_4)
                                         accumulator._0271_ (net)
                  0.05    0.00   10.78 v accumulator._1205_/A (sky130_fd_sc_hd__inv_2)
     3    0.01    0.05    0.07   10.85 ^ accumulator._1205_/Y (sky130_fd_sc_hd__inv_2)
                                         accumulator._0281_ (net)
                  0.05    0.00   10.85 ^ accumulator._1218_/A1 (sky130_fd_sc_hd__a311o_1)
     3    0.01    0.12    0.21   11.06 ^ accumulator._1218_/X (sky130_fd_sc_hd__a311o_1)
                                         accumulator._0315_ (net)
                  0.12    0.00   11.06 ^ rebuffer25/A (sky130_fd_sc_hd__clkbuf_1)
     1    0.00    0.06    0.12   11.18 ^ rebuffer25/X (sky130_fd_sc_hd__clkbuf_1)
                                         net83 (net)
                  0.06    0.00   11.18 ^ rebuffer10/A (sky130_fd_sc_hd__clkbuf_2)
     1    0.00    0.03    0.10   11.28 ^ rebuffer10/X (sky130_fd_sc_hd__clkbuf_2)
                                         net68 (net)
                  0.03    0.00   11.28 ^ rebuffer8/A (sky130_fd_sc_hd__clkbuf_1)
     1    0.01    0.07    0.10   11.37 ^ rebuffer8/X (sky130_fd_sc_hd__clkbuf_1)
                                         net66 (net)
                  0.07    0.00   11.37 ^ accumulator._1219_/A (sky130_fd_sc_hd__nand3_2)
     2    0.01    0.08    0.07   11.45 v accumulator._1219_/Y (sky130_fd_sc_hd__nand3_2)
                                         accumulator._0316_ (net)
                  0.08    0.00   11.45 v accumulator._1228_/A2 (sky130_fd_sc_hd__a211o_1)
     2    0.01    0.07    0.34   11.79 v accumulator._1228_/X (sky130_fd_sc_hd__a211o_1)
                                         accumulator._0325_ (net)
                  0.07    0.00   11.79 v accumulator._1242_/A2 (sky130_fd_sc_hd__o22a_1)
     3    0.01    0.07    0.24   12.03 v accumulator._1242_/X (sky130_fd_sc_hd__o22a_1)
                                         accumulator._0339_ (net)
                  0.07    0.00   12.03 v accumulator._1243_/A (sky130_fd_sc_hd__buf_4)
    10    0.03    0.06    0.19   12.22 v accumulator._1243_/X (sky130_fd_sc_hd__buf_4)
                                         accumulator._0340_ (net)
                  0.06    0.00   12.22 v accumulator._1249_/B1 (sky130_fd_sc_hd__a21o_4)
     3    0.02    0.06    0.22   12.44 v accumulator._1249_/X (sky130_fd_sc_hd__a21o_4)
                                         accumulator._0346_ (net)
                  0.06    0.00   12.44 v accumulator._1250_/B (sky130_fd_sc_hd__xor2_4)
     3    0.03    0.10    0.19   12.64 v accumulator._1250_/X (sky130_fd_sc_hd__xor2_4)
                                         accumulator._0347_ (net)
                  0.10    0.00   12.64 v accumulator._1259_/A2 (sky130_fd_sc_hd__a21o_4)
     2    0.02    0.05    0.27   12.91 v accumulator._1259_/X (sky130_fd_sc_hd__a21o_4)
                                         accumulator._0356_ (net)
                  0.05    0.00   12.91 v accumulator._1264_/A2 (sky130_fd_sc_hd__a21o_1)
     2    0.01    0.04    0.20   13.10 v accumulator._1264_/X (sky130_fd_sc_hd__a21o_1)
                                         accumulator._0361_ (net)
                  0.04    0.00   13.10 v accumulator._1266_/A1 (sky130_fd_sc_hd__a21o_1)
     2    0.01    0.04    0.17   13.28 v accumulator._1266_/X (sky130_fd_sc_hd__a21o_1)
                                         accumulator._0363_ (net)
                  0.04    0.00   13.28 v accumulator._1272_/A1 (sky130_fd_sc_hd__a21o_1)
     2    0.02    0.10    0.23   13.50 v accumulator._1272_/X (sky130_fd_sc_hd__a21o_1)
                                         accumulator._0369_ (net)
                  0.10    0.00   13.50 v accumulator._1278_/A1 (sky130_fd_sc_hd__a21oi_4)
     3    0.02    0.17    0.21   13.71 ^ accumulator._1278_/Y (sky130_fd_sc_hd__a21oi_4)
                                         accumulator._0375_ (net)
                  0.17    0.00   13.71 ^ rebuffer21/A (sky130_fd_sc_hd__buf_6)
     2    0.02    0.05    0.15   13.86 ^ rebuffer21/X (sky130_fd_sc_hd__buf_6)
                                         net79 (net)
                  0.05    0.00   13.86 ^ accumulator._1289_/B (sky130_fd_sc_hd__xnor2_4)
     9    0.03    0.26    0.16   14.02 ^ accumulator._1289_/Y (sky130_fd_sc_hd__xnor2_4)
                                         accumulator._0386_ (net)
                  0.26    0.00   14.02 ^ accumulator._1330_/S (sky130_fd_sc_hd__mux2_4)
     6    0.02    0.07    0.38   14.40 v accumulator._1330_/X (sky130_fd_sc_hd__mux2_4)
                                         accumulator._0425_ (net)
                  0.07    0.00   14.40 v clone38/A (sky130_fd_sc_hd__buf_4)
     5    0.02    0.04    0.17   14.57 v clone38/X (sky130_fd_sc_hd__buf_4)
                                         net96 (net)
                  0.04    0.00   14.57 v accumulator._1526_/A1 (sky130_fd_sc_hd__a21o_1)
     2    0.01    0.05    0.18   14.75 v accumulator._1526_/X (sky130_fd_sc_hd__a21o_1)
                                         accumulator._0621_ (net)
                  0.05    0.00   14.75 v accumulator._1527_/A2 (sky130_fd_sc_hd__a21o_1)
     2    0.00    0.04    0.19   14.94 v accumulator._1527_/X (sky130_fd_sc_hd__a21o_1)
                                         accumulator._0622_ (net)
                  0.04    0.00   14.94 v accumulator._1528_/C (sky130_fd_sc_hd__and3_1)
     2    0.01    0.07    0.22   15.16 v accumulator._1528_/X (sky130_fd_sc_hd__and3_1)
                                         accumulator._0623_ (net)
                  0.07    0.00   15.16 v accumulator._1644_/A2 (sky130_fd_sc_hd__o311ai_4)
     3    0.01    0.29    0.34   15.50 ^ accumulator._1644_/Y (sky130_fd_sc_hd__o311ai_4)
                                         accumulator._0739_ (net)
                  0.29    0.00   15.50 ^ accumulator._1716_/A (sky130_fd_sc_hd__nand3_2)
     2    0.01    0.10    0.12   15.62 v accumulator._1716_/Y (sky130_fd_sc_hd__nand3_2)
                                         accumulator._0811_ (net)
                  0.10    0.00   15.62 v accumulator._1736_/A1 (sky130_fd_sc_hd__a2111o_4)
     5    0.02    0.09    0.52   16.14 v accumulator._1736_/X (sky130_fd_sc_hd__a2111o_4)
                                         accumulator._0831_ (net)
                  0.09    0.00   16.15 v accumulator._1738_/A1 (sky130_fd_sc_hd__a21o_1)
     3    0.01    0.06    0.21   16.35 v accumulator._1738_/X (sky130_fd_sc_hd__a21o_1)
                                         accumulator._0833_ (net)
                  0.06    0.00   16.35 v accumulator._1744_/A1 (sky130_fd_sc_hd__a2111o_1)
     3    0.01    0.10    0.43   16.78 v accumulator._1744_/X (sky130_fd_sc_hd__a2111o_1)
                                         accumulator._0839_ (net)
                  0.10    0.00   16.78 v accumulator._1748_/A1 (sky130_fd_sc_hd__a2111o_1)
     2    0.01    0.07    0.41   17.20 v accumulator._1748_/X (sky130_fd_sc_hd__a2111o_1)
                                         accumulator._0843_ (net)
                  0.07    0.00   17.20 v accumulator._1751_/A1 (sky130_fd_sc_hd__a21o_1)
     2    0.01    0.06    0.20   17.39 v accumulator._1751_/X (sky130_fd_sc_hd__a21o_1)
                                         accumulator._0846_ (net)
                  0.06    0.00   17.39 v accumulator._1773_/A1 (sky130_fd_sc_hd__a21o_1)
     2    0.01    0.05    0.18   17.57 v accumulator._1773_/X (sky130_fd_sc_hd__a21o_1)
                                         accumulator._0868_ (net)
                  0.05    0.00   17.57 v accumulator._1798_/A1 (sky130_fd_sc_hd__a311o_1)
     2    0.01    0.08    0.30   17.87 v accumulator._1798_/X (sky130_fd_sc_hd__a311o_1)
                                         accumulator._0893_ (net)
                  0.08    0.00   17.87 v accumulator._1814_/A2 (sky130_fd_sc_hd__a21o_1)
     2    0.01    0.07    0.24   18.11 v accumulator._1814_/X (sky130_fd_sc_hd__a21o_1)
                                         accumulator._0909_ (net)
                  0.07    0.00   18.11 v accumulator._1821_/A2 (sky130_fd_sc_hd__a21o_1)
     3    0.01    0.06    0.23   18.33 v accumulator._1821_/X (sky130_fd_sc_hd__a21o_1)
                                         accumulator._0916_ (net)
                  0.06    0.00   18.33 v accumulator._1926_/A2 (sky130_fd_sc_hd__a21o_1)
     3    0.01    0.08    0.24   18.57 v accumulator._1926_/X (sky130_fd_sc_hd__a21o_1)
                                         accumulator._1021_ (net)
                  0.08    0.00   18.57 v accumulator._2045_/S (sky130_fd_sc_hd__mux2_4)
     4    0.01    0.07    0.35   18.92 v accumulator._2045_/X (sky130_fd_sc_hd__mux2_4)
                                         accumulator._1140_ (net)
                  0.07    0.00   18.92 v accumulator._2059_/B2 (sky130_fd_sc_hd__a221oi_2)
     1    0.00    0.18    0.24   19.17 ^ accumulator._2059_/Y (sky130_fd_sc_hd__a221oi_2)
                                         accumulator._1155_ (net)
                  0.18    0.00   19.17 ^ accumulator._2060_/A1 (sky130_fd_sc_hd__o21ai_1)
     1    0.00    0.09    0.11   19.28 v accumulator._2060_/Y (sky130_fd_sc_hd__o21ai_1)
                                         accumulator._1156_ (net)
                  0.09    0.00   19.28 v accumulator._2061_/A1 (sky130_fd_sc_hd__a21o_1)
     1    0.00    0.03    0.18   19.46 v accumulator._2061_/X (sky130_fd_sc_hd__a21o_1)
                                         accumulator._1157_ (net)
                  0.03    0.00   19.46 v accumulator._2062_/A1 (sky130_fd_sc_hd__a21o_1)
     1    0.00    0.04    0.16   19.61 v accumulator._2062_/X (sky130_fd_sc_hd__a21o_1)
                                         accumulator._1158_ (net)
                  0.04    0.00   19.61 v accumulator._2063_/A1 (sky130_fd_sc_hd__a21o_1)
     1    0.00    0.03    0.15   19.77 v accumulator._2063_/X (sky130_fd_sc_hd__a21o_1)
                                         accumulator._1159_ (net)
                  0.03    0.00   19.77 v accumulator._2064_/A1 (sky130_fd_sc_hd__a21o_1)
     1    0.00    0.04    0.16   19.92 v accumulator._2064_/X (sky130_fd_sc_hd__a21o_1)
                                         accumulator._1160_ (net)
                  0.04    0.00   19.92 v accumulator._2065_/A1 (sky130_fd_sc_hd__a21oi_1)
     1    0.00    0.13    0.14   20.07 ^ accumulator._2065_/Y (sky130_fd_sc_hd__a21oi_1)
                                         accumulator._1161_ (net)
                  0.13    0.00   20.07 ^ accumulator._2067_/A1 (sky130_fd_sc_hd__o21ai_1)
     1    0.00    0.06    0.09   20.16 v accumulator._2067_/Y (sky130_fd_sc_hd__o21ai_1)
                                         accumulator._1163_ (net)
                  0.06    0.00   20.16 v accumulator._2068_/A1 (sky130_fd_sc_hd__a21o_1)
     1    0.00    0.03    0.16   20.33 v accumulator._2068_/X (sky130_fd_sc_hd__a21o_1)
                                         accumulator._1164_ (net)
                  0.03    0.00   20.33 v accumulator._2069_/A1 (sky130_fd_sc_hd__a21o_1)
     1    0.01    0.04    0.16   20.49 v accumulator._2069_/X (sky130_fd_sc_hd__a21o_1)
                                         accumulator._1165_ (net)
                  0.04    0.00   20.49 v accumulator._2070_/A1 (sky130_fd_sc_hd__a211o_1)
     1    0.01    0.06    0.28   20.77 v accumulator._2070_/X (sky130_fd_sc_hd__a211o_1)
                                         accumulator._1167_ (net)
                  0.06    0.00   20.77 v accumulator._2073_/B2 (sky130_fd_sc_hd__a2bb2o_4)
     4    0.03    0.07    0.26   21.03 v accumulator._2073_/X (sky130_fd_sc_hd__a2bb2o_4)
                                         accumulator._1170_ (net)
                  0.07    0.00   21.03 v clone42/A (sky130_fd_sc_hd__clkbuf_16)
     5    0.02    0.04    0.17   21.20 v clone42/X (sky130_fd_sc_hd__clkbuf_16)
                                         net100 (net)
                  0.04    0.00   21.20 v accumulator._2077_/S (sky130_fd_sc_hd__mux2_2)
     2    0.01    0.06    0.29   21.49 v accumulator._2077_/X (sky130_fd_sc_hd__mux2_2)
                                         accumulator._1174_ (net)
                  0.06    0.00   21.49 v accumulator._2111_/A0 (sky130_fd_sc_hd__mux2_4)
     2    0.01    0.06    0.29   21.79 v accumulator._2111_/X (sky130_fd_sc_hd__mux2_4)
                                         accumulator._0067_ (net)
                  0.06    0.00   21.79 v accumulator._2114_/A0 (sky130_fd_sc_hd__mux2_1)
     3    0.01    0.09    0.34   22.13 v accumulator._2114_/X (sky130_fd_sc_hd__mux2_1)
                                         accumulator._0070_ (net)
                  0.09    0.00   22.13 v accumulator._2115_/A1_N (sky130_fd_sc_hd__a2bb2o_1)
     1    0.00    0.04    0.27   22.40 ^ accumulator._2115_/X (sky130_fd_sc_hd__a2bb2o_1)
                                         accumulator._0071_ (net)
                  0.04    0.00   22.40 ^ accumulator._2116_/B (sky130_fd_sc_hd__and2_1)
     1    0.00    0.05    0.12   22.53 ^ accumulator._2116_/X (sky130_fd_sc_hd__and2_1)
                                         accumulator._0072_ (net)
                  0.05    0.00   22.53 ^ accumulator._2117_/A (sky130_fd_sc_hd__clkbuf_1)
     1    0.00    0.05    0.09   22.62 ^ accumulator._2117_/X (sky130_fd_sc_hd__clkbuf_1)
                                         accumulator._0004_ (net)
                  0.05    0.00   22.62 ^ accumulator._2359_/D (sky130_fd_sc_hd__dfxtp_2)
                                 22.62   data arrival time

                         25.00   25.00   clock clock (rise edge)
                          0.00   25.00   clock source latency
     1    0.01    0.07    0.05   25.05 ^ clock (in)
                                         clock (net)
                  0.07    0.00   25.05 ^ clkbuf_0_clock/A (sky130_fd_sc_hd__clkbuf_16)
     4    0.03    0.05    0.14   25.19 ^ clkbuf_0_clock/X (sky130_fd_sc_hd__clkbuf_16)
                                         clknet_0_clock (net)
                  0.05    0.00   25.19 ^ clkbuf_2_3__f_clock/A (sky130_fd_sc_hd__clkbuf_16)
    10    0.03    0.05    0.13   25.32 ^ clkbuf_2_3__f_clock/X (sky130_fd_sc_hd__clkbuf_16)
                                         clknet_2_3__leaf_clock (net)
                  0.05    0.00   25.32 ^ accumulator._2359_/CLK (sky130_fd_sc_hd__dfxtp_2)
                         -0.25   25.07   clock uncertainty
                          0.00   25.07   clock reconvergence pessimism
                         -0.06   25.01   library setup time
                                 25.01   data required time
-----------------------------------------------------------------------------
                                 25.01   data required time
                                -22.62   data arrival time
-----------------------------------------------------------------------------
                                  2.39   slack (MET)


Startpoint: io_inScaleA[7] (input port clocked by clock)
Endpoint: accumulator._2374_ (rising edge-triggered flip-flop clocked by clock)
Path Group: clock
Path Type: max

Fanout     Cap    Slew   Delay    Time   Description
-----------------------------------------------------------------------------
                          0.00    0.00   clock clock (rise edge)
                          0.00    0.00   clock network delay (propagated)
                          5.00    5.00 v input external delay
     1    0.01    0.01    0.01    5.01 v io_inScaleA[7] (in)
                                         io_inScaleA[7] (net)
                  0.01    0.00    5.01 v input16/A (sky130_fd_sc_hd__clkbuf_2)
     5    0.02    0.07    0.13    5.14 v input16/X (sky130_fd_sc_hd__clkbuf_2)
                                         net16 (net)
                  0.07    0.00    5.14 v scaleAdd._280_/A1 (sky130_fd_sc_hd__o31a_1)
     3    0.01    0.07    0.34    5.48 v scaleAdd._280_/X (sky130_fd_sc_hd__o31a_1)
                                         scaleAdd._222_ (net)
                  0.07    0.00    5.48 v scaleAdd._282_/A2 (sky130_fd_sc_hd__a21o_1)
     3    0.01    0.08    0.24    5.72 v scaleAdd._282_/X (sky130_fd_sc_hd__a21o_1)
                                         scaleAdd._224_ (net)
                  0.08    0.00    5.72 v scaleAdd._284_/A1 (sky130_fd_sc_hd__a21oi_4)
     3    0.02    0.16    0.19    5.91 ^ scaleAdd._284_/Y (sky130_fd_sc_hd__a21oi_4)
                                         scaleAdd._226_ (net)
                  0.16    0.00    5.91 ^ scaleAdd._287_/A (sky130_fd_sc_hd__xnor2_2)
     1    0.01    0.19    0.16    6.08 ^ scaleAdd._287_/Y (sky130_fd_sc_hd__xnor2_2)
                                         scaleAdd._229_ (net)
                  0.19    0.00    6.08 ^ scaleAdd._288_/A (sky130_fd_sc_hd__xnor2_2)
     3    0.02    0.10    0.14    6.22 v scaleAdd._288_/Y (sky130_fd_sc_hd__xnor2_2)
                                         scaleAdd._230_ (net)
                  0.10    0.00    6.22 v scaleAdd._346_/A2 (sky130_fd_sc_hd__a21o_1)
     1    0.01    0.05    0.22    6.44 v scaleAdd._346_/X (sky130_fd_sc_hd__a21o_1)
                                         scaleAdd._052_ (net)
                  0.05    0.00    6.44 v scaleAdd._348_/A2 (sky130_fd_sc_hd__a21o_4)
     2    0.03    0.06    0.26    6.70 v scaleAdd._348_/X (sky130_fd_sc_hd__a21o_4)
                                         scaleAdd._054_ (net)
                  0.06    0.00    6.70 v scaleAdd._349_/A (sky130_fd_sc_hd__xor2_4)
     5    0.01    0.08    0.20    6.90 v scaleAdd._349_/X (sky130_fd_sc_hd__xor2_4)
                                         scaleAdd._055_ (net)
                  0.08    0.00    6.90 v scaleAdd._351_/A1 (sky130_fd_sc_hd__a21o_1)
     2    0.01    0.05    0.19    7.09 v scaleAdd._351_/X (sky130_fd_sc_hd__a21o_1)
                                         scaleAdd._057_ (net)
                  0.05    0.00    7.09 v scaleAdd._353_/A (sky130_fd_sc_hd__and3_1)
     3    0.01    0.06    0.17    7.26 v scaleAdd._353_/X (sky130_fd_sc_hd__and3_1)
                                         scaleAdd._059_ (net)
                  0.06    0.00    7.26 v scaleAdd._355_/B (sky130_fd_sc_hd__or3_4)
     3    0.01    0.07    0.39    7.66 v scaleAdd._355_/X (sky130_fd_sc_hd__or3_4)
                                         scaleAdd._061_ (net)
                  0.07    0.00    7.66 v scaleAdd._359_/A1 (sky130_fd_sc_hd__a21o_1)
     2    0.01    0.05    0.18    7.84 v scaleAdd._359_/X (sky130_fd_sc_hd__a21o_1)
                                         scaleAdd._065_ (net)
                  0.05    0.00    7.84 v scaleAdd._383_/A2 (sky130_fd_sc_hd__a21o_1)
     2    0.01    0.04    0.19    8.03 v scaleAdd._383_/X (sky130_fd_sc_hd__a21o_1)
                                         scaleAdd._088_ (net)
                  0.04    0.00    8.03 v scaleAdd._399_/A1 (sky130_fd_sc_hd__a21o_1)
     2    0.01    0.07    0.19    8.22 v scaleAdd._399_/X (sky130_fd_sc_hd__a21o_1)
                                         scaleAdd._103_ (net)
                  0.07    0.00    8.22 v scaleAdd._417_/A1 (sky130_fd_sc_hd__a21bo_1)
     2    0.01    0.05    0.19    8.42 v scaleAdd._417_/X (sky130_fd_sc_hd__a21bo_1)
                                         scaleAdd._120_ (net)
                  0.05    0.00    8.42 v scaleAdd._432_/A1 (sky130_fd_sc_hd__a21o_1)
     2    0.01    0.05    0.18    8.60 v scaleAdd._432_/X (sky130_fd_sc_hd__a21o_1)
                                         scaleAdd._134_ (net)
                  0.05    0.00    8.60 v scaleAdd._444_/A1 (sky130_fd_sc_hd__a21o_1)
     2    0.01    0.05    0.18    8.78 v scaleAdd._444_/X (sky130_fd_sc_hd__a21o_1)
                                         scaleAdd._145_ (net)
                  0.05    0.00    8.78 v scaleAdd._447_/A1 (sky130_fd_sc_hd__a21o_1)
     2    0.00    0.04    0.17    8.95 v scaleAdd._447_/X (sky130_fd_sc_hd__a21o_1)
                                         scaleAdd._147_ (net)
                  0.04    0.00    8.95 v rebuffer19/A (sky130_fd_sc_hd__clkbuf_2)
     1    0.01    0.05    0.12    9.07 v rebuffer19/X (sky130_fd_sc_hd__clkbuf_2)
                                         net77 (net)
                  0.05    0.00    9.07 v scaleAdd._448_/A (sky130_fd_sc_hd__xor2_2)
     4    0.01    0.08    0.20    9.27 v scaleAdd._448_/X (sky130_fd_sc_hd__xor2_2)
                                         accumulator.io_inMant[14] (net)
                  0.08    0.00    9.27 v accumulator._1181_/A (sky130_fd_sc_hd__or4_4)
     1    0.01    0.09    0.58    9.85 v accumulator._1181_/X (sky130_fd_sc_hd__or4_4)
                                         accumulator._0045_ (net)
                  0.09    0.00    9.85 v accumulator._1182_/A (sky130_fd_sc_hd__buf_8)
     8    0.02    0.03    0.15   10.00 v accumulator._1182_/X (sky130_fd_sc_hd__buf_8)
                                         accumulator._0055_ (net)
                  0.03    0.00   10.00 v accumulator._1200_/A_N (sky130_fd_sc_hd__and2b_1)
     3    0.01    0.08    0.22   10.22 ^ accumulator._1200_/X (sky130_fd_sc_hd__and2b_1)
                                         accumulator._0232_ (net)
                  0.08    0.00   10.22 ^ accumulator._1201_/B1_N (sky130_fd_sc_hd__o21ba_4)
     3    0.01    0.04    0.17   10.39 v accumulator._1201_/X (sky130_fd_sc_hd__o21ba_4)
                                         accumulator._0241_ (net)
                  0.04    0.00   10.39 v accumulator._1202_/A (sky130_fd_sc_hd__and2_4)
     3    0.01    0.03    0.14   10.53 v accumulator._1202_/X (sky130_fd_sc_hd__and2_4)
                                         accumulator._0251_ (net)
                  0.03    0.00   10.53 v accumulator._1204_/B (sky130_fd_sc_hd__or2_4)
     3    0.01    0.05    0.24   10.78 v accumulator._1204_/X (sky130_fd_sc_hd__or2_4)
                                         accumulator._0271_ (net)
                  0.05    0.00   10.78 v accumulator._1205_/A (sky130_fd_sc_hd__inv_2)
     3    0.01    0.05    0.07   10.85 ^ accumulator._1205_/Y (sky130_fd_sc_hd__inv_2)
                                         accumulator._0281_ (net)
                  0.05    0.00   10.85 ^ accumulator._1218_/A1 (sky130_fd_sc_hd__a311o_1)
     3    0.01    0.12    0.21   11.06 ^ accumulator._1218_/X (sky130_fd_sc_hd__a311o_1)
                                         accumulator._0315_ (net)
                  0.12    0.00   11.06 ^ rebuffer25/A (sky130_fd_sc_hd__clkbuf_1)
     1    0.00    0.06    0.12   11.18 ^ rebuffer25/X (sky130_fd_sc_hd__clkbuf_1)
                                         net83 (net)
                  0.06    0.00   11.18 ^ rebuffer10/A (sky130_fd_sc_hd__clkbuf_2)
     1    0.00    0.03    0.10   11.28 ^ rebuffer10/X (sky130_fd_sc_hd__clkbuf_2)
                                         net68 (net)
                  0.03    0.00   11.28 ^ rebuffer8/A (sky130_fd_sc_hd__clkbuf_1)
     1    0.01    0.07    0.10   11.37 ^ rebuffer8/X (sky130_fd_sc_hd__clkbuf_1)
                                         net66 (net)
                  0.07    0.00   11.37 ^ accumulator._1219_/A (sky130_fd_sc_hd__nand3_2)
     2    0.01    0.08    0.07   11.45 v accumulator._1219_/Y (sky130_fd_sc_hd__nand3_2)
                                         accumulator._0316_ (net)
                  0.08    0.00   11.45 v accumulator._1228_/A2 (sky130_fd_sc_hd__a211o_1)
     2    0.01    0.07    0.34   11.79 v accumulator._1228_/X (sky130_fd_sc_hd__a211o_1)
                                         accumulator._0325_ (net)
                  0.07    0.00   11.79 v accumulator._1242_/A2 (sky130_fd_sc_hd__o22a_1)
     3    0.01    0.07    0.24   12.03 v accumulator._1242_/X (sky130_fd_sc_hd__o22a_1)
                                         accumulator._0339_ (net)
                  0.07    0.00   12.03 v accumulator._1243_/A (sky130_fd_sc_hd__buf_4)
    10    0.03    0.06    0.19   12.22 v accumulator._1243_/X (sky130_fd_sc_hd__buf_4)
                                         accumulator._0340_ (net)
                  0.06    0.00   12.22 v accumulator._1249_/B1 (sky130_fd_sc_hd__a21o_4)
     3    0.02    0.06    0.22   12.44 v accumulator._1249_/X (sky130_fd_sc_hd__a21o_4)
                                         accumulator._0346_ (net)
                  0.06    0.00   12.44 v accumulator._1250_/B (sky130_fd_sc_hd__xor2_4)
     3    0.03    0.10    0.19   12.64 v accumulator._1250_/X (sky130_fd_sc_hd__xor2_4)
                                         accumulator._0347_ (net)
                  0.10    0.00   12.64 v accumulator._1259_/A2 (sky130_fd_sc_hd__a21o_4)
     2    0.02    0.05    0.27   12.91 v accumulator._1259_/X (sky130_fd_sc_hd__a21o_4)
                                         accumulator._0356_ (net)
                  0.05    0.00   12.91 v accumulator._1264_/A2 (sky130_fd_sc_hd__a21o_1)
     2    0.01    0.04    0.20   13.10 v accumulator._1264_/X (sky130_fd_sc_hd__a21o_1)
                                         accumulator._0361_ (net)
                  0.04    0.00   13.10 v accumulator._1266_/A1 (sky130_fd_sc_hd__a21o_1)
     2    0.01    0.04    0.17   13.28 v accumulator._1266_/X (sky130_fd_sc_hd__a21o_1)
                                         accumulator._0363_ (net)
                  0.04    0.00   13.28 v accumulator._1272_/A1 (sky130_fd_sc_hd__a21o_1)
     2    0.02    0.10    0.23   13.50 v accumulator._1272_/X (sky130_fd_sc_hd__a21o_1)
                                         accumulator._0369_ (net)
                  0.10    0.00   13.50 v accumulator._1278_/A1 (sky130_fd_sc_hd__a21oi_4)
     3    0.02    0.17    0.21   13.71 ^ accumulator._1278_/Y (sky130_fd_sc_hd__a21oi_4)
                                         accumulator._0375_ (net)
                  0.17    0.00   13.71 ^ rebuffer21/A (sky130_fd_sc_hd__buf_6)
     2    0.02    0.05    0.15   13.86 ^ rebuffer21/X (sky130_fd_sc_hd__buf_6)
                                         net79 (net)
                  0.05    0.00   13.86 ^ accumulator._1289_/B (sky130_fd_sc_hd__xnor2_4)
     9    0.03    0.26    0.16   14.02 ^ accumulator._1289_/Y (sky130_fd_sc_hd__xnor2_4)
                                         accumulator._0386_ (net)
                  0.26    0.00   14.02 ^ accumulator._1330_/S (sky130_fd_sc_hd__mux2_4)
     6    0.02    0.07    0.38   14.40 v accumulator._1330_/X (sky130_fd_sc_hd__mux2_4)
                                         accumulator._0425_ (net)
                  0.07    0.00   14.40 v clone38/A (sky130_fd_sc_hd__buf_4)
     5    0.02    0.04    0.17   14.57 v clone38/X (sky130_fd_sc_hd__buf_4)
                                         net96 (net)
                  0.04    0.00   14.57 v accumulator._1526_/A1 (sky130_fd_sc_hd__a21o_1)
     2    0.01    0.05    0.18   14.75 v accumulator._1526_/X (sky130_fd_sc_hd__a21o_1)
                                         accumulator._0621_ (net)
                  0.05    0.00   14.75 v accumulator._1527_/A2 (sky130_fd_sc_hd__a21o_1)
     2    0.00    0.04    0.19   14.94 v accumulator._1527_/X (sky130_fd_sc_hd__a21o_1)
                                         accumulator._0622_ (net)
                  0.04    0.00   14.94 v accumulator._1528_/C (sky130_fd_sc_hd__and3_1)
     2    0.01    0.07    0.22   15.16 v accumulator._1528_/X (sky130_fd_sc_hd__and3_1)
                                         accumulator._0623_ (net)
                  0.07    0.00   15.16 v accumulator._1644_/A2 (sky130_fd_sc_hd__o311ai_4)
     3    0.01    0.29    0.34   15.50 ^ accumulator._1644_/Y (sky130_fd_sc_hd__o311ai_4)
                                         accumulator._0739_ (net)
                  0.29    0.00   15.50 ^ accumulator._1716_/A (sky130_fd_sc_hd__nand3_2)
     2    0.01    0.10    0.12   15.62 v accumulator._1716_/Y (sky130_fd_sc_hd__nand3_2)
                                         accumulator._0811_ (net)
                  0.10    0.00   15.62 v accumulator._1736_/A1 (sky130_fd_sc_hd__a2111o_4)
     5    0.02    0.09    0.52   16.14 v accumulator._1736_/X (sky130_fd_sc_hd__a2111o_4)
                                         accumulator._0831_ (net)
                  0.09    0.00   16.15 v accumulator._1738_/A1 (sky130_fd_sc_hd__a21o_1)
     3    0.01    0.06    0.21   16.35 v accumulator._1738_/X (sky130_fd_sc_hd__a21o_1)
                                         accumulator._0833_ (net)
                  0.06    0.00   16.35 v accumulator._1744_/A1 (sky130_fd_sc_hd__a2111o_1)
     3    0.01    0.10    0.43   16.78 v accumulator._1744_/X (sky130_fd_sc_hd__a2111o_1)
                                         accumulator._0839_ (net)
                  0.10    0.00   16.78 v accumulator._1748_/A1 (sky130_fd_sc_hd__a2111o_1)
     2    0.01    0.07    0.41   17.20 v accumulator._1748_/X (sky130_fd_sc_hd__a2111o_1)
                                         accumulator._0843_ (net)
                  0.07    0.00   17.20 v accumulator._1751_/A1 (sky130_fd_sc_hd__a21o_1)
     2    0.01    0.06    0.20   17.39 v accumulator._1751_/X (sky130_fd_sc_hd__a21o_1)
                                         accumulator._0846_ (net)
                  0.06    0.00   17.39 v accumulator._1773_/A1 (sky130_fd_sc_hd__a21o_1)
     2    0.01    0.05    0.18   17.57 v accumulator._1773_/X (sky130_fd_sc_hd__a21o_1)
                                         accumulator._0868_ (net)
                  0.05    0.00   17.57 v accumulator._1798_/A1 (sky130_fd_sc_hd__a311o_1)
     2    0.01    0.08    0.30   17.87 v accumulator._1798_/X (sky130_fd_sc_hd__a311o_1)
                                         accumulator._0893_ (net)
                  0.08    0.00   17.87 v accumulator._1814_/A2 (sky130_fd_sc_hd__a21o_1)
     2    0.01    0.07    0.24   18.11 v accumulator._1814_/X (sky130_fd_sc_hd__a21o_1)
                                         accumulator._0909_ (net)
                  0.07    0.00   18.11 v accumulator._1821_/A2 (sky130_fd_sc_hd__a21o_1)
     3    0.01    0.06    0.23   18.33 v accumulator._1821_/X (sky130_fd_sc_hd__a21o_1)
                                         accumulator._0916_ (net)
                  0.06    0.00   18.33 v accumulator._1926_/A2 (sky130_fd_sc_hd__a21o_1)
     3    0.01    0.08    0.24   18.57 v accumulator._1926_/X (sky130_fd_sc_hd__a21o_1)
                                         accumulator._1021_ (net)
                  0.08    0.00   18.57 v accumulator._2045_/S (sky130_fd_sc_hd__mux2_4)
     4    0.01    0.07    0.35   18.92 v accumulator._2045_/X (sky130_fd_sc_hd__mux2_4)
                                         accumulator._1140_ (net)
                  0.07    0.00   18.92 v accumulator._2059_/B2 (sky130_fd_sc_hd__a221oi_2)
     1    0.00    0.18    0.24   19.17 ^ accumulator._2059_/Y (sky130_fd_sc_hd__a221oi_2)
                                         accumulator._1155_ (net)
                  0.18    0.00   19.17 ^ accumulator._2060_/A1 (sky130_fd_sc_hd__o21ai_1)
     1    0.00    0.09    0.11   19.28 v accumulator._2060_/Y (sky130_fd_sc_hd__o21ai_1)
                                         accumulator._1156_ (net)
                  0.09    0.00   19.28 v accumulator._2061_/A1 (sky130_fd_sc_hd__a21o_1)
     1    0.00    0.03    0.18   19.46 v accumulator._2061_/X (sky130_fd_sc_hd__a21o_1)
                                         accumulator._1157_ (net)
                  0.03    0.00   19.46 v accumulator._2062_/A1 (sky130_fd_sc_hd__a21o_1)
     1    0.00    0.04    0.16   19.61 v accumulator._2062_/X (sky130_fd_sc_hd__a21o_1)
                                         accumulator._1158_ (net)
                  0.04    0.00   19.61 v accumulator._2063_/A1 (sky130_fd_sc_hd__a21o_1)
     1    0.00    0.03    0.15   19.77 v accumulator._2063_/X (sky130_fd_sc_hd__a21o_1)
                                         accumulator._1159_ (net)
                  0.03    0.00   19.77 v accumulator._2064_/A1 (sky130_fd_sc_hd__a21o_1)
     1    0.00    0.04    0.16   19.92 v accumulator._2064_/X (sky130_fd_sc_hd__a21o_1)
                                         accumulator._1160_ (net)
                  0.04    0.00   19.92 v accumulator._2065_/A1 (sky130_fd_sc_hd__a21oi_1)
     1    0.00    0.13    0.14   20.07 ^ accumulator._2065_/Y (sky130_fd_sc_hd__a21oi_1)
                                         accumulator._1161_ (net)
                  0.13    0.00   20.07 ^ accumulator._2067_/A1 (sky130_fd_sc_hd__o21ai_1)
     1    0.00    0.06    0.09   20.16 v accumulator._2067_/Y (sky130_fd_sc_hd__o21ai_1)
                                         accumulator._1163_ (net)
                  0.06    0.00   20.16 v accumulator._2068_/A1 (sky130_fd_sc_hd__a21o_1)
     1    0.00    0.03    0.16   20.33 v accumulator._2068_/X (sky130_fd_sc_hd__a21o_1)
                                         accumulator._1164_ (net)
                  0.03    0.00   20.33 v accumulator._2069_/A1 (sky130_fd_sc_hd__a21o_1)
     1    0.01    0.04    0.16   20.49 v accumulator._2069_/X (sky130_fd_sc_hd__a21o_1)
                                         accumulator._1165_ (net)
                  0.04    0.00   20.49 v accumulator._2070_/A1 (sky130_fd_sc_hd__a211o_1)
     1    0.01    0.06    0.28   20.77 v accumulator._2070_/X (sky130_fd_sc_hd__a211o_1)
                                         accumulator._1167_ (net)
                  0.06    0.00   20.77 v accumulator._2073_/B2 (sky130_fd_sc_hd__a2bb2o_4)
     4    0.03    0.07    0.26   21.03 v accumulator._2073_/X (sky130_fd_sc_hd__a2bb2o_4)
                                         accumulator._1170_ (net)
                  0.07    0.00   21.03 v accumulator._2090_/A (sky130_fd_sc_hd__buf_8)
     5    0.03    0.03    0.15   21.18 v accumulator._2090_/X (sky130_fd_sc_hd__buf_8)
                                         accumulator._0046_ (net)
                  0.03    0.00   21.18 v accumulator._2091_/A (sky130_fd_sc_hd__buf_8)
    10    0.04    0.04    0.14   21.31 v accumulator._2091_/X (sky130_fd_sc_hd__buf_8)
                                         accumulator._0047_ (net)
                  0.04    0.00   21.31 v accumulator._2173_/S (sky130_fd_sc_hd__mux2_1)
     1    0.00    0.06    0.32   21.64 v accumulator._2173_/X (sky130_fd_sc_hd__mux2_1)
                                         accumulator._0128_ (net)
                  0.06    0.00   21.64 v accumulator._2174_/A0 (sky130_fd_sc_hd__mux2_1)
     1    0.00    0.06    0.30   21.93 v accumulator._2174_/X (sky130_fd_sc_hd__mux2_1)
                                         accumulator._0129_ (net)
                  0.06    0.00   21.93 v accumulator._2177_/A0 (sky130_fd_sc_hd__mux2_4)
     2    0.01    0.06    0.29   22.22 v accumulator._2177_/X (sky130_fd_sc_hd__mux2_4)
                                         accumulator._0132_ (net)
                  0.06    0.00   22.22 v accumulator._2240_/A1 (sky130_fd_sc_hd__a21oi_2)
     1    0.01    0.11    0.14   22.37 ^ accumulator._2240_/Y (sky130_fd_sc_hd__a21oi_2)
                                         accumulator._0194_ (net)
                  0.11    0.00   22.37 ^ accumulator._2241_/C1 (sky130_fd_sc_hd__o211ai_2)
     1    0.00    0.06    0.09   22.45 v accumulator._2241_/Y (sky130_fd_sc_hd__o211ai_2)
                                         accumulator._0195_ (net)
                  0.06    0.00   22.45 v accumulator._2242_/C1 (sky130_fd_sc_hd__o211a_1)
     1    0.00    0.04    0.12   22.57 v accumulator._2242_/X (sky130_fd_sc_hd__o211a_1)
                                         accumulator._0019_ (net)
                  0.04    0.00   22.57 v accumulator._2374_/D (sky130_fd_sc_hd__dfxtp_1)
                                 22.57   data arrival time

                         25.00   25.00   clock clock (rise edge)
                          0.00   25.00   clock source latency
     1    0.01    0.07    0.05   25.05 ^ clock (in)
                                         clock (net)
                  0.07    0.00   25.05 ^ clkbuf_0_clock/A (sky130_fd_sc_hd__clkbuf_16)
     4    0.03    0.05    0.14   25.19 ^ clkbuf_0_clock/X (sky130_fd_sc_hd__clkbuf_16)
                                         clknet_0_clock (net)
                  0.05    0.00   25.19 ^ clkbuf_2_0__f_clock/A (sky130_fd_sc_hd__clkbuf_16)
    11    0.03    0.05    0.13   25.32 ^ clkbuf_2_0__f_clock/X (sky130_fd_sc_hd__clkbuf_16)
                                         clknet_2_0__leaf_clock (net)
                  0.05    0.00   25.32 ^ accumulator._2374_/CLK (sky130_fd_sc_hd__dfxtp_1)
                         -0.25   25.07   clock uncertainty
                          0.00   25.07   clock reconvergence pessimism
                         -0.11   24.96   library setup time
                                 24.96   data required time
-----------------------------------------------------------------------------
                                 24.96   data required time
                                -22.57   data arrival time
-----------------------------------------------------------------------------
                                  2.40   slack (MET)


Startpoint: io_inScaleA[7] (input port clocked by clock)
Endpoint: accumulator._2386_ (rising edge-triggered flip-flop clocked by clock)
Path Group: clock
Path Type: max

Fanout     Cap    Slew   Delay    Time   Description
-----------------------------------------------------------------------------
                          0.00    0.00   clock clock (rise edge)
                          0.00    0.00   clock network delay (propagated)
                          5.00    5.00 v input external delay
     1    0.01    0.01    0.01    5.01 v io_inScaleA[7] (in)
                                         io_inScaleA[7] (net)
                  0.01    0.00    5.01 v input16/A (sky130_fd_sc_hd__clkbuf_2)
     5    0.02    0.07    0.13    5.14 v input16/X (sky130_fd_sc_hd__clkbuf_2)
                                         net16 (net)
                  0.07    0.00    5.14 v scaleAdd._280_/A1 (sky130_fd_sc_hd__o31a_1)
     3    0.01    0.07    0.34    5.48 v scaleAdd._280_/X (sky130_fd_sc_hd__o31a_1)
                                         scaleAdd._222_ (net)
                  0.07    0.00    5.48 v scaleAdd._282_/A2 (sky130_fd_sc_hd__a21o_1)
     3    0.01    0.08    0.24    5.72 v scaleAdd._282_/X (sky130_fd_sc_hd__a21o_1)
                                         scaleAdd._224_ (net)
                  0.08    0.00    5.72 v scaleAdd._284_/A1 (sky130_fd_sc_hd__a21oi_4)
     3    0.02    0.16    0.19    5.91 ^ scaleAdd._284_/Y (sky130_fd_sc_hd__a21oi_4)
                                         scaleAdd._226_ (net)
                  0.16    0.00    5.91 ^ scaleAdd._287_/A (sky130_fd_sc_hd__xnor2_2)
     1    0.01    0.19    0.16    6.08 ^ scaleAdd._287_/Y (sky130_fd_sc_hd__xnor2_2)
                                         scaleAdd._229_ (net)
                  0.19    0.00    6.08 ^ scaleAdd._288_/A (sky130_fd_sc_hd__xnor2_2)
     3    0.02    0.10    0.14    6.22 v scaleAdd._288_/Y (sky130_fd_sc_hd__xnor2_2)
                                         scaleAdd._230_ (net)
                  0.10    0.00    6.22 v scaleAdd._346_/A2 (sky130_fd_sc_hd__a21o_1)
     1    0.01    0.05    0.22    6.44 v scaleAdd._346_/X (sky130_fd_sc_hd__a21o_1)
                                         scaleAdd._052_ (net)
                  0.05    0.00    6.44 v scaleAdd._348_/A2 (sky130_fd_sc_hd__a21o_4)
     2    0.03    0.06    0.26    6.70 v scaleAdd._348_/X (sky130_fd_sc_hd__a21o_4)
                                         scaleAdd._054_ (net)
                  0.06    0.00    6.70 v scaleAdd._349_/A (sky130_fd_sc_hd__xor2_4)
     5    0.01    0.08    0.20    6.90 v scaleAdd._349_/X (sky130_fd_sc_hd__xor2_4)
                                         scaleAdd._055_ (net)
                  0.08    0.00    6.90 v scaleAdd._351_/A1 (sky130_fd_sc_hd__a21o_1)
     2    0.01    0.05    0.19    7.09 v scaleAdd._351_/X (sky130_fd_sc_hd__a21o_1)
                                         scaleAdd._057_ (net)
                  0.05    0.00    7.09 v scaleAdd._353_/A (sky130_fd_sc_hd__and3_1)
     3    0.01    0.06    0.17    7.26 v scaleAdd._353_/X (sky130_fd_sc_hd__and3_1)
                                         scaleAdd._059_ (net)
                  0.06    0.00    7.26 v scaleAdd._355_/B (sky130_fd_sc_hd__or3_4)
     3    0.01    0.07    0.39    7.66 v scaleAdd._355_/X (sky130_fd_sc_hd__or3_4)
                                         scaleAdd._061_ (net)
                  0.07    0.00    7.66 v scaleAdd._359_/A1 (sky130_fd_sc_hd__a21o_1)
     2    0.01    0.05    0.18    7.84 v scaleAdd._359_/X (sky130_fd_sc_hd__a21o_1)
                                         scaleAdd._065_ (net)
                  0.05    0.00    7.84 v scaleAdd._383_/A2 (sky130_fd_sc_hd__a21o_1)
     2    0.01    0.04    0.19    8.03 v scaleAdd._383_/X (sky130_fd_sc_hd__a21o_1)
                                         scaleAdd._088_ (net)
                  0.04    0.00    8.03 v scaleAdd._399_/A1 (sky130_fd_sc_hd__a21o_1)
     2    0.01    0.07    0.19    8.22 v scaleAdd._399_/X (sky130_fd_sc_hd__a21o_1)
                                         scaleAdd._103_ (net)
                  0.07    0.00    8.22 v scaleAdd._417_/A1 (sky130_fd_sc_hd__a21bo_1)
     2    0.01    0.05    0.19    8.42 v scaleAdd._417_/X (sky130_fd_sc_hd__a21bo_1)
                                         scaleAdd._120_ (net)
                  0.05    0.00    8.42 v scaleAdd._432_/A1 (sky130_fd_sc_hd__a21o_1)
     2    0.01    0.05    0.18    8.60 v scaleAdd._432_/X (sky130_fd_sc_hd__a21o_1)
                                         scaleAdd._134_ (net)
                  0.05    0.00    8.60 v scaleAdd._444_/A1 (sky130_fd_sc_hd__a21o_1)
     2    0.01    0.05    0.18    8.78 v scaleAdd._444_/X (sky130_fd_sc_hd__a21o_1)
                                         scaleAdd._145_ (net)
                  0.05    0.00    8.78 v scaleAdd._447_/A1 (sky130_fd_sc_hd__a21o_1)
     2    0.00    0.04    0.17    8.95 v scaleAdd._447_/X (sky130_fd_sc_hd__a21o_1)
                                         scaleAdd._147_ (net)
                  0.04    0.00    8.95 v rebuffer19/A (sky130_fd_sc_hd__clkbuf_2)
     1    0.01    0.05    0.12    9.07 v rebuffer19/X (sky130_fd_sc_hd__clkbuf_2)
                                         net77 (net)
                  0.05    0.00    9.07 v scaleAdd._448_/A (sky130_fd_sc_hd__xor2_2)
     4    0.01    0.08    0.20    9.27 v scaleAdd._448_/X (sky130_fd_sc_hd__xor2_2)
                                         accumulator.io_inMant[14] (net)
                  0.08    0.00    9.27 v accumulator._1181_/A (sky130_fd_sc_hd__or4_4)
     1    0.01    0.09    0.58    9.85 v accumulator._1181_/X (sky130_fd_sc_hd__or4_4)
                                         accumulator._0045_ (net)
                  0.09    0.00    9.85 v accumulator._1182_/A (sky130_fd_sc_hd__buf_8)
     8    0.02    0.03    0.15   10.00 v accumulator._1182_/X (sky130_fd_sc_hd__buf_8)
                                         accumulator._0055_ (net)
                  0.03    0.00   10.00 v accumulator._1200_/A_N (sky130_fd_sc_hd__and2b_1)
     3    0.01    0.08    0.22   10.22 ^ accumulator._1200_/X (sky130_fd_sc_hd__and2b_1)
                                         accumulator._0232_ (net)
                  0.08    0.00   10.22 ^ accumulator._1201_/B1_N (sky130_fd_sc_hd__o21ba_4)
     3    0.01    0.04    0.17   10.39 v accumulator._1201_/X (sky130_fd_sc_hd__o21ba_4)
                                         accumulator._0241_ (net)
                  0.04    0.00   10.39 v accumulator._1202_/A (sky130_fd_sc_hd__and2_4)
     3    0.01    0.03    0.14   10.53 v accumulator._1202_/X (sky130_fd_sc_hd__and2_4)
                                         accumulator._0251_ (net)
                  0.03    0.00   10.53 v accumulator._1204_/B (sky130_fd_sc_hd__or2_4)
     3    0.01    0.05    0.24   10.78 v accumulator._1204_/X (sky130_fd_sc_hd__or2_4)
                                         accumulator._0271_ (net)
                  0.05    0.00   10.78 v accumulator._1205_/A (sky130_fd_sc_hd__inv_2)
     3    0.01    0.05    0.07   10.85 ^ accumulator._1205_/Y (sky130_fd_sc_hd__inv_2)
                                         accumulator._0281_ (net)
                  0.05    0.00   10.85 ^ accumulator._1218_/A1 (sky130_fd_sc_hd__a311o_1)
     3    0.01    0.12    0.21   11.06 ^ accumulator._1218_/X (sky130_fd_sc_hd__a311o_1)
                                         accumulator._0315_ (net)
                  0.12    0.00   11.06 ^ rebuffer25/A (sky130_fd_sc_hd__clkbuf_1)
     1    0.00    0.06    0.12   11.18 ^ rebuffer25/X (sky130_fd_sc_hd__clkbuf_1)
                                         net83 (net)
                  0.06    0.00   11.18 ^ rebuffer10/A (sky130_fd_sc_hd__clkbuf_2)
     1    0.00    0.03    0.10   11.28 ^ rebuffer10/X (sky130_fd_sc_hd__clkbuf_2)
                                         net68 (net)
                  0.03    0.00   11.28 ^ rebuffer8/A (sky130_fd_sc_hd__clkbuf_1)
     1    0.01    0.07    0.10   11.37 ^ rebuffer8/X (sky130_fd_sc_hd__clkbuf_1)
                                         net66 (net)
                  0.07    0.00   11.37 ^ accumulator._1219_/A (sky130_fd_sc_hd__nand3_2)
     2    0.01    0.08    0.07   11.45 v accumulator._1219_/Y (sky130_fd_sc_hd__nand3_2)
                                         accumulator._0316_ (net)
                  0.08    0.00   11.45 v accumulator._1228_/A2 (sky130_fd_sc_hd__a211o_1)
     2    0.01    0.07    0.34   11.79 v accumulator._1228_/X (sky130_fd_sc_hd__a211o_1)
                                         accumulator._0325_ (net)
                  0.07    0.00   11.79 v accumulator._1242_/A2 (sky130_fd_sc_hd__o22a_1)
     3    0.01    0.07    0.24   12.03 v accumulator._1242_/X (sky130_fd_sc_hd__o22a_1)
                                         accumulator._0339_ (net)
                  0.07    0.00   12.03 v accumulator._1243_/A (sky130_fd_sc_hd__buf_4)
    10    0.03    0.06    0.19   12.22 v accumulator._1243_/X (sky130_fd_sc_hd__buf_4)
                                         accumulator._0340_ (net)
                  0.06    0.00   12.22 v accumulator._1249_/B1 (sky130_fd_sc_hd__a21o_4)
     3    0.02    0.06    0.22   12.44 v accumulator._1249_/X (sky130_fd_sc_hd__a21o_4)
                                         accumulator._0346_ (net)
                  0.06    0.00   12.44 v accumulator._1250_/B (sky130_fd_sc_hd__xor2_4)
     3    0.03    0.10    0.19   12.64 v accumulator._1250_/X (sky130_fd_sc_hd__xor2_4)
                                         accumulator._0347_ (net)
                  0.10    0.00   12.64 v accumulator._1259_/A2 (sky130_fd_sc_hd__a21o_4)
     2    0.02    0.05    0.27   12.91 v accumulator._1259_/X (sky130_fd_sc_hd__a21o_4)
                                         accumulator._0356_ (net)
                  0.05    0.00   12.91 v accumulator._1264_/A2 (sky130_fd_sc_hd__a21o_1)
     2    0.01    0.04    0.20   13.10 v accumulator._1264_/X (sky130_fd_sc_hd__a21o_1)
                                         accumulator._0361_ (net)
                  0.04    0.00   13.10 v accumulator._1266_/A1 (sky130_fd_sc_hd__a21o_1)
     2    0.01    0.04    0.17   13.28 v accumulator._1266_/X (sky130_fd_sc_hd__a21o_1)
                                         accumulator._0363_ (net)
                  0.04    0.00   13.28 v accumulator._1272_/A1 (sky130_fd_sc_hd__a21o_1)
     2    0.02    0.10    0.23   13.50 v accumulator._1272_/X (sky130_fd_sc_hd__a21o_1)
                                         accumulator._0369_ (net)
                  0.10    0.00   13.50 v accumulator._1278_/A1 (sky130_fd_sc_hd__a21oi_4)
     3    0.02    0.17    0.21   13.71 ^ accumulator._1278_/Y (sky130_fd_sc_hd__a21oi_4)
                                         accumulator._0375_ (net)
                  0.17    0.00   13.71 ^ rebuffer21/A (sky130_fd_sc_hd__buf_6)
     2    0.02    0.05    0.15   13.86 ^ rebuffer21/X (sky130_fd_sc_hd__buf_6)
                                         net79 (net)
                  0.05    0.00   13.86 ^ accumulator._1289_/B (sky130_fd_sc_hd__xnor2_4)
     9    0.03    0.26    0.16   14.02 ^ accumulator._1289_/Y (sky130_fd_sc_hd__xnor2_4)
                                         accumulator._0386_ (net)
                  0.26    0.00   14.02 ^ accumulator._1330_/S (sky130_fd_sc_hd__mux2_4)
     6    0.02    0.07    0.38   14.40 v accumulator._1330_/X (sky130_fd_sc_hd__mux2_4)
                                         accumulator._0425_ (net)
                  0.07    0.00   14.40 v clone38/A (sky130_fd_sc_hd__buf_4)
     5    0.02    0.04    0.17   14.57 v clone38/X (sky130_fd_sc_hd__buf_4)
                                         net96 (net)
                  0.04    0.00   14.57 v accumulator._1526_/A1 (sky130_fd_sc_hd__a21o_1)
     2    0.01    0.05    0.18   14.75 v accumulator._1526_/X (sky130_fd_sc_hd__a21o_1)
                                         accumulator._0621_ (net)
                  0.05    0.00   14.75 v accumulator._1527_/A2 (sky130_fd_sc_hd__a21o_1)
     2    0.00    0.04    0.19   14.94 v accumulator._1527_/X (sky130_fd_sc_hd__a21o_1)
                                         accumulator._0622_ (net)
                  0.04    0.00   14.94 v accumulator._1528_/C (sky130_fd_sc_hd__and3_1)
     2    0.01    0.07    0.22   15.16 v accumulator._1528_/X (sky130_fd_sc_hd__and3_1)
                                         accumulator._0623_ (net)
                  0.07    0.00   15.16 v accumulator._1644_/A2 (sky130_fd_sc_hd__o311ai_4)
     3    0.01    0.29    0.34   15.50 ^ accumulator._1644_/Y (sky130_fd_sc_hd__o311ai_4)
                                         accumulator._0739_ (net)
                  0.29    0.00   15.50 ^ accumulator._1716_/A (sky130_fd_sc_hd__nand3_2)
     2    0.01    0.10    0.12   15.62 v accumulator._1716_/Y (sky130_fd_sc_hd__nand3_2)
                                         accumulator._0811_ (net)
                  0.10    0.00   15.62 v accumulator._1736_/A1 (sky130_fd_sc_hd__a2111o_4)
     5    0.02    0.09    0.52   16.14 v accumulator._1736_/X (sky130_fd_sc_hd__a2111o_4)
                                         accumulator._0831_ (net)
                  0.09    0.00   16.15 v accumulator._1738_/A1 (sky130_fd_sc_hd__a21o_1)
     3    0.01    0.06    0.21   16.35 v accumulator._1738_/X (sky130_fd_sc_hd__a21o_1)
                                         accumulator._0833_ (net)
                  0.06    0.00   16.35 v accumulator._1744_/A1 (sky130_fd_sc_hd__a2111o_1)
     3    0.01    0.10    0.43   16.78 v accumulator._1744_/X (sky130_fd_sc_hd__a2111o_1)
                                         accumulator._0839_ (net)
                  0.10    0.00   16.78 v accumulator._1748_/A1 (sky130_fd_sc_hd__a2111o_1)
     2    0.01    0.07    0.41   17.20 v accumulator._1748_/X (sky130_fd_sc_hd__a2111o_1)
                                         accumulator._0843_ (net)
                  0.07    0.00   17.20 v accumulator._1751_/A1 (sky130_fd_sc_hd__a21o_1)
     2    0.01    0.06    0.20   17.39 v accumulator._1751_/X (sky130_fd_sc_hd__a21o_1)
                                         accumulator._0846_ (net)
                  0.06    0.00   17.39 v accumulator._1752_/B (sky130_fd_sc_hd__and2_4)
     2    0.01    0.03    0.17   17.56 v accumulator._1752_/X (sky130_fd_sc_hd__and2_4)
                                         accumulator._0847_ (net)
                  0.03    0.00   17.56 v accumulator._1753_/A (sky130_fd_sc_hd__or2_4)
     2    0.01    0.05    0.25   17.81 v accumulator._1753_/X (sky130_fd_sc_hd__or2_4)
                                         accumulator._0848_ (net)
                  0.05    0.00   17.81 v accumulator._1917_/A2 (sky130_fd_sc_hd__o21a_1)
     2    0.01    0.05    0.19   18.00 v accumulator._1917_/X (sky130_fd_sc_hd__o21a_1)
                                         accumulator._1012_ (net)
                  0.05    0.00   18.01 v accumulator._1923_/A2 (sky130_fd_sc_hd__o21ba_1)
     1    0.00    0.04    0.18   18.18 v accumulator._1923_/X (sky130_fd_sc_hd__o21ba_1)
                                         accumulator._1018_ (net)
                  0.04    0.00   18.18 v accumulator._1924_/A1 (sky130_fd_sc_hd__mux2_4)
     1    0.02    0.07    0.30   18.49 v accumulator._1924_/X (sky130_fd_sc_hd__mux2_4)
                                         accumulator._1019_ (net)
                  0.07    0.00   18.49 v accumulator._1925_/A (sky130_fd_sc_hd__xor2_4)
     2    0.02    0.07    0.21   18.70 v accumulator._1925_/X (sky130_fd_sc_hd__xor2_4)
                                         accumulator._1020_ (net)
                  0.07    0.00   18.70 v accumulator._1949_/C (sky130_fd_sc_hd__or4b_4)
     2    0.01    0.09    0.51   19.21 v accumulator._1949_/X (sky130_fd_sc_hd__or4b_4)
                                         accumulator._1044_ (net)
                  0.09    0.00   19.21 v accumulator._1953_/A_N (sky130_fd_sc_hd__and2b_1)
     2    0.01    0.09    0.25   19.46 ^ accumulator._1953_/X (sky130_fd_sc_hd__and2b_1)
                                         accumulator._1048_ (net)
                  0.09    0.00   19.46 ^ accumulator._1963_/A (sky130_fd_sc_hd__nand2_2)
     2    0.01    0.08    0.08   19.55 v accumulator._1963_/Y (sky130_fd_sc_hd__nand2_2)
                                         accumulator._1058_ (net)
                  0.08    0.00   19.55 v accumulator._1968_/B (sky130_fd_sc_hd__nor2_4)
     3    0.01    0.10    0.12   19.67 ^ accumulator._1968_/Y (sky130_fd_sc_hd__nor2_4)
                                         accumulator._1063_ (net)
                  0.10    0.00   19.67 ^ accumulator._1987_/A2 (sky130_fd_sc_hd__a21o_1)
     1    0.02    0.17    0.23   19.89 ^ accumulator._1987_/X (sky130_fd_sc_hd__a21o_1)
                                         accumulator._1082_ (net)
                  0.17    0.00   19.89 ^ accumulator._1988_/A (sky130_fd_sc_hd__xor2_4)
     4    0.02    0.17    0.22   20.11 ^ accumulator._1988_/X (sky130_fd_sc_hd__xor2_4)
                                         accumulator._1083_ (net)
                  0.17    0.00   20.11 ^ accumulator._1989_/A (sky130_fd_sc_hd__inv_2)
     2    0.01    0.04    0.06   20.17 v accumulator._1989_/Y (sky130_fd_sc_hd__inv_2)
                                         accumulator._1084_ (net)
                  0.04    0.00   20.17 v accumulator._1996_/B (sky130_fd_sc_hd__or3_4)
     2    0.01    0.07    0.38   20.55 v accumulator._1996_/X (sky130_fd_sc_hd__or3_4)
                                         accumulator._1091_ (net)
                  0.07    0.00   20.55 v accumulator._1997_/B (sky130_fd_sc_hd__or2_4)
     6    0.03    0.08    0.29   20.84 v accumulator._1997_/X (sky130_fd_sc_hd__or2_4)
                                         accumulator._1092_ (net)
                  0.08    0.00   20.84 v accumulator._2025_/B1 (sky130_fd_sc_hd__a21oi_2)
     5    0.02    0.27    0.26   21.10 ^ accumulator._2025_/Y (sky130_fd_sc_hd__a21oi_2)
                                         accumulator._1120_ (net)
                  0.27    0.00   21.10 ^ accumulator._2305_/A (sky130_fd_sc_hd__xor2_1)
     2    0.01    0.19    0.25   21.35 ^ accumulator._2305_/X (sky130_fd_sc_hd__xor2_1)
                                         accumulator._0256_ (net)
                  0.19    0.00   21.35 ^ accumulator._2306_/B (sky130_fd_sc_hd__xor2_1)
     2    0.01    0.21    0.25   21.60 ^ accumulator._2306_/X (sky130_fd_sc_hd__xor2_1)
                                         accumulator._0257_ (net)
                  0.21    0.00   21.60 ^ accumulator._2310_/B (sky130_fd_sc_hd__nand2_2)
     3    0.01    0.06    0.10   21.69 v accumulator._2310_/Y (sky130_fd_sc_hd__nand2_2)
                                         accumulator._0262_ (net)
                  0.06    0.00   21.69 v accumulator._2322_/A2 (sky130_fd_sc_hd__a21o_1)
     5    0.02    0.09    0.25   21.94 v accumulator._2322_/X (sky130_fd_sc_hd__a21o_1)
                                         accumulator._0274_ (net)
                  0.09    0.00   21.94 v accumulator._2338_/A2 (sky130_fd_sc_hd__a31o_1)
     1    0.01    0.05    0.24   22.18 v accumulator._2338_/X (sky130_fd_sc_hd__a31o_1)
                                         accumulator._0289_ (net)
                  0.05    0.00   22.18 v accumulator._2341_/A (sky130_fd_sc_hd__xor2_1)
     1    0.00    0.07    0.16   22.35 v accumulator._2341_/X (sky130_fd_sc_hd__xor2_1)
                                         accumulator._0293_ (net)
                  0.07    0.00   22.35 v accumulator._2343_/A2 (sky130_fd_sc_hd__o211a_1)
     1    0.00    0.04    0.22   22.56 v accumulator._2343_/X (sky130_fd_sc_hd__o211a_1)
                                         accumulator._0031_ (net)
                  0.04    0.00   22.56 v accumulator._2386_/D (sky130_fd_sc_hd__dfxtp_1)
                                 22.56   data arrival time

                         25.00   25.00   clock clock (rise edge)
                          0.00   25.00   clock source latency
     1    0.01    0.07    0.05   25.05 ^ clock (in)
                                         clock (net)
                  0.07    0.00   25.05 ^ clkbuf_0_clock/A (sky130_fd_sc_hd__clkbuf_16)
     4    0.03    0.05    0.14   25.19 ^ clkbuf_0_clock/X (sky130_fd_sc_hd__clkbuf_16)
                                         clknet_0_clock (net)
                  0.05    0.00   25.19 ^ clkbuf_2_3__f_clock/A (sky130_fd_sc_hd__clkbuf_16)
    10    0.03    0.05    0.13   25.32 ^ clkbuf_2_3__f_clock/X (sky130_fd_sc_hd__clkbuf_16)
                                         clknet_2_3__leaf_clock (net)
                  0.05    0.00   25.32 ^ accumulator._2386_/CLK (sky130_fd_sc_hd__dfxtp_1)
                         -0.25   25.07   clock uncertainty
                          0.00   25.07   clock reconvergence pessimism
                         -0.10   24.96   library setup time
                                 24.96   data required time
-----------------------------------------------------------------------------
                                 24.96   data required time
                                -22.56   data arrival time
-----------------------------------------------------------------------------
                                  2.40   slack (MET)


Startpoint: io_inScaleA[7] (input port clocked by clock)
Endpoint: accumulator._2361_ (rising edge-triggered flip-flop clocked by clock)
Path Group: clock
Path Type: max

Fanout     Cap    Slew   Delay    Time   Description
-----------------------------------------------------------------------------
                          0.00    0.00   clock clock (rise edge)
                          0.00    0.00   clock network delay (propagated)
                          5.00    5.00 v input external delay
     1    0.01    0.01    0.01    5.01 v io_inScaleA[7] (in)
                                         io_inScaleA[7] (net)
                  0.01    0.00    5.01 v input16/A (sky130_fd_sc_hd__clkbuf_2)
     5    0.02    0.07    0.13    5.14 v input16/X (sky130_fd_sc_hd__clkbuf_2)
                                         net16 (net)
                  0.07    0.00    5.14 v scaleAdd._280_/A1 (sky130_fd_sc_hd__o31a_1)
     3    0.01    0.07    0.34    5.48 v scaleAdd._280_/X (sky130_fd_sc_hd__o31a_1)
                                         scaleAdd._222_ (net)
                  0.07    0.00    5.48 v scaleAdd._282_/A2 (sky130_fd_sc_hd__a21o_1)
     3    0.01    0.08    0.24    5.72 v scaleAdd._282_/X (sky130_fd_sc_hd__a21o_1)
                                         scaleAdd._224_ (net)
                  0.08    0.00    5.72 v scaleAdd._284_/A1 (sky130_fd_sc_hd__a21oi_4)
     3    0.02    0.16    0.19    5.91 ^ scaleAdd._284_/Y (sky130_fd_sc_hd__a21oi_4)
                                         scaleAdd._226_ (net)
                  0.16    0.00    5.91 ^ scaleAdd._287_/A (sky130_fd_sc_hd__xnor2_2)
     1    0.01    0.19    0.16    6.08 ^ scaleAdd._287_/Y (sky130_fd_sc_hd__xnor2_2)
                                         scaleAdd._229_ (net)
                  0.19    0.00    6.08 ^ scaleAdd._288_/A (sky130_fd_sc_hd__xnor2_2)
     3    0.02    0.10    0.14    6.22 v scaleAdd._288_/Y (sky130_fd_sc_hd__xnor2_2)
                                         scaleAdd._230_ (net)
                  0.10    0.00    6.22 v scaleAdd._346_/A2 (sky130_fd_sc_hd__a21o_1)
     1    0.01    0.05    0.22    6.44 v scaleAdd._346_/X (sky130_fd_sc_hd__a21o_1)
                                         scaleAdd._052_ (net)
                  0.05    0.00    6.44 v scaleAdd._348_/A2 (sky130_fd_sc_hd__a21o_4)
     2    0.03    0.06    0.26    6.70 v scaleAdd._348_/X (sky130_fd_sc_hd__a21o_4)
                                         scaleAdd._054_ (net)
                  0.06    0.00    6.70 v scaleAdd._349_/A (sky130_fd_sc_hd__xor2_4)
     5    0.01    0.08    0.20    6.90 v scaleAdd._349_/X (sky130_fd_sc_hd__xor2_4)
                                         scaleAdd._055_ (net)
                  0.08    0.00    6.90 v scaleAdd._351_/A1 (sky130_fd_sc_hd__a21o_1)
     2    0.01    0.05    0.19    7.09 v scaleAdd._351_/X (sky130_fd_sc_hd__a21o_1)
                                         scaleAdd._057_ (net)
                  0.05    0.00    7.09 v scaleAdd._353_/A (sky130_fd_sc_hd__and3_1)
     3    0.01    0.06    0.17    7.26 v scaleAdd._353_/X (sky130_fd_sc_hd__and3_1)
                                         scaleAdd._059_ (net)
                  0.06    0.00    7.26 v scaleAdd._355_/B (sky130_fd_sc_hd__or3_4)
     3    0.01    0.07    0.39    7.66 v scaleAdd._355_/X (sky130_fd_sc_hd__or3_4)
                                         scaleAdd._061_ (net)
                  0.07    0.00    7.66 v scaleAdd._359_/A1 (sky130_fd_sc_hd__a21o_1)
     2    0.01    0.05    0.18    7.84 v scaleAdd._359_/X (sky130_fd_sc_hd__a21o_1)
                                         scaleAdd._065_ (net)
                  0.05    0.00    7.84 v scaleAdd._383_/A2 (sky130_fd_sc_hd__a21o_1)
     2    0.01    0.04    0.19    8.03 v scaleAdd._383_/X (sky130_fd_sc_hd__a21o_1)
                                         scaleAdd._088_ (net)
                  0.04    0.00    8.03 v scaleAdd._399_/A1 (sky130_fd_sc_hd__a21o_1)
     2    0.01    0.07    0.19    8.22 v scaleAdd._399_/X (sky130_fd_sc_hd__a21o_1)
                                         scaleAdd._103_ (net)
                  0.07    0.00    8.22 v scaleAdd._417_/A1 (sky130_fd_sc_hd__a21bo_1)
     2    0.01    0.05    0.19    8.42 v scaleAdd._417_/X (sky130_fd_sc_hd__a21bo_1)
                                         scaleAdd._120_ (net)
                  0.05    0.00    8.42 v scaleAdd._432_/A1 (sky130_fd_sc_hd__a21o_1)
     2    0.01    0.05    0.18    8.60 v scaleAdd._432_/X (sky130_fd_sc_hd__a21o_1)
                                         scaleAdd._134_ (net)
                  0.05    0.00    8.60 v scaleAdd._444_/A1 (sky130_fd_sc_hd__a21o_1)
     2    0.01    0.05    0.18    8.78 v scaleAdd._444_/X (sky130_fd_sc_hd__a21o_1)
                                         scaleAdd._145_ (net)
                  0.05    0.00    8.78 v scaleAdd._447_/A1 (sky130_fd_sc_hd__a21o_1)
     2    0.00    0.04    0.17    8.95 v scaleAdd._447_/X (sky130_fd_sc_hd__a21o_1)
                                         scaleAdd._147_ (net)
                  0.04    0.00    8.95 v rebuffer19/A (sky130_fd_sc_hd__clkbuf_2)
     1    0.01    0.05    0.12    9.07 v rebuffer19/X (sky130_fd_sc_hd__clkbuf_2)
                                         net77 (net)
                  0.05    0.00    9.07 v scaleAdd._448_/A (sky130_fd_sc_hd__xor2_2)
     4    0.01    0.08    0.20    9.27 v scaleAdd._448_/X (sky130_fd_sc_hd__xor2_2)
                                         accumulator.io_inMant[14] (net)
                  0.08    0.00    9.27 v accumulator._1181_/A (sky130_fd_sc_hd__or4_4)
     1    0.01    0.09    0.58    9.85 v accumulator._1181_/X (sky130_fd_sc_hd__or4_4)
                                         accumulator._0045_ (net)
                  0.09    0.00    9.85 v accumulator._1182_/A (sky130_fd_sc_hd__buf_8)
     8    0.02    0.03    0.15   10.00 v accumulator._1182_/X (sky130_fd_sc_hd__buf_8)
                                         accumulator._0055_ (net)
                  0.03    0.00   10.00 v accumulator._1200_/A_N (sky130_fd_sc_hd__and2b_1)
     3    0.01    0.08    0.22   10.22 ^ accumulator._1200_/X (sky130_fd_sc_hd__and2b_1)
                                         accumulator._0232_ (net)
                  0.08    0.00   10.22 ^ accumulator._1201_/B1_N (sky130_fd_sc_hd__o21ba_4)
     3    0.01    0.04    0.17   10.39 v accumulator._1201_/X (sky130_fd_sc_hd__o21ba_4)
                                         accumulator._0241_ (net)
                  0.04    0.00   10.39 v accumulator._1202_/A (sky130_fd_sc_hd__and2_4)
     3    0.01    0.03    0.14   10.53 v accumulator._1202_/X (sky130_fd_sc_hd__and2_4)
                                         accumulator._0251_ (net)
                  0.03    0.00   10.53 v accumulator._1204_/B (sky130_fd_sc_hd__or2_4)
     3    0.01    0.05    0.24   10.78 v accumulator._1204_/X (sky130_fd_sc_hd__or2_4)
                                         accumulator._0271_ (net)
                  0.05    0.00   10.78 v accumulator._1205_/A (sky130_fd_sc_hd__inv_2)
     3    0.01    0.05    0.07   10.85 ^ accumulator._1205_/Y (sky130_fd_sc_hd__inv_2)
                                         accumulator._0281_ (net)
                  0.05    0.00   10.85 ^ accumulator._1218_/A1 (sky130_fd_sc_hd__a311o_1)
     3    0.01    0.12    0.21   11.06 ^ accumulator._1218_/X (sky130_fd_sc_hd__a311o_1)
                                         accumulator._0315_ (net)
                  0.12    0.00   11.06 ^ rebuffer25/A (sky130_fd_sc_hd__clkbuf_1)
     1    0.00    0.06    0.12   11.18 ^ rebuffer25/X (sky130_fd_sc_hd__clkbuf_1)
                                         net83 (net)
                  0.06    0.00   11.18 ^ rebuffer10/A (sky130_fd_sc_hd__clkbuf_2)
     1    0.00    0.03    0.10   11.28 ^ rebuffer10/X (sky130_fd_sc_hd__clkbuf_2)
                                         net68 (net)
                  0.03    0.00   11.28 ^ rebuffer8/A (sky130_fd_sc_hd__clkbuf_1)
     1    0.01    0.07    0.10   11.37 ^ rebuffer8/X (sky130_fd_sc_hd__clkbuf_1)
                                         net66 (net)
                  0.07    0.00   11.37 ^ accumulator._1219_/A (sky130_fd_sc_hd__nand3_2)
     2    0.01    0.08    0.07   11.45 v accumulator._1219_/Y (sky130_fd_sc_hd__nand3_2)
                                         accumulator._0316_ (net)
                  0.08    0.00   11.45 v accumulator._1228_/A2 (sky130_fd_sc_hd__a211o_1)
     2    0.01    0.07    0.34   11.79 v accumulator._1228_/X (sky130_fd_sc_hd__a211o_1)
                                         accumulator._0325_ (net)
                  0.07    0.00   11.79 v accumulator._1242_/A2 (sky130_fd_sc_hd__o22a_1)
     3    0.01    0.07    0.24   12.03 v accumulator._1242_/X (sky130_fd_sc_hd__o22a_1)
                                         accumulator._0339_ (net)
                  0.07    0.00   12.03 v accumulator._1243_/A (sky130_fd_sc_hd__buf_4)
    10    0.03    0.06    0.19   12.22 v accumulator._1243_/X (sky130_fd_sc_hd__buf_4)
                                         accumulator._0340_ (net)
                  0.06    0.00   12.22 v accumulator._1249_/B1 (sky130_fd_sc_hd__a21o_4)
     3    0.02    0.06    0.22   12.44 v accumulator._1249_/X (sky130_fd_sc_hd__a21o_4)
                                         accumulator._0346_ (net)
                  0.06    0.00   12.44 v accumulator._1250_/B (sky130_fd_sc_hd__xor2_4)
     3    0.03    0.10    0.19   12.64 v accumulator._1250_/X (sky130_fd_sc_hd__xor2_4)
                                         accumulator._0347_ (net)
                  0.10    0.00   12.64 v accumulator._1259_/A2 (sky130_fd_sc_hd__a21o_4)
     2    0.02    0.05    0.27   12.91 v accumulator._1259_/X (sky130_fd_sc_hd__a21o_4)
                                         accumulator._0356_ (net)
                  0.05    0.00   12.91 v accumulator._1264_/A2 (sky130_fd_sc_hd__a21o_1)
     2    0.01    0.04    0.20   13.10 v accumulator._1264_/X (sky130_fd_sc_hd__a21o_1)
                                         accumulator._0361_ (net)
                  0.04    0.00   13.10 v accumulator._1266_/A1 (sky130_fd_sc_hd__a21o_1)
     2    0.01    0.04    0.17   13.28 v accumulator._1266_/X (sky130_fd_sc_hd__a21o_1)
                                         accumulator._0363_ (net)
                  0.04    0.00   13.28 v accumulator._1272_/A1 (sky130_fd_sc_hd__a21o_1)
     2    0.02    0.10    0.23   13.50 v accumulator._1272_/X (sky130_fd_sc_hd__a21o_1)
                                         accumulator._0369_ (net)
                  0.10    0.00   13.50 v accumulator._1278_/A1 (sky130_fd_sc_hd__a21oi_4)
     3    0.02    0.17    0.21   13.71 ^ accumulator._1278_/Y (sky130_fd_sc_hd__a21oi_4)
                                         accumulator._0375_ (net)
                  0.17    0.00   13.71 ^ rebuffer21/A (sky130_fd_sc_hd__buf_6)
     2    0.02    0.05    0.15   13.86 ^ rebuffer21/X (sky130_fd_sc_hd__buf_6)
                                         net79 (net)
                  0.05    0.00   13.86 ^ accumulator._1289_/B (sky130_fd_sc_hd__xnor2_4)
     9    0.03    0.26    0.16   14.02 ^ accumulator._1289_/Y (sky130_fd_sc_hd__xnor2_4)
                                         accumulator._0386_ (net)
                  0.26    0.00   14.02 ^ accumulator._1330_/S (sky130_fd_sc_hd__mux2_4)
     6    0.02    0.07    0.38   14.40 v accumulator._1330_/X (sky130_fd_sc_hd__mux2_4)
                                         accumulator._0425_ (net)
                  0.07    0.00   14.40 v clone38/A (sky130_fd_sc_hd__buf_4)
     5    0.02    0.04    0.17   14.57 v clone38/X (sky130_fd_sc_hd__buf_4)
                                         net96 (net)
                  0.04    0.00   14.57 v accumulator._1526_/A1 (sky130_fd_sc_hd__a21o_1)
     2    0.01    0.05    0.18   14.75 v accumulator._1526_/X (sky130_fd_sc_hd__a21o_1)
                                         accumulator._0621_ (net)
                  0.05    0.00   14.75 v accumulator._1527_/A2 (sky130_fd_sc_hd__a21o_1)
     2    0.00    0.04    0.19   14.94 v accumulator._1527_/X (sky130_fd_sc_hd__a21o_1)
                                         accumulator._0622_ (net)
                  0.04    0.00   14.94 v accumulator._1528_/C (sky130_fd_sc_hd__and3_1)
     2    0.01    0.07    0.22   15.16 v accumulator._1528_/X (sky130_fd_sc_hd__and3_1)
                                         accumulator._0623_ (net)
                  0.07    0.00   15.16 v accumulator._1644_/A2 (sky130_fd_sc_hd__o311ai_4)
     3    0.01    0.29    0.34   15.50 ^ accumulator._1644_/Y (sky130_fd_sc_hd__o311ai_4)
                                         accumulator._0739_ (net)
                  0.29    0.00   15.50 ^ accumulator._1716_/A (sky130_fd_sc_hd__nand3_2)
     2    0.01    0.10    0.12   15.62 v accumulator._1716_/Y (sky130_fd_sc_hd__nand3_2)
                                         accumulator._0811_ (net)
                  0.10    0.00   15.62 v accumulator._1736_/A1 (sky130_fd_sc_hd__a2111o_4)
     5    0.02    0.09    0.52   16.14 v accumulator._1736_/X (sky130_fd_sc_hd__a2111o_4)
                                         accumulator._0831_ (net)
                  0.09    0.00   16.15 v accumulator._1738_/A1 (sky130_fd_sc_hd__a21o_1)
     3    0.01    0.06    0.21   16.35 v accumulator._1738_/X (sky130_fd_sc_hd__a21o_1)
                                         accumulator._0833_ (net)
                  0.06    0.00   16.35 v accumulator._1744_/A1 (sky130_fd_sc_hd__a2111o_1)
     3    0.01    0.10    0.43   16.78 v accumulator._1744_/X (sky130_fd_sc_hd__a2111o_1)
                                         accumulator._0839_ (net)
                  0.10    0.00   16.78 v accumulator._1748_/A1 (sky130_fd_sc_hd__a2111o_1)
     2    0.01    0.07    0.41   17.20 v accumulator._1748_/X (sky130_fd_sc_hd__a2111o_1)
                                         accumulator._0843_ (net)
                  0.07    0.00   17.20 v accumulator._1751_/A1 (sky130_fd_sc_hd__a21o_1)
     2    0.01    0.06    0.20   17.39 v accumulator._1751_/X (sky130_fd_sc_hd__a21o_1)
                                         accumulator._0846_ (net)
                  0.06    0.00   17.39 v accumulator._1773_/A1 (sky130_fd_sc_hd__a21o_1)
     2    0.01    0.05    0.18   17.57 v accumulator._1773_/X (sky130_fd_sc_hd__a21o_1)
                                         accumulator._0868_ (net)
                  0.05    0.00   17.57 v accumulator._1798_/A1 (sky130_fd_sc_hd__a311o_1)
     2    0.01    0.08    0.30   17.87 v accumulator._1798_/X (sky130_fd_sc_hd__a311o_1)
                                         accumulator._0893_ (net)
                  0.08    0.00   17.87 v accumulator._1814_/A2 (sky130_fd_sc_hd__a21o_1)
     2    0.01    0.07    0.24   18.11 v accumulator._1814_/X (sky130_fd_sc_hd__a21o_1)
                                         accumulator._0909_ (net)
                  0.07    0.00   18.11 v accumulator._1821_/A2 (sky130_fd_sc_hd__a21o_1)
     3    0.01    0.06    0.23   18.33 v accumulator._1821_/X (sky130_fd_sc_hd__a21o_1)
                                         accumulator._0916_ (net)
                  0.06    0.00   18.33 v accumulator._1926_/A2 (sky130_fd_sc_hd__a21o_1)
     3    0.01    0.08    0.24   18.57 v accumulator._1926_/X (sky130_fd_sc_hd__a21o_1)
                                         accumulator._1021_ (net)
                  0.08    0.00   18.57 v accumulator._2045_/S (sky130_fd_sc_hd__mux2_4)
     4    0.01    0.07    0.35   18.92 v accumulator._2045_/X (sky130_fd_sc_hd__mux2_4)
                                         accumulator._1140_ (net)
                  0.07    0.00   18.92 v accumulator._2059_/B2 (sky130_fd_sc_hd__a221oi_2)
     1    0.00    0.18    0.24   19.17 ^ accumulator._2059_/Y (sky130_fd_sc_hd__a221oi_2)
                                         accumulator._1155_ (net)
                  0.18    0.00   19.17 ^ accumulator._2060_/A1 (sky130_fd_sc_hd__o21ai_1)
     1    0.00    0.09    0.11   19.28 v accumulator._2060_/Y (sky130_fd_sc_hd__o21ai_1)
                                         accumulator._1156_ (net)
                  0.09    0.00   19.28 v accumulator._2061_/A1 (sky130_fd_sc_hd__a21o_1)
     1    0.00    0.03    0.18   19.46 v accumulator._2061_/X (sky130_fd_sc_hd__a21o_1)
                                         accumulator._1157_ (net)
                  0.03    0.00   19.46 v accumulator._2062_/A1 (sky130_fd_sc_hd__a21o_1)
     1    0.00    0.04    0.16   19.61 v accumulator._2062_/X (sky130_fd_sc_hd__a21o_1)
                                         accumulator._1158_ (net)
                  0.04    0.00   19.61 v accumulator._2063_/A1 (sky130_fd_sc_hd__a21o_1)
     1    0.00    0.03    0.15   19.77 v accumulator._2063_/X (sky130_fd_sc_hd__a21o_1)
                                         accumulator._1159_ (net)
                  0.03    0.00   19.77 v accumulator._2064_/A1 (sky130_fd_sc_hd__a21o_1)
     1    0.00    0.04    0.16   19.92 v accumulator._2064_/X (sky130_fd_sc_hd__a21o_1)
                                         accumulator._1160_ (net)
                  0.04    0.00   19.92 v accumulator._2065_/A1 (sky130_fd_sc_hd__a21oi_1)
     1    0.00    0.13    0.14   20.07 ^ accumulator._2065_/Y (sky130_fd_sc_hd__a21oi_1)
                                         accumulator._1161_ (net)
                  0.13    0.00   20.07 ^ accumulator._2067_/A1 (sky130_fd_sc_hd__o21ai_1)
     1    0.00    0.06    0.09   20.16 v accumulator._2067_/Y (sky130_fd_sc_hd__o21ai_1)
                                         accumulator._1163_ (net)
                  0.06    0.00   20.16 v accumulator._2068_/A1 (sky130_fd_sc_hd__a21o_1)
     1    0.00    0.03    0.16   20.33 v accumulator._2068_/X (sky130_fd_sc_hd__a21o_1)
                                         accumulator._1164_ (net)
                  0.03    0.00   20.33 v accumulator._2069_/A1 (sky130_fd_sc_hd__a21o_1)
     1    0.01    0.04    0.16   20.49 v accumulator._2069_/X (sky130_fd_sc_hd__a21o_1)
                                         accumulator._1165_ (net)
                  0.04    0.00   20.49 v accumulator._2070_/A1 (sky130_fd_sc_hd__a211o_1)
     1    0.01    0.06    0.28   20.77 v accumulator._2070_/X (sky130_fd_sc_hd__a211o_1)
                                         accumulator._1167_ (net)
                  0.06    0.00   20.77 v accumulator._2073_/B2 (sky130_fd_sc_hd__a2bb2o_4)
     4    0.03    0.07    0.26   21.03 v accumulator._2073_/X (sky130_fd_sc_hd__a2bb2o_4)
                                         accumulator._1170_ (net)
                  0.07    0.00   21.03 v clone42/A (sky130_fd_sc_hd__clkbuf_16)
     5    0.02    0.04    0.17   21.20 v clone42/X (sky130_fd_sc_hd__clkbuf_16)
                                         net100 (net)
                  0.04    0.00   21.20 v accumulator._2077_/S (sky130_fd_sc_hd__mux2_2)
     2    0.01    0.06    0.29   21.49 v accumulator._2077_/X (sky130_fd_sc_hd__mux2_2)
                                         accumulator._1174_ (net)
                  0.06    0.00   21.49 v accumulator._2088_/A1 (sky130_fd_sc_hd__mux2_4)
     2    0.01    0.06    0.28   21.78 v accumulator._2088_/X (sky130_fd_sc_hd__mux2_4)
                                         accumulator._0043_ (net)
                  0.06    0.00   21.78 v accumulator._2132_/A0 (sky130_fd_sc_hd__mux2_4)
     2    0.01    0.06    0.29   22.07 v accumulator._2132_/X (sky130_fd_sc_hd__mux2_4)
                                         accumulator._0088_ (net)
                  0.06    0.00   22.07 v accumulator._2134_/A0 (sky130_fd_sc_hd__mux2_4)
     2    0.00    0.05    0.28   22.35 v accumulator._2134_/X (sky130_fd_sc_hd__mux2_4)
                                         accumulator._0090_ (net)
                  0.05    0.00   22.35 v accumulator._2135_/B2 (sky130_fd_sc_hd__o22a_1)
     1    0.00    0.04    0.16   22.51 v accumulator._2135_/X (sky130_fd_sc_hd__o22a_1)
                                         accumulator._0091_ (net)
                  0.04    0.00   22.51 v accumulator._2136_/B (sky130_fd_sc_hd__nor2_1)
     1    0.00    0.07    0.08   22.59 ^ accumulator._2136_/Y (sky130_fd_sc_hd__nor2_1)
                                         accumulator._0006_ (net)
                  0.07    0.00   22.59 ^ accumulator._2361_/D (sky130_fd_sc_hd__dfxtp_1)
                                 22.59   data arrival time

                         25.00   25.00   clock clock (rise edge)
                          0.00   25.00   clock source latency
     1    0.01    0.07    0.05   25.05 ^ clock (in)
                                         clock (net)
                  0.07    0.00   25.05 ^ clkbuf_0_clock/A (sky130_fd_sc_hd__clkbuf_16)
     4    0.03    0.05    0.14   25.19 ^ clkbuf_0_clock/X (sky130_fd_sc_hd__clkbuf_16)
                                         clknet_0_clock (net)
                  0.05    0.00   25.19 ^ clkbuf_2_0__f_clock/A (sky130_fd_sc_hd__clkbuf_16)
    11    0.03    0.05    0.13   25.32 ^ clkbuf_2_0__f_clock/X (sky130_fd_sc_hd__clkbuf_16)
                                         clknet_2_0__leaf_clock (net)
                  0.05    0.00   25.32 ^ accumulator._2361_/CLK (sky130_fd_sc_hd__dfxtp_1)
                         -0.25   25.07   clock uncertainty
                          0.00   25.07   clock reconvergence pessimism
                         -0.06   25.01   library setup time
                                 25.01   data required time
-----------------------------------------------------------------------------
                                 25.01   data required time
                                -22.59   data arrival time
-----------------------------------------------------------------------------
                                  2.42   slack (MET)


Startpoint: io_inScaleA[7] (input port clocked by clock)
Endpoint: accumulator._2371_ (rising edge-triggered flip-flop clocked by clock)
Path Group: clock
Path Type: max

Fanout     Cap    Slew   Delay    Time   Description
-----------------------------------------------------------------------------
                          0.00    0.00   clock clock (rise edge)
                          0.00    0.00   clock network delay (propagated)
                          5.00    5.00 v input external delay
     1    0.01    0.01    0.01    5.01 v io_inScaleA[7] (in)
                                         io_inScaleA[7] (net)
                  0.01    0.00    5.01 v input16/A (sky130_fd_sc_hd__clkbuf_2)
     5    0.02    0.07    0.13    5.14 v input16/X (sky130_fd_sc_hd__clkbuf_2)
                                         net16 (net)
                  0.07    0.00    5.14 v scaleAdd._280_/A1 (sky130_fd_sc_hd__o31a_1)
     3    0.01    0.07    0.34    5.48 v scaleAdd._280_/X (sky130_fd_sc_hd__o31a_1)
                                         scaleAdd._222_ (net)
                  0.07    0.00    5.48 v scaleAdd._282_/A2 (sky130_fd_sc_hd__a21o_1)
     3    0.01    0.08    0.24    5.72 v scaleAdd._282_/X (sky130_fd_sc_hd__a21o_1)
                                         scaleAdd._224_ (net)
                  0.08    0.00    5.72 v scaleAdd._284_/A1 (sky130_fd_sc_hd__a21oi_4)
     3    0.02    0.16    0.19    5.91 ^ scaleAdd._284_/Y (sky130_fd_sc_hd__a21oi_4)
                                         scaleAdd._226_ (net)
                  0.16    0.00    5.91 ^ scaleAdd._287_/A (sky130_fd_sc_hd__xnor2_2)
     1    0.01    0.19    0.16    6.08 ^ scaleAdd._287_/Y (sky130_fd_sc_hd__xnor2_2)
                                         scaleAdd._229_ (net)
                  0.19    0.00    6.08 ^ scaleAdd._288_/A (sky130_fd_sc_hd__xnor2_2)
     3    0.02    0.10    0.14    6.22 v scaleAdd._288_/Y (sky130_fd_sc_hd__xnor2_2)
                                         scaleAdd._230_ (net)
                  0.10    0.00    6.22 v scaleAdd._346_/A2 (sky130_fd_sc_hd__a21o_1)
     1    0.01    0.05    0.22    6.44 v scaleAdd._346_/X (sky130_fd_sc_hd__a21o_1)
                                         scaleAdd._052_ (net)
                  0.05    0.00    6.44 v scaleAdd._348_/A2 (sky130_fd_sc_hd__a21o_4)
     2    0.03    0.06    0.26    6.70 v scaleAdd._348_/X (sky130_fd_sc_hd__a21o_4)
                                         scaleAdd._054_ (net)
                  0.06    0.00    6.70 v scaleAdd._349_/A (sky130_fd_sc_hd__xor2_4)
     5    0.01    0.08    0.20    6.90 v scaleAdd._349_/X (sky130_fd_sc_hd__xor2_4)
                                         scaleAdd._055_ (net)
                  0.08    0.00    6.90 v scaleAdd._351_/A1 (sky130_fd_sc_hd__a21o_1)
     2    0.01    0.05    0.19    7.09 v scaleAdd._351_/X (sky130_fd_sc_hd__a21o_1)
                                         scaleAdd._057_ (net)
                  0.05    0.00    7.09 v scaleAdd._353_/A (sky130_fd_sc_hd__and3_1)
     3    0.01    0.06    0.17    7.26 v scaleAdd._353_/X (sky130_fd_sc_hd__and3_1)
                                         scaleAdd._059_ (net)
                  0.06    0.00    7.26 v scaleAdd._355_/B (sky130_fd_sc_hd__or3_4)
     3    0.01    0.07    0.39    7.66 v scaleAdd._355_/X (sky130_fd_sc_hd__or3_4)
                                         scaleAdd._061_ (net)
                  0.07    0.00    7.66 v scaleAdd._359_/A1 (sky130_fd_sc_hd__a21o_1)
     2    0.01    0.05    0.18    7.84 v scaleAdd._359_/X (sky130_fd_sc_hd__a21o_1)
                                         scaleAdd._065_ (net)
                  0.05    0.00    7.84 v scaleAdd._383_/A2 (sky130_fd_sc_hd__a21o_1)
     2    0.01    0.04    0.19    8.03 v scaleAdd._383_/X (sky130_fd_sc_hd__a21o_1)
                                         scaleAdd._088_ (net)
                  0.04    0.00    8.03 v scaleAdd._399_/A1 (sky130_fd_sc_hd__a21o_1)
     2    0.01    0.07    0.19    8.22 v scaleAdd._399_/X (sky130_fd_sc_hd__a21o_1)
                                         scaleAdd._103_ (net)
                  0.07    0.00    8.22 v scaleAdd._417_/A1 (sky130_fd_sc_hd__a21bo_1)
     2    0.01    0.05    0.19    8.42 v scaleAdd._417_/X (sky130_fd_sc_hd__a21bo_1)
                                         scaleAdd._120_ (net)
                  0.05    0.00    8.42 v scaleAdd._432_/A1 (sky130_fd_sc_hd__a21o_1)
     2    0.01    0.05    0.18    8.60 v scaleAdd._432_/X (sky130_fd_sc_hd__a21o_1)
                                         scaleAdd._134_ (net)
                  0.05    0.00    8.60 v scaleAdd._444_/A1 (sky130_fd_sc_hd__a21o_1)
     2    0.01    0.05    0.18    8.78 v scaleAdd._444_/X (sky130_fd_sc_hd__a21o_1)
                                         scaleAdd._145_ (net)
                  0.05    0.00    8.78 v scaleAdd._447_/A1 (sky130_fd_sc_hd__a21o_1)
     2    0.00    0.04    0.17    8.95 v scaleAdd._447_/X (sky130_fd_sc_hd__a21o_1)
                                         scaleAdd._147_ (net)
                  0.04    0.00    8.95 v rebuffer19/A (sky130_fd_sc_hd__clkbuf_2)
     1    0.01    0.05    0.12    9.07 v rebuffer19/X (sky130_fd_sc_hd__clkbuf_2)
                                         net77 (net)
                  0.05    0.00    9.07 v scaleAdd._448_/A (sky130_fd_sc_hd__xor2_2)
     4    0.01    0.08    0.20    9.27 v scaleAdd._448_/X (sky130_fd_sc_hd__xor2_2)
                                         accumulator.io_inMant[14] (net)
                  0.08    0.00    9.27 v accumulator._1181_/A (sky130_fd_sc_hd__or4_4)
     1    0.01    0.09    0.58    9.85 v accumulator._1181_/X (sky130_fd_sc_hd__or4_4)
                                         accumulator._0045_ (net)
                  0.09    0.00    9.85 v accumulator._1182_/A (sky130_fd_sc_hd__buf_8)
     8    0.02    0.03    0.15   10.00 v accumulator._1182_/X (sky130_fd_sc_hd__buf_8)
                                         accumulator._0055_ (net)
                  0.03    0.00   10.00 v accumulator._1200_/A_N (sky130_fd_sc_hd__and2b_1)
     3    0.01    0.08    0.22   10.22 ^ accumulator._1200_/X (sky130_fd_sc_hd__and2b_1)
                                         accumulator._0232_ (net)
                  0.08    0.00   10.22 ^ accumulator._1201_/B1_N (sky130_fd_sc_hd__o21ba_4)
     3    0.01    0.04    0.17   10.39 v accumulator._1201_/X (sky130_fd_sc_hd__o21ba_4)
                                         accumulator._0241_ (net)
                  0.04    0.00   10.39 v accumulator._1202_/A (sky130_fd_sc_hd__and2_4)
     3    0.01    0.03    0.14   10.53 v accumulator._1202_/X (sky130_fd_sc_hd__and2_4)
                                         accumulator._0251_ (net)
                  0.03    0.00   10.53 v accumulator._1204_/B (sky130_fd_sc_hd__or2_4)
     3    0.01    0.05    0.24   10.78 v accumulator._1204_/X (sky130_fd_sc_hd__or2_4)
                                         accumulator._0271_ (net)
                  0.05    0.00   10.78 v accumulator._1205_/A (sky130_fd_sc_hd__inv_2)
     3    0.01    0.05    0.07   10.85 ^ accumulator._1205_/Y (sky130_fd_sc_hd__inv_2)
                                         accumulator._0281_ (net)
                  0.05    0.00   10.85 ^ accumulator._1218_/A1 (sky130_fd_sc_hd__a311o_1)
     3    0.01    0.12    0.21   11.06 ^ accumulator._1218_/X (sky130_fd_sc_hd__a311o_1)
                                         accumulator._0315_ (net)
                  0.12    0.00   11.06 ^ rebuffer25/A (sky130_fd_sc_hd__clkbuf_1)
     1    0.00    0.06    0.12   11.18 ^ rebuffer25/X (sky130_fd_sc_hd__clkbuf_1)
                                         net83 (net)
                  0.06    0.00   11.18 ^ rebuffer10/A (sky130_fd_sc_hd__clkbuf_2)
     1    0.00    0.03    0.10   11.28 ^ rebuffer10/X (sky130_fd_sc_hd__clkbuf_2)
                                         net68 (net)
                  0.03    0.00   11.28 ^ rebuffer8/A (sky130_fd_sc_hd__clkbuf_1)
     1    0.01    0.07    0.10   11.37 ^ rebuffer8/X (sky130_fd_sc_hd__clkbuf_1)
                                         net66 (net)
                  0.07    0.00   11.37 ^ accumulator._1219_/A (sky130_fd_sc_hd__nand3_2)
     2    0.01    0.08    0.07   11.45 v accumulator._1219_/Y (sky130_fd_sc_hd__nand3_2)
                                         accumulator._0316_ (net)
                  0.08    0.00   11.45 v accumulator._1228_/A2 (sky130_fd_sc_hd__a211o_1)
     2    0.01    0.07    0.34   11.79 v accumulator._1228_/X (sky130_fd_sc_hd__a211o_1)
                                         accumulator._0325_ (net)
                  0.07    0.00   11.79 v accumulator._1242_/A2 (sky130_fd_sc_hd__o22a_1)
     3    0.01    0.07    0.24   12.03 v accumulator._1242_/X (sky130_fd_sc_hd__o22a_1)
                                         accumulator._0339_ (net)
                  0.07    0.00   12.03 v accumulator._1243_/A (sky130_fd_sc_hd__buf_4)
    10    0.03    0.06    0.19   12.22 v accumulator._1243_/X (sky130_fd_sc_hd__buf_4)
                                         accumulator._0340_ (net)
                  0.06    0.00   12.22 v accumulator._1249_/B1 (sky130_fd_sc_hd__a21o_4)
     3    0.02    0.06    0.22   12.44 v accumulator._1249_/X (sky130_fd_sc_hd__a21o_4)
                                         accumulator._0346_ (net)
                  0.06    0.00   12.44 v accumulator._1250_/B (sky130_fd_sc_hd__xor2_4)
     3    0.03    0.10    0.19   12.64 v accumulator._1250_/X (sky130_fd_sc_hd__xor2_4)
                                         accumulator._0347_ (net)
                  0.10    0.00   12.64 v accumulator._1259_/A2 (sky130_fd_sc_hd__a21o_4)
     2    0.02    0.05    0.27   12.91 v accumulator._1259_/X (sky130_fd_sc_hd__a21o_4)
                                         accumulator._0356_ (net)
                  0.05    0.00   12.91 v accumulator._1264_/A2 (sky130_fd_sc_hd__a21o_1)
     2    0.01    0.04    0.20   13.10 v accumulator._1264_/X (sky130_fd_sc_hd__a21o_1)
                                         accumulator._0361_ (net)
                  0.04    0.00   13.10 v accumulator._1266_/A1 (sky130_fd_sc_hd__a21o_1)
     2    0.01    0.04    0.17   13.28 v accumulator._1266_/X (sky130_fd_sc_hd__a21o_1)
                                         accumulator._0363_ (net)
                  0.04    0.00   13.28 v accumulator._1272_/A1 (sky130_fd_sc_hd__a21o_1)
     2    0.02    0.10    0.23   13.50 v accumulator._1272_/X (sky130_fd_sc_hd__a21o_1)
                                         accumulator._0369_ (net)
                  0.10    0.00   13.50 v accumulator._1278_/A1 (sky130_fd_sc_hd__a21oi_4)
     3    0.02    0.17    0.21   13.71 ^ accumulator._1278_/Y (sky130_fd_sc_hd__a21oi_4)
                                         accumulator._0375_ (net)
                  0.17    0.00   13.71 ^ rebuffer21/A (sky130_fd_sc_hd__buf_6)
     2    0.02    0.05    0.15   13.86 ^ rebuffer21/X (sky130_fd_sc_hd__buf_6)
                                         net79 (net)
                  0.05    0.00   13.86 ^ accumulator._1289_/B (sky130_fd_sc_hd__xnor2_4)
     9    0.03    0.26    0.16   14.02 ^ accumulator._1289_/Y (sky130_fd_sc_hd__xnor2_4)
                                         accumulator._0386_ (net)
                  0.26    0.00   14.02 ^ accumulator._1330_/S (sky130_fd_sc_hd__mux2_4)
     6    0.02    0.07    0.38   14.40 v accumulator._1330_/X (sky130_fd_sc_hd__mux2_4)
                                         accumulator._0425_ (net)
                  0.07    0.00   14.40 v clone38/A (sky130_fd_sc_hd__buf_4)
     5    0.02    0.04    0.17   14.57 v clone38/X (sky130_fd_sc_hd__buf_4)
                                         net96 (net)
                  0.04    0.00   14.57 v accumulator._1526_/A1 (sky130_fd_sc_hd__a21o_1)
     2    0.01    0.05    0.18   14.75 v accumulator._1526_/X (sky130_fd_sc_hd__a21o_1)
                                         accumulator._0621_ (net)
                  0.05    0.00   14.75 v accumulator._1527_/A2 (sky130_fd_sc_hd__a21o_1)
     2    0.00    0.04    0.19   14.94 v accumulator._1527_/X (sky130_fd_sc_hd__a21o_1)
                                         accumulator._0622_ (net)
                  0.04    0.00   14.94 v accumulator._1528_/C (sky130_fd_sc_hd__and3_1)
     2    0.01    0.07    0.22   15.16 v accumulator._1528_/X (sky130_fd_sc_hd__and3_1)
                                         accumulator._0623_ (net)
                  0.07    0.00   15.16 v accumulator._1644_/A2 (sky130_fd_sc_hd__o311ai_4)
     3    0.01    0.29    0.34   15.50 ^ accumulator._1644_/Y (sky130_fd_sc_hd__o311ai_4)
                                         accumulator._0739_ (net)
                  0.29    0.00   15.50 ^ accumulator._1716_/A (sky130_fd_sc_hd__nand3_2)
     2    0.01    0.10    0.12   15.62 v accumulator._1716_/Y (sky130_fd_sc_hd__nand3_2)
                                         accumulator._0811_ (net)
                  0.10    0.00   15.62 v accumulator._1736_/A1 (sky130_fd_sc_hd__a2111o_4)
     5    0.02    0.09    0.52   16.14 v accumulator._1736_/X (sky130_fd_sc_hd__a2111o_4)
                                         accumulator._0831_ (net)
                  0.09    0.00   16.15 v accumulator._1738_/A1 (sky130_fd_sc_hd__a21o_1)
     3    0.01    0.06    0.21   16.35 v accumulator._1738_/X (sky130_fd_sc_hd__a21o_1)
                                         accumulator._0833_ (net)
                  0.06    0.00   16.35 v accumulator._1744_/A1 (sky130_fd_sc_hd__a2111o_1)
     3    0.01    0.10    0.43   16.78 v accumulator._1744_/X (sky130_fd_sc_hd__a2111o_1)
                                         accumulator._0839_ (net)
                  0.10    0.00   16.78 v accumulator._1748_/A1 (sky130_fd_sc_hd__a2111o_1)
     2    0.01    0.07    0.41   17.20 v accumulator._1748_/X (sky130_fd_sc_hd__a2111o_1)
                                         accumulator._0843_ (net)
                  0.07    0.00   17.20 v accumulator._1751_/A1 (sky130_fd_sc_hd__a21o_1)
     2    0.01    0.06    0.20   17.39 v accumulator._1751_/X (sky130_fd_sc_hd__a21o_1)
                                         accumulator._0846_ (net)
                  0.06    0.00   17.39 v accumulator._1773_/A1 (sky130_fd_sc_hd__a21o_1)
     2    0.01    0.05    0.18   17.57 v accumulator._1773_/X (sky130_fd_sc_hd__a21o_1)
                                         accumulator._0868_ (net)
                  0.05    0.00   17.57 v accumulator._1798_/A1 (sky130_fd_sc_hd__a311o_1)
     2    0.01    0.08    0.30   17.87 v accumulator._1798_/X (sky130_fd_sc_hd__a311o_1)
                                         accumulator._0893_ (net)
                  0.08    0.00   17.87 v accumulator._1814_/A2 (sky130_fd_sc_hd__a21o_1)
     2    0.01    0.07    0.24   18.11 v accumulator._1814_/X (sky130_fd_sc_hd__a21o_1)
                                         accumulator._0909_ (net)
                  0.07    0.00   18.11 v accumulator._1821_/A2 (sky130_fd_sc_hd__a21o_1)
     3    0.01    0.06    0.23   18.33 v accumulator._1821_/X (sky130_fd_sc_hd__a21o_1)
                                         accumulator._0916_ (net)
                  0.06    0.00   18.33 v accumulator._1926_/A2 (sky130_fd_sc_hd__a21o_1)
     3    0.01    0.08    0.24   18.57 v accumulator._1926_/X (sky130_fd_sc_hd__a21o_1)
                                         accumulator._1021_ (net)
                  0.08    0.00   18.57 v accumulator._2045_/S (sky130_fd_sc_hd__mux2_4)
     4    0.01    0.07    0.35   18.92 v accumulator._2045_/X (sky130_fd_sc_hd__mux2_4)
                                         accumulator._1140_ (net)
                  0.07    0.00   18.92 v accumulator._2059_/B2 (sky130_fd_sc_hd__a221oi_2)
     1    0.00    0.18    0.24   19.17 ^ accumulator._2059_/Y (sky130_fd_sc_hd__a221oi_2)
                                         accumulator._1155_ (net)
                  0.18    0.00   19.17 ^ accumulator._2060_/A1 (sky130_fd_sc_hd__o21ai_1)
     1    0.00    0.09    0.11   19.28 v accumulator._2060_/Y (sky130_fd_sc_hd__o21ai_1)
                                         accumulator._1156_ (net)
                  0.09    0.00   19.28 v accumulator._2061_/A1 (sky130_fd_sc_hd__a21o_1)
     1    0.00    0.03    0.18   19.46 v accumulator._2061_/X (sky130_fd_sc_hd__a21o_1)
                                         accumulator._1157_ (net)
                  0.03    0.00   19.46 v accumulator._2062_/A1 (sky130_fd_sc_hd__a21o_1)
     1    0.00    0.04    0.16   19.61 v accumulator._2062_/X (sky130_fd_sc_hd__a21o_1)
                                         accumulator._1158_ (net)
                  0.04    0.00   19.61 v accumulator._2063_/A1 (sky130_fd_sc_hd__a21o_1)
     1    0.00    0.03    0.15   19.77 v accumulator._2063_/X (sky130_fd_sc_hd__a21o_1)
                                         accumulator._1159_ (net)
                  0.03    0.00   19.77 v accumulator._2064_/A1 (sky130_fd_sc_hd__a21o_1)
     1    0.00    0.04    0.16   19.92 v accumulator._2064_/X (sky130_fd_sc_hd__a21o_1)
                                         accumulator._1160_ (net)
                  0.04    0.00   19.92 v accumulator._2065_/A1 (sky130_fd_sc_hd__a21oi_1)
     1    0.00    0.13    0.14   20.07 ^ accumulator._2065_/Y (sky130_fd_sc_hd__a21oi_1)
                                         accumulator._1161_ (net)
                  0.13    0.00   20.07 ^ accumulator._2067_/A1 (sky130_fd_sc_hd__o21ai_1)
     1    0.00    0.06    0.09   20.16 v accumulator._2067_/Y (sky130_fd_sc_hd__o21ai_1)
                                         accumulator._1163_ (net)
                  0.06    0.00   20.16 v accumulator._2068_/A1 (sky130_fd_sc_hd__a21o_1)
     1    0.00    0.03    0.16   20.33 v accumulator._2068_/X (sky130_fd_sc_hd__a21o_1)
                                         accumulator._1164_ (net)
                  0.03    0.00   20.33 v accumulator._2069_/A1 (sky130_fd_sc_hd__a21o_1)
     1    0.01    0.04    0.16   20.49 v accumulator._2069_/X (sky130_fd_sc_hd__a21o_1)
                                         accumulator._1165_ (net)
                  0.04    0.00   20.49 v accumulator._2070_/A1 (sky130_fd_sc_hd__a211o_1)
     1    0.01    0.06    0.28   20.77 v accumulator._2070_/X (sky130_fd_sc_hd__a211o_1)
                                         accumulator._1167_ (net)
                  0.06    0.00   20.77 v accumulator._2073_/B2 (sky130_fd_sc_hd__a2bb2o_4)
     4    0.03    0.07    0.26   21.03 v accumulator._2073_/X (sky130_fd_sc_hd__a2bb2o_4)
                                         accumulator._1170_ (net)
                  0.07    0.00   21.03 v clone42/A (sky130_fd_sc_hd__clkbuf_16)
     5    0.02    0.04    0.17   21.20 v clone42/X (sky130_fd_sc_hd__clkbuf_16)
                                         net100 (net)
                  0.04    0.00   21.20 v accumulator._2165_/S (sky130_fd_sc_hd__mux2_1)
     2    0.01    0.08    0.35   21.55 v accumulator._2165_/X (sky130_fd_sc_hd__mux2_1)
                                         accumulator._0120_ (net)
                  0.08    0.00   21.55 v accumulator._2182_/A0 (sky130_fd_sc_hd__mux2_2)
     2    0.01    0.06    0.31   21.85 v accumulator._2182_/X (sky130_fd_sc_hd__mux2_2)
                                         accumulator._0137_ (net)
                  0.06    0.00   21.85 v accumulator._2218_/A0 (sky130_fd_sc_hd__mux2_2)
     2    0.00    0.05    0.28   22.13 v accumulator._2218_/X (sky130_fd_sc_hd__mux2_2)
                                         accumulator._0172_ (net)
                  0.05    0.00   22.13 v accumulator._2219_/A0 (sky130_fd_sc_hd__mux2_1)
     1    0.00    0.06    0.31   22.44 v accumulator._2219_/X (sky130_fd_sc_hd__mux2_1)
                                         accumulator._0173_ (net)
                  0.06    0.00   22.44 v accumulator._2221_/A2 (sky130_fd_sc_hd__a21oi_1)
     1    0.00    0.09    0.14   22.58 ^ accumulator._2221_/Y (sky130_fd_sc_hd__a21oi_1)
                                         accumulator._0016_ (net)
                  0.09    0.00   22.58 ^ accumulator._2371_/D (sky130_fd_sc_hd__dfxtp_1)
                                 22.58   data arrival time

                         25.00   25.00   clock clock (rise edge)
                          0.00   25.00   clock source latency
     1    0.01    0.07    0.05   25.05 ^ clock (in)
                                         clock (net)
                  0.07    0.00   25.05 ^ clkbuf_0_clock/A (sky130_fd_sc_hd__clkbuf_16)
     4    0.03    0.05    0.14   25.19 ^ clkbuf_0_clock/X (sky130_fd_sc_hd__clkbuf_16)
                                         clknet_0_clock (net)
                  0.05    0.00   25.19 ^ clkbuf_2_1__f_clock/A (sky130_fd_sc_hd__clkbuf_16)
     9    0.03    0.05    0.13   25.32 ^ clkbuf_2_1__f_clock/X (sky130_fd_sc_hd__clkbuf_16)
                                         clknet_2_1__leaf_clock (net)
                  0.05    0.00   25.32 ^ accumulator._2371_/CLK (sky130_fd_sc_hd__dfxtp_1)
                         -0.25   25.07   clock uncertainty
                          0.00   25.07   clock reconvergence pessimism
                         -0.06   25.00   library setup time
                                 25.00   data required time
-----------------------------------------------------------------------------
                                 25.00   data required time
                                -22.58   data arrival time
-----------------------------------------------------------------------------
                                  2.42   slack (MET)


Startpoint: io_inScaleA[7] (input port clocked by clock)
Endpoint: accumulator._2358_ (rising edge-triggered flip-flop clocked by clock)
Path Group: clock
Path Type: max

Fanout     Cap    Slew   Delay    Time   Description
-----------------------------------------------------------------------------
                          0.00    0.00   clock clock (rise edge)
                          0.00    0.00   clock network delay (propagated)
                          5.00    5.00 v input external delay
     1    0.01    0.01    0.01    5.01 v io_inScaleA[7] (in)
                                         io_inScaleA[7] (net)
                  0.01    0.00    5.01 v input16/A (sky130_fd_sc_hd__clkbuf_2)
     5    0.02    0.07    0.13    5.14 v input16/X (sky130_fd_sc_hd__clkbuf_2)
                                         net16 (net)
                  0.07    0.00    5.14 v scaleAdd._280_/A1 (sky130_fd_sc_hd__o31a_1)
     3    0.01    0.07    0.34    5.48 v scaleAdd._280_/X (sky130_fd_sc_hd__o31a_1)
                                         scaleAdd._222_ (net)
                  0.07    0.00    5.48 v scaleAdd._282_/A2 (sky130_fd_sc_hd__a21o_1)
     3    0.01    0.08    0.24    5.72 v scaleAdd._282_/X (sky130_fd_sc_hd__a21o_1)
                                         scaleAdd._224_ (net)
                  0.08    0.00    5.72 v scaleAdd._284_/A1 (sky130_fd_sc_hd__a21oi_4)
     3    0.02    0.16    0.19    5.91 ^ scaleAdd._284_/Y (sky130_fd_sc_hd__a21oi_4)
                                         scaleAdd._226_ (net)
                  0.16    0.00    5.91 ^ scaleAdd._287_/A (sky130_fd_sc_hd__xnor2_2)
     1    0.01    0.19    0.16    6.08 ^ scaleAdd._287_/Y (sky130_fd_sc_hd__xnor2_2)
                                         scaleAdd._229_ (net)
                  0.19    0.00    6.08 ^ scaleAdd._288_/A (sky130_fd_sc_hd__xnor2_2)
     3    0.02    0.10    0.14    6.22 v scaleAdd._288_/Y (sky130_fd_sc_hd__xnor2_2)
                                         scaleAdd._230_ (net)
                  0.10    0.00    6.22 v scaleAdd._346_/A2 (sky130_fd_sc_hd__a21o_1)
     1    0.01    0.05    0.22    6.44 v scaleAdd._346_/X (sky130_fd_sc_hd__a21o_1)
                                         scaleAdd._052_ (net)
                  0.05    0.00    6.44 v scaleAdd._348_/A2 (sky130_fd_sc_hd__a21o_4)
     2    0.03    0.06    0.26    6.70 v scaleAdd._348_/X (sky130_fd_sc_hd__a21o_4)
                                         scaleAdd._054_ (net)
                  0.06    0.00    6.70 v scaleAdd._349_/A (sky130_fd_sc_hd__xor2_4)
     5    0.01    0.08    0.20    6.90 v scaleAdd._349_/X (sky130_fd_sc_hd__xor2_4)
                                         scaleAdd._055_ (net)
                  0.08    0.00    6.90 v scaleAdd._351_/A1 (sky130_fd_sc_hd__a21o_1)
     2    0.01    0.05    0.19    7.09 v scaleAdd._351_/X (sky130_fd_sc_hd__a21o_1)
                                         scaleAdd._057_ (net)
                  0.05    0.00    7.09 v scaleAdd._353_/A (sky130_fd_sc_hd__and3_1)
     3    0.01    0.06    0.17    7.26 v scaleAdd._353_/X (sky130_fd_sc_hd__and3_1)
                                         scaleAdd._059_ (net)
                  0.06    0.00    7.26 v scaleAdd._355_/B (sky130_fd_sc_hd__or3_4)
     3    0.01    0.07    0.39    7.66 v scaleAdd._355_/X (sky130_fd_sc_hd__or3_4)
                                         scaleAdd._061_ (net)
                  0.07    0.00    7.66 v scaleAdd._359_/A1 (sky130_fd_sc_hd__a21o_1)
     2    0.01    0.05    0.18    7.84 v scaleAdd._359_/X (sky130_fd_sc_hd__a21o_1)
                                         scaleAdd._065_ (net)
                  0.05    0.00    7.84 v scaleAdd._383_/A2 (sky130_fd_sc_hd__a21o_1)
     2    0.01    0.04    0.19    8.03 v scaleAdd._383_/X (sky130_fd_sc_hd__a21o_1)
                                         scaleAdd._088_ (net)
                  0.04    0.00    8.03 v scaleAdd._399_/A1 (sky130_fd_sc_hd__a21o_1)
     2    0.01    0.07    0.19    8.22 v scaleAdd._399_/X (sky130_fd_sc_hd__a21o_1)
                                         scaleAdd._103_ (net)
                  0.07    0.00    8.22 v scaleAdd._417_/A1 (sky130_fd_sc_hd__a21bo_1)
     2    0.01    0.05    0.19    8.42 v scaleAdd._417_/X (sky130_fd_sc_hd__a21bo_1)
                                         scaleAdd._120_ (net)
                  0.05    0.00    8.42 v scaleAdd._432_/A1 (sky130_fd_sc_hd__a21o_1)
     2    0.01    0.05    0.18    8.60 v scaleAdd._432_/X (sky130_fd_sc_hd__a21o_1)
                                         scaleAdd._134_ (net)
                  0.05    0.00    8.60 v scaleAdd._444_/A1 (sky130_fd_sc_hd__a21o_1)
     2    0.01    0.05    0.18    8.78 v scaleAdd._444_/X (sky130_fd_sc_hd__a21o_1)
                                         scaleAdd._145_ (net)
                  0.05    0.00    8.78 v scaleAdd._447_/A1 (sky130_fd_sc_hd__a21o_1)
     2    0.00    0.04    0.17    8.95 v scaleAdd._447_/X (sky130_fd_sc_hd__a21o_1)
                                         scaleAdd._147_ (net)
                  0.04    0.00    8.95 v rebuffer19/A (sky130_fd_sc_hd__clkbuf_2)
     1    0.01    0.05    0.12    9.07 v rebuffer19/X (sky130_fd_sc_hd__clkbuf_2)
                                         net77 (net)
                  0.05    0.00    9.07 v scaleAdd._448_/A (sky130_fd_sc_hd__xor2_2)
     4    0.01    0.08    0.20    9.27 v scaleAdd._448_/X (sky130_fd_sc_hd__xor2_2)
                                         accumulator.io_inMant[14] (net)
                  0.08    0.00    9.27 v accumulator._1181_/A (sky130_fd_sc_hd__or4_4)
     1    0.01    0.09    0.58    9.85 v accumulator._1181_/X (sky130_fd_sc_hd__or4_4)
                                         accumulator._0045_ (net)
                  0.09    0.00    9.85 v accumulator._1182_/A (sky130_fd_sc_hd__buf_8)
     8    0.02    0.03    0.15   10.00 v accumulator._1182_/X (sky130_fd_sc_hd__buf_8)
                                         accumulator._0055_ (net)
                  0.03    0.00   10.00 v accumulator._1200_/A_N (sky130_fd_sc_hd__and2b_1)
     3    0.01    0.08    0.22   10.22 ^ accumulator._1200_/X (sky130_fd_sc_hd__and2b_1)
                                         accumulator._0232_ (net)
                  0.08    0.00   10.22 ^ accumulator._1201_/B1_N (sky130_fd_sc_hd__o21ba_4)
     3    0.01    0.04    0.17   10.39 v accumulator._1201_/X (sky130_fd_sc_hd__o21ba_4)
                                         accumulator._0241_ (net)
                  0.04    0.00   10.39 v accumulator._1202_/A (sky130_fd_sc_hd__and2_4)
     3    0.01    0.03    0.14   10.53 v accumulator._1202_/X (sky130_fd_sc_hd__and2_4)
                                         accumulator._0251_ (net)
                  0.03    0.00   10.53 v accumulator._1204_/B (sky130_fd_sc_hd__or2_4)
     3    0.01    0.05    0.24   10.78 v accumulator._1204_/X (sky130_fd_sc_hd__or2_4)
                                         accumulator._0271_ (net)
                  0.05    0.00   10.78 v accumulator._1205_/A (sky130_fd_sc_hd__inv_2)
     3    0.01    0.05    0.07   10.85 ^ accumulator._1205_/Y (sky130_fd_sc_hd__inv_2)
                                         accumulator._0281_ (net)
                  0.05    0.00   10.85 ^ accumulator._1218_/A1 (sky130_fd_sc_hd__a311o_1)
     3    0.01    0.12    0.21   11.06 ^ accumulator._1218_/X (sky130_fd_sc_hd__a311o_1)
                                         accumulator._0315_ (net)
                  0.12    0.00   11.06 ^ rebuffer25/A (sky130_fd_sc_hd__clkbuf_1)
     1    0.00    0.06    0.12   11.18 ^ rebuffer25/X (sky130_fd_sc_hd__clkbuf_1)
                                         net83 (net)
                  0.06    0.00   11.18 ^ rebuffer10/A (sky130_fd_sc_hd__clkbuf_2)
     1    0.00    0.03    0.10   11.28 ^ rebuffer10/X (sky130_fd_sc_hd__clkbuf_2)
                                         net68 (net)
                  0.03    0.00   11.28 ^ rebuffer8/A (sky130_fd_sc_hd__clkbuf_1)
     1    0.01    0.07    0.10   11.37 ^ rebuffer8/X (sky130_fd_sc_hd__clkbuf_1)
                                         net66 (net)
                  0.07    0.00   11.37 ^ accumulator._1219_/A (sky130_fd_sc_hd__nand3_2)
     2    0.01    0.08    0.07   11.45 v accumulator._1219_/Y (sky130_fd_sc_hd__nand3_2)
                                         accumulator._0316_ (net)
                  0.08    0.00   11.45 v accumulator._1228_/A2 (sky130_fd_sc_hd__a211o_1)
     2    0.01    0.07    0.34   11.79 v accumulator._1228_/X (sky130_fd_sc_hd__a211o_1)
                                         accumulator._0325_ (net)
                  0.07    0.00   11.79 v accumulator._1242_/A2 (sky130_fd_sc_hd__o22a_1)
     3    0.01    0.07    0.24   12.03 v accumulator._1242_/X (sky130_fd_sc_hd__o22a_1)
                                         accumulator._0339_ (net)
                  0.07    0.00   12.03 v accumulator._1243_/A (sky130_fd_sc_hd__buf_4)
    10    0.03    0.06    0.19   12.22 v accumulator._1243_/X (sky130_fd_sc_hd__buf_4)
                                         accumulator._0340_ (net)
                  0.06    0.00   12.22 v accumulator._1249_/B1 (sky130_fd_sc_hd__a21o_4)
     3    0.02    0.06    0.22   12.44 v accumulator._1249_/X (sky130_fd_sc_hd__a21o_4)
                                         accumulator._0346_ (net)
                  0.06    0.00   12.44 v accumulator._1250_/B (sky130_fd_sc_hd__xor2_4)
     3    0.03    0.10    0.19   12.64 v accumulator._1250_/X (sky130_fd_sc_hd__xor2_4)
                                         accumulator._0347_ (net)
                  0.10    0.00   12.64 v accumulator._1259_/A2 (sky130_fd_sc_hd__a21o_4)
     2    0.02    0.05    0.27   12.91 v accumulator._1259_/X (sky130_fd_sc_hd__a21o_4)
                                         accumulator._0356_ (net)
                  0.05    0.00   12.91 v accumulator._1264_/A2 (sky130_fd_sc_hd__a21o_1)
     2    0.01    0.04    0.20   13.10 v accumulator._1264_/X (sky130_fd_sc_hd__a21o_1)
                                         accumulator._0361_ (net)
                  0.04    0.00   13.10 v accumulator._1266_/A1 (sky130_fd_sc_hd__a21o_1)
     2    0.01    0.04    0.17   13.28 v accumulator._1266_/X (sky130_fd_sc_hd__a21o_1)
                                         accumulator._0363_ (net)
                  0.04    0.00   13.28 v accumulator._1272_/A1 (sky130_fd_sc_hd__a21o_1)
     2    0.02    0.10    0.23   13.50 v accumulator._1272_/X (sky130_fd_sc_hd__a21o_1)
                                         accumulator._0369_ (net)
                  0.10    0.00   13.50 v accumulator._1278_/A1 (sky130_fd_sc_hd__a21oi_4)
     3    0.02    0.17    0.21   13.71 ^ accumulator._1278_/Y (sky130_fd_sc_hd__a21oi_4)
                                         accumulator._0375_ (net)
                  0.17    0.00   13.71 ^ rebuffer21/A (sky130_fd_sc_hd__buf_6)
     2    0.02    0.05    0.15   13.86 ^ rebuffer21/X (sky130_fd_sc_hd__buf_6)
                                         net79 (net)
                  0.05    0.00   13.86 ^ accumulator._1289_/B (sky130_fd_sc_hd__xnor2_4)
     9    0.03    0.26    0.16   14.02 ^ accumulator._1289_/Y (sky130_fd_sc_hd__xnor2_4)
                                         accumulator._0386_ (net)
                  0.26    0.00   14.02 ^ accumulator._1330_/S (sky130_fd_sc_hd__mux2_4)
     6    0.02    0.07    0.38   14.40 v accumulator._1330_/X (sky130_fd_sc_hd__mux2_4)
                                         accumulator._0425_ (net)
                  0.07    0.00   14.40 v clone38/A (sky130_fd_sc_hd__buf_4)
     5    0.02    0.04    0.17   14.57 v clone38/X (sky130_fd_sc_hd__buf_4)
                                         net96 (net)
                  0.04    0.00   14.57 v accumulator._1526_/A1 (sky130_fd_sc_hd__a21o_1)
     2    0.01    0.05    0.18   14.75 v accumulator._1526_/X (sky130_fd_sc_hd__a21o_1)
                                         accumulator._0621_ (net)
                  0.05    0.00   14.75 v accumulator._1527_/A2 (sky130_fd_sc_hd__a21o_1)
     2    0.00    0.04    0.19   14.94 v accumulator._1527_/X (sky130_fd_sc_hd__a21o_1)
                                         accumulator._0622_ (net)
                  0.04    0.00   14.94 v accumulator._1528_/C (sky130_fd_sc_hd__and3_1)
     2    0.01    0.07    0.22   15.16 v accumulator._1528_/X (sky130_fd_sc_hd__and3_1)
                                         accumulator._0623_ (net)
                  0.07    0.00   15.16 v accumulator._1644_/A2 (sky130_fd_sc_hd__o311ai_4)
     3    0.01    0.29    0.34   15.50 ^ accumulator._1644_/Y (sky130_fd_sc_hd__o311ai_4)
                                         accumulator._0739_ (net)
                  0.29    0.00   15.50 ^ accumulator._1716_/A (sky130_fd_sc_hd__nand3_2)
     2    0.01    0.10    0.12   15.62 v accumulator._1716_/Y (sky130_fd_sc_hd__nand3_2)
                                         accumulator._0811_ (net)
                  0.10    0.00   15.62 v accumulator._1736_/A1 (sky130_fd_sc_hd__a2111o_4)
     5    0.02    0.09    0.52   16.14 v accumulator._1736_/X (sky130_fd_sc_hd__a2111o_4)
                                         accumulator._0831_ (net)
                  0.09    0.00   16.15 v accumulator._1738_/A1 (sky130_fd_sc_hd__a21o_1)
     3    0.01    0.06    0.21   16.35 v accumulator._1738_/X (sky130_fd_sc_hd__a21o_1)
                                         accumulator._0833_ (net)
                  0.06    0.00   16.35 v accumulator._1744_/A1 (sky130_fd_sc_hd__a2111o_1)
     3    0.01    0.10    0.43   16.78 v accumulator._1744_/X (sky130_fd_sc_hd__a2111o_1)
                                         accumulator._0839_ (net)
                  0.10    0.00   16.78 v accumulator._1748_/A1 (sky130_fd_sc_hd__a2111o_1)
     2    0.01    0.07    0.41   17.20 v accumulator._1748_/X (sky130_fd_sc_hd__a2111o_1)
                                         accumulator._0843_ (net)
                  0.07    0.00   17.20 v accumulator._1751_/A1 (sky130_fd_sc_hd__a21o_1)
     2    0.01    0.06    0.20   17.39 v accumulator._1751_/X (sky130_fd_sc_hd__a21o_1)
                                         accumulator._0846_ (net)
                  0.06    0.00   17.39 v accumulator._1773_/A1 (sky130_fd_sc_hd__a21o_1)
     2    0.01    0.05    0.18   17.57 v accumulator._1773_/X (sky130_fd_sc_hd__a21o_1)
                                         accumulator._0868_ (net)
                  0.05    0.00   17.57 v accumulator._1798_/A1 (sky130_fd_sc_hd__a311o_1)
     2    0.01    0.08    0.30   17.87 v accumulator._1798_/X (sky130_fd_sc_hd__a311o_1)
                                         accumulator._0893_ (net)
                  0.08    0.00   17.87 v accumulator._1814_/A2 (sky130_fd_sc_hd__a21o_1)
     2    0.01    0.07    0.24   18.11 v accumulator._1814_/X (sky130_fd_sc_hd__a21o_1)
                                         accumulator._0909_ (net)
                  0.07    0.00   18.11 v accumulator._1821_/A2 (sky130_fd_sc_hd__a21o_1)
     3    0.01    0.06    0.23   18.33 v accumulator._1821_/X (sky130_fd_sc_hd__a21o_1)
                                         accumulator._0916_ (net)
                  0.06    0.00   18.33 v accumulator._1926_/A2 (sky130_fd_sc_hd__a21o_1)
     3    0.01    0.08    0.24   18.57 v accumulator._1926_/X (sky130_fd_sc_hd__a21o_1)
                                         accumulator._1021_ (net)
                  0.08    0.00   18.57 v accumulator._2045_/S (sky130_fd_sc_hd__mux2_4)
     4    0.01    0.07    0.35   18.92 v accumulator._2045_/X (sky130_fd_sc_hd__mux2_4)
                                         accumulator._1140_ (net)
                  0.07    0.00   18.92 v accumulator._2059_/B2 (sky130_fd_sc_hd__a221oi_2)
     1    0.00    0.18    0.24   19.17 ^ accumulator._2059_/Y (sky130_fd_sc_hd__a221oi_2)
                                         accumulator._1155_ (net)
                  0.18    0.00   19.17 ^ accumulator._2060_/A1 (sky130_fd_sc_hd__o21ai_1)
     1    0.00    0.09    0.11   19.28 v accumulator._2060_/Y (sky130_fd_sc_hd__o21ai_1)
                                         accumulator._1156_ (net)
                  0.09    0.00   19.28 v accumulator._2061_/A1 (sky130_fd_sc_hd__a21o_1)
     1    0.00    0.03    0.18   19.46 v accumulator._2061_/X (sky130_fd_sc_hd__a21o_1)
                                         accumulator._1157_ (net)
                  0.03    0.00   19.46 v accumulator._2062_/A1 (sky130_fd_sc_hd__a21o_1)
     1    0.00    0.04    0.16   19.61 v accumulator._2062_/X (sky130_fd_sc_hd__a21o_1)
                                         accumulator._1158_ (net)
                  0.04    0.00   19.61 v accumulator._2063_/A1 (sky130_fd_sc_hd__a21o_1)
     1    0.00    0.03    0.15   19.77 v accumulator._2063_/X (sky130_fd_sc_hd__a21o_1)
                                         accumulator._1159_ (net)
                  0.03    0.00   19.77 v accumulator._2064_/A1 (sky130_fd_sc_hd__a21o_1)
     1    0.00    0.04    0.16   19.92 v accumulator._2064_/X (sky130_fd_sc_hd__a21o_1)
                                         accumulator._1160_ (net)
                  0.04    0.00   19.92 v accumulator._2065_/A1 (sky130_fd_sc_hd__a21oi_1)
     1    0.00    0.13    0.14   20.07 ^ accumulator._2065_/Y (sky130_fd_sc_hd__a21oi_1)
                                         accumulator._1161_ (net)
                  0.13    0.00   20.07 ^ accumulator._2067_/A1 (sky130_fd_sc_hd__o21ai_1)
     1    0.00    0.06    0.09   20.16 v accumulator._2067_/Y (sky130_fd_sc_hd__o21ai_1)
                                         accumulator._1163_ (net)
                  0.06    0.00   20.16 v accumulator._2068_/A1 (sky130_fd_sc_hd__a21o_1)
     1    0.00    0.03    0.16   20.33 v accumulator._2068_/X (sky130_fd_sc_hd__a21o_1)
                                         accumulator._1164_ (net)
                  0.03    0.00   20.33 v accumulator._2069_/A1 (sky130_fd_sc_hd__a21o_1)
     1    0.01    0.04    0.16   20.49 v accumulator._2069_/X (sky130_fd_sc_hd__a21o_1)
                                         accumulator._1165_ (net)
                  0.04    0.00   20.49 v accumulator._2070_/A1 (sky130_fd_sc_hd__a211o_1)
     1    0.01    0.06    0.28   20.77 v accumulator._2070_/X (sky130_fd_sc_hd__a211o_1)
                                         accumulator._1167_ (net)
                  0.06    0.00   20.77 v accumulator._2073_/B2 (sky130_fd_sc_hd__a2bb2o_4)
     4    0.03    0.07    0.26   21.03 v accumulator._2073_/X (sky130_fd_sc_hd__a2bb2o_4)
                                         accumulator._1170_ (net)
                  0.07    0.00   21.03 v accumulator._2074_/A (sky130_fd_sc_hd__buf_8)
     6    0.04    0.04    0.15   21.18 v accumulator._2074_/X (sky130_fd_sc_hd__buf_8)
                                         accumulator._1171_ (net)
                  0.04    0.00   21.19 v accumulator._2098_/S (sky130_fd_sc_hd__mux2_2)
     2    0.01    0.07    0.30   21.49 v accumulator._2098_/X (sky130_fd_sc_hd__mux2_2)
                                         accumulator._0053_ (net)
                  0.07    0.00   21.49 v accumulator._2100_/A0 (sky130_fd_sc_hd__mux2_4)
     2    0.01    0.05    0.29   21.78 v accumulator._2100_/X (sky130_fd_sc_hd__mux2_4)
                                         accumulator._0056_ (net)
                  0.05    0.00   21.78 v accumulator._2105_/A0 (sky130_fd_sc_hd__mux2_1)
     3    0.01    0.08    0.33   22.11 v accumulator._2105_/X (sky130_fd_sc_hd__mux2_1)
                                         accumulator._0061_ (net)
                  0.08    0.00   22.11 v accumulator._2107_/A1_N (sky130_fd_sc_hd__a2bb2o_1)
     1    0.00    0.04    0.27   22.38 ^ accumulator._2107_/X (sky130_fd_sc_hd__a2bb2o_1)
                                         accumulator._0063_ (net)
                  0.04    0.00   22.38 ^ accumulator._2108_/B (sky130_fd_sc_hd__and2_1)
     1    0.00    0.06    0.13   22.50 ^ accumulator._2108_/X (sky130_fd_sc_hd__and2_1)
                                         accumulator._0064_ (net)
                  0.06    0.00   22.50 ^ accumulator._2109_/A (sky130_fd_sc_hd__clkbuf_1)
     1    0.00    0.04    0.09   22.59 ^ accumulator._2109_/X (sky130_fd_sc_hd__clkbuf_1)
                                         accumulator._0003_ (net)
                  0.04    0.00   22.59 ^ accumulator._2358_/D (sky130_fd_sc_hd__dfxtp_1)
                                 22.59   data arrival time

                         25.00   25.00   clock clock (rise edge)
                          0.00   25.00   clock source latency
     1    0.01    0.07    0.05   25.05 ^ clock (in)
                                         clock (net)
                  0.07    0.00   25.05 ^ clkbuf_0_clock/A (sky130_fd_sc_hd__clkbuf_16)
     4    0.03    0.05    0.14   25.19 ^ clkbuf_0_clock/X (sky130_fd_sc_hd__clkbuf_16)
                                         clknet_0_clock (net)
                  0.05    0.00   25.19 ^ clkbuf_2_2__f_clock/A (sky130_fd_sc_hd__clkbuf_16)
     7    0.03    0.05    0.13   25.31 ^ clkbuf_2_2__f_clock/X (sky130_fd_sc_hd__clkbuf_16)
                                         clknet_2_2__leaf_clock (net)
                  0.05    0.00   25.32 ^ accumulator._2358_/CLK (sky130_fd_sc_hd__dfxtp_1)
                         -0.25   25.07   clock uncertainty
                          0.00   25.07   clock reconvergence pessimism
                         -0.05   25.01   library setup time
                                 25.01   data required time
-----------------------------------------------------------------------------
                                 25.01   data required time
                                -22.59   data arrival time
-----------------------------------------------------------------------------
                                  2.42   slack (MET)


Startpoint: io_inScaleA[7] (input port clocked by clock)
Endpoint: accumulator._2367_ (rising edge-triggered flip-flop clocked by clock)
Path Group: clock
Path Type: max

Fanout     Cap    Slew   Delay    Time   Description
-----------------------------------------------------------------------------
                          0.00    0.00   clock clock (rise edge)
                          0.00    0.00   clock network delay (propagated)
                          5.00    5.00 v input external delay
     1    0.01    0.01    0.01    5.01 v io_inScaleA[7] (in)
                                         io_inScaleA[7] (net)
                  0.01    0.00    5.01 v input16/A (sky130_fd_sc_hd__clkbuf_2)
     5    0.02    0.07    0.13    5.14 v input16/X (sky130_fd_sc_hd__clkbuf_2)
                                         net16 (net)
                  0.07    0.00    5.14 v scaleAdd._280_/A1 (sky130_fd_sc_hd__o31a_1)
     3    0.01    0.07    0.34    5.48 v scaleAdd._280_/X (sky130_fd_sc_hd__o31a_1)
                                         scaleAdd._222_ (net)
                  0.07    0.00    5.48 v scaleAdd._282_/A2 (sky130_fd_sc_hd__a21o_1)
     3    0.01    0.08    0.24    5.72 v scaleAdd._282_/X (sky130_fd_sc_hd__a21o_1)
                                         scaleAdd._224_ (net)
                  0.08    0.00    5.72 v scaleAdd._284_/A1 (sky130_fd_sc_hd__a21oi_4)
     3    0.02    0.16    0.19    5.91 ^ scaleAdd._284_/Y (sky130_fd_sc_hd__a21oi_4)
                                         scaleAdd._226_ (net)
                  0.16    0.00    5.91 ^ scaleAdd._287_/A (sky130_fd_sc_hd__xnor2_2)
     1    0.01    0.19    0.16    6.08 ^ scaleAdd._287_/Y (sky130_fd_sc_hd__xnor2_2)
                                         scaleAdd._229_ (net)
                  0.19    0.00    6.08 ^ scaleAdd._288_/A (sky130_fd_sc_hd__xnor2_2)
     3    0.02    0.10    0.14    6.22 v scaleAdd._288_/Y (sky130_fd_sc_hd__xnor2_2)
                                         scaleAdd._230_ (net)
                  0.10    0.00    6.22 v scaleAdd._346_/A2 (sky130_fd_sc_hd__a21o_1)
     1    0.01    0.05    0.22    6.44 v scaleAdd._346_/X (sky130_fd_sc_hd__a21o_1)
                                         scaleAdd._052_ (net)
                  0.05    0.00    6.44 v scaleAdd._348_/A2 (sky130_fd_sc_hd__a21o_4)
     2    0.03    0.06    0.26    6.70 v scaleAdd._348_/X (sky130_fd_sc_hd__a21o_4)
                                         scaleAdd._054_ (net)
                  0.06    0.00    6.70 v scaleAdd._349_/A (sky130_fd_sc_hd__xor2_4)
     5    0.01    0.08    0.20    6.90 v scaleAdd._349_/X (sky130_fd_sc_hd__xor2_4)
                                         scaleAdd._055_ (net)
                  0.08    0.00    6.90 v scaleAdd._351_/A1 (sky130_fd_sc_hd__a21o_1)
     2    0.01    0.05    0.19    7.09 v scaleAdd._351_/X (sky130_fd_sc_hd__a21o_1)
                                         scaleAdd._057_ (net)
                  0.05    0.00    7.09 v scaleAdd._353_/A (sky130_fd_sc_hd__and3_1)
     3    0.01    0.06    0.17    7.26 v scaleAdd._353_/X (sky130_fd_sc_hd__and3_1)
                                         scaleAdd._059_ (net)
                  0.06    0.00    7.26 v scaleAdd._355_/B (sky130_fd_sc_hd__or3_4)
     3    0.01    0.07    0.39    7.66 v scaleAdd._355_/X (sky130_fd_sc_hd__or3_4)
                                         scaleAdd._061_ (net)
                  0.07    0.00    7.66 v scaleAdd._359_/A1 (sky130_fd_sc_hd__a21o_1)
     2    0.01    0.05    0.18    7.84 v scaleAdd._359_/X (sky130_fd_sc_hd__a21o_1)
                                         scaleAdd._065_ (net)
                  0.05    0.00    7.84 v scaleAdd._383_/A2 (sky130_fd_sc_hd__a21o_1)
     2    0.01    0.04    0.19    8.03 v scaleAdd._383_/X (sky130_fd_sc_hd__a21o_1)
                                         scaleAdd._088_ (net)
                  0.04    0.00    8.03 v scaleAdd._399_/A1 (sky130_fd_sc_hd__a21o_1)
     2    0.01    0.07    0.19    8.22 v scaleAdd._399_/X (sky130_fd_sc_hd__a21o_1)
                                         scaleAdd._103_ (net)
                  0.07    0.00    8.22 v scaleAdd._417_/A1 (sky130_fd_sc_hd__a21bo_1)
     2    0.01    0.05    0.19    8.42 v scaleAdd._417_/X (sky130_fd_sc_hd__a21bo_1)
                                         scaleAdd._120_ (net)
                  0.05    0.00    8.42 v scaleAdd._432_/A1 (sky130_fd_sc_hd__a21o_1)
     2    0.01    0.05    0.18    8.60 v scaleAdd._432_/X (sky130_fd_sc_hd__a21o_1)
                                         scaleAdd._134_ (net)
                  0.05    0.00    8.60 v scaleAdd._444_/A1 (sky130_fd_sc_hd__a21o_1)
     2    0.01    0.05    0.18    8.78 v scaleAdd._444_/X (sky130_fd_sc_hd__a21o_1)
                                         scaleAdd._145_ (net)
                  0.05    0.00    8.78 v scaleAdd._447_/A1 (sky130_fd_sc_hd__a21o_1)
     2    0.00    0.04    0.17    8.95 v scaleAdd._447_/X (sky130_fd_sc_hd__a21o_1)
                                         scaleAdd._147_ (net)
                  0.04    0.00    8.95 v rebuffer19/A (sky130_fd_sc_hd__clkbuf_2)
     1    0.01    0.05    0.12    9.07 v rebuffer19/X (sky130_fd_sc_hd__clkbuf_2)
                                         net77 (net)
                  0.05    0.00    9.07 v scaleAdd._448_/A (sky130_fd_sc_hd__xor2_2)
     4    0.01    0.08    0.20    9.27 v scaleAdd._448_/X (sky130_fd_sc_hd__xor2_2)
                                         accumulator.io_inMant[14] (net)
                  0.08    0.00    9.27 v accumulator._1181_/A (sky130_fd_sc_hd__or4_4)
     1    0.01    0.09    0.58    9.85 v accumulator._1181_/X (sky130_fd_sc_hd__or4_4)
                                         accumulator._0045_ (net)
                  0.09    0.00    9.85 v accumulator._1182_/A (sky130_fd_sc_hd__buf_8)
     8    0.02    0.03    0.15   10.00 v accumulator._1182_/X (sky130_fd_sc_hd__buf_8)
                                         accumulator._0055_ (net)
                  0.03    0.00   10.00 v accumulator._1200_/A_N (sky130_fd_sc_hd__and2b_1)
     3    0.01    0.08    0.22   10.22 ^ accumulator._1200_/X (sky130_fd_sc_hd__and2b_1)
                                         accumulator._0232_ (net)
                  0.08    0.00   10.22 ^ accumulator._1201_/B1_N (sky130_fd_sc_hd__o21ba_4)
     3    0.01    0.04    0.17   10.39 v accumulator._1201_/X (sky130_fd_sc_hd__o21ba_4)
                                         accumulator._0241_ (net)
                  0.04    0.00   10.39 v accumulator._1202_/A (sky130_fd_sc_hd__and2_4)
     3    0.01    0.03    0.14   10.53 v accumulator._1202_/X (sky130_fd_sc_hd__and2_4)
                                         accumulator._0251_ (net)
                  0.03    0.00   10.53 v accumulator._1204_/B (sky130_fd_sc_hd__or2_4)
     3    0.01    0.05    0.24   10.78 v accumulator._1204_/X (sky130_fd_sc_hd__or2_4)
                                         accumulator._0271_ (net)
                  0.05    0.00   10.78 v accumulator._1205_/A (sky130_fd_sc_hd__inv_2)
     3    0.01    0.05    0.07   10.85 ^ accumulator._1205_/Y (sky130_fd_sc_hd__inv_2)
                                         accumulator._0281_ (net)
                  0.05    0.00   10.85 ^ accumulator._1218_/A1 (sky130_fd_sc_hd__a311o_1)
     3    0.01    0.12    0.21   11.06 ^ accumulator._1218_/X (sky130_fd_sc_hd__a311o_1)
                                         accumulator._0315_ (net)
                  0.12    0.00   11.06 ^ rebuffer25/A (sky130_fd_sc_hd__clkbuf_1)
     1    0.00    0.06    0.12   11.18 ^ rebuffer25/X (sky130_fd_sc_hd__clkbuf_1)
                                         net83 (net)
                  0.06    0.00   11.18 ^ rebuffer10/A (sky130_fd_sc_hd__clkbuf_2)
     1    0.00    0.03    0.10   11.28 ^ rebuffer10/X (sky130_fd_sc_hd__clkbuf_2)
                                         net68 (net)
                  0.03    0.00   11.28 ^ rebuffer8/A (sky130_fd_sc_hd__clkbuf_1)
     1    0.01    0.07    0.10   11.37 ^ rebuffer8/X (sky130_fd_sc_hd__clkbuf_1)
                                         net66 (net)
                  0.07    0.00   11.37 ^ accumulator._1219_/A (sky130_fd_sc_hd__nand3_2)
     2    0.01    0.08    0.07   11.45 v accumulator._1219_/Y (sky130_fd_sc_hd__nand3_2)
                                         accumulator._0316_ (net)
                  0.08    0.00   11.45 v accumulator._1228_/A2 (sky130_fd_sc_hd__a211o_1)
     2    0.01    0.07    0.34   11.79 v accumulator._1228_/X (sky130_fd_sc_hd__a211o_1)
                                         accumulator._0325_ (net)
                  0.07    0.00   11.79 v accumulator._1242_/A2 (sky130_fd_sc_hd__o22a_1)
     3    0.01    0.07    0.24   12.03 v accumulator._1242_/X (sky130_fd_sc_hd__o22a_1)
                                         accumulator._0339_ (net)
                  0.07    0.00   12.03 v accumulator._1243_/A (sky130_fd_sc_hd__buf_4)
    10    0.03    0.06    0.19   12.22 v accumulator._1243_/X (sky130_fd_sc_hd__buf_4)
                                         accumulator._0340_ (net)
                  0.06    0.00   12.22 v accumulator._1249_/B1 (sky130_fd_sc_hd__a21o_4)
     3    0.02    0.06    0.22   12.44 v accumulator._1249_/X (sky130_fd_sc_hd__a21o_4)
                                         accumulator._0346_ (net)
                  0.06    0.00   12.44 v accumulator._1250_/B (sky130_fd_sc_hd__xor2_4)
     3    0.03    0.10    0.19   12.64 v accumulator._1250_/X (sky130_fd_sc_hd__xor2_4)
                                         accumulator._0347_ (net)
                  0.10    0.00   12.64 v accumulator._1259_/A2 (sky130_fd_sc_hd__a21o_4)
     2    0.02    0.05    0.27   12.91 v accumulator._1259_/X (sky130_fd_sc_hd__a21o_4)
                                         accumulator._0356_ (net)
                  0.05    0.00   12.91 v accumulator._1264_/A2 (sky130_fd_sc_hd__a21o_1)
     2    0.01    0.04    0.20   13.10 v accumulator._1264_/X (sky130_fd_sc_hd__a21o_1)
                                         accumulator._0361_ (net)
                  0.04    0.00   13.10 v accumulator._1266_/A1 (sky130_fd_sc_hd__a21o_1)
     2    0.01    0.04    0.17   13.28 v accumulator._1266_/X (sky130_fd_sc_hd__a21o_1)
                                         accumulator._0363_ (net)
                  0.04    0.00   13.28 v accumulator._1272_/A1 (sky130_fd_sc_hd__a21o_1)
     2    0.02    0.10    0.23   13.50 v accumulator._1272_/X (sky130_fd_sc_hd__a21o_1)
                                         accumulator._0369_ (net)
                  0.10    0.00   13.50 v accumulator._1278_/A1 (sky130_fd_sc_hd__a21oi_4)
     3    0.02    0.17    0.21   13.71 ^ accumulator._1278_/Y (sky130_fd_sc_hd__a21oi_4)
                                         accumulator._0375_ (net)
                  0.17    0.00   13.71 ^ rebuffer21/A (sky130_fd_sc_hd__buf_6)
     2    0.02    0.05    0.15   13.86 ^ rebuffer21/X (sky130_fd_sc_hd__buf_6)
                                         net79 (net)
                  0.05    0.00   13.86 ^ accumulator._1289_/B (sky130_fd_sc_hd__xnor2_4)
     9    0.03    0.26    0.16   14.02 ^ accumulator._1289_/Y (sky130_fd_sc_hd__xnor2_4)
                                         accumulator._0386_ (net)
                  0.26    0.00   14.02 ^ accumulator._1330_/S (sky130_fd_sc_hd__mux2_4)
     6    0.02    0.07    0.38   14.40 v accumulator._1330_/X (sky130_fd_sc_hd__mux2_4)
                                         accumulator._0425_ (net)
                  0.07    0.00   14.40 v clone38/A (sky130_fd_sc_hd__buf_4)
     5    0.02    0.04    0.17   14.57 v clone38/X (sky130_fd_sc_hd__buf_4)
                                         net96 (net)
                  0.04    0.00   14.57 v accumulator._1526_/A1 (sky130_fd_sc_hd__a21o_1)
     2    0.01    0.05    0.18   14.75 v accumulator._1526_/X (sky130_fd_sc_hd__a21o_1)
                                         accumulator._0621_ (net)
                  0.05    0.00   14.75 v accumulator._1527_/A2 (sky130_fd_sc_hd__a21o_1)
     2    0.00    0.04    0.19   14.94 v accumulator._1527_/X (sky130_fd_sc_hd__a21o_1)
                                         accumulator._0622_ (net)
                  0.04    0.00   14.94 v accumulator._1528_/C (sky130_fd_sc_hd__and3_1)
     2    0.01    0.07    0.22   15.16 v accumulator._1528_/X (sky130_fd_sc_hd__and3_1)
                                         accumulator._0623_ (net)
                  0.07    0.00   15.16 v accumulator._1644_/A2 (sky130_fd_sc_hd__o311ai_4)
     3    0.01    0.29    0.34   15.50 ^ accumulator._1644_/Y (sky130_fd_sc_hd__o311ai_4)
                                         accumulator._0739_ (net)
                  0.29    0.00   15.50 ^ accumulator._1716_/A (sky130_fd_sc_hd__nand3_2)
     2    0.01    0.10    0.12   15.62 v accumulator._1716_/Y (sky130_fd_sc_hd__nand3_2)
                                         accumulator._0811_ (net)
                  0.10    0.00   15.62 v accumulator._1736_/A1 (sky130_fd_sc_hd__a2111o_4)
     5    0.02    0.09    0.52   16.14 v accumulator._1736_/X (sky130_fd_sc_hd__a2111o_4)
                                         accumulator._0831_ (net)
                  0.09    0.00   16.15 v accumulator._1738_/A1 (sky130_fd_sc_hd__a21o_1)
     3    0.01    0.06    0.21   16.35 v accumulator._1738_/X (sky130_fd_sc_hd__a21o_1)
                                         accumulator._0833_ (net)
                  0.06    0.00   16.35 v accumulator._1744_/A1 (sky130_fd_sc_hd__a2111o_1)
     3    0.01    0.10    0.43   16.78 v accumulator._1744_/X (sky130_fd_sc_hd__a2111o_1)
                                         accumulator._0839_ (net)
                  0.10    0.00   16.78 v accumulator._1748_/A1 (sky130_fd_sc_hd__a2111o_1)
     2    0.01    0.07    0.41   17.20 v accumulator._1748_/X (sky130_fd_sc_hd__a2111o_1)
                                         accumulator._0843_ (net)
                  0.07    0.00   17.20 v accumulator._1751_/A1 (sky130_fd_sc_hd__a21o_1)
     2    0.01    0.06    0.20   17.39 v accumulator._1751_/X (sky130_fd_sc_hd__a21o_1)
                                         accumulator._0846_ (net)
                  0.06    0.00   17.39 v accumulator._1773_/A1 (sky130_fd_sc_hd__a21o_1)
     2    0.01    0.05    0.18   17.57 v accumulator._1773_/X (sky130_fd_sc_hd__a21o_1)
                                         accumulator._0868_ (net)
                  0.05    0.00   17.57 v accumulator._1798_/A1 (sky130_fd_sc_hd__a311o_1)
     2    0.01    0.08    0.30   17.87 v accumulator._1798_/X (sky130_fd_sc_hd__a311o_1)
                                         accumulator._0893_ (net)
                  0.08    0.00   17.87 v accumulator._1814_/A2 (sky130_fd_sc_hd__a21o_1)
     2    0.01    0.07    0.24   18.11 v accumulator._1814_/X (sky130_fd_sc_hd__a21o_1)
                                         accumulator._0909_ (net)
                  0.07    0.00   18.11 v accumulator._1821_/A2 (sky130_fd_sc_hd__a21o_1)
     3    0.01    0.06    0.23   18.33 v accumulator._1821_/X (sky130_fd_sc_hd__a21o_1)
                                         accumulator._0916_ (net)
                  0.06    0.00   18.33 v accumulator._1926_/A2 (sky130_fd_sc_hd__a21o_1)
     3    0.01    0.08    0.24   18.57 v accumulator._1926_/X (sky130_fd_sc_hd__a21o_1)
                                         accumulator._1021_ (net)
                  0.08    0.00   18.57 v accumulator._2045_/S (sky130_fd_sc_hd__mux2_4)
     4    0.01    0.07    0.35   18.92 v accumulator._2045_/X (sky130_fd_sc_hd__mux2_4)
                                         accumulator._1140_ (net)
                  0.07    0.00   18.92 v accumulator._2059_/B2 (sky130_fd_sc_hd__a221oi_2)
     1    0.00    0.18    0.24   19.17 ^ accumulator._2059_/Y (sky130_fd_sc_hd__a221oi_2)
                                         accumulator._1155_ (net)
                  0.18    0.00   19.17 ^ accumulator._2060_/A1 (sky130_fd_sc_hd__o21ai_1)
     1    0.00    0.09    0.11   19.28 v accumulator._2060_/Y (sky130_fd_sc_hd__o21ai_1)
                                         accumulator._1156_ (net)
                  0.09    0.00   19.28 v accumulator._2061_/A1 (sky130_fd_sc_hd__a21o_1)
     1    0.00    0.03    0.18   19.46 v accumulator._2061_/X (sky130_fd_sc_hd__a21o_1)
                                         accumulator._1157_ (net)
                  0.03    0.00   19.46 v accumulator._2062_/A1 (sky130_fd_sc_hd__a21o_1)
     1    0.00    0.04    0.16   19.61 v accumulator._2062_/X (sky130_fd_sc_hd__a21o_1)
                                         accumulator._1158_ (net)
                  0.04    0.00   19.61 v accumulator._2063_/A1 (sky130_fd_sc_hd__a21o_1)
     1    0.00    0.03    0.15   19.77 v accumulator._2063_/X (sky130_fd_sc_hd__a21o_1)
                                         accumulator._1159_ (net)
                  0.03    0.00   19.77 v accumulator._2064_/A1 (sky130_fd_sc_hd__a21o_1)
     1    0.00    0.04    0.16   19.92 v accumulator._2064_/X (sky130_fd_sc_hd__a21o_1)
                                         accumulator._1160_ (net)
                  0.04    0.00   19.92 v accumulator._2065_/A1 (sky130_fd_sc_hd__a21oi_1)
     1    0.00    0.13    0.14   20.07 ^ accumulator._2065_/Y (sky130_fd_sc_hd__a21oi_1)
                                         accumulator._1161_ (net)
                  0.13    0.00   20.07 ^ accumulator._2067_/A1 (sky130_fd_sc_hd__o21ai_1)
     1    0.00    0.06    0.09   20.16 v accumulator._2067_/Y (sky130_fd_sc_hd__o21ai_1)
                                         accumulator._1163_ (net)
                  0.06    0.00   20.16 v accumulator._2068_/A1 (sky130_fd_sc_hd__a21o_1)
     1    0.00    0.03    0.16   20.33 v accumulator._2068_/X (sky130_fd_sc_hd__a21o_1)
                                         accumulator._1164_ (net)
                  0.03    0.00   20.33 v accumulator._2069_/A1 (sky130_fd_sc_hd__a21o_1)
     1    0.01    0.04    0.16   20.49 v accumulator._2069_/X (sky130_fd_sc_hd__a21o_1)
                                         accumulator._1165_ (net)
                  0.04    0.00   20.49 v accumulator._2070_/A1 (sky130_fd_sc_hd__a211o_1)
     1    0.01    0.06    0.28   20.77 v accumulator._2070_/X (sky130_fd_sc_hd__a211o_1)
                                         accumulator._1167_ (net)
                  0.06    0.00   20.77 v accumulator._2073_/B2 (sky130_fd_sc_hd__a2bb2o_4)
     4    0.03    0.07    0.26   21.03 v accumulator._2073_/X (sky130_fd_sc_hd__a2bb2o_4)
                                         accumulator._1170_ (net)
                  0.07    0.00   21.03 v clone42/A (sky130_fd_sc_hd__clkbuf_16)
     5    0.02    0.04    0.17   21.20 v clone42/X (sky130_fd_sc_hd__clkbuf_16)
                                         net100 (net)
                  0.04    0.00   21.20 v accumulator._2165_/S (sky130_fd_sc_hd__mux2_1)
     2    0.01    0.08    0.35   21.55 v accumulator._2165_/X (sky130_fd_sc_hd__mux2_1)
                                         accumulator._0120_ (net)
                  0.08    0.00   21.55 v accumulator._2182_/A0 (sky130_fd_sc_hd__mux2_2)
     2    0.01    0.06    0.31   21.85 v accumulator._2182_/X (sky130_fd_sc_hd__mux2_2)
                                         accumulator._0137_ (net)
                  0.06    0.00   21.85 v accumulator._2183_/A1 (sky130_fd_sc_hd__mux2_1)
     2    0.01    0.07    0.33   22.19 v accumulator._2183_/X (sky130_fd_sc_hd__mux2_1)
                                         accumulator._0138_ (net)
                  0.07    0.00   22.19 v accumulator._2185_/B1 (sky130_fd_sc_hd__o221a_1)
     1    0.00    0.05    0.24   22.43 v accumulator._2185_/X (sky130_fd_sc_hd__o221a_1)
                                         accumulator._0140_ (net)
                  0.05    0.00   22.43 v accumulator._2186_/B (sky130_fd_sc_hd__nor2_1)
     1    0.00    0.09    0.10   22.53 ^ accumulator._2186_/Y (sky130_fd_sc_hd__nor2_1)
                                         accumulator._0012_ (net)
                  0.09    0.00   22.53 ^ accumulator._2367_/D (sky130_fd_sc_hd__dfxtp_1)
                                 22.53   data arrival time

                         25.00   25.00   clock clock (rise edge)
                          0.00   25.00   clock source latency
     1    0.01    0.07    0.05   25.05 ^ clock (in)
                                         clock (net)
                  0.07    0.00   25.05 ^ clkbuf_0_clock/A (sky130_fd_sc_hd__clkbuf_16)
     4    0.03    0.05    0.14   25.19 ^ clkbuf_0_clock/X (sky130_fd_sc_hd__clkbuf_16)
                                         clknet_0_clock (net)
                  0.05    0.00   25.19 ^ clkbuf_2_3__f_clock/A (sky130_fd_sc_hd__clkbuf_16)
    10    0.03    0.05    0.13   25.32 ^ clkbuf_2_3__f_clock/X (sky130_fd_sc_hd__clkbuf_16)
                                         clknet_2_3__leaf_clock (net)
                  0.05    0.00   25.32 ^ accumulator._2367_/CLK (sky130_fd_sc_hd__dfxtp_1)
                         -0.25   25.07   clock uncertainty
                          0.00   25.07   clock reconvergence pessimism
                         -0.06   25.00   library setup time
                                 25.00   data required time
-----------------------------------------------------------------------------
                                 25.00   data required time
                                -22.53   data arrival time
-----------------------------------------------------------------------------
                                  2.47   slack (MET)


Startpoint: io_inScaleA[7] (input port clocked by clock)
Endpoint: accumulator._2364_ (rising edge-triggered flip-flop clocked by clock)
Path Group: clock
Path Type: max

Fanout     Cap    Slew   Delay    Time   Description
-----------------------------------------------------------------------------
                          0.00    0.00   clock clock (rise edge)
                          0.00    0.00   clock network delay (propagated)
                          5.00    5.00 v input external delay
     1    0.01    0.01    0.01    5.01 v io_inScaleA[7] (in)
                                         io_inScaleA[7] (net)
                  0.01    0.00    5.01 v input16/A (sky130_fd_sc_hd__clkbuf_2)
     5    0.02    0.07    0.13    5.14 v input16/X (sky130_fd_sc_hd__clkbuf_2)
                                         net16 (net)
                  0.07    0.00    5.14 v scaleAdd._280_/A1 (sky130_fd_sc_hd__o31a_1)
     3    0.01    0.07    0.34    5.48 v scaleAdd._280_/X (sky130_fd_sc_hd__o31a_1)
                                         scaleAdd._222_ (net)
                  0.07    0.00    5.48 v scaleAdd._282_/A2 (sky130_fd_sc_hd__a21o_1)
     3    0.01    0.08    0.24    5.72 v scaleAdd._282_/X (sky130_fd_sc_hd__a21o_1)
                                         scaleAdd._224_ (net)
                  0.08    0.00    5.72 v scaleAdd._284_/A1 (sky130_fd_sc_hd__a21oi_4)
     3    0.02    0.16    0.19    5.91 ^ scaleAdd._284_/Y (sky130_fd_sc_hd__a21oi_4)
                                         scaleAdd._226_ (net)
                  0.16    0.00    5.91 ^ scaleAdd._287_/A (sky130_fd_sc_hd__xnor2_2)
     1    0.01    0.19    0.16    6.08 ^ scaleAdd._287_/Y (sky130_fd_sc_hd__xnor2_2)
                                         scaleAdd._229_ (net)
                  0.19    0.00    6.08 ^ scaleAdd._288_/A (sky130_fd_sc_hd__xnor2_2)
     3    0.02    0.10    0.14    6.22 v scaleAdd._288_/Y (sky130_fd_sc_hd__xnor2_2)
                                         scaleAdd._230_ (net)
                  0.10    0.00    6.22 v scaleAdd._346_/A2 (sky130_fd_sc_hd__a21o_1)
     1    0.01    0.05    0.22    6.44 v scaleAdd._346_/X (sky130_fd_sc_hd__a21o_1)
                                         scaleAdd._052_ (net)
                  0.05    0.00    6.44 v scaleAdd._348_/A2 (sky130_fd_sc_hd__a21o_4)
     2    0.03    0.06    0.26    6.70 v scaleAdd._348_/X (sky130_fd_sc_hd__a21o_4)
                                         scaleAdd._054_ (net)
                  0.06    0.00    6.70 v scaleAdd._349_/A (sky130_fd_sc_hd__xor2_4)
     5    0.01    0.08    0.20    6.90 v scaleAdd._349_/X (sky130_fd_sc_hd__xor2_4)
                                         scaleAdd._055_ (net)
                  0.08    0.00    6.90 v scaleAdd._351_/A1 (sky130_fd_sc_hd__a21o_1)
     2    0.01    0.05    0.19    7.09 v scaleAdd._351_/X (sky130_fd_sc_hd__a21o_1)
                                         scaleAdd._057_ (net)
                  0.05    0.00    7.09 v scaleAdd._353_/A (sky130_fd_sc_hd__and3_1)
     3    0.01    0.06    0.17    7.26 v scaleAdd._353_/X (sky130_fd_sc_hd__and3_1)
                                         scaleAdd._059_ (net)
                  0.06    0.00    7.26 v scaleAdd._355_/B (sky130_fd_sc_hd__or3_4)
     3    0.01    0.07    0.39    7.66 v scaleAdd._355_/X (sky130_fd_sc_hd__or3_4)
                                         scaleAdd._061_ (net)
                  0.07    0.00    7.66 v scaleAdd._359_/A1 (sky130_fd_sc_hd__a21o_1)
     2    0.01    0.05    0.18    7.84 v scaleAdd._359_/X (sky130_fd_sc_hd__a21o_1)
                                         scaleAdd._065_ (net)
                  0.05    0.00    7.84 v scaleAdd._383_/A2 (sky130_fd_sc_hd__a21o_1)
     2    0.01    0.04    0.19    8.03 v scaleAdd._383_/X (sky130_fd_sc_hd__a21o_1)
                                         scaleAdd._088_ (net)
                  0.04    0.00    8.03 v scaleAdd._399_/A1 (sky130_fd_sc_hd__a21o_1)
     2    0.01    0.07    0.19    8.22 v scaleAdd._399_/X (sky130_fd_sc_hd__a21o_1)
                                         scaleAdd._103_ (net)
                  0.07    0.00    8.22 v scaleAdd._417_/A1 (sky130_fd_sc_hd__a21bo_1)
     2    0.01    0.05    0.19    8.42 v scaleAdd._417_/X (sky130_fd_sc_hd__a21bo_1)
                                         scaleAdd._120_ (net)
                  0.05    0.00    8.42 v scaleAdd._432_/A1 (sky130_fd_sc_hd__a21o_1)
     2    0.01    0.05    0.18    8.60 v scaleAdd._432_/X (sky130_fd_sc_hd__a21o_1)
                                         scaleAdd._134_ (net)
                  0.05    0.00    8.60 v scaleAdd._444_/A1 (sky130_fd_sc_hd__a21o_1)
     2    0.01    0.05    0.18    8.78 v scaleAdd._444_/X (sky130_fd_sc_hd__a21o_1)
                                         scaleAdd._145_ (net)
                  0.05    0.00    8.78 v scaleAdd._447_/A1 (sky130_fd_sc_hd__a21o_1)
     2    0.00    0.04    0.17    8.95 v scaleAdd._447_/X (sky130_fd_sc_hd__a21o_1)
                                         scaleAdd._147_ (net)
                  0.04    0.00    8.95 v rebuffer19/A (sky130_fd_sc_hd__clkbuf_2)
     1    0.01    0.05    0.12    9.07 v rebuffer19/X (sky130_fd_sc_hd__clkbuf_2)
                                         net77 (net)
                  0.05    0.00    9.07 v scaleAdd._448_/A (sky130_fd_sc_hd__xor2_2)
     4    0.01    0.08    0.20    9.27 v scaleAdd._448_/X (sky130_fd_sc_hd__xor2_2)
                                         accumulator.io_inMant[14] (net)
                  0.08    0.00    9.27 v accumulator._1181_/A (sky130_fd_sc_hd__or4_4)
     1    0.01    0.09    0.58    9.85 v accumulator._1181_/X (sky130_fd_sc_hd__or4_4)
                                         accumulator._0045_ (net)
                  0.09    0.00    9.85 v accumulator._1182_/A (sky130_fd_sc_hd__buf_8)
     8    0.02    0.03    0.15   10.00 v accumulator._1182_/X (sky130_fd_sc_hd__buf_8)
                                         accumulator._0055_ (net)
                  0.03    0.00   10.00 v accumulator._1200_/A_N (sky130_fd_sc_hd__and2b_1)
     3    0.01    0.08    0.22   10.22 ^ accumulator._1200_/X (sky130_fd_sc_hd__and2b_1)
                                         accumulator._0232_ (net)
                  0.08    0.00   10.22 ^ accumulator._1201_/B1_N (sky130_fd_sc_hd__o21ba_4)
     3    0.01    0.04    0.17   10.39 v accumulator._1201_/X (sky130_fd_sc_hd__o21ba_4)
                                         accumulator._0241_ (net)
                  0.04    0.00   10.39 v accumulator._1202_/A (sky130_fd_sc_hd__and2_4)
     3    0.01    0.03    0.14   10.53 v accumulator._1202_/X (sky130_fd_sc_hd__and2_4)
                                         accumulator._0251_ (net)
                  0.03    0.00   10.53 v accumulator._1204_/B (sky130_fd_sc_hd__or2_4)
     3    0.01    0.05    0.24   10.78 v accumulator._1204_/X (sky130_fd_sc_hd__or2_4)
                                         accumulator._0271_ (net)
                  0.05    0.00   10.78 v accumulator._1205_/A (sky130_fd_sc_hd__inv_2)
     3    0.01    0.05    0.07   10.85 ^ accumulator._1205_/Y (sky130_fd_sc_hd__inv_2)
                                         accumulator._0281_ (net)
                  0.05    0.00   10.85 ^ accumulator._1218_/A1 (sky130_fd_sc_hd__a311o_1)
     3    0.01    0.12    0.21   11.06 ^ accumulator._1218_/X (sky130_fd_sc_hd__a311o_1)
                                         accumulator._0315_ (net)
                  0.12    0.00   11.06 ^ rebuffer25/A (sky130_fd_sc_hd__clkbuf_1)
     1    0.00    0.06    0.12   11.18 ^ rebuffer25/X (sky130_fd_sc_hd__clkbuf_1)
                                         net83 (net)
                  0.06    0.00   11.18 ^ rebuffer10/A (sky130_fd_sc_hd__clkbuf_2)
     1    0.00    0.03    0.10   11.28 ^ rebuffer10/X (sky130_fd_sc_hd__clkbuf_2)
                                         net68 (net)
                  0.03    0.00   11.28 ^ rebuffer8/A (sky130_fd_sc_hd__clkbuf_1)
     1    0.01    0.07    0.10   11.37 ^ rebuffer8/X (sky130_fd_sc_hd__clkbuf_1)
                                         net66 (net)
                  0.07    0.00   11.37 ^ accumulator._1219_/A (sky130_fd_sc_hd__nand3_2)
     2    0.01    0.08    0.07   11.45 v accumulator._1219_/Y (sky130_fd_sc_hd__nand3_2)
                                         accumulator._0316_ (net)
                  0.08    0.00   11.45 v accumulator._1228_/A2 (sky130_fd_sc_hd__a211o_1)
     2    0.01    0.07    0.34   11.79 v accumulator._1228_/X (sky130_fd_sc_hd__a211o_1)
                                         accumulator._0325_ (net)
                  0.07    0.00   11.79 v accumulator._1242_/A2 (sky130_fd_sc_hd__o22a_1)
     3    0.01    0.07    0.24   12.03 v accumulator._1242_/X (sky130_fd_sc_hd__o22a_1)
                                         accumulator._0339_ (net)
                  0.07    0.00   12.03 v accumulator._1243_/A (sky130_fd_sc_hd__buf_4)
    10    0.03    0.06    0.19   12.22 v accumulator._1243_/X (sky130_fd_sc_hd__buf_4)
                                         accumulator._0340_ (net)
                  0.06    0.00   12.22 v accumulator._1249_/B1 (sky130_fd_sc_hd__a21o_4)
     3    0.02    0.06    0.22   12.44 v accumulator._1249_/X (sky130_fd_sc_hd__a21o_4)
                                         accumulator._0346_ (net)
                  0.06    0.00   12.44 v accumulator._1250_/B (sky130_fd_sc_hd__xor2_4)
     3    0.03    0.10    0.19   12.64 v accumulator._1250_/X (sky130_fd_sc_hd__xor2_4)
                                         accumulator._0347_ (net)
                  0.10    0.00   12.64 v accumulator._1259_/A2 (sky130_fd_sc_hd__a21o_4)
     2    0.02    0.05    0.27   12.91 v accumulator._1259_/X (sky130_fd_sc_hd__a21o_4)
                                         accumulator._0356_ (net)
                  0.05    0.00   12.91 v accumulator._1264_/A2 (sky130_fd_sc_hd__a21o_1)
     2    0.01    0.04    0.20   13.10 v accumulator._1264_/X (sky130_fd_sc_hd__a21o_1)
                                         accumulator._0361_ (net)
                  0.04    0.00   13.10 v accumulator._1266_/A1 (sky130_fd_sc_hd__a21o_1)
     2    0.01    0.04    0.17   13.28 v accumulator._1266_/X (sky130_fd_sc_hd__a21o_1)
                                         accumulator._0363_ (net)
                  0.04    0.00   13.28 v accumulator._1272_/A1 (sky130_fd_sc_hd__a21o_1)
     2    0.02    0.10    0.23   13.50 v accumulator._1272_/X (sky130_fd_sc_hd__a21o_1)
                                         accumulator._0369_ (net)
                  0.10    0.00   13.50 v accumulator._1278_/A1 (sky130_fd_sc_hd__a21oi_4)
     3    0.02    0.17    0.21   13.71 ^ accumulator._1278_/Y (sky130_fd_sc_hd__a21oi_4)
                                         accumulator._0375_ (net)
                  0.17    0.00   13.71 ^ rebuffer21/A (sky130_fd_sc_hd__buf_6)
     2    0.02    0.05    0.15   13.86 ^ rebuffer21/X (sky130_fd_sc_hd__buf_6)
                                         net79 (net)
                  0.05    0.00   13.86 ^ accumulator._1289_/B (sky130_fd_sc_hd__xnor2_4)
     9    0.03    0.26    0.16   14.02 ^ accumulator._1289_/Y (sky130_fd_sc_hd__xnor2_4)
                                         accumulator._0386_ (net)
                  0.26    0.00   14.02 ^ accumulator._1330_/S (sky130_fd_sc_hd__mux2_4)
     6    0.02    0.07    0.38   14.40 v accumulator._1330_/X (sky130_fd_sc_hd__mux2_4)
                                         accumulator._0425_ (net)
                  0.07    0.00   14.40 v clone38/A (sky130_fd_sc_hd__buf_4)
     5    0.02    0.04    0.17   14.57 v clone38/X (sky130_fd_sc_hd__buf_4)
                                         net96 (net)
                  0.04    0.00   14.57 v accumulator._1526_/A1 (sky130_fd_sc_hd__a21o_1)
     2    0.01    0.05    0.18   14.75 v accumulator._1526_/X (sky130_fd_sc_hd__a21o_1)
                                         accumulator._0621_ (net)
                  0.05    0.00   14.75 v accumulator._1527_/A2 (sky130_fd_sc_hd__a21o_1)
     2    0.00    0.04    0.19   14.94 v accumulator._1527_/X (sky130_fd_sc_hd__a21o_1)
                                         accumulator._0622_ (net)
                  0.04    0.00   14.94 v accumulator._1528_/C (sky130_fd_sc_hd__and3_1)
     2    0.01    0.07    0.22   15.16 v accumulator._1528_/X (sky130_fd_sc_hd__and3_1)
                                         accumulator._0623_ (net)
                  0.07    0.00   15.16 v accumulator._1644_/A2 (sky130_fd_sc_hd__o311ai_4)
     3    0.01    0.29    0.34   15.50 ^ accumulator._1644_/Y (sky130_fd_sc_hd__o311ai_4)
                                         accumulator._0739_ (net)
                  0.29    0.00   15.50 ^ accumulator._1716_/A (sky130_fd_sc_hd__nand3_2)
     2    0.01    0.10    0.12   15.62 v accumulator._1716_/Y (sky130_fd_sc_hd__nand3_2)
                                         accumulator._0811_ (net)
                  0.10    0.00   15.62 v accumulator._1736_/A1 (sky130_fd_sc_hd__a2111o_4)
     5    0.02    0.09    0.52   16.14 v accumulator._1736_/X (sky130_fd_sc_hd__a2111o_4)
                                         accumulator._0831_ (net)
                  0.09    0.00   16.15 v accumulator._1738_/A1 (sky130_fd_sc_hd__a21o_1)
     3    0.01    0.06    0.21   16.35 v accumulator._1738_/X (sky130_fd_sc_hd__a21o_1)
                                         accumulator._0833_ (net)
                  0.06    0.00   16.35 v accumulator._1744_/A1 (sky130_fd_sc_hd__a2111o_1)
     3    0.01    0.10    0.43   16.78 v accumulator._1744_/X (sky130_fd_sc_hd__a2111o_1)
                                         accumulator._0839_ (net)
                  0.10    0.00   16.78 v accumulator._1748_/A1 (sky130_fd_sc_hd__a2111o_1)
     2    0.01    0.07    0.41   17.20 v accumulator._1748_/X (sky130_fd_sc_hd__a2111o_1)
                                         accumulator._0843_ (net)
                  0.07    0.00   17.20 v accumulator._1751_/A1 (sky130_fd_sc_hd__a21o_1)
     2    0.01    0.06    0.20   17.39 v accumulator._1751_/X (sky130_fd_sc_hd__a21o_1)
                                         accumulator._0846_ (net)
                  0.06    0.00   17.39 v accumulator._1773_/A1 (sky130_fd_sc_hd__a21o_1)
     2    0.01    0.05    0.18   17.57 v accumulator._1773_/X (sky130_fd_sc_hd__a21o_1)
                                         accumulator._0868_ (net)
                  0.05    0.00   17.57 v accumulator._1798_/A1 (sky130_fd_sc_hd__a311o_1)
     2    0.01    0.08    0.30   17.87 v accumulator._1798_/X (sky130_fd_sc_hd__a311o_1)
                                         accumulator._0893_ (net)
                  0.08    0.00   17.87 v accumulator._1814_/A2 (sky130_fd_sc_hd__a21o_1)
     2    0.01    0.07    0.24   18.11 v accumulator._1814_/X (sky130_fd_sc_hd__a21o_1)
                                         accumulator._0909_ (net)
                  0.07    0.00   18.11 v accumulator._1821_/A2 (sky130_fd_sc_hd__a21o_1)
     3    0.01    0.06    0.23   18.33 v accumulator._1821_/X (sky130_fd_sc_hd__a21o_1)
                                         accumulator._0916_ (net)
                  0.06    0.00   18.33 v accumulator._1926_/A2 (sky130_fd_sc_hd__a21o_1)
     3    0.01    0.08    0.24   18.57 v accumulator._1926_/X (sky130_fd_sc_hd__a21o_1)
                                         accumulator._1021_ (net)
                  0.08    0.00   18.57 v accumulator._2045_/S (sky130_fd_sc_hd__mux2_4)
     4    0.01    0.07    0.35   18.92 v accumulator._2045_/X (sky130_fd_sc_hd__mux2_4)
                                         accumulator._1140_ (net)
                  0.07    0.00   18.92 v accumulator._2059_/B2 (sky130_fd_sc_hd__a221oi_2)
     1    0.00    0.18    0.24   19.17 ^ accumulator._2059_/Y (sky130_fd_sc_hd__a221oi_2)
                                         accumulator._1155_ (net)
                  0.18    0.00   19.17 ^ accumulator._2060_/A1 (sky130_fd_sc_hd__o21ai_1)
     1    0.00    0.09    0.11   19.28 v accumulator._2060_/Y (sky130_fd_sc_hd__o21ai_1)
                                         accumulator._1156_ (net)
                  0.09    0.00   19.28 v accumulator._2061_/A1 (sky130_fd_sc_hd__a21o_1)
     1    0.00    0.03    0.18   19.46 v accumulator._2061_/X (sky130_fd_sc_hd__a21o_1)
                                         accumulator._1157_ (net)
                  0.03    0.00   19.46 v accumulator._2062_/A1 (sky130_fd_sc_hd__a21o_1)
     1    0.00    0.04    0.16   19.61 v accumulator._2062_/X (sky130_fd_sc_hd__a21o_1)
                                         accumulator._1158_ (net)
                  0.04    0.00   19.61 v accumulator._2063_/A1 (sky130_fd_sc_hd__a21o_1)
     1    0.00    0.03    0.15   19.77 v accumulator._2063_/X (sky130_fd_sc_hd__a21o_1)
                                         accumulator._1159_ (net)
                  0.03    0.00   19.77 v accumulator._2064_/A1 (sky130_fd_sc_hd__a21o_1)
     1    0.00    0.04    0.16   19.92 v accumulator._2064_/X (sky130_fd_sc_hd__a21o_1)
                                         accumulator._1160_ (net)
                  0.04    0.00   19.92 v accumulator._2065_/A1 (sky130_fd_sc_hd__a21oi_1)
     1    0.00    0.13    0.14   20.07 ^ accumulator._2065_/Y (sky130_fd_sc_hd__a21oi_1)
                                         accumulator._1161_ (net)
                  0.13    0.00   20.07 ^ accumulator._2067_/A1 (sky130_fd_sc_hd__o21ai_1)
     1    0.00    0.06    0.09   20.16 v accumulator._2067_/Y (sky130_fd_sc_hd__o21ai_1)
                                         accumulator._1163_ (net)
                  0.06    0.00   20.16 v accumulator._2068_/A1 (sky130_fd_sc_hd__a21o_1)
     1    0.00    0.03    0.16   20.33 v accumulator._2068_/X (sky130_fd_sc_hd__a21o_1)
                                         accumulator._1164_ (net)
                  0.03    0.00   20.33 v accumulator._2069_/A1 (sky130_fd_sc_hd__a21o_1)
     1    0.01    0.04    0.16   20.49 v accumulator._2069_/X (sky130_fd_sc_hd__a21o_1)
                                         accumulator._1165_ (net)
                  0.04    0.00   20.49 v accumulator._2070_/A1 (sky130_fd_sc_hd__a211o_1)
     1    0.01    0.06    0.28   20.77 v accumulator._2070_/X (sky130_fd_sc_hd__a211o_1)
                                         accumulator._1167_ (net)
                  0.06    0.00   20.77 v accumulator._2073_/B2 (sky130_fd_sc_hd__a2bb2o_4)
     4    0.03    0.07    0.26   21.03 v accumulator._2073_/X (sky130_fd_sc_hd__a2bb2o_4)
                                         accumulator._1170_ (net)
                  0.07    0.00   21.03 v accumulator._2074_/A (sky130_fd_sc_hd__buf_8)
     6    0.04    0.04    0.15   21.18 v accumulator._2074_/X (sky130_fd_sc_hd__buf_8)
                                         accumulator._1171_ (net)
                  0.04    0.00   21.19 v clone45/A (sky130_fd_sc_hd__clkbuf_16)
     5    0.02    0.03    0.15   21.34 v clone45/X (sky130_fd_sc_hd__clkbuf_16)
                                         net103 (net)
                  0.03    0.00   21.34 v accumulator._2102_/S (sky130_fd_sc_hd__mux2_1)
     2    0.01    0.07    0.34   21.67 v accumulator._2102_/X (sky130_fd_sc_hd__mux2_1)
                                         accumulator._0058_ (net)
                  0.07    0.00   21.67 v accumulator._2121_/A0 (sky130_fd_sc_hd__mux2_2)
     3    0.01    0.07    0.31   21.99 v accumulator._2121_/X (sky130_fd_sc_hd__mux2_2)
                                         accumulator._0077_ (net)
                  0.07    0.00   21.99 v accumulator._2161_/A2 (sky130_fd_sc_hd__a32o_1)
     1    0.00    0.05    0.27   22.26 v accumulator._2161_/X (sky130_fd_sc_hd__a32o_1)
                                         accumulator._0117_ (net)
                  0.05    0.00   22.26 v accumulator._2163_/A2 (sky130_fd_sc_hd__o21a_1)
     1    0.00    0.03    0.17   22.42 v accumulator._2163_/X (sky130_fd_sc_hd__o21a_1)
                                         accumulator._0009_ (net)
                  0.03    0.00   22.42 v accumulator._2364_/D (sky130_fd_sc_hd__dfxtp_2)
                                 22.42   data arrival time

                         25.00   25.00   clock clock (rise edge)
                          0.00   25.00   clock source latency
     1    0.01    0.07    0.05   25.05 ^ clock (in)
                                         clock (net)
                  0.07    0.00   25.05 ^ clkbuf_0_clock/A (sky130_fd_sc_hd__clkbuf_16)
     4    0.03    0.05    0.14   25.19 ^ clkbuf_0_clock/X (sky130_fd_sc_hd__clkbuf_16)
                                         clknet_0_clock (net)
                  0.05    0.00   25.19 ^ clkbuf_2_1__f_clock/A (sky130_fd_sc_hd__clkbuf_16)
     9    0.03    0.05    0.13   25.32 ^ clkbuf_2_1__f_clock/X (sky130_fd_sc_hd__clkbuf_16)
                                         clknet_2_1__leaf_clock (net)
                  0.05    0.00   25.32 ^ accumulator._2364_/CLK (sky130_fd_sc_hd__dfxtp_2)
                         -0.25   25.07   clock uncertainty
                          0.00   25.07   clock reconvergence pessimism
                         -0.11   24.96   library setup time
                                 24.96   data required time
-----------------------------------------------------------------------------
                                 24.96   data required time
                                -22.42   data arrival time
-----------------------------------------------------------------------------
                                  2.54   slack (MET)


Startpoint: io_inScaleA[7] (input port clocked by clock)
Endpoint: accumulator._2372_ (rising edge-triggered flip-flop clocked by clock)
Path Group: clock
Path Type: max

Fanout     Cap    Slew   Delay    Time   Description
-----------------------------------------------------------------------------
                          0.00    0.00   clock clock (rise edge)
                          0.00    0.00   clock network delay (propagated)
                          5.00    5.00 v input external delay
     1    0.01    0.01    0.01    5.01 v io_inScaleA[7] (in)
                                         io_inScaleA[7] (net)
                  0.01    0.00    5.01 v input16/A (sky130_fd_sc_hd__clkbuf_2)
     5    0.02    0.07    0.13    5.14 v input16/X (sky130_fd_sc_hd__clkbuf_2)
                                         net16 (net)
                  0.07    0.00    5.14 v scaleAdd._280_/A1 (sky130_fd_sc_hd__o31a_1)
     3    0.01    0.07    0.34    5.48 v scaleAdd._280_/X (sky130_fd_sc_hd__o31a_1)
                                         scaleAdd._222_ (net)
                  0.07    0.00    5.48 v scaleAdd._282_/A2 (sky130_fd_sc_hd__a21o_1)
     3    0.01    0.08    0.24    5.72 v scaleAdd._282_/X (sky130_fd_sc_hd__a21o_1)
                                         scaleAdd._224_ (net)
                  0.08    0.00    5.72 v scaleAdd._284_/A1 (sky130_fd_sc_hd__a21oi_4)
     3    0.02    0.16    0.19    5.91 ^ scaleAdd._284_/Y (sky130_fd_sc_hd__a21oi_4)
                                         scaleAdd._226_ (net)
                  0.16    0.00    5.91 ^ scaleAdd._287_/A (sky130_fd_sc_hd__xnor2_2)
     1    0.01    0.19    0.16    6.08 ^ scaleAdd._287_/Y (sky130_fd_sc_hd__xnor2_2)
                                         scaleAdd._229_ (net)
                  0.19    0.00    6.08 ^ scaleAdd._288_/A (sky130_fd_sc_hd__xnor2_2)
     3    0.02    0.10    0.14    6.22 v scaleAdd._288_/Y (sky130_fd_sc_hd__xnor2_2)
                                         scaleAdd._230_ (net)
                  0.10    0.00    6.22 v scaleAdd._346_/A2 (sky130_fd_sc_hd__a21o_1)
     1    0.01    0.05    0.22    6.44 v scaleAdd._346_/X (sky130_fd_sc_hd__a21o_1)
                                         scaleAdd._052_ (net)
                  0.05    0.00    6.44 v scaleAdd._348_/A2 (sky130_fd_sc_hd__a21o_4)
     2    0.03    0.06    0.26    6.70 v scaleAdd._348_/X (sky130_fd_sc_hd__a21o_4)
                                         scaleAdd._054_ (net)
                  0.06    0.00    6.70 v scaleAdd._349_/A (sky130_fd_sc_hd__xor2_4)
     5    0.01    0.08    0.20    6.90 v scaleAdd._349_/X (sky130_fd_sc_hd__xor2_4)
                                         scaleAdd._055_ (net)
                  0.08    0.00    6.90 v scaleAdd._351_/A1 (sky130_fd_sc_hd__a21o_1)
     2    0.01    0.05    0.19    7.09 v scaleAdd._351_/X (sky130_fd_sc_hd__a21o_1)
                                         scaleAdd._057_ (net)
                  0.05    0.00    7.09 v scaleAdd._353_/A (sky130_fd_sc_hd__and3_1)
     3    0.01    0.06    0.17    7.26 v scaleAdd._353_/X (sky130_fd_sc_hd__and3_1)
                                         scaleAdd._059_ (net)
                  0.06    0.00    7.26 v scaleAdd._355_/B (sky130_fd_sc_hd__or3_4)
     3    0.01    0.07    0.39    7.66 v scaleAdd._355_/X (sky130_fd_sc_hd__or3_4)
                                         scaleAdd._061_ (net)
                  0.07    0.00    7.66 v scaleAdd._359_/A1 (sky130_fd_sc_hd__a21o_1)
     2    0.01    0.05    0.18    7.84 v scaleAdd._359_/X (sky130_fd_sc_hd__a21o_1)
                                         scaleAdd._065_ (net)
                  0.05    0.00    7.84 v scaleAdd._383_/A2 (sky130_fd_sc_hd__a21o_1)
     2    0.01    0.04    0.19    8.03 v scaleAdd._383_/X (sky130_fd_sc_hd__a21o_1)
                                         scaleAdd._088_ (net)
                  0.04    0.00    8.03 v scaleAdd._399_/A1 (sky130_fd_sc_hd__a21o_1)
     2    0.01    0.07    0.19    8.22 v scaleAdd._399_/X (sky130_fd_sc_hd__a21o_1)
                                         scaleAdd._103_ (net)
                  0.07    0.00    8.22 v scaleAdd._417_/A1 (sky130_fd_sc_hd__a21bo_1)
     2    0.01    0.05    0.19    8.42 v scaleAdd._417_/X (sky130_fd_sc_hd__a21bo_1)
                                         scaleAdd._120_ (net)
                  0.05    0.00    8.42 v scaleAdd._432_/A1 (sky130_fd_sc_hd__a21o_1)
     2    0.01    0.05    0.18    8.60 v scaleAdd._432_/X (sky130_fd_sc_hd__a21o_1)
                                         scaleAdd._134_ (net)
                  0.05    0.00    8.60 v scaleAdd._444_/A1 (sky130_fd_sc_hd__a21o_1)
     2    0.01    0.05    0.18    8.78 v scaleAdd._444_/X (sky130_fd_sc_hd__a21o_1)
                                         scaleAdd._145_ (net)
                  0.05    0.00    8.78 v scaleAdd._447_/A1 (sky130_fd_sc_hd__a21o_1)
     2    0.00    0.04    0.17    8.95 v scaleAdd._447_/X (sky130_fd_sc_hd__a21o_1)
                                         scaleAdd._147_ (net)
                  0.04    0.00    8.95 v rebuffer19/A (sky130_fd_sc_hd__clkbuf_2)
     1    0.01    0.05    0.12    9.07 v rebuffer19/X (sky130_fd_sc_hd__clkbuf_2)
                                         net77 (net)
                  0.05    0.00    9.07 v scaleAdd._448_/A (sky130_fd_sc_hd__xor2_2)
     4    0.01    0.08    0.20    9.27 v scaleAdd._448_/X (sky130_fd_sc_hd__xor2_2)
                                         accumulator.io_inMant[14] (net)
                  0.08    0.00    9.27 v accumulator._1181_/A (sky130_fd_sc_hd__or4_4)
     1    0.01    0.09    0.58    9.85 v accumulator._1181_/X (sky130_fd_sc_hd__or4_4)
                                         accumulator._0045_ (net)
                  0.09    0.00    9.85 v accumulator._1182_/A (sky130_fd_sc_hd__buf_8)
     8    0.02    0.03    0.15   10.00 v accumulator._1182_/X (sky130_fd_sc_hd__buf_8)
                                         accumulator._0055_ (net)
                  0.03    0.00   10.00 v accumulator._1200_/A_N (sky130_fd_sc_hd__and2b_1)
     3    0.01    0.08    0.22   10.22 ^ accumulator._1200_/X (sky130_fd_sc_hd__and2b_1)
                                         accumulator._0232_ (net)
                  0.08    0.00   10.22 ^ accumulator._1201_/B1_N (sky130_fd_sc_hd__o21ba_4)
     3    0.01    0.04    0.17   10.39 v accumulator._1201_/X (sky130_fd_sc_hd__o21ba_4)
                                         accumulator._0241_ (net)
                  0.04    0.00   10.39 v accumulator._1202_/A (sky130_fd_sc_hd__and2_4)
     3    0.01    0.03    0.14   10.53 v accumulator._1202_/X (sky130_fd_sc_hd__and2_4)
                                         accumulator._0251_ (net)
                  0.03    0.00   10.53 v accumulator._1204_/B (sky130_fd_sc_hd__or2_4)
     3    0.01    0.05    0.24   10.78 v accumulator._1204_/X (sky130_fd_sc_hd__or2_4)
                                         accumulator._0271_ (net)
                  0.05    0.00   10.78 v accumulator._1205_/A (sky130_fd_sc_hd__inv_2)
     3    0.01    0.05    0.07   10.85 ^ accumulator._1205_/Y (sky130_fd_sc_hd__inv_2)
                                         accumulator._0281_ (net)
                  0.05    0.00   10.85 ^ accumulator._1218_/A1 (sky130_fd_sc_hd__a311o_1)
     3    0.01    0.12    0.21   11.06 ^ accumulator._1218_/X (sky130_fd_sc_hd__a311o_1)
                                         accumulator._0315_ (net)
                  0.12    0.00   11.06 ^ rebuffer25/A (sky130_fd_sc_hd__clkbuf_1)
     1    0.00    0.06    0.12   11.18 ^ rebuffer25/X (sky130_fd_sc_hd__clkbuf_1)
                                         net83 (net)
                  0.06    0.00   11.18 ^ rebuffer10/A (sky130_fd_sc_hd__clkbuf_2)
     1    0.00    0.03    0.10   11.28 ^ rebuffer10/X (sky130_fd_sc_hd__clkbuf_2)
                                         net68 (net)
                  0.03    0.00   11.28 ^ rebuffer8/A (sky130_fd_sc_hd__clkbuf_1)
     1    0.01    0.07    0.10   11.37 ^ rebuffer8/X (sky130_fd_sc_hd__clkbuf_1)
                                         net66 (net)
                  0.07    0.00   11.37 ^ accumulator._1219_/A (sky130_fd_sc_hd__nand3_2)
     2    0.01    0.08    0.07   11.45 v accumulator._1219_/Y (sky130_fd_sc_hd__nand3_2)
                                         accumulator._0316_ (net)
                  0.08    0.00   11.45 v accumulator._1228_/A2 (sky130_fd_sc_hd__a211o_1)
     2    0.01    0.07    0.34   11.79 v accumulator._1228_/X (sky130_fd_sc_hd__a211o_1)
                                         accumulator._0325_ (net)
                  0.07    0.00   11.79 v accumulator._1242_/A2 (sky130_fd_sc_hd__o22a_1)
     3    0.01    0.07    0.24   12.03 v accumulator._1242_/X (sky130_fd_sc_hd__o22a_1)
                                         accumulator._0339_ (net)
                  0.07    0.00   12.03 v accumulator._1243_/A (sky130_fd_sc_hd__buf_4)
    10    0.03    0.06    0.19   12.22 v accumulator._1243_/X (sky130_fd_sc_hd__buf_4)
                                         accumulator._0340_ (net)
                  0.06    0.00   12.22 v accumulator._1249_/B1 (sky130_fd_sc_hd__a21o_4)
     3    0.02    0.06    0.22   12.44 v accumulator._1249_/X (sky130_fd_sc_hd__a21o_4)
                                         accumulator._0346_ (net)
                  0.06    0.00   12.44 v accumulator._1250_/B (sky130_fd_sc_hd__xor2_4)
     3    0.03    0.10    0.19   12.64 v accumulator._1250_/X (sky130_fd_sc_hd__xor2_4)
                                         accumulator._0347_ (net)
                  0.10    0.00   12.64 v accumulator._1259_/A2 (sky130_fd_sc_hd__a21o_4)
     2    0.02    0.05    0.27   12.91 v accumulator._1259_/X (sky130_fd_sc_hd__a21o_4)
                                         accumulator._0356_ (net)
                  0.05    0.00   12.91 v accumulator._1264_/A2 (sky130_fd_sc_hd__a21o_1)
     2    0.01    0.04    0.20   13.10 v accumulator._1264_/X (sky130_fd_sc_hd__a21o_1)
                                         accumulator._0361_ (net)
                  0.04    0.00   13.10 v accumulator._1266_/A1 (sky130_fd_sc_hd__a21o_1)
     2    0.01    0.04    0.17   13.28 v accumulator._1266_/X (sky130_fd_sc_hd__a21o_1)
                                         accumulator._0363_ (net)
                  0.04    0.00   13.28 v accumulator._1272_/A1 (sky130_fd_sc_hd__a21o_1)
     2    0.02    0.10    0.23   13.50 v accumulator._1272_/X (sky130_fd_sc_hd__a21o_1)
                                         accumulator._0369_ (net)
                  0.10    0.00   13.50 v accumulator._1278_/A1 (sky130_fd_sc_hd__a21oi_4)
     3    0.02    0.17    0.21   13.71 ^ accumulator._1278_/Y (sky130_fd_sc_hd__a21oi_4)
                                         accumulator._0375_ (net)
                  0.17    0.00   13.71 ^ rebuffer21/A (sky130_fd_sc_hd__buf_6)
     2    0.02    0.05    0.15   13.86 ^ rebuffer21/X (sky130_fd_sc_hd__buf_6)
                                         net79 (net)
                  0.05    0.00   13.86 ^ accumulator._1289_/B (sky130_fd_sc_hd__xnor2_4)
     9    0.03    0.26    0.16   14.02 ^ accumulator._1289_/Y (sky130_fd_sc_hd__xnor2_4)
                                         accumulator._0386_ (net)
                  0.26    0.00   14.02 ^ accumulator._1330_/S (sky130_fd_sc_hd__mux2_4)
     6    0.02    0.07    0.38   14.40 v accumulator._1330_/X (sky130_fd_sc_hd__mux2_4)
                                         accumulator._0425_ (net)
                  0.07    0.00   14.40 v clone38/A (sky130_fd_sc_hd__buf_4)
     5    0.02    0.04    0.17   14.57 v clone38/X (sky130_fd_sc_hd__buf_4)
                                         net96 (net)
                  0.04    0.00   14.57 v accumulator._1526_/A1 (sky130_fd_sc_hd__a21o_1)
     2    0.01    0.05    0.18   14.75 v accumulator._1526_/X (sky130_fd_sc_hd__a21o_1)
                                         accumulator._0621_ (net)
                  0.05    0.00   14.75 v accumulator._1527_/A2 (sky130_fd_sc_hd__a21o_1)
     2    0.00    0.04    0.19   14.94 v accumulator._1527_/X (sky130_fd_sc_hd__a21o_1)
                                         accumulator._0622_ (net)
                  0.04    0.00   14.94 v accumulator._1528_/C (sky130_fd_sc_hd__and3_1)
     2    0.01    0.07    0.22   15.16 v accumulator._1528_/X (sky130_fd_sc_hd__and3_1)
                                         accumulator._0623_ (net)
                  0.07    0.00   15.16 v accumulator._1644_/A2 (sky130_fd_sc_hd__o311ai_4)
     3    0.01    0.29    0.34   15.50 ^ accumulator._1644_/Y (sky130_fd_sc_hd__o311ai_4)
                                         accumulator._0739_ (net)
                  0.29    0.00   15.50 ^ accumulator._1716_/A (sky130_fd_sc_hd__nand3_2)
     2    0.01    0.10    0.12   15.62 v accumulator._1716_/Y (sky130_fd_sc_hd__nand3_2)
                                         accumulator._0811_ (net)
                  0.10    0.00   15.62 v accumulator._1736_/A1 (sky130_fd_sc_hd__a2111o_4)
     5    0.02    0.09    0.52   16.14 v accumulator._1736_/X (sky130_fd_sc_hd__a2111o_4)
                                         accumulator._0831_ (net)
                  0.09    0.00   16.15 v accumulator._1738_/A1 (sky130_fd_sc_hd__a21o_1)
     3    0.01    0.06    0.21   16.35 v accumulator._1738_/X (sky130_fd_sc_hd__a21o_1)
                                         accumulator._0833_ (net)
                  0.06    0.00   16.35 v accumulator._1744_/A1 (sky130_fd_sc_hd__a2111o_1)
     3    0.01    0.10    0.43   16.78 v accumulator._1744_/X (sky130_fd_sc_hd__a2111o_1)
                                         accumulator._0839_ (net)
                  0.10    0.00   16.78 v accumulator._1748_/A1 (sky130_fd_sc_hd__a2111o_1)
     2    0.01    0.07    0.41   17.20 v accumulator._1748_/X (sky130_fd_sc_hd__a2111o_1)
                                         accumulator._0843_ (net)
                  0.07    0.00   17.20 v accumulator._1751_/A1 (sky130_fd_sc_hd__a21o_1)
     2    0.01    0.06    0.20   17.39 v accumulator._1751_/X (sky130_fd_sc_hd__a21o_1)
                                         accumulator._0846_ (net)
                  0.06    0.00   17.39 v accumulator._1773_/A1 (sky130_fd_sc_hd__a21o_1)
     2    0.01    0.05    0.18   17.57 v accumulator._1773_/X (sky130_fd_sc_hd__a21o_1)
                                         accumulator._0868_ (net)
                  0.05    0.00   17.57 v accumulator._1798_/A1 (sky130_fd_sc_hd__a311o_1)
     2    0.01    0.08    0.30   17.87 v accumulator._1798_/X (sky130_fd_sc_hd__a311o_1)
                                         accumulator._0893_ (net)
                  0.08    0.00   17.87 v accumulator._1814_/A2 (sky130_fd_sc_hd__a21o_1)
     2    0.01    0.07    0.24   18.11 v accumulator._1814_/X (sky130_fd_sc_hd__a21o_1)
                                         accumulator._0909_ (net)
                  0.07    0.00   18.11 v accumulator._1821_/A2 (sky130_fd_sc_hd__a21o_1)
     3    0.01    0.06    0.23   18.33 v accumulator._1821_/X (sky130_fd_sc_hd__a21o_1)
                                         accumulator._0916_ (net)
                  0.06    0.00   18.33 v accumulator._1926_/A2 (sky130_fd_sc_hd__a21o_1)
     3    0.01    0.08    0.24   18.57 v accumulator._1926_/X (sky130_fd_sc_hd__a21o_1)
                                         accumulator._1021_ (net)
                  0.08    0.00   18.57 v accumulator._2045_/S (sky130_fd_sc_hd__mux2_4)
     4    0.01    0.07    0.35   18.92 v accumulator._2045_/X (sky130_fd_sc_hd__mux2_4)
                                         accumulator._1140_ (net)
                  0.07    0.00   18.92 v accumulator._2059_/B2 (sky130_fd_sc_hd__a221oi_2)
     1    0.00    0.18    0.24   19.17 ^ accumulator._2059_/Y (sky130_fd_sc_hd__a221oi_2)
                                         accumulator._1155_ (net)
                  0.18    0.00   19.17 ^ accumulator._2060_/A1 (sky130_fd_sc_hd__o21ai_1)
     1    0.00    0.09    0.11   19.28 v accumulator._2060_/Y (sky130_fd_sc_hd__o21ai_1)
                                         accumulator._1156_ (net)
                  0.09    0.00   19.28 v accumulator._2061_/A1 (sky130_fd_sc_hd__a21o_1)
     1    0.00    0.03    0.18   19.46 v accumulator._2061_/X (sky130_fd_sc_hd__a21o_1)
                                         accumulator._1157_ (net)
                  0.03    0.00   19.46 v accumulator._2062_/A1 (sky130_fd_sc_hd__a21o_1)
     1    0.00    0.04    0.16   19.61 v accumulator._2062_/X (sky130_fd_sc_hd__a21o_1)
                                         accumulator._1158_ (net)
                  0.04    0.00   19.61 v accumulator._2063_/A1 (sky130_fd_sc_hd__a21o_1)
     1    0.00    0.03    0.15   19.77 v accumulator._2063_/X (sky130_fd_sc_hd__a21o_1)
                                         accumulator._1159_ (net)
                  0.03    0.00   19.77 v accumulator._2064_/A1 (sky130_fd_sc_hd__a21o_1)
     1    0.00    0.04    0.16   19.92 v accumulator._2064_/X (sky130_fd_sc_hd__a21o_1)
                                         accumulator._1160_ (net)
                  0.04    0.00   19.92 v accumulator._2065_/A1 (sky130_fd_sc_hd__a21oi_1)
     1    0.00    0.13    0.14   20.07 ^ accumulator._2065_/Y (sky130_fd_sc_hd__a21oi_1)
                                         accumulator._1161_ (net)
                  0.13    0.00   20.07 ^ accumulator._2067_/A1 (sky130_fd_sc_hd__o21ai_1)
     1    0.00    0.06    0.09   20.16 v accumulator._2067_/Y (sky130_fd_sc_hd__o21ai_1)
                                         accumulator._1163_ (net)
                  0.06    0.00   20.16 v accumulator._2068_/A1 (sky130_fd_sc_hd__a21o_1)
     1    0.00    0.03    0.16   20.33 v accumulator._2068_/X (sky130_fd_sc_hd__a21o_1)
                                         accumulator._1164_ (net)
                  0.03    0.00   20.33 v accumulator._2069_/A1 (sky130_fd_sc_hd__a21o_1)
     1    0.01    0.04    0.16   20.49 v accumulator._2069_/X (sky130_fd_sc_hd__a21o_1)
                                         accumulator._1165_ (net)
                  0.04    0.00   20.49 v accumulator._2070_/A1 (sky130_fd_sc_hd__a211o_1)
     1    0.01    0.06    0.28   20.77 v accumulator._2070_/X (sky130_fd_sc_hd__a211o_1)
                                         accumulator._1167_ (net)
                  0.06    0.00   20.77 v accumulator._2073_/B2 (sky130_fd_sc_hd__a2bb2o_4)
     4    0.03    0.07    0.26   21.03 v accumulator._2073_/X (sky130_fd_sc_hd__a2bb2o_4)
                                         accumulator._1170_ (net)
                  0.07    0.00   21.03 v accumulator._2074_/A (sky130_fd_sc_hd__buf_8)
     6    0.04    0.04    0.15   21.18 v accumulator._2074_/X (sky130_fd_sc_hd__buf_8)
                                         accumulator._1171_ (net)
                  0.04    0.00   21.19 v clone45/A (sky130_fd_sc_hd__clkbuf_16)
     5    0.02    0.03    0.15   21.34 v clone45/X (sky130_fd_sc_hd__clkbuf_16)
                                         net103 (net)
                  0.03    0.00   21.34 v accumulator._2102_/S (sky130_fd_sc_hd__mux2_1)
     2    0.01    0.07    0.22   21.55 ^ accumulator._2102_/X (sky130_fd_sc_hd__mux2_1)
                                         accumulator._0058_ (net)
                  0.07    0.00   21.55 ^ accumulator._2121_/A0 (sky130_fd_sc_hd__mux2_2)
     3    0.01    0.08    0.19   21.74 ^ accumulator._2121_/X (sky130_fd_sc_hd__mux2_2)
                                         accumulator._0077_ (net)
                  0.08    0.00   21.74 ^ accumulator._2226_/D_N (sky130_fd_sc_hd__or4b_1)
     1    0.00    0.09    0.46   22.20 v accumulator._2226_/X (sky130_fd_sc_hd__or4b_1)
                                         accumulator._0180_ (net)
                  0.09    0.00   22.20 v accumulator._2227_/C1 (sky130_fd_sc_hd__o221a_1)
     1    0.00    0.05    0.14   22.34 v accumulator._2227_/X (sky130_fd_sc_hd__o221a_1)
                                         accumulator._0181_ (net)
                  0.05    0.00   22.34 v accumulator._2228_/A2 (sky130_fd_sc_hd__a21oi_1)
     1    0.00    0.08    0.13   22.46 ^ accumulator._2228_/Y (sky130_fd_sc_hd__a21oi_1)
                                         accumulator._0017_ (net)
                  0.08    0.00   22.46 ^ accumulator._2372_/D (sky130_fd_sc_hd__dfxtp_1)
                                 22.46   data arrival time

                         25.00   25.00   clock clock (rise edge)
                          0.00   25.00   clock source latency
     1    0.01    0.07    0.05   25.05 ^ clock (in)
                                         clock (net)
                  0.07    0.00   25.05 ^ clkbuf_0_clock/A (sky130_fd_sc_hd__clkbuf_16)
     4    0.03    0.05    0.14   25.19 ^ clkbuf_0_clock/X (sky130_fd_sc_hd__clkbuf_16)
                                         clknet_0_clock (net)
                  0.05    0.00   25.19 ^ clkbuf_2_0__f_clock/A (sky130_fd_sc_hd__clkbuf_16)
    11    0.03    0.05    0.13   25.32 ^ clkbuf_2_0__f_clock/X (sky130_fd_sc_hd__clkbuf_16)
                                         clknet_2_0__leaf_clock (net)
                  0.05    0.00   25.32 ^ accumulator._2372_/CLK (sky130_fd_sc_hd__dfxtp_1)
                         -0.25   25.07   clock uncertainty
                          0.00   25.07   clock reconvergence pessimism
                         -0.06   25.01   library setup time
                                 25.01   data required time
-----------------------------------------------------------------------------
                                 25.01   data required time
                                -22.46   data arrival time
-----------------------------------------------------------------------------
                                  2.55   slack (MET)


Startpoint: io_inScaleA[7] (input port clocked by clock)
Endpoint: accumulator._2385_ (rising edge-triggered flip-flop clocked by clock)
Path Group: clock
Path Type: max

Fanout     Cap    Slew   Delay    Time   Description
-----------------------------------------------------------------------------
                          0.00    0.00   clock clock (rise edge)
                          0.00    0.00   clock network delay (propagated)
                          5.00    5.00 v input external delay
     1    0.01    0.01    0.01    5.01 v io_inScaleA[7] (in)
                                         io_inScaleA[7] (net)
                  0.01    0.00    5.01 v input16/A (sky130_fd_sc_hd__clkbuf_2)
     5    0.02    0.07    0.13    5.14 v input16/X (sky130_fd_sc_hd__clkbuf_2)
                                         net16 (net)
                  0.07    0.00    5.14 v scaleAdd._280_/A1 (sky130_fd_sc_hd__o31a_1)
     3    0.01    0.07    0.34    5.48 v scaleAdd._280_/X (sky130_fd_sc_hd__o31a_1)
                                         scaleAdd._222_ (net)
                  0.07    0.00    5.48 v scaleAdd._282_/A2 (sky130_fd_sc_hd__a21o_1)
     3    0.01    0.08    0.24    5.72 v scaleAdd._282_/X (sky130_fd_sc_hd__a21o_1)
                                         scaleAdd._224_ (net)
                  0.08    0.00    5.72 v scaleAdd._284_/A1 (sky130_fd_sc_hd__a21oi_4)
     3    0.02    0.16    0.19    5.91 ^ scaleAdd._284_/Y (sky130_fd_sc_hd__a21oi_4)
                                         scaleAdd._226_ (net)
                  0.16    0.00    5.91 ^ scaleAdd._287_/A (sky130_fd_sc_hd__xnor2_2)
     1    0.01    0.19    0.16    6.08 ^ scaleAdd._287_/Y (sky130_fd_sc_hd__xnor2_2)
                                         scaleAdd._229_ (net)
                  0.19    0.00    6.08 ^ scaleAdd._288_/A (sky130_fd_sc_hd__xnor2_2)
     3    0.02    0.10    0.14    6.22 v scaleAdd._288_/Y (sky130_fd_sc_hd__xnor2_2)
                                         scaleAdd._230_ (net)
                  0.10    0.00    6.22 v scaleAdd._346_/A2 (sky130_fd_sc_hd__a21o_1)
     1    0.01    0.05    0.22    6.44 v scaleAdd._346_/X (sky130_fd_sc_hd__a21o_1)
                                         scaleAdd._052_ (net)
                  0.05    0.00    6.44 v scaleAdd._348_/A2 (sky130_fd_sc_hd__a21o_4)
     2    0.03    0.06    0.26    6.70 v scaleAdd._348_/X (sky130_fd_sc_hd__a21o_4)
                                         scaleAdd._054_ (net)
                  0.06    0.00    6.70 v scaleAdd._349_/A (sky130_fd_sc_hd__xor2_4)
     5    0.01    0.08    0.20    6.90 v scaleAdd._349_/X (sky130_fd_sc_hd__xor2_4)
                                         scaleAdd._055_ (net)
                  0.08    0.00    6.90 v scaleAdd._351_/A1 (sky130_fd_sc_hd__a21o_1)
     2    0.01    0.05    0.19    7.09 v scaleAdd._351_/X (sky130_fd_sc_hd__a21o_1)
                                         scaleAdd._057_ (net)
                  0.05    0.00    7.09 v scaleAdd._353_/A (sky130_fd_sc_hd__and3_1)
     3    0.01    0.06    0.17    7.26 v scaleAdd._353_/X (sky130_fd_sc_hd__and3_1)
                                         scaleAdd._059_ (net)
                  0.06    0.00    7.26 v scaleAdd._355_/B (sky130_fd_sc_hd__or3_4)
     3    0.01    0.07    0.39    7.66 v scaleAdd._355_/X (sky130_fd_sc_hd__or3_4)
                                         scaleAdd._061_ (net)
                  0.07    0.00    7.66 v scaleAdd._359_/A1 (sky130_fd_sc_hd__a21o_1)
     2    0.01    0.05    0.18    7.84 v scaleAdd._359_/X (sky130_fd_sc_hd__a21o_1)
                                         scaleAdd._065_ (net)
                  0.05    0.00    7.84 v scaleAdd._383_/A2 (sky130_fd_sc_hd__a21o_1)
     2    0.01    0.04    0.19    8.03 v scaleAdd._383_/X (sky130_fd_sc_hd__a21o_1)
                                         scaleAdd._088_ (net)
                  0.04    0.00    8.03 v scaleAdd._399_/A1 (sky130_fd_sc_hd__a21o_1)
     2    0.01    0.07    0.19    8.22 v scaleAdd._399_/X (sky130_fd_sc_hd__a21o_1)
                                         scaleAdd._103_ (net)
                  0.07    0.00    8.22 v scaleAdd._417_/A1 (sky130_fd_sc_hd__a21bo_1)
     2    0.01    0.05    0.19    8.42 v scaleAdd._417_/X (sky130_fd_sc_hd__a21bo_1)
                                         scaleAdd._120_ (net)
                  0.05    0.00    8.42 v scaleAdd._432_/A1 (sky130_fd_sc_hd__a21o_1)
     2    0.01    0.05    0.18    8.60 v scaleAdd._432_/X (sky130_fd_sc_hd__a21o_1)
                                         scaleAdd._134_ (net)
                  0.05    0.00    8.60 v scaleAdd._444_/A1 (sky130_fd_sc_hd__a21o_1)
     2    0.01    0.05    0.18    8.78 v scaleAdd._444_/X (sky130_fd_sc_hd__a21o_1)
                                         scaleAdd._145_ (net)
                  0.05    0.00    8.78 v scaleAdd._447_/A1 (sky130_fd_sc_hd__a21o_1)
     2    0.00    0.04    0.17    8.95 v scaleAdd._447_/X (sky130_fd_sc_hd__a21o_1)
                                         scaleAdd._147_ (net)
                  0.04    0.00    8.95 v rebuffer19/A (sky130_fd_sc_hd__clkbuf_2)
     1    0.01    0.05    0.12    9.07 v rebuffer19/X (sky130_fd_sc_hd__clkbuf_2)
                                         net77 (net)
                  0.05    0.00    9.07 v scaleAdd._448_/A (sky130_fd_sc_hd__xor2_2)
     4    0.01    0.08    0.20    9.27 v scaleAdd._448_/X (sky130_fd_sc_hd__xor2_2)
                                         accumulator.io_inMant[14] (net)
                  0.08    0.00    9.27 v accumulator._1181_/A (sky130_fd_sc_hd__or4_4)
     1    0.01    0.09    0.58    9.85 v accumulator._1181_/X (sky130_fd_sc_hd__or4_4)
                                         accumulator._0045_ (net)
                  0.09    0.00    9.85 v accumulator._1182_/A (sky130_fd_sc_hd__buf_8)
     8    0.02    0.03    0.15   10.00 v accumulator._1182_/X (sky130_fd_sc_hd__buf_8)
                                         accumulator._0055_ (net)
                  0.03    0.00   10.00 v accumulator._1200_/A_N (sky130_fd_sc_hd__and2b_1)
     3    0.01    0.08    0.22   10.22 ^ accumulator._1200_/X (sky130_fd_sc_hd__and2b_1)
                                         accumulator._0232_ (net)
                  0.08    0.00   10.22 ^ accumulator._1201_/B1_N (sky130_fd_sc_hd__o21ba_4)
     3    0.01    0.04    0.17   10.39 v accumulator._1201_/X (sky130_fd_sc_hd__o21ba_4)
                                         accumulator._0241_ (net)
                  0.04    0.00   10.39 v accumulator._1202_/A (sky130_fd_sc_hd__and2_4)
     3    0.01    0.03    0.14   10.53 v accumulator._1202_/X (sky130_fd_sc_hd__and2_4)
                                         accumulator._0251_ (net)
                  0.03    0.00   10.53 v accumulator._1204_/B (sky130_fd_sc_hd__or2_4)
     3    0.01    0.05    0.24   10.78 v accumulator._1204_/X (sky130_fd_sc_hd__or2_4)
                                         accumulator._0271_ (net)
                  0.05    0.00   10.78 v accumulator._1205_/A (sky130_fd_sc_hd__inv_2)
     3    0.01    0.05    0.07   10.85 ^ accumulator._1205_/Y (sky130_fd_sc_hd__inv_2)
                                         accumulator._0281_ (net)
                  0.05    0.00   10.85 ^ accumulator._1218_/A1 (sky130_fd_sc_hd__a311o_1)
     3    0.01    0.12    0.21   11.06 ^ accumulator._1218_/X (sky130_fd_sc_hd__a311o_1)
                                         accumulator._0315_ (net)
                  0.12    0.00   11.06 ^ rebuffer25/A (sky130_fd_sc_hd__clkbuf_1)
     1    0.00    0.06    0.12   11.18 ^ rebuffer25/X (sky130_fd_sc_hd__clkbuf_1)
                                         net83 (net)
                  0.06    0.00   11.18 ^ rebuffer10/A (sky130_fd_sc_hd__clkbuf_2)
     1    0.00    0.03    0.10   11.28 ^ rebuffer10/X (sky130_fd_sc_hd__clkbuf_2)
                                         net68 (net)
                  0.03    0.00   11.28 ^ rebuffer8/A (sky130_fd_sc_hd__clkbuf_1)
     1    0.01    0.07    0.10   11.37 ^ rebuffer8/X (sky130_fd_sc_hd__clkbuf_1)
                                         net66 (net)
                  0.07    0.00   11.37 ^ accumulator._1219_/A (sky130_fd_sc_hd__nand3_2)
     2    0.01    0.08    0.07   11.45 v accumulator._1219_/Y (sky130_fd_sc_hd__nand3_2)
                                         accumulator._0316_ (net)
                  0.08    0.00   11.45 v accumulator._1228_/A2 (sky130_fd_sc_hd__a211o_1)
     2    0.01    0.07    0.34   11.79 v accumulator._1228_/X (sky130_fd_sc_hd__a211o_1)
                                         accumulator._0325_ (net)
                  0.07    0.00   11.79 v accumulator._1242_/A2 (sky130_fd_sc_hd__o22a_1)
     3    0.01    0.07    0.24   12.03 v accumulator._1242_/X (sky130_fd_sc_hd__o22a_1)
                                         accumulator._0339_ (net)
                  0.07    0.00   12.03 v accumulator._1243_/A (sky130_fd_sc_hd__buf_4)
    10    0.03    0.06    0.19   12.22 v accumulator._1243_/X (sky130_fd_sc_hd__buf_4)
                                         accumulator._0340_ (net)
                  0.06    0.00   12.22 v accumulator._1249_/B1 (sky130_fd_sc_hd__a21o_4)
     3    0.02    0.06    0.22   12.44 v accumulator._1249_/X (sky130_fd_sc_hd__a21o_4)
                                         accumulator._0346_ (net)
                  0.06    0.00   12.44 v accumulator._1250_/B (sky130_fd_sc_hd__xor2_4)
     3    0.03    0.10    0.19   12.64 v accumulator._1250_/X (sky130_fd_sc_hd__xor2_4)
                                         accumulator._0347_ (net)
                  0.10    0.00   12.64 v accumulator._1259_/A2 (sky130_fd_sc_hd__a21o_4)
     2    0.02    0.05    0.27   12.91 v accumulator._1259_/X (sky130_fd_sc_hd__a21o_4)
                                         accumulator._0356_ (net)
                  0.05    0.00   12.91 v accumulator._1264_/A2 (sky130_fd_sc_hd__a21o_1)
     2    0.01    0.04    0.20   13.10 v accumulator._1264_/X (sky130_fd_sc_hd__a21o_1)
                                         accumulator._0361_ (net)
                  0.04    0.00   13.10 v accumulator._1266_/A1 (sky130_fd_sc_hd__a21o_1)
     2    0.01    0.04    0.17   13.28 v accumulator._1266_/X (sky130_fd_sc_hd__a21o_1)
                                         accumulator._0363_ (net)
                  0.04    0.00   13.28 v accumulator._1272_/A1 (sky130_fd_sc_hd__a21o_1)
     2    0.02    0.10    0.23   13.50 v accumulator._1272_/X (sky130_fd_sc_hd__a21o_1)
                                         accumulator._0369_ (net)
                  0.10    0.00   13.50 v accumulator._1278_/A1 (sky130_fd_sc_hd__a21oi_4)
     3    0.02    0.17    0.21   13.71 ^ accumulator._1278_/Y (sky130_fd_sc_hd__a21oi_4)
                                         accumulator._0375_ (net)
                  0.17    0.00   13.71 ^ rebuffer21/A (sky130_fd_sc_hd__buf_6)
     2    0.02    0.05    0.15   13.86 ^ rebuffer21/X (sky130_fd_sc_hd__buf_6)
                                         net79 (net)
                  0.05    0.00   13.86 ^ accumulator._1289_/B (sky130_fd_sc_hd__xnor2_4)
     9    0.03    0.26    0.16   14.02 ^ accumulator._1289_/Y (sky130_fd_sc_hd__xnor2_4)
                                         accumulator._0386_ (net)
                  0.26    0.00   14.02 ^ accumulator._1330_/S (sky130_fd_sc_hd__mux2_4)
     6    0.02    0.07    0.38   14.40 v accumulator._1330_/X (sky130_fd_sc_hd__mux2_4)
                                         accumulator._0425_ (net)
                  0.07    0.00   14.40 v clone38/A (sky130_fd_sc_hd__buf_4)
     5    0.02    0.04    0.17   14.57 v clone38/X (sky130_fd_sc_hd__buf_4)
                                         net96 (net)
                  0.04    0.00   14.57 v accumulator._1526_/A1 (sky130_fd_sc_hd__a21o_1)
     2    0.01    0.05    0.18   14.75 v accumulator._1526_/X (sky130_fd_sc_hd__a21o_1)
                                         accumulator._0621_ (net)
                  0.05    0.00   14.75 v accumulator._1527_/A2 (sky130_fd_sc_hd__a21o_1)
     2    0.00    0.04    0.19   14.94 v accumulator._1527_/X (sky130_fd_sc_hd__a21o_1)
                                         accumulator._0622_ (net)
                  0.04    0.00   14.94 v accumulator._1528_/C (sky130_fd_sc_hd__and3_1)
     2    0.01    0.07    0.22   15.16 v accumulator._1528_/X (sky130_fd_sc_hd__and3_1)
                                         accumulator._0623_ (net)
                  0.07    0.00   15.16 v accumulator._1644_/A2 (sky130_fd_sc_hd__o311ai_4)
     3    0.01    0.29    0.34   15.50 ^ accumulator._1644_/Y (sky130_fd_sc_hd__o311ai_4)
                                         accumulator._0739_ (net)
                  0.29    0.00   15.50 ^ accumulator._1716_/A (sky130_fd_sc_hd__nand3_2)
     2    0.01    0.10    0.12   15.62 v accumulator._1716_/Y (sky130_fd_sc_hd__nand3_2)
                                         accumulator._0811_ (net)
                  0.10    0.00   15.62 v accumulator._1736_/A1 (sky130_fd_sc_hd__a2111o_4)
     5    0.02    0.09    0.52   16.14 v accumulator._1736_/X (sky130_fd_sc_hd__a2111o_4)
                                         accumulator._0831_ (net)
                  0.09    0.00   16.15 v accumulator._1738_/A1 (sky130_fd_sc_hd__a21o_1)
     3    0.01    0.06    0.21   16.35 v accumulator._1738_/X (sky130_fd_sc_hd__a21o_1)
                                         accumulator._0833_ (net)
                  0.06    0.00   16.35 v accumulator._1744_/A1 (sky130_fd_sc_hd__a2111o_1)
     3    0.01    0.10    0.43   16.78 v accumulator._1744_/X (sky130_fd_sc_hd__a2111o_1)
                                         accumulator._0839_ (net)
                  0.10    0.00   16.78 v accumulator._1748_/A1 (sky130_fd_sc_hd__a2111o_1)
     2    0.01    0.07    0.41   17.20 v accumulator._1748_/X (sky130_fd_sc_hd__a2111o_1)
                                         accumulator._0843_ (net)
                  0.07    0.00   17.20 v accumulator._1751_/A1 (sky130_fd_sc_hd__a21o_1)
     2    0.01    0.06    0.20   17.39 v accumulator._1751_/X (sky130_fd_sc_hd__a21o_1)
                                         accumulator._0846_ (net)
                  0.06    0.00   17.39 v accumulator._1752_/B (sky130_fd_sc_hd__and2_4)
     2    0.01    0.03    0.17   17.56 v accumulator._1752_/X (sky130_fd_sc_hd__and2_4)
                                         accumulator._0847_ (net)
                  0.03    0.00   17.56 v accumulator._1753_/A (sky130_fd_sc_hd__or2_4)
     2    0.01    0.05    0.25   17.81 v accumulator._1753_/X (sky130_fd_sc_hd__or2_4)
                                         accumulator._0848_ (net)
                  0.05    0.00   17.81 v accumulator._1917_/A2 (sky130_fd_sc_hd__o21a_1)
     2    0.01    0.05    0.19   18.00 v accumulator._1917_/X (sky130_fd_sc_hd__o21a_1)
                                         accumulator._1012_ (net)
                  0.05    0.00   18.01 v accumulator._1923_/A2 (sky130_fd_sc_hd__o21ba_1)
     1    0.00    0.04    0.18   18.18 v accumulator._1923_/X (sky130_fd_sc_hd__o21ba_1)
                                         accumulator._1018_ (net)
                  0.04    0.00   18.18 v accumulator._1924_/A1 (sky130_fd_sc_hd__mux2_4)
     1    0.02    0.07    0.30   18.49 v accumulator._1924_/X (sky130_fd_sc_hd__mux2_4)
                                         accumulator._1019_ (net)
                  0.07    0.00   18.49 v accumulator._1925_/A (sky130_fd_sc_hd__xor2_4)
     2    0.02    0.07    0.21   18.70 v accumulator._1925_/X (sky130_fd_sc_hd__xor2_4)
                                         accumulator._1020_ (net)
                  0.07    0.00   18.70 v accumulator._1949_/C (sky130_fd_sc_hd__or4b_4)
     2    0.01    0.09    0.51   19.21 v accumulator._1949_/X (sky130_fd_sc_hd__or4b_4)
                                         accumulator._1044_ (net)
                  0.09    0.00   19.21 v accumulator._1953_/A_N (sky130_fd_sc_hd__and2b_1)
     2    0.01    0.09    0.25   19.46 ^ accumulator._1953_/X (sky130_fd_sc_hd__and2b_1)
                                         accumulator._1048_ (net)
                  0.09    0.00   19.46 ^ accumulator._1963_/A (sky130_fd_sc_hd__nand2_2)
     2    0.01    0.08    0.08   19.55 v accumulator._1963_/Y (sky130_fd_sc_hd__nand2_2)
                                         accumulator._1058_ (net)
                  0.08    0.00   19.55 v accumulator._1968_/B (sky130_fd_sc_hd__nor2_4)
     3    0.01    0.10    0.12   19.67 ^ accumulator._1968_/Y (sky130_fd_sc_hd__nor2_4)
                                         accumulator._1063_ (net)
                  0.10    0.00   19.67 ^ accumulator._1987_/A2 (sky130_fd_sc_hd__a21o_1)
     1    0.02    0.17    0.23   19.89 ^ accumulator._1987_/X (sky130_fd_sc_hd__a21o_1)
                                         accumulator._1082_ (net)
                  0.17    0.00   19.89 ^ accumulator._1988_/A (sky130_fd_sc_hd__xor2_4)
     4    0.02    0.17    0.22   20.11 ^ accumulator._1988_/X (sky130_fd_sc_hd__xor2_4)
                                         accumulator._1083_ (net)
                  0.17    0.00   20.11 ^ accumulator._1989_/A (sky130_fd_sc_hd__inv_2)
     2    0.01    0.04    0.06   20.17 v accumulator._1989_/Y (sky130_fd_sc_hd__inv_2)
                                         accumulator._1084_ (net)
                  0.04    0.00   20.17 v accumulator._1996_/B (sky130_fd_sc_hd__or3_4)
     2    0.01    0.07    0.38   20.55 v accumulator._1996_/X (sky130_fd_sc_hd__or3_4)
                                         accumulator._1091_ (net)
                  0.07    0.00   20.55 v accumulator._1997_/B (sky130_fd_sc_hd__or2_4)
     6    0.03    0.08    0.29   20.84 v accumulator._1997_/X (sky130_fd_sc_hd__or2_4)
                                         accumulator._1092_ (net)
                  0.08    0.00   20.84 v accumulator._2025_/B1 (sky130_fd_sc_hd__a21oi_2)
     5    0.02    0.27    0.26   21.10 ^ accumulator._2025_/Y (sky130_fd_sc_hd__a21oi_2)
                                         accumulator._1120_ (net)
                  0.27    0.00   21.10 ^ accumulator._2305_/A (sky130_fd_sc_hd__xor2_1)
     2    0.01    0.19    0.25   21.35 ^ accumulator._2305_/X (sky130_fd_sc_hd__xor2_1)
                                         accumulator._0256_ (net)
                  0.19    0.00   21.35 ^ accumulator._2306_/B (sky130_fd_sc_hd__xor2_1)
     2    0.01    0.21    0.25   21.60 ^ accumulator._2306_/X (sky130_fd_sc_hd__xor2_1)
                                         accumulator._0257_ (net)
                  0.21    0.00   21.60 ^ accumulator._2310_/B (sky130_fd_sc_hd__nand2_2)
     3    0.01    0.06    0.10   21.69 v accumulator._2310_/Y (sky130_fd_sc_hd__nand2_2)
                                         accumulator._0262_ (net)
                  0.06    0.00   21.69 v accumulator._2322_/A2 (sky130_fd_sc_hd__a21o_1)
     5    0.02    0.09    0.25   21.94 v accumulator._2322_/X (sky130_fd_sc_hd__a21o_1)
                                         accumulator._0274_ (net)
                  0.09    0.00   21.94 v accumulator._2332_/A2 (sky130_fd_sc_hd__a31o_1)
     1    0.00    0.04    0.23   22.17 v accumulator._2332_/X (sky130_fd_sc_hd__a31o_1)
                                         accumulator._0284_ (net)
                  0.04    0.00   22.17 v accumulator._2334_/A2 (sky130_fd_sc_hd__o211a_1)
     1    0.00    0.04    0.20   22.37 v accumulator._2334_/X (sky130_fd_sc_hd__o211a_1)
                                         accumulator._0030_ (net)
                  0.04    0.00   22.37 v accumulator._2385_/D (sky130_fd_sc_hd__dfxtp_1)
                                 22.37   data arrival time

                         25.00   25.00   clock clock (rise edge)
                          0.00   25.00   clock source latency
     1    0.01    0.07    0.05   25.05 ^ clock (in)
                                         clock (net)
                  0.07    0.00   25.05 ^ clkbuf_0_clock/A (sky130_fd_sc_hd__clkbuf_16)
     4    0.03    0.05    0.14   25.19 ^ clkbuf_0_clock/X (sky130_fd_sc_hd__clkbuf_16)
                                         clknet_0_clock (net)
                  0.05    0.00   25.19 ^ clkbuf_2_3__f_clock/A (sky130_fd_sc_hd__clkbuf_16)
    10    0.03    0.05    0.13   25.32 ^ clkbuf_2_3__f_clock/X (sky130_fd_sc_hd__clkbuf_16)
                                         clknet_2_3__leaf_clock (net)
                  0.05    0.00   25.32 ^ accumulator._2385_/CLK (sky130_fd_sc_hd__dfxtp_1)
                         -0.25   25.07   clock uncertainty
                          0.00   25.07   clock reconvergence pessimism
                         -0.11   24.96   library setup time
                                 24.96   data required time
-----------------------------------------------------------------------------
                                 24.96   data required time
                                -22.37   data arrival time
-----------------------------------------------------------------------------
                                  2.59   slack (MET)


Startpoint: io_inScaleA[7] (input port clocked by clock)
Endpoint: accumulator._2360_ (rising edge-triggered flip-flop clocked by clock)
Path Group: clock
Path Type: max

Fanout     Cap    Slew   Delay    Time   Description
-----------------------------------------------------------------------------
                          0.00    0.00   clock clock (rise edge)
                          0.00    0.00   clock network delay (propagated)
                          5.00    5.00 v input external delay
     1    0.01    0.01    0.01    5.01 v io_inScaleA[7] (in)
                                         io_inScaleA[7] (net)
                  0.01    0.00    5.01 v input16/A (sky130_fd_sc_hd__clkbuf_2)
     5    0.02    0.07    0.13    5.14 v input16/X (sky130_fd_sc_hd__clkbuf_2)
                                         net16 (net)
                  0.07    0.00    5.14 v scaleAdd._280_/A1 (sky130_fd_sc_hd__o31a_1)
     3    0.01    0.07    0.34    5.48 v scaleAdd._280_/X (sky130_fd_sc_hd__o31a_1)
                                         scaleAdd._222_ (net)
                  0.07    0.00    5.48 v scaleAdd._282_/A2 (sky130_fd_sc_hd__a21o_1)
     3    0.01    0.08    0.24    5.72 v scaleAdd._282_/X (sky130_fd_sc_hd__a21o_1)
                                         scaleAdd._224_ (net)
                  0.08    0.00    5.72 v scaleAdd._284_/A1 (sky130_fd_sc_hd__a21oi_4)
     3    0.02    0.16    0.19    5.91 ^ scaleAdd._284_/Y (sky130_fd_sc_hd__a21oi_4)
                                         scaleAdd._226_ (net)
                  0.16    0.00    5.91 ^ scaleAdd._287_/A (sky130_fd_sc_hd__xnor2_2)
     1    0.01    0.19    0.16    6.08 ^ scaleAdd._287_/Y (sky130_fd_sc_hd__xnor2_2)
                                         scaleAdd._229_ (net)
                  0.19    0.00    6.08 ^ scaleAdd._288_/A (sky130_fd_sc_hd__xnor2_2)
     3    0.02    0.10    0.14    6.22 v scaleAdd._288_/Y (sky130_fd_sc_hd__xnor2_2)
                                         scaleAdd._230_ (net)
                  0.10    0.00    6.22 v scaleAdd._346_/A2 (sky130_fd_sc_hd__a21o_1)
     1    0.01    0.05    0.22    6.44 v scaleAdd._346_/X (sky130_fd_sc_hd__a21o_1)
                                         scaleAdd._052_ (net)
                  0.05    0.00    6.44 v scaleAdd._348_/A2 (sky130_fd_sc_hd__a21o_4)
     2    0.03    0.06    0.26    6.70 v scaleAdd._348_/X (sky130_fd_sc_hd__a21o_4)
                                         scaleAdd._054_ (net)
                  0.06    0.00    6.70 v scaleAdd._349_/A (sky130_fd_sc_hd__xor2_4)
     5    0.01    0.08    0.20    6.90 v scaleAdd._349_/X (sky130_fd_sc_hd__xor2_4)
                                         scaleAdd._055_ (net)
                  0.08    0.00    6.90 v scaleAdd._351_/A1 (sky130_fd_sc_hd__a21o_1)
     2    0.01    0.05    0.19    7.09 v scaleAdd._351_/X (sky130_fd_sc_hd__a21o_1)
                                         scaleAdd._057_ (net)
                  0.05    0.00    7.09 v scaleAdd._353_/A (sky130_fd_sc_hd__and3_1)
     3    0.01    0.06    0.17    7.26 v scaleAdd._353_/X (sky130_fd_sc_hd__and3_1)
                                         scaleAdd._059_ (net)
                  0.06    0.00    7.26 v scaleAdd._355_/B (sky130_fd_sc_hd__or3_4)
     3    0.01    0.07    0.39    7.66 v scaleAdd._355_/X (sky130_fd_sc_hd__or3_4)
                                         scaleAdd._061_ (net)
                  0.07    0.00    7.66 v scaleAdd._359_/A1 (sky130_fd_sc_hd__a21o_1)
     2    0.01    0.05    0.18    7.84 v scaleAdd._359_/X (sky130_fd_sc_hd__a21o_1)
                                         scaleAdd._065_ (net)
                  0.05    0.00    7.84 v scaleAdd._383_/A2 (sky130_fd_sc_hd__a21o_1)
     2    0.01    0.04    0.19    8.03 v scaleAdd._383_/X (sky130_fd_sc_hd__a21o_1)
                                         scaleAdd._088_ (net)
                  0.04    0.00    8.03 v scaleAdd._399_/A1 (sky130_fd_sc_hd__a21o_1)
     2    0.01    0.07    0.19    8.22 v scaleAdd._399_/X (sky130_fd_sc_hd__a21o_1)
                                         scaleAdd._103_ (net)
                  0.07    0.00    8.22 v scaleAdd._417_/A1 (sky130_fd_sc_hd__a21bo_1)
     2    0.01    0.05    0.19    8.42 v scaleAdd._417_/X (sky130_fd_sc_hd__a21bo_1)
                                         scaleAdd._120_ (net)
                  0.05    0.00    8.42 v scaleAdd._432_/A1 (sky130_fd_sc_hd__a21o_1)
     2    0.01    0.05    0.18    8.60 v scaleAdd._432_/X (sky130_fd_sc_hd__a21o_1)
                                         scaleAdd._134_ (net)
                  0.05    0.00    8.60 v scaleAdd._444_/A1 (sky130_fd_sc_hd__a21o_1)
     2    0.01    0.05    0.18    8.78 v scaleAdd._444_/X (sky130_fd_sc_hd__a21o_1)
                                         scaleAdd._145_ (net)
                  0.05    0.00    8.78 v scaleAdd._447_/A1 (sky130_fd_sc_hd__a21o_1)
     2    0.00    0.04    0.17    8.95 v scaleAdd._447_/X (sky130_fd_sc_hd__a21o_1)
                                         scaleAdd._147_ (net)
                  0.04    0.00    8.95 v rebuffer19/A (sky130_fd_sc_hd__clkbuf_2)
     1    0.01    0.05    0.12    9.07 v rebuffer19/X (sky130_fd_sc_hd__clkbuf_2)
                                         net77 (net)
                  0.05    0.00    9.07 v scaleAdd._448_/A (sky130_fd_sc_hd__xor2_2)
     4    0.01    0.08    0.20    9.27 v scaleAdd._448_/X (sky130_fd_sc_hd__xor2_2)
                                         accumulator.io_inMant[14] (net)
                  0.08    0.00    9.27 v accumulator._1181_/A (sky130_fd_sc_hd__or4_4)
     1    0.01    0.09    0.58    9.85 v accumulator._1181_/X (sky130_fd_sc_hd__or4_4)
                                         accumulator._0045_ (net)
                  0.09    0.00    9.85 v accumulator._1182_/A (sky130_fd_sc_hd__buf_8)
     8    0.02    0.03    0.15   10.00 v accumulator._1182_/X (sky130_fd_sc_hd__buf_8)
                                         accumulator._0055_ (net)
                  0.03    0.00   10.00 v accumulator._1200_/A_N (sky130_fd_sc_hd__and2b_1)
     3    0.01    0.08    0.22   10.22 ^ accumulator._1200_/X (sky130_fd_sc_hd__and2b_1)
                                         accumulator._0232_ (net)
                  0.08    0.00   10.22 ^ accumulator._1201_/B1_N (sky130_fd_sc_hd__o21ba_4)
     3    0.01    0.04    0.17   10.39 v accumulator._1201_/X (sky130_fd_sc_hd__o21ba_4)
                                         accumulator._0241_ (net)
                  0.04    0.00   10.39 v accumulator._1202_/A (sky130_fd_sc_hd__and2_4)
     3    0.01    0.03    0.14   10.53 v accumulator._1202_/X (sky130_fd_sc_hd__and2_4)
                                         accumulator._0251_ (net)
                  0.03    0.00   10.53 v accumulator._1204_/B (sky130_fd_sc_hd__or2_4)
     3    0.01    0.05    0.24   10.78 v accumulator._1204_/X (sky130_fd_sc_hd__or2_4)
                                         accumulator._0271_ (net)
                  0.05    0.00   10.78 v accumulator._1205_/A (sky130_fd_sc_hd__inv_2)
     3    0.01    0.05    0.07   10.85 ^ accumulator._1205_/Y (sky130_fd_sc_hd__inv_2)
                                         accumulator._0281_ (net)
                  0.05    0.00   10.85 ^ accumulator._1218_/A1 (sky130_fd_sc_hd__a311o_1)
     3    0.01    0.12    0.21   11.06 ^ accumulator._1218_/X (sky130_fd_sc_hd__a311o_1)
                                         accumulator._0315_ (net)
                  0.12    0.00   11.06 ^ rebuffer25/A (sky130_fd_sc_hd__clkbuf_1)
     1    0.00    0.06    0.12   11.18 ^ rebuffer25/X (sky130_fd_sc_hd__clkbuf_1)
                                         net83 (net)
                  0.06    0.00   11.18 ^ rebuffer10/A (sky130_fd_sc_hd__clkbuf_2)
     1    0.00    0.03    0.10   11.28 ^ rebuffer10/X (sky130_fd_sc_hd__clkbuf_2)
                                         net68 (net)
                  0.03    0.00   11.28 ^ rebuffer8/A (sky130_fd_sc_hd__clkbuf_1)
     1    0.01    0.07    0.10   11.37 ^ rebuffer8/X (sky130_fd_sc_hd__clkbuf_1)
                                         net66 (net)
                  0.07    0.00   11.37 ^ accumulator._1219_/A (sky130_fd_sc_hd__nand3_2)
     2    0.01    0.08    0.07   11.45 v accumulator._1219_/Y (sky130_fd_sc_hd__nand3_2)
                                         accumulator._0316_ (net)
                  0.08    0.00   11.45 v accumulator._1228_/A2 (sky130_fd_sc_hd__a211o_1)
     2    0.01    0.07    0.34   11.79 v accumulator._1228_/X (sky130_fd_sc_hd__a211o_1)
                                         accumulator._0325_ (net)
                  0.07    0.00   11.79 v accumulator._1242_/A2 (sky130_fd_sc_hd__o22a_1)
     3    0.01    0.07    0.24   12.03 v accumulator._1242_/X (sky130_fd_sc_hd__o22a_1)
                                         accumulator._0339_ (net)
                  0.07    0.00   12.03 v accumulator._1243_/A (sky130_fd_sc_hd__buf_4)
    10    0.03    0.06    0.19   12.22 v accumulator._1243_/X (sky130_fd_sc_hd__buf_4)
                                         accumulator._0340_ (net)
                  0.06    0.00   12.22 v accumulator._1249_/B1 (sky130_fd_sc_hd__a21o_4)
     3    0.02    0.06    0.22   12.44 v accumulator._1249_/X (sky130_fd_sc_hd__a21o_4)
                                         accumulator._0346_ (net)
                  0.06    0.00   12.44 v accumulator._1250_/B (sky130_fd_sc_hd__xor2_4)
     3    0.03    0.10    0.19   12.64 v accumulator._1250_/X (sky130_fd_sc_hd__xor2_4)
                                         accumulator._0347_ (net)
                  0.10    0.00   12.64 v accumulator._1259_/A2 (sky130_fd_sc_hd__a21o_4)
     2    0.02    0.05    0.27   12.91 v accumulator._1259_/X (sky130_fd_sc_hd__a21o_4)
                                         accumulator._0356_ (net)
                  0.05    0.00   12.91 v accumulator._1264_/A2 (sky130_fd_sc_hd__a21o_1)
     2    0.01    0.04    0.20   13.10 v accumulator._1264_/X (sky130_fd_sc_hd__a21o_1)
                                         accumulator._0361_ (net)
                  0.04    0.00   13.10 v accumulator._1266_/A1 (sky130_fd_sc_hd__a21o_1)
     2    0.01    0.04    0.17   13.28 v accumulator._1266_/X (sky130_fd_sc_hd__a21o_1)
                                         accumulator._0363_ (net)
                  0.04    0.00   13.28 v accumulator._1272_/A1 (sky130_fd_sc_hd__a21o_1)
     2    0.02    0.10    0.23   13.50 v accumulator._1272_/X (sky130_fd_sc_hd__a21o_1)
                                         accumulator._0369_ (net)
                  0.10    0.00   13.50 v accumulator._1278_/A1 (sky130_fd_sc_hd__a21oi_4)
     3    0.02    0.17    0.21   13.71 ^ accumulator._1278_/Y (sky130_fd_sc_hd__a21oi_4)
                                         accumulator._0375_ (net)
                  0.17    0.00   13.71 ^ rebuffer21/A (sky130_fd_sc_hd__buf_6)
     2    0.02    0.05    0.15   13.86 ^ rebuffer21/X (sky130_fd_sc_hd__buf_6)
                                         net79 (net)
                  0.05    0.00   13.86 ^ accumulator._1289_/B (sky130_fd_sc_hd__xnor2_4)
     9    0.03    0.26    0.16   14.02 ^ accumulator._1289_/Y (sky130_fd_sc_hd__xnor2_4)
                                         accumulator._0386_ (net)
                  0.26    0.00   14.02 ^ accumulator._1330_/S (sky130_fd_sc_hd__mux2_4)
     6    0.02    0.07    0.38   14.40 v accumulator._1330_/X (sky130_fd_sc_hd__mux2_4)
                                         accumulator._0425_ (net)
                  0.07    0.00   14.40 v clone38/A (sky130_fd_sc_hd__buf_4)
     5    0.02    0.04    0.17   14.57 v clone38/X (sky130_fd_sc_hd__buf_4)
                                         net96 (net)
                  0.04    0.00   14.57 v accumulator._1526_/A1 (sky130_fd_sc_hd__a21o_1)
     2    0.01    0.05    0.18   14.75 v accumulator._1526_/X (sky130_fd_sc_hd__a21o_1)
                                         accumulator._0621_ (net)
                  0.05    0.00   14.75 v accumulator._1527_/A2 (sky130_fd_sc_hd__a21o_1)
     2    0.00    0.04    0.19   14.94 v accumulator._1527_/X (sky130_fd_sc_hd__a21o_1)
                                         accumulator._0622_ (net)
                  0.04    0.00   14.94 v accumulator._1528_/C (sky130_fd_sc_hd__and3_1)
     2    0.01    0.07    0.22   15.16 v accumulator._1528_/X (sky130_fd_sc_hd__and3_1)
                                         accumulator._0623_ (net)
                  0.07    0.00   15.16 v accumulator._1644_/A2 (sky130_fd_sc_hd__o311ai_4)
     3    0.01    0.29    0.34   15.50 ^ accumulator._1644_/Y (sky130_fd_sc_hd__o311ai_4)
                                         accumulator._0739_ (net)
                  0.29    0.00   15.50 ^ accumulator._1716_/A (sky130_fd_sc_hd__nand3_2)
     2    0.01    0.10    0.12   15.62 v accumulator._1716_/Y (sky130_fd_sc_hd__nand3_2)
                                         accumulator._0811_ (net)
                  0.10    0.00   15.62 v accumulator._1736_/A1 (sky130_fd_sc_hd__a2111o_4)
     5    0.02    0.09    0.52   16.14 v accumulator._1736_/X (sky130_fd_sc_hd__a2111o_4)
                                         accumulator._0831_ (net)
                  0.09    0.00   16.15 v accumulator._1738_/A1 (sky130_fd_sc_hd__a21o_1)
     3    0.01    0.06    0.21   16.35 v accumulator._1738_/X (sky130_fd_sc_hd__a21o_1)
                                         accumulator._0833_ (net)
                  0.06    0.00   16.35 v accumulator._1744_/A1 (sky130_fd_sc_hd__a2111o_1)
     3    0.01    0.10    0.43   16.78 v accumulator._1744_/X (sky130_fd_sc_hd__a2111o_1)
                                         accumulator._0839_ (net)
                  0.10    0.00   16.78 v accumulator._1748_/A1 (sky130_fd_sc_hd__a2111o_1)
     2    0.01    0.07    0.41   17.20 v accumulator._1748_/X (sky130_fd_sc_hd__a2111o_1)
                                         accumulator._0843_ (net)
                  0.07    0.00   17.20 v accumulator._1751_/A1 (sky130_fd_sc_hd__a21o_1)
     2    0.01    0.06    0.20   17.39 v accumulator._1751_/X (sky130_fd_sc_hd__a21o_1)
                                         accumulator._0846_ (net)
                  0.06    0.00   17.39 v accumulator._1773_/A1 (sky130_fd_sc_hd__a21o_1)
     2    0.01    0.05    0.18   17.57 v accumulator._1773_/X (sky130_fd_sc_hd__a21o_1)
                                         accumulator._0868_ (net)
                  0.05    0.00   17.57 v accumulator._1798_/A1 (sky130_fd_sc_hd__a311o_1)
     2    0.01    0.08    0.30   17.87 v accumulator._1798_/X (sky130_fd_sc_hd__a311o_1)
                                         accumulator._0893_ (net)
                  0.08    0.00   17.87 v accumulator._1814_/A2 (sky130_fd_sc_hd__a21o_1)
     2    0.01    0.07    0.24   18.11 v accumulator._1814_/X (sky130_fd_sc_hd__a21o_1)
                                         accumulator._0909_ (net)
                  0.07    0.00   18.11 v accumulator._1821_/A2 (sky130_fd_sc_hd__a21o_1)
     3    0.01    0.06    0.23   18.33 v accumulator._1821_/X (sky130_fd_sc_hd__a21o_1)
                                         accumulator._0916_ (net)
                  0.06    0.00   18.33 v accumulator._1926_/A2 (sky130_fd_sc_hd__a21o_1)
     3    0.01    0.08    0.24   18.57 v accumulator._1926_/X (sky130_fd_sc_hd__a21o_1)
                                         accumulator._1021_ (net)
                  0.08    0.00   18.57 v accumulator._2045_/S (sky130_fd_sc_hd__mux2_4)
     4    0.01    0.07    0.35   18.92 v accumulator._2045_/X (sky130_fd_sc_hd__mux2_4)
                                         accumulator._1140_ (net)
                  0.07    0.00   18.92 v accumulator._2059_/B2 (sky130_fd_sc_hd__a221oi_2)
     1    0.00    0.18    0.24   19.17 ^ accumulator._2059_/Y (sky130_fd_sc_hd__a221oi_2)
                                         accumulator._1155_ (net)
                  0.18    0.00   19.17 ^ accumulator._2060_/A1 (sky130_fd_sc_hd__o21ai_1)
     1    0.00    0.09    0.11   19.28 v accumulator._2060_/Y (sky130_fd_sc_hd__o21ai_1)
                                         accumulator._1156_ (net)
                  0.09    0.00   19.28 v accumulator._2061_/A1 (sky130_fd_sc_hd__a21o_1)
     1    0.00    0.03    0.18   19.46 v accumulator._2061_/X (sky130_fd_sc_hd__a21o_1)
                                         accumulator._1157_ (net)
                  0.03    0.00   19.46 v accumulator._2062_/A1 (sky130_fd_sc_hd__a21o_1)
     1    0.00    0.04    0.16   19.61 v accumulator._2062_/X (sky130_fd_sc_hd__a21o_1)
                                         accumulator._1158_ (net)
                  0.04    0.00   19.61 v accumulator._2063_/A1 (sky130_fd_sc_hd__a21o_1)
     1    0.00    0.03    0.15   19.77 v accumulator._2063_/X (sky130_fd_sc_hd__a21o_1)
                                         accumulator._1159_ (net)
                  0.03    0.00   19.77 v accumulator._2064_/A1 (sky130_fd_sc_hd__a21o_1)
     1    0.00    0.04    0.16   19.92 v accumulator._2064_/X (sky130_fd_sc_hd__a21o_1)
                                         accumulator._1160_ (net)
                  0.04    0.00   19.92 v accumulator._2065_/A1 (sky130_fd_sc_hd__a21oi_1)
     1    0.00    0.13    0.14   20.07 ^ accumulator._2065_/Y (sky130_fd_sc_hd__a21oi_1)
                                         accumulator._1161_ (net)
                  0.13    0.00   20.07 ^ accumulator._2067_/A1 (sky130_fd_sc_hd__o21ai_1)
     1    0.00    0.06    0.09   20.16 v accumulator._2067_/Y (sky130_fd_sc_hd__o21ai_1)
                                         accumulator._1163_ (net)
                  0.06    0.00   20.16 v accumulator._2068_/A1 (sky130_fd_sc_hd__a21o_1)
     1    0.00    0.03    0.16   20.33 v accumulator._2068_/X (sky130_fd_sc_hd__a21o_1)
                                         accumulator._1164_ (net)
                  0.03    0.00   20.33 v accumulator._2069_/A1 (sky130_fd_sc_hd__a21o_1)
     1    0.01    0.04    0.16   20.49 v accumulator._2069_/X (sky130_fd_sc_hd__a21o_1)
                                         accumulator._1165_ (net)
                  0.04    0.00   20.49 v accumulator._2070_/A1 (sky130_fd_sc_hd__a211o_1)
     1    0.01    0.06    0.28   20.77 v accumulator._2070_/X (sky130_fd_sc_hd__a211o_1)
                                         accumulator._1167_ (net)
                  0.06    0.00   20.77 v accumulator._2073_/B2 (sky130_fd_sc_hd__a2bb2o_4)
     4    0.03    0.07    0.26   21.03 v accumulator._2073_/X (sky130_fd_sc_hd__a2bb2o_4)
                                         accumulator._1170_ (net)
                  0.07    0.00   21.03 v accumulator._2074_/A (sky130_fd_sc_hd__buf_8)
     6    0.04    0.04    0.15   21.18 v accumulator._2074_/X (sky130_fd_sc_hd__buf_8)
                                         accumulator._1171_ (net)
                  0.04    0.00   21.19 v clone45/A (sky130_fd_sc_hd__clkbuf_16)
     5    0.02    0.03    0.15   21.34 v clone45/X (sky130_fd_sc_hd__clkbuf_16)
                                         net103 (net)
                  0.03    0.00   21.34 v accumulator._2102_/S (sky130_fd_sc_hd__mux2_1)
     2    0.01    0.07    0.34   21.67 v accumulator._2102_/X (sky130_fd_sc_hd__mux2_1)
                                         accumulator._0058_ (net)
                  0.07    0.00   21.67 v accumulator._2121_/A0 (sky130_fd_sc_hd__mux2_2)
     3    0.01    0.07    0.31   21.99 v accumulator._2121_/X (sky130_fd_sc_hd__mux2_2)
                                         accumulator._0077_ (net)
                  0.07    0.00   21.99 v accumulator._2127_/A1 (sky130_fd_sc_hd__a21oi_2)
     3    0.01    0.12    0.15   22.14 ^ accumulator._2127_/Y (sky130_fd_sc_hd__a21oi_2)
                                         accumulator._0083_ (net)
                  0.12    0.00   22.14 ^ accumulator._2128_/B2 (sky130_fd_sc_hd__o22a_1)
     1    0.00    0.06    0.15   22.29 ^ accumulator._2128_/X (sky130_fd_sc_hd__o22a_1)
                                         accumulator._0084_ (net)
                  0.06    0.00   22.29 ^ accumulator._2129_/B (sky130_fd_sc_hd__nor2_1)
     1    0.00    0.03    0.04   22.33 v accumulator._2129_/Y (sky130_fd_sc_hd__nor2_1)
                                         accumulator._0005_ (net)
                  0.03    0.00   22.33 v accumulator._2360_/D (sky130_fd_sc_hd__dfxtp_1)
                                 22.33   data arrival time

                         25.00   25.00   clock clock (rise edge)
                          0.00   25.00   clock source latency
     1    0.01    0.07    0.05   25.05 ^ clock (in)
                                         clock (net)
                  0.07    0.00   25.05 ^ clkbuf_0_clock/A (sky130_fd_sc_hd__clkbuf_16)
     4    0.03    0.05    0.14   25.19 ^ clkbuf_0_clock/X (sky130_fd_sc_hd__clkbuf_16)
                                         clknet_0_clock (net)
                  0.05    0.00   25.19 ^ clkbuf_2_0__f_clock/A (sky130_fd_sc_hd__clkbuf_16)
    11    0.03    0.05    0.13   25.32 ^ clkbuf_2_0__f_clock/X (sky130_fd_sc_hd__clkbuf_16)
                                         clknet_2_0__leaf_clock (net)
                  0.05    0.00   25.32 ^ accumulator._2360_/CLK (sky130_fd_sc_hd__dfxtp_1)
                         -0.25   25.07   clock uncertainty
                          0.00   25.07   clock reconvergence pessimism
                         -0.10   24.97   library setup time
                                 24.97   data required time
-----------------------------------------------------------------------------
                                 24.97   data required time
                                -22.33   data arrival time
-----------------------------------------------------------------------------
                                  2.63   slack (MET)


Startpoint: io_inScaleA[7] (input port clocked by clock)
Endpoint: accumulator._2357_ (rising edge-triggered flip-flop clocked by clock)
Path Group: clock
Path Type: max

Fanout     Cap    Slew   Delay    Time   Description
-----------------------------------------------------------------------------
                          0.00    0.00   clock clock (rise edge)
                          0.00    0.00   clock network delay (propagated)
                          5.00    5.00 v input external delay
     1    0.01    0.01    0.01    5.01 v io_inScaleA[7] (in)
                                         io_inScaleA[7] (net)
                  0.01    0.00    5.01 v input16/A (sky130_fd_sc_hd__clkbuf_2)
     5    0.02    0.07    0.13    5.14 v input16/X (sky130_fd_sc_hd__clkbuf_2)
                                         net16 (net)
                  0.07    0.00    5.14 v scaleAdd._280_/A1 (sky130_fd_sc_hd__o31a_1)
     3    0.01    0.07    0.34    5.48 v scaleAdd._280_/X (sky130_fd_sc_hd__o31a_1)
                                         scaleAdd._222_ (net)
                  0.07    0.00    5.48 v scaleAdd._282_/A2 (sky130_fd_sc_hd__a21o_1)
     3    0.01    0.08    0.24    5.72 v scaleAdd._282_/X (sky130_fd_sc_hd__a21o_1)
                                         scaleAdd._224_ (net)
                  0.08    0.00    5.72 v scaleAdd._284_/A1 (sky130_fd_sc_hd__a21oi_4)
     3    0.02    0.16    0.19    5.91 ^ scaleAdd._284_/Y (sky130_fd_sc_hd__a21oi_4)
                                         scaleAdd._226_ (net)
                  0.16    0.00    5.91 ^ scaleAdd._287_/A (sky130_fd_sc_hd__xnor2_2)
     1    0.01    0.19    0.16    6.08 ^ scaleAdd._287_/Y (sky130_fd_sc_hd__xnor2_2)
                                         scaleAdd._229_ (net)
                  0.19    0.00    6.08 ^ scaleAdd._288_/A (sky130_fd_sc_hd__xnor2_2)
     3    0.02    0.10    0.14    6.22 v scaleAdd._288_/Y (sky130_fd_sc_hd__xnor2_2)
                                         scaleAdd._230_ (net)
                  0.10    0.00    6.22 v scaleAdd._346_/A2 (sky130_fd_sc_hd__a21o_1)
     1    0.01    0.05    0.22    6.44 v scaleAdd._346_/X (sky130_fd_sc_hd__a21o_1)
                                         scaleAdd._052_ (net)
                  0.05    0.00    6.44 v scaleAdd._348_/A2 (sky130_fd_sc_hd__a21o_4)
     2    0.03    0.06    0.26    6.70 v scaleAdd._348_/X (sky130_fd_sc_hd__a21o_4)
                                         scaleAdd._054_ (net)
                  0.06    0.00    6.70 v scaleAdd._349_/A (sky130_fd_sc_hd__xor2_4)
     5    0.01    0.08    0.20    6.90 v scaleAdd._349_/X (sky130_fd_sc_hd__xor2_4)
                                         scaleAdd._055_ (net)
                  0.08    0.00    6.90 v scaleAdd._351_/A1 (sky130_fd_sc_hd__a21o_1)
     2    0.01    0.05    0.19    7.09 v scaleAdd._351_/X (sky130_fd_sc_hd__a21o_1)
                                         scaleAdd._057_ (net)
                  0.05    0.00    7.09 v scaleAdd._353_/A (sky130_fd_sc_hd__and3_1)
     3    0.01    0.06    0.17    7.26 v scaleAdd._353_/X (sky130_fd_sc_hd__and3_1)
                                         scaleAdd._059_ (net)
                  0.06    0.00    7.26 v scaleAdd._355_/B (sky130_fd_sc_hd__or3_4)
     3    0.01    0.07    0.39    7.66 v scaleAdd._355_/X (sky130_fd_sc_hd__or3_4)
                                         scaleAdd._061_ (net)
                  0.07    0.00    7.66 v scaleAdd._359_/A1 (sky130_fd_sc_hd__a21o_1)
     2    0.01    0.05    0.18    7.84 v scaleAdd._359_/X (sky130_fd_sc_hd__a21o_1)
                                         scaleAdd._065_ (net)
                  0.05    0.00    7.84 v scaleAdd._383_/A2 (sky130_fd_sc_hd__a21o_1)
     2    0.01    0.04    0.19    8.03 v scaleAdd._383_/X (sky130_fd_sc_hd__a21o_1)
                                         scaleAdd._088_ (net)
                  0.04    0.00    8.03 v scaleAdd._399_/A1 (sky130_fd_sc_hd__a21o_1)
     2    0.01    0.07    0.19    8.22 v scaleAdd._399_/X (sky130_fd_sc_hd__a21o_1)
                                         scaleAdd._103_ (net)
                  0.07    0.00    8.22 v scaleAdd._417_/A1 (sky130_fd_sc_hd__a21bo_1)
     2    0.01    0.05    0.19    8.42 v scaleAdd._417_/X (sky130_fd_sc_hd__a21bo_1)
                                         scaleAdd._120_ (net)
                  0.05    0.00    8.42 v scaleAdd._432_/A1 (sky130_fd_sc_hd__a21o_1)
     2    0.01    0.05    0.18    8.60 v scaleAdd._432_/X (sky130_fd_sc_hd__a21o_1)
                                         scaleAdd._134_ (net)
                  0.05    0.00    8.60 v scaleAdd._444_/A1 (sky130_fd_sc_hd__a21o_1)
     2    0.01    0.05    0.18    8.78 v scaleAdd._444_/X (sky130_fd_sc_hd__a21o_1)
                                         scaleAdd._145_ (net)
                  0.05    0.00    8.78 v scaleAdd._447_/A1 (sky130_fd_sc_hd__a21o_1)
     2    0.00    0.04    0.17    8.95 v scaleAdd._447_/X (sky130_fd_sc_hd__a21o_1)
                                         scaleAdd._147_ (net)
                  0.04    0.00    8.95 v rebuffer19/A (sky130_fd_sc_hd__clkbuf_2)
     1    0.01    0.05    0.12    9.07 v rebuffer19/X (sky130_fd_sc_hd__clkbuf_2)
                                         net77 (net)
                  0.05    0.00    9.07 v scaleAdd._448_/A (sky130_fd_sc_hd__xor2_2)
     4    0.01    0.08    0.20    9.27 v scaleAdd._448_/X (sky130_fd_sc_hd__xor2_2)
                                         accumulator.io_inMant[14] (net)
                  0.08    0.00    9.27 v accumulator._1181_/A (sky130_fd_sc_hd__or4_4)
     1    0.01    0.09    0.58    9.85 v accumulator._1181_/X (sky130_fd_sc_hd__or4_4)
                                         accumulator._0045_ (net)
                  0.09    0.00    9.85 v accumulator._1182_/A (sky130_fd_sc_hd__buf_8)
     8    0.02    0.03    0.15   10.00 v accumulator._1182_/X (sky130_fd_sc_hd__buf_8)
                                         accumulator._0055_ (net)
                  0.03    0.00   10.00 v accumulator._1200_/A_N (sky130_fd_sc_hd__and2b_1)
     3    0.01    0.08    0.22   10.22 ^ accumulator._1200_/X (sky130_fd_sc_hd__and2b_1)
                                         accumulator._0232_ (net)
                  0.08    0.00   10.22 ^ accumulator._1201_/B1_N (sky130_fd_sc_hd__o21ba_4)
     3    0.01    0.04    0.17   10.39 v accumulator._1201_/X (sky130_fd_sc_hd__o21ba_4)
                                         accumulator._0241_ (net)
                  0.04    0.00   10.39 v accumulator._1202_/A (sky130_fd_sc_hd__and2_4)
     3    0.01    0.03    0.14   10.53 v accumulator._1202_/X (sky130_fd_sc_hd__and2_4)
                                         accumulator._0251_ (net)
                  0.03    0.00   10.53 v accumulator._1204_/B (sky130_fd_sc_hd__or2_4)
     3    0.01    0.05    0.24   10.78 v accumulator._1204_/X (sky130_fd_sc_hd__or2_4)
                                         accumulator._0271_ (net)
                  0.05    0.00   10.78 v accumulator._1205_/A (sky130_fd_sc_hd__inv_2)
     3    0.01    0.05    0.07   10.85 ^ accumulator._1205_/Y (sky130_fd_sc_hd__inv_2)
                                         accumulator._0281_ (net)
                  0.05    0.00   10.85 ^ accumulator._1218_/A1 (sky130_fd_sc_hd__a311o_1)
     3    0.01    0.12    0.21   11.06 ^ accumulator._1218_/X (sky130_fd_sc_hd__a311o_1)
                                         accumulator._0315_ (net)
                  0.12    0.00   11.06 ^ rebuffer25/A (sky130_fd_sc_hd__clkbuf_1)
     1    0.00    0.06    0.12   11.18 ^ rebuffer25/X (sky130_fd_sc_hd__clkbuf_1)
                                         net83 (net)
                  0.06    0.00   11.18 ^ rebuffer10/A (sky130_fd_sc_hd__clkbuf_2)
     1    0.00    0.03    0.10   11.28 ^ rebuffer10/X (sky130_fd_sc_hd__clkbuf_2)
                                         net68 (net)
                  0.03    0.00   11.28 ^ rebuffer8/A (sky130_fd_sc_hd__clkbuf_1)
     1    0.01    0.07    0.10   11.37 ^ rebuffer8/X (sky130_fd_sc_hd__clkbuf_1)
                                         net66 (net)
                  0.07    0.00   11.37 ^ accumulator._1219_/A (sky130_fd_sc_hd__nand3_2)
     2    0.01    0.08    0.07   11.45 v accumulator._1219_/Y (sky130_fd_sc_hd__nand3_2)
                                         accumulator._0316_ (net)
                  0.08    0.00   11.45 v accumulator._1228_/A2 (sky130_fd_sc_hd__a211o_1)
     2    0.01    0.07    0.34   11.79 v accumulator._1228_/X (sky130_fd_sc_hd__a211o_1)
                                         accumulator._0325_ (net)
                  0.07    0.00   11.79 v accumulator._1242_/A2 (sky130_fd_sc_hd__o22a_1)
     3    0.01    0.07    0.24   12.03 v accumulator._1242_/X (sky130_fd_sc_hd__o22a_1)
                                         accumulator._0339_ (net)
                  0.07    0.00   12.03 v accumulator._1243_/A (sky130_fd_sc_hd__buf_4)
    10    0.03    0.06    0.19   12.22 v accumulator._1243_/X (sky130_fd_sc_hd__buf_4)
                                         accumulator._0340_ (net)
                  0.06    0.00   12.22 v accumulator._1249_/B1 (sky130_fd_sc_hd__a21o_4)
     3    0.02    0.06    0.22   12.44 v accumulator._1249_/X (sky130_fd_sc_hd__a21o_4)
                                         accumulator._0346_ (net)
                  0.06    0.00   12.44 v accumulator._1250_/B (sky130_fd_sc_hd__xor2_4)
     3    0.03    0.10    0.19   12.64 v accumulator._1250_/X (sky130_fd_sc_hd__xor2_4)
                                         accumulator._0347_ (net)
                  0.10    0.00   12.64 v accumulator._1259_/A2 (sky130_fd_sc_hd__a21o_4)
     2    0.02    0.05    0.27   12.91 v accumulator._1259_/X (sky130_fd_sc_hd__a21o_4)
                                         accumulator._0356_ (net)
                  0.05    0.00   12.91 v accumulator._1264_/A2 (sky130_fd_sc_hd__a21o_1)
     2    0.01    0.04    0.20   13.10 v accumulator._1264_/X (sky130_fd_sc_hd__a21o_1)
                                         accumulator._0361_ (net)
                  0.04    0.00   13.10 v accumulator._1266_/A1 (sky130_fd_sc_hd__a21o_1)
     2    0.01    0.04    0.17   13.28 v accumulator._1266_/X (sky130_fd_sc_hd__a21o_1)
                                         accumulator._0363_ (net)
                  0.04    0.00   13.28 v accumulator._1272_/A1 (sky130_fd_sc_hd__a21o_1)
     2    0.02    0.10    0.23   13.50 v accumulator._1272_/X (sky130_fd_sc_hd__a21o_1)
                                         accumulator._0369_ (net)
                  0.10    0.00   13.50 v accumulator._1278_/A1 (sky130_fd_sc_hd__a21oi_4)
     3    0.02    0.17    0.21   13.71 ^ accumulator._1278_/Y (sky130_fd_sc_hd__a21oi_4)
                                         accumulator._0375_ (net)
                  0.17    0.00   13.71 ^ rebuffer21/A (sky130_fd_sc_hd__buf_6)
     2    0.02    0.05    0.15   13.86 ^ rebuffer21/X (sky130_fd_sc_hd__buf_6)
                                         net79 (net)
                  0.05    0.00   13.86 ^ accumulator._1289_/B (sky130_fd_sc_hd__xnor2_4)
     9    0.03    0.26    0.16   14.02 ^ accumulator._1289_/Y (sky130_fd_sc_hd__xnor2_4)
                                         accumulator._0386_ (net)
                  0.26    0.00   14.02 ^ accumulator._1330_/S (sky130_fd_sc_hd__mux2_4)
     6    0.02    0.07    0.38   14.40 v accumulator._1330_/X (sky130_fd_sc_hd__mux2_4)
                                         accumulator._0425_ (net)
                  0.07    0.00   14.40 v clone38/A (sky130_fd_sc_hd__buf_4)
     5    0.02    0.04    0.17   14.57 v clone38/X (sky130_fd_sc_hd__buf_4)
                                         net96 (net)
                  0.04    0.00   14.57 v accumulator._1526_/A1 (sky130_fd_sc_hd__a21o_1)
     2    0.01    0.05    0.18   14.75 v accumulator._1526_/X (sky130_fd_sc_hd__a21o_1)
                                         accumulator._0621_ (net)
                  0.05    0.00   14.75 v accumulator._1527_/A2 (sky130_fd_sc_hd__a21o_1)
     2    0.00    0.04    0.19   14.94 v accumulator._1527_/X (sky130_fd_sc_hd__a21o_1)
                                         accumulator._0622_ (net)
                  0.04    0.00   14.94 v accumulator._1528_/C (sky130_fd_sc_hd__and3_1)
     2    0.01    0.07    0.22   15.16 v accumulator._1528_/X (sky130_fd_sc_hd__and3_1)
                                         accumulator._0623_ (net)
                  0.07    0.00   15.16 v accumulator._1644_/A2 (sky130_fd_sc_hd__o311ai_4)
     3    0.01    0.29    0.34   15.50 ^ accumulator._1644_/Y (sky130_fd_sc_hd__o311ai_4)
                                         accumulator._0739_ (net)
                  0.29    0.00   15.50 ^ accumulator._1716_/A (sky130_fd_sc_hd__nand3_2)
     2    0.01    0.10    0.12   15.62 v accumulator._1716_/Y (sky130_fd_sc_hd__nand3_2)
                                         accumulator._0811_ (net)
                  0.10    0.00   15.62 v accumulator._1736_/A1 (sky130_fd_sc_hd__a2111o_4)
     5    0.02    0.09    0.52   16.14 v accumulator._1736_/X (sky130_fd_sc_hd__a2111o_4)
                                         accumulator._0831_ (net)
                  0.09    0.00   16.15 v accumulator._1738_/A1 (sky130_fd_sc_hd__a21o_1)
     3    0.01    0.06    0.21   16.35 v accumulator._1738_/X (sky130_fd_sc_hd__a21o_1)
                                         accumulator._0833_ (net)
                  0.06    0.00   16.35 v accumulator._1744_/A1 (sky130_fd_sc_hd__a2111o_1)
     3    0.01    0.10    0.43   16.78 v accumulator._1744_/X (sky130_fd_sc_hd__a2111o_1)
                                         accumulator._0839_ (net)
                  0.10    0.00   16.78 v accumulator._1748_/A1 (sky130_fd_sc_hd__a2111o_1)
     2    0.01    0.07    0.41   17.20 v accumulator._1748_/X (sky130_fd_sc_hd__a2111o_1)
                                         accumulator._0843_ (net)
                  0.07    0.00   17.20 v accumulator._1751_/A1 (sky130_fd_sc_hd__a21o_1)
     2    0.01    0.06    0.20   17.39 v accumulator._1751_/X (sky130_fd_sc_hd__a21o_1)
                                         accumulator._0846_ (net)
                  0.06    0.00   17.39 v accumulator._1773_/A1 (sky130_fd_sc_hd__a21o_1)
     2    0.01    0.05    0.18   17.57 v accumulator._1773_/X (sky130_fd_sc_hd__a21o_1)
                                         accumulator._0868_ (net)
                  0.05    0.00   17.57 v accumulator._1798_/A1 (sky130_fd_sc_hd__a311o_1)
     2    0.01    0.08    0.30   17.87 v accumulator._1798_/X (sky130_fd_sc_hd__a311o_1)
                                         accumulator._0893_ (net)
                  0.08    0.00   17.87 v accumulator._1814_/A2 (sky130_fd_sc_hd__a21o_1)
     2    0.01    0.07    0.24   18.11 v accumulator._1814_/X (sky130_fd_sc_hd__a21o_1)
                                         accumulator._0909_ (net)
                  0.07    0.00   18.11 v accumulator._1821_/A2 (sky130_fd_sc_hd__a21o_1)
     3    0.01    0.06    0.23   18.33 v accumulator._1821_/X (sky130_fd_sc_hd__a21o_1)
                                         accumulator._0916_ (net)
                  0.06    0.00   18.33 v accumulator._1926_/A2 (sky130_fd_sc_hd__a21o_1)
     3    0.01    0.08    0.24   18.57 v accumulator._1926_/X (sky130_fd_sc_hd__a21o_1)
                                         accumulator._1021_ (net)
                  0.08    0.00   18.57 v accumulator._2045_/S (sky130_fd_sc_hd__mux2_4)
     4    0.01    0.07    0.35   18.92 v accumulator._2045_/X (sky130_fd_sc_hd__mux2_4)
                                         accumulator._1140_ (net)
                  0.07    0.00   18.92 v accumulator._2059_/B2 (sky130_fd_sc_hd__a221oi_2)
     1    0.00    0.18    0.24   19.17 ^ accumulator._2059_/Y (sky130_fd_sc_hd__a221oi_2)
                                         accumulator._1155_ (net)
                  0.18    0.00   19.17 ^ accumulator._2060_/A1 (sky130_fd_sc_hd__o21ai_1)
     1    0.00    0.09    0.11   19.28 v accumulator._2060_/Y (sky130_fd_sc_hd__o21ai_1)
                                         accumulator._1156_ (net)
                  0.09    0.00   19.28 v accumulator._2061_/A1 (sky130_fd_sc_hd__a21o_1)
     1    0.00    0.03    0.18   19.46 v accumulator._2061_/X (sky130_fd_sc_hd__a21o_1)
                                         accumulator._1157_ (net)
                  0.03    0.00   19.46 v accumulator._2062_/A1 (sky130_fd_sc_hd__a21o_1)
     1    0.00    0.04    0.16   19.61 v accumulator._2062_/X (sky130_fd_sc_hd__a21o_1)
                                         accumulator._1158_ (net)
                  0.04    0.00   19.61 v accumulator._2063_/A1 (sky130_fd_sc_hd__a21o_1)
     1    0.00    0.03    0.15   19.77 v accumulator._2063_/X (sky130_fd_sc_hd__a21o_1)
                                         accumulator._1159_ (net)
                  0.03    0.00   19.77 v accumulator._2064_/A1 (sky130_fd_sc_hd__a21o_1)
     1    0.00    0.04    0.16   19.92 v accumulator._2064_/X (sky130_fd_sc_hd__a21o_1)
                                         accumulator._1160_ (net)
                  0.04    0.00   19.92 v accumulator._2065_/A1 (sky130_fd_sc_hd__a21oi_1)
     1    0.00    0.13    0.14   20.07 ^ accumulator._2065_/Y (sky130_fd_sc_hd__a21oi_1)
                                         accumulator._1161_ (net)
                  0.13    0.00   20.07 ^ accumulator._2067_/A1 (sky130_fd_sc_hd__o21ai_1)
     1    0.00    0.06    0.09   20.16 v accumulator._2067_/Y (sky130_fd_sc_hd__o21ai_1)
                                         accumulator._1163_ (net)
                  0.06    0.00   20.16 v accumulator._2068_/A1 (sky130_fd_sc_hd__a21o_1)
     1    0.00    0.03    0.16   20.33 v accumulator._2068_/X (sky130_fd_sc_hd__a21o_1)
                                         accumulator._1164_ (net)
                  0.03    0.00   20.33 v accumulator._2069_/A1 (sky130_fd_sc_hd__a21o_1)
     1    0.01    0.04    0.16   20.49 v accumulator._2069_/X (sky130_fd_sc_hd__a21o_1)
                                         accumulator._1165_ (net)
                  0.04    0.00   20.49 v accumulator._2070_/A1 (sky130_fd_sc_hd__a211o_1)
     1    0.01    0.06    0.28   20.77 v accumulator._2070_/X (sky130_fd_sc_hd__a211o_1)
                                         accumulator._1167_ (net)
                  0.06    0.00   20.77 v accumulator._2073_/B2 (sky130_fd_sc_hd__a2bb2o_4)
     4    0.03    0.07    0.26   21.03 v accumulator._2073_/X (sky130_fd_sc_hd__a2bb2o_4)
                                         accumulator._1170_ (net)
                  0.07    0.00   21.03 v clone42/A (sky130_fd_sc_hd__clkbuf_16)
     5    0.02    0.04    0.17   21.20 v clone42/X (sky130_fd_sc_hd__clkbuf_16)
                                         net100 (net)
                  0.04    0.00   21.20 v accumulator._2077_/S (sky130_fd_sc_hd__mux2_2)
     2    0.01    0.06    0.29   21.49 v accumulator._2077_/X (sky130_fd_sc_hd__mux2_2)
                                         accumulator._1174_ (net)
                  0.06    0.00   21.49 v accumulator._2088_/A1 (sky130_fd_sc_hd__mux2_4)
     2    0.01    0.06    0.28   21.78 v accumulator._2088_/X (sky130_fd_sc_hd__mux2_4)
                                         accumulator._0043_ (net)
                  0.06    0.00   21.78 v accumulator._2094_/A2 (sky130_fd_sc_hd__a21oi_1)
     3    0.01    0.18    0.20   21.98 ^ accumulator._2094_/Y (sky130_fd_sc_hd__a21oi_1)
                                         accumulator._0050_ (net)
                  0.18    0.00   21.98 ^ accumulator._2095_/B2 (sky130_fd_sc_hd__a22o_1)
     1    0.00    0.04    0.15   22.13 ^ accumulator._2095_/X (sky130_fd_sc_hd__a22o_1)
                                         accumulator._0051_ (net)
                  0.04    0.00   22.13 ^ accumulator._2096_/B (sky130_fd_sc_hd__and2_1)
     1    0.00    0.05    0.13   22.25 ^ accumulator._2096_/X (sky130_fd_sc_hd__and2_1)
                                         accumulator._0052_ (net)
                  0.05    0.00   22.25 ^ accumulator._2097_/A (sky130_fd_sc_hd__clkbuf_1)
     1    0.00    0.05    0.09   22.34 ^ accumulator._2097_/X (sky130_fd_sc_hd__clkbuf_1)
                                         accumulator._0002_ (net)
                  0.05    0.00   22.34 ^ accumulator._2357_/D (sky130_fd_sc_hd__dfxtp_2)
                                 22.34   data arrival time

                         25.00   25.00   clock clock (rise edge)
                          0.00   25.00   clock source latency
     1    0.01    0.07    0.05   25.05 ^ clock (in)
                                         clock (net)
                  0.07    0.00   25.05 ^ clkbuf_0_clock/A (sky130_fd_sc_hd__clkbuf_16)
     4    0.03    0.05    0.14   25.19 ^ clkbuf_0_clock/X (sky130_fd_sc_hd__clkbuf_16)
                                         clknet_0_clock (net)
                  0.05    0.00   25.19 ^ clkbuf_2_0__f_clock/A (sky130_fd_sc_hd__clkbuf_16)
    11    0.03    0.05    0.13   25.32 ^ clkbuf_2_0__f_clock/X (sky130_fd_sc_hd__clkbuf_16)
                                         clknet_2_0__leaf_clock (net)
                  0.05    0.00   25.32 ^ accumulator._2357_/CLK (sky130_fd_sc_hd__dfxtp_2)
                         -0.25   25.07   clock uncertainty
                          0.00   25.07   clock reconvergence pessimism
                         -0.06   25.01   library setup time
                                 25.01   data required time
-----------------------------------------------------------------------------
                                 25.01   data required time
                                -22.34   data arrival time
-----------------------------------------------------------------------------
                                  2.67   slack (MET)


Startpoint: io_inScaleA[7] (input port clocked by clock)
Endpoint: accumulator._2384_ (rising edge-triggered flip-flop clocked by clock)
Path Group: clock
Path Type: max

Fanout     Cap    Slew   Delay    Time   Description
-----------------------------------------------------------------------------
                          0.00    0.00   clock clock (rise edge)
                          0.00    0.00   clock network delay (propagated)
                          5.00    5.00 v input external delay
     1    0.01    0.01    0.01    5.01 v io_inScaleA[7] (in)
                                         io_inScaleA[7] (net)
                  0.01    0.00    5.01 v input16/A (sky130_fd_sc_hd__clkbuf_2)
     5    0.02    0.07    0.13    5.14 v input16/X (sky130_fd_sc_hd__clkbuf_2)
                                         net16 (net)
                  0.07    0.00    5.14 v scaleAdd._280_/A1 (sky130_fd_sc_hd__o31a_1)
     3    0.01    0.07    0.34    5.48 v scaleAdd._280_/X (sky130_fd_sc_hd__o31a_1)
                                         scaleAdd._222_ (net)
                  0.07    0.00    5.48 v scaleAdd._282_/A2 (sky130_fd_sc_hd__a21o_1)
     3    0.01    0.08    0.24    5.72 v scaleAdd._282_/X (sky130_fd_sc_hd__a21o_1)
                                         scaleAdd._224_ (net)
                  0.08    0.00    5.72 v scaleAdd._284_/A1 (sky130_fd_sc_hd__a21oi_4)
     3    0.02    0.16    0.19    5.91 ^ scaleAdd._284_/Y (sky130_fd_sc_hd__a21oi_4)
                                         scaleAdd._226_ (net)
                  0.16    0.00    5.91 ^ scaleAdd._287_/A (sky130_fd_sc_hd__xnor2_2)
     1    0.01    0.19    0.16    6.08 ^ scaleAdd._287_/Y (sky130_fd_sc_hd__xnor2_2)
                                         scaleAdd._229_ (net)
                  0.19    0.00    6.08 ^ scaleAdd._288_/A (sky130_fd_sc_hd__xnor2_2)
     3    0.02    0.10    0.14    6.22 v scaleAdd._288_/Y (sky130_fd_sc_hd__xnor2_2)
                                         scaleAdd._230_ (net)
                  0.10    0.00    6.22 v scaleAdd._346_/A2 (sky130_fd_sc_hd__a21o_1)
     1    0.01    0.05    0.22    6.44 v scaleAdd._346_/X (sky130_fd_sc_hd__a21o_1)
                                         scaleAdd._052_ (net)
                  0.05    0.00    6.44 v scaleAdd._348_/A2 (sky130_fd_sc_hd__a21o_4)
     2    0.03    0.06    0.26    6.70 v scaleAdd._348_/X (sky130_fd_sc_hd__a21o_4)
                                         scaleAdd._054_ (net)
                  0.06    0.00    6.70 v scaleAdd._349_/A (sky130_fd_sc_hd__xor2_4)
     5    0.01    0.08    0.20    6.90 v scaleAdd._349_/X (sky130_fd_sc_hd__xor2_4)
                                         scaleAdd._055_ (net)
                  0.08    0.00    6.90 v scaleAdd._351_/A1 (sky130_fd_sc_hd__a21o_1)
     2    0.01    0.05    0.19    7.09 v scaleAdd._351_/X (sky130_fd_sc_hd__a21o_1)
                                         scaleAdd._057_ (net)
                  0.05    0.00    7.09 v scaleAdd._353_/A (sky130_fd_sc_hd__and3_1)
     3    0.01    0.06    0.17    7.26 v scaleAdd._353_/X (sky130_fd_sc_hd__and3_1)
                                         scaleAdd._059_ (net)
                  0.06    0.00    7.26 v scaleAdd._355_/B (sky130_fd_sc_hd__or3_4)
     3    0.01    0.07    0.39    7.66 v scaleAdd._355_/X (sky130_fd_sc_hd__or3_4)
                                         scaleAdd._061_ (net)
                  0.07    0.00    7.66 v scaleAdd._359_/A1 (sky130_fd_sc_hd__a21o_1)
     2    0.01    0.05    0.18    7.84 v scaleAdd._359_/X (sky130_fd_sc_hd__a21o_1)
                                         scaleAdd._065_ (net)
                  0.05    0.00    7.84 v scaleAdd._383_/A2 (sky130_fd_sc_hd__a21o_1)
     2    0.01    0.04    0.19    8.03 v scaleAdd._383_/X (sky130_fd_sc_hd__a21o_1)
                                         scaleAdd._088_ (net)
                  0.04    0.00    8.03 v scaleAdd._399_/A1 (sky130_fd_sc_hd__a21o_1)
     2    0.01    0.07    0.19    8.22 v scaleAdd._399_/X (sky130_fd_sc_hd__a21o_1)
                                         scaleAdd._103_ (net)
                  0.07    0.00    8.22 v scaleAdd._417_/A1 (sky130_fd_sc_hd__a21bo_1)
     2    0.01    0.05    0.19    8.42 v scaleAdd._417_/X (sky130_fd_sc_hd__a21bo_1)
                                         scaleAdd._120_ (net)
                  0.05    0.00    8.42 v scaleAdd._432_/A1 (sky130_fd_sc_hd__a21o_1)
     2    0.01    0.05    0.18    8.60 v scaleAdd._432_/X (sky130_fd_sc_hd__a21o_1)
                                         scaleAdd._134_ (net)
                  0.05    0.00    8.60 v scaleAdd._444_/A1 (sky130_fd_sc_hd__a21o_1)
     2    0.01    0.05    0.18    8.78 v scaleAdd._444_/X (sky130_fd_sc_hd__a21o_1)
                                         scaleAdd._145_ (net)
                  0.05    0.00    8.78 v scaleAdd._447_/A1 (sky130_fd_sc_hd__a21o_1)
     2    0.00    0.04    0.17    8.95 v scaleAdd._447_/X (sky130_fd_sc_hd__a21o_1)
                                         scaleAdd._147_ (net)
                  0.04    0.00    8.95 v rebuffer19/A (sky130_fd_sc_hd__clkbuf_2)
     1    0.01    0.05    0.12    9.07 v rebuffer19/X (sky130_fd_sc_hd__clkbuf_2)
                                         net77 (net)
                  0.05    0.00    9.07 v scaleAdd._448_/A (sky130_fd_sc_hd__xor2_2)
     4    0.01    0.08    0.20    9.27 v scaleAdd._448_/X (sky130_fd_sc_hd__xor2_2)
                                         accumulator.io_inMant[14] (net)
                  0.08    0.00    9.27 v accumulator._1181_/A (sky130_fd_sc_hd__or4_4)
     1    0.01    0.09    0.58    9.85 v accumulator._1181_/X (sky130_fd_sc_hd__or4_4)
                                         accumulator._0045_ (net)
                  0.09    0.00    9.85 v accumulator._1182_/A (sky130_fd_sc_hd__buf_8)
     8    0.02    0.03    0.15   10.00 v accumulator._1182_/X (sky130_fd_sc_hd__buf_8)
                                         accumulator._0055_ (net)
                  0.03    0.00   10.00 v accumulator._1200_/A_N (sky130_fd_sc_hd__and2b_1)
     3    0.01    0.08    0.22   10.22 ^ accumulator._1200_/X (sky130_fd_sc_hd__and2b_1)
                                         accumulator._0232_ (net)
                  0.08    0.00   10.22 ^ accumulator._1201_/B1_N (sky130_fd_sc_hd__o21ba_4)
     3    0.01    0.04    0.17   10.39 v accumulator._1201_/X (sky130_fd_sc_hd__o21ba_4)
                                         accumulator._0241_ (net)
                  0.04    0.00   10.39 v accumulator._1202_/A (sky130_fd_sc_hd__and2_4)
     3    0.01    0.03    0.14   10.53 v accumulator._1202_/X (sky130_fd_sc_hd__and2_4)
                                         accumulator._0251_ (net)
                  0.03    0.00   10.53 v accumulator._1204_/B (sky130_fd_sc_hd__or2_4)
     3    0.01    0.05    0.24   10.78 v accumulator._1204_/X (sky130_fd_sc_hd__or2_4)
                                         accumulator._0271_ (net)
                  0.05    0.00   10.78 v accumulator._1205_/A (sky130_fd_sc_hd__inv_2)
     3    0.01    0.05    0.07   10.85 ^ accumulator._1205_/Y (sky130_fd_sc_hd__inv_2)
                                         accumulator._0281_ (net)
                  0.05    0.00   10.85 ^ accumulator._1218_/A1 (sky130_fd_sc_hd__a311o_1)
     3    0.01    0.12    0.21   11.06 ^ accumulator._1218_/X (sky130_fd_sc_hd__a311o_1)
                                         accumulator._0315_ (net)
                  0.12    0.00   11.06 ^ rebuffer25/A (sky130_fd_sc_hd__clkbuf_1)
     1    0.00    0.06    0.12   11.18 ^ rebuffer25/X (sky130_fd_sc_hd__clkbuf_1)
                                         net83 (net)
                  0.06    0.00   11.18 ^ rebuffer10/A (sky130_fd_sc_hd__clkbuf_2)
     1    0.00    0.03    0.10   11.28 ^ rebuffer10/X (sky130_fd_sc_hd__clkbuf_2)
                                         net68 (net)
                  0.03    0.00   11.28 ^ rebuffer8/A (sky130_fd_sc_hd__clkbuf_1)
     1    0.01    0.07    0.10   11.37 ^ rebuffer8/X (sky130_fd_sc_hd__clkbuf_1)
                                         net66 (net)
                  0.07    0.00   11.37 ^ accumulator._1219_/A (sky130_fd_sc_hd__nand3_2)
     2    0.01    0.08    0.07   11.45 v accumulator._1219_/Y (sky130_fd_sc_hd__nand3_2)
                                         accumulator._0316_ (net)
                  0.08    0.00   11.45 v accumulator._1228_/A2 (sky130_fd_sc_hd__a211o_1)
     2    0.01    0.07    0.34   11.79 v accumulator._1228_/X (sky130_fd_sc_hd__a211o_1)
                                         accumulator._0325_ (net)
                  0.07    0.00   11.79 v accumulator._1242_/A2 (sky130_fd_sc_hd__o22a_1)
     3    0.01    0.07    0.24   12.03 v accumulator._1242_/X (sky130_fd_sc_hd__o22a_1)
                                         accumulator._0339_ (net)
                  0.07    0.00   12.03 v accumulator._1243_/A (sky130_fd_sc_hd__buf_4)
    10    0.03    0.06    0.19   12.22 v accumulator._1243_/X (sky130_fd_sc_hd__buf_4)
                                         accumulator._0340_ (net)
                  0.06    0.00   12.22 v accumulator._1249_/B1 (sky130_fd_sc_hd__a21o_4)
     3    0.02    0.06    0.22   12.44 v accumulator._1249_/X (sky130_fd_sc_hd__a21o_4)
                                         accumulator._0346_ (net)
                  0.06    0.00   12.44 v accumulator._1250_/B (sky130_fd_sc_hd__xor2_4)
     3    0.03    0.10    0.19   12.64 v accumulator._1250_/X (sky130_fd_sc_hd__xor2_4)
                                         accumulator._0347_ (net)
                  0.10    0.00   12.64 v accumulator._1259_/A2 (sky130_fd_sc_hd__a21o_4)
     2    0.02    0.05    0.27   12.91 v accumulator._1259_/X (sky130_fd_sc_hd__a21o_4)
                                         accumulator._0356_ (net)
                  0.05    0.00   12.91 v accumulator._1264_/A2 (sky130_fd_sc_hd__a21o_1)
     2    0.01    0.04    0.20   13.10 v accumulator._1264_/X (sky130_fd_sc_hd__a21o_1)
                                         accumulator._0361_ (net)
                  0.04    0.00   13.10 v accumulator._1266_/A1 (sky130_fd_sc_hd__a21o_1)
     2    0.01    0.04    0.17   13.28 v accumulator._1266_/X (sky130_fd_sc_hd__a21o_1)
                                         accumulator._0363_ (net)
                  0.04    0.00   13.28 v accumulator._1272_/A1 (sky130_fd_sc_hd__a21o_1)
     2    0.02    0.10    0.23   13.50 v accumulator._1272_/X (sky130_fd_sc_hd__a21o_1)
                                         accumulator._0369_ (net)
                  0.10    0.00   13.50 v accumulator._1278_/A1 (sky130_fd_sc_hd__a21oi_4)
     3    0.02    0.17    0.21   13.71 ^ accumulator._1278_/Y (sky130_fd_sc_hd__a21oi_4)
                                         accumulator._0375_ (net)
                  0.17    0.00   13.71 ^ rebuffer21/A (sky130_fd_sc_hd__buf_6)
     2    0.02    0.05    0.15   13.86 ^ rebuffer21/X (sky130_fd_sc_hd__buf_6)
                                         net79 (net)
                  0.05    0.00   13.86 ^ accumulator._1289_/B (sky130_fd_sc_hd__xnor2_4)
     9    0.03    0.26    0.16   14.02 ^ accumulator._1289_/Y (sky130_fd_sc_hd__xnor2_4)
                                         accumulator._0386_ (net)
                  0.26    0.00   14.02 ^ accumulator._1330_/S (sky130_fd_sc_hd__mux2_4)
     6    0.02    0.07    0.38   14.40 v accumulator._1330_/X (sky130_fd_sc_hd__mux2_4)
                                         accumulator._0425_ (net)
                  0.07    0.00   14.40 v clone38/A (sky130_fd_sc_hd__buf_4)
     5    0.02    0.04    0.17   14.57 v clone38/X (sky130_fd_sc_hd__buf_4)
                                         net96 (net)
                  0.04    0.00   14.57 v accumulator._1526_/A1 (sky130_fd_sc_hd__a21o_1)
     2    0.01    0.05    0.18   14.75 v accumulator._1526_/X (sky130_fd_sc_hd__a21o_1)
                                         accumulator._0621_ (net)
                  0.05    0.00   14.75 v accumulator._1527_/A2 (sky130_fd_sc_hd__a21o_1)
     2    0.00    0.04    0.19   14.94 v accumulator._1527_/X (sky130_fd_sc_hd__a21o_1)
                                         accumulator._0622_ (net)
                  0.04    0.00   14.94 v accumulator._1528_/C (sky130_fd_sc_hd__and3_1)
     2    0.01    0.07    0.22   15.16 v accumulator._1528_/X (sky130_fd_sc_hd__and3_1)
                                         accumulator._0623_ (net)
                  0.07    0.00   15.16 v accumulator._1644_/A2 (sky130_fd_sc_hd__o311ai_4)
     3    0.01    0.29    0.34   15.50 ^ accumulator._1644_/Y (sky130_fd_sc_hd__o311ai_4)
                                         accumulator._0739_ (net)
                  0.29    0.00   15.50 ^ accumulator._1716_/A (sky130_fd_sc_hd__nand3_2)
     2    0.01    0.10    0.12   15.62 v accumulator._1716_/Y (sky130_fd_sc_hd__nand3_2)
                                         accumulator._0811_ (net)
                  0.10    0.00   15.62 v accumulator._1736_/A1 (sky130_fd_sc_hd__a2111o_4)
     5    0.02    0.09    0.52   16.14 v accumulator._1736_/X (sky130_fd_sc_hd__a2111o_4)
                                         accumulator._0831_ (net)
                  0.09    0.00   16.15 v accumulator._1738_/A1 (sky130_fd_sc_hd__a21o_1)
     3    0.01    0.06    0.21   16.35 v accumulator._1738_/X (sky130_fd_sc_hd__a21o_1)
                                         accumulator._0833_ (net)
                  0.06    0.00   16.35 v accumulator._1744_/A1 (sky130_fd_sc_hd__a2111o_1)
     3    0.01    0.10    0.43   16.78 v accumulator._1744_/X (sky130_fd_sc_hd__a2111o_1)
                                         accumulator._0839_ (net)
                  0.10    0.00   16.78 v accumulator._1748_/A1 (sky130_fd_sc_hd__a2111o_1)
     2    0.01    0.07    0.41   17.20 v accumulator._1748_/X (sky130_fd_sc_hd__a2111o_1)
                                         accumulator._0843_ (net)
                  0.07    0.00   17.20 v accumulator._1751_/A1 (sky130_fd_sc_hd__a21o_1)
     2    0.01    0.06    0.20   17.39 v accumulator._1751_/X (sky130_fd_sc_hd__a21o_1)
                                         accumulator._0846_ (net)
                  0.06    0.00   17.39 v accumulator._1752_/B (sky130_fd_sc_hd__and2_4)
     2    0.01    0.03    0.17   17.56 v accumulator._1752_/X (sky130_fd_sc_hd__and2_4)
                                         accumulator._0847_ (net)
                  0.03    0.00   17.56 v accumulator._1753_/A (sky130_fd_sc_hd__or2_4)
     2    0.01    0.05    0.25   17.81 v accumulator._1753_/X (sky130_fd_sc_hd__or2_4)
                                         accumulator._0848_ (net)
                  0.05    0.00   17.81 v accumulator._1917_/A2 (sky130_fd_sc_hd__o21a_1)
     2    0.01    0.05    0.19   18.00 v accumulator._1917_/X (sky130_fd_sc_hd__o21a_1)
                                         accumulator._1012_ (net)
                  0.05    0.00   18.01 v accumulator._1923_/A2 (sky130_fd_sc_hd__o21ba_1)
     1    0.00    0.04    0.18   18.18 v accumulator._1923_/X (sky130_fd_sc_hd__o21ba_1)
                                         accumulator._1018_ (net)
                  0.04    0.00   18.18 v accumulator._1924_/A1 (sky130_fd_sc_hd__mux2_4)
     1    0.02    0.07    0.30   18.49 v accumulator._1924_/X (sky130_fd_sc_hd__mux2_4)
                                         accumulator._1019_ (net)
                  0.07    0.00   18.49 v accumulator._1925_/A (sky130_fd_sc_hd__xor2_4)
     2    0.02    0.07    0.21   18.70 v accumulator._1925_/X (sky130_fd_sc_hd__xor2_4)
                                         accumulator._1020_ (net)
                  0.07    0.00   18.70 v accumulator._1949_/C (sky130_fd_sc_hd__or4b_4)
     2    0.01    0.09    0.51   19.21 v accumulator._1949_/X (sky130_fd_sc_hd__or4b_4)
                                         accumulator._1044_ (net)
                  0.09    0.00   19.21 v accumulator._1953_/A_N (sky130_fd_sc_hd__and2b_1)
     2    0.01    0.09    0.25   19.46 ^ accumulator._1953_/X (sky130_fd_sc_hd__and2b_1)
                                         accumulator._1048_ (net)
                  0.09    0.00   19.46 ^ accumulator._1963_/A (sky130_fd_sc_hd__nand2_2)
     2    0.01    0.08    0.08   19.55 v accumulator._1963_/Y (sky130_fd_sc_hd__nand2_2)
                                         accumulator._1058_ (net)
                  0.08    0.00   19.55 v accumulator._1968_/B (sky130_fd_sc_hd__nor2_4)
     3    0.01    0.10    0.12   19.67 ^ accumulator._1968_/Y (sky130_fd_sc_hd__nor2_4)
                                         accumulator._1063_ (net)
                  0.10    0.00   19.67 ^ accumulator._1987_/A2 (sky130_fd_sc_hd__a21o_1)
     1    0.02    0.17    0.23   19.89 ^ accumulator._1987_/X (sky130_fd_sc_hd__a21o_1)
                                         accumulator._1082_ (net)
                  0.17    0.00   19.89 ^ accumulator._1988_/A (sky130_fd_sc_hd__xor2_4)
     4    0.02    0.17    0.22   20.11 ^ accumulator._1988_/X (sky130_fd_sc_hd__xor2_4)
                                         accumulator._1083_ (net)
                  0.17    0.00   20.11 ^ accumulator._1989_/A (sky130_fd_sc_hd__inv_2)
     2    0.01    0.04    0.06   20.17 v accumulator._1989_/Y (sky130_fd_sc_hd__inv_2)
                                         accumulator._1084_ (net)
                  0.04    0.00   20.17 v accumulator._1996_/B (sky130_fd_sc_hd__or3_4)
     2    0.01    0.07    0.38   20.55 v accumulator._1996_/X (sky130_fd_sc_hd__or3_4)
                                         accumulator._1091_ (net)
                  0.07    0.00   20.55 v accumulator._1997_/B (sky130_fd_sc_hd__or2_4)
     6    0.03    0.08    0.29   20.84 v accumulator._1997_/X (sky130_fd_sc_hd__or2_4)
                                         accumulator._1092_ (net)
                  0.08    0.00   20.84 v accumulator._2025_/B1 (sky130_fd_sc_hd__a21oi_2)
     5    0.02    0.27    0.26   21.10 ^ accumulator._2025_/Y (sky130_fd_sc_hd__a21oi_2)
                                         accumulator._1120_ (net)
                  0.27    0.00   21.10 ^ accumulator._2305_/A (sky130_fd_sc_hd__xor2_1)
     2    0.01    0.19    0.25   21.35 ^ accumulator._2305_/X (sky130_fd_sc_hd__xor2_1)
                                         accumulator._0256_ (net)
                  0.19    0.00   21.35 ^ accumulator._2306_/B (sky130_fd_sc_hd__xor2_1)
     2    0.01    0.21    0.25   21.60 ^ accumulator._2306_/X (sky130_fd_sc_hd__xor2_1)
                                         accumulator._0257_ (net)
                  0.21    0.00   21.60 ^ accumulator._2310_/B (sky130_fd_sc_hd__nand2_2)
     3    0.01    0.06    0.10   21.69 v accumulator._2310_/Y (sky130_fd_sc_hd__nand2_2)
                                         accumulator._0262_ (net)
                  0.06    0.00   21.69 v accumulator._2322_/A2 (sky130_fd_sc_hd__a21o_1)
     5    0.02    0.09    0.25   21.94 v accumulator._2322_/X (sky130_fd_sc_hd__a21o_1)
                                         accumulator._0274_ (net)
                  0.09    0.00   21.94 v accumulator._2324_/A1 (sky130_fd_sc_hd__a21oi_1)
     1    0.01    0.17    0.19   22.13 ^ accumulator._2324_/Y (sky130_fd_sc_hd__a21oi_1)
                                         accumulator._0276_ (net)
                  0.17    0.00   22.13 ^ accumulator._2326_/A (sky130_fd_sc_hd__nor2_1)
     1    0.00    0.04    0.07   22.20 v accumulator._2326_/Y (sky130_fd_sc_hd__nor2_1)
                                         accumulator._0029_ (net)
                  0.04    0.00   22.20 v accumulator._2384_/D (sky130_fd_sc_hd__dfxtp_1)
                                 22.20   data arrival time

                         25.00   25.00   clock clock (rise edge)
                          0.00   25.00   clock source latency
     1    0.01    0.07    0.05   25.05 ^ clock (in)
                                         clock (net)
                  0.07    0.00   25.05 ^ clkbuf_0_clock/A (sky130_fd_sc_hd__clkbuf_16)
     4    0.03    0.05    0.14   25.19 ^ clkbuf_0_clock/X (sky130_fd_sc_hd__clkbuf_16)
                                         clknet_0_clock (net)
                  0.05    0.00   25.19 ^ clkbuf_2_2__f_clock/A (sky130_fd_sc_hd__clkbuf_16)
     7    0.03    0.05    0.13   25.31 ^ clkbuf_2_2__f_clock/X (sky130_fd_sc_hd__clkbuf_16)
                                         clknet_2_2__leaf_clock (net)
                  0.05    0.00   25.32 ^ accumulator._2384_/CLK (sky130_fd_sc_hd__dfxtp_1)
                         -0.25   25.07   clock uncertainty
                          0.00   25.07   clock reconvergence pessimism
                         -0.11   24.96   library setup time
                                 24.96   data required time
-----------------------------------------------------------------------------
                                 24.96   data required time
                                -22.20   data arrival time
-----------------------------------------------------------------------------
                                  2.76   slack (MET)


Startpoint: io_inScaleA[7] (input port clocked by clock)
Endpoint: accumulator._2383_ (rising edge-triggered flip-flop clocked by clock)
Path Group: clock
Path Type: max

Fanout     Cap    Slew   Delay    Time   Description
-----------------------------------------------------------------------------
                          0.00    0.00   clock clock (rise edge)
                          0.00    0.00   clock network delay (propagated)
                          5.00    5.00 v input external delay
     1    0.01    0.01    0.01    5.01 v io_inScaleA[7] (in)
                                         io_inScaleA[7] (net)
                  0.01    0.00    5.01 v input16/A (sky130_fd_sc_hd__clkbuf_2)
     5    0.02    0.07    0.13    5.14 v input16/X (sky130_fd_sc_hd__clkbuf_2)
                                         net16 (net)
                  0.07    0.00    5.14 v scaleAdd._280_/A1 (sky130_fd_sc_hd__o31a_1)
     3    0.01    0.07    0.34    5.48 v scaleAdd._280_/X (sky130_fd_sc_hd__o31a_1)
                                         scaleAdd._222_ (net)
                  0.07    0.00    5.48 v scaleAdd._282_/A2 (sky130_fd_sc_hd__a21o_1)
     3    0.01    0.08    0.24    5.72 v scaleAdd._282_/X (sky130_fd_sc_hd__a21o_1)
                                         scaleAdd._224_ (net)
                  0.08    0.00    5.72 v scaleAdd._284_/A1 (sky130_fd_sc_hd__a21oi_4)
     3    0.02    0.16    0.19    5.91 ^ scaleAdd._284_/Y (sky130_fd_sc_hd__a21oi_4)
                                         scaleAdd._226_ (net)
                  0.16    0.00    5.91 ^ scaleAdd._287_/A (sky130_fd_sc_hd__xnor2_2)
     1    0.01    0.19    0.16    6.08 ^ scaleAdd._287_/Y (sky130_fd_sc_hd__xnor2_2)
                                         scaleAdd._229_ (net)
                  0.19    0.00    6.08 ^ scaleAdd._288_/A (sky130_fd_sc_hd__xnor2_2)
     3    0.02    0.10    0.14    6.22 v scaleAdd._288_/Y (sky130_fd_sc_hd__xnor2_2)
                                         scaleAdd._230_ (net)
                  0.10    0.00    6.22 v scaleAdd._346_/A2 (sky130_fd_sc_hd__a21o_1)
     1    0.01    0.05    0.22    6.44 v scaleAdd._346_/X (sky130_fd_sc_hd__a21o_1)
                                         scaleAdd._052_ (net)
                  0.05    0.00    6.44 v scaleAdd._348_/A2 (sky130_fd_sc_hd__a21o_4)
     2    0.03    0.06    0.26    6.70 v scaleAdd._348_/X (sky130_fd_sc_hd__a21o_4)
                                         scaleAdd._054_ (net)
                  0.06    0.00    6.70 v scaleAdd._349_/A (sky130_fd_sc_hd__xor2_4)
     5    0.01    0.08    0.20    6.90 v scaleAdd._349_/X (sky130_fd_sc_hd__xor2_4)
                                         scaleAdd._055_ (net)
                  0.08    0.00    6.90 v scaleAdd._351_/A1 (sky130_fd_sc_hd__a21o_1)
     2    0.01    0.05    0.19    7.09 v scaleAdd._351_/X (sky130_fd_sc_hd__a21o_1)
                                         scaleAdd._057_ (net)
                  0.05    0.00    7.09 v scaleAdd._353_/A (sky130_fd_sc_hd__and3_1)
     3    0.01    0.06    0.17    7.26 v scaleAdd._353_/X (sky130_fd_sc_hd__and3_1)
                                         scaleAdd._059_ (net)
                  0.06    0.00    7.26 v scaleAdd._355_/B (sky130_fd_sc_hd__or3_4)
     3    0.01    0.07    0.39    7.66 v scaleAdd._355_/X (sky130_fd_sc_hd__or3_4)
                                         scaleAdd._061_ (net)
                  0.07    0.00    7.66 v scaleAdd._359_/A1 (sky130_fd_sc_hd__a21o_1)
     2    0.01    0.05    0.18    7.84 v scaleAdd._359_/X (sky130_fd_sc_hd__a21o_1)
                                         scaleAdd._065_ (net)
                  0.05    0.00    7.84 v scaleAdd._383_/A2 (sky130_fd_sc_hd__a21o_1)
     2    0.01    0.04    0.19    8.03 v scaleAdd._383_/X (sky130_fd_sc_hd__a21o_1)
                                         scaleAdd._088_ (net)
                  0.04    0.00    8.03 v scaleAdd._399_/A1 (sky130_fd_sc_hd__a21o_1)
     2    0.01    0.07    0.19    8.22 v scaleAdd._399_/X (sky130_fd_sc_hd__a21o_1)
                                         scaleAdd._103_ (net)
                  0.07    0.00    8.22 v scaleAdd._417_/A1 (sky130_fd_sc_hd__a21bo_1)
     2    0.01    0.05    0.19    8.42 v scaleAdd._417_/X (sky130_fd_sc_hd__a21bo_1)
                                         scaleAdd._120_ (net)
                  0.05    0.00    8.42 v scaleAdd._432_/A1 (sky130_fd_sc_hd__a21o_1)
     2    0.01    0.05    0.18    8.60 v scaleAdd._432_/X (sky130_fd_sc_hd__a21o_1)
                                         scaleAdd._134_ (net)
                  0.05    0.00    8.60 v scaleAdd._444_/A1 (sky130_fd_sc_hd__a21o_1)
     2    0.01    0.05    0.18    8.78 v scaleAdd._444_/X (sky130_fd_sc_hd__a21o_1)
                                         scaleAdd._145_ (net)
                  0.05    0.00    8.78 v scaleAdd._447_/A1 (sky130_fd_sc_hd__a21o_1)
     2    0.00    0.04    0.17    8.95 v scaleAdd._447_/X (sky130_fd_sc_hd__a21o_1)
                                         scaleAdd._147_ (net)
                  0.04    0.00    8.95 v rebuffer19/A (sky130_fd_sc_hd__clkbuf_2)
     1    0.01    0.05    0.12    9.07 v rebuffer19/X (sky130_fd_sc_hd__clkbuf_2)
                                         net77 (net)
                  0.05    0.00    9.07 v scaleAdd._448_/A (sky130_fd_sc_hd__xor2_2)
     4    0.01    0.08    0.20    9.27 v scaleAdd._448_/X (sky130_fd_sc_hd__xor2_2)
                                         accumulator.io_inMant[14] (net)
                  0.08    0.00    9.27 v accumulator._1181_/A (sky130_fd_sc_hd__or4_4)
     1    0.01    0.09    0.58    9.85 v accumulator._1181_/X (sky130_fd_sc_hd__or4_4)
                                         accumulator._0045_ (net)
                  0.09    0.00    9.85 v accumulator._1182_/A (sky130_fd_sc_hd__buf_8)
     8    0.02    0.03    0.15   10.00 v accumulator._1182_/X (sky130_fd_sc_hd__buf_8)
                                         accumulator._0055_ (net)
                  0.03    0.00   10.00 v accumulator._1200_/A_N (sky130_fd_sc_hd__and2b_1)
     3    0.01    0.08    0.22   10.22 ^ accumulator._1200_/X (sky130_fd_sc_hd__and2b_1)
                                         accumulator._0232_ (net)
                  0.08    0.00   10.22 ^ accumulator._1201_/B1_N (sky130_fd_sc_hd__o21ba_4)
     3    0.01    0.04    0.17   10.39 v accumulator._1201_/X (sky130_fd_sc_hd__o21ba_4)
                                         accumulator._0241_ (net)
                  0.04    0.00   10.39 v accumulator._1202_/A (sky130_fd_sc_hd__and2_4)
     3    0.01    0.03    0.14   10.53 v accumulator._1202_/X (sky130_fd_sc_hd__and2_4)
                                         accumulator._0251_ (net)
                  0.03    0.00   10.53 v accumulator._1204_/B (sky130_fd_sc_hd__or2_4)
     3    0.01    0.05    0.24   10.78 v accumulator._1204_/X (sky130_fd_sc_hd__or2_4)
                                         accumulator._0271_ (net)
                  0.05    0.00   10.78 v accumulator._1205_/A (sky130_fd_sc_hd__inv_2)
     3    0.01    0.05    0.07   10.85 ^ accumulator._1205_/Y (sky130_fd_sc_hd__inv_2)
                                         accumulator._0281_ (net)
                  0.05    0.00   10.85 ^ accumulator._1218_/A1 (sky130_fd_sc_hd__a311o_1)
     3    0.01    0.12    0.21   11.06 ^ accumulator._1218_/X (sky130_fd_sc_hd__a311o_1)
                                         accumulator._0315_ (net)
                  0.12    0.00   11.06 ^ rebuffer25/A (sky130_fd_sc_hd__clkbuf_1)
     1    0.00    0.06    0.12   11.18 ^ rebuffer25/X (sky130_fd_sc_hd__clkbuf_1)
                                         net83 (net)
                  0.06    0.00   11.18 ^ rebuffer10/A (sky130_fd_sc_hd__clkbuf_2)
     1    0.00    0.03    0.10   11.28 ^ rebuffer10/X (sky130_fd_sc_hd__clkbuf_2)
                                         net68 (net)
                  0.03    0.00   11.28 ^ rebuffer8/A (sky130_fd_sc_hd__clkbuf_1)
     1    0.01    0.07    0.10   11.37 ^ rebuffer8/X (sky130_fd_sc_hd__clkbuf_1)
                                         net66 (net)
                  0.07    0.00   11.37 ^ accumulator._1219_/A (sky130_fd_sc_hd__nand3_2)
     2    0.01    0.08    0.07   11.45 v accumulator._1219_/Y (sky130_fd_sc_hd__nand3_2)
                                         accumulator._0316_ (net)
                  0.08    0.00   11.45 v accumulator._1228_/A2 (sky130_fd_sc_hd__a211o_1)
     2    0.01    0.07    0.34   11.79 v accumulator._1228_/X (sky130_fd_sc_hd__a211o_1)
                                         accumulator._0325_ (net)
                  0.07    0.00   11.79 v accumulator._1242_/A2 (sky130_fd_sc_hd__o22a_1)
     3    0.01    0.07    0.24   12.03 v accumulator._1242_/X (sky130_fd_sc_hd__o22a_1)
                                         accumulator._0339_ (net)
                  0.07    0.00   12.03 v accumulator._1243_/A (sky130_fd_sc_hd__buf_4)
    10    0.03    0.06    0.19   12.22 v accumulator._1243_/X (sky130_fd_sc_hd__buf_4)
                                         accumulator._0340_ (net)
                  0.06    0.00   12.22 v accumulator._1249_/B1 (sky130_fd_sc_hd__a21o_4)
     3    0.02    0.06    0.22   12.44 v accumulator._1249_/X (sky130_fd_sc_hd__a21o_4)
                                         accumulator._0346_ (net)
                  0.06    0.00   12.44 v accumulator._1250_/B (sky130_fd_sc_hd__xor2_4)
     3    0.03    0.10    0.19   12.64 v accumulator._1250_/X (sky130_fd_sc_hd__xor2_4)
                                         accumulator._0347_ (net)
                  0.10    0.00   12.64 v accumulator._1259_/A2 (sky130_fd_sc_hd__a21o_4)
     2    0.02    0.05    0.27   12.91 v accumulator._1259_/X (sky130_fd_sc_hd__a21o_4)
                                         accumulator._0356_ (net)
                  0.05    0.00   12.91 v accumulator._1264_/A2 (sky130_fd_sc_hd__a21o_1)
     2    0.01    0.04    0.20   13.10 v accumulator._1264_/X (sky130_fd_sc_hd__a21o_1)
                                         accumulator._0361_ (net)
                  0.04    0.00   13.10 v accumulator._1266_/A1 (sky130_fd_sc_hd__a21o_1)
     2    0.01    0.04    0.17   13.28 v accumulator._1266_/X (sky130_fd_sc_hd__a21o_1)
                                         accumulator._0363_ (net)
                  0.04    0.00   13.28 v accumulator._1272_/A1 (sky130_fd_sc_hd__a21o_1)
     2    0.02    0.10    0.23   13.50 v accumulator._1272_/X (sky130_fd_sc_hd__a21o_1)
                                         accumulator._0369_ (net)
                  0.10    0.00   13.50 v accumulator._1278_/A1 (sky130_fd_sc_hd__a21oi_4)
     3    0.02    0.17    0.21   13.71 ^ accumulator._1278_/Y (sky130_fd_sc_hd__a21oi_4)
                                         accumulator._0375_ (net)
                  0.17    0.00   13.71 ^ rebuffer21/A (sky130_fd_sc_hd__buf_6)
     2    0.02    0.05    0.15   13.86 ^ rebuffer21/X (sky130_fd_sc_hd__buf_6)
                                         net79 (net)
                  0.05    0.00   13.86 ^ accumulator._1289_/B (sky130_fd_sc_hd__xnor2_4)
     9    0.03    0.26    0.16   14.02 ^ accumulator._1289_/Y (sky130_fd_sc_hd__xnor2_4)
                                         accumulator._0386_ (net)
                  0.26    0.00   14.02 ^ accumulator._1330_/S (sky130_fd_sc_hd__mux2_4)
     6    0.02    0.07    0.38   14.40 v accumulator._1330_/X (sky130_fd_sc_hd__mux2_4)
                                         accumulator._0425_ (net)
                  0.07    0.00   14.40 v clone38/A (sky130_fd_sc_hd__buf_4)
     5    0.02    0.04    0.17   14.57 v clone38/X (sky130_fd_sc_hd__buf_4)
                                         net96 (net)
                  0.04    0.00   14.57 v accumulator._1526_/A1 (sky130_fd_sc_hd__a21o_1)
     2    0.01    0.05    0.18   14.75 v accumulator._1526_/X (sky130_fd_sc_hd__a21o_1)
                                         accumulator._0621_ (net)
                  0.05    0.00   14.75 v accumulator._1527_/A2 (sky130_fd_sc_hd__a21o_1)
     2    0.00    0.04    0.19   14.94 v accumulator._1527_/X (sky130_fd_sc_hd__a21o_1)
                                         accumulator._0622_ (net)
                  0.04    0.00   14.94 v accumulator._1528_/C (sky130_fd_sc_hd__and3_1)
     2    0.01    0.07    0.22   15.16 v accumulator._1528_/X (sky130_fd_sc_hd__and3_1)
                                         accumulator._0623_ (net)
                  0.07    0.00   15.16 v accumulator._1644_/A2 (sky130_fd_sc_hd__o311ai_4)
     3    0.01    0.29    0.34   15.50 ^ accumulator._1644_/Y (sky130_fd_sc_hd__o311ai_4)
                                         accumulator._0739_ (net)
                  0.29    0.00   15.50 ^ accumulator._1716_/A (sky130_fd_sc_hd__nand3_2)
     2    0.01    0.10    0.12   15.62 v accumulator._1716_/Y (sky130_fd_sc_hd__nand3_2)
                                         accumulator._0811_ (net)
                  0.10    0.00   15.62 v accumulator._1736_/A1 (sky130_fd_sc_hd__a2111o_4)
     5    0.02    0.09    0.52   16.14 v accumulator._1736_/X (sky130_fd_sc_hd__a2111o_4)
                                         accumulator._0831_ (net)
                  0.09    0.00   16.15 v accumulator._1738_/A1 (sky130_fd_sc_hd__a21o_1)
     3    0.01    0.06    0.21   16.35 v accumulator._1738_/X (sky130_fd_sc_hd__a21o_1)
                                         accumulator._0833_ (net)
                  0.06    0.00   16.35 v accumulator._1744_/A1 (sky130_fd_sc_hd__a2111o_1)
     3    0.01    0.10    0.43   16.78 v accumulator._1744_/X (sky130_fd_sc_hd__a2111o_1)
                                         accumulator._0839_ (net)
                  0.10    0.00   16.78 v accumulator._1748_/A1 (sky130_fd_sc_hd__a2111o_1)
     2    0.01    0.07    0.41   17.20 v accumulator._1748_/X (sky130_fd_sc_hd__a2111o_1)
                                         accumulator._0843_ (net)
                  0.07    0.00   17.20 v accumulator._1751_/A1 (sky130_fd_sc_hd__a21o_1)
     2    0.01    0.06    0.20   17.39 v accumulator._1751_/X (sky130_fd_sc_hd__a21o_1)
                                         accumulator._0846_ (net)
                  0.06    0.00   17.39 v accumulator._1773_/A1 (sky130_fd_sc_hd__a21o_1)
     2    0.01    0.05    0.18   17.57 v accumulator._1773_/X (sky130_fd_sc_hd__a21o_1)
                                         accumulator._0868_ (net)
                  0.05    0.00   17.57 v accumulator._1798_/A1 (sky130_fd_sc_hd__a311o_1)
     2    0.01    0.08    0.30   17.87 v accumulator._1798_/X (sky130_fd_sc_hd__a311o_1)
                                         accumulator._0893_ (net)
                  0.08    0.00   17.87 v accumulator._1814_/A2 (sky130_fd_sc_hd__a21o_1)
     2    0.01    0.07    0.24   18.11 v accumulator._1814_/X (sky130_fd_sc_hd__a21o_1)
                                         accumulator._0909_ (net)
                  0.07    0.00   18.11 v accumulator._1821_/A2 (sky130_fd_sc_hd__a21o_1)
     3    0.01    0.06    0.23   18.33 v accumulator._1821_/X (sky130_fd_sc_hd__a21o_1)
                                         accumulator._0916_ (net)
                  0.06    0.00   18.33 v accumulator._1926_/A2 (sky130_fd_sc_hd__a21o_1)
     3    0.01    0.08    0.24   18.57 v accumulator._1926_/X (sky130_fd_sc_hd__a21o_1)
                                         accumulator._1021_ (net)
                  0.08    0.00   18.57 v accumulator._2045_/S (sky130_fd_sc_hd__mux2_4)
     4    0.01    0.07    0.35   18.92 v accumulator._2045_/X (sky130_fd_sc_hd__mux2_4)
                                         accumulator._1140_ (net)
                  0.07    0.00   18.92 v accumulator._2059_/B2 (sky130_fd_sc_hd__a221oi_2)
     1    0.00    0.18    0.24   19.17 ^ accumulator._2059_/Y (sky130_fd_sc_hd__a221oi_2)
                                         accumulator._1155_ (net)
                  0.18    0.00   19.17 ^ accumulator._2060_/A1 (sky130_fd_sc_hd__o21ai_1)
     1    0.00    0.09    0.11   19.28 v accumulator._2060_/Y (sky130_fd_sc_hd__o21ai_1)
                                         accumulator._1156_ (net)
                  0.09    0.00   19.28 v accumulator._2061_/A1 (sky130_fd_sc_hd__a21o_1)
     1    0.00    0.03    0.18   19.46 v accumulator._2061_/X (sky130_fd_sc_hd__a21o_1)
                                         accumulator._1157_ (net)
                  0.03    0.00   19.46 v accumulator._2062_/A1 (sky130_fd_sc_hd__a21o_1)
     1    0.00    0.04    0.16   19.61 v accumulator._2062_/X (sky130_fd_sc_hd__a21o_1)
                                         accumulator._1158_ (net)
                  0.04    0.00   19.61 v accumulator._2063_/A1 (sky130_fd_sc_hd__a21o_1)
     1    0.00    0.03    0.15   19.77 v accumulator._2063_/X (sky130_fd_sc_hd__a21o_1)
                                         accumulator._1159_ (net)
                  0.03    0.00   19.77 v accumulator._2064_/A1 (sky130_fd_sc_hd__a21o_1)
     1    0.00    0.04    0.16   19.92 v accumulator._2064_/X (sky130_fd_sc_hd__a21o_1)
                                         accumulator._1160_ (net)
                  0.04    0.00   19.92 v accumulator._2065_/A1 (sky130_fd_sc_hd__a21oi_1)
     1    0.00    0.13    0.14   20.07 ^ accumulator._2065_/Y (sky130_fd_sc_hd__a21oi_1)
                                         accumulator._1161_ (net)
                  0.13    0.00   20.07 ^ accumulator._2067_/A1 (sky130_fd_sc_hd__o21ai_1)
     1    0.00    0.06    0.09   20.16 v accumulator._2067_/Y (sky130_fd_sc_hd__o21ai_1)
                                         accumulator._1163_ (net)
                  0.06    0.00   20.16 v accumulator._2068_/A1 (sky130_fd_sc_hd__a21o_1)
     1    0.00    0.03    0.16   20.33 v accumulator._2068_/X (sky130_fd_sc_hd__a21o_1)
                                         accumulator._1164_ (net)
                  0.03    0.00   20.33 v accumulator._2069_/A1 (sky130_fd_sc_hd__a21o_1)
     1    0.01    0.04    0.16   20.49 v accumulator._2069_/X (sky130_fd_sc_hd__a21o_1)
                                         accumulator._1165_ (net)
                  0.04    0.00   20.49 v accumulator._2070_/A1 (sky130_fd_sc_hd__a211o_1)
     1    0.01    0.06    0.28   20.77 v accumulator._2070_/X (sky130_fd_sc_hd__a211o_1)
                                         accumulator._1167_ (net)
                  0.06    0.00   20.77 v accumulator._2073_/B2 (sky130_fd_sc_hd__a2bb2o_4)
     4    0.03    0.07    0.26   21.03 v accumulator._2073_/X (sky130_fd_sc_hd__a2bb2o_4)
                                         accumulator._1170_ (net)
                  0.07    0.00   21.03 v accumulator._2074_/A (sky130_fd_sc_hd__buf_8)
     6    0.04    0.04    0.15   21.18 v accumulator._2074_/X (sky130_fd_sc_hd__buf_8)
                                         accumulator._1171_ (net)
                  0.04    0.00   21.19 v clone45/A (sky130_fd_sc_hd__clkbuf_16)
     5    0.02    0.03    0.15   21.34 v clone45/X (sky130_fd_sc_hd__clkbuf_16)
                                         net103 (net)
                  0.03    0.00   21.34 v accumulator._2308_/A4 (sky130_fd_sc_hd__a41o_1)
     2    0.01    0.06    0.27   21.60 v accumulator._2308_/X (sky130_fd_sc_hd__a41o_1)
                                         accumulator._0259_ (net)
                  0.06    0.00   21.60 v accumulator._2309_/B (sky130_fd_sc_hd__or2_1)
     1    0.00    0.04    0.21   21.82 v accumulator._2309_/X (sky130_fd_sc_hd__or2_1)
                                         accumulator._0260_ (net)
                  0.04    0.00   21.82 v accumulator._2311_/A (sky130_fd_sc_hd__and2_1)
     1    0.00    0.03    0.13   21.95 v accumulator._2311_/X (sky130_fd_sc_hd__and2_1)
                                         accumulator._0263_ (net)
                  0.03    0.00   21.95 v accumulator._2313_/A2 (sky130_fd_sc_hd__o211a_1)
     1    0.00    0.04    0.20   22.15 v accumulator._2313_/X (sky130_fd_sc_hd__o211a_1)
                                         accumulator._0028_ (net)
                  0.04    0.00   22.15 v accumulator._2383_/D (sky130_fd_sc_hd__dfxtp_1)
                                 22.15   data arrival time

                         25.00   25.00   clock clock (rise edge)
                          0.00   25.00   clock source latency
     1    0.01    0.07    0.05   25.05 ^ clock (in)
                                         clock (net)
                  0.07    0.00   25.05 ^ clkbuf_0_clock/A (sky130_fd_sc_hd__clkbuf_16)
     4    0.03    0.05    0.14   25.19 ^ clkbuf_0_clock/X (sky130_fd_sc_hd__clkbuf_16)
                                         clknet_0_clock (net)
                  0.05    0.00   25.19 ^ clkbuf_2_3__f_clock/A (sky130_fd_sc_hd__clkbuf_16)
    10    0.03    0.05    0.13   25.32 ^ clkbuf_2_3__f_clock/X (sky130_fd_sc_hd__clkbuf_16)
                                         clknet_2_3__leaf_clock (net)
                  0.05    0.00   25.32 ^ accumulator._2383_/CLK (sky130_fd_sc_hd__dfxtp_1)
                         -0.25   25.07   clock uncertainty
                          0.00   25.07   clock reconvergence pessimism
                         -0.10   24.96   library setup time
                                 24.96   data required time
-----------------------------------------------------------------------------
                                 24.96   data required time
                                -22.15   data arrival time
-----------------------------------------------------------------------------
                                  2.81   slack (MET)


Startpoint: io_inScaleA[7] (input port clocked by clock)
Endpoint: accumulator._2382_ (rising edge-triggered flip-flop clocked by clock)
Path Group: clock
Path Type: max

Fanout     Cap    Slew   Delay    Time   Description
-----------------------------------------------------------------------------
                          0.00    0.00   clock clock (rise edge)
                          0.00    0.00   clock network delay (propagated)
                          5.00    5.00 v input external delay
     1    0.01    0.01    0.01    5.01 v io_inScaleA[7] (in)
                                         io_inScaleA[7] (net)
                  0.01    0.00    5.01 v input16/A (sky130_fd_sc_hd__clkbuf_2)
     5    0.02    0.07    0.13    5.14 v input16/X (sky130_fd_sc_hd__clkbuf_2)
                                         net16 (net)
                  0.07    0.00    5.14 v scaleAdd._280_/A1 (sky130_fd_sc_hd__o31a_1)
     3    0.01    0.07    0.34    5.48 v scaleAdd._280_/X (sky130_fd_sc_hd__o31a_1)
                                         scaleAdd._222_ (net)
                  0.07    0.00    5.48 v scaleAdd._282_/A2 (sky130_fd_sc_hd__a21o_1)
     3    0.01    0.08    0.24    5.72 v scaleAdd._282_/X (sky130_fd_sc_hd__a21o_1)
                                         scaleAdd._224_ (net)
                  0.08    0.00    5.72 v scaleAdd._284_/A1 (sky130_fd_sc_hd__a21oi_4)
     3    0.02    0.16    0.19    5.91 ^ scaleAdd._284_/Y (sky130_fd_sc_hd__a21oi_4)
                                         scaleAdd._226_ (net)
                  0.16    0.00    5.91 ^ scaleAdd._287_/A (sky130_fd_sc_hd__xnor2_2)
     1    0.01    0.19    0.16    6.08 ^ scaleAdd._287_/Y (sky130_fd_sc_hd__xnor2_2)
                                         scaleAdd._229_ (net)
                  0.19    0.00    6.08 ^ scaleAdd._288_/A (sky130_fd_sc_hd__xnor2_2)
     3    0.02    0.10    0.14    6.22 v scaleAdd._288_/Y (sky130_fd_sc_hd__xnor2_2)
                                         scaleAdd._230_ (net)
                  0.10    0.00    6.22 v scaleAdd._346_/A2 (sky130_fd_sc_hd__a21o_1)
     1    0.01    0.05    0.22    6.44 v scaleAdd._346_/X (sky130_fd_sc_hd__a21o_1)
                                         scaleAdd._052_ (net)
                  0.05    0.00    6.44 v scaleAdd._348_/A2 (sky130_fd_sc_hd__a21o_4)
     2    0.03    0.06    0.26    6.70 v scaleAdd._348_/X (sky130_fd_sc_hd__a21o_4)
                                         scaleAdd._054_ (net)
                  0.06    0.00    6.70 v scaleAdd._349_/A (sky130_fd_sc_hd__xor2_4)
     5    0.01    0.08    0.20    6.90 v scaleAdd._349_/X (sky130_fd_sc_hd__xor2_4)
                                         scaleAdd._055_ (net)
                  0.08    0.00    6.90 v scaleAdd._351_/A1 (sky130_fd_sc_hd__a21o_1)
     2    0.01    0.05    0.19    7.09 v scaleAdd._351_/X (sky130_fd_sc_hd__a21o_1)
                                         scaleAdd._057_ (net)
                  0.05    0.00    7.09 v scaleAdd._353_/A (sky130_fd_sc_hd__and3_1)
     3    0.01    0.06    0.17    7.26 v scaleAdd._353_/X (sky130_fd_sc_hd__and3_1)
                                         scaleAdd._059_ (net)
                  0.06    0.00    7.26 v scaleAdd._355_/B (sky130_fd_sc_hd__or3_4)
     3    0.01    0.07    0.39    7.66 v scaleAdd._355_/X (sky130_fd_sc_hd__or3_4)
                                         scaleAdd._061_ (net)
                  0.07    0.00    7.66 v scaleAdd._359_/A1 (sky130_fd_sc_hd__a21o_1)
     2    0.01    0.05    0.18    7.84 v scaleAdd._359_/X (sky130_fd_sc_hd__a21o_1)
                                         scaleAdd._065_ (net)
                  0.05    0.00    7.84 v scaleAdd._383_/A2 (sky130_fd_sc_hd__a21o_1)
     2    0.01    0.04    0.19    8.03 v scaleAdd._383_/X (sky130_fd_sc_hd__a21o_1)
                                         scaleAdd._088_ (net)
                  0.04    0.00    8.03 v scaleAdd._399_/A1 (sky130_fd_sc_hd__a21o_1)
     2    0.01    0.07    0.19    8.22 v scaleAdd._399_/X (sky130_fd_sc_hd__a21o_1)
                                         scaleAdd._103_ (net)
                  0.07    0.00    8.22 v scaleAdd._417_/A1 (sky130_fd_sc_hd__a21bo_1)
     2    0.01    0.05    0.19    8.42 v scaleAdd._417_/X (sky130_fd_sc_hd__a21bo_1)
                                         scaleAdd._120_ (net)
                  0.05    0.00    8.42 v scaleAdd._432_/A1 (sky130_fd_sc_hd__a21o_1)
     2    0.01    0.05    0.18    8.60 v scaleAdd._432_/X (sky130_fd_sc_hd__a21o_1)
                                         scaleAdd._134_ (net)
                  0.05    0.00    8.60 v scaleAdd._444_/A1 (sky130_fd_sc_hd__a21o_1)
     2    0.01    0.05    0.18    8.78 v scaleAdd._444_/X (sky130_fd_sc_hd__a21o_1)
                                         scaleAdd._145_ (net)
                  0.05    0.00    8.78 v scaleAdd._447_/A1 (sky130_fd_sc_hd__a21o_1)
     2    0.00    0.04    0.17    8.95 v scaleAdd._447_/X (sky130_fd_sc_hd__a21o_1)
                                         scaleAdd._147_ (net)
                  0.04    0.00    8.95 v rebuffer19/A (sky130_fd_sc_hd__clkbuf_2)
     1    0.01    0.05    0.12    9.07 v rebuffer19/X (sky130_fd_sc_hd__clkbuf_2)
                                         net77 (net)
                  0.05    0.00    9.07 v scaleAdd._448_/A (sky130_fd_sc_hd__xor2_2)
     4    0.01    0.08    0.20    9.27 v scaleAdd._448_/X (sky130_fd_sc_hd__xor2_2)
                                         accumulator.io_inMant[14] (net)
                  0.08    0.00    9.27 v accumulator._1181_/A (sky130_fd_sc_hd__or4_4)
     1    0.01    0.09    0.58    9.85 v accumulator._1181_/X (sky130_fd_sc_hd__or4_4)
                                         accumulator._0045_ (net)
                  0.09    0.00    9.85 v accumulator._1182_/A (sky130_fd_sc_hd__buf_8)
     8    0.02    0.03    0.15   10.00 v accumulator._1182_/X (sky130_fd_sc_hd__buf_8)
                                         accumulator._0055_ (net)
                  0.03    0.00   10.00 v accumulator._1200_/A_N (sky130_fd_sc_hd__and2b_1)
     3    0.01    0.08    0.22   10.22 ^ accumulator._1200_/X (sky130_fd_sc_hd__and2b_1)
                                         accumulator._0232_ (net)
                  0.08    0.00   10.22 ^ accumulator._1201_/B1_N (sky130_fd_sc_hd__o21ba_4)
     3    0.01    0.04    0.17   10.39 v accumulator._1201_/X (sky130_fd_sc_hd__o21ba_4)
                                         accumulator._0241_ (net)
                  0.04    0.00   10.39 v accumulator._1202_/A (sky130_fd_sc_hd__and2_4)
     3    0.01    0.03    0.14   10.53 v accumulator._1202_/X (sky130_fd_sc_hd__and2_4)
                                         accumulator._0251_ (net)
                  0.03    0.00   10.53 v accumulator._1204_/B (sky130_fd_sc_hd__or2_4)
     3    0.01    0.05    0.24   10.78 v accumulator._1204_/X (sky130_fd_sc_hd__or2_4)
                                         accumulator._0271_ (net)
                  0.05    0.00   10.78 v accumulator._1205_/A (sky130_fd_sc_hd__inv_2)
     3    0.01    0.05    0.07   10.85 ^ accumulator._1205_/Y (sky130_fd_sc_hd__inv_2)
                                         accumulator._0281_ (net)
                  0.05    0.00   10.85 ^ accumulator._1218_/A1 (sky130_fd_sc_hd__a311o_1)
     3    0.01    0.12    0.21   11.06 ^ accumulator._1218_/X (sky130_fd_sc_hd__a311o_1)
                                         accumulator._0315_ (net)
                  0.12    0.00   11.06 ^ rebuffer25/A (sky130_fd_sc_hd__clkbuf_1)
     1    0.00    0.06    0.12   11.18 ^ rebuffer25/X (sky130_fd_sc_hd__clkbuf_1)
                                         net83 (net)
                  0.06    0.00   11.18 ^ rebuffer10/A (sky130_fd_sc_hd__clkbuf_2)
     1    0.00    0.03    0.10   11.28 ^ rebuffer10/X (sky130_fd_sc_hd__clkbuf_2)
                                         net68 (net)
                  0.03    0.00   11.28 ^ rebuffer8/A (sky130_fd_sc_hd__clkbuf_1)
     1    0.01    0.07    0.10   11.37 ^ rebuffer8/X (sky130_fd_sc_hd__clkbuf_1)
                                         net66 (net)
                  0.07    0.00   11.37 ^ accumulator._1219_/A (sky130_fd_sc_hd__nand3_2)
     2    0.01    0.08    0.07   11.45 v accumulator._1219_/Y (sky130_fd_sc_hd__nand3_2)
                                         accumulator._0316_ (net)
                  0.08    0.00   11.45 v accumulator._1228_/A2 (sky130_fd_sc_hd__a211o_1)
     2    0.01    0.07    0.34   11.79 v accumulator._1228_/X (sky130_fd_sc_hd__a211o_1)
                                         accumulator._0325_ (net)
                  0.07    0.00   11.79 v accumulator._1242_/A2 (sky130_fd_sc_hd__o22a_1)
     3    0.01    0.07    0.24   12.03 v accumulator._1242_/X (sky130_fd_sc_hd__o22a_1)
                                         accumulator._0339_ (net)
                  0.07    0.00   12.03 v accumulator._1243_/A (sky130_fd_sc_hd__buf_4)
    10    0.03    0.06    0.19   12.22 v accumulator._1243_/X (sky130_fd_sc_hd__buf_4)
                                         accumulator._0340_ (net)
                  0.06    0.00   12.22 v accumulator._1249_/B1 (sky130_fd_sc_hd__a21o_4)
     3    0.02    0.06    0.22   12.44 v accumulator._1249_/X (sky130_fd_sc_hd__a21o_4)
                                         accumulator._0346_ (net)
                  0.06    0.00   12.44 v accumulator._1250_/B (sky130_fd_sc_hd__xor2_4)
     3    0.03    0.10    0.19   12.64 v accumulator._1250_/X (sky130_fd_sc_hd__xor2_4)
                                         accumulator._0347_ (net)
                  0.10    0.00   12.64 v accumulator._1259_/A2 (sky130_fd_sc_hd__a21o_4)
     2    0.02    0.05    0.27   12.91 v accumulator._1259_/X (sky130_fd_sc_hd__a21o_4)
                                         accumulator._0356_ (net)
                  0.05    0.00   12.91 v accumulator._1264_/A2 (sky130_fd_sc_hd__a21o_1)
     2    0.01    0.04    0.20   13.10 v accumulator._1264_/X (sky130_fd_sc_hd__a21o_1)
                                         accumulator._0361_ (net)
                  0.04    0.00   13.10 v accumulator._1266_/A1 (sky130_fd_sc_hd__a21o_1)
     2    0.01    0.04    0.17   13.28 v accumulator._1266_/X (sky130_fd_sc_hd__a21o_1)
                                         accumulator._0363_ (net)
                  0.04    0.00   13.28 v accumulator._1272_/A1 (sky130_fd_sc_hd__a21o_1)
     2    0.02    0.10    0.23   13.50 v accumulator._1272_/X (sky130_fd_sc_hd__a21o_1)
                                         accumulator._0369_ (net)
                  0.10    0.00   13.50 v accumulator._1278_/A1 (sky130_fd_sc_hd__a21oi_4)
     3    0.02    0.17    0.21   13.71 ^ accumulator._1278_/Y (sky130_fd_sc_hd__a21oi_4)
                                         accumulator._0375_ (net)
                  0.17    0.00   13.71 ^ rebuffer21/A (sky130_fd_sc_hd__buf_6)
     2    0.02    0.05    0.15   13.86 ^ rebuffer21/X (sky130_fd_sc_hd__buf_6)
                                         net79 (net)
                  0.05    0.00   13.86 ^ accumulator._1289_/B (sky130_fd_sc_hd__xnor2_4)
     9    0.03    0.26    0.16   14.02 ^ accumulator._1289_/Y (sky130_fd_sc_hd__xnor2_4)
                                         accumulator._0386_ (net)
                  0.26    0.00   14.02 ^ accumulator._1330_/S (sky130_fd_sc_hd__mux2_4)
     6    0.02    0.07    0.38   14.40 v accumulator._1330_/X (sky130_fd_sc_hd__mux2_4)
                                         accumulator._0425_ (net)
                  0.07    0.00   14.40 v clone38/A (sky130_fd_sc_hd__buf_4)
     5    0.02    0.04    0.17   14.57 v clone38/X (sky130_fd_sc_hd__buf_4)
                                         net96 (net)
                  0.04    0.00   14.57 v accumulator._1526_/A1 (sky130_fd_sc_hd__a21o_1)
     2    0.01    0.05    0.18   14.75 v accumulator._1526_/X (sky130_fd_sc_hd__a21o_1)
                                         accumulator._0621_ (net)
                  0.05    0.00   14.75 v accumulator._1527_/A2 (sky130_fd_sc_hd__a21o_1)
     2    0.00    0.04    0.19   14.94 v accumulator._1527_/X (sky130_fd_sc_hd__a21o_1)
                                         accumulator._0622_ (net)
                  0.04    0.00   14.94 v accumulator._1528_/C (sky130_fd_sc_hd__and3_1)
     2    0.01    0.07    0.22   15.16 v accumulator._1528_/X (sky130_fd_sc_hd__and3_1)
                                         accumulator._0623_ (net)
                  0.07    0.00   15.16 v accumulator._1644_/A2 (sky130_fd_sc_hd__o311ai_4)
     3    0.01    0.29    0.34   15.50 ^ accumulator._1644_/Y (sky130_fd_sc_hd__o311ai_4)
                                         accumulator._0739_ (net)
                  0.29    0.00   15.50 ^ accumulator._1716_/A (sky130_fd_sc_hd__nand3_2)
     2    0.01    0.10    0.12   15.62 v accumulator._1716_/Y (sky130_fd_sc_hd__nand3_2)
                                         accumulator._0811_ (net)
                  0.10    0.00   15.62 v accumulator._1736_/A1 (sky130_fd_sc_hd__a2111o_4)
     5    0.02    0.09    0.52   16.14 v accumulator._1736_/X (sky130_fd_sc_hd__a2111o_4)
                                         accumulator._0831_ (net)
                  0.09    0.00   16.15 v accumulator._1738_/A1 (sky130_fd_sc_hd__a21o_1)
     3    0.01    0.06    0.21   16.35 v accumulator._1738_/X (sky130_fd_sc_hd__a21o_1)
                                         accumulator._0833_ (net)
                  0.06    0.00   16.35 v accumulator._1744_/A1 (sky130_fd_sc_hd__a2111o_1)
     3    0.01    0.10    0.43   16.78 v accumulator._1744_/X (sky130_fd_sc_hd__a2111o_1)
                                         accumulator._0839_ (net)
                  0.10    0.00   16.78 v accumulator._1748_/A1 (sky130_fd_sc_hd__a2111o_1)
     2    0.01    0.07    0.41   17.20 v accumulator._1748_/X (sky130_fd_sc_hd__a2111o_1)
                                         accumulator._0843_ (net)
                  0.07    0.00   17.20 v accumulator._1751_/A1 (sky130_fd_sc_hd__a21o_1)
     2    0.01    0.06    0.20   17.39 v accumulator._1751_/X (sky130_fd_sc_hd__a21o_1)
                                         accumulator._0846_ (net)
                  0.06    0.00   17.39 v accumulator._1773_/A1 (sky130_fd_sc_hd__a21o_1)
     2    0.01    0.05    0.18   17.57 v accumulator._1773_/X (sky130_fd_sc_hd__a21o_1)
                                         accumulator._0868_ (net)
                  0.05    0.00   17.57 v accumulator._1798_/A1 (sky130_fd_sc_hd__a311o_1)
     2    0.01    0.08    0.30   17.87 v accumulator._1798_/X (sky130_fd_sc_hd__a311o_1)
                                         accumulator._0893_ (net)
                  0.08    0.00   17.87 v accumulator._1814_/A2 (sky130_fd_sc_hd__a21o_1)
     2    0.01    0.07    0.24   18.11 v accumulator._1814_/X (sky130_fd_sc_hd__a21o_1)
                                         accumulator._0909_ (net)
                  0.07    0.00   18.11 v accumulator._1821_/A2 (sky130_fd_sc_hd__a21o_1)
     3    0.01    0.06    0.23   18.33 v accumulator._1821_/X (sky130_fd_sc_hd__a21o_1)
                                         accumulator._0916_ (net)
                  0.06    0.00   18.33 v accumulator._1926_/A2 (sky130_fd_sc_hd__a21o_1)
     3    0.01    0.08    0.24   18.57 v accumulator._1926_/X (sky130_fd_sc_hd__a21o_1)
                                         accumulator._1021_ (net)
                  0.08    0.00   18.57 v accumulator._2045_/S (sky130_fd_sc_hd__mux2_4)
     4    0.01    0.07    0.35   18.92 v accumulator._2045_/X (sky130_fd_sc_hd__mux2_4)
                                         accumulator._1140_ (net)
                  0.07    0.00   18.92 v accumulator._2059_/B2 (sky130_fd_sc_hd__a221oi_2)
     1    0.00    0.18    0.24   19.17 ^ accumulator._2059_/Y (sky130_fd_sc_hd__a221oi_2)
                                         accumulator._1155_ (net)
                  0.18    0.00   19.17 ^ accumulator._2060_/A1 (sky130_fd_sc_hd__o21ai_1)
     1    0.00    0.09    0.11   19.28 v accumulator._2060_/Y (sky130_fd_sc_hd__o21ai_1)
                                         accumulator._1156_ (net)
                  0.09    0.00   19.28 v accumulator._2061_/A1 (sky130_fd_sc_hd__a21o_1)
     1    0.00    0.03    0.18   19.46 v accumulator._2061_/X (sky130_fd_sc_hd__a21o_1)
                                         accumulator._1157_ (net)
                  0.03    0.00   19.46 v accumulator._2062_/A1 (sky130_fd_sc_hd__a21o_1)
     1    0.00    0.04    0.16   19.61 v accumulator._2062_/X (sky130_fd_sc_hd__a21o_1)
                                         accumulator._1158_ (net)
                  0.04    0.00   19.61 v accumulator._2063_/A1 (sky130_fd_sc_hd__a21o_1)
     1    0.00    0.03    0.15   19.77 v accumulator._2063_/X (sky130_fd_sc_hd__a21o_1)
                                         accumulator._1159_ (net)
                  0.03    0.00   19.77 v accumulator._2064_/A1 (sky130_fd_sc_hd__a21o_1)
     1    0.00    0.04    0.16   19.92 v accumulator._2064_/X (sky130_fd_sc_hd__a21o_1)
                                         accumulator._1160_ (net)
                  0.04    0.00   19.92 v accumulator._2065_/A1 (sky130_fd_sc_hd__a21oi_1)
     1    0.00    0.13    0.14   20.07 ^ accumulator._2065_/Y (sky130_fd_sc_hd__a21oi_1)
                                         accumulator._1161_ (net)
                  0.13    0.00   20.07 ^ accumulator._2067_/A1 (sky130_fd_sc_hd__o21ai_1)
     1    0.00    0.06    0.09   20.16 v accumulator._2067_/Y (sky130_fd_sc_hd__o21ai_1)
                                         accumulator._1163_ (net)
                  0.06    0.00   20.16 v accumulator._2068_/A1 (sky130_fd_sc_hd__a21o_1)
     1    0.00    0.03    0.16   20.33 v accumulator._2068_/X (sky130_fd_sc_hd__a21o_1)
                                         accumulator._1164_ (net)
                  0.03    0.00   20.33 v accumulator._2069_/A1 (sky130_fd_sc_hd__a21o_1)
     1    0.01    0.04    0.16   20.49 v accumulator._2069_/X (sky130_fd_sc_hd__a21o_1)
                                         accumulator._1165_ (net)
                  0.04    0.00   20.49 v accumulator._2070_/A1 (sky130_fd_sc_hd__a211o_1)
     1    0.01    0.06    0.28   20.77 v accumulator._2070_/X (sky130_fd_sc_hd__a211o_1)
                                         accumulator._1167_ (net)
                  0.06    0.00   20.77 v accumulator._2073_/B2 (sky130_fd_sc_hd__a2bb2o_4)
     4    0.03    0.07    0.26   21.03 v accumulator._2073_/X (sky130_fd_sc_hd__a2bb2o_4)
                                         accumulator._1170_ (net)
                  0.07    0.00   21.03 v accumulator._2090_/A (sky130_fd_sc_hd__buf_8)
     5    0.03    0.03    0.15   21.18 v accumulator._2090_/X (sky130_fd_sc_hd__buf_8)
                                         accumulator._0046_ (net)
                  0.03    0.00   21.18 v accumulator._2091_/A (sky130_fd_sc_hd__buf_8)
    10    0.04    0.04    0.14   21.31 v accumulator._2091_/X (sky130_fd_sc_hd__buf_8)
                                         accumulator._0047_ (net)
                  0.04    0.00   21.32 v accumulator._2292_/A (sky130_fd_sc_hd__and3_1)
     2    0.01    0.06    0.17   21.49 v accumulator._2292_/X (sky130_fd_sc_hd__and3_1)
                                         accumulator._0244_ (net)
                  0.06    0.00   21.49 v accumulator._2299_/A (sky130_fd_sc_hd__xnor2_1)
     1    0.00    0.05    0.13   21.62 v accumulator._2299_/Y (sky130_fd_sc_hd__xnor2_1)
                                         accumulator._0250_ (net)
                  0.05    0.00   21.62 v accumulator._2301_/A2 (sky130_fd_sc_hd__a21oi_1)
     1    0.00    0.11    0.15   21.77 ^ accumulator._2301_/Y (sky130_fd_sc_hd__a21oi_1)
                                         accumulator._0027_ (net)
                  0.11    0.00   21.77 ^ accumulator._2382_/D (sky130_fd_sc_hd__dfxtp_2)
                                 21.77   data arrival time

                         25.00   25.00   clock clock (rise edge)
                          0.00   25.00   clock source latency
     1    0.01    0.07    0.05   25.05 ^ clock (in)
                                         clock (net)
                  0.07    0.00   25.05 ^ clkbuf_0_clock/A (sky130_fd_sc_hd__clkbuf_16)
     4    0.03    0.05    0.14   25.19 ^ clkbuf_0_clock/X (sky130_fd_sc_hd__clkbuf_16)
                                         clknet_0_clock (net)
                  0.05    0.00   25.19 ^ clkbuf_2_2__f_clock/A (sky130_fd_sc_hd__clkbuf_16)
     7    0.03    0.05    0.13   25.31 ^ clkbuf_2_2__f_clock/X (sky130_fd_sc_hd__clkbuf_16)
                                         clknet_2_2__leaf_clock (net)
                  0.05    0.00   25.32 ^ accumulator._2382_/CLK (sky130_fd_sc_hd__dfxtp_2)
                         -0.25   25.07   clock uncertainty
                          0.00   25.07   clock reconvergence pessimism
                         -0.07   24.99   library setup time
                                 24.99   data required time
-----------------------------------------------------------------------------
                                 24.99   data required time
                                -21.77   data arrival time
-----------------------------------------------------------------------------
                                  3.22   slack (MET)


Startpoint: io_inScaleA[7] (input port clocked by clock)
Endpoint: accumulator._2381_ (rising edge-triggered flip-flop clocked by clock)
Path Group: clock
Path Type: max

Fanout     Cap    Slew   Delay    Time   Description
-----------------------------------------------------------------------------
                          0.00    0.00   clock clock (rise edge)
                          0.00    0.00   clock network delay (propagated)
                          5.00    5.00 v input external delay
     1    0.01    0.01    0.01    5.01 v io_inScaleA[7] (in)
                                         io_inScaleA[7] (net)
                  0.01    0.00    5.01 v input16/A (sky130_fd_sc_hd__clkbuf_2)
     5    0.02    0.07    0.13    5.14 v input16/X (sky130_fd_sc_hd__clkbuf_2)
                                         net16 (net)
                  0.07    0.00    5.14 v scaleAdd._280_/A1 (sky130_fd_sc_hd__o31a_1)
     3    0.01    0.07    0.34    5.48 v scaleAdd._280_/X (sky130_fd_sc_hd__o31a_1)
                                         scaleAdd._222_ (net)
                  0.07    0.00    5.48 v scaleAdd._282_/A2 (sky130_fd_sc_hd__a21o_1)
     3    0.01    0.08    0.24    5.72 v scaleAdd._282_/X (sky130_fd_sc_hd__a21o_1)
                                         scaleAdd._224_ (net)
                  0.08    0.00    5.72 v scaleAdd._284_/A1 (sky130_fd_sc_hd__a21oi_4)
     3    0.02    0.16    0.19    5.91 ^ scaleAdd._284_/Y (sky130_fd_sc_hd__a21oi_4)
                                         scaleAdd._226_ (net)
                  0.16    0.00    5.91 ^ scaleAdd._287_/A (sky130_fd_sc_hd__xnor2_2)
     1    0.01    0.19    0.16    6.08 ^ scaleAdd._287_/Y (sky130_fd_sc_hd__xnor2_2)
                                         scaleAdd._229_ (net)
                  0.19    0.00    6.08 ^ scaleAdd._288_/A (sky130_fd_sc_hd__xnor2_2)
     3    0.02    0.10    0.14    6.22 v scaleAdd._288_/Y (sky130_fd_sc_hd__xnor2_2)
                                         scaleAdd._230_ (net)
                  0.10    0.00    6.22 v scaleAdd._346_/A2 (sky130_fd_sc_hd__a21o_1)
     1    0.01    0.05    0.22    6.44 v scaleAdd._346_/X (sky130_fd_sc_hd__a21o_1)
                                         scaleAdd._052_ (net)
                  0.05    0.00    6.44 v scaleAdd._348_/A2 (sky130_fd_sc_hd__a21o_4)
     2    0.03    0.06    0.26    6.70 v scaleAdd._348_/X (sky130_fd_sc_hd__a21o_4)
                                         scaleAdd._054_ (net)
                  0.06    0.00    6.70 v scaleAdd._349_/A (sky130_fd_sc_hd__xor2_4)
     5    0.01    0.08    0.20    6.90 v scaleAdd._349_/X (sky130_fd_sc_hd__xor2_4)
                                         scaleAdd._055_ (net)
                  0.08    0.00    6.90 v scaleAdd._351_/A1 (sky130_fd_sc_hd__a21o_1)
     2    0.01    0.05    0.19    7.09 v scaleAdd._351_/X (sky130_fd_sc_hd__a21o_1)
                                         scaleAdd._057_ (net)
                  0.05    0.00    7.09 v scaleAdd._353_/A (sky130_fd_sc_hd__and3_1)
     3    0.01    0.06    0.17    7.26 v scaleAdd._353_/X (sky130_fd_sc_hd__and3_1)
                                         scaleAdd._059_ (net)
                  0.06    0.00    7.26 v scaleAdd._355_/B (sky130_fd_sc_hd__or3_4)
     3    0.01    0.07    0.39    7.66 v scaleAdd._355_/X (sky130_fd_sc_hd__or3_4)
                                         scaleAdd._061_ (net)
                  0.07    0.00    7.66 v scaleAdd._359_/A1 (sky130_fd_sc_hd__a21o_1)
     2    0.01    0.05    0.18    7.84 v scaleAdd._359_/X (sky130_fd_sc_hd__a21o_1)
                                         scaleAdd._065_ (net)
                  0.05    0.00    7.84 v scaleAdd._383_/A2 (sky130_fd_sc_hd__a21o_1)
     2    0.01    0.04    0.19    8.03 v scaleAdd._383_/X (sky130_fd_sc_hd__a21o_1)
                                         scaleAdd._088_ (net)
                  0.04    0.00    8.03 v scaleAdd._399_/A1 (sky130_fd_sc_hd__a21o_1)
     2    0.01    0.07    0.19    8.22 v scaleAdd._399_/X (sky130_fd_sc_hd__a21o_1)
                                         scaleAdd._103_ (net)
                  0.07    0.00    8.22 v scaleAdd._417_/A1 (sky130_fd_sc_hd__a21bo_1)
     2    0.01    0.05    0.19    8.42 v scaleAdd._417_/X (sky130_fd_sc_hd__a21bo_1)
                                         scaleAdd._120_ (net)
                  0.05    0.00    8.42 v scaleAdd._432_/A1 (sky130_fd_sc_hd__a21o_1)
     2    0.01    0.05    0.18    8.60 v scaleAdd._432_/X (sky130_fd_sc_hd__a21o_1)
                                         scaleAdd._134_ (net)
                  0.05    0.00    8.60 v scaleAdd._444_/A1 (sky130_fd_sc_hd__a21o_1)
     2    0.01    0.05    0.18    8.78 v scaleAdd._444_/X (sky130_fd_sc_hd__a21o_1)
                                         scaleAdd._145_ (net)
                  0.05    0.00    8.78 v scaleAdd._447_/A1 (sky130_fd_sc_hd__a21o_1)
     2    0.00    0.04    0.17    8.95 v scaleAdd._447_/X (sky130_fd_sc_hd__a21o_1)
                                         scaleAdd._147_ (net)
                  0.04    0.00    8.95 v rebuffer19/A (sky130_fd_sc_hd__clkbuf_2)
     1    0.01    0.05    0.12    9.07 v rebuffer19/X (sky130_fd_sc_hd__clkbuf_2)
                                         net77 (net)
                  0.05    0.00    9.07 v scaleAdd._448_/A (sky130_fd_sc_hd__xor2_2)
     4    0.01    0.08    0.20    9.27 v scaleAdd._448_/X (sky130_fd_sc_hd__xor2_2)
                                         accumulator.io_inMant[14] (net)
                  0.08    0.00    9.27 v accumulator._1181_/A (sky130_fd_sc_hd__or4_4)
     1    0.01    0.09    0.58    9.85 v accumulator._1181_/X (sky130_fd_sc_hd__or4_4)
                                         accumulator._0045_ (net)
                  0.09    0.00    9.85 v accumulator._1182_/A (sky130_fd_sc_hd__buf_8)
     8    0.02    0.03    0.15   10.00 v accumulator._1182_/X (sky130_fd_sc_hd__buf_8)
                                         accumulator._0055_ (net)
                  0.03    0.00   10.00 v accumulator._1200_/A_N (sky130_fd_sc_hd__and2b_1)
     3    0.01    0.08    0.22   10.22 ^ accumulator._1200_/X (sky130_fd_sc_hd__and2b_1)
                                         accumulator._0232_ (net)
                  0.08    0.00   10.22 ^ accumulator._1201_/B1_N (sky130_fd_sc_hd__o21ba_4)
     3    0.01    0.04    0.17   10.39 v accumulator._1201_/X (sky130_fd_sc_hd__o21ba_4)
                                         accumulator._0241_ (net)
                  0.04    0.00   10.39 v accumulator._1202_/A (sky130_fd_sc_hd__and2_4)
     3    0.01    0.03    0.14   10.53 v accumulator._1202_/X (sky130_fd_sc_hd__and2_4)
                                         accumulator._0251_ (net)
                  0.03    0.00   10.53 v accumulator._1204_/B (sky130_fd_sc_hd__or2_4)
     3    0.01    0.05    0.24   10.78 v accumulator._1204_/X (sky130_fd_sc_hd__or2_4)
                                         accumulator._0271_ (net)
                  0.05    0.00   10.78 v accumulator._1205_/A (sky130_fd_sc_hd__inv_2)
     3    0.01    0.05    0.07   10.85 ^ accumulator._1205_/Y (sky130_fd_sc_hd__inv_2)
                                         accumulator._0281_ (net)
                  0.05    0.00   10.85 ^ accumulator._1218_/A1 (sky130_fd_sc_hd__a311o_1)
     3    0.01    0.12    0.21   11.06 ^ accumulator._1218_/X (sky130_fd_sc_hd__a311o_1)
                                         accumulator._0315_ (net)
                  0.12    0.00   11.06 ^ rebuffer25/A (sky130_fd_sc_hd__clkbuf_1)
     1    0.00    0.06    0.12   11.18 ^ rebuffer25/X (sky130_fd_sc_hd__clkbuf_1)
                                         net83 (net)
                  0.06    0.00   11.18 ^ rebuffer10/A (sky130_fd_sc_hd__clkbuf_2)
     1    0.00    0.03    0.10   11.28 ^ rebuffer10/X (sky130_fd_sc_hd__clkbuf_2)
                                         net68 (net)
                  0.03    0.00   11.28 ^ rebuffer8/A (sky130_fd_sc_hd__clkbuf_1)
     1    0.01    0.07    0.10   11.37 ^ rebuffer8/X (sky130_fd_sc_hd__clkbuf_1)
                                         net66 (net)
                  0.07    0.00   11.37 ^ accumulator._1219_/A (sky130_fd_sc_hd__nand3_2)
     2    0.01    0.08    0.07   11.45 v accumulator._1219_/Y (sky130_fd_sc_hd__nand3_2)
                                         accumulator._0316_ (net)
                  0.08    0.00   11.45 v accumulator._1228_/A2 (sky130_fd_sc_hd__a211o_1)
     2    0.01    0.07    0.34   11.79 v accumulator._1228_/X (sky130_fd_sc_hd__a211o_1)
                                         accumulator._0325_ (net)
                  0.07    0.00   11.79 v accumulator._1242_/A2 (sky130_fd_sc_hd__o22a_1)
     3    0.01    0.07    0.24   12.03 v accumulator._1242_/X (sky130_fd_sc_hd__o22a_1)
                                         accumulator._0339_ (net)
                  0.07    0.00   12.03 v accumulator._1243_/A (sky130_fd_sc_hd__buf_4)
    10    0.03    0.06    0.19   12.22 v accumulator._1243_/X (sky130_fd_sc_hd__buf_4)
                                         accumulator._0340_ (net)
                  0.06    0.00   12.22 v accumulator._1249_/B1 (sky130_fd_sc_hd__a21o_4)
     3    0.02    0.06    0.22   12.44 v accumulator._1249_/X (sky130_fd_sc_hd__a21o_4)
                                         accumulator._0346_ (net)
                  0.06    0.00   12.44 v accumulator._1250_/B (sky130_fd_sc_hd__xor2_4)
     3    0.03    0.10    0.19   12.64 v accumulator._1250_/X (sky130_fd_sc_hd__xor2_4)
                                         accumulator._0347_ (net)
                  0.10    0.00   12.64 v accumulator._1259_/A2 (sky130_fd_sc_hd__a21o_4)
     2    0.02    0.05    0.27   12.91 v accumulator._1259_/X (sky130_fd_sc_hd__a21o_4)
                                         accumulator._0356_ (net)
                  0.05    0.00   12.91 v accumulator._1264_/A2 (sky130_fd_sc_hd__a21o_1)
     2    0.01    0.04    0.20   13.10 v accumulator._1264_/X (sky130_fd_sc_hd__a21o_1)
                                         accumulator._0361_ (net)
                  0.04    0.00   13.10 v accumulator._1266_/A1 (sky130_fd_sc_hd__a21o_1)
     2    0.01    0.04    0.17   13.28 v accumulator._1266_/X (sky130_fd_sc_hd__a21o_1)
                                         accumulator._0363_ (net)
                  0.04    0.00   13.28 v accumulator._1272_/A1 (sky130_fd_sc_hd__a21o_1)
     2    0.02    0.10    0.23   13.50 v accumulator._1272_/X (sky130_fd_sc_hd__a21o_1)
                                         accumulator._0369_ (net)
                  0.10    0.00   13.50 v accumulator._1278_/A1 (sky130_fd_sc_hd__a21oi_4)
     3    0.02    0.17    0.21   13.71 ^ accumulator._1278_/Y (sky130_fd_sc_hd__a21oi_4)
                                         accumulator._0375_ (net)
                  0.17    0.00   13.71 ^ rebuffer21/A (sky130_fd_sc_hd__buf_6)
     2    0.02    0.05    0.15   13.86 ^ rebuffer21/X (sky130_fd_sc_hd__buf_6)
                                         net79 (net)
                  0.05    0.00   13.86 ^ accumulator._1289_/B (sky130_fd_sc_hd__xnor2_4)
     9    0.03    0.26    0.16   14.02 ^ accumulator._1289_/Y (sky130_fd_sc_hd__xnor2_4)
                                         accumulator._0386_ (net)
                  0.26    0.00   14.02 ^ accumulator._1330_/S (sky130_fd_sc_hd__mux2_4)
     6    0.02    0.07    0.38   14.40 v accumulator._1330_/X (sky130_fd_sc_hd__mux2_4)
                                         accumulator._0425_ (net)
                  0.07    0.00   14.40 v clone38/A (sky130_fd_sc_hd__buf_4)
     5    0.02    0.04    0.17   14.57 v clone38/X (sky130_fd_sc_hd__buf_4)
                                         net96 (net)
                  0.04    0.00   14.57 v accumulator._1526_/A1 (sky130_fd_sc_hd__a21o_1)
     2    0.01    0.05    0.18   14.75 v accumulator._1526_/X (sky130_fd_sc_hd__a21o_1)
                                         accumulator._0621_ (net)
                  0.05    0.00   14.75 v accumulator._1527_/A2 (sky130_fd_sc_hd__a21o_1)
     2    0.00    0.04    0.19   14.94 v accumulator._1527_/X (sky130_fd_sc_hd__a21o_1)
                                         accumulator._0622_ (net)
                  0.04    0.00   14.94 v accumulator._1528_/C (sky130_fd_sc_hd__and3_1)
     2    0.01    0.07    0.22   15.16 v accumulator._1528_/X (sky130_fd_sc_hd__and3_1)
                                         accumulator._0623_ (net)
                  0.07    0.00   15.16 v accumulator._1644_/A2 (sky130_fd_sc_hd__o311ai_4)
     3    0.01    0.29    0.34   15.50 ^ accumulator._1644_/Y (sky130_fd_sc_hd__o311ai_4)
                                         accumulator._0739_ (net)
                  0.29    0.00   15.50 ^ accumulator._1716_/A (sky130_fd_sc_hd__nand3_2)
     2    0.01    0.10    0.12   15.62 v accumulator._1716_/Y (sky130_fd_sc_hd__nand3_2)
                                         accumulator._0811_ (net)
                  0.10    0.00   15.62 v accumulator._1736_/A1 (sky130_fd_sc_hd__a2111o_4)
     5    0.02    0.09    0.52   16.14 v accumulator._1736_/X (sky130_fd_sc_hd__a2111o_4)
                                         accumulator._0831_ (net)
                  0.09    0.00   16.15 v accumulator._1738_/A1 (sky130_fd_sc_hd__a21o_1)
     3    0.01    0.06    0.21   16.35 v accumulator._1738_/X (sky130_fd_sc_hd__a21o_1)
                                         accumulator._0833_ (net)
                  0.06    0.00   16.35 v accumulator._1744_/A1 (sky130_fd_sc_hd__a2111o_1)
     3    0.01    0.10    0.43   16.78 v accumulator._1744_/X (sky130_fd_sc_hd__a2111o_1)
                                         accumulator._0839_ (net)
                  0.10    0.00   16.78 v accumulator._1748_/A1 (sky130_fd_sc_hd__a2111o_1)
     2    0.01    0.07    0.41   17.20 v accumulator._1748_/X (sky130_fd_sc_hd__a2111o_1)
                                         accumulator._0843_ (net)
                  0.07    0.00   17.20 v accumulator._1751_/A1 (sky130_fd_sc_hd__a21o_1)
     2    0.01    0.06    0.20   17.39 v accumulator._1751_/X (sky130_fd_sc_hd__a21o_1)
                                         accumulator._0846_ (net)
                  0.06    0.00   17.39 v accumulator._1773_/A1 (sky130_fd_sc_hd__a21o_1)
     2    0.01    0.05    0.18   17.57 v accumulator._1773_/X (sky130_fd_sc_hd__a21o_1)
                                         accumulator._0868_ (net)
                  0.05    0.00   17.57 v accumulator._1798_/A1 (sky130_fd_sc_hd__a311o_1)
     2    0.01    0.08    0.30   17.87 v accumulator._1798_/X (sky130_fd_sc_hd__a311o_1)
                                         accumulator._0893_ (net)
                  0.08    0.00   17.87 v accumulator._1814_/A2 (sky130_fd_sc_hd__a21o_1)
     2    0.01    0.07    0.24   18.11 v accumulator._1814_/X (sky130_fd_sc_hd__a21o_1)
                                         accumulator._0909_ (net)
                  0.07    0.00   18.11 v accumulator._1821_/A2 (sky130_fd_sc_hd__a21o_1)
     3    0.01    0.06    0.23   18.33 v accumulator._1821_/X (sky130_fd_sc_hd__a21o_1)
                                         accumulator._0916_ (net)
                  0.06    0.00   18.33 v accumulator._1926_/A2 (sky130_fd_sc_hd__a21o_1)
     3    0.01    0.08    0.24   18.57 v accumulator._1926_/X (sky130_fd_sc_hd__a21o_1)
                                         accumulator._1021_ (net)
                  0.08    0.00   18.57 v accumulator._2045_/S (sky130_fd_sc_hd__mux2_4)
     4    0.01    0.07    0.35   18.92 v accumulator._2045_/X (sky130_fd_sc_hd__mux2_4)
                                         accumulator._1140_ (net)
                  0.07    0.00   18.92 v accumulator._2059_/B2 (sky130_fd_sc_hd__a221oi_2)
     1    0.00    0.18    0.24   19.17 ^ accumulator._2059_/Y (sky130_fd_sc_hd__a221oi_2)
                                         accumulator._1155_ (net)
                  0.18    0.00   19.17 ^ accumulator._2060_/A1 (sky130_fd_sc_hd__o21ai_1)
     1    0.00    0.09    0.11   19.28 v accumulator._2060_/Y (sky130_fd_sc_hd__o21ai_1)
                                         accumulator._1156_ (net)
                  0.09    0.00   19.28 v accumulator._2061_/A1 (sky130_fd_sc_hd__a21o_1)
     1    0.00    0.03    0.18   19.46 v accumulator._2061_/X (sky130_fd_sc_hd__a21o_1)
                                         accumulator._1157_ (net)
                  0.03    0.00   19.46 v accumulator._2062_/A1 (sky130_fd_sc_hd__a21o_1)
     1    0.00    0.04    0.16   19.61 v accumulator._2062_/X (sky130_fd_sc_hd__a21o_1)
                                         accumulator._1158_ (net)
                  0.04    0.00   19.61 v accumulator._2063_/A1 (sky130_fd_sc_hd__a21o_1)
     1    0.00    0.03    0.15   19.77 v accumulator._2063_/X (sky130_fd_sc_hd__a21o_1)
                                         accumulator._1159_ (net)
                  0.03    0.00   19.77 v accumulator._2064_/A1 (sky130_fd_sc_hd__a21o_1)
     1    0.00    0.04    0.16   19.92 v accumulator._2064_/X (sky130_fd_sc_hd__a21o_1)
                                         accumulator._1160_ (net)
                  0.04    0.00   19.92 v accumulator._2065_/A1 (sky130_fd_sc_hd__a21oi_1)
     1    0.00    0.13    0.14   20.07 ^ accumulator._2065_/Y (sky130_fd_sc_hd__a21oi_1)
                                         accumulator._1161_ (net)
                  0.13    0.00   20.07 ^ accumulator._2067_/A1 (sky130_fd_sc_hd__o21ai_1)
     1    0.00    0.06    0.09   20.16 v accumulator._2067_/Y (sky130_fd_sc_hd__o21ai_1)
                                         accumulator._1163_ (net)
                  0.06    0.00   20.16 v accumulator._2068_/A1 (sky130_fd_sc_hd__a21o_1)
     1    0.00    0.03    0.16   20.33 v accumulator._2068_/X (sky130_fd_sc_hd__a21o_1)
                                         accumulator._1164_ (net)
                  0.03    0.00   20.33 v accumulator._2069_/A1 (sky130_fd_sc_hd__a21o_1)
     1    0.01    0.04    0.16   20.49 v accumulator._2069_/X (sky130_fd_sc_hd__a21o_1)
                                         accumulator._1165_ (net)
                  0.04    0.00   20.49 v accumulator._2070_/A1 (sky130_fd_sc_hd__a211o_1)
     1    0.01    0.06    0.28   20.77 v accumulator._2070_/X (sky130_fd_sc_hd__a211o_1)
                                         accumulator._1167_ (net)
                  0.06    0.00   20.77 v accumulator._2073_/B2 (sky130_fd_sc_hd__a2bb2o_4)
     4    0.03    0.07    0.26   21.03 v accumulator._2073_/X (sky130_fd_sc_hd__a2bb2o_4)
                                         accumulator._1170_ (net)
                  0.07    0.00   21.03 v accumulator._2090_/A (sky130_fd_sc_hd__buf_8)
     5    0.03    0.03    0.15   21.18 v accumulator._2090_/X (sky130_fd_sc_hd__buf_8)
                                         accumulator._0046_ (net)
                  0.03    0.00   21.18 v accumulator._2091_/A (sky130_fd_sc_hd__buf_8)
    10    0.04    0.04    0.14   21.31 v accumulator._2091_/X (sky130_fd_sc_hd__buf_8)
                                         accumulator._0047_ (net)
                  0.04    0.00   21.32 v accumulator._2292_/A (sky130_fd_sc_hd__and3_1)
     2    0.01    0.06    0.17   21.49 v accumulator._2292_/X (sky130_fd_sc_hd__and3_1)
                                         accumulator._0244_ (net)
                  0.06    0.00   21.49 v accumulator._2293_/A2 (sky130_fd_sc_hd__o21ai_1)
     1    0.00    0.09    0.12   21.61 ^ accumulator._2293_/Y (sky130_fd_sc_hd__o21ai_1)
                                         accumulator._0245_ (net)
                  0.09    0.00   21.61 ^ accumulator._2294_/C1 (sky130_fd_sc_hd__o211a_1)
     1    0.00    0.04    0.15   21.75 ^ accumulator._2294_/X (sky130_fd_sc_hd__o211a_1)
                                         accumulator._0026_ (net)
                  0.04    0.00   21.75 ^ accumulator._2381_/D (sky130_fd_sc_hd__dfxtp_1)
                                 21.75   data arrival time

                         25.00   25.00   clock clock (rise edge)
                          0.00   25.00   clock source latency
     1    0.01    0.07    0.05   25.05 ^ clock (in)
                                         clock (net)
                  0.07    0.00   25.05 ^ clkbuf_0_clock/A (sky130_fd_sc_hd__clkbuf_16)
     4    0.03    0.05    0.14   25.19 ^ clkbuf_0_clock/X (sky130_fd_sc_hd__clkbuf_16)
                                         clknet_0_clock (net)
                  0.05    0.00   25.19 ^ clkbuf_2_2__f_clock/A (sky130_fd_sc_hd__clkbuf_16)
     7    0.03    0.05    0.13   25.31 ^ clkbuf_2_2__f_clock/X (sky130_fd_sc_hd__clkbuf_16)
                                         clknet_2_2__leaf_clock (net)
                  0.05    0.00   25.32 ^ accumulator._2381_/CLK (sky130_fd_sc_hd__dfxtp_1)
                         -0.25   25.07   clock uncertainty
                          0.00   25.07   clock reconvergence pessimism
                         -0.05   25.01   library setup time
                                 25.01   data required time
-----------------------------------------------------------------------------
                                 25.01   data required time
                                -21.75   data arrival time
-----------------------------------------------------------------------------
                                  3.26   slack (MET)


Startpoint: io_inScaleA[7] (input port clocked by clock)
Endpoint: accumulator._2380_ (rising edge-triggered flip-flop clocked by clock)
Path Group: clock
Path Type: max

Fanout     Cap    Slew   Delay    Time   Description
-----------------------------------------------------------------------------
                          0.00    0.00   clock clock (rise edge)
                          0.00    0.00   clock network delay (propagated)
                          5.00    5.00 v input external delay
     1    0.01    0.01    0.01    5.01 v io_inScaleA[7] (in)
                                         io_inScaleA[7] (net)
                  0.01    0.00    5.01 v input16/A (sky130_fd_sc_hd__clkbuf_2)
     5    0.02    0.07    0.13    5.14 v input16/X (sky130_fd_sc_hd__clkbuf_2)
                                         net16 (net)
                  0.07    0.00    5.14 v scaleAdd._280_/A1 (sky130_fd_sc_hd__o31a_1)
     3    0.01    0.07    0.34    5.48 v scaleAdd._280_/X (sky130_fd_sc_hd__o31a_1)
                                         scaleAdd._222_ (net)
                  0.07    0.00    5.48 v scaleAdd._282_/A2 (sky130_fd_sc_hd__a21o_1)
     3    0.01    0.08    0.24    5.72 v scaleAdd._282_/X (sky130_fd_sc_hd__a21o_1)
                                         scaleAdd._224_ (net)
                  0.08    0.00    5.72 v scaleAdd._284_/A1 (sky130_fd_sc_hd__a21oi_4)
     3    0.02    0.16    0.19    5.91 ^ scaleAdd._284_/Y (sky130_fd_sc_hd__a21oi_4)
                                         scaleAdd._226_ (net)
                  0.16    0.00    5.91 ^ scaleAdd._287_/A (sky130_fd_sc_hd__xnor2_2)
     1    0.01    0.19    0.16    6.08 ^ scaleAdd._287_/Y (sky130_fd_sc_hd__xnor2_2)
                                         scaleAdd._229_ (net)
                  0.19    0.00    6.08 ^ scaleAdd._288_/A (sky130_fd_sc_hd__xnor2_2)
     3    0.02    0.10    0.14    6.22 v scaleAdd._288_/Y (sky130_fd_sc_hd__xnor2_2)
                                         scaleAdd._230_ (net)
                  0.10    0.00    6.22 v scaleAdd._346_/A2 (sky130_fd_sc_hd__a21o_1)
     1    0.01    0.05    0.22    6.44 v scaleAdd._346_/X (sky130_fd_sc_hd__a21o_1)
                                         scaleAdd._052_ (net)
                  0.05    0.00    6.44 v scaleAdd._348_/A2 (sky130_fd_sc_hd__a21o_4)
     2    0.03    0.06    0.26    6.70 v scaleAdd._348_/X (sky130_fd_sc_hd__a21o_4)
                                         scaleAdd._054_ (net)
                  0.06    0.00    6.70 v scaleAdd._349_/A (sky130_fd_sc_hd__xor2_4)
     5    0.01    0.08    0.20    6.90 v scaleAdd._349_/X (sky130_fd_sc_hd__xor2_4)
                                         scaleAdd._055_ (net)
                  0.08    0.00    6.90 v scaleAdd._351_/A1 (sky130_fd_sc_hd__a21o_1)
     2    0.01    0.05    0.19    7.09 v scaleAdd._351_/X (sky130_fd_sc_hd__a21o_1)
                                         scaleAdd._057_ (net)
                  0.05    0.00    7.09 v scaleAdd._353_/A (sky130_fd_sc_hd__and3_1)
     3    0.01    0.06    0.17    7.26 v scaleAdd._353_/X (sky130_fd_sc_hd__and3_1)
                                         scaleAdd._059_ (net)
                  0.06    0.00    7.26 v scaleAdd._355_/B (sky130_fd_sc_hd__or3_4)
     3    0.01    0.07    0.39    7.66 v scaleAdd._355_/X (sky130_fd_sc_hd__or3_4)
                                         scaleAdd._061_ (net)
                  0.07    0.00    7.66 v scaleAdd._359_/A1 (sky130_fd_sc_hd__a21o_1)
     2    0.01    0.05    0.18    7.84 v scaleAdd._359_/X (sky130_fd_sc_hd__a21o_1)
                                         scaleAdd._065_ (net)
                  0.05    0.00    7.84 v scaleAdd._383_/A2 (sky130_fd_sc_hd__a21o_1)
     2    0.01    0.04    0.19    8.03 v scaleAdd._383_/X (sky130_fd_sc_hd__a21o_1)
                                         scaleAdd._088_ (net)
                  0.04    0.00    8.03 v scaleAdd._399_/A1 (sky130_fd_sc_hd__a21o_1)
     2    0.01    0.07    0.19    8.22 v scaleAdd._399_/X (sky130_fd_sc_hd__a21o_1)
                                         scaleAdd._103_ (net)
                  0.07    0.00    8.22 v scaleAdd._417_/A1 (sky130_fd_sc_hd__a21bo_1)
     2    0.01    0.05    0.19    8.42 v scaleAdd._417_/X (sky130_fd_sc_hd__a21bo_1)
                                         scaleAdd._120_ (net)
                  0.05    0.00    8.42 v scaleAdd._432_/A1 (sky130_fd_sc_hd__a21o_1)
     2    0.01    0.05    0.18    8.60 v scaleAdd._432_/X (sky130_fd_sc_hd__a21o_1)
                                         scaleAdd._134_ (net)
                  0.05    0.00    8.60 v scaleAdd._444_/A1 (sky130_fd_sc_hd__a21o_1)
     2    0.01    0.05    0.18    8.78 v scaleAdd._444_/X (sky130_fd_sc_hd__a21o_1)
                                         scaleAdd._145_ (net)
                  0.05    0.00    8.78 v scaleAdd._447_/A1 (sky130_fd_sc_hd__a21o_1)
     2    0.00    0.04    0.17    8.95 v scaleAdd._447_/X (sky130_fd_sc_hd__a21o_1)
                                         scaleAdd._147_ (net)
                  0.04    0.00    8.95 v rebuffer19/A (sky130_fd_sc_hd__clkbuf_2)
     1    0.01    0.05    0.12    9.07 v rebuffer19/X (sky130_fd_sc_hd__clkbuf_2)
                                         net77 (net)
                  0.05    0.00    9.07 v scaleAdd._448_/A (sky130_fd_sc_hd__xor2_2)
     4    0.01    0.08    0.20    9.27 v scaleAdd._448_/X (sky130_fd_sc_hd__xor2_2)
                                         accumulator.io_inMant[14] (net)
                  0.08    0.00    9.27 v accumulator._1181_/A (sky130_fd_sc_hd__or4_4)
     1    0.01    0.09    0.58    9.85 v accumulator._1181_/X (sky130_fd_sc_hd__or4_4)
                                         accumulator._0045_ (net)
                  0.09    0.00    9.85 v accumulator._1182_/A (sky130_fd_sc_hd__buf_8)
     8    0.02    0.03    0.15   10.00 v accumulator._1182_/X (sky130_fd_sc_hd__buf_8)
                                         accumulator._0055_ (net)
                  0.03    0.00   10.00 v accumulator._1200_/A_N (sky130_fd_sc_hd__and2b_1)
     3    0.01    0.08    0.22   10.22 ^ accumulator._1200_/X (sky130_fd_sc_hd__and2b_1)
                                         accumulator._0232_ (net)
                  0.08    0.00   10.22 ^ accumulator._1201_/B1_N (sky130_fd_sc_hd__o21ba_4)
     3    0.01    0.04    0.17   10.39 v accumulator._1201_/X (sky130_fd_sc_hd__o21ba_4)
                                         accumulator._0241_ (net)
                  0.04    0.00   10.39 v accumulator._1202_/A (sky130_fd_sc_hd__and2_4)
     3    0.01    0.03    0.14   10.53 v accumulator._1202_/X (sky130_fd_sc_hd__and2_4)
                                         accumulator._0251_ (net)
                  0.03    0.00   10.53 v accumulator._1204_/B (sky130_fd_sc_hd__or2_4)
     3    0.01    0.05    0.24   10.78 v accumulator._1204_/X (sky130_fd_sc_hd__or2_4)
                                         accumulator._0271_ (net)
                  0.05    0.00   10.78 v accumulator._1205_/A (sky130_fd_sc_hd__inv_2)
     3    0.01    0.05    0.07   10.85 ^ accumulator._1205_/Y (sky130_fd_sc_hd__inv_2)
                                         accumulator._0281_ (net)
                  0.05    0.00   10.85 ^ accumulator._1218_/A1 (sky130_fd_sc_hd__a311o_1)
     3    0.01    0.12    0.21   11.06 ^ accumulator._1218_/X (sky130_fd_sc_hd__a311o_1)
                                         accumulator._0315_ (net)
                  0.12    0.00   11.06 ^ rebuffer25/A (sky130_fd_sc_hd__clkbuf_1)
     1    0.00    0.06    0.12   11.18 ^ rebuffer25/X (sky130_fd_sc_hd__clkbuf_1)
                                         net83 (net)
                  0.06    0.00   11.18 ^ rebuffer10/A (sky130_fd_sc_hd__clkbuf_2)
     1    0.00    0.03    0.10   11.28 ^ rebuffer10/X (sky130_fd_sc_hd__clkbuf_2)
                                         net68 (net)
                  0.03    0.00   11.28 ^ rebuffer8/A (sky130_fd_sc_hd__clkbuf_1)
     1    0.01    0.07    0.10   11.37 ^ rebuffer8/X (sky130_fd_sc_hd__clkbuf_1)
                                         net66 (net)
                  0.07    0.00   11.37 ^ accumulator._1219_/A (sky130_fd_sc_hd__nand3_2)
     2    0.01    0.08    0.07   11.45 v accumulator._1219_/Y (sky130_fd_sc_hd__nand3_2)
                                         accumulator._0316_ (net)
                  0.08    0.00   11.45 v accumulator._1228_/A2 (sky130_fd_sc_hd__a211o_1)
     2    0.01    0.07    0.34   11.79 v accumulator._1228_/X (sky130_fd_sc_hd__a211o_1)
                                         accumulator._0325_ (net)
                  0.07    0.00   11.79 v accumulator._1242_/A2 (sky130_fd_sc_hd__o22a_1)
     3    0.01    0.07    0.24   12.03 v accumulator._1242_/X (sky130_fd_sc_hd__o22a_1)
                                         accumulator._0339_ (net)
                  0.07    0.00   12.03 v accumulator._1243_/A (sky130_fd_sc_hd__buf_4)
    10    0.03    0.06    0.19   12.22 v accumulator._1243_/X (sky130_fd_sc_hd__buf_4)
                                         accumulator._0340_ (net)
                  0.06    0.00   12.22 v accumulator._1249_/B1 (sky130_fd_sc_hd__a21o_4)
     3    0.02    0.06    0.22   12.44 v accumulator._1249_/X (sky130_fd_sc_hd__a21o_4)
                                         accumulator._0346_ (net)
                  0.06    0.00   12.44 v accumulator._1250_/B (sky130_fd_sc_hd__xor2_4)
     3    0.03    0.10    0.19   12.64 v accumulator._1250_/X (sky130_fd_sc_hd__xor2_4)
                                         accumulator._0347_ (net)
                  0.10    0.00   12.64 v accumulator._1259_/A2 (sky130_fd_sc_hd__a21o_4)
     2    0.02    0.05    0.27   12.91 v accumulator._1259_/X (sky130_fd_sc_hd__a21o_4)
                                         accumulator._0356_ (net)
                  0.05    0.00   12.91 v accumulator._1264_/A2 (sky130_fd_sc_hd__a21o_1)
     2    0.01    0.04    0.20   13.10 v accumulator._1264_/X (sky130_fd_sc_hd__a21o_1)
                                         accumulator._0361_ (net)
                  0.04    0.00   13.10 v accumulator._1266_/A1 (sky130_fd_sc_hd__a21o_1)
     2    0.01    0.04    0.17   13.28 v accumulator._1266_/X (sky130_fd_sc_hd__a21o_1)
                                         accumulator._0363_ (net)
                  0.04    0.00   13.28 v accumulator._1272_/A1 (sky130_fd_sc_hd__a21o_1)
     2    0.02    0.10    0.23   13.50 v accumulator._1272_/X (sky130_fd_sc_hd__a21o_1)
                                         accumulator._0369_ (net)
                  0.10    0.00   13.50 v accumulator._1278_/A1 (sky130_fd_sc_hd__a21oi_4)
     3    0.02    0.17    0.21   13.71 ^ accumulator._1278_/Y (sky130_fd_sc_hd__a21oi_4)
                                         accumulator._0375_ (net)
                  0.17    0.00   13.71 ^ rebuffer21/A (sky130_fd_sc_hd__buf_6)
     2    0.02    0.05    0.15   13.86 ^ rebuffer21/X (sky130_fd_sc_hd__buf_6)
                                         net79 (net)
                  0.05    0.00   13.86 ^ accumulator._1289_/B (sky130_fd_sc_hd__xnor2_4)
     9    0.03    0.26    0.16   14.02 ^ accumulator._1289_/Y (sky130_fd_sc_hd__xnor2_4)
                                         accumulator._0386_ (net)
                  0.26    0.00   14.02 ^ accumulator._1330_/S (sky130_fd_sc_hd__mux2_4)
     6    0.02    0.07    0.38   14.40 v accumulator._1330_/X (sky130_fd_sc_hd__mux2_4)
                                         accumulator._0425_ (net)
                  0.07    0.00   14.40 v clone38/A (sky130_fd_sc_hd__buf_4)
     5    0.02    0.04    0.17   14.57 v clone38/X (sky130_fd_sc_hd__buf_4)
                                         net96 (net)
                  0.04    0.00   14.57 v accumulator._1526_/A1 (sky130_fd_sc_hd__a21o_1)
     2    0.01    0.05    0.18   14.75 v accumulator._1526_/X (sky130_fd_sc_hd__a21o_1)
                                         accumulator._0621_ (net)
                  0.05    0.00   14.75 v accumulator._1527_/A2 (sky130_fd_sc_hd__a21o_1)
     2    0.00    0.04    0.19   14.94 v accumulator._1527_/X (sky130_fd_sc_hd__a21o_1)
                                         accumulator._0622_ (net)
                  0.04    0.00   14.94 v accumulator._1528_/C (sky130_fd_sc_hd__and3_1)
     2    0.01    0.07    0.22   15.16 v accumulator._1528_/X (sky130_fd_sc_hd__and3_1)
                                         accumulator._0623_ (net)
                  0.07    0.00   15.16 v accumulator._1644_/A2 (sky130_fd_sc_hd__o311ai_4)
     3    0.01    0.29    0.34   15.50 ^ accumulator._1644_/Y (sky130_fd_sc_hd__o311ai_4)
                                         accumulator._0739_ (net)
                  0.29    0.00   15.50 ^ accumulator._1716_/A (sky130_fd_sc_hd__nand3_2)
     2    0.01    0.10    0.12   15.62 v accumulator._1716_/Y (sky130_fd_sc_hd__nand3_2)
                                         accumulator._0811_ (net)
                  0.10    0.00   15.62 v accumulator._1736_/A1 (sky130_fd_sc_hd__a2111o_4)
     5    0.02    0.09    0.52   16.14 v accumulator._1736_/X (sky130_fd_sc_hd__a2111o_4)
                                         accumulator._0831_ (net)
                  0.09    0.00   16.15 v accumulator._1738_/A1 (sky130_fd_sc_hd__a21o_1)
     3    0.01    0.06    0.21   16.35 v accumulator._1738_/X (sky130_fd_sc_hd__a21o_1)
                                         accumulator._0833_ (net)
                  0.06    0.00   16.35 v accumulator._1744_/A1 (sky130_fd_sc_hd__a2111o_1)
     3    0.01    0.10    0.43   16.78 v accumulator._1744_/X (sky130_fd_sc_hd__a2111o_1)
                                         accumulator._0839_ (net)
                  0.10    0.00   16.78 v accumulator._1748_/A1 (sky130_fd_sc_hd__a2111o_1)
     2    0.01    0.07    0.41   17.20 v accumulator._1748_/X (sky130_fd_sc_hd__a2111o_1)
                                         accumulator._0843_ (net)
                  0.07    0.00   17.20 v accumulator._1751_/A1 (sky130_fd_sc_hd__a21o_1)
     2    0.01    0.06    0.20   17.39 v accumulator._1751_/X (sky130_fd_sc_hd__a21o_1)
                                         accumulator._0846_ (net)
                  0.06    0.00   17.39 v accumulator._1773_/A1 (sky130_fd_sc_hd__a21o_1)
     2    0.01    0.05    0.18   17.57 v accumulator._1773_/X (sky130_fd_sc_hd__a21o_1)
                                         accumulator._0868_ (net)
                  0.05    0.00   17.57 v accumulator._1798_/A1 (sky130_fd_sc_hd__a311o_1)
     2    0.01    0.08    0.30   17.87 v accumulator._1798_/X (sky130_fd_sc_hd__a311o_1)
                                         accumulator._0893_ (net)
                  0.08    0.00   17.87 v accumulator._1814_/A2 (sky130_fd_sc_hd__a21o_1)
     2    0.01    0.07    0.24   18.11 v accumulator._1814_/X (sky130_fd_sc_hd__a21o_1)
                                         accumulator._0909_ (net)
                  0.07    0.00   18.11 v accumulator._1821_/A2 (sky130_fd_sc_hd__a21o_1)
     3    0.01    0.06    0.23   18.33 v accumulator._1821_/X (sky130_fd_sc_hd__a21o_1)
                                         accumulator._0916_ (net)
                  0.06    0.00   18.33 v accumulator._1926_/A2 (sky130_fd_sc_hd__a21o_1)
     3    0.01    0.08    0.24   18.57 v accumulator._1926_/X (sky130_fd_sc_hd__a21o_1)
                                         accumulator._1021_ (net)
                  0.08    0.00   18.57 v accumulator._2045_/S (sky130_fd_sc_hd__mux2_4)
     4    0.01    0.07    0.35   18.92 v accumulator._2045_/X (sky130_fd_sc_hd__mux2_4)
                                         accumulator._1140_ (net)
                  0.07    0.00   18.92 v accumulator._2059_/B2 (sky130_fd_sc_hd__a221oi_2)
     1    0.00    0.18    0.24   19.17 ^ accumulator._2059_/Y (sky130_fd_sc_hd__a221oi_2)
                                         accumulator._1155_ (net)
                  0.18    0.00   19.17 ^ accumulator._2060_/A1 (sky130_fd_sc_hd__o21ai_1)
     1    0.00    0.09    0.11   19.28 v accumulator._2060_/Y (sky130_fd_sc_hd__o21ai_1)
                                         accumulator._1156_ (net)
                  0.09    0.00   19.28 v accumulator._2061_/A1 (sky130_fd_sc_hd__a21o_1)
     1    0.00    0.03    0.18   19.46 v accumulator._2061_/X (sky130_fd_sc_hd__a21o_1)
                                         accumulator._1157_ (net)
                  0.03    0.00   19.46 v accumulator._2062_/A1 (sky130_fd_sc_hd__a21o_1)
     1    0.00    0.04    0.16   19.61 v accumulator._2062_/X (sky130_fd_sc_hd__a21o_1)
                                         accumulator._1158_ (net)
                  0.04    0.00   19.61 v accumulator._2063_/A1 (sky130_fd_sc_hd__a21o_1)
     1    0.00    0.03    0.15   19.77 v accumulator._2063_/X (sky130_fd_sc_hd__a21o_1)
                                         accumulator._1159_ (net)
                  0.03    0.00   19.77 v accumulator._2064_/A1 (sky130_fd_sc_hd__a21o_1)
     1    0.00    0.04    0.16   19.92 v accumulator._2064_/X (sky130_fd_sc_hd__a21o_1)
                                         accumulator._1160_ (net)
                  0.04    0.00   19.92 v accumulator._2065_/A1 (sky130_fd_sc_hd__a21oi_1)
     1    0.00    0.13    0.14   20.07 ^ accumulator._2065_/Y (sky130_fd_sc_hd__a21oi_1)
                                         accumulator._1161_ (net)
                  0.13    0.00   20.07 ^ accumulator._2067_/A1 (sky130_fd_sc_hd__o21ai_1)
     1    0.00    0.06    0.09   20.16 v accumulator._2067_/Y (sky130_fd_sc_hd__o21ai_1)
                                         accumulator._1163_ (net)
                  0.06    0.00   20.16 v accumulator._2068_/A1 (sky130_fd_sc_hd__a21o_1)
     1    0.00    0.03    0.16   20.33 v accumulator._2068_/X (sky130_fd_sc_hd__a21o_1)
                                         accumulator._1164_ (net)
                  0.03    0.00   20.33 v accumulator._2069_/A1 (sky130_fd_sc_hd__a21o_1)
     1    0.01    0.04    0.16   20.49 v accumulator._2069_/X (sky130_fd_sc_hd__a21o_1)
                                         accumulator._1165_ (net)
                  0.04    0.00   20.49 v accumulator._2070_/A1 (sky130_fd_sc_hd__a211o_1)
     1    0.01    0.06    0.28   20.77 v accumulator._2070_/X (sky130_fd_sc_hd__a211o_1)
                                         accumulator._1167_ (net)
                  0.06    0.00   20.77 v accumulator._2073_/B2 (sky130_fd_sc_hd__a2bb2o_4)
     4    0.03    0.07    0.26   21.03 v accumulator._2073_/X (sky130_fd_sc_hd__a2bb2o_4)
                                         accumulator._1170_ (net)
                  0.07    0.00   21.03 v accumulator._2090_/A (sky130_fd_sc_hd__buf_8)
     5    0.03    0.03    0.15   21.18 v accumulator._2090_/X (sky130_fd_sc_hd__buf_8)
                                         accumulator._0046_ (net)
                  0.03    0.00   21.18 v accumulator._2091_/A (sky130_fd_sc_hd__buf_8)
    10    0.04    0.04    0.14   21.31 v accumulator._2091_/X (sky130_fd_sc_hd__buf_8)
                                         accumulator._0047_ (net)
                  0.04    0.00   21.32 v accumulator._2283_/A (sky130_fd_sc_hd__xor2_1)
     1    0.00    0.05    0.16   21.47 v accumulator._2283_/X (sky130_fd_sc_hd__xor2_1)
                                         accumulator._0235_ (net)
                  0.05    0.00   21.47 v accumulator._2285_/A2 (sky130_fd_sc_hd__o211a_1)
     1    0.00    0.04    0.20   21.68 v accumulator._2285_/X (sky130_fd_sc_hd__o211a_1)
                                         accumulator._0025_ (net)
                  0.04    0.00   21.68 v accumulator._2380_/D (sky130_fd_sc_hd__dfxtp_1)
                                 21.68   data arrival time

                         25.00   25.00   clock clock (rise edge)
                          0.00   25.00   clock source latency
     1    0.01    0.07    0.05   25.05 ^ clock (in)
                                         clock (net)
                  0.07    0.00   25.05 ^ clkbuf_0_clock/A (sky130_fd_sc_hd__clkbuf_16)
     4    0.03    0.05    0.14   25.19 ^ clkbuf_0_clock/X (sky130_fd_sc_hd__clkbuf_16)
                                         clknet_0_clock (net)
                  0.05    0.00   25.19 ^ clkbuf_2_2__f_clock/A (sky130_fd_sc_hd__clkbuf_16)
     7    0.03    0.05    0.13   25.31 ^ clkbuf_2_2__f_clock/X (sky130_fd_sc_hd__clkbuf_16)
                                         clknet_2_2__leaf_clock (net)
                  0.05    0.00   25.32 ^ accumulator._2380_/CLK (sky130_fd_sc_hd__dfxtp_1)
                         -0.25   25.07   clock uncertainty
                          0.00   25.07   clock reconvergence pessimism
                         -0.11   24.96   library setup time
                                 24.96   data required time
-----------------------------------------------------------------------------
                                 24.96   data required time
                                -21.68   data arrival time
-----------------------------------------------------------------------------
                                  3.28   slack (MET)


Startpoint: io_inScaleA[7] (input port clocked by clock)
Endpoint: accumulator._2355_ (rising edge-triggered flip-flop clocked by clock)
Path Group: clock
Path Type: max

Fanout     Cap    Slew   Delay    Time   Description
-----------------------------------------------------------------------------
                          0.00    0.00   clock clock (rise edge)
                          0.00    0.00   clock network delay (propagated)
                          5.00    5.00 v input external delay
     1    0.01    0.01    0.01    5.01 v io_inScaleA[7] (in)
                                         io_inScaleA[7] (net)
                  0.01    0.00    5.01 v input16/A (sky130_fd_sc_hd__clkbuf_2)
     5    0.02    0.07    0.13    5.14 v input16/X (sky130_fd_sc_hd__clkbuf_2)
                                         net16 (net)
                  0.07    0.00    5.14 v scaleAdd._280_/A1 (sky130_fd_sc_hd__o31a_1)
     3    0.01    0.07    0.34    5.48 v scaleAdd._280_/X (sky130_fd_sc_hd__o31a_1)
                                         scaleAdd._222_ (net)
                  0.07    0.00    5.48 v scaleAdd._282_/A2 (sky130_fd_sc_hd__a21o_1)
     3    0.01    0.08    0.24    5.72 v scaleAdd._282_/X (sky130_fd_sc_hd__a21o_1)
                                         scaleAdd._224_ (net)
                  0.08    0.00    5.72 v scaleAdd._284_/A1 (sky130_fd_sc_hd__a21oi_4)
     3    0.02    0.16    0.19    5.91 ^ scaleAdd._284_/Y (sky130_fd_sc_hd__a21oi_4)
                                         scaleAdd._226_ (net)
                  0.16    0.00    5.91 ^ scaleAdd._287_/A (sky130_fd_sc_hd__xnor2_2)
     1    0.01    0.19    0.16    6.08 ^ scaleAdd._287_/Y (sky130_fd_sc_hd__xnor2_2)
                                         scaleAdd._229_ (net)
                  0.19    0.00    6.08 ^ scaleAdd._288_/A (sky130_fd_sc_hd__xnor2_2)
     3    0.02    0.10    0.14    6.22 v scaleAdd._288_/Y (sky130_fd_sc_hd__xnor2_2)
                                         scaleAdd._230_ (net)
                  0.10    0.00    6.22 v scaleAdd._346_/A2 (sky130_fd_sc_hd__a21o_1)
     1    0.01    0.05    0.22    6.44 v scaleAdd._346_/X (sky130_fd_sc_hd__a21o_1)
                                         scaleAdd._052_ (net)
                  0.05    0.00    6.44 v scaleAdd._348_/A2 (sky130_fd_sc_hd__a21o_4)
     2    0.03    0.06    0.26    6.70 v scaleAdd._348_/X (sky130_fd_sc_hd__a21o_4)
                                         scaleAdd._054_ (net)
                  0.06    0.00    6.70 v scaleAdd._349_/A (sky130_fd_sc_hd__xor2_4)
     5    0.01    0.08    0.20    6.90 v scaleAdd._349_/X (sky130_fd_sc_hd__xor2_4)
                                         scaleAdd._055_ (net)
                  0.08    0.00    6.90 v scaleAdd._351_/A1 (sky130_fd_sc_hd__a21o_1)
     2    0.01    0.05    0.19    7.09 v scaleAdd._351_/X (sky130_fd_sc_hd__a21o_1)
                                         scaleAdd._057_ (net)
                  0.05    0.00    7.09 v scaleAdd._353_/A (sky130_fd_sc_hd__and3_1)
     3    0.01    0.06    0.17    7.26 v scaleAdd._353_/X (sky130_fd_sc_hd__and3_1)
                                         scaleAdd._059_ (net)
                  0.06    0.00    7.26 v scaleAdd._355_/B (sky130_fd_sc_hd__or3_4)
     3    0.01    0.07    0.39    7.66 v scaleAdd._355_/X (sky130_fd_sc_hd__or3_4)
                                         scaleAdd._061_ (net)
                  0.07    0.00    7.66 v scaleAdd._359_/A1 (sky130_fd_sc_hd__a21o_1)
     2    0.01    0.05    0.18    7.84 v scaleAdd._359_/X (sky130_fd_sc_hd__a21o_1)
                                         scaleAdd._065_ (net)
                  0.05    0.00    7.84 v scaleAdd._383_/A2 (sky130_fd_sc_hd__a21o_1)
     2    0.01    0.04    0.19    8.03 v scaleAdd._383_/X (sky130_fd_sc_hd__a21o_1)
                                         scaleAdd._088_ (net)
                  0.04    0.00    8.03 v scaleAdd._399_/A1 (sky130_fd_sc_hd__a21o_1)
     2    0.01    0.07    0.19    8.22 v scaleAdd._399_/X (sky130_fd_sc_hd__a21o_1)
                                         scaleAdd._103_ (net)
                  0.07    0.00    8.22 v scaleAdd._417_/A1 (sky130_fd_sc_hd__a21bo_1)
     2    0.01    0.05    0.19    8.42 v scaleAdd._417_/X (sky130_fd_sc_hd__a21bo_1)
                                         scaleAdd._120_ (net)
                  0.05    0.00    8.42 v scaleAdd._432_/A1 (sky130_fd_sc_hd__a21o_1)
     2    0.01    0.05    0.18    8.60 v scaleAdd._432_/X (sky130_fd_sc_hd__a21o_1)
                                         scaleAdd._134_ (net)
                  0.05    0.00    8.60 v scaleAdd._444_/A1 (sky130_fd_sc_hd__a21o_1)
     2    0.01    0.05    0.18    8.78 v scaleAdd._444_/X (sky130_fd_sc_hd__a21o_1)
                                         scaleAdd._145_ (net)
                  0.05    0.00    8.78 v scaleAdd._447_/A1 (sky130_fd_sc_hd__a21o_1)
     2    0.00    0.04    0.17    8.95 v scaleAdd._447_/X (sky130_fd_sc_hd__a21o_1)
                                         scaleAdd._147_ (net)
                  0.04    0.00    8.95 v rebuffer19/A (sky130_fd_sc_hd__clkbuf_2)
     1    0.01    0.05    0.12    9.07 v rebuffer19/X (sky130_fd_sc_hd__clkbuf_2)
                                         net77 (net)
                  0.05    0.00    9.07 v scaleAdd._448_/A (sky130_fd_sc_hd__xor2_2)
     4    0.01    0.08    0.20    9.27 v scaleAdd._448_/X (sky130_fd_sc_hd__xor2_2)
                                         accumulator.io_inMant[14] (net)
                  0.08    0.00    9.27 v accumulator._1181_/A (sky130_fd_sc_hd__or4_4)
     1    0.01    0.09    0.58    9.85 v accumulator._1181_/X (sky130_fd_sc_hd__or4_4)
                                         accumulator._0045_ (net)
                  0.09    0.00    9.85 v accumulator._1182_/A (sky130_fd_sc_hd__buf_8)
     8    0.02    0.03    0.15   10.00 v accumulator._1182_/X (sky130_fd_sc_hd__buf_8)
                                         accumulator._0055_ (net)
                  0.03    0.00   10.00 v accumulator._1200_/A_N (sky130_fd_sc_hd__and2b_1)
     3    0.01    0.08    0.22   10.22 ^ accumulator._1200_/X (sky130_fd_sc_hd__and2b_1)
                                         accumulator._0232_ (net)
                  0.08    0.00   10.22 ^ accumulator._1201_/B1_N (sky130_fd_sc_hd__o21ba_4)
     3    0.01    0.04    0.17   10.39 v accumulator._1201_/X (sky130_fd_sc_hd__o21ba_4)
                                         accumulator._0241_ (net)
                  0.04    0.00   10.39 v accumulator._1202_/A (sky130_fd_sc_hd__and2_4)
     3    0.01    0.03    0.14   10.53 v accumulator._1202_/X (sky130_fd_sc_hd__and2_4)
                                         accumulator._0251_ (net)
                  0.03    0.00   10.53 v accumulator._1204_/B (sky130_fd_sc_hd__or2_4)
     3    0.01    0.05    0.24   10.78 v accumulator._1204_/X (sky130_fd_sc_hd__or2_4)
                                         accumulator._0271_ (net)
                  0.05    0.00   10.78 v accumulator._1205_/A (sky130_fd_sc_hd__inv_2)
     3    0.01    0.05    0.07   10.85 ^ accumulator._1205_/Y (sky130_fd_sc_hd__inv_2)
                                         accumulator._0281_ (net)
                  0.05    0.00   10.85 ^ accumulator._1218_/A1 (sky130_fd_sc_hd__a311o_1)
     3    0.01    0.12    0.21   11.06 ^ accumulator._1218_/X (sky130_fd_sc_hd__a311o_1)
                                         accumulator._0315_ (net)
                  0.12    0.00   11.06 ^ rebuffer25/A (sky130_fd_sc_hd__clkbuf_1)
     1    0.00    0.06    0.12   11.18 ^ rebuffer25/X (sky130_fd_sc_hd__clkbuf_1)
                                         net83 (net)
                  0.06    0.00   11.18 ^ rebuffer10/A (sky130_fd_sc_hd__clkbuf_2)
     1    0.00    0.03    0.10   11.28 ^ rebuffer10/X (sky130_fd_sc_hd__clkbuf_2)
                                         net68 (net)
                  0.03    0.00   11.28 ^ rebuffer8/A (sky130_fd_sc_hd__clkbuf_1)
     1    0.01    0.07    0.10   11.37 ^ rebuffer8/X (sky130_fd_sc_hd__clkbuf_1)
                                         net66 (net)
                  0.07    0.00   11.37 ^ accumulator._1219_/A (sky130_fd_sc_hd__nand3_2)
     2    0.01    0.08    0.07   11.45 v accumulator._1219_/Y (sky130_fd_sc_hd__nand3_2)
                                         accumulator._0316_ (net)
                  0.08    0.00   11.45 v accumulator._1228_/A2 (sky130_fd_sc_hd__a211o_1)
     2    0.01    0.07    0.34   11.79 v accumulator._1228_/X (sky130_fd_sc_hd__a211o_1)
                                         accumulator._0325_ (net)
                  0.07    0.00   11.79 v accumulator._1242_/A2 (sky130_fd_sc_hd__o22a_1)
     3    0.01    0.07    0.24   12.03 v accumulator._1242_/X (sky130_fd_sc_hd__o22a_1)
                                         accumulator._0339_ (net)
                  0.07    0.00   12.03 v accumulator._1243_/A (sky130_fd_sc_hd__buf_4)
    10    0.03    0.06    0.19   12.22 v accumulator._1243_/X (sky130_fd_sc_hd__buf_4)
                                         accumulator._0340_ (net)
                  0.06    0.00   12.22 v accumulator._1249_/B1 (sky130_fd_sc_hd__a21o_4)
     3    0.02    0.06    0.22   12.44 v accumulator._1249_/X (sky130_fd_sc_hd__a21o_4)
                                         accumulator._0346_ (net)
                  0.06    0.00   12.44 v accumulator._1250_/B (sky130_fd_sc_hd__xor2_4)
     3    0.03    0.10    0.19   12.64 v accumulator._1250_/X (sky130_fd_sc_hd__xor2_4)
                                         accumulator._0347_ (net)
                  0.10    0.00   12.64 v accumulator._1259_/A2 (sky130_fd_sc_hd__a21o_4)
     2    0.02    0.05    0.27   12.91 v accumulator._1259_/X (sky130_fd_sc_hd__a21o_4)
                                         accumulator._0356_ (net)
                  0.05    0.00   12.91 v accumulator._1264_/A2 (sky130_fd_sc_hd__a21o_1)
     2    0.01    0.04    0.20   13.10 v accumulator._1264_/X (sky130_fd_sc_hd__a21o_1)
                                         accumulator._0361_ (net)
                  0.04    0.00   13.10 v accumulator._1266_/A1 (sky130_fd_sc_hd__a21o_1)
     2    0.01    0.04    0.17   13.28 v accumulator._1266_/X (sky130_fd_sc_hd__a21o_1)
                                         accumulator._0363_ (net)
                  0.04    0.00   13.28 v accumulator._1272_/A1 (sky130_fd_sc_hd__a21o_1)
     2    0.02    0.10    0.23   13.50 v accumulator._1272_/X (sky130_fd_sc_hd__a21o_1)
                                         accumulator._0369_ (net)
                  0.10    0.00   13.50 v accumulator._1278_/A1 (sky130_fd_sc_hd__a21oi_4)
     3    0.02    0.17    0.21   13.71 ^ accumulator._1278_/Y (sky130_fd_sc_hd__a21oi_4)
                                         accumulator._0375_ (net)
                  0.17    0.00   13.71 ^ rebuffer21/A (sky130_fd_sc_hd__buf_6)
     2    0.02    0.05    0.15   13.86 ^ rebuffer21/X (sky130_fd_sc_hd__buf_6)
                                         net79 (net)
                  0.05    0.00   13.86 ^ accumulator._1289_/B (sky130_fd_sc_hd__xnor2_4)
     9    0.03    0.26    0.16   14.02 ^ accumulator._1289_/Y (sky130_fd_sc_hd__xnor2_4)
                                         accumulator._0386_ (net)
                  0.26    0.00   14.02 ^ accumulator._1290_/A (sky130_fd_sc_hd__clkbuf_4)
    10    0.03    0.11    0.26   14.28 ^ accumulator._1290_/X (sky130_fd_sc_hd__clkbuf_4)
                                         accumulator._0387_ (net)
                  0.11    0.00   14.28 ^ accumulator._1291_/A (sky130_fd_sc_hd__buf_2)
    10    0.03    0.14    0.21   14.49 ^ accumulator._1291_/X (sky130_fd_sc_hd__buf_2)
                                         accumulator._0388_ (net)
                  0.14    0.00   14.49 ^ accumulator._1292_/A (sky130_fd_sc_hd__clkbuf_4)
    10    0.04    0.14    0.25   14.75 ^ accumulator._1292_/X (sky130_fd_sc_hd__clkbuf_4)
                                         accumulator._0389_ (net)
                  0.14    0.00   14.75 ^ accumulator._1293_/A2 (sky130_fd_sc_hd__a21o_1)
     1    0.00    0.04    0.14   14.89 ^ accumulator._1293_/X (sky130_fd_sc_hd__a21o_1)
                                         accumulator._0390_ (net)
                  0.04    0.00   14.89 ^ accumulator._1294_/C1 (sky130_fd_sc_hd__o311a_1)
     1    0.00    0.05    0.15   15.04 ^ accumulator._1294_/X (sky130_fd_sc_hd__o311a_1)
                                         accumulator._0000_ (net)
                  0.05    0.00   15.04 ^ accumulator._2355_/D (sky130_fd_sc_hd__dfxtp_2)
                                 15.04   data arrival time

                         25.00   25.00   clock clock (rise edge)
                          0.00   25.00   clock source latency
     1    0.01    0.07    0.05   25.05 ^ clock (in)
                                         clock (net)
                  0.07    0.00   25.05 ^ clkbuf_0_clock/A (sky130_fd_sc_hd__clkbuf_16)
     4    0.03    0.05    0.14   25.19 ^ clkbuf_0_clock/X (sky130_fd_sc_hd__clkbuf_16)
                                         clknet_0_clock (net)
                  0.05    0.00   25.19 ^ clkbuf_2_0__f_clock/A (sky130_fd_sc_hd__clkbuf_16)
    11    0.03    0.05    0.13   25.32 ^ clkbuf_2_0__f_clock/X (sky130_fd_sc_hd__clkbuf_16)
                                         clknet_2_0__leaf_clock (net)
                  0.05    0.00   25.32 ^ accumulator._2355_/CLK (sky130_fd_sc_hd__dfxtp_2)
                         -0.25   25.07   clock uncertainty
                          0.00   25.07   clock reconvergence pessimism
                         -0.06   25.01   library setup time
                                 25.01   data required time
-----------------------------------------------------------------------------
                                 25.01   data required time
                                -15.04   data arrival time
-----------------------------------------------------------------------------
                                  9.97   slack (MET)


Startpoint: accumulator._2388_
            (rising edge-triggered flip-flop clocked by clock)
Endpoint: io_done (output port clocked by clock)
Path Group: clock
Path Type: max

Fanout     Cap    Slew   Delay    Time   Description
-----------------------------------------------------------------------------
                          0.00    0.00   clock clock (rise edge)
                          0.00    0.00   clock source latency
     1    0.01    0.07    0.05    0.05 ^ clock (in)
                                         clock (net)
                  0.07    0.00    0.05 ^ clkbuf_0_clock/A (sky130_fd_sc_hd__clkbuf_16)
     4    0.03    0.05    0.15    0.21 ^ clkbuf_0_clock/X (sky130_fd_sc_hd__clkbuf_16)
                                         clknet_0_clock (net)
                  0.05    0.00    0.21 ^ clkbuf_2_3__f_clock/A (sky130_fd_sc_hd__clkbuf_16)
    10    0.03    0.05    0.15    0.35 ^ clkbuf_2_3__f_clock/X (sky130_fd_sc_hd__clkbuf_16)
                                         clknet_2_3__leaf_clock (net)
                  0.05    0.00    0.35 ^ accumulator._2388_/CLK (sky130_fd_sc_hd__dfxtp_1)
     5    0.01    0.07    0.35    0.70 v accumulator._2388_/Q (sky130_fd_sc_hd__dfxtp_1)
                                         accumulator.state[0] (net)
                  0.07    0.00    0.70 v accumulator._1177_/A_N (sky130_fd_sc_hd__and2b_1)
     1    0.00    0.04    0.21    0.91 ^ accumulator._1177_/X (sky130_fd_sc_hd__and2b_1)
                                         accumulator._1145_ (net)
                  0.04    0.00    0.91 ^ accumulator._1178_/A (sky130_fd_sc_hd__buf_1)
     2    0.01    0.11    0.13    1.05 ^ accumulator._1178_/X (sky130_fd_sc_hd__buf_1)
                                         net55 (net)
                  0.11    0.00    1.05 ^ output55/A (sky130_fd_sc_hd__buf_2)
     1    0.03    0.17    0.23    1.28 ^ output55/X (sky130_fd_sc_hd__buf_2)
                                         io_done (net)
                  0.17    0.00    1.28 ^ io_done (out)
                                  1.28   data arrival time

                         25.00   25.00   clock clock (rise edge)
                          0.00   25.00   clock network delay (propagated)
                         -0.25   24.75   clock uncertainty
                          0.00   24.75   clock reconvergence pessimism
                         -5.00   19.75   output external delay
                                 19.75   data required time
-----------------------------------------------------------------------------
                                 19.75   data required time
                                 -1.28   data arrival time
-----------------------------------------------------------------------------
                                 18.47   slack (MET)


Startpoint: accumulator._2387_
            (rising edge-triggered flip-flop clocked by clock)
Endpoint: io_accOut[30] (output port clocked by clock)
Path Group: clock
Path Type: max

Fanout     Cap    Slew   Delay    Time   Description
-----------------------------------------------------------------------------
                          0.00    0.00   clock clock (rise edge)
                          0.00    0.00   clock source latency
     1    0.01    0.07    0.05    0.05 ^ clock (in)
                                         clock (net)
                  0.07    0.00    0.05 ^ clkbuf_0_clock/A (sky130_fd_sc_hd__clkbuf_16)
     4    0.03    0.05    0.15    0.21 ^ clkbuf_0_clock/X (sky130_fd_sc_hd__clkbuf_16)
                                         clknet_0_clock (net)
                  0.05    0.00    0.21 ^ clkbuf_2_2__f_clock/A (sky130_fd_sc_hd__clkbuf_16)
     7    0.03    0.05    0.14    0.35 ^ clkbuf_2_2__f_clock/X (sky130_fd_sc_hd__clkbuf_16)
                                         clknet_2_2__leaf_clock (net)
                  0.05    0.00    0.35 ^ accumulator._2387_/CLK (sky130_fd_sc_hd__dfxtp_2)
     7    0.06    0.31    0.53    0.88 ^ accumulator._2387_/Q (sky130_fd_sc_hd__dfxtp_2)
                                         accumulator.io_accOut[30] (net)
                  0.31    0.00    0.88 ^ _30_/A (sky130_fd_sc_hd__clkbuf_1)
     1    0.01    0.08    0.16    1.04 ^ _30_/X (sky130_fd_sc_hd__clkbuf_1)
                                         net46 (net)
                  0.08    0.00    1.04 ^ output46/A (sky130_fd_sc_hd__buf_2)
     1    0.03    0.17    0.22    1.26 ^ output46/X (sky130_fd_sc_hd__buf_2)
                                         io_accOut[30] (net)
                  0.17    0.00    1.26 ^ io_accOut[30] (out)
                                  1.26   data arrival time

                         25.00   25.00   clock clock (rise edge)
                          0.00   25.00   clock network delay (propagated)
                         -0.25   24.75   clock uncertainty
                          0.00   24.75   clock reconvergence pessimism
                         -5.00   19.75   output external delay
                                 19.75   data required time
-----------------------------------------------------------------------------
                                 19.75   data required time
                                 -1.26   data arrival time
-----------------------------------------------------------------------------
                                 18.49   slack (MET)


Startpoint: accumulator._2358_
            (rising edge-triggered flip-flop clocked by clock)
Endpoint: io_accOut[1] (output port clocked by clock)
Path Group: clock
Path Type: max

Fanout     Cap    Slew   Delay    Time   Description
-----------------------------------------------------------------------------
                          0.00    0.00   clock clock (rise edge)
                          0.00    0.00   clock source latency
     1    0.01    0.07    0.05    0.05 ^ clock (in)
                                         clock (net)
                  0.07    0.00    0.05 ^ clkbuf_0_clock/A (sky130_fd_sc_hd__clkbuf_16)
     4    0.03    0.05    0.15    0.21 ^ clkbuf_0_clock/X (sky130_fd_sc_hd__clkbuf_16)
                                         clknet_0_clock (net)
                  0.05    0.00    0.21 ^ clkbuf_2_2__f_clock/A (sky130_fd_sc_hd__clkbuf_16)
     7    0.03    0.05    0.14    0.35 ^ clkbuf_2_2__f_clock/X (sky130_fd_sc_hd__clkbuf_16)
                                         clknet_2_2__leaf_clock (net)
                  0.05    0.00    0.35 ^ accumulator._2358_/CLK (sky130_fd_sc_hd__dfxtp_1)
     5    0.02    0.17    0.42    0.77 ^ accumulator._2358_/Q (sky130_fd_sc_hd__dfxtp_1)
                                         accumulator.io_accOut[1] (net)
                  0.17    0.00    0.77 ^ _01_/A (sky130_fd_sc_hd__buf_1)
     1    0.01    0.12    0.17    0.93 ^ _01_/X (sky130_fd_sc_hd__buf_1)
                                         net34 (net)
                  0.12    0.00    0.94 ^ output34/A (sky130_fd_sc_hd__buf_2)
     1    0.03    0.17    0.23    1.17 ^ output34/X (sky130_fd_sc_hd__buf_2)
                                         io_accOut[1] (net)
                  0.17    0.00    1.17 ^ io_accOut[1] (out)
                                  1.17   data arrival time

                         25.00   25.00   clock clock (rise edge)
                          0.00   25.00   clock network delay (propagated)
                         -0.25   24.75   clock uncertainty
                          0.00   24.75   clock reconvergence pessimism
                         -5.00   19.75   output external delay
                                 19.75   data required time
-----------------------------------------------------------------------------
                                 19.75   data required time
                                 -1.17   data arrival time
-----------------------------------------------------------------------------
                                 18.58   slack (MET)


Startpoint: accumulator._2379_
            (rising edge-triggered flip-flop clocked by clock)
Endpoint: io_accOut[22] (output port clocked by clock)
Path Group: clock
Path Type: max

Fanout     Cap    Slew   Delay    Time   Description
-----------------------------------------------------------------------------
                          0.00    0.00   clock clock (rise edge)
                          0.00    0.00   clock source latency
     1    0.01    0.07    0.05    0.05 ^ clock (in)
                                         clock (net)
                  0.07    0.00    0.05 ^ clkbuf_0_clock/A (sky130_fd_sc_hd__clkbuf_16)
     4    0.03    0.05    0.15    0.21 ^ clkbuf_0_clock/X (sky130_fd_sc_hd__clkbuf_16)
                                         clknet_0_clock (net)
                  0.05    0.00    0.21 ^ clkbuf_2_3__f_clock/A (sky130_fd_sc_hd__clkbuf_16)
    10    0.03    0.05    0.15    0.35 ^ clkbuf_2_3__f_clock/X (sky130_fd_sc_hd__clkbuf_16)
                                         clknet_2_3__leaf_clock (net)
                  0.05    0.00    0.35 ^ accumulator._2379_/CLK (sky130_fd_sc_hd__dfxtp_1)
     4    0.02    0.19    0.43    0.78 ^ accumulator._2379_/Q (sky130_fd_sc_hd__dfxtp_1)
                                         accumulator.io_accOut[22] (net)
                  0.19    0.00    0.78 ^ _22_/A (sky130_fd_sc_hd__buf_1)
     1    0.01    0.10    0.16    0.94 ^ _22_/X (sky130_fd_sc_hd__buf_1)
                                         net37 (net)
                  0.10    0.00    0.94 ^ output37/A (sky130_fd_sc_hd__buf_2)
     1    0.03    0.17    0.23    1.17 ^ output37/X (sky130_fd_sc_hd__buf_2)
                                         io_accOut[22] (net)
                  0.17    0.00    1.17 ^ io_accOut[22] (out)
                                  1.17   data arrival time

                         25.00   25.00   clock clock (rise edge)
                          0.00   25.00   clock network delay (propagated)
                         -0.25   24.75   clock uncertainty
                          0.00   24.75   clock reconvergence pessimism
                         -5.00   19.75   output external delay
                                 19.75   data required time
-----------------------------------------------------------------------------
                                 19.75   data required time
                                 -1.17   data arrival time
-----------------------------------------------------------------------------
                                 18.58   slack (MET)


Startpoint: accumulator._2380_
            (rising edge-triggered flip-flop clocked by clock)
Endpoint: io_accOut[23] (output port clocked by clock)
Path Group: clock
Path Type: max

Fanout     Cap    Slew   Delay    Time   Description
-----------------------------------------------------------------------------
                          0.00    0.00   clock clock (rise edge)
                          0.00    0.00   clock source latency
     1    0.01    0.07    0.05    0.05 ^ clock (in)
                                         clock (net)
                  0.07    0.00    0.05 ^ clkbuf_0_clock/A (sky130_fd_sc_hd__clkbuf_16)
     4    0.03    0.05    0.15    0.21 ^ clkbuf_0_clock/X (sky130_fd_sc_hd__clkbuf_16)
                                         clknet_0_clock (net)
                  0.05    0.00    0.21 ^ clkbuf_2_2__f_clock/A (sky130_fd_sc_hd__clkbuf_16)
     7    0.03    0.05    0.14    0.35 ^ clkbuf_2_2__f_clock/X (sky130_fd_sc_hd__clkbuf_16)
                                         clknet_2_2__leaf_clock (net)
                  0.05    0.00    0.35 ^ accumulator._2380_/CLK (sky130_fd_sc_hd__dfxtp_1)
     6    0.02    0.21    0.45    0.79 ^ accumulator._2380_/Q (sky130_fd_sc_hd__dfxtp_1)
                                         accumulator.io_accOut[23] (net)
                  0.21    0.00    0.80 ^ _23_/A (sky130_fd_sc_hd__clkbuf_1)
     1    0.01    0.08    0.15    0.94 ^ _23_/X (sky130_fd_sc_hd__clkbuf_1)
                                         net38 (net)
                  0.08    0.00    0.94 ^ output38/A (sky130_fd_sc_hd__buf_2)
     1    0.03    0.17    0.22    1.17 ^ output38/X (sky130_fd_sc_hd__buf_2)
                                         io_accOut[23] (net)
                  0.17    0.00    1.17 ^ io_accOut[23] (out)
                                  1.17   data arrival time

                         25.00   25.00   clock clock (rise edge)
                          0.00   25.00   clock network delay (propagated)
                         -0.25   24.75   clock uncertainty
                          0.00   24.75   clock reconvergence pessimism
                         -5.00   19.75   output external delay
                                 19.75   data required time
-----------------------------------------------------------------------------
                                 19.75   data required time
                                 -1.17   data arrival time
-----------------------------------------------------------------------------
                                 18.58   slack (MET)


Startpoint: accumulator._2355_
            (rising edge-triggered flip-flop clocked by clock)
Endpoint: io_accOut[31] (output port clocked by clock)
Path Group: clock
Path Type: max

Fanout     Cap    Slew   Delay    Time   Description
-----------------------------------------------------------------------------
                          0.00    0.00   clock clock (rise edge)
                          0.00    0.00   clock source latency
     1    0.01    0.07    0.05    0.05 ^ clock (in)
                                         clock (net)
                  0.07    0.00    0.05 ^ clkbuf_0_clock/A (sky130_fd_sc_hd__clkbuf_16)
     4    0.03    0.05    0.15    0.21 ^ clkbuf_0_clock/X (sky130_fd_sc_hd__clkbuf_16)
                                         clknet_0_clock (net)
                  0.05    0.00    0.21 ^ clkbuf_2_0__f_clock/A (sky130_fd_sc_hd__clkbuf_16)
    11    0.03    0.05    0.15    0.35 ^ clkbuf_2_0__f_clock/X (sky130_fd_sc_hd__clkbuf_16)
                                         clknet_2_0__leaf_clock (net)
                  0.05    0.00    0.35 ^ accumulator._2355_/CLK (sky130_fd_sc_hd__dfxtp_2)
     4    0.03    0.18    0.44    0.79 ^ accumulator._2355_/Q (sky130_fd_sc_hd__dfxtp_2)
                                         accumulator.io_accOut[31] (net)
                  0.18    0.00    0.79 ^ _31_/A (sky130_fd_sc_hd__buf_1)
     1    0.01    0.08    0.15    0.94 ^ _31_/X (sky130_fd_sc_hd__buf_1)
                                         net47 (net)
                  0.08    0.00    0.94 ^ output47/A (sky130_fd_sc_hd__clkbuf_4)
     1    0.04    0.12    0.21    1.15 ^ output47/X (sky130_fd_sc_hd__clkbuf_4)
                                         io_accOut[31] (net)
                  0.12    0.00    1.15 ^ io_accOut[31] (out)
                                  1.15   data arrival time

                         25.00   25.00   clock clock (rise edge)
                          0.00   25.00   clock network delay (propagated)
                         -0.25   24.75   clock uncertainty
                          0.00   24.75   clock reconvergence pessimism
                         -5.00   19.75   output external delay
                                 19.75   data required time
-----------------------------------------------------------------------------
                                 19.75   data required time
                                 -1.15   data arrival time
-----------------------------------------------------------------------------
                                 18.60   slack (MET)


Startpoint: accumulator._2376_
            (rising edge-triggered flip-flop clocked by clock)
Endpoint: io_accOut[19] (output port clocked by clock)
Path Group: clock
Path Type: max

Fanout     Cap    Slew   Delay    Time   Description
-----------------------------------------------------------------------------
                          0.00    0.00   clock clock (rise edge)
                          0.00    0.00   clock source latency
     1    0.01    0.07    0.05    0.05 ^ clock (in)
                                         clock (net)
                  0.07    0.00    0.05 ^ clkbuf_0_clock/A (sky130_fd_sc_hd__clkbuf_16)
     4    0.03    0.05    0.15    0.21 ^ clkbuf_0_clock/X (sky130_fd_sc_hd__clkbuf_16)
                                         clknet_0_clock (net)
                  0.05    0.00    0.21 ^ clkbuf_2_1__f_clock/A (sky130_fd_sc_hd__clkbuf_16)
     9    0.03    0.05    0.14    0.35 ^ clkbuf_2_1__f_clock/X (sky130_fd_sc_hd__clkbuf_16)
                                         clknet_2_1__leaf_clock (net)
                  0.05    0.00    0.35 ^ accumulator._2376_/CLK (sky130_fd_sc_hd__dfxtp_1)
     4    0.01    0.13    0.39    0.74 ^ accumulator._2376_/Q (sky130_fd_sc_hd__dfxtp_1)
                                         accumulator.io_accOut[19] (net)
                  0.13    0.00    0.74 ^ _19_/A (sky130_fd_sc_hd__buf_1)
     1    0.01    0.12    0.16    0.90 ^ _19_/X (sky130_fd_sc_hd__buf_1)
                                         net33 (net)
                  0.12    0.00    0.90 ^ output33/A (sky130_fd_sc_hd__buf_2)
     1    0.04    0.18    0.25    1.15 ^ output33/X (sky130_fd_sc_hd__buf_2)
                                         io_accOut[19] (net)
                  0.18    0.00    1.15 ^ io_accOut[19] (out)
                                  1.15   data arrival time

                         25.00   25.00   clock clock (rise edge)
                          0.00   25.00   clock network delay (propagated)
                         -0.25   24.75   clock uncertainty
                          0.00   24.75   clock reconvergence pessimism
                         -5.00   19.75   output external delay
                                 19.75   data required time
-----------------------------------------------------------------------------
                                 19.75   data required time
                                 -1.15   data arrival time
-----------------------------------------------------------------------------
                                 18.60   slack (MET)


Startpoint: accumulator._2382_
            (rising edge-triggered flip-flop clocked by clock)
Endpoint: io_accOut[25] (output port clocked by clock)
Path Group: clock
Path Type: max

Fanout     Cap    Slew   Delay    Time   Description
-----------------------------------------------------------------------------
                          0.00    0.00   clock clock (rise edge)
                          0.00    0.00   clock source latency
     1    0.01    0.07    0.05    0.05 ^ clock (in)
                                         clock (net)
                  0.07    0.00    0.05 ^ clkbuf_0_clock/A (sky130_fd_sc_hd__clkbuf_16)
     4    0.03    0.05    0.15    0.21 ^ clkbuf_0_clock/X (sky130_fd_sc_hd__clkbuf_16)
                                         clknet_0_clock (net)
                  0.05    0.00    0.21 ^ clkbuf_2_2__f_clock/A (sky130_fd_sc_hd__clkbuf_16)
     7    0.03    0.05    0.14    0.35 ^ clkbuf_2_2__f_clock/X (sky130_fd_sc_hd__clkbuf_16)
                                         clknet_2_2__leaf_clock (net)
                  0.05    0.00    0.35 ^ accumulator._2382_/CLK (sky130_fd_sc_hd__dfxtp_2)
     6    0.03    0.15    0.42    0.77 ^ accumulator._2382_/Q (sky130_fd_sc_hd__dfxtp_2)
                                         accumulator.io_accOut[25] (net)
                  0.15    0.00    0.77 ^ _25_/A (sky130_fd_sc_hd__buf_1)
     1    0.01    0.10    0.15    0.92 ^ _25_/X (sky130_fd_sc_hd__buf_1)
                                         net40 (net)
                  0.10    0.00    0.92 ^ output40/A (sky130_fd_sc_hd__buf_2)
     1    0.03    0.17    0.23    1.15 ^ output40/X (sky130_fd_sc_hd__buf_2)
                                         io_accOut[25] (net)
                  0.17    0.00    1.15 ^ io_accOut[25] (out)
                                  1.15   data arrival time

                         25.00   25.00   clock clock (rise edge)
                          0.00   25.00   clock network delay (propagated)
                         -0.25   24.75   clock uncertainty
                          0.00   24.75   clock reconvergence pessimism
                         -5.00   19.75   output external delay
                                 19.75   data required time
-----------------------------------------------------------------------------
                                 19.75   data required time
                                 -1.15   data arrival time
-----------------------------------------------------------------------------
                                 18.60   slack (MET)


Startpoint: accumulator._2361_
            (rising edge-triggered flip-flop clocked by clock)
Endpoint: io_accOut[4] (output port clocked by clock)
Path Group: clock
Path Type: max

Fanout     Cap    Slew   Delay    Time   Description
-----------------------------------------------------------------------------
                          0.00    0.00   clock clock (rise edge)
                          0.00    0.00   clock source latency
     1    0.01    0.07    0.05    0.05 ^ clock (in)
                                         clock (net)
                  0.07    0.00    0.05 ^ clkbuf_0_clock/A (sky130_fd_sc_hd__clkbuf_16)
     4    0.03    0.05    0.15    0.21 ^ clkbuf_0_clock/X (sky130_fd_sc_hd__clkbuf_16)
                                         clknet_0_clock (net)
                  0.05    0.00    0.21 ^ clkbuf_2_0__f_clock/A (sky130_fd_sc_hd__clkbuf_16)
    11    0.03    0.05    0.15    0.35 ^ clkbuf_2_0__f_clock/X (sky130_fd_sc_hd__clkbuf_16)
                                         clknet_2_0__leaf_clock (net)
                  0.05    0.00    0.35 ^ accumulator._2361_/CLK (sky130_fd_sc_hd__dfxtp_1)
     5    0.01    0.13    0.38    0.74 ^ accumulator._2361_/Q (sky130_fd_sc_hd__dfxtp_1)
                                         accumulator.io_accOut[4] (net)
                  0.13    0.00    0.74 ^ _04_/A (sky130_fd_sc_hd__buf_1)
     1    0.01    0.13    0.17    0.90 ^ _04_/X (sky130_fd_sc_hd__buf_1)
                                         net49 (net)
                  0.13    0.00    0.90 ^ output49/A (sky130_fd_sc_hd__buf_2)
     1    0.03    0.17    0.24    1.15 ^ output49/X (sky130_fd_sc_hd__buf_2)
                                         io_accOut[4] (net)
                  0.17    0.00    1.15 ^ io_accOut[4] (out)
                                  1.15   data arrival time

                         25.00   25.00   clock clock (rise edge)
                          0.00   25.00   clock network delay (propagated)
                         -0.25   24.75   clock uncertainty
                          0.00   24.75   clock reconvergence pessimism
                         -5.00   19.75   output external delay
                                 19.75   data required time
-----------------------------------------------------------------------------
                                 19.75   data required time
                                 -1.15   data arrival time
-----------------------------------------------------------------------------
                                 18.60   slack (MET)


Startpoint: accumulator._2375_
            (rising edge-triggered flip-flop clocked by clock)
Endpoint: io_accOut[18] (output port clocked by clock)
Path Group: clock
Path Type: max

Fanout     Cap    Slew   Delay    Time   Description
-----------------------------------------------------------------------------
                          0.00    0.00   clock clock (rise edge)
                          0.00    0.00   clock source latency
     1    0.01    0.07    0.05    0.05 ^ clock (in)
                                         clock (net)
                  0.07    0.00    0.05 ^ clkbuf_0_clock/A (sky130_fd_sc_hd__clkbuf_16)
     4    0.03    0.05    0.15    0.21 ^ clkbuf_0_clock/X (sky130_fd_sc_hd__clkbuf_16)
                                         clknet_0_clock (net)
                  0.05    0.00    0.21 ^ clkbuf_2_0__f_clock/A (sky130_fd_sc_hd__clkbuf_16)
    11    0.03    0.05    0.15    0.35 ^ clkbuf_2_0__f_clock/X (sky130_fd_sc_hd__clkbuf_16)
                                         clknet_2_0__leaf_clock (net)
                  0.05    0.00    0.35 ^ accumulator._2375_/CLK (sky130_fd_sc_hd__dfxtp_1)
     4    0.02    0.16    0.41    0.76 ^ accumulator._2375_/Q (sky130_fd_sc_hd__dfxtp_1)
                                         accumulator.io_accOut[18] (net)
                  0.16    0.00    0.76 ^ _18_/A (sky130_fd_sc_hd__clkbuf_1)
     1    0.01    0.10    0.15    0.91 ^ _18_/X (sky130_fd_sc_hd__clkbuf_1)
                                         net32 (net)
                  0.10    0.00    0.91 ^ output32/A (sky130_fd_sc_hd__buf_2)
     1    0.03    0.17    0.23    1.14 ^ output32/X (sky130_fd_sc_hd__buf_2)
                                         io_accOut[18] (net)
                  0.17    0.00    1.14 ^ io_accOut[18] (out)
                                  1.14   data arrival time

                         25.00   25.00   clock clock (rise edge)
                          0.00   25.00   clock network delay (propagated)
                         -0.25   24.75   clock uncertainty
                          0.00   24.75   clock reconvergence pessimism
                         -5.00   19.75   output external delay
                                 19.75   data required time
-----------------------------------------------------------------------------
                                 19.75   data required time
                                 -1.14   data arrival time
-----------------------------------------------------------------------------
                                 18.61   slack (MET)


Startpoint: accumulator._2386_
            (rising edge-triggered flip-flop clocked by clock)
Endpoint: io_accOut[29] (output port clocked by clock)
Path Group: clock
Path Type: max

Fanout     Cap    Slew   Delay    Time   Description
-----------------------------------------------------------------------------
                          0.00    0.00   clock clock (rise edge)
                          0.00    0.00   clock source latency
     1    0.01    0.07    0.05    0.05 ^ clock (in)
                                         clock (net)
                  0.07    0.00    0.05 ^ clkbuf_0_clock/A (sky130_fd_sc_hd__clkbuf_16)
     4    0.03    0.05    0.15    0.21 ^ clkbuf_0_clock/X (sky130_fd_sc_hd__clkbuf_16)
                                         clknet_0_clock (net)
                  0.05    0.00    0.21 ^ clkbuf_2_3__f_clock/A (sky130_fd_sc_hd__clkbuf_16)
    10    0.03    0.05    0.15    0.35 ^ clkbuf_2_3__f_clock/X (sky130_fd_sc_hd__clkbuf_16)
                                         clknet_2_3__leaf_clock (net)
                  0.05    0.00    0.35 ^ accumulator._2386_/CLK (sky130_fd_sc_hd__dfxtp_1)
     6    0.02    0.17    0.42    0.77 ^ accumulator._2386_/Q (sky130_fd_sc_hd__dfxtp_1)
                                         accumulator.io_accOut[29] (net)
                  0.17    0.00    0.77 ^ _29_/A (sky130_fd_sc_hd__clkbuf_1)
     1    0.01    0.07    0.14    0.90 ^ _29_/X (sky130_fd_sc_hd__clkbuf_1)
                                         net44 (net)
                  0.07    0.00    0.90 ^ output44/A (sky130_fd_sc_hd__buf_2)
     1    0.04    0.18    0.23    1.13 ^ output44/X (sky130_fd_sc_hd__buf_2)
                                         io_accOut[29] (net)
                  0.18    0.00    1.13 ^ io_accOut[29] (out)
                                  1.13   data arrival time

                         25.00   25.00   clock clock (rise edge)
                          0.00   25.00   clock network delay (propagated)
                         -0.25   24.75   clock uncertainty
                          0.00   24.75   clock reconvergence pessimism
                         -5.00   19.75   output external delay
                                 19.75   data required time
-----------------------------------------------------------------------------
                                 19.75   data required time
                                 -1.13   data arrival time
-----------------------------------------------------------------------------
                                 18.62   slack (MET)


Startpoint: accumulator._2365_
            (rising edge-triggered flip-flop clocked by clock)
Endpoint: io_accOut[8] (output port clocked by clock)
Path Group: clock
Path Type: max

Fanout     Cap    Slew   Delay    Time   Description
-----------------------------------------------------------------------------
                          0.00    0.00   clock clock (rise edge)
                          0.00    0.00   clock source latency
     1    0.01    0.07    0.05    0.05 ^ clock (in)
                                         clock (net)
                  0.07    0.00    0.05 ^ clkbuf_0_clock/A (sky130_fd_sc_hd__clkbuf_16)
     4    0.03    0.05    0.15    0.21 ^ clkbuf_0_clock/X (sky130_fd_sc_hd__clkbuf_16)
                                         clknet_0_clock (net)
                  0.05    0.00    0.21 ^ clkbuf_2_3__f_clock/A (sky130_fd_sc_hd__clkbuf_16)
    10    0.03    0.05    0.15    0.35 ^ clkbuf_2_3__f_clock/X (sky130_fd_sc_hd__clkbuf_16)
                                         clknet_2_3__leaf_clock (net)
                  0.05    0.00    0.35 ^ accumulator._2365_/CLK (sky130_fd_sc_hd__dfxtp_1)
     4    0.02    0.17    0.42    0.77 ^ accumulator._2365_/Q (sky130_fd_sc_hd__dfxtp_1)
                                         accumulator.io_accOut[8] (net)
                  0.17    0.00    0.77 ^ _08_/A (sky130_fd_sc_hd__clkbuf_1)
     1    0.01    0.09    0.15    0.92 ^ _08_/X (sky130_fd_sc_hd__clkbuf_1)
                                         net53 (net)
                  0.09    0.00    0.92 ^ output53/A (sky130_fd_sc_hd__clkbuf_4)
     1    0.03    0.11    0.21    1.13 ^ output53/X (sky130_fd_sc_hd__clkbuf_4)
                                         io_accOut[8] (net)
                  0.11    0.00    1.13 ^ io_accOut[8] (out)
                                  1.13   data arrival time

                         25.00   25.00   clock clock (rise edge)
                          0.00   25.00   clock network delay (propagated)
                         -0.25   24.75   clock uncertainty
                          0.00   24.75   clock reconvergence pessimism
                         -5.00   19.75   output external delay
                                 19.75   data required time
-----------------------------------------------------------------------------
                                 19.75   data required time
                                 -1.13   data arrival time
-----------------------------------------------------------------------------
                                 18.62   slack (MET)


Startpoint: accumulator._2384_
            (rising edge-triggered flip-flop clocked by clock)
Endpoint: io_accOut[27] (output port clocked by clock)
Path Group: clock
Path Type: max

Fanout     Cap    Slew   Delay    Time   Description
-----------------------------------------------------------------------------
                          0.00    0.00   clock clock (rise edge)
                          0.00    0.00   clock source latency
     1    0.01    0.07    0.05    0.05 ^ clock (in)
                                         clock (net)
                  0.07    0.00    0.05 ^ clkbuf_0_clock/A (sky130_fd_sc_hd__clkbuf_16)
     4    0.03    0.05    0.15    0.21 ^ clkbuf_0_clock/X (sky130_fd_sc_hd__clkbuf_16)
                                         clknet_0_clock (net)
                  0.05    0.00    0.21 ^ clkbuf_2_2__f_clock/A (sky130_fd_sc_hd__clkbuf_16)
     7    0.03    0.05    0.14    0.35 ^ clkbuf_2_2__f_clock/X (sky130_fd_sc_hd__clkbuf_16)
                                         clknet_2_2__leaf_clock (net)
                  0.05    0.00    0.35 ^ accumulator._2384_/CLK (sky130_fd_sc_hd__dfxtp_1)
     6    0.02    0.15    0.40    0.75 ^ accumulator._2384_/Q (sky130_fd_sc_hd__dfxtp_1)
                                         accumulator.io_accOut[27] (net)
                  0.15    0.00    0.75 ^ _27_/A (sky130_fd_sc_hd__clkbuf_1)
     1    0.01    0.08    0.14    0.89 ^ _27_/X (sky130_fd_sc_hd__clkbuf_1)
                                         net42 (net)
                  0.08    0.00    0.89 ^ output42/A (sky130_fd_sc_hd__buf_2)
     1    0.03    0.17    0.22    1.11 ^ output42/X (sky130_fd_sc_hd__buf_2)
                                         io_accOut[27] (net)
                  0.17    0.00    1.11 ^ io_accOut[27] (out)
                                  1.11   data arrival time

                         25.00   25.00   clock clock (rise edge)
                          0.00   25.00   clock network delay (propagated)
                         -0.25   24.75   clock uncertainty
                          0.00   24.75   clock reconvergence pessimism
                         -5.00   19.75   output external delay
                                 19.75   data required time
-----------------------------------------------------------------------------
                                 19.75   data required time
                                 -1.11   data arrival time
-----------------------------------------------------------------------------
                                 18.64   slack (MET)


Startpoint: accumulator._2368_
            (rising edge-triggered flip-flop clocked by clock)
Endpoint: io_accOut[11] (output port clocked by clock)
Path Group: clock
Path Type: max

Fanout     Cap    Slew   Delay    Time   Description
-----------------------------------------------------------------------------
                          0.00    0.00   clock clock (rise edge)
                          0.00    0.00   clock source latency
     1    0.01    0.07    0.05    0.05 ^ clock (in)
                                         clock (net)
                  0.07    0.00    0.05 ^ clkbuf_0_clock/A (sky130_fd_sc_hd__clkbuf_16)
     4    0.03    0.05    0.15    0.21 ^ clkbuf_0_clock/X (sky130_fd_sc_hd__clkbuf_16)
                                         clknet_0_clock (net)
                  0.05    0.00    0.21 ^ clkbuf_2_1__f_clock/A (sky130_fd_sc_hd__clkbuf_16)
     9    0.03    0.05    0.14    0.35 ^ clkbuf_2_1__f_clock/X (sky130_fd_sc_hd__clkbuf_16)
                                         clknet_2_1__leaf_clock (net)
                  0.05    0.00    0.35 ^ accumulator._2368_/CLK (sky130_fd_sc_hd__dfxtp_1)
     4    0.01    0.11    0.37    0.72 ^ accumulator._2368_/Q (sky130_fd_sc_hd__dfxtp_1)
                                         accumulator.io_accOut[11] (net)
                  0.11    0.00    0.72 ^ _11_/A (sky130_fd_sc_hd__buf_1)
     1    0.01    0.11    0.15    0.87 ^ _11_/X (sky130_fd_sc_hd__buf_1)
                                         net25 (net)
                  0.11    0.00    0.87 ^ output25/A (sky130_fd_sc_hd__buf_2)
     1    0.03    0.17    0.23    1.11 ^ output25/X (sky130_fd_sc_hd__buf_2)
                                         io_accOut[11] (net)
                  0.17    0.00    1.11 ^ io_accOut[11] (out)
                                  1.11   data arrival time

                         25.00   25.00   clock clock (rise edge)
                          0.00   25.00   clock network delay (propagated)
                         -0.25   24.75   clock uncertainty
                          0.00   24.75   clock reconvergence pessimism
                         -5.00   19.75   output external delay
                                 19.75   data required time
-----------------------------------------------------------------------------
                                 19.75   data required time
                                 -1.11   data arrival time
-----------------------------------------------------------------------------
                                 18.64   slack (MET)


Startpoint: accumulator._2372_
            (rising edge-triggered flip-flop clocked by clock)
Endpoint: io_accOut[15] (output port clocked by clock)
Path Group: clock
Path Type: max

Fanout     Cap    Slew   Delay    Time   Description
-----------------------------------------------------------------------------
                          0.00    0.00   clock clock (rise edge)
                          0.00    0.00   clock source latency
     1    0.01    0.07    0.05    0.05 ^ clock (in)
                                         clock (net)
                  0.07    0.00    0.05 ^ clkbuf_0_clock/A (sky130_fd_sc_hd__clkbuf_16)
     4    0.03    0.05    0.15    0.21 ^ clkbuf_0_clock/X (sky130_fd_sc_hd__clkbuf_16)
                                         clknet_0_clock (net)
                  0.05    0.00    0.21 ^ clkbuf_2_0__f_clock/A (sky130_fd_sc_hd__clkbuf_16)
    11    0.03    0.05    0.15    0.35 ^ clkbuf_2_0__f_clock/X (sky130_fd_sc_hd__clkbuf_16)
                                         clknet_2_0__leaf_clock (net)
                  0.05    0.00    0.35 ^ accumulator._2372_/CLK (sky130_fd_sc_hd__dfxtp_1)
     3    0.01    0.10    0.36    0.72 ^ accumulator._2372_/Q (sky130_fd_sc_hd__dfxtp_1)
                                         accumulator.io_accOut[15] (net)
                  0.10    0.00    0.72 ^ _15_/A (sky130_fd_sc_hd__buf_1)
     1    0.01    0.12    0.15    0.87 ^ _15_/X (sky130_fd_sc_hd__buf_1)
                                         net29 (net)
                  0.12    0.00    0.87 ^ output29/A (sky130_fd_sc_hd__buf_2)
     1    0.03    0.17    0.24    1.11 ^ output29/X (sky130_fd_sc_hd__buf_2)
                                         io_accOut[15] (net)
                  0.17    0.00    1.11 ^ io_accOut[15] (out)
                                  1.11   data arrival time

                         25.00   25.00   clock clock (rise edge)
                          0.00   25.00   clock network delay (propagated)
                         -0.25   24.75   clock uncertainty
                          0.00   24.75   clock reconvergence pessimism
                         -5.00   19.75   output external delay
                                 19.75   data required time
-----------------------------------------------------------------------------
                                 19.75   data required time
                                 -1.11   data arrival time
-----------------------------------------------------------------------------
                                 18.64   slack (MET)


Startpoint: accumulator._2378_
            (rising edge-triggered flip-flop clocked by clock)
Endpoint: io_accOut[21] (output port clocked by clock)
Path Group: clock
Path Type: max

Fanout     Cap    Slew   Delay    Time   Description
-----------------------------------------------------------------------------
                          0.00    0.00   clock clock (rise edge)
                          0.00    0.00   clock source latency
     1    0.01    0.07    0.05    0.05 ^ clock (in)
                                         clock (net)
                  0.07    0.00    0.05 ^ clkbuf_0_clock/A (sky130_fd_sc_hd__clkbuf_16)
     4    0.03    0.05    0.15    0.21 ^ clkbuf_0_clock/X (sky130_fd_sc_hd__clkbuf_16)
                                         clknet_0_clock (net)
                  0.05    0.00    0.21 ^ clkbuf_2_1__f_clock/A (sky130_fd_sc_hd__clkbuf_16)
     9    0.03    0.05    0.14    0.35 ^ clkbuf_2_1__f_clock/X (sky130_fd_sc_hd__clkbuf_16)
                                         clknet_2_1__leaf_clock (net)
                  0.05    0.00    0.35 ^ accumulator._2378_/CLK (sky130_fd_sc_hd__dfxtp_1)
     4    0.01    0.09    0.36    0.71 ^ accumulator._2378_/Q (sky130_fd_sc_hd__dfxtp_1)
                                         accumulator.io_accOut[21] (net)
                  0.09    0.00    0.71 ^ _21_/A (sky130_fd_sc_hd__buf_1)
     1    0.01    0.12    0.15    0.86 ^ _21_/X (sky130_fd_sc_hd__buf_1)
                                         net36 (net)
                  0.12    0.00    0.86 ^ output36/A (sky130_fd_sc_hd__buf_2)
     1    0.04    0.18    0.25    1.11 ^ output36/X (sky130_fd_sc_hd__buf_2)
                                         io_accOut[21] (net)
                  0.18    0.00    1.11 ^ io_accOut[21] (out)
                                  1.11   data arrival time

                         25.00   25.00   clock clock (rise edge)
                          0.00   25.00   clock network delay (propagated)
                         -0.25   24.75   clock uncertainty
                          0.00   24.75   clock reconvergence pessimism
                         -5.00   19.75   output external delay
                                 19.75   data required time
-----------------------------------------------------------------------------
                                 19.75   data required time
                                 -1.11   data arrival time
-----------------------------------------------------------------------------
                                 18.64   slack (MET)


Startpoint: accumulator._2357_
            (rising edge-triggered flip-flop clocked by clock)
Endpoint: io_accOut[0] (output port clocked by clock)
Path Group: clock
Path Type: max

Fanout     Cap    Slew   Delay    Time   Description
-----------------------------------------------------------------------------
                          0.00    0.00   clock clock (rise edge)
                          0.00    0.00   clock source latency
     1    0.01    0.07    0.05    0.05 ^ clock (in)
                                         clock (net)
                  0.07    0.00    0.05 ^ clkbuf_0_clock/A (sky130_fd_sc_hd__clkbuf_16)
     4    0.03    0.05    0.15    0.21 ^ clkbuf_0_clock/X (sky130_fd_sc_hd__clkbuf_16)
                                         clknet_0_clock (net)
                  0.05    0.00    0.21 ^ clkbuf_2_0__f_clock/A (sky130_fd_sc_hd__clkbuf_16)
    11    0.03    0.05    0.15    0.35 ^ clkbuf_2_0__f_clock/X (sky130_fd_sc_hd__clkbuf_16)
                                         clknet_2_0__leaf_clock (net)
                  0.05    0.00    0.35 ^ accumulator._2357_/CLK (sky130_fd_sc_hd__dfxtp_2)
     5    0.02    0.09    0.38    0.73 ^ accumulator._2357_/Q (sky130_fd_sc_hd__dfxtp_2)
                                         accumulator.io_accOut[0] (net)
                  0.09    0.00    0.73 ^ _00_/A (sky130_fd_sc_hd__buf_1)
     1    0.01    0.10    0.14    0.87 ^ _00_/X (sky130_fd_sc_hd__buf_1)
                                         net23 (net)
                  0.10    0.00    0.87 ^ output23/A (sky130_fd_sc_hd__buf_2)
     1    0.03    0.17    0.23    1.10 ^ output23/X (sky130_fd_sc_hd__buf_2)
                                         io_accOut[0] (net)
                  0.17    0.00    1.10 ^ io_accOut[0] (out)
                                  1.10   data arrival time

                         25.00   25.00   clock clock (rise edge)
                          0.00   25.00   clock network delay (propagated)
                         -0.25   24.75   clock uncertainty
                          0.00   24.75   clock reconvergence pessimism
                         -5.00   19.75   output external delay
                                 19.75   data required time
-----------------------------------------------------------------------------
                                 19.75   data required time
                                 -1.10   data arrival time
-----------------------------------------------------------------------------
                                 18.65   slack (MET)


Startpoint: accumulator._2362_
            (rising edge-triggered flip-flop clocked by clock)
Endpoint: io_accOut[5] (output port clocked by clock)
Path Group: clock
Path Type: max

Fanout     Cap    Slew   Delay    Time   Description
-----------------------------------------------------------------------------
                          0.00    0.00   clock clock (rise edge)
                          0.00    0.00   clock source latency
     1    0.01    0.07    0.05    0.05 ^ clock (in)
                                         clock (net)
                  0.07    0.00    0.05 ^ clkbuf_0_clock/A (sky130_fd_sc_hd__clkbuf_16)
     4    0.03    0.05    0.15    0.21 ^ clkbuf_0_clock/X (sky130_fd_sc_hd__clkbuf_16)
                                         clknet_0_clock (net)
                  0.05    0.00    0.21 ^ clkbuf_2_0__f_clock/A (sky130_fd_sc_hd__clkbuf_16)
    11    0.03    0.05    0.15    0.35 ^ clkbuf_2_0__f_clock/X (sky130_fd_sc_hd__clkbuf_16)
                                         clknet_2_0__leaf_clock (net)
                  0.05    0.00    0.35 ^ accumulator._2362_/CLK (sky130_fd_sc_hd__dfxtp_1)
     6    0.01    0.13    0.39    0.74 ^ accumulator._2362_/Q (sky130_fd_sc_hd__dfxtp_1)
                                         accumulator.io_accOut[5] (net)
                  0.13    0.00    0.74 ^ _05_/A (sky130_fd_sc_hd__buf_1)
     1    0.01    0.09    0.15    0.89 ^ _05_/X (sky130_fd_sc_hd__buf_1)
                                         net50 (net)
                  0.09    0.00    0.89 ^ output50/A (sky130_fd_sc_hd__clkbuf_4)
     1    0.03    0.11    0.21    1.10 ^ output50/X (sky130_fd_sc_hd__clkbuf_4)
                                         io_accOut[5] (net)
                  0.11    0.00    1.10 ^ io_accOut[5] (out)
                                  1.10   data arrival time

                         25.00   25.00   clock clock (rise edge)
                          0.00   25.00   clock network delay (propagated)
                         -0.25   24.75   clock uncertainty
                          0.00   24.75   clock reconvergence pessimism
                         -5.00   19.75   output external delay
                                 19.75   data required time
-----------------------------------------------------------------------------
                                 19.75   data required time
                                 -1.10   data arrival time
-----------------------------------------------------------------------------
                                 18.65   slack (MET)


Startpoint: accumulator._2366_
            (rising edge-triggered flip-flop clocked by clock)
Endpoint: io_accOut[9] (output port clocked by clock)
Path Group: clock
Path Type: max

Fanout     Cap    Slew   Delay    Time   Description
-----------------------------------------------------------------------------
                          0.00    0.00   clock clock (rise edge)
                          0.00    0.00   clock source latency
     1    0.01    0.07    0.05    0.05 ^ clock (in)
                                         clock (net)
                  0.07    0.00    0.05 ^ clkbuf_0_clock/A (sky130_fd_sc_hd__clkbuf_16)
     4    0.03    0.05    0.15    0.21 ^ clkbuf_0_clock/X (sky130_fd_sc_hd__clkbuf_16)
                                         clknet_0_clock (net)
                  0.05    0.00    0.21 ^ clkbuf_2_1__f_clock/A (sky130_fd_sc_hd__clkbuf_16)
     9    0.03    0.05    0.14    0.35 ^ clkbuf_2_1__f_clock/X (sky130_fd_sc_hd__clkbuf_16)
                                         clknet_2_1__leaf_clock (net)
                  0.05    0.00    0.35 ^ accumulator._2366_/CLK (sky130_fd_sc_hd__dfxtp_1)
     4    0.01    0.10    0.36    0.71 ^ accumulator._2366_/Q (sky130_fd_sc_hd__dfxtp_1)
                                         accumulator.io_accOut[9] (net)
                  0.10    0.00    0.71 ^ _09_/A (sky130_fd_sc_hd__buf_1)
     1    0.01    0.12    0.16    0.87 ^ _09_/X (sky130_fd_sc_hd__buf_1)
                                         net54 (net)
                  0.12    0.00    0.87 ^ output54/A (sky130_fd_sc_hd__buf_2)
     1    0.03    0.17    0.24    1.10 ^ output54/X (sky130_fd_sc_hd__buf_2)
                                         io_accOut[9] (net)
                  0.17    0.00    1.10 ^ io_accOut[9] (out)
                                  1.10   data arrival time

                         25.00   25.00   clock clock (rise edge)
                          0.00   25.00   clock network delay (propagated)
                         -0.25   24.75   clock uncertainty
                          0.00   24.75   clock reconvergence pessimism
                         -5.00   19.75   output external delay
                                 19.75   data required time
-----------------------------------------------------------------------------
                                 19.75   data required time
                                 -1.10   data arrival time
-----------------------------------------------------------------------------
                                 18.65   slack (MET)


Startpoint: accumulator._2373_
            (rising edge-triggered flip-flop clocked by clock)
Endpoint: io_accOut[16] (output port clocked by clock)
Path Group: clock
Path Type: max

Fanout     Cap    Slew   Delay    Time   Description
-----------------------------------------------------------------------------
                          0.00    0.00   clock clock (rise edge)
                          0.00    0.00   clock source latency
     1    0.01    0.07    0.05    0.05 ^ clock (in)
                                         clock (net)
                  0.07    0.00    0.05 ^ clkbuf_0_clock/A (sky130_fd_sc_hd__clkbuf_16)
     4    0.03    0.05    0.15    0.21 ^ clkbuf_0_clock/X (sky130_fd_sc_hd__clkbuf_16)
                                         clknet_0_clock (net)
                  0.05    0.00    0.21 ^ clkbuf_2_1__f_clock/A (sky130_fd_sc_hd__clkbuf_16)
     9    0.03    0.05    0.14    0.35 ^ clkbuf_2_1__f_clock/X (sky130_fd_sc_hd__clkbuf_16)
                                         clknet_2_1__leaf_clock (net)
                  0.05    0.00    0.35 ^ accumulator._2373_/CLK (sky130_fd_sc_hd__dfxtp_1)
     3    0.01    0.10    0.36    0.71 ^ accumulator._2373_/Q (sky130_fd_sc_hd__dfxtp_1)
                                         accumulator.io_accOut[16] (net)
                  0.10    0.00    0.71 ^ _16_/A (sky130_fd_sc_hd__buf_1)
     1    0.01    0.11    0.15    0.86 ^ _16_/X (sky130_fd_sc_hd__buf_1)
                                         net30 (net)
                  0.11    0.00    0.86 ^ output30/A (sky130_fd_sc_hd__buf_2)
     1    0.03    0.17    0.23    1.09 ^ output30/X (sky130_fd_sc_hd__buf_2)
                                         io_accOut[16] (net)
                  0.17    0.00    1.10 ^ io_accOut[16] (out)
                                  1.10   data arrival time

                         25.00   25.00   clock clock (rise edge)
                          0.00   25.00   clock network delay (propagated)
                         -0.25   24.75   clock uncertainty
                          0.00   24.75   clock reconvergence pessimism
                         -5.00   19.75   output external delay
                                 19.75   data required time
-----------------------------------------------------------------------------
                                 19.75   data required time
                                 -1.10   data arrival time
-----------------------------------------------------------------------------
                                 18.65   slack (MET)


Startpoint: accumulator._2381_
            (rising edge-triggered flip-flop clocked by clock)
Endpoint: io_accOut[24] (output port clocked by clock)
Path Group: clock
Path Type: max

Fanout     Cap    Slew   Delay    Time   Description
-----------------------------------------------------------------------------
                          0.00    0.00   clock clock (rise edge)
                          0.00    0.00   clock source latency
     1    0.01    0.07    0.05    0.05 ^ clock (in)
                                         clock (net)
                  0.07    0.00    0.05 ^ clkbuf_0_clock/A (sky130_fd_sc_hd__clkbuf_16)
     4    0.03    0.05    0.15    0.21 ^ clkbuf_0_clock/X (sky130_fd_sc_hd__clkbuf_16)
                                         clknet_0_clock (net)
                  0.05    0.00    0.21 ^ clkbuf_2_2__f_clock/A (sky130_fd_sc_hd__clkbuf_16)
     7    0.03    0.05    0.14    0.35 ^ clkbuf_2_2__f_clock/X (sky130_fd_sc_hd__clkbuf_16)
                                         clknet_2_2__leaf_clock (net)
                  0.05    0.00    0.35 ^ accumulator._2381_/CLK (sky130_fd_sc_hd__dfxtp_1)
     6    0.01    0.13    0.39    0.73 ^ accumulator._2381_/Q (sky130_fd_sc_hd__dfxtp_1)
                                         accumulator.io_accOut[24] (net)
                  0.13    0.00    0.73 ^ _24_/A (sky130_fd_sc_hd__clkbuf_1)
     1    0.01    0.08    0.14    0.87 ^ _24_/X (sky130_fd_sc_hd__clkbuf_1)
                                         net39 (net)
                  0.08    0.00    0.87 ^ output39/A (sky130_fd_sc_hd__buf_2)
     1    0.03    0.17    0.22    1.09 ^ output39/X (sky130_fd_sc_hd__buf_2)
                                         io_accOut[24] (net)
                  0.17    0.00    1.09 ^ io_accOut[24] (out)
                                  1.09   data arrival time

                         25.00   25.00   clock clock (rise edge)
                          0.00   25.00   clock network delay (propagated)
                         -0.25   24.75   clock uncertainty
                          0.00   24.75   clock reconvergence pessimism
                         -5.00   19.75   output external delay
                                 19.75   data required time
-----------------------------------------------------------------------------
                                 19.75   data required time
                                 -1.09   data arrival time
-----------------------------------------------------------------------------
                                 18.66   slack (MET)


Startpoint: accumulator._2359_
            (rising edge-triggered flip-flop clocked by clock)
Endpoint: io_accOut[2] (output port clocked by clock)
Path Group: clock
Path Type: max

Fanout     Cap    Slew   Delay    Time   Description
-----------------------------------------------------------------------------
                          0.00    0.00   clock clock (rise edge)
                          0.00    0.00   clock source latency
     1    0.01    0.07    0.05    0.05 ^ clock (in)
                                         clock (net)
                  0.07    0.00    0.05 ^ clkbuf_0_clock/A (sky130_fd_sc_hd__clkbuf_16)
     4    0.03    0.05    0.15    0.21 ^ clkbuf_0_clock/X (sky130_fd_sc_hd__clkbuf_16)
                                         clknet_0_clock (net)
                  0.05    0.00    0.21 ^ clkbuf_2_3__f_clock/A (sky130_fd_sc_hd__clkbuf_16)
    10    0.03    0.05    0.15    0.35 ^ clkbuf_2_3__f_clock/X (sky130_fd_sc_hd__clkbuf_16)
                                         clknet_2_3__leaf_clock (net)
                  0.05    0.00    0.35 ^ accumulator._2359_/CLK (sky130_fd_sc_hd__dfxtp_2)
     6    0.02    0.11    0.39    0.74 ^ accumulator._2359_/Q (sky130_fd_sc_hd__dfxtp_2)
                                         accumulator.io_accOut[2] (net)
                  0.11    0.00    0.74 ^ _02_/A (sky130_fd_sc_hd__clkbuf_1)
     1    0.01    0.09    0.14    0.88 ^ _02_/X (sky130_fd_sc_hd__clkbuf_1)
                                         net45 (net)
                  0.09    0.00    0.88 ^ output45/A (sky130_fd_sc_hd__clkbuf_4)
     1    0.03    0.11    0.21    1.09 ^ output45/X (sky130_fd_sc_hd__clkbuf_4)
                                         io_accOut[2] (net)
                  0.11    0.00    1.09 ^ io_accOut[2] (out)
                                  1.09   data arrival time

                         25.00   25.00   clock clock (rise edge)
                          0.00   25.00   clock network delay (propagated)
                         -0.25   24.75   clock uncertainty
                          0.00   24.75   clock reconvergence pessimism
                         -5.00   19.75   output external delay
                                 19.75   data required time
-----------------------------------------------------------------------------
                                 19.75   data required time
                                 -1.09   data arrival time
-----------------------------------------------------------------------------
                                 18.66   slack (MET)


Startpoint: accumulator._2367_
            (rising edge-triggered flip-flop clocked by clock)
Endpoint: io_accOut[10] (output port clocked by clock)
Path Group: clock
Path Type: max

Fanout     Cap    Slew   Delay    Time   Description
-----------------------------------------------------------------------------
                          0.00    0.00   clock clock (rise edge)
                          0.00    0.00   clock source latency
     1    0.01    0.07    0.05    0.05 ^ clock (in)
                                         clock (net)
                  0.07    0.00    0.05 ^ clkbuf_0_clock/A (sky130_fd_sc_hd__clkbuf_16)
     4    0.03    0.05    0.15    0.21 ^ clkbuf_0_clock/X (sky130_fd_sc_hd__clkbuf_16)
                                         clknet_0_clock (net)
                  0.05    0.00    0.21 ^ clkbuf_2_3__f_clock/A (sky130_fd_sc_hd__clkbuf_16)
    10    0.03    0.05    0.15    0.35 ^ clkbuf_2_3__f_clock/X (sky130_fd_sc_hd__clkbuf_16)
                                         clknet_2_3__leaf_clock (net)
                  0.05    0.00    0.35 ^ accumulator._2367_/CLK (sky130_fd_sc_hd__dfxtp_1)
     4    0.01    0.09    0.35    0.71 ^ accumulator._2367_/Q (sky130_fd_sc_hd__dfxtp_1)
                                         accumulator.io_accOut[10] (net)
                  0.09    0.00    0.71 ^ _10_/A (sky130_fd_sc_hd__clkbuf_1)
     1    0.01    0.10    0.14    0.85 ^ _10_/X (sky130_fd_sc_hd__clkbuf_1)
                                         net24 (net)
                  0.10    0.00    0.85 ^ output24/A (sky130_fd_sc_hd__buf_2)
     1    0.04    0.18    0.24    1.09 ^ output24/X (sky130_fd_sc_hd__buf_2)
                                         io_accOut[10] (net)
                  0.18    0.00    1.09 ^ io_accOut[10] (out)
                                  1.09   data arrival time

                         25.00   25.00   clock clock (rise edge)
                          0.00   25.00   clock network delay (propagated)
                         -0.25   24.75   clock uncertainty
                          0.00   24.75   clock reconvergence pessimism
                         -5.00   19.75   output external delay
                                 19.75   data required time
-----------------------------------------------------------------------------
                                 19.75   data required time
                                 -1.09   data arrival time
-----------------------------------------------------------------------------
                                 18.66   slack (MET)


Startpoint: accumulator._2363_
            (rising edge-triggered flip-flop clocked by clock)
Endpoint: io_accOut[6] (output port clocked by clock)
Path Group: clock
Path Type: max

Fanout     Cap    Slew   Delay    Time   Description
-----------------------------------------------------------------------------
                          0.00    0.00   clock clock (rise edge)
                          0.00    0.00   clock source latency
     1    0.01    0.07    0.05    0.05 ^ clock (in)
                                         clock (net)
                  0.07    0.00    0.05 ^ clkbuf_0_clock/A (sky130_fd_sc_hd__clkbuf_16)
     4    0.03    0.05    0.15    0.21 ^ clkbuf_0_clock/X (sky130_fd_sc_hd__clkbuf_16)
                                         clknet_0_clock (net)
                  0.05    0.00    0.21 ^ clkbuf_2_0__f_clock/A (sky130_fd_sc_hd__clkbuf_16)
    11    0.03    0.05    0.15    0.35 ^ clkbuf_2_0__f_clock/X (sky130_fd_sc_hd__clkbuf_16)
                                         clknet_2_0__leaf_clock (net)
                  0.05    0.00    0.35 ^ accumulator._2363_/CLK (sky130_fd_sc_hd__dfxtp_2)
     6    0.03    0.15    0.42    0.77 ^ accumulator._2363_/Q (sky130_fd_sc_hd__dfxtp_2)
                                         accumulator.io_accOut[6] (net)
                  0.15    0.00    0.77 ^ _06_/A (sky130_fd_sc_hd__clkbuf_1)
     1    0.00    0.04    0.10    0.88 ^ _06_/X (sky130_fd_sc_hd__clkbuf_1)
                                         net51 (net)
                  0.04    0.00    0.88 ^ output51/A (sky130_fd_sc_hd__buf_2)
     1    0.03    0.17    0.21    1.08 ^ output51/X (sky130_fd_sc_hd__buf_2)
                                         io_accOut[6] (net)
                  0.17    0.00    1.08 ^ io_accOut[6] (out)
                                  1.08   data arrival time

                         25.00   25.00   clock clock (rise edge)
                          0.00   25.00   clock network delay (propagated)
                         -0.25   24.75   clock uncertainty
                          0.00   24.75   clock reconvergence pessimism
                         -5.00   19.75   output external delay
                                 19.75   data required time
-----------------------------------------------------------------------------
                                 19.75   data required time
                                 -1.08   data arrival time
-----------------------------------------------------------------------------
                                 18.67   slack (MET)


Startpoint: accumulator._2383_
            (rising edge-triggered flip-flop clocked by clock)
Endpoint: io_accOut[26] (output port clocked by clock)
Path Group: clock
Path Type: max

Fanout     Cap    Slew   Delay    Time   Description
-----------------------------------------------------------------------------
                          0.00    0.00   clock clock (rise edge)
                          0.00    0.00   clock source latency
     1    0.01    0.07    0.05    0.05 ^ clock (in)
                                         clock (net)
                  0.07    0.00    0.05 ^ clkbuf_0_clock/A (sky130_fd_sc_hd__clkbuf_16)
     4    0.03    0.05    0.15    0.21 ^ clkbuf_0_clock/X (sky130_fd_sc_hd__clkbuf_16)
                                         clknet_0_clock (net)
                  0.05    0.00    0.21 ^ clkbuf_2_3__f_clock/A (sky130_fd_sc_hd__clkbuf_16)
    10    0.03    0.05    0.15    0.35 ^ clkbuf_2_3__f_clock/X (sky130_fd_sc_hd__clkbuf_16)
                                         clknet_2_3__leaf_clock (net)
                  0.05    0.00    0.35 ^ accumulator._2383_/CLK (sky130_fd_sc_hd__dfxtp_1)
     6    0.01    0.10    0.37    0.72 ^ accumulator._2383_/Q (sky130_fd_sc_hd__dfxtp_1)
                                         accumulator.io_accOut[26] (net)
                  0.10    0.00    0.72 ^ _26_/A (sky130_fd_sc_hd__clkbuf_1)
     1    0.00    0.07    0.12    0.84 ^ _26_/X (sky130_fd_sc_hd__clkbuf_1)
                                         net41 (net)
                  0.07    0.00    0.84 ^ output41/A (sky130_fd_sc_hd__buf_2)
     1    0.04    0.18    0.23    1.06 ^ output41/X (sky130_fd_sc_hd__buf_2)
                                         io_accOut[26] (net)
                  0.18    0.00    1.07 ^ io_accOut[26] (out)
                                  1.07   data arrival time

                         25.00   25.00   clock clock (rise edge)
                          0.00   25.00   clock network delay (propagated)
                         -0.25   24.75   clock uncertainty
                          0.00   24.75   clock reconvergence pessimism
                         -5.00   19.75   output external delay
                                 19.75   data required time
-----------------------------------------------------------------------------
                                 19.75   data required time
                                 -1.07   data arrival time
-----------------------------------------------------------------------------
                                 18.68   slack (MET)


Startpoint: accumulator._2385_
            (rising edge-triggered flip-flop clocked by clock)
Endpoint: io_accOut[28] (output port clocked by clock)
Path Group: clock
Path Type: max

Fanout     Cap    Slew   Delay    Time   Description
-----------------------------------------------------------------------------
                          0.00    0.00   clock clock (rise edge)
                          0.00    0.00   clock source latency
     1    0.01    0.07    0.05    0.05 ^ clock (in)
                                         clock (net)
                  0.07    0.00    0.05 ^ clkbuf_0_clock/A (sky130_fd_sc_hd__clkbuf_16)
     4    0.03    0.05    0.15    0.21 ^ clkbuf_0_clock/X (sky130_fd_sc_hd__clkbuf_16)
                                         clknet_0_clock (net)
                  0.05    0.00    0.21 ^ clkbuf_2_3__f_clock/A (sky130_fd_sc_hd__clkbuf_16)
    10    0.03    0.05    0.15    0.35 ^ clkbuf_2_3__f_clock/X (sky130_fd_sc_hd__clkbuf_16)
                                         clknet_2_3__leaf_clock (net)
                  0.05    0.00    0.35 ^ accumulator._2385_/CLK (sky130_fd_sc_hd__dfxtp_1)
     6    0.01    0.11    0.37    0.72 ^ accumulator._2385_/Q (sky130_fd_sc_hd__dfxtp_1)
                                         accumulator.io_accOut[28] (net)
                  0.11    0.00    0.72 ^ _28_/A (sky130_fd_sc_hd__clkbuf_1)
     1    0.01    0.07    0.12    0.84 ^ _28_/X (sky130_fd_sc_hd__clkbuf_1)
                                         net43 (net)
                  0.07    0.00    0.84 ^ output43/A (sky130_fd_sc_hd__buf_2)
     1    0.03    0.17    0.22    1.06 ^ output43/X (sky130_fd_sc_hd__buf_2)
                                         io_accOut[28] (net)
                  0.17    0.00    1.06 ^ io_accOut[28] (out)
                                  1.06   data arrival time

                         25.00   25.00   clock clock (rise edge)
                          0.00   25.00   clock network delay (propagated)
                         -0.25   24.75   clock uncertainty
                          0.00   24.75   clock reconvergence pessimism
                         -5.00   19.75   output external delay
                                 19.75   data required time
-----------------------------------------------------------------------------
                                 19.75   data required time
                                 -1.06   data arrival time
-----------------------------------------------------------------------------
                                 18.69   slack (MET)


Startpoint: accumulator._2369_
            (rising edge-triggered flip-flop clocked by clock)
Endpoint: io_accOut[12] (output port clocked by clock)
Path Group: clock
Path Type: max

Fanout     Cap    Slew   Delay    Time   Description
-----------------------------------------------------------------------------
                          0.00    0.00   clock clock (rise edge)
                          0.00    0.00   clock source latency
     1    0.01    0.07    0.05    0.05 ^ clock (in)
                                         clock (net)
                  0.07    0.00    0.05 ^ clkbuf_0_clock/A (sky130_fd_sc_hd__clkbuf_16)
     4    0.03    0.05    0.15    0.21 ^ clkbuf_0_clock/X (sky130_fd_sc_hd__clkbuf_16)
                                         clknet_0_clock (net)
                  0.05    0.00    0.21 ^ clkbuf_2_0__f_clock/A (sky130_fd_sc_hd__clkbuf_16)
    11    0.03    0.05    0.15    0.35 ^ clkbuf_2_0__f_clock/X (sky130_fd_sc_hd__clkbuf_16)
                                         clknet_2_0__leaf_clock (net)
                  0.05    0.00    0.35 ^ accumulator._2369_/CLK (sky130_fd_sc_hd__dfxtp_1)
     4    0.01    0.12    0.38    0.73 ^ accumulator._2369_/Q (sky130_fd_sc_hd__dfxtp_1)
                                         accumulator.io_accOut[12] (net)
                  0.12    0.00    0.73 ^ _12_/A (sky130_fd_sc_hd__buf_1)
     1    0.00    0.04    0.10    0.83 ^ _12_/X (sky130_fd_sc_hd__buf_1)
                                         net26 (net)
                  0.04    0.00    0.83 ^ output26/A (sky130_fd_sc_hd__buf_2)
     1    0.04    0.18    0.21    1.04 ^ output26/X (sky130_fd_sc_hd__buf_2)
                                         io_accOut[12] (net)
                  0.18    0.00    1.04 ^ io_accOut[12] (out)
                                  1.04   data arrival time

                         25.00   25.00   clock clock (rise edge)
                          0.00   25.00   clock network delay (propagated)
                         -0.25   24.75   clock uncertainty
                          0.00   24.75   clock reconvergence pessimism
                         -5.00   19.75   output external delay
                                 19.75   data required time
-----------------------------------------------------------------------------
                                 19.75   data required time
                                 -1.04   data arrival time
-----------------------------------------------------------------------------
                                 18.71   slack (MET)


Startpoint: accumulator._2374_
            (rising edge-triggered flip-flop clocked by clock)
Endpoint: io_accOut[17] (output port clocked by clock)
Path Group: clock
Path Type: max

Fanout     Cap    Slew   Delay    Time   Description
-----------------------------------------------------------------------------
                          0.00    0.00   clock clock (rise edge)
                          0.00    0.00   clock source latency
     1    0.01    0.07    0.05    0.05 ^ clock (in)
                                         clock (net)
                  0.07    0.00    0.05 ^ clkbuf_0_clock/A (sky130_fd_sc_hd__clkbuf_16)
     4    0.03    0.05    0.15    0.21 ^ clkbuf_0_clock/X (sky130_fd_sc_hd__clkbuf_16)
                                         clknet_0_clock (net)
                  0.05    0.00    0.21 ^ clkbuf_2_0__f_clock/A (sky130_fd_sc_hd__clkbuf_16)
    11    0.03    0.05    0.15    0.35 ^ clkbuf_2_0__f_clock/X (sky130_fd_sc_hd__clkbuf_16)
                                         clknet_2_0__leaf_clock (net)
                  0.05    0.00    0.35 ^ accumulator._2374_/CLK (sky130_fd_sc_hd__dfxtp_1)
     4    0.01    0.12    0.38    0.74 ^ accumulator._2374_/Q (sky130_fd_sc_hd__dfxtp_1)
                                         accumulator.io_accOut[17] (net)
                  0.12    0.00    0.74 ^ _17_/A (sky130_fd_sc_hd__buf_1)
     1    0.00    0.04    0.10    0.83 ^ _17_/X (sky130_fd_sc_hd__buf_1)
                                         net31 (net)
                  0.04    0.00    0.83 ^ output31/A (sky130_fd_sc_hd__buf_2)
     1    0.03    0.17    0.20    1.04 ^ output31/X (sky130_fd_sc_hd__buf_2)
                                         io_accOut[17] (net)
                  0.17    0.00    1.04 ^ io_accOut[17] (out)
                                  1.04   data arrival time

                         25.00   25.00   clock clock (rise edge)
                          0.00   25.00   clock network delay (propagated)
                         -0.25   24.75   clock uncertainty
                          0.00   24.75   clock reconvergence pessimism
                         -5.00   19.75   output external delay
                                 19.75   data required time
-----------------------------------------------------------------------------
                                 19.75   data required time
                                 -1.04   data arrival time
-----------------------------------------------------------------------------
                                 18.71   slack (MET)


Startpoint: accumulator._2360_
            (rising edge-triggered flip-flop clocked by clock)
Endpoint: io_accOut[3] (output port clocked by clock)
Path Group: clock
Path Type: max

Fanout     Cap    Slew   Delay    Time   Description
-----------------------------------------------------------------------------
                          0.00    0.00   clock clock (rise edge)
                          0.00    0.00   clock source latency
     1    0.01    0.07    0.05    0.05 ^ clock (in)
                                         clock (net)
                  0.07    0.00    0.05 ^ clkbuf_0_clock/A (sky130_fd_sc_hd__clkbuf_16)
     4    0.03    0.05    0.15    0.21 ^ clkbuf_0_clock/X (sky130_fd_sc_hd__clkbuf_16)
                                         clknet_0_clock (net)
                  0.05    0.00    0.21 ^ clkbuf_2_0__f_clock/A (sky130_fd_sc_hd__clkbuf_16)
    11    0.03    0.05    0.15    0.35 ^ clkbuf_2_0__f_clock/X (sky130_fd_sc_hd__clkbuf_16)
                                         clknet_2_0__leaf_clock (net)
                  0.05    0.00    0.35 ^ accumulator._2360_/CLK (sky130_fd_sc_hd__dfxtp_1)
     4    0.01    0.11    0.37    0.73 ^ accumulator._2360_/Q (sky130_fd_sc_hd__dfxtp_1)
                                         accumulator.io_accOut[3] (net)
                  0.11    0.00    0.73 ^ _03_/A (sky130_fd_sc_hd__buf_1)
     1    0.00    0.04    0.10    0.82 ^ _03_/X (sky130_fd_sc_hd__buf_1)
                                         net48 (net)
                  0.04    0.00    0.82 ^ output48/A (sky130_fd_sc_hd__buf_2)
     1    0.03    0.17    0.20    1.03 ^ output48/X (sky130_fd_sc_hd__buf_2)
                                         io_accOut[3] (net)
                  0.17    0.00    1.03 ^ io_accOut[3] (out)
                                  1.03   data arrival time

                         25.00   25.00   clock clock (rise edge)
                          0.00   25.00   clock network delay (propagated)
                         -0.25   24.75   clock uncertainty
                          0.00   24.75   clock reconvergence pessimism
                         -5.00   19.75   output external delay
                                 19.75   data required time
-----------------------------------------------------------------------------
                                 19.75   data required time
                                 -1.03   data arrival time
-----------------------------------------------------------------------------
                                 18.72   slack (MET)


Startpoint: accumulator._2364_
            (rising edge-triggered flip-flop clocked by clock)
Endpoint: io_accOut[7] (output port clocked by clock)
Path Group: clock
Path Type: max

Fanout     Cap    Slew   Delay    Time   Description
-----------------------------------------------------------------------------
                          0.00    0.00   clock clock (rise edge)
                          0.00    0.00   clock source latency
     1    0.01    0.07    0.05    0.05 ^ clock (in)
                                         clock (net)
                  0.07    0.00    0.05 ^ clkbuf_0_clock/A (sky130_fd_sc_hd__clkbuf_16)
     4    0.03    0.05    0.15    0.21 ^ clkbuf_0_clock/X (sky130_fd_sc_hd__clkbuf_16)
                                         clknet_0_clock (net)
                  0.05    0.00    0.21 ^ clkbuf_2_1__f_clock/A (sky130_fd_sc_hd__clkbuf_16)
     9    0.03    0.05    0.14    0.35 ^ clkbuf_2_1__f_clock/X (sky130_fd_sc_hd__clkbuf_16)
                                         clknet_2_1__leaf_clock (net)
                  0.05    0.00    0.35 ^ accumulator._2364_/CLK (sky130_fd_sc_hd__dfxtp_2)
     6    0.02    0.09    0.37    0.72 ^ accumulator._2364_/Q (sky130_fd_sc_hd__dfxtp_2)
                                         accumulator.io_accOut[7] (net)
                  0.09    0.00    0.72 ^ _07_/A (sky130_fd_sc_hd__clkbuf_1)
     1    0.00    0.04    0.09    0.81 ^ _07_/X (sky130_fd_sc_hd__clkbuf_1)
                                         net52 (net)
                  0.04    0.00    0.81 ^ output52/A (sky130_fd_sc_hd__buf_2)
     1    0.03    0.17    0.21    1.02 ^ output52/X (sky130_fd_sc_hd__buf_2)
                                         io_accOut[7] (net)
                  0.17    0.00    1.02 ^ io_accOut[7] (out)
                                  1.02   data arrival time

                         25.00   25.00   clock clock (rise edge)
                          0.00   25.00   clock network delay (propagated)
                         -0.25   24.75   clock uncertainty
                          0.00   24.75   clock reconvergence pessimism
                         -5.00   19.75   output external delay
                                 19.75   data required time
-----------------------------------------------------------------------------
                                 19.75   data required time
                                 -1.02   data arrival time
-----------------------------------------------------------------------------
                                 18.73   slack (MET)


Startpoint: accumulator._2377_
            (rising edge-triggered flip-flop clocked by clock)
Endpoint: io_accOut[20] (output port clocked by clock)
Path Group: clock
Path Type: max

Fanout     Cap    Slew   Delay    Time   Description
-----------------------------------------------------------------------------
                          0.00    0.00   clock clock (rise edge)
                          0.00    0.00   clock source latency
     1    0.01    0.07    0.05    0.05 ^ clock (in)
                                         clock (net)
                  0.07    0.00    0.05 ^ clkbuf_0_clock/A (sky130_fd_sc_hd__clkbuf_16)
     4    0.03    0.05    0.15    0.21 ^ clkbuf_0_clock/X (sky130_fd_sc_hd__clkbuf_16)
                                         clknet_0_clock (net)
                  0.05    0.00    0.21 ^ clkbuf_2_0__f_clock/A (sky130_fd_sc_hd__clkbuf_16)
    11    0.03    0.05    0.15    0.35 ^ clkbuf_2_0__f_clock/X (sky130_fd_sc_hd__clkbuf_16)
                                         clknet_2_0__leaf_clock (net)
                  0.05    0.00    0.35 ^ accumulator._2377_/CLK (sky130_fd_sc_hd__dfxtp_1)
     4    0.01    0.09    0.36    0.71 ^ accumulator._2377_/Q (sky130_fd_sc_hd__dfxtp_1)
                                         accumulator.io_accOut[20] (net)
                  0.09    0.00    0.71 ^ _20_/A (sky130_fd_sc_hd__buf_1)
     1    0.00    0.04    0.09    0.80 ^ _20_/X (sky130_fd_sc_hd__buf_1)
                                         net35 (net)
                  0.04    0.00    0.80 ^ output35/A (sky130_fd_sc_hd__buf_2)
     1    0.04    0.18    0.21    1.01 ^ output35/X (sky130_fd_sc_hd__buf_2)
                                         io_accOut[20] (net)
                  0.18    0.00    1.01 ^ io_accOut[20] (out)
                                  1.01   data arrival time

                         25.00   25.00   clock clock (rise edge)
                          0.00   25.00   clock network delay (propagated)
                         -0.25   24.75   clock uncertainty
                          0.00   24.75   clock reconvergence pessimism
                         -5.00   19.75   output external delay
                                 19.75   data required time
-----------------------------------------------------------------------------
                                 19.75   data required time
                                 -1.01   data arrival time
-----------------------------------------------------------------------------
                                 18.74   slack (MET)


Startpoint: accumulator._2370_
            (rising edge-triggered flip-flop clocked by clock)
Endpoint: io_accOut[13] (output port clocked by clock)
Path Group: clock
Path Type: max

Fanout     Cap    Slew   Delay    Time   Description
-----------------------------------------------------------------------------
                          0.00    0.00   clock clock (rise edge)
                          0.00    0.00   clock source latency
     1    0.01    0.07    0.05    0.05 ^ clock (in)
                                         clock (net)
                  0.07    0.00    0.05 ^ clkbuf_0_clock/A (sky130_fd_sc_hd__clkbuf_16)
     4    0.03    0.05    0.15    0.21 ^ clkbuf_0_clock/X (sky130_fd_sc_hd__clkbuf_16)
                                         clknet_0_clock (net)
                  0.05    0.00    0.21 ^ clkbuf_2_1__f_clock/A (sky130_fd_sc_hd__clkbuf_16)
     9    0.03    0.05    0.14    0.35 ^ clkbuf_2_1__f_clock/X (sky130_fd_sc_hd__clkbuf_16)
                                         clknet_2_1__leaf_clock (net)
                  0.05    0.00    0.35 ^ accumulator._2370_/CLK (sky130_fd_sc_hd__dfxtp_1)
     4    0.01    0.08    0.35    0.70 ^ accumulator._2370_/Q (sky130_fd_sc_hd__dfxtp_1)
                                         accumulator.io_accOut[13] (net)
                  0.08    0.00    0.70 ^ _13_/A (sky130_fd_sc_hd__buf_1)
     1    0.00    0.03    0.09    0.78 ^ _13_/X (sky130_fd_sc_hd__buf_1)
                                         net27 (net)
                  0.03    0.00    0.78 ^ output27/A (sky130_fd_sc_hd__buf_2)
     1    0.04    0.18    0.21    0.99 ^ output27/X (sky130_fd_sc_hd__buf_2)
                                         io_accOut[13] (net)
                  0.18    0.00    1.00 ^ io_accOut[13] (out)
                                  1.00   data arrival time

                         25.00   25.00   clock clock (rise edge)
                          0.00   25.00   clock network delay (propagated)
                         -0.25   24.75   clock uncertainty
                          0.00   24.75   clock reconvergence pessimism
                         -5.00   19.75   output external delay
                                 19.75   data required time
-----------------------------------------------------------------------------
                                 19.75   data required time
                                 -1.00   data arrival time
-----------------------------------------------------------------------------
                                 18.75   slack (MET)


Startpoint: accumulator._2371_
            (rising edge-triggered flip-flop clocked by clock)
Endpoint: io_accOut[14] (output port clocked by clock)
Path Group: clock
Path Type: max

Fanout     Cap    Slew   Delay    Time   Description
-----------------------------------------------------------------------------
                          0.00    0.00   clock clock (rise edge)
                          0.00    0.00   clock source latency
     1    0.01    0.07    0.05    0.05 ^ clock (in)
                                         clock (net)
                  0.07    0.00    0.05 ^ clkbuf_0_clock/A (sky130_fd_sc_hd__clkbuf_16)
     4    0.03    0.05    0.15    0.21 ^ clkbuf_0_clock/X (sky130_fd_sc_hd__clkbuf_16)
                                         clknet_0_clock (net)
                  0.05    0.00    0.21 ^ clkbuf_2_1__f_clock/A (sky130_fd_sc_hd__clkbuf_16)
     9    0.03    0.05    0.14    0.35 ^ clkbuf_2_1__f_clock/X (sky130_fd_sc_hd__clkbuf_16)
                                         clknet_2_1__leaf_clock (net)
                  0.05    0.00    0.35 ^ accumulator._2371_/CLK (sky130_fd_sc_hd__dfxtp_1)
     4    0.01    0.09    0.35    0.70 ^ accumulator._2371_/Q (sky130_fd_sc_hd__dfxtp_1)
                                         accumulator.io_accOut[14] (net)
                  0.09    0.00    0.70 ^ _14_/A (sky130_fd_sc_hd__buf_1)
     1    0.00    0.04    0.09    0.79 ^ _14_/X (sky130_fd_sc_hd__buf_1)
                                         net28 (net)
                  0.04    0.00    0.79 ^ output28/A (sky130_fd_sc_hd__buf_2)
     1    0.03    0.17    0.20    0.99 ^ output28/X (sky130_fd_sc_hd__buf_2)
                                         io_accOut[14] (net)
                  0.17    0.00    0.99 ^ io_accOut[14] (out)
                                  0.99   data arrival time

                         25.00   25.00   clock clock (rise edge)
                          0.00   25.00   clock network delay (propagated)
                         -0.25   24.75   clock uncertainty
                          0.00   24.75   clock reconvergence pessimism
                         -5.00   19.75   output external delay
                                 19.75   data required time
-----------------------------------------------------------------------------
                                 19.75   data required time
                                 -0.99   data arrival time
-----------------------------------------------------------------------------
                                 18.76   slack (MET)


Startpoint: reset (input port clocked by clock)
Endpoint: accumulator._2356_ (rising edge-triggered flip-flop clocked by clock)
Path Group: clock
Path Type: max

Fanout     Cap    Slew   Delay    Time   Description
-----------------------------------------------------------------------------
                          0.00    0.00   clock clock (rise edge)
                          0.00    0.00   clock network delay (propagated)
                          5.00    5.00 ^ input external delay
     1    0.00    0.02    0.01    5.01 ^ reset (in)
                                         reset (net)
                  0.02    0.00    5.01 ^ input22/A (sky130_fd_sc_hd__buf_1)
     4    0.01    0.16    0.16    5.17 ^ input22/X (sky130_fd_sc_hd__buf_1)
                                         net22 (net)
                  0.16    0.00    5.17 ^ accumulator._1295_/A_N (sky130_fd_sc_hd__and2b_1)
     1    0.00    0.03    0.21    5.38 v accumulator._1295_/X (sky130_fd_sc_hd__and2b_1)
                                         accumulator._0391_ (net)
                  0.03    0.00    5.38 v accumulator._1296_/A (sky130_fd_sc_hd__clkbuf_1)
     1    0.00    0.02    0.08    5.46 v accumulator._1296_/X (sky130_fd_sc_hd__clkbuf_1)
                                         accumulator._0001_ (net)
                  0.02    0.00    5.46 v accumulator._2356_/D (sky130_fd_sc_hd__dfxtp_1)
                                  5.46   data arrival time

                         25.00   25.00   clock clock (rise edge)
                          0.00   25.00   clock source latency
     1    0.01    0.07    0.05   25.05 ^ clock (in)
                                         clock (net)
                  0.07    0.00   25.05 ^ clkbuf_0_clock/A (sky130_fd_sc_hd__clkbuf_16)
     4    0.03    0.05    0.14   25.19 ^ clkbuf_0_clock/X (sky130_fd_sc_hd__clkbuf_16)
                                         clknet_0_clock (net)
                  0.05    0.00   25.19 ^ clkbuf_2_3__f_clock/A (sky130_fd_sc_hd__clkbuf_16)
    10    0.03    0.05    0.13   25.32 ^ clkbuf_2_3__f_clock/X (sky130_fd_sc_hd__clkbuf_16)
                                         clknet_2_3__leaf_clock (net)
                  0.05    0.00   25.32 ^ accumulator._2356_/CLK (sky130_fd_sc_hd__dfxtp_1)
                         -0.25   25.07   clock uncertainty
                          0.00   25.07   clock reconvergence pessimism
                         -0.10   24.97   library setup time
                                 24.97   data required time
-----------------------------------------------------------------------------
                                 24.97   data required time
                                 -5.46   data arrival time
-----------------------------------------------------------------------------
                                 19.51   slack (MET)


Startpoint: reset (input port clocked by clock)
Endpoint: accumulator._2388_ (rising edge-triggered flip-flop clocked by clock)
Path Group: clock
Path Type: max

Fanout     Cap    Slew   Delay    Time   Description
-----------------------------------------------------------------------------
                          0.00    0.00   clock clock (rise edge)
                          0.00    0.00   clock network delay (propagated)
                          5.00    5.00 ^ input external delay
     1    0.00    0.02    0.01    5.01 ^ reset (in)
                                         reset (net)
                  0.02    0.00    5.01 ^ input22/A (sky130_fd_sc_hd__buf_1)
     4    0.01    0.16    0.16    5.17 ^ input22/X (sky130_fd_sc_hd__buf_1)
                                         net22 (net)
                  0.16    0.00    5.17 ^ accumulator._2353_/A (sky130_fd_sc_hd__nor2_1)
     1    0.00    0.05    0.07    5.24 v accumulator._2353_/Y (sky130_fd_sc_hd__nor2_1)
                                         accumulator._0304_ (net)
                  0.05    0.00    5.24 v accumulator._2354_/C1 (sky130_fd_sc_hd__o211a_1)
     1    0.00    0.04    0.11    5.35 v accumulator._2354_/X (sky130_fd_sc_hd__o211a_1)
                                         accumulator._0033_ (net)
                  0.04    0.00    5.35 v accumulator._2388_/D (sky130_fd_sc_hd__dfxtp_1)
                                  5.35   data arrival time

                         25.00   25.00   clock clock (rise edge)
                          0.00   25.00   clock source latency
     1    0.01    0.07    0.05   25.05 ^ clock (in)
                                         clock (net)
                  0.07    0.00   25.05 ^ clkbuf_0_clock/A (sky130_fd_sc_hd__clkbuf_16)
     4    0.03    0.05    0.14   25.19 ^ clkbuf_0_clock/X (sky130_fd_sc_hd__clkbuf_16)
                                         clknet_0_clock (net)
                  0.05    0.00   25.19 ^ clkbuf_2_3__f_clock/A (sky130_fd_sc_hd__clkbuf_16)
    10    0.03    0.05    0.13   25.32 ^ clkbuf_2_3__f_clock/X (sky130_fd_sc_hd__clkbuf_16)
                                         clknet_2_3__leaf_clock (net)
                  0.05    0.00   25.32 ^ accumulator._2388_/CLK (sky130_fd_sc_hd__dfxtp_1)
                         -0.25   25.07   clock uncertainty
                          0.00   25.07   clock reconvergence pessimism
                         -0.10   24.96   library setup time
                                 24.96   data required time
-----------------------------------------------------------------------------
                                 24.96   data required time
                                 -5.35   data arrival time
-----------------------------------------------------------------------------
                                 19.62   slack (MET)



worst slack corner Typical: 2.2399
