
===========================================================================
report_checks -path_delay max (Setup)
============================================================================
======================= Typical Corner ===================================

Startpoint: io_inScaleA[6] (input port clocked by clock)
Endpoint: _3113_ (rising edge-triggered flip-flop clocked by clock)
Path Group: clock
Path Type: max

Fanout     Cap    Slew   Delay    Time   Description
-----------------------------------------------------------------------------
                          0.00    0.00   clock clock (rise edge)
                          0.00    0.00   clock network delay (propagated)
                          2.00    2.00 v input external delay
     1    0.01    0.02    0.01    2.01 v io_inScaleA[6] (in)
                                         io_inScaleA[6] (net)
                  0.02    0.00    2.01 v input15/A (sky130_fd_sc_hd__buf_8)
     4    0.02    0.03    0.12    2.13 v input15/X (sky130_fd_sc_hd__buf_8)
                                         net15 (net)
                  0.03    0.00    2.13 v _1585_/A1 (sky130_fd_sc_hd__o21ai_4)
     5    0.03    0.27    0.26    2.39 ^ _1585_/Y (sky130_fd_sc_hd__o21ai_4)
                                         _0419_ (net)
                  0.27    0.00    2.39 ^ _1595_/B (sky130_fd_sc_hd__xnor2_2)
     1    0.01    0.07    0.12    2.51 v _1595_/Y (sky130_fd_sc_hd__xnor2_2)
                                         _0521_ (net)
                  0.07    0.00    2.51 v _1596_/A (sky130_fd_sc_hd__xnor2_2)
     2    0.01    0.23    0.26    2.77 ^ _1596_/Y (sky130_fd_sc_hd__xnor2_2)
                                         _0530_ (net)
                  0.23    0.00    2.77 ^ _1597_/A (sky130_fd_sc_hd__xnor2_2)
     2    0.01    0.09    0.14    2.91 v _1597_/Y (sky130_fd_sc_hd__xnor2_2)
                                         _0540_ (net)
                  0.09    0.00    2.91 v _1621_/B (sky130_fd_sc_hd__or3_4)
     1    0.00    0.06    0.39    3.30 v _1621_/X (sky130_fd_sc_hd__or3_4)
                                         _0705_ (net)
                  0.06    0.00    3.30 v _1622_/B1_N (sky130_fd_sc_hd__a21bo_4)
     2    0.01    0.05    0.20    3.50 ^ _1622_/X (sky130_fd_sc_hd__a21bo_4)
                                         _0706_ (net)
                  0.05    0.00    3.50 ^ _1626_/B (sky130_fd_sc_hd__xor2_2)
     2    0.01    0.19    0.21    3.71 ^ _1626_/X (sky130_fd_sc_hd__xor2_2)
                                         _0710_ (net)
                  0.19    0.00    3.71 ^ _1627_/A (sky130_fd_sc_hd__xnor2_2)
     2    0.02    0.31    0.21    3.92 ^ _1627_/Y (sky130_fd_sc_hd__xnor2_2)
                                         _0711_ (net)
                  0.31    0.00    3.92 ^ _1628_/A (sky130_fd_sc_hd__xor2_4)
     2    0.02    0.19    0.25    4.16 ^ _1628_/X (sky130_fd_sc_hd__xor2_4)
                                         _0712_ (net)
                  0.19    0.00    4.17 ^ _1633_/A_N (sky130_fd_sc_hd__and2b_1)
     1    0.00    0.03    0.21    4.38 v _1633_/X (sky130_fd_sc_hd__and2b_1)
                                         _0717_ (net)
                  0.03    0.00    4.38 v _1634_/B1 (sky130_fd_sc_hd__a31o_1)
     2    0.01    0.08    0.23    4.61 v _1634_/X (sky130_fd_sc_hd__a31o_1)
                                         _0718_ (net)
                  0.08    0.00    4.61 v _1722_/C (sky130_fd_sc_hd__or3_4)
     2    0.00    0.07    0.35    4.97 v _1722_/X (sky130_fd_sc_hd__or3_4)
                                         _0806_ (net)
                  0.07    0.00    4.97 v _1783_/A (sky130_fd_sc_hd__and3_1)
     1    0.01    0.06    0.19    5.15 v _1783_/X (sky130_fd_sc_hd__and3_1)
                                         _0867_ (net)
                  0.06    0.00    5.15 v _1784_/B (sky130_fd_sc_hd__xnor2_2)
     2    0.01    0.07    0.16    5.31 v _1784_/Y (sky130_fd_sc_hd__xnor2_2)
                                         _0868_ (net)
                  0.07    0.00    5.31 v _1785_/A (sky130_fd_sc_hd__xnor2_1)
     2    0.01    0.24    0.26    5.58 ^ _1785_/Y (sky130_fd_sc_hd__xnor2_1)
                                         _0869_ (net)
                  0.24    0.00    5.58 ^ _1786_/B (sky130_fd_sc_hd__or3_4)
     1    0.00    0.03    0.18    5.76 ^ _1786_/X (sky130_fd_sc_hd__or3_4)
                                         _0870_ (net)
                  0.03    0.00    5.76 ^ _1787_/B1_N (sky130_fd_sc_hd__a21bo_4)
     2    0.01    0.05    0.24    5.99 v _1787_/X (sky130_fd_sc_hd__a21bo_4)
                                         _0871_ (net)
                  0.05    0.00    6.00 v _1789_/A (sky130_fd_sc_hd__xor2_2)
     2    0.01    0.11    0.20    6.20 v _1789_/X (sky130_fd_sc_hd__xor2_2)
                                         _0873_ (net)
                  0.11    0.00    6.20 v _1832_/A2 (sky130_fd_sc_hd__o21bai_4)
     3    0.01    0.14    0.18    6.38 ^ _1832_/Y (sky130_fd_sc_hd__o21bai_4)
                                         _0916_ (net)
                  0.14    0.00    6.38 ^ _1834_/A1 (sky130_fd_sc_hd__a21o_1)
     2    0.01    0.13    0.21    6.59 ^ _1834_/X (sky130_fd_sc_hd__a21o_1)
                                         _0918_ (net)
                  0.13    0.00    6.59 ^ _1836_/A1 (sky130_fd_sc_hd__a21oi_4)
     3    0.02    0.06    0.09    6.68 v _1836_/Y (sky130_fd_sc_hd__a21oi_4)
                                         _0920_ (net)
                  0.06    0.00    6.68 v _1840_/A1 (sky130_fd_sc_hd__o211a_1)
     2    0.01    0.06    0.27    6.95 v _1840_/X (sky130_fd_sc_hd__o211a_1)
                                         _0924_ (net)
                  0.06    0.00    6.95 v _1841_/A2 (sky130_fd_sc_hd__o31a_4)
     4    0.02    0.07    0.39    7.33 v _1841_/X (sky130_fd_sc_hd__o31a_4)
                                         _0925_ (net)
                  0.07    0.00    7.33 v rebuffer28/A (sky130_fd_sc_hd__buf_8)
     1    0.02    0.03    0.14    7.47 v rebuffer28/X (sky130_fd_sc_hd__buf_8)
                                         net83 (net)
                  0.03    0.00    7.48 v _1879_/B (sky130_fd_sc_hd__xnor2_4)
     7    0.02    0.19    0.19    7.67 ^ _1879_/Y (sky130_fd_sc_hd__xnor2_4)
                                         _0963_ (net)
                  0.19    0.00    7.67 ^ _1934_/C (sky130_fd_sc_hd__and4_1)
     2    0.01    0.09    0.25    7.92 ^ _1934_/X (sky130_fd_sc_hd__and4_1)
                                         _1018_ (net)
                  0.09    0.00    7.92 ^ _1935_/A (sky130_fd_sc_hd__buf_6)
     5    0.01    0.04    0.12    8.04 ^ _1935_/X (sky130_fd_sc_hd__buf_6)
                                         _1019_ (net)
                  0.04    0.00    8.04 ^ _1936_/A (sky130_fd_sc_hd__and2_4)
     1    0.01    0.04    0.14    8.18 ^ _1936_/X (sky130_fd_sc_hd__and2_4)
                                         _1020_ (net)
                  0.04    0.00    8.18 ^ _1937_/A (sky130_fd_sc_hd__buf_8)
     7    0.04    0.07    0.13    8.30 ^ _1937_/X (sky130_fd_sc_hd__buf_8)
                                         _1021_ (net)
                  0.07    0.00    8.30 ^ _1942_/B (sky130_fd_sc_hd__xnor2_4)
     2    0.01    0.08    0.08    8.39 v _1942_/Y (sky130_fd_sc_hd__xnor2_4)
                                         _1026_ (net)
                  0.08    0.00    8.39 v _1952_/A1 (sky130_fd_sc_hd__o221a_1)
     2    0.01    0.08    0.32    8.70 v _1952_/X (sky130_fd_sc_hd__o221a_1)
                                         _1036_ (net)
                  0.08    0.00    8.70 v _1955_/A (sky130_fd_sc_hd__nor2b_2)
     2    0.02    0.19    0.21    8.92 ^ _1955_/Y (sky130_fd_sc_hd__nor2b_2)
                                         _1039_ (net)
                  0.19    0.00    8.92 ^ _1958_/A1 (sky130_fd_sc_hd__a31oi_4)
     5    0.01    0.09    0.13    9.04 v _1958_/Y (sky130_fd_sc_hd__a31oi_4)
                                         _1042_ (net)
                  0.09    0.00    9.04 v _1959_/B (sky130_fd_sc_hd__or3_4)
     4    0.02    0.10    0.45    9.49 v _1959_/X (sky130_fd_sc_hd__or3_4)
                                         _1043_ (net)
                  0.10    0.00    9.49 v _1965_/A2 (sky130_fd_sc_hd__a21o_4)
     2    0.02    0.06    0.27    9.77 v _1965_/X (sky130_fd_sc_hd__a21o_4)
                                         _1049_ (net)
                  0.06    0.00    9.77 v _1971_/A2 (sky130_fd_sc_hd__a21o_4)
     2    0.02    0.06    0.25   10.02 v _1971_/X (sky130_fd_sc_hd__a21o_4)
                                         _1055_ (net)
                  0.06    0.00   10.02 v _1977_/A2 (sky130_fd_sc_hd__a21bo_4)
     2    0.02    0.06    0.26   10.28 v _1977_/X (sky130_fd_sc_hd__a21bo_4)
                                         _1061_ (net)
                  0.06    0.00   10.28 v _1986_/A2 (sky130_fd_sc_hd__a21o_4)
     2    0.02    0.05    0.25   10.53 v _1986_/X (sky130_fd_sc_hd__a21o_4)
                                         _1070_ (net)
                  0.05    0.00   10.54 v _1989_/A2 (sky130_fd_sc_hd__a21o_1)
     2    0.02    0.10    0.25   10.79 v _1989_/X (sky130_fd_sc_hd__a21o_1)
                                         _1073_ (net)
                  0.10    0.00   10.79 v _1992_/A2 (sky130_fd_sc_hd__a21oi_4)
     3    0.02    0.19    0.24   11.03 ^ _1992_/Y (sky130_fd_sc_hd__a21oi_4)
                                         _1076_ (net)
                  0.19    0.00   11.03 ^ max_cap1/A (sky130_fd_sc_hd__buf_4)
     3    0.04    0.11    0.22   11.25 ^ max_cap1/X (sky130_fd_sc_hd__buf_4)
                                         net90 (net)
                  0.11    0.00   11.25 ^ _1993_/A (sky130_fd_sc_hd__xnor2_4)
     6    0.04    0.34    0.21   11.46 ^ _1993_/Y (sky130_fd_sc_hd__xnor2_4)
                                         _1077_ (net)
                  0.34    0.00   11.47 ^ _2029_/S (sky130_fd_sc_hd__mux2_4)
     5    0.01    0.06    0.38   11.84 v _2029_/X (sky130_fd_sc_hd__mux2_4)
                                         _1113_ (net)
                  0.06    0.00   11.84 v _2109_/A (sky130_fd_sc_hd__buf_2)
    10    0.03    0.07    0.18   12.02 v _2109_/X (sky130_fd_sc_hd__buf_2)
                                         _1193_ (net)
                  0.07    0.00   12.02 v _2230_/A1 (sky130_fd_sc_hd__a21o_1)
     3    0.01    0.06    0.20   12.22 v _2230_/X (sky130_fd_sc_hd__a21o_1)
                                         _1314_ (net)
                  0.06    0.00   12.22 v _2310_/A3 (sky130_fd_sc_hd__a311o_1)
     1    0.01    0.08    0.41   12.63 v _2310_/X (sky130_fd_sc_hd__a311o_1)
                                         _1394_ (net)
                  0.08    0.00   12.63 v _2315_/A3 (sky130_fd_sc_hd__a31oi_4)
     1    0.01    0.12    0.19   12.82 ^ _2315_/Y (sky130_fd_sc_hd__a31oi_4)
                                         _1399_ (net)
                  0.12    0.00   12.82 ^ _2316_/C1 (sky130_fd_sc_hd__a311o_1)
     3    0.01    0.14    0.20   13.02 ^ _2316_/X (sky130_fd_sc_hd__a311o_1)
                                         _1400_ (net)
                  0.14    0.00   13.02 ^ rebuffer6/A (sky130_fd_sc_hd__clkbuf_1)
     1    0.00    0.05    0.12   13.14 ^ rebuffer6/X (sky130_fd_sc_hd__clkbuf_1)
                                         net61 (net)
                  0.05    0.00   13.14 ^ _2320_/B (sky130_fd_sc_hd__nand3_1)
     2    0.01    0.10    0.12   13.26 v _2320_/Y (sky130_fd_sc_hd__nand3_1)
                                         _1404_ (net)
                  0.10    0.00   13.26 v _2357_/A1 (sky130_fd_sc_hd__a2111o_4)
     4    0.02    0.09    0.52   13.78 v _2357_/X (sky130_fd_sc_hd__a2111o_4)
                                         _1441_ (net)
                  0.09    0.00   13.78 v _2359_/A1 (sky130_fd_sc_hd__a21o_1)
     3    0.01    0.06    0.21   13.99 v _2359_/X (sky130_fd_sc_hd__a21o_1)
                                         _1443_ (net)
                  0.06    0.00   13.99 v _2374_/A1 (sky130_fd_sc_hd__a311o_1)
     3    0.01    0.09    0.32   14.31 v _2374_/X (sky130_fd_sc_hd__a311o_1)
                                         _1459_ (net)
                  0.09    0.00   14.31 v _2391_/A2 (sky130_fd_sc_hd__a2111o_1)
     2    0.01    0.10    0.50   14.81 v _2391_/X (sky130_fd_sc_hd__a2111o_1)
                                         _1478_ (net)
                  0.10    0.00   14.81 v _2400_/A1 (sky130_fd_sc_hd__a41oi_4)
     4    0.02    0.23    0.22   15.03 ^ _2400_/Y (sky130_fd_sc_hd__a41oi_4)
                                         _1488_ (net)
                  0.23    0.00   15.03 ^ _2437_/A1 (sky130_fd_sc_hd__a311oi_2)
     2    0.00    0.10    0.14   15.17 v _2437_/Y (sky130_fd_sc_hd__a311oi_2)
                                         _1527_ (net)
                  0.10    0.00   15.17 v _2461_/A1 (sky130_fd_sc_hd__a2111o_1)
     2    0.00    0.07    0.40   15.57 v _2461_/X (sky130_fd_sc_hd__a2111o_1)
                                         _0047_ (net)
                  0.07    0.00   15.57 v _2489_/A2 (sky130_fd_sc_hd__a21o_1)
     2    0.00    0.04    0.19   15.76 v _2489_/X (sky130_fd_sc_hd__a21o_1)
                                         _0077_ (net)
                  0.04    0.00   15.76 v _2495_/A (sky130_fd_sc_hd__and3_1)
     3    0.01    0.07    0.18   15.94 v _2495_/X (sky130_fd_sc_hd__and3_1)
                                         _0084_ (net)
                  0.07    0.00   15.94 v _2557_/A3 (sky130_fd_sc_hd__o311a_4)
     2    0.01    0.06    0.33   16.27 v _2557_/X (sky130_fd_sc_hd__o311a_4)
                                         _0152_ (net)
                  0.06    0.00   16.27 v _2570_/A3 (sky130_fd_sc_hd__o31a_4)
     3    0.01    0.06    0.31   16.58 v _2570_/X (sky130_fd_sc_hd__o31a_4)
                                         _0167_ (net)
                  0.06    0.00   16.59 v _2774_/S (sky130_fd_sc_hd__mux2_4)
     4    0.01    0.06    0.34   16.92 v _2774_/X (sky130_fd_sc_hd__mux2_4)
                                         _0391_ (net)
                  0.06    0.00   16.92 v _2790_/B2 (sky130_fd_sc_hd__a221o_1)
     1    0.00    0.06    0.34   17.27 v _2790_/X (sky130_fd_sc_hd__a221o_1)
                                         _0409_ (net)
                  0.06    0.00   17.27 v _2791_/A1 (sky130_fd_sc_hd__a21bo_1)
     1    0.00    0.04    0.18   17.45 v _2791_/X (sky130_fd_sc_hd__a21bo_1)
                                         _0410_ (net)
                  0.04    0.00   17.45 v _2792_/A1 (sky130_fd_sc_hd__a21o_1)
     1    0.00    0.04    0.16   17.61 v _2792_/X (sky130_fd_sc_hd__a21o_1)
                                         _0411_ (net)
                  0.04    0.00   17.61 v _2793_/A1 (sky130_fd_sc_hd__a21o_1)
     1    0.00    0.04    0.16   17.77 v _2793_/X (sky130_fd_sc_hd__a21o_1)
                                         _0412_ (net)
                  0.04    0.00   17.77 v _2794_/A1 (sky130_fd_sc_hd__a21o_1)
     1    0.00    0.03    0.15   17.92 v _2794_/X (sky130_fd_sc_hd__a21o_1)
                                         _0413_ (net)
                  0.03    0.00   17.92 v _2796_/A1 (sky130_fd_sc_hd__a21o_1)
     1    0.00    0.04    0.16   18.09 v _2796_/X (sky130_fd_sc_hd__a21o_1)
                                         _0415_ (net)
                  0.04    0.00   18.09 v _2797_/A1 (sky130_fd_sc_hd__a21o_1)
     1    0.00    0.04    0.16   18.25 v _2797_/X (sky130_fd_sc_hd__a21o_1)
                                         _0416_ (net)
                  0.04    0.00   18.25 v _2798_/A1 (sky130_fd_sc_hd__a21o_1)
     1    0.00    0.03    0.15   18.40 v _2798_/X (sky130_fd_sc_hd__a21o_1)
                                         _0417_ (net)
                  0.03    0.00   18.40 v _2800_/A1 (sky130_fd_sc_hd__a21o_1)
     1    0.00    0.04    0.16   18.56 v _2800_/X (sky130_fd_sc_hd__a21o_1)
                                         _0420_ (net)
                  0.04    0.00   18.56 v _2801_/A1 (sky130_fd_sc_hd__a21oi_1)
     1    0.00    0.10    0.11   18.67 ^ _2801_/Y (sky130_fd_sc_hd__a21oi_1)
                                         _0421_ (net)
                  0.10    0.00   18.67 ^ _2802_/A1 (sky130_fd_sc_hd__o21ba_1)
     1    0.00    0.05    0.15   18.82 ^ _2802_/X (sky130_fd_sc_hd__o21ba_1)
                                         _0422_ (net)
                  0.05    0.00   18.82 ^ _2804_/A1 (sky130_fd_sc_hd__o21ai_1)
     1    0.00    0.07    0.07   18.90 v _2804_/Y (sky130_fd_sc_hd__o21ai_1)
                                         _0424_ (net)
                  0.07    0.00   18.90 v _2805_/A1 (sky130_fd_sc_hd__a21o_1)
     4    0.02    0.09    0.23   19.13 v _2805_/X (sky130_fd_sc_hd__a21o_1)
                                         _0425_ (net)
                  0.09    0.00   19.13 v clone11/A (sky130_fd_sc_hd__buf_6)
     5    0.02    0.03    0.16   19.28 v clone11/X (sky130_fd_sc_hd__buf_6)
                                         net66 (net)
                  0.03    0.00   19.28 v _3032_/A4 (sky130_fd_sc_hd__a41o_1)
     2    0.01    0.06    0.27   19.55 v _3032_/X (sky130_fd_sc_hd__a41o_1)
                                         _0649_ (net)
                  0.06    0.00   19.55 v _3044_/A2 (sky130_fd_sc_hd__a21bo_1)
     2    0.01    0.07    0.24   19.79 v _3044_/X (sky130_fd_sc_hd__a21bo_1)
                                         _0661_ (net)
                  0.07    0.00   19.79 v _3056_/A2 (sky130_fd_sc_hd__a21oi_2)
     2    0.01    0.16    0.21   20.00 ^ _3056_/Y (sky130_fd_sc_hd__a21oi_2)
                                         _0673_ (net)
                  0.16    0.00   20.00 ^ _3063_/B1 (sky130_fd_sc_hd__o22ai_2)
     2    0.01    0.08    0.12   20.12 v _3063_/Y (sky130_fd_sc_hd__o22ai_2)
                                         _0680_ (net)
                  0.08    0.00   20.12 v _3067_/A (sky130_fd_sc_hd__or2_1)
     1    0.00    0.05    0.25   20.37 v _3067_/X (sky130_fd_sc_hd__or2_1)
                                         _0684_ (net)
                  0.05    0.00   20.37 v _3068_/B (sky130_fd_sc_hd__and2_4)
     1    0.00    0.03    0.16   20.53 v _3068_/X (sky130_fd_sc_hd__and2_4)
                                         _0685_ (net)
                  0.03    0.00   20.53 v _3070_/A2 (sky130_fd_sc_hd__o211a_1)
     1    0.00    0.04    0.20   20.73 v _3070_/X (sky130_fd_sc_hd__o211a_1)
                                         _0030_ (net)
                  0.04    0.00   20.73 v _3113_/D (sky130_fd_sc_hd__dfxtp_1)
                                 20.73   data arrival time

                         10.00   10.00   clock clock (rise edge)
                          0.00   10.00   clock source latency
     1    0.01    0.04    0.03   10.03 ^ clock (in)
                                         clock (net)
                  0.04    0.00   10.03 ^ clkbuf_0_clock/A (sky130_fd_sc_hd__clkbuf_16)
     4    0.03    0.05    0.13   10.15 ^ clkbuf_0_clock/X (sky130_fd_sc_hd__clkbuf_16)
                                         clknet_0_clock (net)
                  0.05    0.00   10.15 ^ clkbuf_2_2__f_clock/A (sky130_fd_sc_hd__clkbuf_16)
     7    0.02    0.04    0.12   10.28 ^ clkbuf_2_2__f_clock/X (sky130_fd_sc_hd__clkbuf_16)
                                         clknet_2_2__leaf_clock (net)
                  0.04    0.00   10.28 ^ _3113_/CLK (sky130_fd_sc_hd__dfxtp_1)
                         -0.25   10.03   clock uncertainty
                          0.00   10.03   clock reconvergence pessimism
                         -0.11    9.92   library setup time
                                  9.92   data required time
-----------------------------------------------------------------------------
                                  9.92   data required time
                                -20.73   data arrival time
-----------------------------------------------------------------------------
                                -10.81   slack (VIOLATED)


Startpoint: io_inScaleA[6] (input port clocked by clock)
Endpoint: _3090_ (rising edge-triggered flip-flop clocked by clock)
Path Group: clock
Path Type: max

Fanout     Cap    Slew   Delay    Time   Description
-----------------------------------------------------------------------------
                          0.00    0.00   clock clock (rise edge)
                          0.00    0.00   clock network delay (propagated)
                          2.00    2.00 v input external delay
     1    0.01    0.02    0.01    2.01 v io_inScaleA[6] (in)
                                         io_inScaleA[6] (net)
                  0.02    0.00    2.01 v input15/A (sky130_fd_sc_hd__buf_8)
     4    0.02    0.03    0.12    2.13 v input15/X (sky130_fd_sc_hd__buf_8)
                                         net15 (net)
                  0.03    0.00    2.13 v _1585_/A1 (sky130_fd_sc_hd__o21ai_4)
     5    0.03    0.27    0.26    2.39 ^ _1585_/Y (sky130_fd_sc_hd__o21ai_4)
                                         _0419_ (net)
                  0.27    0.00    2.39 ^ _1595_/B (sky130_fd_sc_hd__xnor2_2)
     1    0.01    0.07    0.12    2.51 v _1595_/Y (sky130_fd_sc_hd__xnor2_2)
                                         _0521_ (net)
                  0.07    0.00    2.51 v _1596_/A (sky130_fd_sc_hd__xnor2_2)
     2    0.01    0.23    0.26    2.77 ^ _1596_/Y (sky130_fd_sc_hd__xnor2_2)
                                         _0530_ (net)
                  0.23    0.00    2.77 ^ _1597_/A (sky130_fd_sc_hd__xnor2_2)
     2    0.01    0.09    0.14    2.91 v _1597_/Y (sky130_fd_sc_hd__xnor2_2)
                                         _0540_ (net)
                  0.09    0.00    2.91 v _1621_/B (sky130_fd_sc_hd__or3_4)
     1    0.00    0.06    0.39    3.30 v _1621_/X (sky130_fd_sc_hd__or3_4)
                                         _0705_ (net)
                  0.06    0.00    3.30 v _1622_/B1_N (sky130_fd_sc_hd__a21bo_4)
     2    0.01    0.05    0.20    3.50 ^ _1622_/X (sky130_fd_sc_hd__a21bo_4)
                                         _0706_ (net)
                  0.05    0.00    3.50 ^ _1626_/B (sky130_fd_sc_hd__xor2_2)
     2    0.01    0.19    0.21    3.71 ^ _1626_/X (sky130_fd_sc_hd__xor2_2)
                                         _0710_ (net)
                  0.19    0.00    3.71 ^ _1627_/A (sky130_fd_sc_hd__xnor2_2)
     2    0.02    0.31    0.21    3.92 ^ _1627_/Y (sky130_fd_sc_hd__xnor2_2)
                                         _0711_ (net)
                  0.31    0.00    3.92 ^ _1628_/A (sky130_fd_sc_hd__xor2_4)
     2    0.02    0.19    0.25    4.16 ^ _1628_/X (sky130_fd_sc_hd__xor2_4)
                                         _0712_ (net)
                  0.19    0.00    4.17 ^ _1633_/A_N (sky130_fd_sc_hd__and2b_1)
     1    0.00    0.03    0.21    4.38 v _1633_/X (sky130_fd_sc_hd__and2b_1)
                                         _0717_ (net)
                  0.03    0.00    4.38 v _1634_/B1 (sky130_fd_sc_hd__a31o_1)
     2    0.01    0.08    0.23    4.61 v _1634_/X (sky130_fd_sc_hd__a31o_1)
                                         _0718_ (net)
                  0.08    0.00    4.61 v _1722_/C (sky130_fd_sc_hd__or3_4)
     2    0.00    0.07    0.35    4.97 v _1722_/X (sky130_fd_sc_hd__or3_4)
                                         _0806_ (net)
                  0.07    0.00    4.97 v _1783_/A (sky130_fd_sc_hd__and3_1)
     1    0.01    0.06    0.19    5.15 v _1783_/X (sky130_fd_sc_hd__and3_1)
                                         _0867_ (net)
                  0.06    0.00    5.15 v _1784_/B (sky130_fd_sc_hd__xnor2_2)
     2    0.01    0.07    0.16    5.31 v _1784_/Y (sky130_fd_sc_hd__xnor2_2)
                                         _0868_ (net)
                  0.07    0.00    5.31 v _1785_/A (sky130_fd_sc_hd__xnor2_1)
     2    0.01    0.24    0.26    5.58 ^ _1785_/Y (sky130_fd_sc_hd__xnor2_1)
                                         _0869_ (net)
                  0.24    0.00    5.58 ^ _1786_/B (sky130_fd_sc_hd__or3_4)
     1    0.00    0.03    0.18    5.76 ^ _1786_/X (sky130_fd_sc_hd__or3_4)
                                         _0870_ (net)
                  0.03    0.00    5.76 ^ _1787_/B1_N (sky130_fd_sc_hd__a21bo_4)
     2    0.01    0.05    0.24    5.99 v _1787_/X (sky130_fd_sc_hd__a21bo_4)
                                         _0871_ (net)
                  0.05    0.00    6.00 v _1789_/A (sky130_fd_sc_hd__xor2_2)
     2    0.01    0.11    0.20    6.20 v _1789_/X (sky130_fd_sc_hd__xor2_2)
                                         _0873_ (net)
                  0.11    0.00    6.20 v _1832_/A2 (sky130_fd_sc_hd__o21bai_4)
     3    0.01    0.14    0.18    6.38 ^ _1832_/Y (sky130_fd_sc_hd__o21bai_4)
                                         _0916_ (net)
                  0.14    0.00    6.38 ^ _1834_/A1 (sky130_fd_sc_hd__a21o_1)
     2    0.01    0.13    0.21    6.59 ^ _1834_/X (sky130_fd_sc_hd__a21o_1)
                                         _0918_ (net)
                  0.13    0.00    6.59 ^ _1836_/A1 (sky130_fd_sc_hd__a21oi_4)
     3    0.02    0.06    0.09    6.68 v _1836_/Y (sky130_fd_sc_hd__a21oi_4)
                                         _0920_ (net)
                  0.06    0.00    6.68 v _1840_/A1 (sky130_fd_sc_hd__o211a_1)
     2    0.01    0.06    0.27    6.95 v _1840_/X (sky130_fd_sc_hd__o211a_1)
                                         _0924_ (net)
                  0.06    0.00    6.95 v _1841_/A2 (sky130_fd_sc_hd__o31a_4)
     4    0.02    0.07    0.39    7.33 v _1841_/X (sky130_fd_sc_hd__o31a_4)
                                         _0925_ (net)
                  0.07    0.00    7.33 v rebuffer28/A (sky130_fd_sc_hd__buf_8)
     1    0.02    0.03    0.14    7.47 v rebuffer28/X (sky130_fd_sc_hd__buf_8)
                                         net83 (net)
                  0.03    0.00    7.48 v _1879_/B (sky130_fd_sc_hd__xnor2_4)
     7    0.02    0.19    0.19    7.67 ^ _1879_/Y (sky130_fd_sc_hd__xnor2_4)
                                         _0963_ (net)
                  0.19    0.00    7.67 ^ _1934_/C (sky130_fd_sc_hd__and4_1)
     2    0.01    0.09    0.25    7.92 ^ _1934_/X (sky130_fd_sc_hd__and4_1)
                                         _1018_ (net)
                  0.09    0.00    7.92 ^ _1935_/A (sky130_fd_sc_hd__buf_6)
     5    0.01    0.04    0.12    8.04 ^ _1935_/X (sky130_fd_sc_hd__buf_6)
                                         _1019_ (net)
                  0.04    0.00    8.04 ^ _1936_/A (sky130_fd_sc_hd__and2_4)
     1    0.01    0.04    0.14    8.18 ^ _1936_/X (sky130_fd_sc_hd__and2_4)
                                         _1020_ (net)
                  0.04    0.00    8.18 ^ _1937_/A (sky130_fd_sc_hd__buf_8)
     7    0.04    0.07    0.13    8.30 ^ _1937_/X (sky130_fd_sc_hd__buf_8)
                                         _1021_ (net)
                  0.07    0.00    8.30 ^ _1942_/B (sky130_fd_sc_hd__xnor2_4)
     2    0.01    0.08    0.08    8.39 v _1942_/Y (sky130_fd_sc_hd__xnor2_4)
                                         _1026_ (net)
                  0.08    0.00    8.39 v _1952_/A1 (sky130_fd_sc_hd__o221a_1)
     2    0.01    0.08    0.32    8.70 v _1952_/X (sky130_fd_sc_hd__o221a_1)
                                         _1036_ (net)
                  0.08    0.00    8.70 v _1955_/A (sky130_fd_sc_hd__nor2b_2)
     2    0.02    0.19    0.21    8.92 ^ _1955_/Y (sky130_fd_sc_hd__nor2b_2)
                                         _1039_ (net)
                  0.19    0.00    8.92 ^ _1958_/A1 (sky130_fd_sc_hd__a31oi_4)
     5    0.01    0.09    0.13    9.04 v _1958_/Y (sky130_fd_sc_hd__a31oi_4)
                                         _1042_ (net)
                  0.09    0.00    9.04 v _1959_/B (sky130_fd_sc_hd__or3_4)
     4    0.02    0.10    0.45    9.49 v _1959_/X (sky130_fd_sc_hd__or3_4)
                                         _1043_ (net)
                  0.10    0.00    9.49 v _1965_/A2 (sky130_fd_sc_hd__a21o_4)
     2    0.02    0.06    0.27    9.77 v _1965_/X (sky130_fd_sc_hd__a21o_4)
                                         _1049_ (net)
                  0.06    0.00    9.77 v _1971_/A2 (sky130_fd_sc_hd__a21o_4)
     2    0.02    0.06    0.25   10.02 v _1971_/X (sky130_fd_sc_hd__a21o_4)
                                         _1055_ (net)
                  0.06    0.00   10.02 v _1977_/A2 (sky130_fd_sc_hd__a21bo_4)
     2    0.02    0.06    0.26   10.28 v _1977_/X (sky130_fd_sc_hd__a21bo_4)
                                         _1061_ (net)
                  0.06    0.00   10.28 v _1986_/A2 (sky130_fd_sc_hd__a21o_4)
     2    0.02    0.05    0.25   10.53 v _1986_/X (sky130_fd_sc_hd__a21o_4)
                                         _1070_ (net)
                  0.05    0.00   10.54 v _1989_/A2 (sky130_fd_sc_hd__a21o_1)
     2    0.02    0.10    0.25   10.79 v _1989_/X (sky130_fd_sc_hd__a21o_1)
                                         _1073_ (net)
                  0.10    0.00   10.79 v _1992_/A2 (sky130_fd_sc_hd__a21oi_4)
     3    0.02    0.19    0.24   11.03 ^ _1992_/Y (sky130_fd_sc_hd__a21oi_4)
                                         _1076_ (net)
                  0.19    0.00   11.03 ^ max_cap1/A (sky130_fd_sc_hd__buf_4)
     3    0.04    0.11    0.22   11.25 ^ max_cap1/X (sky130_fd_sc_hd__buf_4)
                                         net90 (net)
                  0.11    0.00   11.25 ^ _1993_/A (sky130_fd_sc_hd__xnor2_4)
     6    0.04    0.34    0.21   11.46 ^ _1993_/Y (sky130_fd_sc_hd__xnor2_4)
                                         _1077_ (net)
                  0.34    0.00   11.47 ^ _2029_/S (sky130_fd_sc_hd__mux2_4)
     5    0.01    0.06    0.38   11.84 v _2029_/X (sky130_fd_sc_hd__mux2_4)
                                         _1113_ (net)
                  0.06    0.00   11.84 v _2109_/A (sky130_fd_sc_hd__buf_2)
    10    0.03    0.07    0.18   12.02 v _2109_/X (sky130_fd_sc_hd__buf_2)
                                         _1193_ (net)
                  0.07    0.00   12.02 v _2230_/A1 (sky130_fd_sc_hd__a21o_1)
     3    0.01    0.06    0.20   12.22 v _2230_/X (sky130_fd_sc_hd__a21o_1)
                                         _1314_ (net)
                  0.06    0.00   12.22 v _2310_/A3 (sky130_fd_sc_hd__a311o_1)
     1    0.01    0.08    0.41   12.63 v _2310_/X (sky130_fd_sc_hd__a311o_1)
                                         _1394_ (net)
                  0.08    0.00   12.63 v _2315_/A3 (sky130_fd_sc_hd__a31oi_4)
     1    0.01    0.12    0.19   12.82 ^ _2315_/Y (sky130_fd_sc_hd__a31oi_4)
                                         _1399_ (net)
                  0.12    0.00   12.82 ^ _2316_/C1 (sky130_fd_sc_hd__a311o_1)
     3    0.01    0.14    0.20   13.02 ^ _2316_/X (sky130_fd_sc_hd__a311o_1)
                                         _1400_ (net)
                  0.14    0.00   13.02 ^ rebuffer6/A (sky130_fd_sc_hd__clkbuf_1)
     1    0.00    0.05    0.12   13.14 ^ rebuffer6/X (sky130_fd_sc_hd__clkbuf_1)
                                         net61 (net)
                  0.05    0.00   13.14 ^ _2320_/B (sky130_fd_sc_hd__nand3_1)
     2    0.01    0.10    0.12   13.26 v _2320_/Y (sky130_fd_sc_hd__nand3_1)
                                         _1404_ (net)
                  0.10    0.00   13.26 v _2357_/A1 (sky130_fd_sc_hd__a2111o_4)
     4    0.02    0.09    0.52   13.78 v _2357_/X (sky130_fd_sc_hd__a2111o_4)
                                         _1441_ (net)
                  0.09    0.00   13.78 v _2359_/A1 (sky130_fd_sc_hd__a21o_1)
     3    0.01    0.06    0.21   13.99 v _2359_/X (sky130_fd_sc_hd__a21o_1)
                                         _1443_ (net)
                  0.06    0.00   13.99 v _2374_/A1 (sky130_fd_sc_hd__a311o_1)
     3    0.01    0.09    0.32   14.31 v _2374_/X (sky130_fd_sc_hd__a311o_1)
                                         _1459_ (net)
                  0.09    0.00   14.31 v _2391_/A2 (sky130_fd_sc_hd__a2111o_1)
     2    0.01    0.10    0.50   14.81 v _2391_/X (sky130_fd_sc_hd__a2111o_1)
                                         _1478_ (net)
                  0.10    0.00   14.81 v _2400_/A1 (sky130_fd_sc_hd__a41oi_4)
     4    0.02    0.23    0.22   15.03 ^ _2400_/Y (sky130_fd_sc_hd__a41oi_4)
                                         _1488_ (net)
                  0.23    0.00   15.03 ^ _2437_/A1 (sky130_fd_sc_hd__a311oi_2)
     2    0.00    0.10    0.14   15.17 v _2437_/Y (sky130_fd_sc_hd__a311oi_2)
                                         _1527_ (net)
                  0.10    0.00   15.17 v _2461_/A1 (sky130_fd_sc_hd__a2111o_1)
     2    0.00    0.07    0.40   15.57 v _2461_/X (sky130_fd_sc_hd__a2111o_1)
                                         _0047_ (net)
                  0.07    0.00   15.57 v _2489_/A2 (sky130_fd_sc_hd__a21o_1)
     2    0.00    0.04    0.19   15.76 v _2489_/X (sky130_fd_sc_hd__a21o_1)
                                         _0077_ (net)
                  0.04    0.00   15.76 v _2495_/A (sky130_fd_sc_hd__and3_1)
     3    0.01    0.07    0.18   15.94 v _2495_/X (sky130_fd_sc_hd__and3_1)
                                         _0084_ (net)
                  0.07    0.00   15.94 v _2557_/A3 (sky130_fd_sc_hd__o311a_4)
     2    0.01    0.06    0.33   16.27 v _2557_/X (sky130_fd_sc_hd__o311a_4)
                                         _0152_ (net)
                  0.06    0.00   16.27 v _2570_/A3 (sky130_fd_sc_hd__o31a_4)
     3    0.01    0.06    0.31   16.58 v _2570_/X (sky130_fd_sc_hd__o31a_4)
                                         _0167_ (net)
                  0.06    0.00   16.59 v _2774_/S (sky130_fd_sc_hd__mux2_4)
     4    0.01    0.06    0.34   16.92 v _2774_/X (sky130_fd_sc_hd__mux2_4)
                                         _0391_ (net)
                  0.06    0.00   16.92 v _2790_/B2 (sky130_fd_sc_hd__a221o_1)
     1    0.00    0.06    0.34   17.27 v _2790_/X (sky130_fd_sc_hd__a221o_1)
                                         _0409_ (net)
                  0.06    0.00   17.27 v _2791_/A1 (sky130_fd_sc_hd__a21bo_1)
     1    0.00    0.04    0.18   17.45 v _2791_/X (sky130_fd_sc_hd__a21bo_1)
                                         _0410_ (net)
                  0.04    0.00   17.45 v _2792_/A1 (sky130_fd_sc_hd__a21o_1)
     1    0.00    0.04    0.16   17.61 v _2792_/X (sky130_fd_sc_hd__a21o_1)
                                         _0411_ (net)
                  0.04    0.00   17.61 v _2793_/A1 (sky130_fd_sc_hd__a21o_1)
     1    0.00    0.04    0.16   17.77 v _2793_/X (sky130_fd_sc_hd__a21o_1)
                                         _0412_ (net)
                  0.04    0.00   17.77 v _2794_/A1 (sky130_fd_sc_hd__a21o_1)
     1    0.00    0.03    0.15   17.92 v _2794_/X (sky130_fd_sc_hd__a21o_1)
                                         _0413_ (net)
                  0.03    0.00   17.92 v _2796_/A1 (sky130_fd_sc_hd__a21o_1)
     1    0.00    0.04    0.16   18.09 v _2796_/X (sky130_fd_sc_hd__a21o_1)
                                         _0415_ (net)
                  0.04    0.00   18.09 v _2797_/A1 (sky130_fd_sc_hd__a21o_1)
     1    0.00    0.04    0.16   18.25 v _2797_/X (sky130_fd_sc_hd__a21o_1)
                                         _0416_ (net)
                  0.04    0.00   18.25 v _2798_/A1 (sky130_fd_sc_hd__a21o_1)
     1    0.00    0.03    0.15   18.40 v _2798_/X (sky130_fd_sc_hd__a21o_1)
                                         _0417_ (net)
                  0.03    0.00   18.40 v _2800_/A1 (sky130_fd_sc_hd__a21o_1)
     1    0.00    0.04    0.16   18.56 v _2800_/X (sky130_fd_sc_hd__a21o_1)
                                         _0420_ (net)
                  0.04    0.00   18.56 v _2801_/A1 (sky130_fd_sc_hd__a21oi_1)
     1    0.00    0.10    0.11   18.67 ^ _2801_/Y (sky130_fd_sc_hd__a21oi_1)
                                         _0421_ (net)
                  0.10    0.00   18.67 ^ _2802_/A1 (sky130_fd_sc_hd__o21ba_1)
     1    0.00    0.05    0.15   18.82 ^ _2802_/X (sky130_fd_sc_hd__o21ba_1)
                                         _0422_ (net)
                  0.05    0.00   18.82 ^ _2804_/A1 (sky130_fd_sc_hd__o21ai_1)
     1    0.00    0.07    0.07   18.90 v _2804_/Y (sky130_fd_sc_hd__o21ai_1)
                                         _0424_ (net)
                  0.07    0.00   18.90 v _2805_/A1 (sky130_fd_sc_hd__a21o_1)
     4    0.02    0.09    0.23   19.13 v _2805_/X (sky130_fd_sc_hd__a21o_1)
                                         _0425_ (net)
                  0.09    0.00   19.13 v _2809_/A (sky130_fd_sc_hd__buf_6)
     5    0.03    0.04    0.16   19.29 v _2809_/X (sky130_fd_sc_hd__buf_6)
                                         _0429_ (net)
                  0.04    0.00   19.29 v _2810_/S (sky130_fd_sc_hd__mux2_4)
     2    0.00    0.05    0.31   19.60 v _2810_/X (sky130_fd_sc_hd__mux2_4)
                                         _0431_ (net)
                  0.05    0.00   19.60 v _2833_/A0 (sky130_fd_sc_hd__mux2_4)
     2    0.00    0.05    0.28   19.88 v _2833_/X (sky130_fd_sc_hd__mux2_4)
                                         _0454_ (net)
                  0.05    0.00   19.88 v _2876_/A0 (sky130_fd_sc_hd__mux2_4)
     2    0.01    0.05    0.29   20.16 v _2876_/X (sky130_fd_sc_hd__mux2_4)
                                         _0497_ (net)
                  0.05    0.00   20.16 v _2877_/A1 (sky130_fd_sc_hd__mux2_4)
     2    0.00    0.05    0.27   20.43 v _2877_/X (sky130_fd_sc_hd__mux2_4)
                                         _0498_ (net)
                  0.05    0.00   20.43 v _2878_/B2 (sky130_fd_sc_hd__o2bb2a_2)
     1    0.00    0.04    0.25   20.69 v _2878_/X (sky130_fd_sc_hd__o2bb2a_2)
                                         _0499_ (net)
                  0.04    0.00   20.69 v _2879_/B (sky130_fd_sc_hd__nor2_1)
     1    0.00    0.09    0.09   20.78 ^ _2879_/Y (sky130_fd_sc_hd__nor2_1)
                                         _0007_ (net)
                  0.09    0.00   20.78 ^ _3090_/D (sky130_fd_sc_hd__dfxtp_1)
                                 20.78   data arrival time

                         10.00   10.00   clock clock (rise edge)
                          0.00   10.00   clock source latency
     1    0.01    0.04    0.03   10.03 ^ clock (in)
                                         clock (net)
                  0.04    0.00   10.03 ^ clkbuf_0_clock/A (sky130_fd_sc_hd__clkbuf_16)
     4    0.03    0.05    0.13   10.15 ^ clkbuf_0_clock/X (sky130_fd_sc_hd__clkbuf_16)
                                         clknet_0_clock (net)
                  0.05    0.00   10.15 ^ clkbuf_2_3__f_clock/A (sky130_fd_sc_hd__clkbuf_16)
    10    0.03    0.05    0.13   10.28 ^ clkbuf_2_3__f_clock/X (sky130_fd_sc_hd__clkbuf_16)
                                         clknet_2_3__leaf_clock (net)
                  0.05    0.00   10.28 ^ _3090_/CLK (sky130_fd_sc_hd__dfxtp_1)
                         -0.25   10.03   clock uncertainty
                          0.00   10.03   clock reconvergence pessimism
                         -0.06    9.97   library setup time
                                  9.97   data required time
-----------------------------------------------------------------------------
                                  9.97   data required time
                                -20.78   data arrival time
-----------------------------------------------------------------------------
                                -10.81   slack (VIOLATED)


Startpoint: io_inScaleA[6] (input port clocked by clock)
Endpoint: _3089_ (rising edge-triggered flip-flop clocked by clock)
Path Group: clock
Path Type: max

Fanout     Cap    Slew   Delay    Time   Description
-----------------------------------------------------------------------------
                          0.00    0.00   clock clock (rise edge)
                          0.00    0.00   clock network delay (propagated)
                          2.00    2.00 v input external delay
     1    0.01    0.02    0.01    2.01 v io_inScaleA[6] (in)
                                         io_inScaleA[6] (net)
                  0.02    0.00    2.01 v input15/A (sky130_fd_sc_hd__buf_8)
     4    0.02    0.03    0.12    2.13 v input15/X (sky130_fd_sc_hd__buf_8)
                                         net15 (net)
                  0.03    0.00    2.13 v _1585_/A1 (sky130_fd_sc_hd__o21ai_4)
     5    0.03    0.27    0.26    2.39 ^ _1585_/Y (sky130_fd_sc_hd__o21ai_4)
                                         _0419_ (net)
                  0.27    0.00    2.39 ^ _1595_/B (sky130_fd_sc_hd__xnor2_2)
     1    0.01    0.07    0.12    2.51 v _1595_/Y (sky130_fd_sc_hd__xnor2_2)
                                         _0521_ (net)
                  0.07    0.00    2.51 v _1596_/A (sky130_fd_sc_hd__xnor2_2)
     2    0.01    0.23    0.26    2.77 ^ _1596_/Y (sky130_fd_sc_hd__xnor2_2)
                                         _0530_ (net)
                  0.23    0.00    2.77 ^ _1597_/A (sky130_fd_sc_hd__xnor2_2)
     2    0.01    0.09    0.14    2.91 v _1597_/Y (sky130_fd_sc_hd__xnor2_2)
                                         _0540_ (net)
                  0.09    0.00    2.91 v _1621_/B (sky130_fd_sc_hd__or3_4)
     1    0.00    0.06    0.39    3.30 v _1621_/X (sky130_fd_sc_hd__or3_4)
                                         _0705_ (net)
                  0.06    0.00    3.30 v _1622_/B1_N (sky130_fd_sc_hd__a21bo_4)
     2    0.01    0.05    0.20    3.50 ^ _1622_/X (sky130_fd_sc_hd__a21bo_4)
                                         _0706_ (net)
                  0.05    0.00    3.50 ^ _1626_/B (sky130_fd_sc_hd__xor2_2)
     2    0.01    0.19    0.21    3.71 ^ _1626_/X (sky130_fd_sc_hd__xor2_2)
                                         _0710_ (net)
                  0.19    0.00    3.71 ^ _1627_/A (sky130_fd_sc_hd__xnor2_2)
     2    0.02    0.31    0.21    3.92 ^ _1627_/Y (sky130_fd_sc_hd__xnor2_2)
                                         _0711_ (net)
                  0.31    0.00    3.92 ^ _1628_/A (sky130_fd_sc_hd__xor2_4)
     2    0.02    0.19    0.25    4.16 ^ _1628_/X (sky130_fd_sc_hd__xor2_4)
                                         _0712_ (net)
                  0.19    0.00    4.17 ^ _1633_/A_N (sky130_fd_sc_hd__and2b_1)
     1    0.00    0.03    0.21    4.38 v _1633_/X (sky130_fd_sc_hd__and2b_1)
                                         _0717_ (net)
                  0.03    0.00    4.38 v _1634_/B1 (sky130_fd_sc_hd__a31o_1)
     2    0.01    0.08    0.23    4.61 v _1634_/X (sky130_fd_sc_hd__a31o_1)
                                         _0718_ (net)
                  0.08    0.00    4.61 v _1722_/C (sky130_fd_sc_hd__or3_4)
     2    0.00    0.07    0.35    4.97 v _1722_/X (sky130_fd_sc_hd__or3_4)
                                         _0806_ (net)
                  0.07    0.00    4.97 v _1783_/A (sky130_fd_sc_hd__and3_1)
     1    0.01    0.06    0.19    5.15 v _1783_/X (sky130_fd_sc_hd__and3_1)
                                         _0867_ (net)
                  0.06    0.00    5.15 v _1784_/B (sky130_fd_sc_hd__xnor2_2)
     2    0.01    0.07    0.16    5.31 v _1784_/Y (sky130_fd_sc_hd__xnor2_2)
                                         _0868_ (net)
                  0.07    0.00    5.31 v _1785_/A (sky130_fd_sc_hd__xnor2_1)
     2    0.01    0.24    0.26    5.58 ^ _1785_/Y (sky130_fd_sc_hd__xnor2_1)
                                         _0869_ (net)
                  0.24    0.00    5.58 ^ _1786_/B (sky130_fd_sc_hd__or3_4)
     1    0.00    0.03    0.18    5.76 ^ _1786_/X (sky130_fd_sc_hd__or3_4)
                                         _0870_ (net)
                  0.03    0.00    5.76 ^ _1787_/B1_N (sky130_fd_sc_hd__a21bo_4)
     2    0.01    0.05    0.24    5.99 v _1787_/X (sky130_fd_sc_hd__a21bo_4)
                                         _0871_ (net)
                  0.05    0.00    6.00 v _1789_/A (sky130_fd_sc_hd__xor2_2)
     2    0.01    0.11    0.20    6.20 v _1789_/X (sky130_fd_sc_hd__xor2_2)
                                         _0873_ (net)
                  0.11    0.00    6.20 v _1832_/A2 (sky130_fd_sc_hd__o21bai_4)
     3    0.01    0.14    0.18    6.38 ^ _1832_/Y (sky130_fd_sc_hd__o21bai_4)
                                         _0916_ (net)
                  0.14    0.00    6.38 ^ _1834_/A1 (sky130_fd_sc_hd__a21o_1)
     2    0.01    0.13    0.21    6.59 ^ _1834_/X (sky130_fd_sc_hd__a21o_1)
                                         _0918_ (net)
                  0.13    0.00    6.59 ^ _1836_/A1 (sky130_fd_sc_hd__a21oi_4)
     3    0.02    0.06    0.09    6.68 v _1836_/Y (sky130_fd_sc_hd__a21oi_4)
                                         _0920_ (net)
                  0.06    0.00    6.68 v _1840_/A1 (sky130_fd_sc_hd__o211a_1)
     2    0.01    0.06    0.27    6.95 v _1840_/X (sky130_fd_sc_hd__o211a_1)
                                         _0924_ (net)
                  0.06    0.00    6.95 v _1841_/A2 (sky130_fd_sc_hd__o31a_4)
     4    0.02    0.07    0.39    7.33 v _1841_/X (sky130_fd_sc_hd__o31a_4)
                                         _0925_ (net)
                  0.07    0.00    7.33 v rebuffer28/A (sky130_fd_sc_hd__buf_8)
     1    0.02    0.03    0.14    7.47 v rebuffer28/X (sky130_fd_sc_hd__buf_8)
                                         net83 (net)
                  0.03    0.00    7.48 v _1879_/B (sky130_fd_sc_hd__xnor2_4)
     7    0.02    0.19    0.19    7.67 ^ _1879_/Y (sky130_fd_sc_hd__xnor2_4)
                                         _0963_ (net)
                  0.19    0.00    7.67 ^ _1934_/C (sky130_fd_sc_hd__and4_1)
     2    0.01    0.09    0.25    7.92 ^ _1934_/X (sky130_fd_sc_hd__and4_1)
                                         _1018_ (net)
                  0.09    0.00    7.92 ^ _1935_/A (sky130_fd_sc_hd__buf_6)
     5    0.01    0.04    0.12    8.04 ^ _1935_/X (sky130_fd_sc_hd__buf_6)
                                         _1019_ (net)
                  0.04    0.00    8.04 ^ _1936_/A (sky130_fd_sc_hd__and2_4)
     1    0.01    0.04    0.14    8.18 ^ _1936_/X (sky130_fd_sc_hd__and2_4)
                                         _1020_ (net)
                  0.04    0.00    8.18 ^ _1937_/A (sky130_fd_sc_hd__buf_8)
     7    0.04    0.07    0.13    8.30 ^ _1937_/X (sky130_fd_sc_hd__buf_8)
                                         _1021_ (net)
                  0.07    0.00    8.30 ^ _1942_/B (sky130_fd_sc_hd__xnor2_4)
     2    0.01    0.08    0.08    8.39 v _1942_/Y (sky130_fd_sc_hd__xnor2_4)
                                         _1026_ (net)
                  0.08    0.00    8.39 v _1952_/A1 (sky130_fd_sc_hd__o221a_1)
     2    0.01    0.08    0.32    8.70 v _1952_/X (sky130_fd_sc_hd__o221a_1)
                                         _1036_ (net)
                  0.08    0.00    8.70 v _1955_/A (sky130_fd_sc_hd__nor2b_2)
     2    0.02    0.19    0.21    8.92 ^ _1955_/Y (sky130_fd_sc_hd__nor2b_2)
                                         _1039_ (net)
                  0.19    0.00    8.92 ^ _1958_/A1 (sky130_fd_sc_hd__a31oi_4)
     5    0.01    0.09    0.13    9.04 v _1958_/Y (sky130_fd_sc_hd__a31oi_4)
                                         _1042_ (net)
                  0.09    0.00    9.04 v _1959_/B (sky130_fd_sc_hd__or3_4)
     4    0.02    0.10    0.45    9.49 v _1959_/X (sky130_fd_sc_hd__or3_4)
                                         _1043_ (net)
                  0.10    0.00    9.49 v _1965_/A2 (sky130_fd_sc_hd__a21o_4)
     2    0.02    0.06    0.27    9.77 v _1965_/X (sky130_fd_sc_hd__a21o_4)
                                         _1049_ (net)
                  0.06    0.00    9.77 v _1971_/A2 (sky130_fd_sc_hd__a21o_4)
     2    0.02    0.06    0.25   10.02 v _1971_/X (sky130_fd_sc_hd__a21o_4)
                                         _1055_ (net)
                  0.06    0.00   10.02 v _1977_/A2 (sky130_fd_sc_hd__a21bo_4)
     2    0.02    0.06    0.26   10.28 v _1977_/X (sky130_fd_sc_hd__a21bo_4)
                                         _1061_ (net)
                  0.06    0.00   10.28 v _1986_/A2 (sky130_fd_sc_hd__a21o_4)
     2    0.02    0.05    0.25   10.53 v _1986_/X (sky130_fd_sc_hd__a21o_4)
                                         _1070_ (net)
                  0.05    0.00   10.54 v _1989_/A2 (sky130_fd_sc_hd__a21o_1)
     2    0.02    0.10    0.25   10.79 v _1989_/X (sky130_fd_sc_hd__a21o_1)
                                         _1073_ (net)
                  0.10    0.00   10.79 v _1992_/A2 (sky130_fd_sc_hd__a21oi_4)
     3    0.02    0.19    0.24   11.03 ^ _1992_/Y (sky130_fd_sc_hd__a21oi_4)
                                         _1076_ (net)
                  0.19    0.00   11.03 ^ max_cap1/A (sky130_fd_sc_hd__buf_4)
     3    0.04    0.11    0.22   11.25 ^ max_cap1/X (sky130_fd_sc_hd__buf_4)
                                         net90 (net)
                  0.11    0.00   11.25 ^ _1993_/A (sky130_fd_sc_hd__xnor2_4)
     6    0.04    0.34    0.21   11.46 ^ _1993_/Y (sky130_fd_sc_hd__xnor2_4)
                                         _1077_ (net)
                  0.34    0.00   11.47 ^ _2029_/S (sky130_fd_sc_hd__mux2_4)
     5    0.01    0.06    0.38   11.84 v _2029_/X (sky130_fd_sc_hd__mux2_4)
                                         _1113_ (net)
                  0.06    0.00   11.84 v _2109_/A (sky130_fd_sc_hd__buf_2)
    10    0.03    0.07    0.18   12.02 v _2109_/X (sky130_fd_sc_hd__buf_2)
                                         _1193_ (net)
                  0.07    0.00   12.02 v _2230_/A1 (sky130_fd_sc_hd__a21o_1)
     3    0.01    0.06    0.20   12.22 v _2230_/X (sky130_fd_sc_hd__a21o_1)
                                         _1314_ (net)
                  0.06    0.00   12.22 v _2310_/A3 (sky130_fd_sc_hd__a311o_1)
     1    0.01    0.08    0.41   12.63 v _2310_/X (sky130_fd_sc_hd__a311o_1)
                                         _1394_ (net)
                  0.08    0.00   12.63 v _2315_/A3 (sky130_fd_sc_hd__a31oi_4)
     1    0.01    0.12    0.19   12.82 ^ _2315_/Y (sky130_fd_sc_hd__a31oi_4)
                                         _1399_ (net)
                  0.12    0.00   12.82 ^ _2316_/C1 (sky130_fd_sc_hd__a311o_1)
     3    0.01    0.14    0.20   13.02 ^ _2316_/X (sky130_fd_sc_hd__a311o_1)
                                         _1400_ (net)
                  0.14    0.00   13.02 ^ rebuffer6/A (sky130_fd_sc_hd__clkbuf_1)
     1    0.00    0.05    0.12   13.14 ^ rebuffer6/X (sky130_fd_sc_hd__clkbuf_1)
                                         net61 (net)
                  0.05    0.00   13.14 ^ _2320_/B (sky130_fd_sc_hd__nand3_1)
     2    0.01    0.10    0.12   13.26 v _2320_/Y (sky130_fd_sc_hd__nand3_1)
                                         _1404_ (net)
                  0.10    0.00   13.26 v _2357_/A1 (sky130_fd_sc_hd__a2111o_4)
     4    0.02    0.09    0.52   13.78 v _2357_/X (sky130_fd_sc_hd__a2111o_4)
                                         _1441_ (net)
                  0.09    0.00   13.78 v _2359_/A1 (sky130_fd_sc_hd__a21o_1)
     3    0.01    0.06    0.21   13.99 v _2359_/X (sky130_fd_sc_hd__a21o_1)
                                         _1443_ (net)
                  0.06    0.00   13.99 v _2374_/A1 (sky130_fd_sc_hd__a311o_1)
     3    0.01    0.09    0.32   14.31 v _2374_/X (sky130_fd_sc_hd__a311o_1)
                                         _1459_ (net)
                  0.09    0.00   14.31 v _2391_/A2 (sky130_fd_sc_hd__a2111o_1)
     2    0.01    0.10    0.50   14.81 v _2391_/X (sky130_fd_sc_hd__a2111o_1)
                                         _1478_ (net)
                  0.10    0.00   14.81 v _2400_/A1 (sky130_fd_sc_hd__a41oi_4)
     4    0.02    0.23    0.22   15.03 ^ _2400_/Y (sky130_fd_sc_hd__a41oi_4)
                                         _1488_ (net)
                  0.23    0.00   15.03 ^ _2437_/A1 (sky130_fd_sc_hd__a311oi_2)
     2    0.00    0.10    0.14   15.17 v _2437_/Y (sky130_fd_sc_hd__a311oi_2)
                                         _1527_ (net)
                  0.10    0.00   15.17 v _2461_/A1 (sky130_fd_sc_hd__a2111o_1)
     2    0.00    0.07    0.40   15.57 v _2461_/X (sky130_fd_sc_hd__a2111o_1)
                                         _0047_ (net)
                  0.07    0.00   15.57 v _2489_/A2 (sky130_fd_sc_hd__a21o_1)
     2    0.00    0.04    0.19   15.76 v _2489_/X (sky130_fd_sc_hd__a21o_1)
                                         _0077_ (net)
                  0.04    0.00   15.76 v _2495_/A (sky130_fd_sc_hd__and3_1)
     3    0.01    0.07    0.18   15.94 v _2495_/X (sky130_fd_sc_hd__and3_1)
                                         _0084_ (net)
                  0.07    0.00   15.94 v _2557_/A3 (sky130_fd_sc_hd__o311a_4)
     2    0.01    0.06    0.33   16.27 v _2557_/X (sky130_fd_sc_hd__o311a_4)
                                         _0152_ (net)
                  0.06    0.00   16.27 v _2570_/A3 (sky130_fd_sc_hd__o31a_4)
     3    0.01    0.06    0.31   16.58 v _2570_/X (sky130_fd_sc_hd__o31a_4)
                                         _0167_ (net)
                  0.06    0.00   16.59 v _2774_/S (sky130_fd_sc_hd__mux2_4)
     4    0.01    0.06    0.34   16.92 v _2774_/X (sky130_fd_sc_hd__mux2_4)
                                         _0391_ (net)
                  0.06    0.00   16.92 v _2790_/B2 (sky130_fd_sc_hd__a221o_1)
     1    0.00    0.06    0.34   17.27 v _2790_/X (sky130_fd_sc_hd__a221o_1)
                                         _0409_ (net)
                  0.06    0.00   17.27 v _2791_/A1 (sky130_fd_sc_hd__a21bo_1)
     1    0.00    0.04    0.18   17.45 v _2791_/X (sky130_fd_sc_hd__a21bo_1)
                                         _0410_ (net)
                  0.04    0.00   17.45 v _2792_/A1 (sky130_fd_sc_hd__a21o_1)
     1    0.00    0.04    0.16   17.61 v _2792_/X (sky130_fd_sc_hd__a21o_1)
                                         _0411_ (net)
                  0.04    0.00   17.61 v _2793_/A1 (sky130_fd_sc_hd__a21o_1)
     1    0.00    0.04    0.16   17.77 v _2793_/X (sky130_fd_sc_hd__a21o_1)
                                         _0412_ (net)
                  0.04    0.00   17.77 v _2794_/A1 (sky130_fd_sc_hd__a21o_1)
     1    0.00    0.03    0.15   17.92 v _2794_/X (sky130_fd_sc_hd__a21o_1)
                                         _0413_ (net)
                  0.03    0.00   17.92 v _2796_/A1 (sky130_fd_sc_hd__a21o_1)
     1    0.00    0.04    0.16   18.09 v _2796_/X (sky130_fd_sc_hd__a21o_1)
                                         _0415_ (net)
                  0.04    0.00   18.09 v _2797_/A1 (sky130_fd_sc_hd__a21o_1)
     1    0.00    0.04    0.16   18.25 v _2797_/X (sky130_fd_sc_hd__a21o_1)
                                         _0416_ (net)
                  0.04    0.00   18.25 v _2798_/A1 (sky130_fd_sc_hd__a21o_1)
     1    0.00    0.03    0.15   18.40 v _2798_/X (sky130_fd_sc_hd__a21o_1)
                                         _0417_ (net)
                  0.03    0.00   18.40 v _2800_/A1 (sky130_fd_sc_hd__a21o_1)
     1    0.00    0.04    0.16   18.56 v _2800_/X (sky130_fd_sc_hd__a21o_1)
                                         _0420_ (net)
                  0.04    0.00   18.56 v _2801_/A1 (sky130_fd_sc_hd__a21oi_1)
     1    0.00    0.10    0.11   18.67 ^ _2801_/Y (sky130_fd_sc_hd__a21oi_1)
                                         _0421_ (net)
                  0.10    0.00   18.67 ^ _2802_/A1 (sky130_fd_sc_hd__o21ba_1)
     1    0.00    0.05    0.15   18.82 ^ _2802_/X (sky130_fd_sc_hd__o21ba_1)
                                         _0422_ (net)
                  0.05    0.00   18.82 ^ _2804_/A1 (sky130_fd_sc_hd__o21ai_1)
     1    0.00    0.07    0.07   18.90 v _2804_/Y (sky130_fd_sc_hd__o21ai_1)
                                         _0424_ (net)
                  0.07    0.00   18.90 v _2805_/A1 (sky130_fd_sc_hd__a21o_1)
     4    0.02    0.09    0.23   19.13 v _2805_/X (sky130_fd_sc_hd__a21o_1)
                                         _0425_ (net)
                  0.09    0.00   19.13 v clone13/A (sky130_fd_sc_hd__buf_6)
     5    0.03    0.04    0.16   19.29 v clone13/X (sky130_fd_sc_hd__buf_6)
                                         net68 (net)
                  0.04    0.00   19.29 v _2839_/S (sky130_fd_sc_hd__mux2_4)
     2    0.00    0.05    0.31   19.59 v _2839_/X (sky130_fd_sc_hd__mux2_4)
                                         _0459_ (net)
                  0.05    0.00   19.59 v _2865_/A0 (sky130_fd_sc_hd__mux2_4)
     2    0.01    0.06    0.30   19.89 v _2865_/X (sky130_fd_sc_hd__mux2_4)
                                         _0486_ (net)
                  0.06    0.00   19.89 v _2866_/A (sky130_fd_sc_hd__nor2_4)
     1    0.01    0.07    0.11   20.00 ^ _2866_/Y (sky130_fd_sc_hd__nor2_4)
                                         _0487_ (net)
                  0.07    0.00   20.00 ^ _2867_/B1 (sky130_fd_sc_hd__a21oi_2)
     2    0.01    0.06    0.04   20.05 v _2867_/Y (sky130_fd_sc_hd__a21oi_2)
                                         _0488_ (net)
                  0.06    0.00   20.05 v _2869_/A0 (sky130_fd_sc_hd__mux2_4)
     2    0.01    0.05    0.29   20.34 v _2869_/X (sky130_fd_sc_hd__mux2_4)
                                         _0490_ (net)
                  0.05    0.00   20.34 v _2870_/B1 (sky130_fd_sc_hd__a22o_1)
     1    0.00    0.04    0.18   20.52 v _2870_/X (sky130_fd_sc_hd__a22o_1)
                                         _0492_ (net)
                  0.04    0.00   20.52 v _2871_/A (sky130_fd_sc_hd__and2_4)
     1    0.00    0.03    0.13   20.65 v _2871_/X (sky130_fd_sc_hd__and2_4)
                                         _0493_ (net)
                  0.03    0.00   20.65 v _2872_/A (sky130_fd_sc_hd__clkbuf_1)
     1    0.00    0.02    0.08   20.73 v _2872_/X (sky130_fd_sc_hd__clkbuf_1)
                                         _0006_ (net)
                  0.02    0.00   20.73 v _3089_/D (sky130_fd_sc_hd__dfxtp_2)
                                 20.73   data arrival time

                         10.00   10.00   clock clock (rise edge)
                          0.00   10.00   clock source latency
     1    0.01    0.04    0.03   10.03 ^ clock (in)
                                         clock (net)
                  0.04    0.00   10.03 ^ clkbuf_0_clock/A (sky130_fd_sc_hd__clkbuf_16)
     4    0.03    0.05    0.13   10.15 ^ clkbuf_0_clock/X (sky130_fd_sc_hd__clkbuf_16)
                                         clknet_0_clock (net)
                  0.05    0.00   10.15 ^ clkbuf_2_3__f_clock/A (sky130_fd_sc_hd__clkbuf_16)
    10    0.03    0.05    0.13   10.28 ^ clkbuf_2_3__f_clock/X (sky130_fd_sc_hd__clkbuf_16)
                                         clknet_2_3__leaf_clock (net)
                  0.05    0.00   10.28 ^ _3089_/CLK (sky130_fd_sc_hd__dfxtp_2)
                         -0.25   10.03   clock uncertainty
                          0.00   10.03   clock reconvergence pessimism
                         -0.10    9.93   library setup time
                                  9.93   data required time
-----------------------------------------------------------------------------
                                  9.93   data required time
                                -20.73   data arrival time
-----------------------------------------------------------------------------
                                -10.80   slack (VIOLATED)


Startpoint: io_inScaleA[6] (input port clocked by clock)
Endpoint: _3103_ (rising edge-triggered flip-flop clocked by clock)
Path Group: clock
Path Type: max

Fanout     Cap    Slew   Delay    Time   Description
-----------------------------------------------------------------------------
                          0.00    0.00   clock clock (rise edge)
                          0.00    0.00   clock network delay (propagated)
                          2.00    2.00 v input external delay
     1    0.01    0.02    0.01    2.01 v io_inScaleA[6] (in)
                                         io_inScaleA[6] (net)
                  0.02    0.00    2.01 v input15/A (sky130_fd_sc_hd__buf_8)
     4    0.02    0.03    0.12    2.13 v input15/X (sky130_fd_sc_hd__buf_8)
                                         net15 (net)
                  0.03    0.00    2.13 v _1585_/A1 (sky130_fd_sc_hd__o21ai_4)
     5    0.03    0.27    0.26    2.39 ^ _1585_/Y (sky130_fd_sc_hd__o21ai_4)
                                         _0419_ (net)
                  0.27    0.00    2.39 ^ _1595_/B (sky130_fd_sc_hd__xnor2_2)
     1    0.01    0.07    0.12    2.51 v _1595_/Y (sky130_fd_sc_hd__xnor2_2)
                                         _0521_ (net)
                  0.07    0.00    2.51 v _1596_/A (sky130_fd_sc_hd__xnor2_2)
     2    0.01    0.23    0.26    2.77 ^ _1596_/Y (sky130_fd_sc_hd__xnor2_2)
                                         _0530_ (net)
                  0.23    0.00    2.77 ^ _1597_/A (sky130_fd_sc_hd__xnor2_2)
     2    0.01    0.09    0.14    2.91 v _1597_/Y (sky130_fd_sc_hd__xnor2_2)
                                         _0540_ (net)
                  0.09    0.00    2.91 v _1621_/B (sky130_fd_sc_hd__or3_4)
     1    0.00    0.06    0.39    3.30 v _1621_/X (sky130_fd_sc_hd__or3_4)
                                         _0705_ (net)
                  0.06    0.00    3.30 v _1622_/B1_N (sky130_fd_sc_hd__a21bo_4)
     2    0.01    0.05    0.20    3.50 ^ _1622_/X (sky130_fd_sc_hd__a21bo_4)
                                         _0706_ (net)
                  0.05    0.00    3.50 ^ _1626_/B (sky130_fd_sc_hd__xor2_2)
     2    0.01    0.19    0.21    3.71 ^ _1626_/X (sky130_fd_sc_hd__xor2_2)
                                         _0710_ (net)
                  0.19    0.00    3.71 ^ _1627_/A (sky130_fd_sc_hd__xnor2_2)
     2    0.02    0.31    0.21    3.92 ^ _1627_/Y (sky130_fd_sc_hd__xnor2_2)
                                         _0711_ (net)
                  0.31    0.00    3.92 ^ _1628_/A (sky130_fd_sc_hd__xor2_4)
     2    0.02    0.19    0.25    4.16 ^ _1628_/X (sky130_fd_sc_hd__xor2_4)
                                         _0712_ (net)
                  0.19    0.00    4.17 ^ _1633_/A_N (sky130_fd_sc_hd__and2b_1)
     1    0.00    0.03    0.21    4.38 v _1633_/X (sky130_fd_sc_hd__and2b_1)
                                         _0717_ (net)
                  0.03    0.00    4.38 v _1634_/B1 (sky130_fd_sc_hd__a31o_1)
     2    0.01    0.08    0.23    4.61 v _1634_/X (sky130_fd_sc_hd__a31o_1)
                                         _0718_ (net)
                  0.08    0.00    4.61 v _1722_/C (sky130_fd_sc_hd__or3_4)
     2    0.00    0.07    0.35    4.97 v _1722_/X (sky130_fd_sc_hd__or3_4)
                                         _0806_ (net)
                  0.07    0.00    4.97 v _1783_/A (sky130_fd_sc_hd__and3_1)
     1    0.01    0.06    0.19    5.15 v _1783_/X (sky130_fd_sc_hd__and3_1)
                                         _0867_ (net)
                  0.06    0.00    5.15 v _1784_/B (sky130_fd_sc_hd__xnor2_2)
     2    0.01    0.07    0.16    5.31 v _1784_/Y (sky130_fd_sc_hd__xnor2_2)
                                         _0868_ (net)
                  0.07    0.00    5.31 v _1785_/A (sky130_fd_sc_hd__xnor2_1)
     2    0.01    0.24    0.26    5.58 ^ _1785_/Y (sky130_fd_sc_hd__xnor2_1)
                                         _0869_ (net)
                  0.24    0.00    5.58 ^ _1786_/B (sky130_fd_sc_hd__or3_4)
     1    0.00    0.03    0.18    5.76 ^ _1786_/X (sky130_fd_sc_hd__or3_4)
                                         _0870_ (net)
                  0.03    0.00    5.76 ^ _1787_/B1_N (sky130_fd_sc_hd__a21bo_4)
     2    0.01    0.05    0.24    5.99 v _1787_/X (sky130_fd_sc_hd__a21bo_4)
                                         _0871_ (net)
                  0.05    0.00    6.00 v _1789_/A (sky130_fd_sc_hd__xor2_2)
     2    0.01    0.11    0.20    6.20 v _1789_/X (sky130_fd_sc_hd__xor2_2)
                                         _0873_ (net)
                  0.11    0.00    6.20 v _1832_/A2 (sky130_fd_sc_hd__o21bai_4)
     3    0.01    0.14    0.18    6.38 ^ _1832_/Y (sky130_fd_sc_hd__o21bai_4)
                                         _0916_ (net)
                  0.14    0.00    6.38 ^ _1834_/A1 (sky130_fd_sc_hd__a21o_1)
     2    0.01    0.13    0.21    6.59 ^ _1834_/X (sky130_fd_sc_hd__a21o_1)
                                         _0918_ (net)
                  0.13    0.00    6.59 ^ _1836_/A1 (sky130_fd_sc_hd__a21oi_4)
     3    0.02    0.06    0.09    6.68 v _1836_/Y (sky130_fd_sc_hd__a21oi_4)
                                         _0920_ (net)
                  0.06    0.00    6.68 v _1840_/A1 (sky130_fd_sc_hd__o211a_1)
     2    0.01    0.06    0.27    6.95 v _1840_/X (sky130_fd_sc_hd__o211a_1)
                                         _0924_ (net)
                  0.06    0.00    6.95 v _1841_/A2 (sky130_fd_sc_hd__o31a_4)
     4    0.02    0.07    0.39    7.33 v _1841_/X (sky130_fd_sc_hd__o31a_4)
                                         _0925_ (net)
                  0.07    0.00    7.33 v rebuffer28/A (sky130_fd_sc_hd__buf_8)
     1    0.02    0.03    0.14    7.47 v rebuffer28/X (sky130_fd_sc_hd__buf_8)
                                         net83 (net)
                  0.03    0.00    7.48 v _1879_/B (sky130_fd_sc_hd__xnor2_4)
     7    0.02    0.19    0.19    7.67 ^ _1879_/Y (sky130_fd_sc_hd__xnor2_4)
                                         _0963_ (net)
                  0.19    0.00    7.67 ^ _1934_/C (sky130_fd_sc_hd__and4_1)
     2    0.01    0.09    0.25    7.92 ^ _1934_/X (sky130_fd_sc_hd__and4_1)
                                         _1018_ (net)
                  0.09    0.00    7.92 ^ _1935_/A (sky130_fd_sc_hd__buf_6)
     5    0.01    0.04    0.12    8.04 ^ _1935_/X (sky130_fd_sc_hd__buf_6)
                                         _1019_ (net)
                  0.04    0.00    8.04 ^ _1936_/A (sky130_fd_sc_hd__and2_4)
     1    0.01    0.04    0.14    8.18 ^ _1936_/X (sky130_fd_sc_hd__and2_4)
                                         _1020_ (net)
                  0.04    0.00    8.18 ^ _1937_/A (sky130_fd_sc_hd__buf_8)
     7    0.04    0.07    0.13    8.30 ^ _1937_/X (sky130_fd_sc_hd__buf_8)
                                         _1021_ (net)
                  0.07    0.00    8.30 ^ _1942_/B (sky130_fd_sc_hd__xnor2_4)
     2    0.01    0.08    0.08    8.39 v _1942_/Y (sky130_fd_sc_hd__xnor2_4)
                                         _1026_ (net)
                  0.08    0.00    8.39 v _1952_/A1 (sky130_fd_sc_hd__o221a_1)
     2    0.01    0.08    0.32    8.70 v _1952_/X (sky130_fd_sc_hd__o221a_1)
                                         _1036_ (net)
                  0.08    0.00    8.70 v _1955_/A (sky130_fd_sc_hd__nor2b_2)
     2    0.02    0.19    0.21    8.92 ^ _1955_/Y (sky130_fd_sc_hd__nor2b_2)
                                         _1039_ (net)
                  0.19    0.00    8.92 ^ _1958_/A1 (sky130_fd_sc_hd__a31oi_4)
     5    0.01    0.09    0.13    9.04 v _1958_/Y (sky130_fd_sc_hd__a31oi_4)
                                         _1042_ (net)
                  0.09    0.00    9.04 v _1959_/B (sky130_fd_sc_hd__or3_4)
     4    0.02    0.10    0.45    9.49 v _1959_/X (sky130_fd_sc_hd__or3_4)
                                         _1043_ (net)
                  0.10    0.00    9.49 v _1965_/A2 (sky130_fd_sc_hd__a21o_4)
     2    0.02    0.06    0.27    9.77 v _1965_/X (sky130_fd_sc_hd__a21o_4)
                                         _1049_ (net)
                  0.06    0.00    9.77 v _1971_/A2 (sky130_fd_sc_hd__a21o_4)
     2    0.02    0.06    0.25   10.02 v _1971_/X (sky130_fd_sc_hd__a21o_4)
                                         _1055_ (net)
                  0.06    0.00   10.02 v _1977_/A2 (sky130_fd_sc_hd__a21bo_4)
     2    0.02    0.06    0.26   10.28 v _1977_/X (sky130_fd_sc_hd__a21bo_4)
                                         _1061_ (net)
                  0.06    0.00   10.28 v _1986_/A2 (sky130_fd_sc_hd__a21o_4)
     2    0.02    0.05    0.25   10.53 v _1986_/X (sky130_fd_sc_hd__a21o_4)
                                         _1070_ (net)
                  0.05    0.00   10.54 v _1989_/A2 (sky130_fd_sc_hd__a21o_1)
     2    0.02    0.10    0.25   10.79 v _1989_/X (sky130_fd_sc_hd__a21o_1)
                                         _1073_ (net)
                  0.10    0.00   10.79 v _1992_/A2 (sky130_fd_sc_hd__a21oi_4)
     3    0.02    0.19    0.24   11.03 ^ _1992_/Y (sky130_fd_sc_hd__a21oi_4)
                                         _1076_ (net)
                  0.19    0.00   11.03 ^ max_cap1/A (sky130_fd_sc_hd__buf_4)
     3    0.04    0.11    0.22   11.25 ^ max_cap1/X (sky130_fd_sc_hd__buf_4)
                                         net90 (net)
                  0.11    0.00   11.25 ^ _1993_/A (sky130_fd_sc_hd__xnor2_4)
     6    0.04    0.34    0.21   11.46 ^ _1993_/Y (sky130_fd_sc_hd__xnor2_4)
                                         _1077_ (net)
                  0.34    0.00   11.47 ^ _2029_/S (sky130_fd_sc_hd__mux2_4)
     5    0.01    0.06    0.38   11.84 v _2029_/X (sky130_fd_sc_hd__mux2_4)
                                         _1113_ (net)
                  0.06    0.00   11.84 v _2109_/A (sky130_fd_sc_hd__buf_2)
    10    0.03    0.07    0.18   12.02 v _2109_/X (sky130_fd_sc_hd__buf_2)
                                         _1193_ (net)
                  0.07    0.00   12.02 v _2230_/A1 (sky130_fd_sc_hd__a21o_1)
     3    0.01    0.06    0.20   12.22 v _2230_/X (sky130_fd_sc_hd__a21o_1)
                                         _1314_ (net)
                  0.06    0.00   12.22 v _2310_/A3 (sky130_fd_sc_hd__a311o_1)
     1    0.01    0.08    0.41   12.63 v _2310_/X (sky130_fd_sc_hd__a311o_1)
                                         _1394_ (net)
                  0.08    0.00   12.63 v _2315_/A3 (sky130_fd_sc_hd__a31oi_4)
     1    0.01    0.12    0.19   12.82 ^ _2315_/Y (sky130_fd_sc_hd__a31oi_4)
                                         _1399_ (net)
                  0.12    0.00   12.82 ^ _2316_/C1 (sky130_fd_sc_hd__a311o_1)
     3    0.01    0.14    0.20   13.02 ^ _2316_/X (sky130_fd_sc_hd__a311o_1)
                                         _1400_ (net)
                  0.14    0.00   13.02 ^ rebuffer6/A (sky130_fd_sc_hd__clkbuf_1)
     1    0.00    0.05    0.12   13.14 ^ rebuffer6/X (sky130_fd_sc_hd__clkbuf_1)
                                         net61 (net)
                  0.05    0.00   13.14 ^ _2320_/B (sky130_fd_sc_hd__nand3_1)
     2    0.01    0.10    0.12   13.26 v _2320_/Y (sky130_fd_sc_hd__nand3_1)
                                         _1404_ (net)
                  0.10    0.00   13.26 v _2357_/A1 (sky130_fd_sc_hd__a2111o_4)
     4    0.02    0.09    0.52   13.78 v _2357_/X (sky130_fd_sc_hd__a2111o_4)
                                         _1441_ (net)
                  0.09    0.00   13.78 v _2359_/A1 (sky130_fd_sc_hd__a21o_1)
     3    0.01    0.06    0.21   13.99 v _2359_/X (sky130_fd_sc_hd__a21o_1)
                                         _1443_ (net)
                  0.06    0.00   13.99 v _2374_/A1 (sky130_fd_sc_hd__a311o_1)
     3    0.01    0.09    0.32   14.31 v _2374_/X (sky130_fd_sc_hd__a311o_1)
                                         _1459_ (net)
                  0.09    0.00   14.31 v _2391_/A2 (sky130_fd_sc_hd__a2111o_1)
     2    0.01    0.10    0.50   14.81 v _2391_/X (sky130_fd_sc_hd__a2111o_1)
                                         _1478_ (net)
                  0.10    0.00   14.81 v _2400_/A1 (sky130_fd_sc_hd__a41oi_4)
     4    0.02    0.23    0.22   15.03 ^ _2400_/Y (sky130_fd_sc_hd__a41oi_4)
                                         _1488_ (net)
                  0.23    0.00   15.03 ^ _2437_/A1 (sky130_fd_sc_hd__a311oi_2)
     2    0.00    0.10    0.14   15.17 v _2437_/Y (sky130_fd_sc_hd__a311oi_2)
                                         _1527_ (net)
                  0.10    0.00   15.17 v _2461_/A1 (sky130_fd_sc_hd__a2111o_1)
     2    0.00    0.07    0.40   15.57 v _2461_/X (sky130_fd_sc_hd__a2111o_1)
                                         _0047_ (net)
                  0.07    0.00   15.57 v _2489_/A2 (sky130_fd_sc_hd__a21o_1)
     2    0.00    0.04    0.19   15.76 v _2489_/X (sky130_fd_sc_hd__a21o_1)
                                         _0077_ (net)
                  0.04    0.00   15.76 v _2495_/A (sky130_fd_sc_hd__and3_1)
     3    0.01    0.07    0.18   15.94 v _2495_/X (sky130_fd_sc_hd__and3_1)
                                         _0084_ (net)
                  0.07    0.00   15.94 v _2557_/A3 (sky130_fd_sc_hd__o311a_4)
     2    0.01    0.06    0.33   16.27 v _2557_/X (sky130_fd_sc_hd__o311a_4)
                                         _0152_ (net)
                  0.06    0.00   16.27 v _2570_/A3 (sky130_fd_sc_hd__o31a_4)
     3    0.01    0.06    0.31   16.58 v _2570_/X (sky130_fd_sc_hd__o31a_4)
                                         _0167_ (net)
                  0.06    0.00   16.59 v _2774_/S (sky130_fd_sc_hd__mux2_4)
     4    0.01    0.06    0.34   16.92 v _2774_/X (sky130_fd_sc_hd__mux2_4)
                                         _0391_ (net)
                  0.06    0.00   16.92 v _2790_/B2 (sky130_fd_sc_hd__a221o_1)
     1    0.00    0.06    0.34   17.27 v _2790_/X (sky130_fd_sc_hd__a221o_1)
                                         _0409_ (net)
                  0.06    0.00   17.27 v _2791_/A1 (sky130_fd_sc_hd__a21bo_1)
     1    0.00    0.04    0.18   17.45 v _2791_/X (sky130_fd_sc_hd__a21bo_1)
                                         _0410_ (net)
                  0.04    0.00   17.45 v _2792_/A1 (sky130_fd_sc_hd__a21o_1)
     1    0.00    0.04    0.16   17.61 v _2792_/X (sky130_fd_sc_hd__a21o_1)
                                         _0411_ (net)
                  0.04    0.00   17.61 v _2793_/A1 (sky130_fd_sc_hd__a21o_1)
     1    0.00    0.04    0.16   17.77 v _2793_/X (sky130_fd_sc_hd__a21o_1)
                                         _0412_ (net)
                  0.04    0.00   17.77 v _2794_/A1 (sky130_fd_sc_hd__a21o_1)
     1    0.00    0.03    0.15   17.92 v _2794_/X (sky130_fd_sc_hd__a21o_1)
                                         _0413_ (net)
                  0.03    0.00   17.92 v _2796_/A1 (sky130_fd_sc_hd__a21o_1)
     1    0.00    0.04    0.16   18.09 v _2796_/X (sky130_fd_sc_hd__a21o_1)
                                         _0415_ (net)
                  0.04    0.00   18.09 v _2797_/A1 (sky130_fd_sc_hd__a21o_1)
     1    0.00    0.04    0.16   18.25 v _2797_/X (sky130_fd_sc_hd__a21o_1)
                                         _0416_ (net)
                  0.04    0.00   18.25 v _2798_/A1 (sky130_fd_sc_hd__a21o_1)
     1    0.00    0.03    0.15   18.40 v _2798_/X (sky130_fd_sc_hd__a21o_1)
                                         _0417_ (net)
                  0.03    0.00   18.40 v _2800_/A1 (sky130_fd_sc_hd__a21o_1)
     1    0.00    0.04    0.16   18.56 v _2800_/X (sky130_fd_sc_hd__a21o_1)
                                         _0420_ (net)
                  0.04    0.00   18.56 v _2801_/A1 (sky130_fd_sc_hd__a21oi_1)
     1    0.00    0.10    0.11   18.67 ^ _2801_/Y (sky130_fd_sc_hd__a21oi_1)
                                         _0421_ (net)
                  0.10    0.00   18.67 ^ _2802_/A1 (sky130_fd_sc_hd__o21ba_1)
     1    0.00    0.05    0.15   18.82 ^ _2802_/X (sky130_fd_sc_hd__o21ba_1)
                                         _0422_ (net)
                  0.05    0.00   18.82 ^ _2804_/A1 (sky130_fd_sc_hd__o21ai_1)
     1    0.00    0.07    0.07   18.90 v _2804_/Y (sky130_fd_sc_hd__o21ai_1)
                                         _0424_ (net)
                  0.07    0.00   18.90 v _2805_/A1 (sky130_fd_sc_hd__a21o_1)
     4    0.02    0.09    0.23   19.13 v _2805_/X (sky130_fd_sc_hd__a21o_1)
                                         _0425_ (net)
                  0.09    0.00   19.13 v _2806_/A (sky130_fd_sc_hd__buf_6)
     6    0.03    0.04    0.16   19.29 v _2806_/X (sky130_fd_sc_hd__buf_6)
                                         _0426_ (net)
                  0.04    0.00   19.29 v clone27/A (sky130_fd_sc_hd__clkbuf_16)
     5    0.03    0.04    0.16   19.45 v clone27/X (sky130_fd_sc_hd__clkbuf_16)
                                         net82 (net)
                  0.04    0.00   19.45 v _2950_/S (sky130_fd_sc_hd__mux2_4)
     2    0.00    0.05    0.30   19.75 v _2950_/X (sky130_fd_sc_hd__mux2_4)
                                         _0570_ (net)
                  0.05    0.00   19.75 v _2951_/A1 (sky130_fd_sc_hd__mux2_4)
     2    0.00    0.05    0.27   20.02 v _2951_/X (sky130_fd_sc_hd__mux2_4)
                                         _0571_ (net)
                  0.05    0.00   20.02 v _2981_/A0 (sky130_fd_sc_hd__mux2_4)
     1    0.01    0.06    0.29   20.31 v _2981_/X (sky130_fd_sc_hd__mux2_4)
                                         _0600_ (net)
                  0.06    0.00   20.31 v _2982_/B2 (sky130_fd_sc_hd__o2bb2a_4)
     1    0.00    0.03    0.20   20.52 v _2982_/X (sky130_fd_sc_hd__o2bb2a_4)
                                         _0601_ (net)
                  0.03    0.00   20.52 v _2984_/B2 (sky130_fd_sc_hd__o221a_1)
     1    0.00    0.04    0.20   20.72 v _2984_/X (sky130_fd_sc_hd__o221a_1)
                                         _0020_ (net)
                  0.04    0.00   20.72 v _3103_/D (sky130_fd_sc_hd__dfxtp_1)
                                 20.72   data arrival time

                         10.00   10.00   clock clock (rise edge)
                          0.00   10.00   clock source latency
     1    0.01    0.04    0.03   10.03 ^ clock (in)
                                         clock (net)
                  0.04    0.00   10.03 ^ clkbuf_0_clock/A (sky130_fd_sc_hd__clkbuf_16)
     4    0.03    0.05    0.13   10.15 ^ clkbuf_0_clock/X (sky130_fd_sc_hd__clkbuf_16)
                                         clknet_0_clock (net)
                  0.05    0.00   10.15 ^ clkbuf_2_0__f_clock/A (sky130_fd_sc_hd__clkbuf_16)
     9    0.02    0.04    0.12   10.28 ^ clkbuf_2_0__f_clock/X (sky130_fd_sc_hd__clkbuf_16)
                                         clknet_2_0__leaf_clock (net)
                  0.04    0.00   10.28 ^ _3103_/CLK (sky130_fd_sc_hd__dfxtp_1)
                         -0.25   10.03   clock uncertainty
                          0.00   10.03   clock reconvergence pessimism
                         -0.11    9.92   library setup time
                                  9.92   data required time
-----------------------------------------------------------------------------
                                  9.92   data required time
                                -20.72   data arrival time
-----------------------------------------------------------------------------
                                -10.80   slack (VIOLATED)


Startpoint: io_inScaleA[6] (input port clocked by clock)
Endpoint: _3101_ (rising edge-triggered flip-flop clocked by clock)
Path Group: clock
Path Type: max

Fanout     Cap    Slew   Delay    Time   Description
-----------------------------------------------------------------------------
                          0.00    0.00   clock clock (rise edge)
                          0.00    0.00   clock network delay (propagated)
                          2.00    2.00 v input external delay
     1    0.01    0.02    0.01    2.01 v io_inScaleA[6] (in)
                                         io_inScaleA[6] (net)
                  0.02    0.00    2.01 v input15/A (sky130_fd_sc_hd__buf_8)
     4    0.02    0.03    0.12    2.13 v input15/X (sky130_fd_sc_hd__buf_8)
                                         net15 (net)
                  0.03    0.00    2.13 v _1585_/A1 (sky130_fd_sc_hd__o21ai_4)
     5    0.03    0.27    0.26    2.39 ^ _1585_/Y (sky130_fd_sc_hd__o21ai_4)
                                         _0419_ (net)
                  0.27    0.00    2.39 ^ _1595_/B (sky130_fd_sc_hd__xnor2_2)
     1    0.01    0.07    0.12    2.51 v _1595_/Y (sky130_fd_sc_hd__xnor2_2)
                                         _0521_ (net)
                  0.07    0.00    2.51 v _1596_/A (sky130_fd_sc_hd__xnor2_2)
     2    0.01    0.23    0.26    2.77 ^ _1596_/Y (sky130_fd_sc_hd__xnor2_2)
                                         _0530_ (net)
                  0.23    0.00    2.77 ^ _1597_/A (sky130_fd_sc_hd__xnor2_2)
     2    0.01    0.09    0.14    2.91 v _1597_/Y (sky130_fd_sc_hd__xnor2_2)
                                         _0540_ (net)
                  0.09    0.00    2.91 v _1621_/B (sky130_fd_sc_hd__or3_4)
     1    0.00    0.06    0.39    3.30 v _1621_/X (sky130_fd_sc_hd__or3_4)
                                         _0705_ (net)
                  0.06    0.00    3.30 v _1622_/B1_N (sky130_fd_sc_hd__a21bo_4)
     2    0.01    0.05    0.20    3.50 ^ _1622_/X (sky130_fd_sc_hd__a21bo_4)
                                         _0706_ (net)
                  0.05    0.00    3.50 ^ _1626_/B (sky130_fd_sc_hd__xor2_2)
     2    0.01    0.19    0.21    3.71 ^ _1626_/X (sky130_fd_sc_hd__xor2_2)
                                         _0710_ (net)
                  0.19    0.00    3.71 ^ _1627_/A (sky130_fd_sc_hd__xnor2_2)
     2    0.02    0.31    0.21    3.92 ^ _1627_/Y (sky130_fd_sc_hd__xnor2_2)
                                         _0711_ (net)
                  0.31    0.00    3.92 ^ _1628_/A (sky130_fd_sc_hd__xor2_4)
     2    0.02    0.19    0.25    4.16 ^ _1628_/X (sky130_fd_sc_hd__xor2_4)
                                         _0712_ (net)
                  0.19    0.00    4.17 ^ _1633_/A_N (sky130_fd_sc_hd__and2b_1)
     1    0.00    0.03    0.21    4.38 v _1633_/X (sky130_fd_sc_hd__and2b_1)
                                         _0717_ (net)
                  0.03    0.00    4.38 v _1634_/B1 (sky130_fd_sc_hd__a31o_1)
     2    0.01    0.08    0.23    4.61 v _1634_/X (sky130_fd_sc_hd__a31o_1)
                                         _0718_ (net)
                  0.08    0.00    4.61 v _1722_/C (sky130_fd_sc_hd__or3_4)
     2    0.00    0.07    0.35    4.97 v _1722_/X (sky130_fd_sc_hd__or3_4)
                                         _0806_ (net)
                  0.07    0.00    4.97 v _1783_/A (sky130_fd_sc_hd__and3_1)
     1    0.01    0.06    0.19    5.15 v _1783_/X (sky130_fd_sc_hd__and3_1)
                                         _0867_ (net)
                  0.06    0.00    5.15 v _1784_/B (sky130_fd_sc_hd__xnor2_2)
     2    0.01    0.07    0.16    5.31 v _1784_/Y (sky130_fd_sc_hd__xnor2_2)
                                         _0868_ (net)
                  0.07    0.00    5.31 v _1785_/A (sky130_fd_sc_hd__xnor2_1)
     2    0.01    0.24    0.26    5.58 ^ _1785_/Y (sky130_fd_sc_hd__xnor2_1)
                                         _0869_ (net)
                  0.24    0.00    5.58 ^ _1786_/B (sky130_fd_sc_hd__or3_4)
     1    0.00    0.03    0.18    5.76 ^ _1786_/X (sky130_fd_sc_hd__or3_4)
                                         _0870_ (net)
                  0.03    0.00    5.76 ^ _1787_/B1_N (sky130_fd_sc_hd__a21bo_4)
     2    0.01    0.05    0.24    5.99 v _1787_/X (sky130_fd_sc_hd__a21bo_4)
                                         _0871_ (net)
                  0.05    0.00    6.00 v _1789_/A (sky130_fd_sc_hd__xor2_2)
     2    0.01    0.11    0.20    6.20 v _1789_/X (sky130_fd_sc_hd__xor2_2)
                                         _0873_ (net)
                  0.11    0.00    6.20 v _1832_/A2 (sky130_fd_sc_hd__o21bai_4)
     3    0.01    0.14    0.18    6.38 ^ _1832_/Y (sky130_fd_sc_hd__o21bai_4)
                                         _0916_ (net)
                  0.14    0.00    6.38 ^ _1834_/A1 (sky130_fd_sc_hd__a21o_1)
     2    0.01    0.13    0.21    6.59 ^ _1834_/X (sky130_fd_sc_hd__a21o_1)
                                         _0918_ (net)
                  0.13    0.00    6.59 ^ _1836_/A1 (sky130_fd_sc_hd__a21oi_4)
     3    0.02    0.06    0.09    6.68 v _1836_/Y (sky130_fd_sc_hd__a21oi_4)
                                         _0920_ (net)
                  0.06    0.00    6.68 v _1840_/A1 (sky130_fd_sc_hd__o211a_1)
     2    0.01    0.06    0.27    6.95 v _1840_/X (sky130_fd_sc_hd__o211a_1)
                                         _0924_ (net)
                  0.06    0.00    6.95 v _1841_/A2 (sky130_fd_sc_hd__o31a_4)
     4    0.02    0.07    0.39    7.33 v _1841_/X (sky130_fd_sc_hd__o31a_4)
                                         _0925_ (net)
                  0.07    0.00    7.33 v rebuffer28/A (sky130_fd_sc_hd__buf_8)
     1    0.02    0.03    0.14    7.47 v rebuffer28/X (sky130_fd_sc_hd__buf_8)
                                         net83 (net)
                  0.03    0.00    7.48 v _1879_/B (sky130_fd_sc_hd__xnor2_4)
     7    0.02    0.19    0.19    7.67 ^ _1879_/Y (sky130_fd_sc_hd__xnor2_4)
                                         _0963_ (net)
                  0.19    0.00    7.67 ^ _1934_/C (sky130_fd_sc_hd__and4_1)
     2    0.01    0.09    0.25    7.92 ^ _1934_/X (sky130_fd_sc_hd__and4_1)
                                         _1018_ (net)
                  0.09    0.00    7.92 ^ _1935_/A (sky130_fd_sc_hd__buf_6)
     5    0.01    0.04    0.12    8.04 ^ _1935_/X (sky130_fd_sc_hd__buf_6)
                                         _1019_ (net)
                  0.04    0.00    8.04 ^ _1936_/A (sky130_fd_sc_hd__and2_4)
     1    0.01    0.04    0.14    8.18 ^ _1936_/X (sky130_fd_sc_hd__and2_4)
                                         _1020_ (net)
                  0.04    0.00    8.18 ^ _1937_/A (sky130_fd_sc_hd__buf_8)
     7    0.04    0.07    0.13    8.30 ^ _1937_/X (sky130_fd_sc_hd__buf_8)
                                         _1021_ (net)
                  0.07    0.00    8.30 ^ _1942_/B (sky130_fd_sc_hd__xnor2_4)
     2    0.01    0.08    0.08    8.39 v _1942_/Y (sky130_fd_sc_hd__xnor2_4)
                                         _1026_ (net)
                  0.08    0.00    8.39 v _1952_/A1 (sky130_fd_sc_hd__o221a_1)
     2    0.01    0.08    0.32    8.70 v _1952_/X (sky130_fd_sc_hd__o221a_1)
                                         _1036_ (net)
                  0.08    0.00    8.70 v _1955_/A (sky130_fd_sc_hd__nor2b_2)
     2    0.02    0.19    0.21    8.92 ^ _1955_/Y (sky130_fd_sc_hd__nor2b_2)
                                         _1039_ (net)
                  0.19    0.00    8.92 ^ _1958_/A1 (sky130_fd_sc_hd__a31oi_4)
     5    0.01    0.09    0.13    9.04 v _1958_/Y (sky130_fd_sc_hd__a31oi_4)
                                         _1042_ (net)
                  0.09    0.00    9.04 v _1959_/B (sky130_fd_sc_hd__or3_4)
     4    0.02    0.10    0.45    9.49 v _1959_/X (sky130_fd_sc_hd__or3_4)
                                         _1043_ (net)
                  0.10    0.00    9.49 v _1965_/A2 (sky130_fd_sc_hd__a21o_4)
     2    0.02    0.06    0.27    9.77 v _1965_/X (sky130_fd_sc_hd__a21o_4)
                                         _1049_ (net)
                  0.06    0.00    9.77 v _1971_/A2 (sky130_fd_sc_hd__a21o_4)
     2    0.02    0.06    0.25   10.02 v _1971_/X (sky130_fd_sc_hd__a21o_4)
                                         _1055_ (net)
                  0.06    0.00   10.02 v _1977_/A2 (sky130_fd_sc_hd__a21bo_4)
     2    0.02    0.06    0.26   10.28 v _1977_/X (sky130_fd_sc_hd__a21bo_4)
                                         _1061_ (net)
                  0.06    0.00   10.28 v _1986_/A2 (sky130_fd_sc_hd__a21o_4)
     2    0.02    0.05    0.25   10.53 v _1986_/X (sky130_fd_sc_hd__a21o_4)
                                         _1070_ (net)
                  0.05    0.00   10.54 v _1989_/A2 (sky130_fd_sc_hd__a21o_1)
     2    0.02    0.10    0.25   10.79 v _1989_/X (sky130_fd_sc_hd__a21o_1)
                                         _1073_ (net)
                  0.10    0.00   10.79 v _1992_/A2 (sky130_fd_sc_hd__a21oi_4)
     3    0.02    0.19    0.24   11.03 ^ _1992_/Y (sky130_fd_sc_hd__a21oi_4)
                                         _1076_ (net)
                  0.19    0.00   11.03 ^ max_cap1/A (sky130_fd_sc_hd__buf_4)
     3    0.04    0.11    0.22   11.25 ^ max_cap1/X (sky130_fd_sc_hd__buf_4)
                                         net90 (net)
                  0.11    0.00   11.25 ^ _1993_/A (sky130_fd_sc_hd__xnor2_4)
     6    0.04    0.34    0.21   11.46 ^ _1993_/Y (sky130_fd_sc_hd__xnor2_4)
                                         _1077_ (net)
                  0.34    0.00   11.47 ^ _2029_/S (sky130_fd_sc_hd__mux2_4)
     5    0.01    0.06    0.38   11.84 v _2029_/X (sky130_fd_sc_hd__mux2_4)
                                         _1113_ (net)
                  0.06    0.00   11.84 v _2109_/A (sky130_fd_sc_hd__buf_2)
    10    0.03    0.07    0.18   12.02 v _2109_/X (sky130_fd_sc_hd__buf_2)
                                         _1193_ (net)
                  0.07    0.00   12.02 v _2230_/A1 (sky130_fd_sc_hd__a21o_1)
     3    0.01    0.06    0.20   12.22 v _2230_/X (sky130_fd_sc_hd__a21o_1)
                                         _1314_ (net)
                  0.06    0.00   12.22 v _2310_/A3 (sky130_fd_sc_hd__a311o_1)
     1    0.01    0.08    0.41   12.63 v _2310_/X (sky130_fd_sc_hd__a311o_1)
                                         _1394_ (net)
                  0.08    0.00   12.63 v _2315_/A3 (sky130_fd_sc_hd__a31oi_4)
     1    0.01    0.12    0.19   12.82 ^ _2315_/Y (sky130_fd_sc_hd__a31oi_4)
                                         _1399_ (net)
                  0.12    0.00   12.82 ^ _2316_/C1 (sky130_fd_sc_hd__a311o_1)
     3    0.01    0.14    0.20   13.02 ^ _2316_/X (sky130_fd_sc_hd__a311o_1)
                                         _1400_ (net)
                  0.14    0.00   13.02 ^ rebuffer6/A (sky130_fd_sc_hd__clkbuf_1)
     1    0.00    0.05    0.12   13.14 ^ rebuffer6/X (sky130_fd_sc_hd__clkbuf_1)
                                         net61 (net)
                  0.05    0.00   13.14 ^ _2320_/B (sky130_fd_sc_hd__nand3_1)
     2    0.01    0.10    0.12   13.26 v _2320_/Y (sky130_fd_sc_hd__nand3_1)
                                         _1404_ (net)
                  0.10    0.00   13.26 v _2357_/A1 (sky130_fd_sc_hd__a2111o_4)
     4    0.02    0.09    0.52   13.78 v _2357_/X (sky130_fd_sc_hd__a2111o_4)
                                         _1441_ (net)
                  0.09    0.00   13.78 v _2359_/A1 (sky130_fd_sc_hd__a21o_1)
     3    0.01    0.06    0.21   13.99 v _2359_/X (sky130_fd_sc_hd__a21o_1)
                                         _1443_ (net)
                  0.06    0.00   13.99 v _2374_/A1 (sky130_fd_sc_hd__a311o_1)
     3    0.01    0.09    0.32   14.31 v _2374_/X (sky130_fd_sc_hd__a311o_1)
                                         _1459_ (net)
                  0.09    0.00   14.31 v _2391_/A2 (sky130_fd_sc_hd__a2111o_1)
     2    0.01    0.10    0.50   14.81 v _2391_/X (sky130_fd_sc_hd__a2111o_1)
                                         _1478_ (net)
                  0.10    0.00   14.81 v _2400_/A1 (sky130_fd_sc_hd__a41oi_4)
     4    0.02    0.23    0.22   15.03 ^ _2400_/Y (sky130_fd_sc_hd__a41oi_4)
                                         _1488_ (net)
                  0.23    0.00   15.03 ^ _2437_/A1 (sky130_fd_sc_hd__a311oi_2)
     2    0.00    0.10    0.14   15.17 v _2437_/Y (sky130_fd_sc_hd__a311oi_2)
                                         _1527_ (net)
                  0.10    0.00   15.17 v _2461_/A1 (sky130_fd_sc_hd__a2111o_1)
     2    0.00    0.07    0.40   15.57 v _2461_/X (sky130_fd_sc_hd__a2111o_1)
                                         _0047_ (net)
                  0.07    0.00   15.57 v _2489_/A2 (sky130_fd_sc_hd__a21o_1)
     2    0.00    0.04    0.19   15.76 v _2489_/X (sky130_fd_sc_hd__a21o_1)
                                         _0077_ (net)
                  0.04    0.00   15.76 v _2495_/A (sky130_fd_sc_hd__and3_1)
     3    0.01    0.07    0.18   15.94 v _2495_/X (sky130_fd_sc_hd__and3_1)
                                         _0084_ (net)
                  0.07    0.00   15.94 v _2557_/A3 (sky130_fd_sc_hd__o311a_4)
     2    0.01    0.06    0.33   16.27 v _2557_/X (sky130_fd_sc_hd__o311a_4)
                                         _0152_ (net)
                  0.06    0.00   16.27 v _2570_/A3 (sky130_fd_sc_hd__o31a_4)
     3    0.01    0.06    0.31   16.58 v _2570_/X (sky130_fd_sc_hd__o31a_4)
                                         _0167_ (net)
                  0.06    0.00   16.59 v _2774_/S (sky130_fd_sc_hd__mux2_4)
     4    0.01    0.06    0.34   16.92 v _2774_/X (sky130_fd_sc_hd__mux2_4)
                                         _0391_ (net)
                  0.06    0.00   16.92 v _2790_/B2 (sky130_fd_sc_hd__a221o_1)
     1    0.00    0.06    0.34   17.27 v _2790_/X (sky130_fd_sc_hd__a221o_1)
                                         _0409_ (net)
                  0.06    0.00   17.27 v _2791_/A1 (sky130_fd_sc_hd__a21bo_1)
     1    0.00    0.04    0.18   17.45 v _2791_/X (sky130_fd_sc_hd__a21bo_1)
                                         _0410_ (net)
                  0.04    0.00   17.45 v _2792_/A1 (sky130_fd_sc_hd__a21o_1)
     1    0.00    0.04    0.16   17.61 v _2792_/X (sky130_fd_sc_hd__a21o_1)
                                         _0411_ (net)
                  0.04    0.00   17.61 v _2793_/A1 (sky130_fd_sc_hd__a21o_1)
     1    0.00    0.04    0.16   17.77 v _2793_/X (sky130_fd_sc_hd__a21o_1)
                                         _0412_ (net)
                  0.04    0.00   17.77 v _2794_/A1 (sky130_fd_sc_hd__a21o_1)
     1    0.00    0.03    0.15   17.92 v _2794_/X (sky130_fd_sc_hd__a21o_1)
                                         _0413_ (net)
                  0.03    0.00   17.92 v _2796_/A1 (sky130_fd_sc_hd__a21o_1)
     1    0.00    0.04    0.16   18.09 v _2796_/X (sky130_fd_sc_hd__a21o_1)
                                         _0415_ (net)
                  0.04    0.00   18.09 v _2797_/A1 (sky130_fd_sc_hd__a21o_1)
     1    0.00    0.04    0.16   18.25 v _2797_/X (sky130_fd_sc_hd__a21o_1)
                                         _0416_ (net)
                  0.04    0.00   18.25 v _2798_/A1 (sky130_fd_sc_hd__a21o_1)
     1    0.00    0.03    0.15   18.40 v _2798_/X (sky130_fd_sc_hd__a21o_1)
                                         _0417_ (net)
                  0.03    0.00   18.40 v _2800_/A1 (sky130_fd_sc_hd__a21o_1)
     1    0.00    0.04    0.16   18.56 v _2800_/X (sky130_fd_sc_hd__a21o_1)
                                         _0420_ (net)
                  0.04    0.00   18.56 v _2801_/A1 (sky130_fd_sc_hd__a21oi_1)
     1    0.00    0.10    0.11   18.67 ^ _2801_/Y (sky130_fd_sc_hd__a21oi_1)
                                         _0421_ (net)
                  0.10    0.00   18.67 ^ _2802_/A1 (sky130_fd_sc_hd__o21ba_1)
     1    0.00    0.05    0.15   18.82 ^ _2802_/X (sky130_fd_sc_hd__o21ba_1)
                                         _0422_ (net)
                  0.05    0.00   18.82 ^ _2804_/A1 (sky130_fd_sc_hd__o21ai_1)
     1    0.00    0.07    0.07   18.90 v _2804_/Y (sky130_fd_sc_hd__o21ai_1)
                                         _0424_ (net)
                  0.07    0.00   18.90 v _2805_/A1 (sky130_fd_sc_hd__a21o_1)
     4    0.02    0.09    0.23   19.13 v _2805_/X (sky130_fd_sc_hd__a21o_1)
                                         _0425_ (net)
                  0.09    0.00   19.13 v _2806_/A (sky130_fd_sc_hd__buf_6)
     6    0.03    0.04    0.16   19.29 v _2806_/X (sky130_fd_sc_hd__buf_6)
                                         _0426_ (net)
                  0.04    0.00   19.29 v _2884_/A (sky130_fd_sc_hd__buf_8)
     5    0.04    0.04    0.14   19.43 v _2884_/X (sky130_fd_sc_hd__buf_8)
                                         _0505_ (net)
                  0.04    0.00   19.43 v _2885_/S (sky130_fd_sc_hd__mux2_4)
     2    0.01    0.06    0.32   19.75 v _2885_/X (sky130_fd_sc_hd__mux2_4)
                                         _0506_ (net)
                  0.06    0.00   19.75 v _2905_/A0 (sky130_fd_sc_hd__mux2_4)
     2    0.00    0.05    0.28   20.03 v _2905_/X (sky130_fd_sc_hd__mux2_4)
                                         _0526_ (net)
                  0.05    0.00   20.03 v _2906_/A1 (sky130_fd_sc_hd__mux2_4)
     2    0.01    0.06    0.29   20.32 v _2906_/X (sky130_fd_sc_hd__mux2_4)
                                         _0527_ (net)
                  0.06    0.00   20.32 v _2964_/B1 (sky130_fd_sc_hd__a2bb2o_4)
     1    0.00    0.03    0.22   20.54 v _2964_/X (sky130_fd_sc_hd__a2bb2o_4)
                                         _0583_ (net)
                  0.03    0.00   20.54 v _2969_/A1 (sky130_fd_sc_hd__o21a_1)
     1    0.00    0.03    0.18   20.72 v _2969_/X (sky130_fd_sc_hd__o21a_1)
                                         _0018_ (net)
                  0.03    0.00   20.72 v _3101_/D (sky130_fd_sc_hd__dfxtp_1)
                                 20.72   data arrival time

                         10.00   10.00   clock clock (rise edge)
                          0.00   10.00   clock source latency
     1    0.01    0.04    0.03   10.03 ^ clock (in)
                                         clock (net)
                  0.04    0.00   10.03 ^ clkbuf_0_clock/A (sky130_fd_sc_hd__clkbuf_16)
     4    0.03    0.05    0.13   10.15 ^ clkbuf_0_clock/X (sky130_fd_sc_hd__clkbuf_16)
                                         clknet_0_clock (net)
                  0.05    0.00   10.15 ^ clkbuf_2_1__f_clock/A (sky130_fd_sc_hd__clkbuf_16)
    11    0.03    0.05    0.13   10.29 ^ clkbuf_2_1__f_clock/X (sky130_fd_sc_hd__clkbuf_16)
                                         clknet_2_1__leaf_clock (net)
                  0.05    0.00   10.29 ^ _3101_/CLK (sky130_fd_sc_hd__dfxtp_1)
                         -0.25   10.04   clock uncertainty
                          0.00   10.04   clock reconvergence pessimism
                         -0.10    9.93   library setup time
                                  9.93   data required time
-----------------------------------------------------------------------------
                                  9.93   data required time
                                -20.72   data arrival time
-----------------------------------------------------------------------------
                                -10.79   slack (VIOLATED)


Startpoint: io_inScaleA[6] (input port clocked by clock)
Endpoint: _3102_ (rising edge-triggered flip-flop clocked by clock)
Path Group: clock
Path Type: max

Fanout     Cap    Slew   Delay    Time   Description
-----------------------------------------------------------------------------
                          0.00    0.00   clock clock (rise edge)
                          0.00    0.00   clock network delay (propagated)
                          2.00    2.00 v input external delay
     1    0.01    0.02    0.01    2.01 v io_inScaleA[6] (in)
                                         io_inScaleA[6] (net)
                  0.02    0.00    2.01 v input15/A (sky130_fd_sc_hd__buf_8)
     4    0.02    0.03    0.12    2.13 v input15/X (sky130_fd_sc_hd__buf_8)
                                         net15 (net)
                  0.03    0.00    2.13 v _1585_/A1 (sky130_fd_sc_hd__o21ai_4)
     5    0.03    0.27    0.26    2.39 ^ _1585_/Y (sky130_fd_sc_hd__o21ai_4)
                                         _0419_ (net)
                  0.27    0.00    2.39 ^ _1595_/B (sky130_fd_sc_hd__xnor2_2)
     1    0.01    0.07    0.12    2.51 v _1595_/Y (sky130_fd_sc_hd__xnor2_2)
                                         _0521_ (net)
                  0.07    0.00    2.51 v _1596_/A (sky130_fd_sc_hd__xnor2_2)
     2    0.01    0.23    0.26    2.77 ^ _1596_/Y (sky130_fd_sc_hd__xnor2_2)
                                         _0530_ (net)
                  0.23    0.00    2.77 ^ _1597_/A (sky130_fd_sc_hd__xnor2_2)
     2    0.01    0.09    0.14    2.91 v _1597_/Y (sky130_fd_sc_hd__xnor2_2)
                                         _0540_ (net)
                  0.09    0.00    2.91 v _1621_/B (sky130_fd_sc_hd__or3_4)
     1    0.00    0.06    0.39    3.30 v _1621_/X (sky130_fd_sc_hd__or3_4)
                                         _0705_ (net)
                  0.06    0.00    3.30 v _1622_/B1_N (sky130_fd_sc_hd__a21bo_4)
     2    0.01    0.05    0.20    3.50 ^ _1622_/X (sky130_fd_sc_hd__a21bo_4)
                                         _0706_ (net)
                  0.05    0.00    3.50 ^ _1626_/B (sky130_fd_sc_hd__xor2_2)
     2    0.01    0.19    0.21    3.71 ^ _1626_/X (sky130_fd_sc_hd__xor2_2)
                                         _0710_ (net)
                  0.19    0.00    3.71 ^ _1627_/A (sky130_fd_sc_hd__xnor2_2)
     2    0.02    0.31    0.21    3.92 ^ _1627_/Y (sky130_fd_sc_hd__xnor2_2)
                                         _0711_ (net)
                  0.31    0.00    3.92 ^ _1628_/A (sky130_fd_sc_hd__xor2_4)
     2    0.02    0.19    0.25    4.16 ^ _1628_/X (sky130_fd_sc_hd__xor2_4)
                                         _0712_ (net)
                  0.19    0.00    4.17 ^ _1633_/A_N (sky130_fd_sc_hd__and2b_1)
     1    0.00    0.03    0.21    4.38 v _1633_/X (sky130_fd_sc_hd__and2b_1)
                                         _0717_ (net)
                  0.03    0.00    4.38 v _1634_/B1 (sky130_fd_sc_hd__a31o_1)
     2    0.01    0.08    0.23    4.61 v _1634_/X (sky130_fd_sc_hd__a31o_1)
                                         _0718_ (net)
                  0.08    0.00    4.61 v _1722_/C (sky130_fd_sc_hd__or3_4)
     2    0.00    0.07    0.35    4.97 v _1722_/X (sky130_fd_sc_hd__or3_4)
                                         _0806_ (net)
                  0.07    0.00    4.97 v _1783_/A (sky130_fd_sc_hd__and3_1)
     1    0.01    0.06    0.19    5.15 v _1783_/X (sky130_fd_sc_hd__and3_1)
                                         _0867_ (net)
                  0.06    0.00    5.15 v _1784_/B (sky130_fd_sc_hd__xnor2_2)
     2    0.01    0.07    0.16    5.31 v _1784_/Y (sky130_fd_sc_hd__xnor2_2)
                                         _0868_ (net)
                  0.07    0.00    5.31 v _1785_/A (sky130_fd_sc_hd__xnor2_1)
     2    0.01    0.24    0.26    5.58 ^ _1785_/Y (sky130_fd_sc_hd__xnor2_1)
                                         _0869_ (net)
                  0.24    0.00    5.58 ^ _1786_/B (sky130_fd_sc_hd__or3_4)
     1    0.00    0.03    0.18    5.76 ^ _1786_/X (sky130_fd_sc_hd__or3_4)
                                         _0870_ (net)
                  0.03    0.00    5.76 ^ _1787_/B1_N (sky130_fd_sc_hd__a21bo_4)
     2    0.01    0.05    0.24    5.99 v _1787_/X (sky130_fd_sc_hd__a21bo_4)
                                         _0871_ (net)
                  0.05    0.00    6.00 v _1789_/A (sky130_fd_sc_hd__xor2_2)
     2    0.01    0.11    0.20    6.20 v _1789_/X (sky130_fd_sc_hd__xor2_2)
                                         _0873_ (net)
                  0.11    0.00    6.20 v _1832_/A2 (sky130_fd_sc_hd__o21bai_4)
     3    0.01    0.14    0.18    6.38 ^ _1832_/Y (sky130_fd_sc_hd__o21bai_4)
                                         _0916_ (net)
                  0.14    0.00    6.38 ^ _1834_/A1 (sky130_fd_sc_hd__a21o_1)
     2    0.01    0.13    0.21    6.59 ^ _1834_/X (sky130_fd_sc_hd__a21o_1)
                                         _0918_ (net)
                  0.13    0.00    6.59 ^ _1836_/A1 (sky130_fd_sc_hd__a21oi_4)
     3    0.02    0.06    0.09    6.68 v _1836_/Y (sky130_fd_sc_hd__a21oi_4)
                                         _0920_ (net)
                  0.06    0.00    6.68 v _1840_/A1 (sky130_fd_sc_hd__o211a_1)
     2    0.01    0.06    0.27    6.95 v _1840_/X (sky130_fd_sc_hd__o211a_1)
                                         _0924_ (net)
                  0.06    0.00    6.95 v _1841_/A2 (sky130_fd_sc_hd__o31a_4)
     4    0.02    0.07    0.39    7.33 v _1841_/X (sky130_fd_sc_hd__o31a_4)
                                         _0925_ (net)
                  0.07    0.00    7.33 v rebuffer28/A (sky130_fd_sc_hd__buf_8)
     1    0.02    0.03    0.14    7.47 v rebuffer28/X (sky130_fd_sc_hd__buf_8)
                                         net83 (net)
                  0.03    0.00    7.48 v _1879_/B (sky130_fd_sc_hd__xnor2_4)
     7    0.02    0.19    0.19    7.67 ^ _1879_/Y (sky130_fd_sc_hd__xnor2_4)
                                         _0963_ (net)
                  0.19    0.00    7.67 ^ _1934_/C (sky130_fd_sc_hd__and4_1)
     2    0.01    0.09    0.25    7.92 ^ _1934_/X (sky130_fd_sc_hd__and4_1)
                                         _1018_ (net)
                  0.09    0.00    7.92 ^ _1935_/A (sky130_fd_sc_hd__buf_6)
     5    0.01    0.04    0.12    8.04 ^ _1935_/X (sky130_fd_sc_hd__buf_6)
                                         _1019_ (net)
                  0.04    0.00    8.04 ^ _1936_/A (sky130_fd_sc_hd__and2_4)
     1    0.01    0.04    0.14    8.18 ^ _1936_/X (sky130_fd_sc_hd__and2_4)
                                         _1020_ (net)
                  0.04    0.00    8.18 ^ _1937_/A (sky130_fd_sc_hd__buf_8)
     7    0.04    0.07    0.13    8.30 ^ _1937_/X (sky130_fd_sc_hd__buf_8)
                                         _1021_ (net)
                  0.07    0.00    8.30 ^ _1942_/B (sky130_fd_sc_hd__xnor2_4)
     2    0.01    0.08    0.08    8.39 v _1942_/Y (sky130_fd_sc_hd__xnor2_4)
                                         _1026_ (net)
                  0.08    0.00    8.39 v _1952_/A1 (sky130_fd_sc_hd__o221a_1)
     2    0.01    0.08    0.32    8.70 v _1952_/X (sky130_fd_sc_hd__o221a_1)
                                         _1036_ (net)
                  0.08    0.00    8.70 v _1955_/A (sky130_fd_sc_hd__nor2b_2)
     2    0.02    0.19    0.21    8.92 ^ _1955_/Y (sky130_fd_sc_hd__nor2b_2)
                                         _1039_ (net)
                  0.19    0.00    8.92 ^ _1958_/A1 (sky130_fd_sc_hd__a31oi_4)
     5    0.01    0.09    0.13    9.04 v _1958_/Y (sky130_fd_sc_hd__a31oi_4)
                                         _1042_ (net)
                  0.09    0.00    9.04 v _1959_/B (sky130_fd_sc_hd__or3_4)
     4    0.02    0.10    0.45    9.49 v _1959_/X (sky130_fd_sc_hd__or3_4)
                                         _1043_ (net)
                  0.10    0.00    9.49 v _1965_/A2 (sky130_fd_sc_hd__a21o_4)
     2    0.02    0.06    0.27    9.77 v _1965_/X (sky130_fd_sc_hd__a21o_4)
                                         _1049_ (net)
                  0.06    0.00    9.77 v _1971_/A2 (sky130_fd_sc_hd__a21o_4)
     2    0.02    0.06    0.25   10.02 v _1971_/X (sky130_fd_sc_hd__a21o_4)
                                         _1055_ (net)
                  0.06    0.00   10.02 v _1977_/A2 (sky130_fd_sc_hd__a21bo_4)
     2    0.02    0.06    0.26   10.28 v _1977_/X (sky130_fd_sc_hd__a21bo_4)
                                         _1061_ (net)
                  0.06    0.00   10.28 v _1986_/A2 (sky130_fd_sc_hd__a21o_4)
     2    0.02    0.05    0.25   10.53 v _1986_/X (sky130_fd_sc_hd__a21o_4)
                                         _1070_ (net)
                  0.05    0.00   10.54 v _1989_/A2 (sky130_fd_sc_hd__a21o_1)
     2    0.02    0.10    0.25   10.79 v _1989_/X (sky130_fd_sc_hd__a21o_1)
                                         _1073_ (net)
                  0.10    0.00   10.79 v _1992_/A2 (sky130_fd_sc_hd__a21oi_4)
     3    0.02    0.19    0.24   11.03 ^ _1992_/Y (sky130_fd_sc_hd__a21oi_4)
                                         _1076_ (net)
                  0.19    0.00   11.03 ^ max_cap1/A (sky130_fd_sc_hd__buf_4)
     3    0.04    0.11    0.22   11.25 ^ max_cap1/X (sky130_fd_sc_hd__buf_4)
                                         net90 (net)
                  0.11    0.00   11.25 ^ _1993_/A (sky130_fd_sc_hd__xnor2_4)
     6    0.04    0.34    0.21   11.46 ^ _1993_/Y (sky130_fd_sc_hd__xnor2_4)
                                         _1077_ (net)
                  0.34    0.00   11.47 ^ _2029_/S (sky130_fd_sc_hd__mux2_4)
     5    0.01    0.06    0.38   11.84 v _2029_/X (sky130_fd_sc_hd__mux2_4)
                                         _1113_ (net)
                  0.06    0.00   11.84 v _2109_/A (sky130_fd_sc_hd__buf_2)
    10    0.03    0.07    0.18   12.02 v _2109_/X (sky130_fd_sc_hd__buf_2)
                                         _1193_ (net)
                  0.07    0.00   12.02 v _2230_/A1 (sky130_fd_sc_hd__a21o_1)
     3    0.01    0.06    0.20   12.22 v _2230_/X (sky130_fd_sc_hd__a21o_1)
                                         _1314_ (net)
                  0.06    0.00   12.22 v _2310_/A3 (sky130_fd_sc_hd__a311o_1)
     1    0.01    0.08    0.41   12.63 v _2310_/X (sky130_fd_sc_hd__a311o_1)
                                         _1394_ (net)
                  0.08    0.00   12.63 v _2315_/A3 (sky130_fd_sc_hd__a31oi_4)
     1    0.01    0.12    0.19   12.82 ^ _2315_/Y (sky130_fd_sc_hd__a31oi_4)
                                         _1399_ (net)
                  0.12    0.00   12.82 ^ _2316_/C1 (sky130_fd_sc_hd__a311o_1)
     3    0.01    0.14    0.20   13.02 ^ _2316_/X (sky130_fd_sc_hd__a311o_1)
                                         _1400_ (net)
                  0.14    0.00   13.02 ^ rebuffer6/A (sky130_fd_sc_hd__clkbuf_1)
     1    0.00    0.05    0.12   13.14 ^ rebuffer6/X (sky130_fd_sc_hd__clkbuf_1)
                                         net61 (net)
                  0.05    0.00   13.14 ^ _2320_/B (sky130_fd_sc_hd__nand3_1)
     2    0.01    0.10    0.12   13.26 v _2320_/Y (sky130_fd_sc_hd__nand3_1)
                                         _1404_ (net)
                  0.10    0.00   13.26 v _2357_/A1 (sky130_fd_sc_hd__a2111o_4)
     4    0.02    0.09    0.52   13.78 v _2357_/X (sky130_fd_sc_hd__a2111o_4)
                                         _1441_ (net)
                  0.09    0.00   13.78 v _2359_/A1 (sky130_fd_sc_hd__a21o_1)
     3    0.01    0.06    0.21   13.99 v _2359_/X (sky130_fd_sc_hd__a21o_1)
                                         _1443_ (net)
                  0.06    0.00   13.99 v _2374_/A1 (sky130_fd_sc_hd__a311o_1)
     3    0.01    0.09    0.32   14.31 v _2374_/X (sky130_fd_sc_hd__a311o_1)
                                         _1459_ (net)
                  0.09    0.00   14.31 v _2391_/A2 (sky130_fd_sc_hd__a2111o_1)
     2    0.01    0.10    0.50   14.81 v _2391_/X (sky130_fd_sc_hd__a2111o_1)
                                         _1478_ (net)
                  0.10    0.00   14.81 v _2400_/A1 (sky130_fd_sc_hd__a41oi_4)
     4    0.02    0.23    0.22   15.03 ^ _2400_/Y (sky130_fd_sc_hd__a41oi_4)
                                         _1488_ (net)
                  0.23    0.00   15.03 ^ _2437_/A1 (sky130_fd_sc_hd__a311oi_2)
     2    0.00    0.10    0.14   15.17 v _2437_/Y (sky130_fd_sc_hd__a311oi_2)
                                         _1527_ (net)
                  0.10    0.00   15.17 v _2461_/A1 (sky130_fd_sc_hd__a2111o_1)
     2    0.00    0.07    0.40   15.57 v _2461_/X (sky130_fd_sc_hd__a2111o_1)
                                         _0047_ (net)
                  0.07    0.00   15.57 v _2489_/A2 (sky130_fd_sc_hd__a21o_1)
     2    0.00    0.04    0.19   15.76 v _2489_/X (sky130_fd_sc_hd__a21o_1)
                                         _0077_ (net)
                  0.04    0.00   15.76 v _2495_/A (sky130_fd_sc_hd__and3_1)
     3    0.01    0.07    0.18   15.94 v _2495_/X (sky130_fd_sc_hd__and3_1)
                                         _0084_ (net)
                  0.07    0.00   15.94 v _2557_/A3 (sky130_fd_sc_hd__o311a_4)
     2    0.01    0.06    0.33   16.27 v _2557_/X (sky130_fd_sc_hd__o311a_4)
                                         _0152_ (net)
                  0.06    0.00   16.27 v _2570_/A3 (sky130_fd_sc_hd__o31a_4)
     3    0.01    0.06    0.31   16.58 v _2570_/X (sky130_fd_sc_hd__o31a_4)
                                         _0167_ (net)
                  0.06    0.00   16.59 v _2774_/S (sky130_fd_sc_hd__mux2_4)
     4    0.01    0.06    0.34   16.92 v _2774_/X (sky130_fd_sc_hd__mux2_4)
                                         _0391_ (net)
                  0.06    0.00   16.92 v _2790_/B2 (sky130_fd_sc_hd__a221o_1)
     1    0.00    0.06    0.34   17.27 v _2790_/X (sky130_fd_sc_hd__a221o_1)
                                         _0409_ (net)
                  0.06    0.00   17.27 v _2791_/A1 (sky130_fd_sc_hd__a21bo_1)
     1    0.00    0.04    0.18   17.45 v _2791_/X (sky130_fd_sc_hd__a21bo_1)
                                         _0410_ (net)
                  0.04    0.00   17.45 v _2792_/A1 (sky130_fd_sc_hd__a21o_1)
     1    0.00    0.04    0.16   17.61 v _2792_/X (sky130_fd_sc_hd__a21o_1)
                                         _0411_ (net)
                  0.04    0.00   17.61 v _2793_/A1 (sky130_fd_sc_hd__a21o_1)
     1    0.00    0.04    0.16   17.77 v _2793_/X (sky130_fd_sc_hd__a21o_1)
                                         _0412_ (net)
                  0.04    0.00   17.77 v _2794_/A1 (sky130_fd_sc_hd__a21o_1)
     1    0.00    0.03    0.15   17.92 v _2794_/X (sky130_fd_sc_hd__a21o_1)
                                         _0413_ (net)
                  0.03    0.00   17.92 v _2796_/A1 (sky130_fd_sc_hd__a21o_1)
     1    0.00    0.04    0.16   18.09 v _2796_/X (sky130_fd_sc_hd__a21o_1)
                                         _0415_ (net)
                  0.04    0.00   18.09 v _2797_/A1 (sky130_fd_sc_hd__a21o_1)
     1    0.00    0.04    0.16   18.25 v _2797_/X (sky130_fd_sc_hd__a21o_1)
                                         _0416_ (net)
                  0.04    0.00   18.25 v _2798_/A1 (sky130_fd_sc_hd__a21o_1)
     1    0.00    0.03    0.15   18.40 v _2798_/X (sky130_fd_sc_hd__a21o_1)
                                         _0417_ (net)
                  0.03    0.00   18.40 v _2800_/A1 (sky130_fd_sc_hd__a21o_1)
     1    0.00    0.04    0.16   18.56 v _2800_/X (sky130_fd_sc_hd__a21o_1)
                                         _0420_ (net)
                  0.04    0.00   18.56 v _2801_/A1 (sky130_fd_sc_hd__a21oi_1)
     1    0.00    0.10    0.11   18.67 ^ _2801_/Y (sky130_fd_sc_hd__a21oi_1)
                                         _0421_ (net)
                  0.10    0.00   18.67 ^ _2802_/A1 (sky130_fd_sc_hd__o21ba_1)
     1    0.00    0.05    0.15   18.82 ^ _2802_/X (sky130_fd_sc_hd__o21ba_1)
                                         _0422_ (net)
                  0.05    0.00   18.82 ^ _2804_/A1 (sky130_fd_sc_hd__o21ai_1)
     1    0.00    0.07    0.07   18.90 v _2804_/Y (sky130_fd_sc_hd__o21ai_1)
                                         _0424_ (net)
                  0.07    0.00   18.90 v _2805_/A1 (sky130_fd_sc_hd__a21o_1)
     4    0.02    0.09    0.23   19.13 v _2805_/X (sky130_fd_sc_hd__a21o_1)
                                         _0425_ (net)
                  0.09    0.00   19.13 v _2809_/A (sky130_fd_sc_hd__buf_6)
     5    0.03    0.04    0.16   19.29 v _2809_/X (sky130_fd_sc_hd__buf_6)
                                         _0429_ (net)
                  0.04    0.00   19.29 v _2874_/S (sky130_fd_sc_hd__mux2_4)
     2    0.01    0.06    0.32   19.61 v _2874_/X (sky130_fd_sc_hd__mux2_4)
                                         _0495_ (net)
                  0.06    0.00   19.61 v _2875_/A1 (sky130_fd_sc_hd__mux2_4)
     2    0.00    0.05    0.27   19.88 v _2875_/X (sky130_fd_sc_hd__mux2_4)
                                         _0496_ (net)
                  0.05    0.00   19.88 v _2913_/A0 (sky130_fd_sc_hd__mux2_1)
     2    0.01    0.08    0.34   20.22 v _2913_/X (sky130_fd_sc_hd__mux2_1)
                                         _0534_ (net)
                  0.08    0.00   20.22 v _2975_/A2 (sky130_fd_sc_hd__o22ai_1)
     1    0.01    0.18    0.21   20.42 ^ _2975_/Y (sky130_fd_sc_hd__o22ai_1)
                                         _0594_ (net)
                  0.18    0.00   20.42 ^ _2976_/C1 (sky130_fd_sc_hd__a221o_1)
     1    0.00    0.04    0.14   20.56 ^ _2976_/X (sky130_fd_sc_hd__a221o_1)
                                         _0595_ (net)
                  0.04    0.00   20.56 ^ _2977_/B (sky130_fd_sc_hd__and2_1)
     1    0.00    0.05    0.12   20.68 ^ _2977_/X (sky130_fd_sc_hd__and2_1)
                                         _0596_ (net)
                  0.05    0.00   20.68 ^ _2978_/A (sky130_fd_sc_hd__clkbuf_1)
     1    0.00    0.04    0.08   20.76 ^ _2978_/X (sky130_fd_sc_hd__clkbuf_1)
                                         _0019_ (net)
                  0.04    0.00   20.76 ^ _3102_/D (sky130_fd_sc_hd__dfxtp_1)
                                 20.76   data arrival time

                         10.00   10.00   clock clock (rise edge)
                          0.00   10.00   clock source latency
     1    0.01    0.04    0.03   10.03 ^ clock (in)
                                         clock (net)
                  0.04    0.00   10.03 ^ clkbuf_0_clock/A (sky130_fd_sc_hd__clkbuf_16)
     4    0.03    0.05    0.13   10.15 ^ clkbuf_0_clock/X (sky130_fd_sc_hd__clkbuf_16)
                                         clknet_0_clock (net)
                  0.05    0.00   10.15 ^ clkbuf_2_3__f_clock/A (sky130_fd_sc_hd__clkbuf_16)
    10    0.03    0.05    0.13   10.28 ^ clkbuf_2_3__f_clock/X (sky130_fd_sc_hd__clkbuf_16)
                                         clknet_2_3__leaf_clock (net)
                  0.05    0.00   10.28 ^ _3102_/CLK (sky130_fd_sc_hd__dfxtp_1)
                         -0.25   10.03   clock uncertainty
                          0.00   10.03   clock reconvergence pessimism
                         -0.05    9.98   library setup time
                                  9.98   data required time
-----------------------------------------------------------------------------
                                  9.98   data required time
                                -20.76   data arrival time
-----------------------------------------------------------------------------
                                -10.78   slack (VIOLATED)


Startpoint: io_inScaleA[6] (input port clocked by clock)
Endpoint: _3106_ (rising edge-triggered flip-flop clocked by clock)
Path Group: clock
Path Type: max

Fanout     Cap    Slew   Delay    Time   Description
-----------------------------------------------------------------------------
                          0.00    0.00   clock clock (rise edge)
                          0.00    0.00   clock network delay (propagated)
                          2.00    2.00 v input external delay
     1    0.01    0.02    0.01    2.01 v io_inScaleA[6] (in)
                                         io_inScaleA[6] (net)
                  0.02    0.00    2.01 v input15/A (sky130_fd_sc_hd__buf_8)
     4    0.02    0.03    0.12    2.13 v input15/X (sky130_fd_sc_hd__buf_8)
                                         net15 (net)
                  0.03    0.00    2.13 v _1585_/A1 (sky130_fd_sc_hd__o21ai_4)
     5    0.03    0.27    0.26    2.39 ^ _1585_/Y (sky130_fd_sc_hd__o21ai_4)
                                         _0419_ (net)
                  0.27    0.00    2.39 ^ _1595_/B (sky130_fd_sc_hd__xnor2_2)
     1    0.01    0.07    0.12    2.51 v _1595_/Y (sky130_fd_sc_hd__xnor2_2)
                                         _0521_ (net)
                  0.07    0.00    2.51 v _1596_/A (sky130_fd_sc_hd__xnor2_2)
     2    0.01    0.23    0.26    2.77 ^ _1596_/Y (sky130_fd_sc_hd__xnor2_2)
                                         _0530_ (net)
                  0.23    0.00    2.77 ^ _1597_/A (sky130_fd_sc_hd__xnor2_2)
     2    0.01    0.09    0.14    2.91 v _1597_/Y (sky130_fd_sc_hd__xnor2_2)
                                         _0540_ (net)
                  0.09    0.00    2.91 v _1621_/B (sky130_fd_sc_hd__or3_4)
     1    0.00    0.06    0.39    3.30 v _1621_/X (sky130_fd_sc_hd__or3_4)
                                         _0705_ (net)
                  0.06    0.00    3.30 v _1622_/B1_N (sky130_fd_sc_hd__a21bo_4)
     2    0.01    0.05    0.20    3.50 ^ _1622_/X (sky130_fd_sc_hd__a21bo_4)
                                         _0706_ (net)
                  0.05    0.00    3.50 ^ _1626_/B (sky130_fd_sc_hd__xor2_2)
     2    0.01    0.19    0.21    3.71 ^ _1626_/X (sky130_fd_sc_hd__xor2_2)
                                         _0710_ (net)
                  0.19    0.00    3.71 ^ _1627_/A (sky130_fd_sc_hd__xnor2_2)
     2    0.02    0.31    0.21    3.92 ^ _1627_/Y (sky130_fd_sc_hd__xnor2_2)
                                         _0711_ (net)
                  0.31    0.00    3.92 ^ _1628_/A (sky130_fd_sc_hd__xor2_4)
     2    0.02    0.19    0.25    4.16 ^ _1628_/X (sky130_fd_sc_hd__xor2_4)
                                         _0712_ (net)
                  0.19    0.00    4.17 ^ _1633_/A_N (sky130_fd_sc_hd__and2b_1)
     1    0.00    0.03    0.21    4.38 v _1633_/X (sky130_fd_sc_hd__and2b_1)
                                         _0717_ (net)
                  0.03    0.00    4.38 v _1634_/B1 (sky130_fd_sc_hd__a31o_1)
     2    0.01    0.08    0.23    4.61 v _1634_/X (sky130_fd_sc_hd__a31o_1)
                                         _0718_ (net)
                  0.08    0.00    4.61 v _1722_/C (sky130_fd_sc_hd__or3_4)
     2    0.00    0.07    0.35    4.97 v _1722_/X (sky130_fd_sc_hd__or3_4)
                                         _0806_ (net)
                  0.07    0.00    4.97 v _1783_/A (sky130_fd_sc_hd__and3_1)
     1    0.01    0.06    0.19    5.15 v _1783_/X (sky130_fd_sc_hd__and3_1)
                                         _0867_ (net)
                  0.06    0.00    5.15 v _1784_/B (sky130_fd_sc_hd__xnor2_2)
     2    0.01    0.07    0.16    5.31 v _1784_/Y (sky130_fd_sc_hd__xnor2_2)
                                         _0868_ (net)
                  0.07    0.00    5.31 v _1785_/A (sky130_fd_sc_hd__xnor2_1)
     2    0.01    0.24    0.26    5.58 ^ _1785_/Y (sky130_fd_sc_hd__xnor2_1)
                                         _0869_ (net)
                  0.24    0.00    5.58 ^ _1786_/B (sky130_fd_sc_hd__or3_4)
     1    0.00    0.03    0.18    5.76 ^ _1786_/X (sky130_fd_sc_hd__or3_4)
                                         _0870_ (net)
                  0.03    0.00    5.76 ^ _1787_/B1_N (sky130_fd_sc_hd__a21bo_4)
     2    0.01    0.05    0.24    5.99 v _1787_/X (sky130_fd_sc_hd__a21bo_4)
                                         _0871_ (net)
                  0.05    0.00    6.00 v _1789_/A (sky130_fd_sc_hd__xor2_2)
     2    0.01    0.11    0.20    6.20 v _1789_/X (sky130_fd_sc_hd__xor2_2)
                                         _0873_ (net)
                  0.11    0.00    6.20 v _1832_/A2 (sky130_fd_sc_hd__o21bai_4)
     3    0.01    0.14    0.18    6.38 ^ _1832_/Y (sky130_fd_sc_hd__o21bai_4)
                                         _0916_ (net)
                  0.14    0.00    6.38 ^ _1834_/A1 (sky130_fd_sc_hd__a21o_1)
     2    0.01    0.13    0.21    6.59 ^ _1834_/X (sky130_fd_sc_hd__a21o_1)
                                         _0918_ (net)
                  0.13    0.00    6.59 ^ _1836_/A1 (sky130_fd_sc_hd__a21oi_4)
     3    0.02    0.06    0.09    6.68 v _1836_/Y (sky130_fd_sc_hd__a21oi_4)
                                         _0920_ (net)
                  0.06    0.00    6.68 v _1840_/A1 (sky130_fd_sc_hd__o211a_1)
     2    0.01    0.06    0.27    6.95 v _1840_/X (sky130_fd_sc_hd__o211a_1)
                                         _0924_ (net)
                  0.06    0.00    6.95 v _1841_/A2 (sky130_fd_sc_hd__o31a_4)
     4    0.02    0.07    0.39    7.33 v _1841_/X (sky130_fd_sc_hd__o31a_4)
                                         _0925_ (net)
                  0.07    0.00    7.33 v rebuffer28/A (sky130_fd_sc_hd__buf_8)
     1    0.02    0.03    0.14    7.47 v rebuffer28/X (sky130_fd_sc_hd__buf_8)
                                         net83 (net)
                  0.03    0.00    7.48 v _1879_/B (sky130_fd_sc_hd__xnor2_4)
     7    0.02    0.19    0.19    7.67 ^ _1879_/Y (sky130_fd_sc_hd__xnor2_4)
                                         _0963_ (net)
                  0.19    0.00    7.67 ^ _1934_/C (sky130_fd_sc_hd__and4_1)
     2    0.01    0.09    0.25    7.92 ^ _1934_/X (sky130_fd_sc_hd__and4_1)
                                         _1018_ (net)
                  0.09    0.00    7.92 ^ _1935_/A (sky130_fd_sc_hd__buf_6)
     5    0.01    0.04    0.12    8.04 ^ _1935_/X (sky130_fd_sc_hd__buf_6)
                                         _1019_ (net)
                  0.04    0.00    8.04 ^ _1936_/A (sky130_fd_sc_hd__and2_4)
     1    0.01    0.04    0.14    8.18 ^ _1936_/X (sky130_fd_sc_hd__and2_4)
                                         _1020_ (net)
                  0.04    0.00    8.18 ^ _1937_/A (sky130_fd_sc_hd__buf_8)
     7    0.04    0.07    0.13    8.30 ^ _1937_/X (sky130_fd_sc_hd__buf_8)
                                         _1021_ (net)
                  0.07    0.00    8.30 ^ _1942_/B (sky130_fd_sc_hd__xnor2_4)
     2    0.01    0.08    0.08    8.39 v _1942_/Y (sky130_fd_sc_hd__xnor2_4)
                                         _1026_ (net)
                  0.08    0.00    8.39 v _1952_/A1 (sky130_fd_sc_hd__o221a_1)
     2    0.01    0.08    0.32    8.70 v _1952_/X (sky130_fd_sc_hd__o221a_1)
                                         _1036_ (net)
                  0.08    0.00    8.70 v _1955_/A (sky130_fd_sc_hd__nor2b_2)
     2    0.02    0.19    0.21    8.92 ^ _1955_/Y (sky130_fd_sc_hd__nor2b_2)
                                         _1039_ (net)
                  0.19    0.00    8.92 ^ _1958_/A1 (sky130_fd_sc_hd__a31oi_4)
     5    0.01    0.09    0.13    9.04 v _1958_/Y (sky130_fd_sc_hd__a31oi_4)
                                         _1042_ (net)
                  0.09    0.00    9.04 v _1959_/B (sky130_fd_sc_hd__or3_4)
     4    0.02    0.10    0.45    9.49 v _1959_/X (sky130_fd_sc_hd__or3_4)
                                         _1043_ (net)
                  0.10    0.00    9.49 v _1965_/A2 (sky130_fd_sc_hd__a21o_4)
     2    0.02    0.06    0.27    9.77 v _1965_/X (sky130_fd_sc_hd__a21o_4)
                                         _1049_ (net)
                  0.06    0.00    9.77 v _1971_/A2 (sky130_fd_sc_hd__a21o_4)
     2    0.02    0.06    0.25   10.02 v _1971_/X (sky130_fd_sc_hd__a21o_4)
                                         _1055_ (net)
                  0.06    0.00   10.02 v _1977_/A2 (sky130_fd_sc_hd__a21bo_4)
     2    0.02    0.06    0.26   10.28 v _1977_/X (sky130_fd_sc_hd__a21bo_4)
                                         _1061_ (net)
                  0.06    0.00   10.28 v _1986_/A2 (sky130_fd_sc_hd__a21o_4)
     2    0.02    0.05    0.25   10.53 v _1986_/X (sky130_fd_sc_hd__a21o_4)
                                         _1070_ (net)
                  0.05    0.00   10.54 v _1989_/A2 (sky130_fd_sc_hd__a21o_1)
     2    0.02    0.10    0.25   10.79 v _1989_/X (sky130_fd_sc_hd__a21o_1)
                                         _1073_ (net)
                  0.10    0.00   10.79 v _1992_/A2 (sky130_fd_sc_hd__a21oi_4)
     3    0.02    0.19    0.24   11.03 ^ _1992_/Y (sky130_fd_sc_hd__a21oi_4)
                                         _1076_ (net)
                  0.19    0.00   11.03 ^ max_cap1/A (sky130_fd_sc_hd__buf_4)
     3    0.04    0.11    0.22   11.25 ^ max_cap1/X (sky130_fd_sc_hd__buf_4)
                                         net90 (net)
                  0.11    0.00   11.25 ^ _1993_/A (sky130_fd_sc_hd__xnor2_4)
     6    0.04    0.34    0.21   11.46 ^ _1993_/Y (sky130_fd_sc_hd__xnor2_4)
                                         _1077_ (net)
                  0.34    0.00   11.47 ^ _2029_/S (sky130_fd_sc_hd__mux2_4)
     5    0.01    0.06    0.38   11.84 v _2029_/X (sky130_fd_sc_hd__mux2_4)
                                         _1113_ (net)
                  0.06    0.00   11.84 v _2109_/A (sky130_fd_sc_hd__buf_2)
    10    0.03    0.07    0.18   12.02 v _2109_/X (sky130_fd_sc_hd__buf_2)
                                         _1193_ (net)
                  0.07    0.00   12.02 v _2230_/A1 (sky130_fd_sc_hd__a21o_1)
     3    0.01    0.06    0.20   12.22 v _2230_/X (sky130_fd_sc_hd__a21o_1)
                                         _1314_ (net)
                  0.06    0.00   12.22 v _2310_/A3 (sky130_fd_sc_hd__a311o_1)
     1    0.01    0.08    0.41   12.63 v _2310_/X (sky130_fd_sc_hd__a311o_1)
                                         _1394_ (net)
                  0.08    0.00   12.63 v _2315_/A3 (sky130_fd_sc_hd__a31oi_4)
     1    0.01    0.12    0.19   12.82 ^ _2315_/Y (sky130_fd_sc_hd__a31oi_4)
                                         _1399_ (net)
                  0.12    0.00   12.82 ^ _2316_/C1 (sky130_fd_sc_hd__a311o_1)
     3    0.01    0.14    0.20   13.02 ^ _2316_/X (sky130_fd_sc_hd__a311o_1)
                                         _1400_ (net)
                  0.14    0.00   13.02 ^ rebuffer6/A (sky130_fd_sc_hd__clkbuf_1)
     1    0.00    0.05    0.12   13.14 ^ rebuffer6/X (sky130_fd_sc_hd__clkbuf_1)
                                         net61 (net)
                  0.05    0.00   13.14 ^ _2320_/B (sky130_fd_sc_hd__nand3_1)
     2    0.01    0.10    0.12   13.26 v _2320_/Y (sky130_fd_sc_hd__nand3_1)
                                         _1404_ (net)
                  0.10    0.00   13.26 v _2357_/A1 (sky130_fd_sc_hd__a2111o_4)
     4    0.02    0.09    0.52   13.78 v _2357_/X (sky130_fd_sc_hd__a2111o_4)
                                         _1441_ (net)
                  0.09    0.00   13.78 v _2359_/A1 (sky130_fd_sc_hd__a21o_1)
     3    0.01    0.06    0.21   13.99 v _2359_/X (sky130_fd_sc_hd__a21o_1)
                                         _1443_ (net)
                  0.06    0.00   13.99 v _2374_/A1 (sky130_fd_sc_hd__a311o_1)
     3    0.01    0.09    0.32   14.31 v _2374_/X (sky130_fd_sc_hd__a311o_1)
                                         _1459_ (net)
                  0.09    0.00   14.31 v _2391_/A2 (sky130_fd_sc_hd__a2111o_1)
     2    0.01    0.10    0.50   14.81 v _2391_/X (sky130_fd_sc_hd__a2111o_1)
                                         _1478_ (net)
                  0.10    0.00   14.81 v _2400_/A1 (sky130_fd_sc_hd__a41oi_4)
     4    0.02    0.23    0.22   15.03 ^ _2400_/Y (sky130_fd_sc_hd__a41oi_4)
                                         _1488_ (net)
                  0.23    0.00   15.03 ^ _2437_/A1 (sky130_fd_sc_hd__a311oi_2)
     2    0.00    0.10    0.14   15.17 v _2437_/Y (sky130_fd_sc_hd__a311oi_2)
                                         _1527_ (net)
                  0.10    0.00   15.17 v _2461_/A1 (sky130_fd_sc_hd__a2111o_1)
     2    0.00    0.07    0.40   15.57 v _2461_/X (sky130_fd_sc_hd__a2111o_1)
                                         _0047_ (net)
                  0.07    0.00   15.57 v _2489_/A2 (sky130_fd_sc_hd__a21o_1)
     2    0.00    0.04    0.19   15.76 v _2489_/X (sky130_fd_sc_hd__a21o_1)
                                         _0077_ (net)
                  0.04    0.00   15.76 v _2495_/A (sky130_fd_sc_hd__and3_1)
     3    0.01    0.07    0.18   15.94 v _2495_/X (sky130_fd_sc_hd__and3_1)
                                         _0084_ (net)
                  0.07    0.00   15.94 v _2557_/A3 (sky130_fd_sc_hd__o311a_4)
     2    0.01    0.06    0.33   16.27 v _2557_/X (sky130_fd_sc_hd__o311a_4)
                                         _0152_ (net)
                  0.06    0.00   16.27 v _2570_/A3 (sky130_fd_sc_hd__o31a_4)
     3    0.01    0.06    0.31   16.58 v _2570_/X (sky130_fd_sc_hd__o31a_4)
                                         _0167_ (net)
                  0.06    0.00   16.59 v _2774_/S (sky130_fd_sc_hd__mux2_4)
     4    0.01    0.06    0.34   16.92 v _2774_/X (sky130_fd_sc_hd__mux2_4)
                                         _0391_ (net)
                  0.06    0.00   16.92 v _2790_/B2 (sky130_fd_sc_hd__a221o_1)
     1    0.00    0.06    0.34   17.27 v _2790_/X (sky130_fd_sc_hd__a221o_1)
                                         _0409_ (net)
                  0.06    0.00   17.27 v _2791_/A1 (sky130_fd_sc_hd__a21bo_1)
     1    0.00    0.04    0.18   17.45 v _2791_/X (sky130_fd_sc_hd__a21bo_1)
                                         _0410_ (net)
                  0.04    0.00   17.45 v _2792_/A1 (sky130_fd_sc_hd__a21o_1)
     1    0.00    0.04    0.16   17.61 v _2792_/X (sky130_fd_sc_hd__a21o_1)
                                         _0411_ (net)
                  0.04    0.00   17.61 v _2793_/A1 (sky130_fd_sc_hd__a21o_1)
     1    0.00    0.04    0.16   17.77 v _2793_/X (sky130_fd_sc_hd__a21o_1)
                                         _0412_ (net)
                  0.04    0.00   17.77 v _2794_/A1 (sky130_fd_sc_hd__a21o_1)
     1    0.00    0.03    0.15   17.92 v _2794_/X (sky130_fd_sc_hd__a21o_1)
                                         _0413_ (net)
                  0.03    0.00   17.92 v _2796_/A1 (sky130_fd_sc_hd__a21o_1)
     1    0.00    0.04    0.16   18.09 v _2796_/X (sky130_fd_sc_hd__a21o_1)
                                         _0415_ (net)
                  0.04    0.00   18.09 v _2797_/A1 (sky130_fd_sc_hd__a21o_1)
     1    0.00    0.04    0.16   18.25 v _2797_/X (sky130_fd_sc_hd__a21o_1)
                                         _0416_ (net)
                  0.04    0.00   18.25 v _2798_/A1 (sky130_fd_sc_hd__a21o_1)
     1    0.00    0.03    0.15   18.40 v _2798_/X (sky130_fd_sc_hd__a21o_1)
                                         _0417_ (net)
                  0.03    0.00   18.40 v _2800_/A1 (sky130_fd_sc_hd__a21o_1)
     1    0.00    0.04    0.16   18.56 v _2800_/X (sky130_fd_sc_hd__a21o_1)
                                         _0420_ (net)
                  0.04    0.00   18.56 v _2801_/A1 (sky130_fd_sc_hd__a21oi_1)
     1    0.00    0.10    0.11   18.67 ^ _2801_/Y (sky130_fd_sc_hd__a21oi_1)
                                         _0421_ (net)
                  0.10    0.00   18.67 ^ _2802_/A1 (sky130_fd_sc_hd__o21ba_1)
     1    0.00    0.05    0.15   18.82 ^ _2802_/X (sky130_fd_sc_hd__o21ba_1)
                                         _0422_ (net)
                  0.05    0.00   18.82 ^ _2804_/A1 (sky130_fd_sc_hd__o21ai_1)
     1    0.00    0.07    0.07   18.90 v _2804_/Y (sky130_fd_sc_hd__o21ai_1)
                                         _0424_ (net)
                  0.07    0.00   18.90 v _2805_/A1 (sky130_fd_sc_hd__a21o_1)
     4    0.02    0.09    0.23   19.13 v _2805_/X (sky130_fd_sc_hd__a21o_1)
                                         _0425_ (net)
                  0.09    0.00   19.13 v _2806_/A (sky130_fd_sc_hd__buf_6)
     6    0.03    0.04    0.16   19.29 v _2806_/X (sky130_fd_sc_hd__buf_6)
                                         _0426_ (net)
                  0.04    0.00   19.29 v _2884_/A (sky130_fd_sc_hd__buf_8)
     5    0.04    0.04    0.14   19.43 v _2884_/X (sky130_fd_sc_hd__buf_8)
                                         _0505_ (net)
                  0.04    0.00   19.43 v _2987_/S (sky130_fd_sc_hd__mux2_4)
     2    0.01    0.06    0.32   19.75 v _2987_/X (sky130_fd_sc_hd__mux2_4)
                                         _0605_ (net)
                  0.06    0.00   19.75 v _2999_/B2 (sky130_fd_sc_hd__a2bb2o_4)
     1    0.00    0.03    0.21   19.96 v _2999_/X (sky130_fd_sc_hd__a2bb2o_4)
                                         _0616_ (net)
                  0.03    0.00   19.96 v _3000_/A1 (sky130_fd_sc_hd__mux2_4)
     1    0.00    0.05    0.26   20.21 v _3000_/X (sky130_fd_sc_hd__mux2_4)
                                         _0618_ (net)
                  0.05    0.00   20.21 v _3002_/B1 (sky130_fd_sc_hd__a221o_1)
     1    0.00    0.05    0.30   20.52 v _3002_/X (sky130_fd_sc_hd__a221o_1)
                                         _0620_ (net)
                  0.05    0.00   20.52 v _3003_/A2 (sky130_fd_sc_hd__o21a_1)
     1    0.00    0.04    0.18   20.69 v _3003_/X (sky130_fd_sc_hd__o21a_1)
                                         _0023_ (net)
                  0.04    0.00   20.69 v _3106_/D (sky130_fd_sc_hd__dfxtp_1)
                                 20.69   data arrival time

                         10.00   10.00   clock clock (rise edge)
                          0.00   10.00   clock source latency
     1    0.01    0.04    0.03   10.03 ^ clock (in)
                                         clock (net)
                  0.04    0.00   10.03 ^ clkbuf_0_clock/A (sky130_fd_sc_hd__clkbuf_16)
     4    0.03    0.05    0.13   10.15 ^ clkbuf_0_clock/X (sky130_fd_sc_hd__clkbuf_16)
                                         clknet_0_clock (net)
                  0.05    0.00   10.15 ^ clkbuf_2_3__f_clock/A (sky130_fd_sc_hd__clkbuf_16)
    10    0.03    0.05    0.13   10.28 ^ clkbuf_2_3__f_clock/X (sky130_fd_sc_hd__clkbuf_16)
                                         clknet_2_3__leaf_clock (net)
                  0.05    0.00   10.28 ^ _3106_/CLK (sky130_fd_sc_hd__dfxtp_1)
                         -0.25   10.03   clock uncertainty
                          0.00   10.03   clock reconvergence pessimism
                         -0.11    9.93   library setup time
                                  9.93   data required time
-----------------------------------------------------------------------------
                                  9.93   data required time
                                -20.69   data arrival time
-----------------------------------------------------------------------------
                                -10.77   slack (VIOLATED)


Startpoint: io_inScaleA[6] (input port clocked by clock)
Endpoint: _3093_ (rising edge-triggered flip-flop clocked by clock)
Path Group: clock
Path Type: max

Fanout     Cap    Slew   Delay    Time   Description
-----------------------------------------------------------------------------
                          0.00    0.00   clock clock (rise edge)
                          0.00    0.00   clock network delay (propagated)
                          2.00    2.00 v input external delay
     1    0.01    0.02    0.01    2.01 v io_inScaleA[6] (in)
                                         io_inScaleA[6] (net)
                  0.02    0.00    2.01 v input15/A (sky130_fd_sc_hd__buf_8)
     4    0.02    0.03    0.12    2.13 v input15/X (sky130_fd_sc_hd__buf_8)
                                         net15 (net)
                  0.03    0.00    2.13 v _1585_/A1 (sky130_fd_sc_hd__o21ai_4)
     5    0.03    0.27    0.26    2.39 ^ _1585_/Y (sky130_fd_sc_hd__o21ai_4)
                                         _0419_ (net)
                  0.27    0.00    2.39 ^ _1595_/B (sky130_fd_sc_hd__xnor2_2)
     1    0.01    0.07    0.12    2.51 v _1595_/Y (sky130_fd_sc_hd__xnor2_2)
                                         _0521_ (net)
                  0.07    0.00    2.51 v _1596_/A (sky130_fd_sc_hd__xnor2_2)
     2    0.01    0.23    0.26    2.77 ^ _1596_/Y (sky130_fd_sc_hd__xnor2_2)
                                         _0530_ (net)
                  0.23    0.00    2.77 ^ _1597_/A (sky130_fd_sc_hd__xnor2_2)
     2    0.01    0.09    0.14    2.91 v _1597_/Y (sky130_fd_sc_hd__xnor2_2)
                                         _0540_ (net)
                  0.09    0.00    2.91 v _1621_/B (sky130_fd_sc_hd__or3_4)
     1    0.00    0.06    0.39    3.30 v _1621_/X (sky130_fd_sc_hd__or3_4)
                                         _0705_ (net)
                  0.06    0.00    3.30 v _1622_/B1_N (sky130_fd_sc_hd__a21bo_4)
     2    0.01    0.05    0.20    3.50 ^ _1622_/X (sky130_fd_sc_hd__a21bo_4)
                                         _0706_ (net)
                  0.05    0.00    3.50 ^ _1626_/B (sky130_fd_sc_hd__xor2_2)
     2    0.01    0.19    0.21    3.71 ^ _1626_/X (sky130_fd_sc_hd__xor2_2)
                                         _0710_ (net)
                  0.19    0.00    3.71 ^ _1627_/A (sky130_fd_sc_hd__xnor2_2)
     2    0.02    0.31    0.21    3.92 ^ _1627_/Y (sky130_fd_sc_hd__xnor2_2)
                                         _0711_ (net)
                  0.31    0.00    3.92 ^ _1628_/A (sky130_fd_sc_hd__xor2_4)
     2    0.02    0.19    0.25    4.16 ^ _1628_/X (sky130_fd_sc_hd__xor2_4)
                                         _0712_ (net)
                  0.19    0.00    4.17 ^ _1633_/A_N (sky130_fd_sc_hd__and2b_1)
     1    0.00    0.03    0.21    4.38 v _1633_/X (sky130_fd_sc_hd__and2b_1)
                                         _0717_ (net)
                  0.03    0.00    4.38 v _1634_/B1 (sky130_fd_sc_hd__a31o_1)
     2    0.01    0.08    0.23    4.61 v _1634_/X (sky130_fd_sc_hd__a31o_1)
                                         _0718_ (net)
                  0.08    0.00    4.61 v _1722_/C (sky130_fd_sc_hd__or3_4)
     2    0.00    0.07    0.35    4.97 v _1722_/X (sky130_fd_sc_hd__or3_4)
                                         _0806_ (net)
                  0.07    0.00    4.97 v _1783_/A (sky130_fd_sc_hd__and3_1)
     1    0.01    0.06    0.19    5.15 v _1783_/X (sky130_fd_sc_hd__and3_1)
                                         _0867_ (net)
                  0.06    0.00    5.15 v _1784_/B (sky130_fd_sc_hd__xnor2_2)
     2    0.01    0.07    0.16    5.31 v _1784_/Y (sky130_fd_sc_hd__xnor2_2)
                                         _0868_ (net)
                  0.07    0.00    5.31 v _1785_/A (sky130_fd_sc_hd__xnor2_1)
     2    0.01    0.24    0.26    5.58 ^ _1785_/Y (sky130_fd_sc_hd__xnor2_1)
                                         _0869_ (net)
                  0.24    0.00    5.58 ^ _1786_/B (sky130_fd_sc_hd__or3_4)
     1    0.00    0.03    0.18    5.76 ^ _1786_/X (sky130_fd_sc_hd__or3_4)
                                         _0870_ (net)
                  0.03    0.00    5.76 ^ _1787_/B1_N (sky130_fd_sc_hd__a21bo_4)
     2    0.01    0.05    0.24    5.99 v _1787_/X (sky130_fd_sc_hd__a21bo_4)
                                         _0871_ (net)
                  0.05    0.00    6.00 v _1789_/A (sky130_fd_sc_hd__xor2_2)
     2    0.01    0.11    0.20    6.20 v _1789_/X (sky130_fd_sc_hd__xor2_2)
                                         _0873_ (net)
                  0.11    0.00    6.20 v _1832_/A2 (sky130_fd_sc_hd__o21bai_4)
     3    0.01    0.14    0.18    6.38 ^ _1832_/Y (sky130_fd_sc_hd__o21bai_4)
                                         _0916_ (net)
                  0.14    0.00    6.38 ^ _1834_/A1 (sky130_fd_sc_hd__a21o_1)
     2    0.01    0.13    0.21    6.59 ^ _1834_/X (sky130_fd_sc_hd__a21o_1)
                                         _0918_ (net)
                  0.13    0.00    6.59 ^ _1836_/A1 (sky130_fd_sc_hd__a21oi_4)
     3    0.02    0.06    0.09    6.68 v _1836_/Y (sky130_fd_sc_hd__a21oi_4)
                                         _0920_ (net)
                  0.06    0.00    6.68 v _1840_/A1 (sky130_fd_sc_hd__o211a_1)
     2    0.01    0.06    0.27    6.95 v _1840_/X (sky130_fd_sc_hd__o211a_1)
                                         _0924_ (net)
                  0.06    0.00    6.95 v _1841_/A2 (sky130_fd_sc_hd__o31a_4)
     4    0.02    0.07    0.39    7.33 v _1841_/X (sky130_fd_sc_hd__o31a_4)
                                         _0925_ (net)
                  0.07    0.00    7.33 v rebuffer28/A (sky130_fd_sc_hd__buf_8)
     1    0.02    0.03    0.14    7.47 v rebuffer28/X (sky130_fd_sc_hd__buf_8)
                                         net83 (net)
                  0.03    0.00    7.48 v _1879_/B (sky130_fd_sc_hd__xnor2_4)
     7    0.02    0.19    0.19    7.67 ^ _1879_/Y (sky130_fd_sc_hd__xnor2_4)
                                         _0963_ (net)
                  0.19    0.00    7.67 ^ _1934_/C (sky130_fd_sc_hd__and4_1)
     2    0.01    0.09    0.25    7.92 ^ _1934_/X (sky130_fd_sc_hd__and4_1)
                                         _1018_ (net)
                  0.09    0.00    7.92 ^ _1935_/A (sky130_fd_sc_hd__buf_6)
     5    0.01    0.04    0.12    8.04 ^ _1935_/X (sky130_fd_sc_hd__buf_6)
                                         _1019_ (net)
                  0.04    0.00    8.04 ^ _1936_/A (sky130_fd_sc_hd__and2_4)
     1    0.01    0.04    0.14    8.18 ^ _1936_/X (sky130_fd_sc_hd__and2_4)
                                         _1020_ (net)
                  0.04    0.00    8.18 ^ _1937_/A (sky130_fd_sc_hd__buf_8)
     7    0.04    0.07    0.13    8.30 ^ _1937_/X (sky130_fd_sc_hd__buf_8)
                                         _1021_ (net)
                  0.07    0.00    8.30 ^ _1942_/B (sky130_fd_sc_hd__xnor2_4)
     2    0.01    0.08    0.08    8.39 v _1942_/Y (sky130_fd_sc_hd__xnor2_4)
                                         _1026_ (net)
                  0.08    0.00    8.39 v _1952_/A1 (sky130_fd_sc_hd__o221a_1)
     2    0.01    0.08    0.32    8.70 v _1952_/X (sky130_fd_sc_hd__o221a_1)
                                         _1036_ (net)
                  0.08    0.00    8.70 v _1955_/A (sky130_fd_sc_hd__nor2b_2)
     2    0.02    0.19    0.21    8.92 ^ _1955_/Y (sky130_fd_sc_hd__nor2b_2)
                                         _1039_ (net)
                  0.19    0.00    8.92 ^ _1958_/A1 (sky130_fd_sc_hd__a31oi_4)
     5    0.01    0.09    0.13    9.04 v _1958_/Y (sky130_fd_sc_hd__a31oi_4)
                                         _1042_ (net)
                  0.09    0.00    9.04 v _1959_/B (sky130_fd_sc_hd__or3_4)
     4    0.02    0.10    0.45    9.49 v _1959_/X (sky130_fd_sc_hd__or3_4)
                                         _1043_ (net)
                  0.10    0.00    9.49 v _1965_/A2 (sky130_fd_sc_hd__a21o_4)
     2    0.02    0.06    0.27    9.77 v _1965_/X (sky130_fd_sc_hd__a21o_4)
                                         _1049_ (net)
                  0.06    0.00    9.77 v _1971_/A2 (sky130_fd_sc_hd__a21o_4)
     2    0.02    0.06    0.25   10.02 v _1971_/X (sky130_fd_sc_hd__a21o_4)
                                         _1055_ (net)
                  0.06    0.00   10.02 v _1977_/A2 (sky130_fd_sc_hd__a21bo_4)
     2    0.02    0.06    0.26   10.28 v _1977_/X (sky130_fd_sc_hd__a21bo_4)
                                         _1061_ (net)
                  0.06    0.00   10.28 v _1986_/A2 (sky130_fd_sc_hd__a21o_4)
     2    0.02    0.05    0.25   10.53 v _1986_/X (sky130_fd_sc_hd__a21o_4)
                                         _1070_ (net)
                  0.05    0.00   10.54 v _1989_/A2 (sky130_fd_sc_hd__a21o_1)
     2    0.02    0.10    0.25   10.79 v _1989_/X (sky130_fd_sc_hd__a21o_1)
                                         _1073_ (net)
                  0.10    0.00   10.79 v _1992_/A2 (sky130_fd_sc_hd__a21oi_4)
     3    0.02    0.19    0.24   11.03 ^ _1992_/Y (sky130_fd_sc_hd__a21oi_4)
                                         _1076_ (net)
                  0.19    0.00   11.03 ^ max_cap1/A (sky130_fd_sc_hd__buf_4)
     3    0.04    0.11    0.22   11.25 ^ max_cap1/X (sky130_fd_sc_hd__buf_4)
                                         net90 (net)
                  0.11    0.00   11.25 ^ _1993_/A (sky130_fd_sc_hd__xnor2_4)
     6    0.04    0.34    0.21   11.46 ^ _1993_/Y (sky130_fd_sc_hd__xnor2_4)
                                         _1077_ (net)
                  0.34    0.00   11.47 ^ _2029_/S (sky130_fd_sc_hd__mux2_4)
     5    0.01    0.06    0.38   11.84 v _2029_/X (sky130_fd_sc_hd__mux2_4)
                                         _1113_ (net)
                  0.06    0.00   11.84 v _2109_/A (sky130_fd_sc_hd__buf_2)
    10    0.03    0.07    0.18   12.02 v _2109_/X (sky130_fd_sc_hd__buf_2)
                                         _1193_ (net)
                  0.07    0.00   12.02 v _2230_/A1 (sky130_fd_sc_hd__a21o_1)
     3    0.01    0.06    0.20   12.22 v _2230_/X (sky130_fd_sc_hd__a21o_1)
                                         _1314_ (net)
                  0.06    0.00   12.22 v _2310_/A3 (sky130_fd_sc_hd__a311o_1)
     1    0.01    0.08    0.41   12.63 v _2310_/X (sky130_fd_sc_hd__a311o_1)
                                         _1394_ (net)
                  0.08    0.00   12.63 v _2315_/A3 (sky130_fd_sc_hd__a31oi_4)
     1    0.01    0.12    0.19   12.82 ^ _2315_/Y (sky130_fd_sc_hd__a31oi_4)
                                         _1399_ (net)
                  0.12    0.00   12.82 ^ _2316_/C1 (sky130_fd_sc_hd__a311o_1)
     3    0.01    0.14    0.20   13.02 ^ _2316_/X (sky130_fd_sc_hd__a311o_1)
                                         _1400_ (net)
                  0.14    0.00   13.02 ^ rebuffer6/A (sky130_fd_sc_hd__clkbuf_1)
     1    0.00    0.05    0.12   13.14 ^ rebuffer6/X (sky130_fd_sc_hd__clkbuf_1)
                                         net61 (net)
                  0.05    0.00   13.14 ^ _2320_/B (sky130_fd_sc_hd__nand3_1)
     2    0.01    0.10    0.12   13.26 v _2320_/Y (sky130_fd_sc_hd__nand3_1)
                                         _1404_ (net)
                  0.10    0.00   13.26 v _2357_/A1 (sky130_fd_sc_hd__a2111o_4)
     4    0.02    0.09    0.52   13.78 v _2357_/X (sky130_fd_sc_hd__a2111o_4)
                                         _1441_ (net)
                  0.09    0.00   13.78 v _2359_/A1 (sky130_fd_sc_hd__a21o_1)
     3    0.01    0.06    0.21   13.99 v _2359_/X (sky130_fd_sc_hd__a21o_1)
                                         _1443_ (net)
                  0.06    0.00   13.99 v _2374_/A1 (sky130_fd_sc_hd__a311o_1)
     3    0.01    0.09    0.32   14.31 v _2374_/X (sky130_fd_sc_hd__a311o_1)
                                         _1459_ (net)
                  0.09    0.00   14.31 v _2391_/A2 (sky130_fd_sc_hd__a2111o_1)
     2    0.01    0.10    0.50   14.81 v _2391_/X (sky130_fd_sc_hd__a2111o_1)
                                         _1478_ (net)
                  0.10    0.00   14.81 v _2400_/A1 (sky130_fd_sc_hd__a41oi_4)
     4    0.02    0.23    0.22   15.03 ^ _2400_/Y (sky130_fd_sc_hd__a41oi_4)
                                         _1488_ (net)
                  0.23    0.00   15.03 ^ _2437_/A1 (sky130_fd_sc_hd__a311oi_2)
     2    0.00    0.10    0.14   15.17 v _2437_/Y (sky130_fd_sc_hd__a311oi_2)
                                         _1527_ (net)
                  0.10    0.00   15.17 v _2461_/A1 (sky130_fd_sc_hd__a2111o_1)
     2    0.00    0.07    0.40   15.57 v _2461_/X (sky130_fd_sc_hd__a2111o_1)
                                         _0047_ (net)
                  0.07    0.00   15.57 v _2489_/A2 (sky130_fd_sc_hd__a21o_1)
     2    0.00    0.04    0.19   15.76 v _2489_/X (sky130_fd_sc_hd__a21o_1)
                                         _0077_ (net)
                  0.04    0.00   15.76 v _2495_/A (sky130_fd_sc_hd__and3_1)
     3    0.01    0.07    0.18   15.94 v _2495_/X (sky130_fd_sc_hd__and3_1)
                                         _0084_ (net)
                  0.07    0.00   15.94 v _2557_/A3 (sky130_fd_sc_hd__o311a_4)
     2    0.01    0.06    0.33   16.27 v _2557_/X (sky130_fd_sc_hd__o311a_4)
                                         _0152_ (net)
                  0.06    0.00   16.27 v _2570_/A3 (sky130_fd_sc_hd__o31a_4)
     3    0.01    0.06    0.31   16.58 v _2570_/X (sky130_fd_sc_hd__o31a_4)
                                         _0167_ (net)
                  0.06    0.00   16.59 v _2774_/S (sky130_fd_sc_hd__mux2_4)
     4    0.01    0.06    0.34   16.92 v _2774_/X (sky130_fd_sc_hd__mux2_4)
                                         _0391_ (net)
                  0.06    0.00   16.92 v _2790_/B2 (sky130_fd_sc_hd__a221o_1)
     1    0.00    0.06    0.34   17.27 v _2790_/X (sky130_fd_sc_hd__a221o_1)
                                         _0409_ (net)
                  0.06    0.00   17.27 v _2791_/A1 (sky130_fd_sc_hd__a21bo_1)
     1    0.00    0.04    0.18   17.45 v _2791_/X (sky130_fd_sc_hd__a21bo_1)
                                         _0410_ (net)
                  0.04    0.00   17.45 v _2792_/A1 (sky130_fd_sc_hd__a21o_1)
     1    0.00    0.04    0.16   17.61 v _2792_/X (sky130_fd_sc_hd__a21o_1)
                                         _0411_ (net)
                  0.04    0.00   17.61 v _2793_/A1 (sky130_fd_sc_hd__a21o_1)
     1    0.00    0.04    0.16   17.77 v _2793_/X (sky130_fd_sc_hd__a21o_1)
                                         _0412_ (net)
                  0.04    0.00   17.77 v _2794_/A1 (sky130_fd_sc_hd__a21o_1)
     1    0.00    0.03    0.15   17.92 v _2794_/X (sky130_fd_sc_hd__a21o_1)
                                         _0413_ (net)
                  0.03    0.00   17.92 v _2796_/A1 (sky130_fd_sc_hd__a21o_1)
     1    0.00    0.04    0.16   18.09 v _2796_/X (sky130_fd_sc_hd__a21o_1)
                                         _0415_ (net)
                  0.04    0.00   18.09 v _2797_/A1 (sky130_fd_sc_hd__a21o_1)
     1    0.00    0.04    0.16   18.25 v _2797_/X (sky130_fd_sc_hd__a21o_1)
                                         _0416_ (net)
                  0.04    0.00   18.25 v _2798_/A1 (sky130_fd_sc_hd__a21o_1)
     1    0.00    0.03    0.15   18.40 v _2798_/X (sky130_fd_sc_hd__a21o_1)
                                         _0417_ (net)
                  0.03    0.00   18.40 v _2800_/A1 (sky130_fd_sc_hd__a21o_1)
     1    0.00    0.04    0.16   18.56 v _2800_/X (sky130_fd_sc_hd__a21o_1)
                                         _0420_ (net)
                  0.04    0.00   18.56 v _2801_/A1 (sky130_fd_sc_hd__a21oi_1)
     1    0.00    0.10    0.11   18.67 ^ _2801_/Y (sky130_fd_sc_hd__a21oi_1)
                                         _0421_ (net)
                  0.10    0.00   18.67 ^ _2802_/A1 (sky130_fd_sc_hd__o21ba_1)
     1    0.00    0.05    0.15   18.82 ^ _2802_/X (sky130_fd_sc_hd__o21ba_1)
                                         _0422_ (net)
                  0.05    0.00   18.82 ^ _2804_/A1 (sky130_fd_sc_hd__o21ai_1)
     1    0.00    0.07    0.07   18.90 v _2804_/Y (sky130_fd_sc_hd__o21ai_1)
                                         _0424_ (net)
                  0.07    0.00   18.90 v _2805_/A1 (sky130_fd_sc_hd__a21o_1)
     4    0.02    0.09    0.23   19.13 v _2805_/X (sky130_fd_sc_hd__a21o_1)
                                         _0425_ (net)
                  0.09    0.00   19.13 v _2806_/A (sky130_fd_sc_hd__buf_6)
     6    0.03    0.04    0.16   19.29 v _2806_/X (sky130_fd_sc_hd__buf_6)
                                         _0426_ (net)
                  0.04    0.00   19.29 v _2884_/A (sky130_fd_sc_hd__buf_8)
     5    0.04    0.04    0.14   19.43 v _2884_/X (sky130_fd_sc_hd__buf_8)
                                         _0505_ (net)
                  0.04    0.00   19.43 v _2885_/S (sky130_fd_sc_hd__mux2_4)
     2    0.01    0.06    0.32   19.75 v _2885_/X (sky130_fd_sc_hd__mux2_4)
                                         _0506_ (net)
                  0.06    0.00   19.75 v _2905_/A0 (sky130_fd_sc_hd__mux2_4)
     2    0.00    0.05    0.28   20.03 v _2905_/X (sky130_fd_sc_hd__mux2_4)
                                         _0526_ (net)
                  0.05    0.00   20.03 v _2906_/A1 (sky130_fd_sc_hd__mux2_4)
     2    0.01    0.06    0.29   20.32 v _2906_/X (sky130_fd_sc_hd__mux2_4)
                                         _0527_ (net)
                  0.06    0.00   20.32 v _2907_/B2 (sky130_fd_sc_hd__a22o_1)
     1    0.00    0.04    0.21   20.53 v _2907_/X (sky130_fd_sc_hd__a22o_1)
                                         _0528_ (net)
                  0.04    0.00   20.53 v _2908_/A2 (sky130_fd_sc_hd__o21a_1)
     1    0.00    0.04    0.17   20.70 v _2908_/X (sky130_fd_sc_hd__o21a_1)
                                         _0010_ (net)
                  0.04    0.00   20.70 v _3093_/D (sky130_fd_sc_hd__dfxtp_1)
                                 20.70   data arrival time

                         10.00   10.00   clock clock (rise edge)
                          0.00   10.00   clock source latency
     1    0.01    0.04    0.03   10.03 ^ clock (in)
                                         clock (net)
                  0.04    0.00   10.03 ^ clkbuf_0_clock/A (sky130_fd_sc_hd__clkbuf_16)
     4    0.03    0.05    0.13   10.15 ^ clkbuf_0_clock/X (sky130_fd_sc_hd__clkbuf_16)
                                         clknet_0_clock (net)
                  0.05    0.00   10.15 ^ clkbuf_2_1__f_clock/A (sky130_fd_sc_hd__clkbuf_16)
    11    0.03    0.05    0.13   10.29 ^ clkbuf_2_1__f_clock/X (sky130_fd_sc_hd__clkbuf_16)
                                         clknet_2_1__leaf_clock (net)
                  0.05    0.00   10.29 ^ _3093_/CLK (sky130_fd_sc_hd__dfxtp_1)
                         -0.25   10.04   clock uncertainty
                          0.00   10.04   clock reconvergence pessimism
                         -0.10    9.93   library setup time
                                  9.93   data required time
-----------------------------------------------------------------------------
                                  9.93   data required time
                                -20.70   data arrival time
-----------------------------------------------------------------------------
                                -10.77   slack (VIOLATED)


Startpoint: io_inScaleA[6] (input port clocked by clock)
Endpoint: _3088_ (rising edge-triggered flip-flop clocked by clock)
Path Group: clock
Path Type: max

Fanout     Cap    Slew   Delay    Time   Description
-----------------------------------------------------------------------------
                          0.00    0.00   clock clock (rise edge)
                          0.00    0.00   clock network delay (propagated)
                          2.00    2.00 v input external delay
     1    0.01    0.02    0.01    2.01 v io_inScaleA[6] (in)
                                         io_inScaleA[6] (net)
                  0.02    0.00    2.01 v input15/A (sky130_fd_sc_hd__buf_8)
     4    0.02    0.03    0.12    2.13 v input15/X (sky130_fd_sc_hd__buf_8)
                                         net15 (net)
                  0.03    0.00    2.13 v _1585_/A1 (sky130_fd_sc_hd__o21ai_4)
     5    0.03    0.27    0.26    2.39 ^ _1585_/Y (sky130_fd_sc_hd__o21ai_4)
                                         _0419_ (net)
                  0.27    0.00    2.39 ^ _1595_/B (sky130_fd_sc_hd__xnor2_2)
     1    0.01    0.07    0.12    2.51 v _1595_/Y (sky130_fd_sc_hd__xnor2_2)
                                         _0521_ (net)
                  0.07    0.00    2.51 v _1596_/A (sky130_fd_sc_hd__xnor2_2)
     2    0.01    0.23    0.26    2.77 ^ _1596_/Y (sky130_fd_sc_hd__xnor2_2)
                                         _0530_ (net)
                  0.23    0.00    2.77 ^ _1597_/A (sky130_fd_sc_hd__xnor2_2)
     2    0.01    0.09    0.14    2.91 v _1597_/Y (sky130_fd_sc_hd__xnor2_2)
                                         _0540_ (net)
                  0.09    0.00    2.91 v _1621_/B (sky130_fd_sc_hd__or3_4)
     1    0.00    0.06    0.39    3.30 v _1621_/X (sky130_fd_sc_hd__or3_4)
                                         _0705_ (net)
                  0.06    0.00    3.30 v _1622_/B1_N (sky130_fd_sc_hd__a21bo_4)
     2    0.01    0.05    0.20    3.50 ^ _1622_/X (sky130_fd_sc_hd__a21bo_4)
                                         _0706_ (net)
                  0.05    0.00    3.50 ^ _1626_/B (sky130_fd_sc_hd__xor2_2)
     2    0.01    0.19    0.21    3.71 ^ _1626_/X (sky130_fd_sc_hd__xor2_2)
                                         _0710_ (net)
                  0.19    0.00    3.71 ^ _1627_/A (sky130_fd_sc_hd__xnor2_2)
     2    0.02    0.31    0.21    3.92 ^ _1627_/Y (sky130_fd_sc_hd__xnor2_2)
                                         _0711_ (net)
                  0.31    0.00    3.92 ^ _1628_/A (sky130_fd_sc_hd__xor2_4)
     2    0.02    0.19    0.25    4.16 ^ _1628_/X (sky130_fd_sc_hd__xor2_4)
                                         _0712_ (net)
                  0.19    0.00    4.17 ^ _1633_/A_N (sky130_fd_sc_hd__and2b_1)
     1    0.00    0.03    0.21    4.38 v _1633_/X (sky130_fd_sc_hd__and2b_1)
                                         _0717_ (net)
                  0.03    0.00    4.38 v _1634_/B1 (sky130_fd_sc_hd__a31o_1)
     2    0.01    0.08    0.23    4.61 v _1634_/X (sky130_fd_sc_hd__a31o_1)
                                         _0718_ (net)
                  0.08    0.00    4.61 v _1722_/C (sky130_fd_sc_hd__or3_4)
     2    0.00    0.07    0.35    4.97 v _1722_/X (sky130_fd_sc_hd__or3_4)
                                         _0806_ (net)
                  0.07    0.00    4.97 v _1783_/A (sky130_fd_sc_hd__and3_1)
     1    0.01    0.06    0.19    5.15 v _1783_/X (sky130_fd_sc_hd__and3_1)
                                         _0867_ (net)
                  0.06    0.00    5.15 v _1784_/B (sky130_fd_sc_hd__xnor2_2)
     2    0.01    0.07    0.16    5.31 v _1784_/Y (sky130_fd_sc_hd__xnor2_2)
                                         _0868_ (net)
                  0.07    0.00    5.31 v _1785_/A (sky130_fd_sc_hd__xnor2_1)
     2    0.01    0.24    0.26    5.58 ^ _1785_/Y (sky130_fd_sc_hd__xnor2_1)
                                         _0869_ (net)
                  0.24    0.00    5.58 ^ _1786_/B (sky130_fd_sc_hd__or3_4)
     1    0.00    0.03    0.18    5.76 ^ _1786_/X (sky130_fd_sc_hd__or3_4)
                                         _0870_ (net)
                  0.03    0.00    5.76 ^ _1787_/B1_N (sky130_fd_sc_hd__a21bo_4)
     2    0.01    0.05    0.24    5.99 v _1787_/X (sky130_fd_sc_hd__a21bo_4)
                                         _0871_ (net)
                  0.05    0.00    6.00 v _1789_/A (sky130_fd_sc_hd__xor2_2)
     2    0.01    0.11    0.20    6.20 v _1789_/X (sky130_fd_sc_hd__xor2_2)
                                         _0873_ (net)
                  0.11    0.00    6.20 v _1832_/A2 (sky130_fd_sc_hd__o21bai_4)
     3    0.01    0.14    0.18    6.38 ^ _1832_/Y (sky130_fd_sc_hd__o21bai_4)
                                         _0916_ (net)
                  0.14    0.00    6.38 ^ _1834_/A1 (sky130_fd_sc_hd__a21o_1)
     2    0.01    0.13    0.21    6.59 ^ _1834_/X (sky130_fd_sc_hd__a21o_1)
                                         _0918_ (net)
                  0.13    0.00    6.59 ^ _1836_/A1 (sky130_fd_sc_hd__a21oi_4)
     3    0.02    0.06    0.09    6.68 v _1836_/Y (sky130_fd_sc_hd__a21oi_4)
                                         _0920_ (net)
                  0.06    0.00    6.68 v _1840_/A1 (sky130_fd_sc_hd__o211a_1)
     2    0.01    0.06    0.27    6.95 v _1840_/X (sky130_fd_sc_hd__o211a_1)
                                         _0924_ (net)
                  0.06    0.00    6.95 v _1841_/A2 (sky130_fd_sc_hd__o31a_4)
     4    0.02    0.07    0.39    7.33 v _1841_/X (sky130_fd_sc_hd__o31a_4)
                                         _0925_ (net)
                  0.07    0.00    7.33 v rebuffer28/A (sky130_fd_sc_hd__buf_8)
     1    0.02    0.03    0.14    7.47 v rebuffer28/X (sky130_fd_sc_hd__buf_8)
                                         net83 (net)
                  0.03    0.00    7.48 v _1879_/B (sky130_fd_sc_hd__xnor2_4)
     7    0.02    0.19    0.19    7.67 ^ _1879_/Y (sky130_fd_sc_hd__xnor2_4)
                                         _0963_ (net)
                  0.19    0.00    7.67 ^ _1934_/C (sky130_fd_sc_hd__and4_1)
     2    0.01    0.09    0.25    7.92 ^ _1934_/X (sky130_fd_sc_hd__and4_1)
                                         _1018_ (net)
                  0.09    0.00    7.92 ^ _1935_/A (sky130_fd_sc_hd__buf_6)
     5    0.01    0.04    0.12    8.04 ^ _1935_/X (sky130_fd_sc_hd__buf_6)
                                         _1019_ (net)
                  0.04    0.00    8.04 ^ _1936_/A (sky130_fd_sc_hd__and2_4)
     1    0.01    0.04    0.14    8.18 ^ _1936_/X (sky130_fd_sc_hd__and2_4)
                                         _1020_ (net)
                  0.04    0.00    8.18 ^ _1937_/A (sky130_fd_sc_hd__buf_8)
     7    0.04    0.07    0.13    8.30 ^ _1937_/X (sky130_fd_sc_hd__buf_8)
                                         _1021_ (net)
                  0.07    0.00    8.30 ^ _1942_/B (sky130_fd_sc_hd__xnor2_4)
     2    0.01    0.08    0.08    8.39 v _1942_/Y (sky130_fd_sc_hd__xnor2_4)
                                         _1026_ (net)
                  0.08    0.00    8.39 v _1952_/A1 (sky130_fd_sc_hd__o221a_1)
     2    0.01    0.08    0.32    8.70 v _1952_/X (sky130_fd_sc_hd__o221a_1)
                                         _1036_ (net)
                  0.08    0.00    8.70 v _1955_/A (sky130_fd_sc_hd__nor2b_2)
     2    0.02    0.19    0.21    8.92 ^ _1955_/Y (sky130_fd_sc_hd__nor2b_2)
                                         _1039_ (net)
                  0.19    0.00    8.92 ^ _1958_/A1 (sky130_fd_sc_hd__a31oi_4)
     5    0.01    0.09    0.13    9.04 v _1958_/Y (sky130_fd_sc_hd__a31oi_4)
                                         _1042_ (net)
                  0.09    0.00    9.04 v _1959_/B (sky130_fd_sc_hd__or3_4)
     4    0.02    0.10    0.45    9.49 v _1959_/X (sky130_fd_sc_hd__or3_4)
                                         _1043_ (net)
                  0.10    0.00    9.49 v _1965_/A2 (sky130_fd_sc_hd__a21o_4)
     2    0.02    0.06    0.27    9.77 v _1965_/X (sky130_fd_sc_hd__a21o_4)
                                         _1049_ (net)
                  0.06    0.00    9.77 v _1971_/A2 (sky130_fd_sc_hd__a21o_4)
     2    0.02    0.06    0.25   10.02 v _1971_/X (sky130_fd_sc_hd__a21o_4)
                                         _1055_ (net)
                  0.06    0.00   10.02 v _1977_/A2 (sky130_fd_sc_hd__a21bo_4)
     2    0.02    0.06    0.26   10.28 v _1977_/X (sky130_fd_sc_hd__a21bo_4)
                                         _1061_ (net)
                  0.06    0.00   10.28 v _1986_/A2 (sky130_fd_sc_hd__a21o_4)
     2    0.02    0.05    0.25   10.53 v _1986_/X (sky130_fd_sc_hd__a21o_4)
                                         _1070_ (net)
                  0.05    0.00   10.54 v _1989_/A2 (sky130_fd_sc_hd__a21o_1)
     2    0.02    0.10    0.25   10.79 v _1989_/X (sky130_fd_sc_hd__a21o_1)
                                         _1073_ (net)
                  0.10    0.00   10.79 v _1992_/A2 (sky130_fd_sc_hd__a21oi_4)
     3    0.02    0.19    0.24   11.03 ^ _1992_/Y (sky130_fd_sc_hd__a21oi_4)
                                         _1076_ (net)
                  0.19    0.00   11.03 ^ max_cap1/A (sky130_fd_sc_hd__buf_4)
     3    0.04    0.11    0.22   11.25 ^ max_cap1/X (sky130_fd_sc_hd__buf_4)
                                         net90 (net)
                  0.11    0.00   11.25 ^ _1993_/A (sky130_fd_sc_hd__xnor2_4)
     6    0.04    0.34    0.21   11.46 ^ _1993_/Y (sky130_fd_sc_hd__xnor2_4)
                                         _1077_ (net)
                  0.34    0.00   11.47 ^ _2029_/S (sky130_fd_sc_hd__mux2_4)
     5    0.01    0.06    0.38   11.84 v _2029_/X (sky130_fd_sc_hd__mux2_4)
                                         _1113_ (net)
                  0.06    0.00   11.84 v _2109_/A (sky130_fd_sc_hd__buf_2)
    10    0.03    0.07    0.18   12.02 v _2109_/X (sky130_fd_sc_hd__buf_2)
                                         _1193_ (net)
                  0.07    0.00   12.02 v _2230_/A1 (sky130_fd_sc_hd__a21o_1)
     3    0.01    0.06    0.20   12.22 v _2230_/X (sky130_fd_sc_hd__a21o_1)
                                         _1314_ (net)
                  0.06    0.00   12.22 v _2310_/A3 (sky130_fd_sc_hd__a311o_1)
     1    0.01    0.08    0.41   12.63 v _2310_/X (sky130_fd_sc_hd__a311o_1)
                                         _1394_ (net)
                  0.08    0.00   12.63 v _2315_/A3 (sky130_fd_sc_hd__a31oi_4)
     1    0.01    0.12    0.19   12.82 ^ _2315_/Y (sky130_fd_sc_hd__a31oi_4)
                                         _1399_ (net)
                  0.12    0.00   12.82 ^ _2316_/C1 (sky130_fd_sc_hd__a311o_1)
     3    0.01    0.14    0.20   13.02 ^ _2316_/X (sky130_fd_sc_hd__a311o_1)
                                         _1400_ (net)
                  0.14    0.00   13.02 ^ rebuffer6/A (sky130_fd_sc_hd__clkbuf_1)
     1    0.00    0.05    0.12   13.14 ^ rebuffer6/X (sky130_fd_sc_hd__clkbuf_1)
                                         net61 (net)
                  0.05    0.00   13.14 ^ _2320_/B (sky130_fd_sc_hd__nand3_1)
     2    0.01    0.10    0.12   13.26 v _2320_/Y (sky130_fd_sc_hd__nand3_1)
                                         _1404_ (net)
                  0.10    0.00   13.26 v _2357_/A1 (sky130_fd_sc_hd__a2111o_4)
     4    0.02    0.09    0.52   13.78 v _2357_/X (sky130_fd_sc_hd__a2111o_4)
                                         _1441_ (net)
                  0.09    0.00   13.78 v _2359_/A1 (sky130_fd_sc_hd__a21o_1)
     3    0.01    0.06    0.21   13.99 v _2359_/X (sky130_fd_sc_hd__a21o_1)
                                         _1443_ (net)
                  0.06    0.00   13.99 v _2374_/A1 (sky130_fd_sc_hd__a311o_1)
     3    0.01    0.09    0.32   14.31 v _2374_/X (sky130_fd_sc_hd__a311o_1)
                                         _1459_ (net)
                  0.09    0.00   14.31 v _2391_/A2 (sky130_fd_sc_hd__a2111o_1)
     2    0.01    0.10    0.50   14.81 v _2391_/X (sky130_fd_sc_hd__a2111o_1)
                                         _1478_ (net)
                  0.10    0.00   14.81 v _2400_/A1 (sky130_fd_sc_hd__a41oi_4)
     4    0.02    0.23    0.22   15.03 ^ _2400_/Y (sky130_fd_sc_hd__a41oi_4)
                                         _1488_ (net)
                  0.23    0.00   15.03 ^ _2437_/A1 (sky130_fd_sc_hd__a311oi_2)
     2    0.00    0.10    0.14   15.17 v _2437_/Y (sky130_fd_sc_hd__a311oi_2)
                                         _1527_ (net)
                  0.10    0.00   15.17 v _2461_/A1 (sky130_fd_sc_hd__a2111o_1)
     2    0.00    0.07    0.40   15.57 v _2461_/X (sky130_fd_sc_hd__a2111o_1)
                                         _0047_ (net)
                  0.07    0.00   15.57 v _2489_/A2 (sky130_fd_sc_hd__a21o_1)
     2    0.00    0.04    0.19   15.76 v _2489_/X (sky130_fd_sc_hd__a21o_1)
                                         _0077_ (net)
                  0.04    0.00   15.76 v _2495_/A (sky130_fd_sc_hd__and3_1)
     3    0.01    0.07    0.18   15.94 v _2495_/X (sky130_fd_sc_hd__and3_1)
                                         _0084_ (net)
                  0.07    0.00   15.94 v _2557_/A3 (sky130_fd_sc_hd__o311a_4)
     2    0.01    0.06    0.33   16.27 v _2557_/X (sky130_fd_sc_hd__o311a_4)
                                         _0152_ (net)
                  0.06    0.00   16.27 v _2570_/A3 (sky130_fd_sc_hd__o31a_4)
     3    0.01    0.06    0.31   16.58 v _2570_/X (sky130_fd_sc_hd__o31a_4)
                                         _0167_ (net)
                  0.06    0.00   16.59 v _2774_/S (sky130_fd_sc_hd__mux2_4)
     4    0.01    0.06    0.34   16.92 v _2774_/X (sky130_fd_sc_hd__mux2_4)
                                         _0391_ (net)
                  0.06    0.00   16.92 v _2790_/B2 (sky130_fd_sc_hd__a221o_1)
     1    0.00    0.06    0.34   17.27 v _2790_/X (sky130_fd_sc_hd__a221o_1)
                                         _0409_ (net)
                  0.06    0.00   17.27 v _2791_/A1 (sky130_fd_sc_hd__a21bo_1)
     1    0.00    0.04    0.18   17.45 v _2791_/X (sky130_fd_sc_hd__a21bo_1)
                                         _0410_ (net)
                  0.04    0.00   17.45 v _2792_/A1 (sky130_fd_sc_hd__a21o_1)
     1    0.00    0.04    0.16   17.61 v _2792_/X (sky130_fd_sc_hd__a21o_1)
                                         _0411_ (net)
                  0.04    0.00   17.61 v _2793_/A1 (sky130_fd_sc_hd__a21o_1)
     1    0.00    0.04    0.16   17.77 v _2793_/X (sky130_fd_sc_hd__a21o_1)
                                         _0412_ (net)
                  0.04    0.00   17.77 v _2794_/A1 (sky130_fd_sc_hd__a21o_1)
     1    0.00    0.03    0.15   17.92 v _2794_/X (sky130_fd_sc_hd__a21o_1)
                                         _0413_ (net)
                  0.03    0.00   17.92 v _2796_/A1 (sky130_fd_sc_hd__a21o_1)
     1    0.00    0.04    0.16   18.09 v _2796_/X (sky130_fd_sc_hd__a21o_1)
                                         _0415_ (net)
                  0.04    0.00   18.09 v _2797_/A1 (sky130_fd_sc_hd__a21o_1)
     1    0.00    0.04    0.16   18.25 v _2797_/X (sky130_fd_sc_hd__a21o_1)
                                         _0416_ (net)
                  0.04    0.00   18.25 v _2798_/A1 (sky130_fd_sc_hd__a21o_1)
     1    0.00    0.03    0.15   18.40 v _2798_/X (sky130_fd_sc_hd__a21o_1)
                                         _0417_ (net)
                  0.03    0.00   18.40 v _2800_/A1 (sky130_fd_sc_hd__a21o_1)
     1    0.00    0.04    0.16   18.56 v _2800_/X (sky130_fd_sc_hd__a21o_1)
                                         _0420_ (net)
                  0.04    0.00   18.56 v _2801_/A1 (sky130_fd_sc_hd__a21oi_1)
     1    0.00    0.10    0.11   18.67 ^ _2801_/Y (sky130_fd_sc_hd__a21oi_1)
                                         _0421_ (net)
                  0.10    0.00   18.67 ^ _2802_/A1 (sky130_fd_sc_hd__o21ba_1)
     1    0.00    0.05    0.15   18.82 ^ _2802_/X (sky130_fd_sc_hd__o21ba_1)
                                         _0422_ (net)
                  0.05    0.00   18.82 ^ _2804_/A1 (sky130_fd_sc_hd__o21ai_1)
     1    0.00    0.07    0.07   18.90 v _2804_/Y (sky130_fd_sc_hd__o21ai_1)
                                         _0424_ (net)
                  0.07    0.00   18.90 v _2805_/A1 (sky130_fd_sc_hd__a21o_1)
     4    0.02    0.09    0.23   19.13 v _2805_/X (sky130_fd_sc_hd__a21o_1)
                                         _0425_ (net)
                  0.09    0.00   19.13 v _2809_/A (sky130_fd_sc_hd__buf_6)
     5    0.03    0.04    0.16   19.29 v _2809_/X (sky130_fd_sc_hd__buf_6)
                                         _0429_ (net)
                  0.04    0.00   19.29 v _2810_/S (sky130_fd_sc_hd__mux2_4)
     2    0.00    0.05    0.31   19.60 v _2810_/X (sky130_fd_sc_hd__mux2_4)
                                         _0431_ (net)
                  0.05    0.00   19.60 v _2813_/A0 (sky130_fd_sc_hd__mux2_4)
     2    0.00    0.05    0.28   19.88 v _2813_/X (sky130_fd_sc_hd__mux2_4)
                                         _0434_ (net)
                  0.05    0.00   19.88 v _2852_/A0 (sky130_fd_sc_hd__mux2_4)
     2    0.00    0.05    0.28   20.16 v _2852_/X (sky130_fd_sc_hd__mux2_4)
                                         _0473_ (net)
                  0.05    0.00   20.16 v _2857_/A0 (sky130_fd_sc_hd__mux2_4)
     2    0.01    0.06    0.29   20.45 v _2857_/X (sky130_fd_sc_hd__mux2_4)
                                         _0478_ (net)
                  0.06    0.00   20.45 v _2858_/B2 (sky130_fd_sc_hd__o2bb2a_4)
     1    0.00    0.03    0.20   20.65 v _2858_/X (sky130_fd_sc_hd__o2bb2a_4)
                                         _0479_ (net)
                  0.03    0.00   20.65 v _2859_/B (sky130_fd_sc_hd__nor2_1)
     1    0.00    0.08    0.08   20.73 ^ _2859_/Y (sky130_fd_sc_hd__nor2_1)
                                         _0005_ (net)
                  0.08    0.00   20.73 ^ _3088_/D (sky130_fd_sc_hd__dfxtp_2)
                                 20.73   data arrival time

                         10.00   10.00   clock clock (rise edge)
                          0.00   10.00   clock source latency
     1    0.01    0.04    0.03   10.03 ^ clock (in)
                                         clock (net)
                  0.04    0.00   10.03 ^ clkbuf_0_clock/A (sky130_fd_sc_hd__clkbuf_16)
     4    0.03    0.05    0.13   10.15 ^ clkbuf_0_clock/X (sky130_fd_sc_hd__clkbuf_16)
                                         clknet_0_clock (net)
                  0.05    0.00   10.15 ^ clkbuf_2_3__f_clock/A (sky130_fd_sc_hd__clkbuf_16)
    10    0.03    0.05    0.13   10.28 ^ clkbuf_2_3__f_clock/X (sky130_fd_sc_hd__clkbuf_16)
                                         clknet_2_3__leaf_clock (net)
                  0.05    0.00   10.28 ^ _3088_/CLK (sky130_fd_sc_hd__dfxtp_2)
                         -0.25   10.03   clock uncertainty
                          0.00   10.03   clock reconvergence pessimism
                         -0.07    9.97   library setup time
                                  9.97   data required time
-----------------------------------------------------------------------------
                                  9.97   data required time
                                -20.73   data arrival time
-----------------------------------------------------------------------------
                                -10.76   slack (VIOLATED)


Startpoint: io_inScaleA[6] (input port clocked by clock)
Endpoint: _3104_ (rising edge-triggered flip-flop clocked by clock)
Path Group: clock
Path Type: max

Fanout     Cap    Slew   Delay    Time   Description
-----------------------------------------------------------------------------
                          0.00    0.00   clock clock (rise edge)
                          0.00    0.00   clock network delay (propagated)
                          2.00    2.00 v input external delay
     1    0.01    0.02    0.01    2.01 v io_inScaleA[6] (in)
                                         io_inScaleA[6] (net)
                  0.02    0.00    2.01 v input15/A (sky130_fd_sc_hd__buf_8)
     4    0.02    0.03    0.12    2.13 v input15/X (sky130_fd_sc_hd__buf_8)
                                         net15 (net)
                  0.03    0.00    2.13 v _1585_/A1 (sky130_fd_sc_hd__o21ai_4)
     5    0.03    0.27    0.26    2.39 ^ _1585_/Y (sky130_fd_sc_hd__o21ai_4)
                                         _0419_ (net)
                  0.27    0.00    2.39 ^ _1595_/B (sky130_fd_sc_hd__xnor2_2)
     1    0.01    0.07    0.12    2.51 v _1595_/Y (sky130_fd_sc_hd__xnor2_2)
                                         _0521_ (net)
                  0.07    0.00    2.51 v _1596_/A (sky130_fd_sc_hd__xnor2_2)
     2    0.01    0.23    0.26    2.77 ^ _1596_/Y (sky130_fd_sc_hd__xnor2_2)
                                         _0530_ (net)
                  0.23    0.00    2.77 ^ _1597_/A (sky130_fd_sc_hd__xnor2_2)
     2    0.01    0.09    0.14    2.91 v _1597_/Y (sky130_fd_sc_hd__xnor2_2)
                                         _0540_ (net)
                  0.09    0.00    2.91 v _1621_/B (sky130_fd_sc_hd__or3_4)
     1    0.00    0.06    0.39    3.30 v _1621_/X (sky130_fd_sc_hd__or3_4)
                                         _0705_ (net)
                  0.06    0.00    3.30 v _1622_/B1_N (sky130_fd_sc_hd__a21bo_4)
     2    0.01    0.05    0.20    3.50 ^ _1622_/X (sky130_fd_sc_hd__a21bo_4)
                                         _0706_ (net)
                  0.05    0.00    3.50 ^ _1626_/B (sky130_fd_sc_hd__xor2_2)
     2    0.01    0.19    0.21    3.71 ^ _1626_/X (sky130_fd_sc_hd__xor2_2)
                                         _0710_ (net)
                  0.19    0.00    3.71 ^ _1627_/A (sky130_fd_sc_hd__xnor2_2)
     2    0.02    0.31    0.21    3.92 ^ _1627_/Y (sky130_fd_sc_hd__xnor2_2)
                                         _0711_ (net)
                  0.31    0.00    3.92 ^ _1628_/A (sky130_fd_sc_hd__xor2_4)
     2    0.02    0.19    0.25    4.16 ^ _1628_/X (sky130_fd_sc_hd__xor2_4)
                                         _0712_ (net)
                  0.19    0.00    4.17 ^ _1633_/A_N (sky130_fd_sc_hd__and2b_1)
     1    0.00    0.03    0.21    4.38 v _1633_/X (sky130_fd_sc_hd__and2b_1)
                                         _0717_ (net)
                  0.03    0.00    4.38 v _1634_/B1 (sky130_fd_sc_hd__a31o_1)
     2    0.01    0.08    0.23    4.61 v _1634_/X (sky130_fd_sc_hd__a31o_1)
                                         _0718_ (net)
                  0.08    0.00    4.61 v _1722_/C (sky130_fd_sc_hd__or3_4)
     2    0.00    0.07    0.35    4.97 v _1722_/X (sky130_fd_sc_hd__or3_4)
                                         _0806_ (net)
                  0.07    0.00    4.97 v _1783_/A (sky130_fd_sc_hd__and3_1)
     1    0.01    0.06    0.19    5.15 v _1783_/X (sky130_fd_sc_hd__and3_1)
                                         _0867_ (net)
                  0.06    0.00    5.15 v _1784_/B (sky130_fd_sc_hd__xnor2_2)
     2    0.01    0.07    0.16    5.31 v _1784_/Y (sky130_fd_sc_hd__xnor2_2)
                                         _0868_ (net)
                  0.07    0.00    5.31 v _1785_/A (sky130_fd_sc_hd__xnor2_1)
     2    0.01    0.24    0.26    5.58 ^ _1785_/Y (sky130_fd_sc_hd__xnor2_1)
                                         _0869_ (net)
                  0.24    0.00    5.58 ^ _1786_/B (sky130_fd_sc_hd__or3_4)
     1    0.00    0.03    0.18    5.76 ^ _1786_/X (sky130_fd_sc_hd__or3_4)
                                         _0870_ (net)
                  0.03    0.00    5.76 ^ _1787_/B1_N (sky130_fd_sc_hd__a21bo_4)
     2    0.01    0.05    0.24    5.99 v _1787_/X (sky130_fd_sc_hd__a21bo_4)
                                         _0871_ (net)
                  0.05    0.00    6.00 v _1789_/A (sky130_fd_sc_hd__xor2_2)
     2    0.01    0.11    0.20    6.20 v _1789_/X (sky130_fd_sc_hd__xor2_2)
                                         _0873_ (net)
                  0.11    0.00    6.20 v _1832_/A2 (sky130_fd_sc_hd__o21bai_4)
     3    0.01    0.14    0.18    6.38 ^ _1832_/Y (sky130_fd_sc_hd__o21bai_4)
                                         _0916_ (net)
                  0.14    0.00    6.38 ^ _1834_/A1 (sky130_fd_sc_hd__a21o_1)
     2    0.01    0.13    0.21    6.59 ^ _1834_/X (sky130_fd_sc_hd__a21o_1)
                                         _0918_ (net)
                  0.13    0.00    6.59 ^ _1836_/A1 (sky130_fd_sc_hd__a21oi_4)
     3    0.02    0.06    0.09    6.68 v _1836_/Y (sky130_fd_sc_hd__a21oi_4)
                                         _0920_ (net)
                  0.06    0.00    6.68 v _1840_/A1 (sky130_fd_sc_hd__o211a_1)
     2    0.01    0.06    0.27    6.95 v _1840_/X (sky130_fd_sc_hd__o211a_1)
                                         _0924_ (net)
                  0.06    0.00    6.95 v _1841_/A2 (sky130_fd_sc_hd__o31a_4)
     4    0.02    0.07    0.39    7.33 v _1841_/X (sky130_fd_sc_hd__o31a_4)
                                         _0925_ (net)
                  0.07    0.00    7.33 v rebuffer28/A (sky130_fd_sc_hd__buf_8)
     1    0.02    0.03    0.14    7.47 v rebuffer28/X (sky130_fd_sc_hd__buf_8)
                                         net83 (net)
                  0.03    0.00    7.48 v _1879_/B (sky130_fd_sc_hd__xnor2_4)
     7    0.02    0.19    0.19    7.67 ^ _1879_/Y (sky130_fd_sc_hd__xnor2_4)
                                         _0963_ (net)
                  0.19    0.00    7.67 ^ _1934_/C (sky130_fd_sc_hd__and4_1)
     2    0.01    0.09    0.25    7.92 ^ _1934_/X (sky130_fd_sc_hd__and4_1)
                                         _1018_ (net)
                  0.09    0.00    7.92 ^ _1935_/A (sky130_fd_sc_hd__buf_6)
     5    0.01    0.04    0.12    8.04 ^ _1935_/X (sky130_fd_sc_hd__buf_6)
                                         _1019_ (net)
                  0.04    0.00    8.04 ^ _1936_/A (sky130_fd_sc_hd__and2_4)
     1    0.01    0.04    0.14    8.18 ^ _1936_/X (sky130_fd_sc_hd__and2_4)
                                         _1020_ (net)
                  0.04    0.00    8.18 ^ _1937_/A (sky130_fd_sc_hd__buf_8)
     7    0.04    0.07    0.13    8.30 ^ _1937_/X (sky130_fd_sc_hd__buf_8)
                                         _1021_ (net)
                  0.07    0.00    8.30 ^ _1942_/B (sky130_fd_sc_hd__xnor2_4)
     2    0.01    0.08    0.08    8.39 v _1942_/Y (sky130_fd_sc_hd__xnor2_4)
                                         _1026_ (net)
                  0.08    0.00    8.39 v _1952_/A1 (sky130_fd_sc_hd__o221a_1)
     2    0.01    0.08    0.32    8.70 v _1952_/X (sky130_fd_sc_hd__o221a_1)
                                         _1036_ (net)
                  0.08    0.00    8.70 v _1955_/A (sky130_fd_sc_hd__nor2b_2)
     2    0.02    0.19    0.21    8.92 ^ _1955_/Y (sky130_fd_sc_hd__nor2b_2)
                                         _1039_ (net)
                  0.19    0.00    8.92 ^ _1958_/A1 (sky130_fd_sc_hd__a31oi_4)
     5    0.01    0.09    0.13    9.04 v _1958_/Y (sky130_fd_sc_hd__a31oi_4)
                                         _1042_ (net)
                  0.09    0.00    9.04 v _1959_/B (sky130_fd_sc_hd__or3_4)
     4    0.02    0.10    0.45    9.49 v _1959_/X (sky130_fd_sc_hd__or3_4)
                                         _1043_ (net)
                  0.10    0.00    9.49 v _1965_/A2 (sky130_fd_sc_hd__a21o_4)
     2    0.02    0.06    0.27    9.77 v _1965_/X (sky130_fd_sc_hd__a21o_4)
                                         _1049_ (net)
                  0.06    0.00    9.77 v _1971_/A2 (sky130_fd_sc_hd__a21o_4)
     2    0.02    0.06    0.25   10.02 v _1971_/X (sky130_fd_sc_hd__a21o_4)
                                         _1055_ (net)
                  0.06    0.00   10.02 v _1977_/A2 (sky130_fd_sc_hd__a21bo_4)
     2    0.02    0.06    0.26   10.28 v _1977_/X (sky130_fd_sc_hd__a21bo_4)
                                         _1061_ (net)
                  0.06    0.00   10.28 v _1986_/A2 (sky130_fd_sc_hd__a21o_4)
     2    0.02    0.05    0.25   10.53 v _1986_/X (sky130_fd_sc_hd__a21o_4)
                                         _1070_ (net)
                  0.05    0.00   10.54 v _1989_/A2 (sky130_fd_sc_hd__a21o_1)
     2    0.02    0.10    0.25   10.79 v _1989_/X (sky130_fd_sc_hd__a21o_1)
                                         _1073_ (net)
                  0.10    0.00   10.79 v _1992_/A2 (sky130_fd_sc_hd__a21oi_4)
     3    0.02    0.19    0.24   11.03 ^ _1992_/Y (sky130_fd_sc_hd__a21oi_4)
                                         _1076_ (net)
                  0.19    0.00   11.03 ^ max_cap1/A (sky130_fd_sc_hd__buf_4)
     3    0.04    0.11    0.22   11.25 ^ max_cap1/X (sky130_fd_sc_hd__buf_4)
                                         net90 (net)
                  0.11    0.00   11.25 ^ _1993_/A (sky130_fd_sc_hd__xnor2_4)
     6    0.04    0.34    0.21   11.46 ^ _1993_/Y (sky130_fd_sc_hd__xnor2_4)
                                         _1077_ (net)
                  0.34    0.00   11.47 ^ _2029_/S (sky130_fd_sc_hd__mux2_4)
     5    0.01    0.06    0.38   11.84 v _2029_/X (sky130_fd_sc_hd__mux2_4)
                                         _1113_ (net)
                  0.06    0.00   11.84 v _2109_/A (sky130_fd_sc_hd__buf_2)
    10    0.03    0.07    0.18   12.02 v _2109_/X (sky130_fd_sc_hd__buf_2)
                                         _1193_ (net)
                  0.07    0.00   12.02 v _2230_/A1 (sky130_fd_sc_hd__a21o_1)
     3    0.01    0.06    0.20   12.22 v _2230_/X (sky130_fd_sc_hd__a21o_1)
                                         _1314_ (net)
                  0.06    0.00   12.22 v _2310_/A3 (sky130_fd_sc_hd__a311o_1)
     1    0.01    0.08    0.41   12.63 v _2310_/X (sky130_fd_sc_hd__a311o_1)
                                         _1394_ (net)
                  0.08    0.00   12.63 v _2315_/A3 (sky130_fd_sc_hd__a31oi_4)
     1    0.01    0.12    0.19   12.82 ^ _2315_/Y (sky130_fd_sc_hd__a31oi_4)
                                         _1399_ (net)
                  0.12    0.00   12.82 ^ _2316_/C1 (sky130_fd_sc_hd__a311o_1)
     3    0.01    0.14    0.20   13.02 ^ _2316_/X (sky130_fd_sc_hd__a311o_1)
                                         _1400_ (net)
                  0.14    0.00   13.02 ^ rebuffer6/A (sky130_fd_sc_hd__clkbuf_1)
     1    0.00    0.05    0.12   13.14 ^ rebuffer6/X (sky130_fd_sc_hd__clkbuf_1)
                                         net61 (net)
                  0.05    0.00   13.14 ^ _2320_/B (sky130_fd_sc_hd__nand3_1)
     2    0.01    0.10    0.12   13.26 v _2320_/Y (sky130_fd_sc_hd__nand3_1)
                                         _1404_ (net)
                  0.10    0.00   13.26 v _2357_/A1 (sky130_fd_sc_hd__a2111o_4)
     4    0.02    0.09    0.52   13.78 v _2357_/X (sky130_fd_sc_hd__a2111o_4)
                                         _1441_ (net)
                  0.09    0.00   13.78 v _2359_/A1 (sky130_fd_sc_hd__a21o_1)
     3    0.01    0.06    0.21   13.99 v _2359_/X (sky130_fd_sc_hd__a21o_1)
                                         _1443_ (net)
                  0.06    0.00   13.99 v _2374_/A1 (sky130_fd_sc_hd__a311o_1)
     3    0.01    0.09    0.32   14.31 v _2374_/X (sky130_fd_sc_hd__a311o_1)
                                         _1459_ (net)
                  0.09    0.00   14.31 v _2391_/A2 (sky130_fd_sc_hd__a2111o_1)
     2    0.01    0.10    0.50   14.81 v _2391_/X (sky130_fd_sc_hd__a2111o_1)
                                         _1478_ (net)
                  0.10    0.00   14.81 v _2400_/A1 (sky130_fd_sc_hd__a41oi_4)
     4    0.02    0.23    0.22   15.03 ^ _2400_/Y (sky130_fd_sc_hd__a41oi_4)
                                         _1488_ (net)
                  0.23    0.00   15.03 ^ _2437_/A1 (sky130_fd_sc_hd__a311oi_2)
     2    0.00    0.10    0.14   15.17 v _2437_/Y (sky130_fd_sc_hd__a311oi_2)
                                         _1527_ (net)
                  0.10    0.00   15.17 v _2461_/A1 (sky130_fd_sc_hd__a2111o_1)
     2    0.00    0.07    0.40   15.57 v _2461_/X (sky130_fd_sc_hd__a2111o_1)
                                         _0047_ (net)
                  0.07    0.00   15.57 v _2489_/A2 (sky130_fd_sc_hd__a21o_1)
     2    0.00    0.04    0.19   15.76 v _2489_/X (sky130_fd_sc_hd__a21o_1)
                                         _0077_ (net)
                  0.04    0.00   15.76 v _2495_/A (sky130_fd_sc_hd__and3_1)
     3    0.01    0.07    0.18   15.94 v _2495_/X (sky130_fd_sc_hd__and3_1)
                                         _0084_ (net)
                  0.07    0.00   15.94 v _2557_/A3 (sky130_fd_sc_hd__o311a_4)
     2    0.01    0.06    0.33   16.27 v _2557_/X (sky130_fd_sc_hd__o311a_4)
                                         _0152_ (net)
                  0.06    0.00   16.27 v _2570_/A3 (sky130_fd_sc_hd__o31a_4)
     3    0.01    0.06    0.31   16.58 v _2570_/X (sky130_fd_sc_hd__o31a_4)
                                         _0167_ (net)
                  0.06    0.00   16.59 v _2774_/S (sky130_fd_sc_hd__mux2_4)
     4    0.01    0.06    0.34   16.92 v _2774_/X (sky130_fd_sc_hd__mux2_4)
                                         _0391_ (net)
                  0.06    0.00   16.92 v _2790_/B2 (sky130_fd_sc_hd__a221o_1)
     1    0.00    0.06    0.34   17.27 v _2790_/X (sky130_fd_sc_hd__a221o_1)
                                         _0409_ (net)
                  0.06    0.00   17.27 v _2791_/A1 (sky130_fd_sc_hd__a21bo_1)
     1    0.00    0.04    0.18   17.45 v _2791_/X (sky130_fd_sc_hd__a21bo_1)
                                         _0410_ (net)
                  0.04    0.00   17.45 v _2792_/A1 (sky130_fd_sc_hd__a21o_1)
     1    0.00    0.04    0.16   17.61 v _2792_/X (sky130_fd_sc_hd__a21o_1)
                                         _0411_ (net)
                  0.04    0.00   17.61 v _2793_/A1 (sky130_fd_sc_hd__a21o_1)
     1    0.00    0.04    0.16   17.77 v _2793_/X (sky130_fd_sc_hd__a21o_1)
                                         _0412_ (net)
                  0.04    0.00   17.77 v _2794_/A1 (sky130_fd_sc_hd__a21o_1)
     1    0.00    0.03    0.15   17.92 v _2794_/X (sky130_fd_sc_hd__a21o_1)
                                         _0413_ (net)
                  0.03    0.00   17.92 v _2796_/A1 (sky130_fd_sc_hd__a21o_1)
     1    0.00    0.04    0.16   18.09 v _2796_/X (sky130_fd_sc_hd__a21o_1)
                                         _0415_ (net)
                  0.04    0.00   18.09 v _2797_/A1 (sky130_fd_sc_hd__a21o_1)
     1    0.00    0.04    0.16   18.25 v _2797_/X (sky130_fd_sc_hd__a21o_1)
                                         _0416_ (net)
                  0.04    0.00   18.25 v _2798_/A1 (sky130_fd_sc_hd__a21o_1)
     1    0.00    0.03    0.15   18.40 v _2798_/X (sky130_fd_sc_hd__a21o_1)
                                         _0417_ (net)
                  0.03    0.00   18.40 v _2800_/A1 (sky130_fd_sc_hd__a21o_1)
     1    0.00    0.04    0.16   18.56 v _2800_/X (sky130_fd_sc_hd__a21o_1)
                                         _0420_ (net)
                  0.04    0.00   18.56 v _2801_/A1 (sky130_fd_sc_hd__a21oi_1)
     1    0.00    0.10    0.11   18.67 ^ _2801_/Y (sky130_fd_sc_hd__a21oi_1)
                                         _0421_ (net)
                  0.10    0.00   18.67 ^ _2802_/A1 (sky130_fd_sc_hd__o21ba_1)
     1    0.00    0.05    0.15   18.82 ^ _2802_/X (sky130_fd_sc_hd__o21ba_1)
                                         _0422_ (net)
                  0.05    0.00   18.82 ^ _2804_/A1 (sky130_fd_sc_hd__o21ai_1)
     1    0.00    0.07    0.07   18.90 v _2804_/Y (sky130_fd_sc_hd__o21ai_1)
                                         _0424_ (net)
                  0.07    0.00   18.90 v _2805_/A1 (sky130_fd_sc_hd__a21o_1)
     4    0.02    0.09    0.23   19.13 v _2805_/X (sky130_fd_sc_hd__a21o_1)
                                         _0425_ (net)
                  0.09    0.00   19.13 v _2809_/A (sky130_fd_sc_hd__buf_6)
     5    0.03    0.04    0.16   19.29 v _2809_/X (sky130_fd_sc_hd__buf_6)
                                         _0429_ (net)
                  0.04    0.00   19.29 v _2810_/S (sky130_fd_sc_hd__mux2_4)
     2    0.00    0.05    0.31   19.60 v _2810_/X (sky130_fd_sc_hd__mux2_4)
                                         _0431_ (net)
                  0.05    0.00   19.60 v _2813_/A0 (sky130_fd_sc_hd__mux2_4)
     2    0.00    0.05    0.28   19.88 v _2813_/X (sky130_fd_sc_hd__mux2_4)
                                         _0434_ (net)
                  0.05    0.00   19.88 v _2852_/A0 (sky130_fd_sc_hd__mux2_4)
     2    0.00    0.05    0.28   20.16 v _2852_/X (sky130_fd_sc_hd__mux2_4)
                                         _0473_ (net)
                  0.05    0.00   20.16 v _2857_/A0 (sky130_fd_sc_hd__mux2_4)
     2    0.01    0.06    0.29   20.45 v _2857_/X (sky130_fd_sc_hd__mux2_4)
                                         _0478_ (net)
                  0.06    0.00   20.45 v _2986_/B (sky130_fd_sc_hd__nand2b_1)
     1    0.00    0.04    0.07   20.51 ^ _2986_/Y (sky130_fd_sc_hd__nand2b_1)
                                         _0604_ (net)
                  0.04    0.00   20.51 ^ _2991_/A (sky130_fd_sc_hd__and3_1)
     1    0.00    0.05    0.14   20.66 ^ _2991_/X (sky130_fd_sc_hd__and3_1)
                                         _0610_ (net)
                  0.05    0.00   20.66 ^ _2992_/A (sky130_fd_sc_hd__clkbuf_1)
     1    0.00    0.04    0.08   20.74 ^ _2992_/X (sky130_fd_sc_hd__clkbuf_1)
                                         _0021_ (net)
                  0.04    0.00   20.74 ^ _3104_/D (sky130_fd_sc_hd__dfxtp_1)
                                 20.74   data arrival time

                         10.00   10.00   clock clock (rise edge)
                          0.00   10.00   clock source latency
     1    0.01    0.04    0.03   10.03 ^ clock (in)
                                         clock (net)
                  0.04    0.00   10.03 ^ clkbuf_0_clock/A (sky130_fd_sc_hd__clkbuf_16)
     4    0.03    0.05    0.13   10.15 ^ clkbuf_0_clock/X (sky130_fd_sc_hd__clkbuf_16)
                                         clknet_0_clock (net)
                  0.05    0.00   10.15 ^ clkbuf_2_3__f_clock/A (sky130_fd_sc_hd__clkbuf_16)
    10    0.03    0.05    0.13   10.28 ^ clkbuf_2_3__f_clock/X (sky130_fd_sc_hd__clkbuf_16)
                                         clknet_2_3__leaf_clock (net)
                  0.05    0.00   10.28 ^ _3104_/CLK (sky130_fd_sc_hd__dfxtp_1)
                         -0.25   10.03   clock uncertainty
                          0.00   10.03   clock reconvergence pessimism
                         -0.05    9.98   library setup time
                                  9.98   data required time
-----------------------------------------------------------------------------
                                  9.98   data required time
                                -20.74   data arrival time
-----------------------------------------------------------------------------
                                -10.75   slack (VIOLATED)


Startpoint: io_inScaleA[6] (input port clocked by clock)
Endpoint: _3097_ (rising edge-triggered flip-flop clocked by clock)
Path Group: clock
Path Type: max

Fanout     Cap    Slew   Delay    Time   Description
-----------------------------------------------------------------------------
                          0.00    0.00   clock clock (rise edge)
                          0.00    0.00   clock network delay (propagated)
                          2.00    2.00 v input external delay
     1    0.01    0.02    0.01    2.01 v io_inScaleA[6] (in)
                                         io_inScaleA[6] (net)
                  0.02    0.00    2.01 v input15/A (sky130_fd_sc_hd__buf_8)
     4    0.02    0.03    0.12    2.13 v input15/X (sky130_fd_sc_hd__buf_8)
                                         net15 (net)
                  0.03    0.00    2.13 v _1585_/A1 (sky130_fd_sc_hd__o21ai_4)
     5    0.03    0.27    0.26    2.39 ^ _1585_/Y (sky130_fd_sc_hd__o21ai_4)
                                         _0419_ (net)
                  0.27    0.00    2.39 ^ _1595_/B (sky130_fd_sc_hd__xnor2_2)
     1    0.01    0.07    0.12    2.51 v _1595_/Y (sky130_fd_sc_hd__xnor2_2)
                                         _0521_ (net)
                  0.07    0.00    2.51 v _1596_/A (sky130_fd_sc_hd__xnor2_2)
     2    0.01    0.23    0.26    2.77 ^ _1596_/Y (sky130_fd_sc_hd__xnor2_2)
                                         _0530_ (net)
                  0.23    0.00    2.77 ^ _1597_/A (sky130_fd_sc_hd__xnor2_2)
     2    0.01    0.09    0.14    2.91 v _1597_/Y (sky130_fd_sc_hd__xnor2_2)
                                         _0540_ (net)
                  0.09    0.00    2.91 v _1621_/B (sky130_fd_sc_hd__or3_4)
     1    0.00    0.06    0.39    3.30 v _1621_/X (sky130_fd_sc_hd__or3_4)
                                         _0705_ (net)
                  0.06    0.00    3.30 v _1622_/B1_N (sky130_fd_sc_hd__a21bo_4)
     2    0.01    0.05    0.20    3.50 ^ _1622_/X (sky130_fd_sc_hd__a21bo_4)
                                         _0706_ (net)
                  0.05    0.00    3.50 ^ _1626_/B (sky130_fd_sc_hd__xor2_2)
     2    0.01    0.19    0.21    3.71 ^ _1626_/X (sky130_fd_sc_hd__xor2_2)
                                         _0710_ (net)
                  0.19    0.00    3.71 ^ _1627_/A (sky130_fd_sc_hd__xnor2_2)
     2    0.02    0.31    0.21    3.92 ^ _1627_/Y (sky130_fd_sc_hd__xnor2_2)
                                         _0711_ (net)
                  0.31    0.00    3.92 ^ _1628_/A (sky130_fd_sc_hd__xor2_4)
     2    0.02    0.19    0.25    4.16 ^ _1628_/X (sky130_fd_sc_hd__xor2_4)
                                         _0712_ (net)
                  0.19    0.00    4.17 ^ _1633_/A_N (sky130_fd_sc_hd__and2b_1)
     1    0.00    0.03    0.21    4.38 v _1633_/X (sky130_fd_sc_hd__and2b_1)
                                         _0717_ (net)
                  0.03    0.00    4.38 v _1634_/B1 (sky130_fd_sc_hd__a31o_1)
     2    0.01    0.08    0.23    4.61 v _1634_/X (sky130_fd_sc_hd__a31o_1)
                                         _0718_ (net)
                  0.08    0.00    4.61 v _1722_/C (sky130_fd_sc_hd__or3_4)
     2    0.00    0.07    0.35    4.97 v _1722_/X (sky130_fd_sc_hd__or3_4)
                                         _0806_ (net)
                  0.07    0.00    4.97 v _1783_/A (sky130_fd_sc_hd__and3_1)
     1    0.01    0.06    0.19    5.15 v _1783_/X (sky130_fd_sc_hd__and3_1)
                                         _0867_ (net)
                  0.06    0.00    5.15 v _1784_/B (sky130_fd_sc_hd__xnor2_2)
     2    0.01    0.07    0.16    5.31 v _1784_/Y (sky130_fd_sc_hd__xnor2_2)
                                         _0868_ (net)
                  0.07    0.00    5.31 v _1785_/A (sky130_fd_sc_hd__xnor2_1)
     2    0.01    0.24    0.26    5.58 ^ _1785_/Y (sky130_fd_sc_hd__xnor2_1)
                                         _0869_ (net)
                  0.24    0.00    5.58 ^ _1786_/B (sky130_fd_sc_hd__or3_4)
     1    0.00    0.03    0.18    5.76 ^ _1786_/X (sky130_fd_sc_hd__or3_4)
                                         _0870_ (net)
                  0.03    0.00    5.76 ^ _1787_/B1_N (sky130_fd_sc_hd__a21bo_4)
     2    0.01    0.05    0.24    5.99 v _1787_/X (sky130_fd_sc_hd__a21bo_4)
                                         _0871_ (net)
                  0.05    0.00    6.00 v _1789_/A (sky130_fd_sc_hd__xor2_2)
     2    0.01    0.11    0.20    6.20 v _1789_/X (sky130_fd_sc_hd__xor2_2)
                                         _0873_ (net)
                  0.11    0.00    6.20 v _1832_/A2 (sky130_fd_sc_hd__o21bai_4)
     3    0.01    0.14    0.18    6.38 ^ _1832_/Y (sky130_fd_sc_hd__o21bai_4)
                                         _0916_ (net)
                  0.14    0.00    6.38 ^ _1834_/A1 (sky130_fd_sc_hd__a21o_1)
     2    0.01    0.13    0.21    6.59 ^ _1834_/X (sky130_fd_sc_hd__a21o_1)
                                         _0918_ (net)
                  0.13    0.00    6.59 ^ _1836_/A1 (sky130_fd_sc_hd__a21oi_4)
     3    0.02    0.06    0.09    6.68 v _1836_/Y (sky130_fd_sc_hd__a21oi_4)
                                         _0920_ (net)
                  0.06    0.00    6.68 v _1840_/A1 (sky130_fd_sc_hd__o211a_1)
     2    0.01    0.06    0.27    6.95 v _1840_/X (sky130_fd_sc_hd__o211a_1)
                                         _0924_ (net)
                  0.06    0.00    6.95 v _1841_/A2 (sky130_fd_sc_hd__o31a_4)
     4    0.02    0.07    0.39    7.33 v _1841_/X (sky130_fd_sc_hd__o31a_4)
                                         _0925_ (net)
                  0.07    0.00    7.33 v rebuffer28/A (sky130_fd_sc_hd__buf_8)
     1    0.02    0.03    0.14    7.47 v rebuffer28/X (sky130_fd_sc_hd__buf_8)
                                         net83 (net)
                  0.03    0.00    7.48 v _1879_/B (sky130_fd_sc_hd__xnor2_4)
     7    0.02    0.19    0.19    7.67 ^ _1879_/Y (sky130_fd_sc_hd__xnor2_4)
                                         _0963_ (net)
                  0.19    0.00    7.67 ^ _1934_/C (sky130_fd_sc_hd__and4_1)
     2    0.01    0.09    0.25    7.92 ^ _1934_/X (sky130_fd_sc_hd__and4_1)
                                         _1018_ (net)
                  0.09    0.00    7.92 ^ _1935_/A (sky130_fd_sc_hd__buf_6)
     5    0.01    0.04    0.12    8.04 ^ _1935_/X (sky130_fd_sc_hd__buf_6)
                                         _1019_ (net)
                  0.04    0.00    8.04 ^ _1936_/A (sky130_fd_sc_hd__and2_4)
     1    0.01    0.04    0.14    8.18 ^ _1936_/X (sky130_fd_sc_hd__and2_4)
                                         _1020_ (net)
                  0.04    0.00    8.18 ^ _1937_/A (sky130_fd_sc_hd__buf_8)
     7    0.04    0.07    0.13    8.30 ^ _1937_/X (sky130_fd_sc_hd__buf_8)
                                         _1021_ (net)
                  0.07    0.00    8.30 ^ _1942_/B (sky130_fd_sc_hd__xnor2_4)
     2    0.01    0.08    0.08    8.39 v _1942_/Y (sky130_fd_sc_hd__xnor2_4)
                                         _1026_ (net)
                  0.08    0.00    8.39 v _1952_/A1 (sky130_fd_sc_hd__o221a_1)
     2    0.01    0.08    0.32    8.70 v _1952_/X (sky130_fd_sc_hd__o221a_1)
                                         _1036_ (net)
                  0.08    0.00    8.70 v _1955_/A (sky130_fd_sc_hd__nor2b_2)
     2    0.02    0.19    0.21    8.92 ^ _1955_/Y (sky130_fd_sc_hd__nor2b_2)
                                         _1039_ (net)
                  0.19    0.00    8.92 ^ _1958_/A1 (sky130_fd_sc_hd__a31oi_4)
     5    0.01    0.09    0.13    9.04 v _1958_/Y (sky130_fd_sc_hd__a31oi_4)
                                         _1042_ (net)
                  0.09    0.00    9.04 v _1959_/B (sky130_fd_sc_hd__or3_4)
     4    0.02    0.10    0.45    9.49 v _1959_/X (sky130_fd_sc_hd__or3_4)
                                         _1043_ (net)
                  0.10    0.00    9.49 v _1965_/A2 (sky130_fd_sc_hd__a21o_4)
     2    0.02    0.06    0.27    9.77 v _1965_/X (sky130_fd_sc_hd__a21o_4)
                                         _1049_ (net)
                  0.06    0.00    9.77 v _1971_/A2 (sky130_fd_sc_hd__a21o_4)
     2    0.02    0.06    0.25   10.02 v _1971_/X (sky130_fd_sc_hd__a21o_4)
                                         _1055_ (net)
                  0.06    0.00   10.02 v _1977_/A2 (sky130_fd_sc_hd__a21bo_4)
     2    0.02    0.06    0.26   10.28 v _1977_/X (sky130_fd_sc_hd__a21bo_4)
                                         _1061_ (net)
                  0.06    0.00   10.28 v _1986_/A2 (sky130_fd_sc_hd__a21o_4)
     2    0.02    0.05    0.25   10.53 v _1986_/X (sky130_fd_sc_hd__a21o_4)
                                         _1070_ (net)
                  0.05    0.00   10.54 v _1989_/A2 (sky130_fd_sc_hd__a21o_1)
     2    0.02    0.10    0.25   10.79 v _1989_/X (sky130_fd_sc_hd__a21o_1)
                                         _1073_ (net)
                  0.10    0.00   10.79 v _1992_/A2 (sky130_fd_sc_hd__a21oi_4)
     3    0.02    0.19    0.24   11.03 ^ _1992_/Y (sky130_fd_sc_hd__a21oi_4)
                                         _1076_ (net)
                  0.19    0.00   11.03 ^ max_cap1/A (sky130_fd_sc_hd__buf_4)
     3    0.04    0.11    0.22   11.25 ^ max_cap1/X (sky130_fd_sc_hd__buf_4)
                                         net90 (net)
                  0.11    0.00   11.25 ^ _1993_/A (sky130_fd_sc_hd__xnor2_4)
     6    0.04    0.34    0.21   11.46 ^ _1993_/Y (sky130_fd_sc_hd__xnor2_4)
                                         _1077_ (net)
                  0.34    0.00   11.47 ^ _2029_/S (sky130_fd_sc_hd__mux2_4)
     5    0.01    0.06    0.38   11.84 v _2029_/X (sky130_fd_sc_hd__mux2_4)
                                         _1113_ (net)
                  0.06    0.00   11.84 v _2109_/A (sky130_fd_sc_hd__buf_2)
    10    0.03    0.07    0.18   12.02 v _2109_/X (sky130_fd_sc_hd__buf_2)
                                         _1193_ (net)
                  0.07    0.00   12.02 v _2230_/A1 (sky130_fd_sc_hd__a21o_1)
     3    0.01    0.06    0.20   12.22 v _2230_/X (sky130_fd_sc_hd__a21o_1)
                                         _1314_ (net)
                  0.06    0.00   12.22 v _2310_/A3 (sky130_fd_sc_hd__a311o_1)
     1    0.01    0.08    0.41   12.63 v _2310_/X (sky130_fd_sc_hd__a311o_1)
                                         _1394_ (net)
                  0.08    0.00   12.63 v _2315_/A3 (sky130_fd_sc_hd__a31oi_4)
     1    0.01    0.12    0.19   12.82 ^ _2315_/Y (sky130_fd_sc_hd__a31oi_4)
                                         _1399_ (net)
                  0.12    0.00   12.82 ^ _2316_/C1 (sky130_fd_sc_hd__a311o_1)
     3    0.01    0.14    0.20   13.02 ^ _2316_/X (sky130_fd_sc_hd__a311o_1)
                                         _1400_ (net)
                  0.14    0.00   13.02 ^ rebuffer6/A (sky130_fd_sc_hd__clkbuf_1)
     1    0.00    0.05    0.12   13.14 ^ rebuffer6/X (sky130_fd_sc_hd__clkbuf_1)
                                         net61 (net)
                  0.05    0.00   13.14 ^ _2320_/B (sky130_fd_sc_hd__nand3_1)
     2    0.01    0.10    0.12   13.26 v _2320_/Y (sky130_fd_sc_hd__nand3_1)
                                         _1404_ (net)
                  0.10    0.00   13.26 v _2357_/A1 (sky130_fd_sc_hd__a2111o_4)
     4    0.02    0.09    0.52   13.78 v _2357_/X (sky130_fd_sc_hd__a2111o_4)
                                         _1441_ (net)
                  0.09    0.00   13.78 v _2359_/A1 (sky130_fd_sc_hd__a21o_1)
     3    0.01    0.06    0.21   13.99 v _2359_/X (sky130_fd_sc_hd__a21o_1)
                                         _1443_ (net)
                  0.06    0.00   13.99 v _2374_/A1 (sky130_fd_sc_hd__a311o_1)
     3    0.01    0.09    0.32   14.31 v _2374_/X (sky130_fd_sc_hd__a311o_1)
                                         _1459_ (net)
                  0.09    0.00   14.31 v _2391_/A2 (sky130_fd_sc_hd__a2111o_1)
     2    0.01    0.10    0.50   14.81 v _2391_/X (sky130_fd_sc_hd__a2111o_1)
                                         _1478_ (net)
                  0.10    0.00   14.81 v _2400_/A1 (sky130_fd_sc_hd__a41oi_4)
     4    0.02    0.23    0.22   15.03 ^ _2400_/Y (sky130_fd_sc_hd__a41oi_4)
                                         _1488_ (net)
                  0.23    0.00   15.03 ^ _2437_/A1 (sky130_fd_sc_hd__a311oi_2)
     2    0.00    0.10    0.14   15.17 v _2437_/Y (sky130_fd_sc_hd__a311oi_2)
                                         _1527_ (net)
                  0.10    0.00   15.17 v _2461_/A1 (sky130_fd_sc_hd__a2111o_1)
     2    0.00    0.07    0.40   15.57 v _2461_/X (sky130_fd_sc_hd__a2111o_1)
                                         _0047_ (net)
                  0.07    0.00   15.57 v _2489_/A2 (sky130_fd_sc_hd__a21o_1)
     2    0.00    0.04    0.19   15.76 v _2489_/X (sky130_fd_sc_hd__a21o_1)
                                         _0077_ (net)
                  0.04    0.00   15.76 v _2495_/A (sky130_fd_sc_hd__and3_1)
     3    0.01    0.07    0.18   15.94 v _2495_/X (sky130_fd_sc_hd__and3_1)
                                         _0084_ (net)
                  0.07    0.00   15.94 v _2557_/A3 (sky130_fd_sc_hd__o311a_4)
     2    0.01    0.06    0.33   16.27 v _2557_/X (sky130_fd_sc_hd__o311a_4)
                                         _0152_ (net)
                  0.06    0.00   16.27 v _2570_/A3 (sky130_fd_sc_hd__o31a_4)
     3    0.01    0.06    0.31   16.58 v _2570_/X (sky130_fd_sc_hd__o31a_4)
                                         _0167_ (net)
                  0.06    0.00   16.59 v _2774_/S (sky130_fd_sc_hd__mux2_4)
     4    0.01    0.06    0.34   16.92 v _2774_/X (sky130_fd_sc_hd__mux2_4)
                                         _0391_ (net)
                  0.06    0.00   16.92 v _2790_/B2 (sky130_fd_sc_hd__a221o_1)
     1    0.00    0.06    0.34   17.27 v _2790_/X (sky130_fd_sc_hd__a221o_1)
                                         _0409_ (net)
                  0.06    0.00   17.27 v _2791_/A1 (sky130_fd_sc_hd__a21bo_1)
     1    0.00    0.04    0.18   17.45 v _2791_/X (sky130_fd_sc_hd__a21bo_1)
                                         _0410_ (net)
                  0.04    0.00   17.45 v _2792_/A1 (sky130_fd_sc_hd__a21o_1)
     1    0.00    0.04    0.16   17.61 v _2792_/X (sky130_fd_sc_hd__a21o_1)
                                         _0411_ (net)
                  0.04    0.00   17.61 v _2793_/A1 (sky130_fd_sc_hd__a21o_1)
     1    0.00    0.04    0.16   17.77 v _2793_/X (sky130_fd_sc_hd__a21o_1)
                                         _0412_ (net)
                  0.04    0.00   17.77 v _2794_/A1 (sky130_fd_sc_hd__a21o_1)
     1    0.00    0.03    0.15   17.92 v _2794_/X (sky130_fd_sc_hd__a21o_1)
                                         _0413_ (net)
                  0.03    0.00   17.92 v _2796_/A1 (sky130_fd_sc_hd__a21o_1)
     1    0.00    0.04    0.16   18.09 v _2796_/X (sky130_fd_sc_hd__a21o_1)
                                         _0415_ (net)
                  0.04    0.00   18.09 v _2797_/A1 (sky130_fd_sc_hd__a21o_1)
     1    0.00    0.04    0.16   18.25 v _2797_/X (sky130_fd_sc_hd__a21o_1)
                                         _0416_ (net)
                  0.04    0.00   18.25 v _2798_/A1 (sky130_fd_sc_hd__a21o_1)
     1    0.00    0.03    0.15   18.40 v _2798_/X (sky130_fd_sc_hd__a21o_1)
                                         _0417_ (net)
                  0.03    0.00   18.40 v _2800_/A1 (sky130_fd_sc_hd__a21o_1)
     1    0.00    0.04    0.16   18.56 v _2800_/X (sky130_fd_sc_hd__a21o_1)
                                         _0420_ (net)
                  0.04    0.00   18.56 v _2801_/A1 (sky130_fd_sc_hd__a21oi_1)
     1    0.00    0.10    0.11   18.67 ^ _2801_/Y (sky130_fd_sc_hd__a21oi_1)
                                         _0421_ (net)
                  0.10    0.00   18.67 ^ _2802_/A1 (sky130_fd_sc_hd__o21ba_1)
     1    0.00    0.05    0.15   18.82 ^ _2802_/X (sky130_fd_sc_hd__o21ba_1)
                                         _0422_ (net)
                  0.05    0.00   18.82 ^ _2804_/A1 (sky130_fd_sc_hd__o21ai_1)
     1    0.00    0.07    0.07   18.90 v _2804_/Y (sky130_fd_sc_hd__o21ai_1)
                                         _0424_ (net)
                  0.07    0.00   18.90 v _2805_/A1 (sky130_fd_sc_hd__a21o_1)
     4    0.02    0.09    0.23   19.13 v _2805_/X (sky130_fd_sc_hd__a21o_1)
                                         _0425_ (net)
                  0.09    0.00   19.13 v _2806_/A (sky130_fd_sc_hd__buf_6)
     6    0.03    0.04    0.16   19.29 v _2806_/X (sky130_fd_sc_hd__buf_6)
                                         _0426_ (net)
                  0.04    0.00   19.29 v _2884_/A (sky130_fd_sc_hd__buf_8)
     5    0.04    0.04    0.14   19.43 v _2884_/X (sky130_fd_sc_hd__buf_8)
                                         _0505_ (net)
                  0.04    0.00   19.43 v _2885_/S (sky130_fd_sc_hd__mux2_4)
     2    0.01    0.06    0.32   19.75 v _2885_/X (sky130_fd_sc_hd__mux2_4)
                                         _0506_ (net)
                  0.06    0.00   19.75 v _2905_/A0 (sky130_fd_sc_hd__mux2_4)
     2    0.00    0.05    0.28   20.03 v _2905_/X (sky130_fd_sc_hd__mux2_4)
                                         _0526_ (net)
                  0.05    0.00   20.03 v _2940_/A0 (sky130_fd_sc_hd__mux2_4)
     2    0.01    0.06    0.29   20.32 v _2940_/X (sky130_fd_sc_hd__mux2_4)
                                         _0561_ (net)
                  0.06    0.00   20.32 v _2941_/B1 (sky130_fd_sc_hd__a22o_1)
     1    0.00    0.04    0.19   20.51 v _2941_/X (sky130_fd_sc_hd__a22o_1)
                                         _0562_ (net)
                  0.04    0.00   20.51 v _2942_/A2 (sky130_fd_sc_hd__o21a_1)
     1    0.00    0.03    0.16   20.67 v _2942_/X (sky130_fd_sc_hd__o21a_1)
                                         _0014_ (net)
                  0.03    0.00   20.67 v _3097_/D (sky130_fd_sc_hd__dfxtp_1)
                                 20.67   data arrival time

                         10.00   10.00   clock clock (rise edge)
                          0.00   10.00   clock source latency
     1    0.01    0.04    0.03   10.03 ^ clock (in)
                                         clock (net)
                  0.04    0.00   10.03 ^ clkbuf_0_clock/A (sky130_fd_sc_hd__clkbuf_16)
     4    0.03    0.05    0.13   10.15 ^ clkbuf_0_clock/X (sky130_fd_sc_hd__clkbuf_16)
                                         clknet_0_clock (net)
                  0.05    0.00   10.15 ^ clkbuf_2_1__f_clock/A (sky130_fd_sc_hd__clkbuf_16)
    11    0.03    0.05    0.13   10.29 ^ clkbuf_2_1__f_clock/X (sky130_fd_sc_hd__clkbuf_16)
                                         clknet_2_1__leaf_clock (net)
                  0.05    0.00   10.29 ^ _3097_/CLK (sky130_fd_sc_hd__dfxtp_1)
                         -0.25   10.04   clock uncertainty
                          0.00   10.04   clock reconvergence pessimism
                         -0.10    9.93   library setup time
                                  9.93   data required time
-----------------------------------------------------------------------------
                                  9.93   data required time
                                -20.67   data arrival time
-----------------------------------------------------------------------------
                                -10.74   slack (VIOLATED)


Startpoint: io_inScaleA[6] (input port clocked by clock)
Endpoint: _3105_ (rising edge-triggered flip-flop clocked by clock)
Path Group: clock
Path Type: max

Fanout     Cap    Slew   Delay    Time   Description
-----------------------------------------------------------------------------
                          0.00    0.00   clock clock (rise edge)
                          0.00    0.00   clock network delay (propagated)
                          2.00    2.00 v input external delay
     1    0.01    0.02    0.01    2.01 v io_inScaleA[6] (in)
                                         io_inScaleA[6] (net)
                  0.02    0.00    2.01 v input15/A (sky130_fd_sc_hd__buf_8)
     4    0.02    0.03    0.12    2.13 v input15/X (sky130_fd_sc_hd__buf_8)
                                         net15 (net)
                  0.03    0.00    2.13 v _1585_/A1 (sky130_fd_sc_hd__o21ai_4)
     5    0.03    0.27    0.26    2.39 ^ _1585_/Y (sky130_fd_sc_hd__o21ai_4)
                                         _0419_ (net)
                  0.27    0.00    2.39 ^ _1595_/B (sky130_fd_sc_hd__xnor2_2)
     1    0.01    0.07    0.12    2.51 v _1595_/Y (sky130_fd_sc_hd__xnor2_2)
                                         _0521_ (net)
                  0.07    0.00    2.51 v _1596_/A (sky130_fd_sc_hd__xnor2_2)
     2    0.01    0.23    0.26    2.77 ^ _1596_/Y (sky130_fd_sc_hd__xnor2_2)
                                         _0530_ (net)
                  0.23    0.00    2.77 ^ _1597_/A (sky130_fd_sc_hd__xnor2_2)
     2    0.01    0.09    0.14    2.91 v _1597_/Y (sky130_fd_sc_hd__xnor2_2)
                                         _0540_ (net)
                  0.09    0.00    2.91 v _1621_/B (sky130_fd_sc_hd__or3_4)
     1    0.00    0.06    0.39    3.30 v _1621_/X (sky130_fd_sc_hd__or3_4)
                                         _0705_ (net)
                  0.06    0.00    3.30 v _1622_/B1_N (sky130_fd_sc_hd__a21bo_4)
     2    0.01    0.05    0.20    3.50 ^ _1622_/X (sky130_fd_sc_hd__a21bo_4)
                                         _0706_ (net)
                  0.05    0.00    3.50 ^ _1626_/B (sky130_fd_sc_hd__xor2_2)
     2    0.01    0.19    0.21    3.71 ^ _1626_/X (sky130_fd_sc_hd__xor2_2)
                                         _0710_ (net)
                  0.19    0.00    3.71 ^ _1627_/A (sky130_fd_sc_hd__xnor2_2)
     2    0.02    0.31    0.21    3.92 ^ _1627_/Y (sky130_fd_sc_hd__xnor2_2)
                                         _0711_ (net)
                  0.31    0.00    3.92 ^ _1628_/A (sky130_fd_sc_hd__xor2_4)
     2    0.02    0.19    0.25    4.16 ^ _1628_/X (sky130_fd_sc_hd__xor2_4)
                                         _0712_ (net)
                  0.19    0.00    4.17 ^ _1633_/A_N (sky130_fd_sc_hd__and2b_1)
     1    0.00    0.03    0.21    4.38 v _1633_/X (sky130_fd_sc_hd__and2b_1)
                                         _0717_ (net)
                  0.03    0.00    4.38 v _1634_/B1 (sky130_fd_sc_hd__a31o_1)
     2    0.01    0.08    0.23    4.61 v _1634_/X (sky130_fd_sc_hd__a31o_1)
                                         _0718_ (net)
                  0.08    0.00    4.61 v _1722_/C (sky130_fd_sc_hd__or3_4)
     2    0.00    0.07    0.35    4.97 v _1722_/X (sky130_fd_sc_hd__or3_4)
                                         _0806_ (net)
                  0.07    0.00    4.97 v _1783_/A (sky130_fd_sc_hd__and3_1)
     1    0.01    0.06    0.19    5.15 v _1783_/X (sky130_fd_sc_hd__and3_1)
                                         _0867_ (net)
                  0.06    0.00    5.15 v _1784_/B (sky130_fd_sc_hd__xnor2_2)
     2    0.01    0.07    0.16    5.31 v _1784_/Y (sky130_fd_sc_hd__xnor2_2)
                                         _0868_ (net)
                  0.07    0.00    5.31 v _1785_/A (sky130_fd_sc_hd__xnor2_1)
     2    0.01    0.24    0.26    5.58 ^ _1785_/Y (sky130_fd_sc_hd__xnor2_1)
                                         _0869_ (net)
                  0.24    0.00    5.58 ^ _1786_/B (sky130_fd_sc_hd__or3_4)
     1    0.00    0.03    0.18    5.76 ^ _1786_/X (sky130_fd_sc_hd__or3_4)
                                         _0870_ (net)
                  0.03    0.00    5.76 ^ _1787_/B1_N (sky130_fd_sc_hd__a21bo_4)
     2    0.01    0.05    0.24    5.99 v _1787_/X (sky130_fd_sc_hd__a21bo_4)
                                         _0871_ (net)
                  0.05    0.00    6.00 v _1789_/A (sky130_fd_sc_hd__xor2_2)
     2    0.01    0.11    0.20    6.20 v _1789_/X (sky130_fd_sc_hd__xor2_2)
                                         _0873_ (net)
                  0.11    0.00    6.20 v _1832_/A2 (sky130_fd_sc_hd__o21bai_4)
     3    0.01    0.14    0.18    6.38 ^ _1832_/Y (sky130_fd_sc_hd__o21bai_4)
                                         _0916_ (net)
                  0.14    0.00    6.38 ^ _1834_/A1 (sky130_fd_sc_hd__a21o_1)
     2    0.01    0.13    0.21    6.59 ^ _1834_/X (sky130_fd_sc_hd__a21o_1)
                                         _0918_ (net)
                  0.13    0.00    6.59 ^ _1836_/A1 (sky130_fd_sc_hd__a21oi_4)
     3    0.02    0.06    0.09    6.68 v _1836_/Y (sky130_fd_sc_hd__a21oi_4)
                                         _0920_ (net)
                  0.06    0.00    6.68 v _1840_/A1 (sky130_fd_sc_hd__o211a_1)
     2    0.01    0.06    0.27    6.95 v _1840_/X (sky130_fd_sc_hd__o211a_1)
                                         _0924_ (net)
                  0.06    0.00    6.95 v _1841_/A2 (sky130_fd_sc_hd__o31a_4)
     4    0.02    0.07    0.39    7.33 v _1841_/X (sky130_fd_sc_hd__o31a_4)
                                         _0925_ (net)
                  0.07    0.00    7.33 v rebuffer28/A (sky130_fd_sc_hd__buf_8)
     1    0.02    0.03    0.14    7.47 v rebuffer28/X (sky130_fd_sc_hd__buf_8)
                                         net83 (net)
                  0.03    0.00    7.48 v _1879_/B (sky130_fd_sc_hd__xnor2_4)
     7    0.02    0.19    0.19    7.67 ^ _1879_/Y (sky130_fd_sc_hd__xnor2_4)
                                         _0963_ (net)
                  0.19    0.00    7.67 ^ _1934_/C (sky130_fd_sc_hd__and4_1)
     2    0.01    0.09    0.25    7.92 ^ _1934_/X (sky130_fd_sc_hd__and4_1)
                                         _1018_ (net)
                  0.09    0.00    7.92 ^ _1935_/A (sky130_fd_sc_hd__buf_6)
     5    0.01    0.04    0.12    8.04 ^ _1935_/X (sky130_fd_sc_hd__buf_6)
                                         _1019_ (net)
                  0.04    0.00    8.04 ^ _1936_/A (sky130_fd_sc_hd__and2_4)
     1    0.01    0.04    0.14    8.18 ^ _1936_/X (sky130_fd_sc_hd__and2_4)
                                         _1020_ (net)
                  0.04    0.00    8.18 ^ _1937_/A (sky130_fd_sc_hd__buf_8)
     7    0.04    0.07    0.13    8.30 ^ _1937_/X (sky130_fd_sc_hd__buf_8)
                                         _1021_ (net)
                  0.07    0.00    8.30 ^ _1942_/B (sky130_fd_sc_hd__xnor2_4)
     2    0.01    0.08    0.08    8.39 v _1942_/Y (sky130_fd_sc_hd__xnor2_4)
                                         _1026_ (net)
                  0.08    0.00    8.39 v _1952_/A1 (sky130_fd_sc_hd__o221a_1)
     2    0.01    0.08    0.32    8.70 v _1952_/X (sky130_fd_sc_hd__o221a_1)
                                         _1036_ (net)
                  0.08    0.00    8.70 v _1955_/A (sky130_fd_sc_hd__nor2b_2)
     2    0.02    0.19    0.21    8.92 ^ _1955_/Y (sky130_fd_sc_hd__nor2b_2)
                                         _1039_ (net)
                  0.19    0.00    8.92 ^ _1958_/A1 (sky130_fd_sc_hd__a31oi_4)
     5    0.01    0.09    0.13    9.04 v _1958_/Y (sky130_fd_sc_hd__a31oi_4)
                                         _1042_ (net)
                  0.09    0.00    9.04 v _1959_/B (sky130_fd_sc_hd__or3_4)
     4    0.02    0.10    0.45    9.49 v _1959_/X (sky130_fd_sc_hd__or3_4)
                                         _1043_ (net)
                  0.10    0.00    9.49 v _1965_/A2 (sky130_fd_sc_hd__a21o_4)
     2    0.02    0.06    0.27    9.77 v _1965_/X (sky130_fd_sc_hd__a21o_4)
                                         _1049_ (net)
                  0.06    0.00    9.77 v _1971_/A2 (sky130_fd_sc_hd__a21o_4)
     2    0.02    0.06    0.25   10.02 v _1971_/X (sky130_fd_sc_hd__a21o_4)
                                         _1055_ (net)
                  0.06    0.00   10.02 v _1977_/A2 (sky130_fd_sc_hd__a21bo_4)
     2    0.02    0.06    0.26   10.28 v _1977_/X (sky130_fd_sc_hd__a21bo_4)
                                         _1061_ (net)
                  0.06    0.00   10.28 v _1986_/A2 (sky130_fd_sc_hd__a21o_4)
     2    0.02    0.05    0.25   10.53 v _1986_/X (sky130_fd_sc_hd__a21o_4)
                                         _1070_ (net)
                  0.05    0.00   10.54 v _1989_/A2 (sky130_fd_sc_hd__a21o_1)
     2    0.02    0.10    0.25   10.79 v _1989_/X (sky130_fd_sc_hd__a21o_1)
                                         _1073_ (net)
                  0.10    0.00   10.79 v _1992_/A2 (sky130_fd_sc_hd__a21oi_4)
     3    0.02    0.19    0.24   11.03 ^ _1992_/Y (sky130_fd_sc_hd__a21oi_4)
                                         _1076_ (net)
                  0.19    0.00   11.03 ^ max_cap1/A (sky130_fd_sc_hd__buf_4)
     3    0.04    0.11    0.22   11.25 ^ max_cap1/X (sky130_fd_sc_hd__buf_4)
                                         net90 (net)
                  0.11    0.00   11.25 ^ _1993_/A (sky130_fd_sc_hd__xnor2_4)
     6    0.04    0.34    0.21   11.46 ^ _1993_/Y (sky130_fd_sc_hd__xnor2_4)
                                         _1077_ (net)
                  0.34    0.00   11.47 ^ _2029_/S (sky130_fd_sc_hd__mux2_4)
     5    0.01    0.06    0.38   11.84 v _2029_/X (sky130_fd_sc_hd__mux2_4)
                                         _1113_ (net)
                  0.06    0.00   11.84 v _2109_/A (sky130_fd_sc_hd__buf_2)
    10    0.03    0.07    0.18   12.02 v _2109_/X (sky130_fd_sc_hd__buf_2)
                                         _1193_ (net)
                  0.07    0.00   12.02 v _2230_/A1 (sky130_fd_sc_hd__a21o_1)
     3    0.01    0.06    0.20   12.22 v _2230_/X (sky130_fd_sc_hd__a21o_1)
                                         _1314_ (net)
                  0.06    0.00   12.22 v _2310_/A3 (sky130_fd_sc_hd__a311o_1)
     1    0.01    0.08    0.41   12.63 v _2310_/X (sky130_fd_sc_hd__a311o_1)
                                         _1394_ (net)
                  0.08    0.00   12.63 v _2315_/A3 (sky130_fd_sc_hd__a31oi_4)
     1    0.01    0.12    0.19   12.82 ^ _2315_/Y (sky130_fd_sc_hd__a31oi_4)
                                         _1399_ (net)
                  0.12    0.00   12.82 ^ _2316_/C1 (sky130_fd_sc_hd__a311o_1)
     3    0.01    0.14    0.20   13.02 ^ _2316_/X (sky130_fd_sc_hd__a311o_1)
                                         _1400_ (net)
                  0.14    0.00   13.02 ^ rebuffer6/A (sky130_fd_sc_hd__clkbuf_1)
     1    0.00    0.05    0.12   13.14 ^ rebuffer6/X (sky130_fd_sc_hd__clkbuf_1)
                                         net61 (net)
                  0.05    0.00   13.14 ^ _2320_/B (sky130_fd_sc_hd__nand3_1)
     2    0.01    0.10    0.12   13.26 v _2320_/Y (sky130_fd_sc_hd__nand3_1)
                                         _1404_ (net)
                  0.10    0.00   13.26 v _2357_/A1 (sky130_fd_sc_hd__a2111o_4)
     4    0.02    0.09    0.52   13.78 v _2357_/X (sky130_fd_sc_hd__a2111o_4)
                                         _1441_ (net)
                  0.09    0.00   13.78 v _2359_/A1 (sky130_fd_sc_hd__a21o_1)
     3    0.01    0.06    0.21   13.99 v _2359_/X (sky130_fd_sc_hd__a21o_1)
                                         _1443_ (net)
                  0.06    0.00   13.99 v _2374_/A1 (sky130_fd_sc_hd__a311o_1)
     3    0.01    0.09    0.32   14.31 v _2374_/X (sky130_fd_sc_hd__a311o_1)
                                         _1459_ (net)
                  0.09    0.00   14.31 v _2391_/A2 (sky130_fd_sc_hd__a2111o_1)
     2    0.01    0.10    0.50   14.81 v _2391_/X (sky130_fd_sc_hd__a2111o_1)
                                         _1478_ (net)
                  0.10    0.00   14.81 v _2400_/A1 (sky130_fd_sc_hd__a41oi_4)
     4    0.02    0.23    0.22   15.03 ^ _2400_/Y (sky130_fd_sc_hd__a41oi_4)
                                         _1488_ (net)
                  0.23    0.00   15.03 ^ _2437_/A1 (sky130_fd_sc_hd__a311oi_2)
     2    0.00    0.10    0.14   15.17 v _2437_/Y (sky130_fd_sc_hd__a311oi_2)
                                         _1527_ (net)
                  0.10    0.00   15.17 v _2461_/A1 (sky130_fd_sc_hd__a2111o_1)
     2    0.00    0.07    0.40   15.57 v _2461_/X (sky130_fd_sc_hd__a2111o_1)
                                         _0047_ (net)
                  0.07    0.00   15.57 v _2489_/A2 (sky130_fd_sc_hd__a21o_1)
     2    0.00    0.04    0.19   15.76 v _2489_/X (sky130_fd_sc_hd__a21o_1)
                                         _0077_ (net)
                  0.04    0.00   15.76 v _2495_/A (sky130_fd_sc_hd__and3_1)
     3    0.01    0.07    0.18   15.94 v _2495_/X (sky130_fd_sc_hd__and3_1)
                                         _0084_ (net)
                  0.07    0.00   15.94 v _2557_/A3 (sky130_fd_sc_hd__o311a_4)
     2    0.01    0.06    0.33   16.27 v _2557_/X (sky130_fd_sc_hd__o311a_4)
                                         _0152_ (net)
                  0.06    0.00   16.27 v _2570_/A3 (sky130_fd_sc_hd__o31a_4)
     3    0.01    0.06    0.31   16.58 v _2570_/X (sky130_fd_sc_hd__o31a_4)
                                         _0167_ (net)
                  0.06    0.00   16.59 v _2774_/S (sky130_fd_sc_hd__mux2_4)
     4    0.01    0.06    0.34   16.92 v _2774_/X (sky130_fd_sc_hd__mux2_4)
                                         _0391_ (net)
                  0.06    0.00   16.92 v _2790_/B2 (sky130_fd_sc_hd__a221o_1)
     1    0.00    0.06    0.34   17.27 v _2790_/X (sky130_fd_sc_hd__a221o_1)
                                         _0409_ (net)
                  0.06    0.00   17.27 v _2791_/A1 (sky130_fd_sc_hd__a21bo_1)
     1    0.00    0.04    0.18   17.45 v _2791_/X (sky130_fd_sc_hd__a21bo_1)
                                         _0410_ (net)
                  0.04    0.00   17.45 v _2792_/A1 (sky130_fd_sc_hd__a21o_1)
     1    0.00    0.04    0.16   17.61 v _2792_/X (sky130_fd_sc_hd__a21o_1)
                                         _0411_ (net)
                  0.04    0.00   17.61 v _2793_/A1 (sky130_fd_sc_hd__a21o_1)
     1    0.00    0.04    0.16   17.77 v _2793_/X (sky130_fd_sc_hd__a21o_1)
                                         _0412_ (net)
                  0.04    0.00   17.77 v _2794_/A1 (sky130_fd_sc_hd__a21o_1)
     1    0.00    0.03    0.15   17.92 v _2794_/X (sky130_fd_sc_hd__a21o_1)
                                         _0413_ (net)
                  0.03    0.00   17.92 v _2796_/A1 (sky130_fd_sc_hd__a21o_1)
     1    0.00    0.04    0.16   18.09 v _2796_/X (sky130_fd_sc_hd__a21o_1)
                                         _0415_ (net)
                  0.04    0.00   18.09 v _2797_/A1 (sky130_fd_sc_hd__a21o_1)
     1    0.00    0.04    0.16   18.25 v _2797_/X (sky130_fd_sc_hd__a21o_1)
                                         _0416_ (net)
                  0.04    0.00   18.25 v _2798_/A1 (sky130_fd_sc_hd__a21o_1)
     1    0.00    0.03    0.15   18.40 v _2798_/X (sky130_fd_sc_hd__a21o_1)
                                         _0417_ (net)
                  0.03    0.00   18.40 v _2800_/A1 (sky130_fd_sc_hd__a21o_1)
     1    0.00    0.04    0.16   18.56 v _2800_/X (sky130_fd_sc_hd__a21o_1)
                                         _0420_ (net)
                  0.04    0.00   18.56 v _2801_/A1 (sky130_fd_sc_hd__a21oi_1)
     1    0.00    0.10    0.11   18.67 ^ _2801_/Y (sky130_fd_sc_hd__a21oi_1)
                                         _0421_ (net)
                  0.10    0.00   18.67 ^ _2802_/A1 (sky130_fd_sc_hd__o21ba_1)
     1    0.00    0.05    0.15   18.82 ^ _2802_/X (sky130_fd_sc_hd__o21ba_1)
                                         _0422_ (net)
                  0.05    0.00   18.82 ^ _2804_/A1 (sky130_fd_sc_hd__o21ai_1)
     1    0.00    0.07    0.07   18.90 v _2804_/Y (sky130_fd_sc_hd__o21ai_1)
                                         _0424_ (net)
                  0.07    0.00   18.90 v _2805_/A1 (sky130_fd_sc_hd__a21o_1)
     4    0.02    0.09    0.23   19.13 v _2805_/X (sky130_fd_sc_hd__a21o_1)
                                         _0425_ (net)
                  0.09    0.00   19.13 v _2806_/A (sky130_fd_sc_hd__buf_6)
     6    0.03    0.04    0.16   19.29 v _2806_/X (sky130_fd_sc_hd__buf_6)
                                         _0426_ (net)
                  0.04    0.00   19.29 v _2884_/A (sky130_fd_sc_hd__buf_8)
     5    0.04    0.04    0.14   19.43 v _2884_/X (sky130_fd_sc_hd__buf_8)
                                         _0505_ (net)
                  0.04    0.00   19.43 v _2885_/S (sky130_fd_sc_hd__mux2_4)
     2    0.01    0.06    0.32   19.75 v _2885_/X (sky130_fd_sc_hd__mux2_4)
                                         _0506_ (net)
                  0.06    0.00   19.75 v _2905_/A0 (sky130_fd_sc_hd__mux2_4)
     2    0.00    0.05    0.28   20.03 v _2905_/X (sky130_fd_sc_hd__mux2_4)
                                         _0526_ (net)
                  0.05    0.00   20.03 v _2940_/A0 (sky130_fd_sc_hd__mux2_4)
     2    0.01    0.06    0.29   20.32 v _2940_/X (sky130_fd_sc_hd__mux2_4)
                                         _0561_ (net)
                  0.06    0.00   20.32 v _2996_/B2 (sky130_fd_sc_hd__o221a_1)
     1    0.00    0.05    0.22   20.54 v _2996_/X (sky130_fd_sc_hd__o221a_1)
                                         _0614_ (net)
                  0.05    0.00   20.54 v _2997_/B1 (sky130_fd_sc_hd__o211a_1)
     1    0.00    0.04    0.13   20.67 v _2997_/X (sky130_fd_sc_hd__o211a_1)
                                         _0022_ (net)
                  0.04    0.00   20.67 v _3105_/D (sky130_fd_sc_hd__dfxtp_1)
                                 20.67   data arrival time

                         10.00   10.00   clock clock (rise edge)
                          0.00   10.00   clock source latency
     1    0.01    0.04    0.03   10.03 ^ clock (in)
                                         clock (net)
                  0.04    0.00   10.03 ^ clkbuf_0_clock/A (sky130_fd_sc_hd__clkbuf_16)
     4    0.03    0.05    0.13   10.15 ^ clkbuf_0_clock/X (sky130_fd_sc_hd__clkbuf_16)
                                         clknet_0_clock (net)
                  0.05    0.00   10.15 ^ clkbuf_2_3__f_clock/A (sky130_fd_sc_hd__clkbuf_16)
    10    0.03    0.05    0.13   10.28 ^ clkbuf_2_3__f_clock/X (sky130_fd_sc_hd__clkbuf_16)
                                         clknet_2_3__leaf_clock (net)
                  0.05    0.00   10.28 ^ _3105_/CLK (sky130_fd_sc_hd__dfxtp_1)
                         -0.25   10.03   clock uncertainty
                          0.00   10.03   clock reconvergence pessimism
                         -0.11    9.93   library setup time
                                  9.93   data required time
-----------------------------------------------------------------------------
                                  9.93   data required time
                                -20.67   data arrival time
-----------------------------------------------------------------------------
                                -10.74   slack (VIOLATED)


Startpoint: io_inScaleA[6] (input port clocked by clock)
Endpoint: _3098_ (rising edge-triggered flip-flop clocked by clock)
Path Group: clock
Path Type: max

Fanout     Cap    Slew   Delay    Time   Description
-----------------------------------------------------------------------------
                          0.00    0.00   clock clock (rise edge)
                          0.00    0.00   clock network delay (propagated)
                          2.00    2.00 v input external delay
     1    0.01    0.02    0.01    2.01 v io_inScaleA[6] (in)
                                         io_inScaleA[6] (net)
                  0.02    0.00    2.01 v input15/A (sky130_fd_sc_hd__buf_8)
     4    0.02    0.03    0.12    2.13 v input15/X (sky130_fd_sc_hd__buf_8)
                                         net15 (net)
                  0.03    0.00    2.13 v _1585_/A1 (sky130_fd_sc_hd__o21ai_4)
     5    0.03    0.27    0.26    2.39 ^ _1585_/Y (sky130_fd_sc_hd__o21ai_4)
                                         _0419_ (net)
                  0.27    0.00    2.39 ^ _1595_/B (sky130_fd_sc_hd__xnor2_2)
     1    0.01    0.07    0.12    2.51 v _1595_/Y (sky130_fd_sc_hd__xnor2_2)
                                         _0521_ (net)
                  0.07    0.00    2.51 v _1596_/A (sky130_fd_sc_hd__xnor2_2)
     2    0.01    0.23    0.26    2.77 ^ _1596_/Y (sky130_fd_sc_hd__xnor2_2)
                                         _0530_ (net)
                  0.23    0.00    2.77 ^ _1597_/A (sky130_fd_sc_hd__xnor2_2)
     2    0.01    0.09    0.14    2.91 v _1597_/Y (sky130_fd_sc_hd__xnor2_2)
                                         _0540_ (net)
                  0.09    0.00    2.91 v _1621_/B (sky130_fd_sc_hd__or3_4)
     1    0.00    0.06    0.39    3.30 v _1621_/X (sky130_fd_sc_hd__or3_4)
                                         _0705_ (net)
                  0.06    0.00    3.30 v _1622_/B1_N (sky130_fd_sc_hd__a21bo_4)
     2    0.01    0.05    0.20    3.50 ^ _1622_/X (sky130_fd_sc_hd__a21bo_4)
                                         _0706_ (net)
                  0.05    0.00    3.50 ^ _1626_/B (sky130_fd_sc_hd__xor2_2)
     2    0.01    0.19    0.21    3.71 ^ _1626_/X (sky130_fd_sc_hd__xor2_2)
                                         _0710_ (net)
                  0.19    0.00    3.71 ^ _1627_/A (sky130_fd_sc_hd__xnor2_2)
     2    0.02    0.31    0.21    3.92 ^ _1627_/Y (sky130_fd_sc_hd__xnor2_2)
                                         _0711_ (net)
                  0.31    0.00    3.92 ^ _1628_/A (sky130_fd_sc_hd__xor2_4)
     2    0.02    0.19    0.25    4.16 ^ _1628_/X (sky130_fd_sc_hd__xor2_4)
                                         _0712_ (net)
                  0.19    0.00    4.17 ^ _1633_/A_N (sky130_fd_sc_hd__and2b_1)
     1    0.00    0.03    0.21    4.38 v _1633_/X (sky130_fd_sc_hd__and2b_1)
                                         _0717_ (net)
                  0.03    0.00    4.38 v _1634_/B1 (sky130_fd_sc_hd__a31o_1)
     2    0.01    0.08    0.23    4.61 v _1634_/X (sky130_fd_sc_hd__a31o_1)
                                         _0718_ (net)
                  0.08    0.00    4.61 v _1722_/C (sky130_fd_sc_hd__or3_4)
     2    0.00    0.07    0.35    4.97 v _1722_/X (sky130_fd_sc_hd__or3_4)
                                         _0806_ (net)
                  0.07    0.00    4.97 v _1783_/A (sky130_fd_sc_hd__and3_1)
     1    0.01    0.06    0.19    5.15 v _1783_/X (sky130_fd_sc_hd__and3_1)
                                         _0867_ (net)
                  0.06    0.00    5.15 v _1784_/B (sky130_fd_sc_hd__xnor2_2)
     2    0.01    0.07    0.16    5.31 v _1784_/Y (sky130_fd_sc_hd__xnor2_2)
                                         _0868_ (net)
                  0.07    0.00    5.31 v _1785_/A (sky130_fd_sc_hd__xnor2_1)
     2    0.01    0.24    0.26    5.58 ^ _1785_/Y (sky130_fd_sc_hd__xnor2_1)
                                         _0869_ (net)
                  0.24    0.00    5.58 ^ _1786_/B (sky130_fd_sc_hd__or3_4)
     1    0.00    0.03    0.18    5.76 ^ _1786_/X (sky130_fd_sc_hd__or3_4)
                                         _0870_ (net)
                  0.03    0.00    5.76 ^ _1787_/B1_N (sky130_fd_sc_hd__a21bo_4)
     2    0.01    0.05    0.24    5.99 v _1787_/X (sky130_fd_sc_hd__a21bo_4)
                                         _0871_ (net)
                  0.05    0.00    6.00 v _1789_/A (sky130_fd_sc_hd__xor2_2)
     2    0.01    0.11    0.20    6.20 v _1789_/X (sky130_fd_sc_hd__xor2_2)
                                         _0873_ (net)
                  0.11    0.00    6.20 v _1832_/A2 (sky130_fd_sc_hd__o21bai_4)
     3    0.01    0.14    0.18    6.38 ^ _1832_/Y (sky130_fd_sc_hd__o21bai_4)
                                         _0916_ (net)
                  0.14    0.00    6.38 ^ _1834_/A1 (sky130_fd_sc_hd__a21o_1)
     2    0.01    0.13    0.21    6.59 ^ _1834_/X (sky130_fd_sc_hd__a21o_1)
                                         _0918_ (net)
                  0.13    0.00    6.59 ^ _1836_/A1 (sky130_fd_sc_hd__a21oi_4)
     3    0.02    0.06    0.09    6.68 v _1836_/Y (sky130_fd_sc_hd__a21oi_4)
                                         _0920_ (net)
                  0.06    0.00    6.68 v _1840_/A1 (sky130_fd_sc_hd__o211a_1)
     2    0.01    0.06    0.27    6.95 v _1840_/X (sky130_fd_sc_hd__o211a_1)
                                         _0924_ (net)
                  0.06    0.00    6.95 v _1841_/A2 (sky130_fd_sc_hd__o31a_4)
     4    0.02    0.07    0.39    7.33 v _1841_/X (sky130_fd_sc_hd__o31a_4)
                                         _0925_ (net)
                  0.07    0.00    7.33 v rebuffer28/A (sky130_fd_sc_hd__buf_8)
     1    0.02    0.03    0.14    7.47 v rebuffer28/X (sky130_fd_sc_hd__buf_8)
                                         net83 (net)
                  0.03    0.00    7.48 v _1879_/B (sky130_fd_sc_hd__xnor2_4)
     7    0.02    0.19    0.19    7.67 ^ _1879_/Y (sky130_fd_sc_hd__xnor2_4)
                                         _0963_ (net)
                  0.19    0.00    7.67 ^ _1934_/C (sky130_fd_sc_hd__and4_1)
     2    0.01    0.09    0.25    7.92 ^ _1934_/X (sky130_fd_sc_hd__and4_1)
                                         _1018_ (net)
                  0.09    0.00    7.92 ^ _1935_/A (sky130_fd_sc_hd__buf_6)
     5    0.01    0.04    0.12    8.04 ^ _1935_/X (sky130_fd_sc_hd__buf_6)
                                         _1019_ (net)
                  0.04    0.00    8.04 ^ _1936_/A (sky130_fd_sc_hd__and2_4)
     1    0.01    0.04    0.14    8.18 ^ _1936_/X (sky130_fd_sc_hd__and2_4)
                                         _1020_ (net)
                  0.04    0.00    8.18 ^ _1937_/A (sky130_fd_sc_hd__buf_8)
     7    0.04    0.07    0.13    8.30 ^ _1937_/X (sky130_fd_sc_hd__buf_8)
                                         _1021_ (net)
                  0.07    0.00    8.30 ^ _1942_/B (sky130_fd_sc_hd__xnor2_4)
     2    0.01    0.08    0.08    8.39 v _1942_/Y (sky130_fd_sc_hd__xnor2_4)
                                         _1026_ (net)
                  0.08    0.00    8.39 v _1952_/A1 (sky130_fd_sc_hd__o221a_1)
     2    0.01    0.08    0.32    8.70 v _1952_/X (sky130_fd_sc_hd__o221a_1)
                                         _1036_ (net)
                  0.08    0.00    8.70 v _1955_/A (sky130_fd_sc_hd__nor2b_2)
     2    0.02    0.19    0.21    8.92 ^ _1955_/Y (sky130_fd_sc_hd__nor2b_2)
                                         _1039_ (net)
                  0.19    0.00    8.92 ^ _1958_/A1 (sky130_fd_sc_hd__a31oi_4)
     5    0.01    0.09    0.13    9.04 v _1958_/Y (sky130_fd_sc_hd__a31oi_4)
                                         _1042_ (net)
                  0.09    0.00    9.04 v _1959_/B (sky130_fd_sc_hd__or3_4)
     4    0.02    0.10    0.45    9.49 v _1959_/X (sky130_fd_sc_hd__or3_4)
                                         _1043_ (net)
                  0.10    0.00    9.49 v _1965_/A2 (sky130_fd_sc_hd__a21o_4)
     2    0.02    0.06    0.27    9.77 v _1965_/X (sky130_fd_sc_hd__a21o_4)
                                         _1049_ (net)
                  0.06    0.00    9.77 v _1971_/A2 (sky130_fd_sc_hd__a21o_4)
     2    0.02    0.06    0.25   10.02 v _1971_/X (sky130_fd_sc_hd__a21o_4)
                                         _1055_ (net)
                  0.06    0.00   10.02 v _1977_/A2 (sky130_fd_sc_hd__a21bo_4)
     2    0.02    0.06    0.26   10.28 v _1977_/X (sky130_fd_sc_hd__a21bo_4)
                                         _1061_ (net)
                  0.06    0.00   10.28 v _1986_/A2 (sky130_fd_sc_hd__a21o_4)
     2    0.02    0.05    0.25   10.53 v _1986_/X (sky130_fd_sc_hd__a21o_4)
                                         _1070_ (net)
                  0.05    0.00   10.54 v _1989_/A2 (sky130_fd_sc_hd__a21o_1)
     2    0.02    0.10    0.25   10.79 v _1989_/X (sky130_fd_sc_hd__a21o_1)
                                         _1073_ (net)
                  0.10    0.00   10.79 v _1992_/A2 (sky130_fd_sc_hd__a21oi_4)
     3    0.02    0.19    0.24   11.03 ^ _1992_/Y (sky130_fd_sc_hd__a21oi_4)
                                         _1076_ (net)
                  0.19    0.00   11.03 ^ max_cap1/A (sky130_fd_sc_hd__buf_4)
     3    0.04    0.11    0.22   11.25 ^ max_cap1/X (sky130_fd_sc_hd__buf_4)
                                         net90 (net)
                  0.11    0.00   11.25 ^ _1993_/A (sky130_fd_sc_hd__xnor2_4)
     6    0.04    0.34    0.21   11.46 ^ _1993_/Y (sky130_fd_sc_hd__xnor2_4)
                                         _1077_ (net)
                  0.34    0.00   11.47 ^ _2029_/S (sky130_fd_sc_hd__mux2_4)
     5    0.01    0.06    0.38   11.84 v _2029_/X (sky130_fd_sc_hd__mux2_4)
                                         _1113_ (net)
                  0.06    0.00   11.84 v _2109_/A (sky130_fd_sc_hd__buf_2)
    10    0.03    0.07    0.18   12.02 v _2109_/X (sky130_fd_sc_hd__buf_2)
                                         _1193_ (net)
                  0.07    0.00   12.02 v _2230_/A1 (sky130_fd_sc_hd__a21o_1)
     3    0.01    0.06    0.20   12.22 v _2230_/X (sky130_fd_sc_hd__a21o_1)
                                         _1314_ (net)
                  0.06    0.00   12.22 v _2310_/A3 (sky130_fd_sc_hd__a311o_1)
     1    0.01    0.08    0.41   12.63 v _2310_/X (sky130_fd_sc_hd__a311o_1)
                                         _1394_ (net)
                  0.08    0.00   12.63 v _2315_/A3 (sky130_fd_sc_hd__a31oi_4)
     1    0.01    0.12    0.19   12.82 ^ _2315_/Y (sky130_fd_sc_hd__a31oi_4)
                                         _1399_ (net)
                  0.12    0.00   12.82 ^ _2316_/C1 (sky130_fd_sc_hd__a311o_1)
     3    0.01    0.14    0.20   13.02 ^ _2316_/X (sky130_fd_sc_hd__a311o_1)
                                         _1400_ (net)
                  0.14    0.00   13.02 ^ rebuffer6/A (sky130_fd_sc_hd__clkbuf_1)
     1    0.00    0.05    0.12   13.14 ^ rebuffer6/X (sky130_fd_sc_hd__clkbuf_1)
                                         net61 (net)
                  0.05    0.00   13.14 ^ _2320_/B (sky130_fd_sc_hd__nand3_1)
     2    0.01    0.10    0.12   13.26 v _2320_/Y (sky130_fd_sc_hd__nand3_1)
                                         _1404_ (net)
                  0.10    0.00   13.26 v _2357_/A1 (sky130_fd_sc_hd__a2111o_4)
     4    0.02    0.09    0.52   13.78 v _2357_/X (sky130_fd_sc_hd__a2111o_4)
                                         _1441_ (net)
                  0.09    0.00   13.78 v _2359_/A1 (sky130_fd_sc_hd__a21o_1)
     3    0.01    0.06    0.21   13.99 v _2359_/X (sky130_fd_sc_hd__a21o_1)
                                         _1443_ (net)
                  0.06    0.00   13.99 v _2374_/A1 (sky130_fd_sc_hd__a311o_1)
     3    0.01    0.09    0.32   14.31 v _2374_/X (sky130_fd_sc_hd__a311o_1)
                                         _1459_ (net)
                  0.09    0.00   14.31 v _2391_/A2 (sky130_fd_sc_hd__a2111o_1)
     2    0.01    0.10    0.50   14.81 v _2391_/X (sky130_fd_sc_hd__a2111o_1)
                                         _1478_ (net)
                  0.10    0.00   14.81 v _2400_/A1 (sky130_fd_sc_hd__a41oi_4)
     4    0.02    0.23    0.22   15.03 ^ _2400_/Y (sky130_fd_sc_hd__a41oi_4)
                                         _1488_ (net)
                  0.23    0.00   15.03 ^ _2437_/A1 (sky130_fd_sc_hd__a311oi_2)
     2    0.00    0.10    0.14   15.17 v _2437_/Y (sky130_fd_sc_hd__a311oi_2)
                                         _1527_ (net)
                  0.10    0.00   15.17 v _2461_/A1 (sky130_fd_sc_hd__a2111o_1)
     2    0.00    0.07    0.40   15.57 v _2461_/X (sky130_fd_sc_hd__a2111o_1)
                                         _0047_ (net)
                  0.07    0.00   15.57 v _2489_/A2 (sky130_fd_sc_hd__a21o_1)
     2    0.00    0.04    0.19   15.76 v _2489_/X (sky130_fd_sc_hd__a21o_1)
                                         _0077_ (net)
                  0.04    0.00   15.76 v _2495_/A (sky130_fd_sc_hd__and3_1)
     3    0.01    0.07    0.18   15.94 v _2495_/X (sky130_fd_sc_hd__and3_1)
                                         _0084_ (net)
                  0.07    0.00   15.94 v _2557_/A3 (sky130_fd_sc_hd__o311a_4)
     2    0.01    0.06    0.33   16.27 v _2557_/X (sky130_fd_sc_hd__o311a_4)
                                         _0152_ (net)
                  0.06    0.00   16.27 v _2570_/A3 (sky130_fd_sc_hd__o31a_4)
     3    0.01    0.06    0.31   16.58 v _2570_/X (sky130_fd_sc_hd__o31a_4)
                                         _0167_ (net)
                  0.06    0.00   16.59 v _2774_/S (sky130_fd_sc_hd__mux2_4)
     4    0.01    0.06    0.34   16.92 v _2774_/X (sky130_fd_sc_hd__mux2_4)
                                         _0391_ (net)
                  0.06    0.00   16.92 v _2790_/B2 (sky130_fd_sc_hd__a221o_1)
     1    0.00    0.06    0.34   17.27 v _2790_/X (sky130_fd_sc_hd__a221o_1)
                                         _0409_ (net)
                  0.06    0.00   17.27 v _2791_/A1 (sky130_fd_sc_hd__a21bo_1)
     1    0.00    0.04    0.18   17.45 v _2791_/X (sky130_fd_sc_hd__a21bo_1)
                                         _0410_ (net)
                  0.04    0.00   17.45 v _2792_/A1 (sky130_fd_sc_hd__a21o_1)
     1    0.00    0.04    0.16   17.61 v _2792_/X (sky130_fd_sc_hd__a21o_1)
                                         _0411_ (net)
                  0.04    0.00   17.61 v _2793_/A1 (sky130_fd_sc_hd__a21o_1)
     1    0.00    0.04    0.16   17.77 v _2793_/X (sky130_fd_sc_hd__a21o_1)
                                         _0412_ (net)
                  0.04    0.00   17.77 v _2794_/A1 (sky130_fd_sc_hd__a21o_1)
     1    0.00    0.03    0.15   17.92 v _2794_/X (sky130_fd_sc_hd__a21o_1)
                                         _0413_ (net)
                  0.03    0.00   17.92 v _2796_/A1 (sky130_fd_sc_hd__a21o_1)
     1    0.00    0.04    0.16   18.09 v _2796_/X (sky130_fd_sc_hd__a21o_1)
                                         _0415_ (net)
                  0.04    0.00   18.09 v _2797_/A1 (sky130_fd_sc_hd__a21o_1)
     1    0.00    0.04    0.16   18.25 v _2797_/X (sky130_fd_sc_hd__a21o_1)
                                         _0416_ (net)
                  0.04    0.00   18.25 v _2798_/A1 (sky130_fd_sc_hd__a21o_1)
     1    0.00    0.03    0.15   18.40 v _2798_/X (sky130_fd_sc_hd__a21o_1)
                                         _0417_ (net)
                  0.03    0.00   18.40 v _2800_/A1 (sky130_fd_sc_hd__a21o_1)
     1    0.00    0.04    0.16   18.56 v _2800_/X (sky130_fd_sc_hd__a21o_1)
                                         _0420_ (net)
                  0.04    0.00   18.56 v _2801_/A1 (sky130_fd_sc_hd__a21oi_1)
     1    0.00    0.10    0.11   18.67 ^ _2801_/Y (sky130_fd_sc_hd__a21oi_1)
                                         _0421_ (net)
                  0.10    0.00   18.67 ^ _2802_/A1 (sky130_fd_sc_hd__o21ba_1)
     1    0.00    0.05    0.15   18.82 ^ _2802_/X (sky130_fd_sc_hd__o21ba_1)
                                         _0422_ (net)
                  0.05    0.00   18.82 ^ _2804_/A1 (sky130_fd_sc_hd__o21ai_1)
     1    0.00    0.07    0.07   18.90 v _2804_/Y (sky130_fd_sc_hd__o21ai_1)
                                         _0424_ (net)
                  0.07    0.00   18.90 v _2805_/A1 (sky130_fd_sc_hd__a21o_1)
     4    0.02    0.09    0.23   19.13 v _2805_/X (sky130_fd_sc_hd__a21o_1)
                                         _0425_ (net)
                  0.09    0.00   19.13 v _2806_/A (sky130_fd_sc_hd__buf_6)
     6    0.03    0.04    0.16   19.29 v _2806_/X (sky130_fd_sc_hd__buf_6)
                                         _0426_ (net)
                  0.04    0.00   19.29 v _2926_/S (sky130_fd_sc_hd__mux2_4)
     2    0.00    0.05    0.31   19.60 v _2926_/X (sky130_fd_sc_hd__mux2_4)
                                         _0546_ (net)
                  0.05    0.00   19.60 v _2945_/A0 (sky130_fd_sc_hd__mux2_4)
     2    0.00    0.05    0.28   19.88 v _2945_/X (sky130_fd_sc_hd__mux2_4)
                                         _0565_ (net)
                  0.05    0.00   19.88 v _2946_/A1 (sky130_fd_sc_hd__mux2_2)
     2    0.01    0.06    0.29   20.16 v _2946_/X (sky130_fd_sc_hd__mux2_2)
                                         _0566_ (net)
                  0.06    0.00   20.16 v _2947_/A1 (sky130_fd_sc_hd__mux2_2)
     1    0.01    0.06    0.29   20.45 v _2947_/X (sky130_fd_sc_hd__mux2_2)
                                         _0567_ (net)
                  0.06    0.00   20.45 v _2948_/B1 (sky130_fd_sc_hd__o211ai_2)
     1    0.00    0.11    0.07   20.52 ^ _2948_/Y (sky130_fd_sc_hd__o211ai_2)
                                         _0568_ (net)
                  0.11    0.00   20.52 ^ _2949_/C1 (sky130_fd_sc_hd__o211a_1)
     1    0.00    0.04    0.15   20.67 ^ _2949_/X (sky130_fd_sc_hd__o211a_1)
                                         _0015_ (net)
                  0.04    0.00   20.67 ^ _3098_/D (sky130_fd_sc_hd__dfxtp_1)
                                 20.67   data arrival time

                         10.00   10.00   clock clock (rise edge)
                          0.00   10.00   clock source latency
     1    0.01    0.04    0.03   10.03 ^ clock (in)
                                         clock (net)
                  0.04    0.00   10.03 ^ clkbuf_0_clock/A (sky130_fd_sc_hd__clkbuf_16)
     4    0.03    0.05    0.13   10.15 ^ clkbuf_0_clock/X (sky130_fd_sc_hd__clkbuf_16)
                                         clknet_0_clock (net)
                  0.05    0.00   10.15 ^ clkbuf_2_0__f_clock/A (sky130_fd_sc_hd__clkbuf_16)
     9    0.02    0.04    0.12   10.28 ^ clkbuf_2_0__f_clock/X (sky130_fd_sc_hd__clkbuf_16)
                                         clknet_2_0__leaf_clock (net)
                  0.04    0.00   10.28 ^ _3098_/CLK (sky130_fd_sc_hd__dfxtp_1)
                         -0.25   10.03   clock uncertainty
                          0.00   10.03   clock reconvergence pessimism
                         -0.05    9.97   library setup time
                                  9.97   data required time
-----------------------------------------------------------------------------
                                  9.97   data required time
                                -20.67   data arrival time
-----------------------------------------------------------------------------
                                -10.70   slack (VIOLATED)


Startpoint: io_inScaleA[6] (input port clocked by clock)
Endpoint: _3096_ (rising edge-triggered flip-flop clocked by clock)
Path Group: clock
Path Type: max

Fanout     Cap    Slew   Delay    Time   Description
-----------------------------------------------------------------------------
                          0.00    0.00   clock clock (rise edge)
                          0.00    0.00   clock network delay (propagated)
                          2.00    2.00 v input external delay
     1    0.01    0.02    0.01    2.01 v io_inScaleA[6] (in)
                                         io_inScaleA[6] (net)
                  0.02    0.00    2.01 v input15/A (sky130_fd_sc_hd__buf_8)
     4    0.02    0.03    0.12    2.13 v input15/X (sky130_fd_sc_hd__buf_8)
                                         net15 (net)
                  0.03    0.00    2.13 v _1585_/A1 (sky130_fd_sc_hd__o21ai_4)
     5    0.03    0.27    0.26    2.39 ^ _1585_/Y (sky130_fd_sc_hd__o21ai_4)
                                         _0419_ (net)
                  0.27    0.00    2.39 ^ _1595_/B (sky130_fd_sc_hd__xnor2_2)
     1    0.01    0.07    0.12    2.51 v _1595_/Y (sky130_fd_sc_hd__xnor2_2)
                                         _0521_ (net)
                  0.07    0.00    2.51 v _1596_/A (sky130_fd_sc_hd__xnor2_2)
     2    0.01    0.23    0.26    2.77 ^ _1596_/Y (sky130_fd_sc_hd__xnor2_2)
                                         _0530_ (net)
                  0.23    0.00    2.77 ^ _1597_/A (sky130_fd_sc_hd__xnor2_2)
     2    0.01    0.09    0.14    2.91 v _1597_/Y (sky130_fd_sc_hd__xnor2_2)
                                         _0540_ (net)
                  0.09    0.00    2.91 v _1621_/B (sky130_fd_sc_hd__or3_4)
     1    0.00    0.06    0.39    3.30 v _1621_/X (sky130_fd_sc_hd__or3_4)
                                         _0705_ (net)
                  0.06    0.00    3.30 v _1622_/B1_N (sky130_fd_sc_hd__a21bo_4)
     2    0.01    0.05    0.20    3.50 ^ _1622_/X (sky130_fd_sc_hd__a21bo_4)
                                         _0706_ (net)
                  0.05    0.00    3.50 ^ _1626_/B (sky130_fd_sc_hd__xor2_2)
     2    0.01    0.19    0.21    3.71 ^ _1626_/X (sky130_fd_sc_hd__xor2_2)
                                         _0710_ (net)
                  0.19    0.00    3.71 ^ _1627_/A (sky130_fd_sc_hd__xnor2_2)
     2    0.02    0.31    0.21    3.92 ^ _1627_/Y (sky130_fd_sc_hd__xnor2_2)
                                         _0711_ (net)
                  0.31    0.00    3.92 ^ _1628_/A (sky130_fd_sc_hd__xor2_4)
     2    0.02    0.19    0.25    4.16 ^ _1628_/X (sky130_fd_sc_hd__xor2_4)
                                         _0712_ (net)
                  0.19    0.00    4.17 ^ _1633_/A_N (sky130_fd_sc_hd__and2b_1)
     1    0.00    0.03    0.21    4.38 v _1633_/X (sky130_fd_sc_hd__and2b_1)
                                         _0717_ (net)
                  0.03    0.00    4.38 v _1634_/B1 (sky130_fd_sc_hd__a31o_1)
     2    0.01    0.08    0.23    4.61 v _1634_/X (sky130_fd_sc_hd__a31o_1)
                                         _0718_ (net)
                  0.08    0.00    4.61 v _1722_/C (sky130_fd_sc_hd__or3_4)
     2    0.00    0.07    0.35    4.97 v _1722_/X (sky130_fd_sc_hd__or3_4)
                                         _0806_ (net)
                  0.07    0.00    4.97 v _1783_/A (sky130_fd_sc_hd__and3_1)
     1    0.01    0.06    0.19    5.15 v _1783_/X (sky130_fd_sc_hd__and3_1)
                                         _0867_ (net)
                  0.06    0.00    5.15 v _1784_/B (sky130_fd_sc_hd__xnor2_2)
     2    0.01    0.07    0.16    5.31 v _1784_/Y (sky130_fd_sc_hd__xnor2_2)
                                         _0868_ (net)
                  0.07    0.00    5.31 v _1785_/A (sky130_fd_sc_hd__xnor2_1)
     2    0.01    0.24    0.26    5.58 ^ _1785_/Y (sky130_fd_sc_hd__xnor2_1)
                                         _0869_ (net)
                  0.24    0.00    5.58 ^ _1786_/B (sky130_fd_sc_hd__or3_4)
     1    0.00    0.03    0.18    5.76 ^ _1786_/X (sky130_fd_sc_hd__or3_4)
                                         _0870_ (net)
                  0.03    0.00    5.76 ^ _1787_/B1_N (sky130_fd_sc_hd__a21bo_4)
     2    0.01    0.05    0.24    5.99 v _1787_/X (sky130_fd_sc_hd__a21bo_4)
                                         _0871_ (net)
                  0.05    0.00    6.00 v _1789_/A (sky130_fd_sc_hd__xor2_2)
     2    0.01    0.11    0.20    6.20 v _1789_/X (sky130_fd_sc_hd__xor2_2)
                                         _0873_ (net)
                  0.11    0.00    6.20 v _1832_/A2 (sky130_fd_sc_hd__o21bai_4)
     3    0.01    0.14    0.18    6.38 ^ _1832_/Y (sky130_fd_sc_hd__o21bai_4)
                                         _0916_ (net)
                  0.14    0.00    6.38 ^ _1834_/A1 (sky130_fd_sc_hd__a21o_1)
     2    0.01    0.13    0.21    6.59 ^ _1834_/X (sky130_fd_sc_hd__a21o_1)
                                         _0918_ (net)
                  0.13    0.00    6.59 ^ _1836_/A1 (sky130_fd_sc_hd__a21oi_4)
     3    0.02    0.06    0.09    6.68 v _1836_/Y (sky130_fd_sc_hd__a21oi_4)
                                         _0920_ (net)
                  0.06    0.00    6.68 v _1840_/A1 (sky130_fd_sc_hd__o211a_1)
     2    0.01    0.06    0.27    6.95 v _1840_/X (sky130_fd_sc_hd__o211a_1)
                                         _0924_ (net)
                  0.06    0.00    6.95 v _1841_/A2 (sky130_fd_sc_hd__o31a_4)
     4    0.02    0.07    0.39    7.33 v _1841_/X (sky130_fd_sc_hd__o31a_4)
                                         _0925_ (net)
                  0.07    0.00    7.33 v rebuffer28/A (sky130_fd_sc_hd__buf_8)
     1    0.02    0.03    0.14    7.47 v rebuffer28/X (sky130_fd_sc_hd__buf_8)
                                         net83 (net)
                  0.03    0.00    7.48 v _1879_/B (sky130_fd_sc_hd__xnor2_4)
     7    0.02    0.19    0.19    7.67 ^ _1879_/Y (sky130_fd_sc_hd__xnor2_4)
                                         _0963_ (net)
                  0.19    0.00    7.67 ^ _1934_/C (sky130_fd_sc_hd__and4_1)
     2    0.01    0.09    0.25    7.92 ^ _1934_/X (sky130_fd_sc_hd__and4_1)
                                         _1018_ (net)
                  0.09    0.00    7.92 ^ _1935_/A (sky130_fd_sc_hd__buf_6)
     5    0.01    0.04    0.12    8.04 ^ _1935_/X (sky130_fd_sc_hd__buf_6)
                                         _1019_ (net)
                  0.04    0.00    8.04 ^ _1936_/A (sky130_fd_sc_hd__and2_4)
     1    0.01    0.04    0.14    8.18 ^ _1936_/X (sky130_fd_sc_hd__and2_4)
                                         _1020_ (net)
                  0.04    0.00    8.18 ^ _1937_/A (sky130_fd_sc_hd__buf_8)
     7    0.04    0.07    0.13    8.30 ^ _1937_/X (sky130_fd_sc_hd__buf_8)
                                         _1021_ (net)
                  0.07    0.00    8.30 ^ _1942_/B (sky130_fd_sc_hd__xnor2_4)
     2    0.01    0.08    0.08    8.39 v _1942_/Y (sky130_fd_sc_hd__xnor2_4)
                                         _1026_ (net)
                  0.08    0.00    8.39 v _1952_/A1 (sky130_fd_sc_hd__o221a_1)
     2    0.01    0.08    0.32    8.70 v _1952_/X (sky130_fd_sc_hd__o221a_1)
                                         _1036_ (net)
                  0.08    0.00    8.70 v _1955_/A (sky130_fd_sc_hd__nor2b_2)
     2    0.02    0.19    0.21    8.92 ^ _1955_/Y (sky130_fd_sc_hd__nor2b_2)
                                         _1039_ (net)
                  0.19    0.00    8.92 ^ _1958_/A1 (sky130_fd_sc_hd__a31oi_4)
     5    0.01    0.09    0.13    9.04 v _1958_/Y (sky130_fd_sc_hd__a31oi_4)
                                         _1042_ (net)
                  0.09    0.00    9.04 v _1959_/B (sky130_fd_sc_hd__or3_4)
     4    0.02    0.10    0.45    9.49 v _1959_/X (sky130_fd_sc_hd__or3_4)
                                         _1043_ (net)
                  0.10    0.00    9.49 v _1965_/A2 (sky130_fd_sc_hd__a21o_4)
     2    0.02    0.06    0.27    9.77 v _1965_/X (sky130_fd_sc_hd__a21o_4)
                                         _1049_ (net)
                  0.06    0.00    9.77 v _1971_/A2 (sky130_fd_sc_hd__a21o_4)
     2    0.02    0.06    0.25   10.02 v _1971_/X (sky130_fd_sc_hd__a21o_4)
                                         _1055_ (net)
                  0.06    0.00   10.02 v _1977_/A2 (sky130_fd_sc_hd__a21bo_4)
     2    0.02    0.06    0.26   10.28 v _1977_/X (sky130_fd_sc_hd__a21bo_4)
                                         _1061_ (net)
                  0.06    0.00   10.28 v _1986_/A2 (sky130_fd_sc_hd__a21o_4)
     2    0.02    0.05    0.25   10.53 v _1986_/X (sky130_fd_sc_hd__a21o_4)
                                         _1070_ (net)
                  0.05    0.00   10.54 v _1989_/A2 (sky130_fd_sc_hd__a21o_1)
     2    0.02    0.10    0.25   10.79 v _1989_/X (sky130_fd_sc_hd__a21o_1)
                                         _1073_ (net)
                  0.10    0.00   10.79 v _1992_/A2 (sky130_fd_sc_hd__a21oi_4)
     3    0.02    0.19    0.24   11.03 ^ _1992_/Y (sky130_fd_sc_hd__a21oi_4)
                                         _1076_ (net)
                  0.19    0.00   11.03 ^ max_cap1/A (sky130_fd_sc_hd__buf_4)
     3    0.04    0.11    0.22   11.25 ^ max_cap1/X (sky130_fd_sc_hd__buf_4)
                                         net90 (net)
                  0.11    0.00   11.25 ^ _1993_/A (sky130_fd_sc_hd__xnor2_4)
     6    0.04    0.34    0.21   11.46 ^ _1993_/Y (sky130_fd_sc_hd__xnor2_4)
                                         _1077_ (net)
                  0.34    0.00   11.47 ^ _2029_/S (sky130_fd_sc_hd__mux2_4)
     5    0.01    0.06    0.38   11.84 v _2029_/X (sky130_fd_sc_hd__mux2_4)
                                         _1113_ (net)
                  0.06    0.00   11.84 v _2109_/A (sky130_fd_sc_hd__buf_2)
    10    0.03    0.07    0.18   12.02 v _2109_/X (sky130_fd_sc_hd__buf_2)
                                         _1193_ (net)
                  0.07    0.00   12.02 v _2230_/A1 (sky130_fd_sc_hd__a21o_1)
     3    0.01    0.06    0.20   12.22 v _2230_/X (sky130_fd_sc_hd__a21o_1)
                                         _1314_ (net)
                  0.06    0.00   12.22 v _2310_/A3 (sky130_fd_sc_hd__a311o_1)
     1    0.01    0.08    0.41   12.63 v _2310_/X (sky130_fd_sc_hd__a311o_1)
                                         _1394_ (net)
                  0.08    0.00   12.63 v _2315_/A3 (sky130_fd_sc_hd__a31oi_4)
     1    0.01    0.12    0.19   12.82 ^ _2315_/Y (sky130_fd_sc_hd__a31oi_4)
                                         _1399_ (net)
                  0.12    0.00   12.82 ^ _2316_/C1 (sky130_fd_sc_hd__a311o_1)
     3    0.01    0.14    0.20   13.02 ^ _2316_/X (sky130_fd_sc_hd__a311o_1)
                                         _1400_ (net)
                  0.14    0.00   13.02 ^ rebuffer6/A (sky130_fd_sc_hd__clkbuf_1)
     1    0.00    0.05    0.12   13.14 ^ rebuffer6/X (sky130_fd_sc_hd__clkbuf_1)
                                         net61 (net)
                  0.05    0.00   13.14 ^ _2320_/B (sky130_fd_sc_hd__nand3_1)
     2    0.01    0.10    0.12   13.26 v _2320_/Y (sky130_fd_sc_hd__nand3_1)
                                         _1404_ (net)
                  0.10    0.00   13.26 v _2357_/A1 (sky130_fd_sc_hd__a2111o_4)
     4    0.02    0.09    0.52   13.78 v _2357_/X (sky130_fd_sc_hd__a2111o_4)
                                         _1441_ (net)
                  0.09    0.00   13.78 v _2359_/A1 (sky130_fd_sc_hd__a21o_1)
     3    0.01    0.06    0.21   13.99 v _2359_/X (sky130_fd_sc_hd__a21o_1)
                                         _1443_ (net)
                  0.06    0.00   13.99 v _2374_/A1 (sky130_fd_sc_hd__a311o_1)
     3    0.01    0.09    0.32   14.31 v _2374_/X (sky130_fd_sc_hd__a311o_1)
                                         _1459_ (net)
                  0.09    0.00   14.31 v _2391_/A2 (sky130_fd_sc_hd__a2111o_1)
     2    0.01    0.10    0.50   14.81 v _2391_/X (sky130_fd_sc_hd__a2111o_1)
                                         _1478_ (net)
                  0.10    0.00   14.81 v _2400_/A1 (sky130_fd_sc_hd__a41oi_4)
     4    0.02    0.23    0.22   15.03 ^ _2400_/Y (sky130_fd_sc_hd__a41oi_4)
                                         _1488_ (net)
                  0.23    0.00   15.03 ^ _2437_/A1 (sky130_fd_sc_hd__a311oi_2)
     2    0.00    0.10    0.14   15.17 v _2437_/Y (sky130_fd_sc_hd__a311oi_2)
                                         _1527_ (net)
                  0.10    0.00   15.17 v _2461_/A1 (sky130_fd_sc_hd__a2111o_1)
     2    0.00    0.07    0.40   15.57 v _2461_/X (sky130_fd_sc_hd__a2111o_1)
                                         _0047_ (net)
                  0.07    0.00   15.57 v _2489_/A2 (sky130_fd_sc_hd__a21o_1)
     2    0.00    0.04    0.19   15.76 v _2489_/X (sky130_fd_sc_hd__a21o_1)
                                         _0077_ (net)
                  0.04    0.00   15.76 v _2495_/A (sky130_fd_sc_hd__and3_1)
     3    0.01    0.07    0.18   15.94 v _2495_/X (sky130_fd_sc_hd__and3_1)
                                         _0084_ (net)
                  0.07    0.00   15.94 v _2557_/A3 (sky130_fd_sc_hd__o311a_4)
     2    0.01    0.06    0.33   16.27 v _2557_/X (sky130_fd_sc_hd__o311a_4)
                                         _0152_ (net)
                  0.06    0.00   16.27 v _2570_/A3 (sky130_fd_sc_hd__o31a_4)
     3    0.01    0.06    0.31   16.58 v _2570_/X (sky130_fd_sc_hd__o31a_4)
                                         _0167_ (net)
                  0.06    0.00   16.59 v _2774_/S (sky130_fd_sc_hd__mux2_4)
     4    0.01    0.06    0.34   16.92 v _2774_/X (sky130_fd_sc_hd__mux2_4)
                                         _0391_ (net)
                  0.06    0.00   16.92 v _2790_/B2 (sky130_fd_sc_hd__a221o_1)
     1    0.00    0.06    0.34   17.27 v _2790_/X (sky130_fd_sc_hd__a221o_1)
                                         _0409_ (net)
                  0.06    0.00   17.27 v _2791_/A1 (sky130_fd_sc_hd__a21bo_1)
     1    0.00    0.04    0.18   17.45 v _2791_/X (sky130_fd_sc_hd__a21bo_1)
                                         _0410_ (net)
                  0.04    0.00   17.45 v _2792_/A1 (sky130_fd_sc_hd__a21o_1)
     1    0.00    0.04    0.16   17.61 v _2792_/X (sky130_fd_sc_hd__a21o_1)
                                         _0411_ (net)
                  0.04    0.00   17.61 v _2793_/A1 (sky130_fd_sc_hd__a21o_1)
     1    0.00    0.04    0.16   17.77 v _2793_/X (sky130_fd_sc_hd__a21o_1)
                                         _0412_ (net)
                  0.04    0.00   17.77 v _2794_/A1 (sky130_fd_sc_hd__a21o_1)
     1    0.00    0.03    0.15   17.92 v _2794_/X (sky130_fd_sc_hd__a21o_1)
                                         _0413_ (net)
                  0.03    0.00   17.92 v _2796_/A1 (sky130_fd_sc_hd__a21o_1)
     1    0.00    0.04    0.16   18.09 v _2796_/X (sky130_fd_sc_hd__a21o_1)
                                         _0415_ (net)
                  0.04    0.00   18.09 v _2797_/A1 (sky130_fd_sc_hd__a21o_1)
     1    0.00    0.04    0.16   18.25 v _2797_/X (sky130_fd_sc_hd__a21o_1)
                                         _0416_ (net)
                  0.04    0.00   18.25 v _2798_/A1 (sky130_fd_sc_hd__a21o_1)
     1    0.00    0.03    0.15   18.40 v _2798_/X (sky130_fd_sc_hd__a21o_1)
                                         _0417_ (net)
                  0.03    0.00   18.40 v _2800_/A1 (sky130_fd_sc_hd__a21o_1)
     1    0.00    0.04    0.16   18.56 v _2800_/X (sky130_fd_sc_hd__a21o_1)
                                         _0420_ (net)
                  0.04    0.00   18.56 v _2801_/A1 (sky130_fd_sc_hd__a21oi_1)
     1    0.00    0.10    0.11   18.67 ^ _2801_/Y (sky130_fd_sc_hd__a21oi_1)
                                         _0421_ (net)
                  0.10    0.00   18.67 ^ _2802_/A1 (sky130_fd_sc_hd__o21ba_1)
     1    0.00    0.05    0.15   18.82 ^ _2802_/X (sky130_fd_sc_hd__o21ba_1)
                                         _0422_ (net)
                  0.05    0.00   18.82 ^ _2804_/A1 (sky130_fd_sc_hd__o21ai_1)
     1    0.00    0.07    0.07   18.90 v _2804_/Y (sky130_fd_sc_hd__o21ai_1)
                                         _0424_ (net)
                  0.07    0.00   18.90 v _2805_/A1 (sky130_fd_sc_hd__a21o_1)
     4    0.02    0.09    0.23   19.13 v _2805_/X (sky130_fd_sc_hd__a21o_1)
                                         _0425_ (net)
                  0.09    0.00   19.13 v _2809_/A (sky130_fd_sc_hd__buf_6)
     5    0.03    0.04    0.16   19.29 v _2809_/X (sky130_fd_sc_hd__buf_6)
                                         _0429_ (net)
                  0.04    0.00   19.29 v _2810_/S (sky130_fd_sc_hd__mux2_4)
     2    0.00    0.05    0.31   19.60 v _2810_/X (sky130_fd_sc_hd__mux2_4)
                                         _0431_ (net)
                  0.05    0.00   19.60 v _2813_/A0 (sky130_fd_sc_hd__mux2_4)
     2    0.00    0.05    0.28   19.88 v _2813_/X (sky130_fd_sc_hd__mux2_4)
                                         _0434_ (net)
                  0.05    0.00   19.88 v _2852_/A0 (sky130_fd_sc_hd__mux2_4)
     2    0.00    0.05    0.28   20.16 v _2852_/X (sky130_fd_sc_hd__mux2_4)
                                         _0473_ (net)
                  0.05    0.00   20.16 v _2931_/B (sky130_fd_sc_hd__and2_1)
     1    0.00    0.04    0.17   20.32 v _2931_/X (sky130_fd_sc_hd__and2_1)
                                         _0552_ (net)
                  0.04    0.00   20.32 v _2932_/B2 (sky130_fd_sc_hd__o221ai_1)
     1    0.00    0.15    0.14   20.46 ^ _2932_/Y (sky130_fd_sc_hd__o221ai_1)
                                         _0553_ (net)
                  0.15    0.00   20.46 ^ _2933_/C1 (sky130_fd_sc_hd__o211a_1)
     1    0.00    0.04    0.17   20.63 ^ _2933_/X (sky130_fd_sc_hd__o211a_1)
                                         _0013_ (net)
                  0.04    0.00   20.63 ^ _3096_/D (sky130_fd_sc_hd__dfxtp_1)
                                 20.63   data arrival time

                         10.00   10.00   clock clock (rise edge)
                          0.00   10.00   clock source latency
     1    0.01    0.04    0.03   10.03 ^ clock (in)
                                         clock (net)
                  0.04    0.00   10.03 ^ clkbuf_0_clock/A (sky130_fd_sc_hd__clkbuf_16)
     4    0.03    0.05    0.13   10.15 ^ clkbuf_0_clock/X (sky130_fd_sc_hd__clkbuf_16)
                                         clknet_0_clock (net)
                  0.05    0.00   10.15 ^ clkbuf_2_0__f_clock/A (sky130_fd_sc_hd__clkbuf_16)
     9    0.02    0.04    0.12   10.28 ^ clkbuf_2_0__f_clock/X (sky130_fd_sc_hd__clkbuf_16)
                                         clknet_2_0__leaf_clock (net)
                  0.04    0.00   10.28 ^ _3096_/CLK (sky130_fd_sc_hd__dfxtp_1)
                         -0.25   10.03   clock uncertainty
                          0.00   10.03   clock reconvergence pessimism
                         -0.05    9.97   library setup time
                                  9.97   data required time
-----------------------------------------------------------------------------
                                  9.97   data required time
                                -20.63   data arrival time
-----------------------------------------------------------------------------
                                -10.66   slack (VIOLATED)


Startpoint: io_inScaleA[6] (input port clocked by clock)
Endpoint: _3114_ (rising edge-triggered flip-flop clocked by clock)
Path Group: clock
Path Type: max

Fanout     Cap    Slew   Delay    Time   Description
-----------------------------------------------------------------------------
                          0.00    0.00   clock clock (rise edge)
                          0.00    0.00   clock network delay (propagated)
                          2.00    2.00 v input external delay
     1    0.01    0.02    0.01    2.01 v io_inScaleA[6] (in)
                                         io_inScaleA[6] (net)
                  0.02    0.00    2.01 v input15/A (sky130_fd_sc_hd__buf_8)
     4    0.02    0.03    0.12    2.13 v input15/X (sky130_fd_sc_hd__buf_8)
                                         net15 (net)
                  0.03    0.00    2.13 v _1585_/A1 (sky130_fd_sc_hd__o21ai_4)
     5    0.03    0.27    0.26    2.39 ^ _1585_/Y (sky130_fd_sc_hd__o21ai_4)
                                         _0419_ (net)
                  0.27    0.00    2.39 ^ _1595_/B (sky130_fd_sc_hd__xnor2_2)
     1    0.01    0.07    0.12    2.51 v _1595_/Y (sky130_fd_sc_hd__xnor2_2)
                                         _0521_ (net)
                  0.07    0.00    2.51 v _1596_/A (sky130_fd_sc_hd__xnor2_2)
     2    0.01    0.23    0.26    2.77 ^ _1596_/Y (sky130_fd_sc_hd__xnor2_2)
                                         _0530_ (net)
                  0.23    0.00    2.77 ^ _1597_/A (sky130_fd_sc_hd__xnor2_2)
     2    0.01    0.09    0.14    2.91 v _1597_/Y (sky130_fd_sc_hd__xnor2_2)
                                         _0540_ (net)
                  0.09    0.00    2.91 v _1621_/B (sky130_fd_sc_hd__or3_4)
     1    0.00    0.06    0.39    3.30 v _1621_/X (sky130_fd_sc_hd__or3_4)
                                         _0705_ (net)
                  0.06    0.00    3.30 v _1622_/B1_N (sky130_fd_sc_hd__a21bo_4)
     2    0.01    0.05    0.20    3.50 ^ _1622_/X (sky130_fd_sc_hd__a21bo_4)
                                         _0706_ (net)
                  0.05    0.00    3.50 ^ _1626_/B (sky130_fd_sc_hd__xor2_2)
     2    0.01    0.19    0.21    3.71 ^ _1626_/X (sky130_fd_sc_hd__xor2_2)
                                         _0710_ (net)
                  0.19    0.00    3.71 ^ _1627_/A (sky130_fd_sc_hd__xnor2_2)
     2    0.02    0.31    0.21    3.92 ^ _1627_/Y (sky130_fd_sc_hd__xnor2_2)
                                         _0711_ (net)
                  0.31    0.00    3.92 ^ _1628_/A (sky130_fd_sc_hd__xor2_4)
     2    0.02    0.19    0.25    4.16 ^ _1628_/X (sky130_fd_sc_hd__xor2_4)
                                         _0712_ (net)
                  0.19    0.00    4.17 ^ _1633_/A_N (sky130_fd_sc_hd__and2b_1)
     1    0.00    0.03    0.21    4.38 v _1633_/X (sky130_fd_sc_hd__and2b_1)
                                         _0717_ (net)
                  0.03    0.00    4.38 v _1634_/B1 (sky130_fd_sc_hd__a31o_1)
     2    0.01    0.08    0.23    4.61 v _1634_/X (sky130_fd_sc_hd__a31o_1)
                                         _0718_ (net)
                  0.08    0.00    4.61 v _1722_/C (sky130_fd_sc_hd__or3_4)
     2    0.00    0.07    0.35    4.97 v _1722_/X (sky130_fd_sc_hd__or3_4)
                                         _0806_ (net)
                  0.07    0.00    4.97 v _1783_/A (sky130_fd_sc_hd__and3_1)
     1    0.01    0.06    0.19    5.15 v _1783_/X (sky130_fd_sc_hd__and3_1)
                                         _0867_ (net)
                  0.06    0.00    5.15 v _1784_/B (sky130_fd_sc_hd__xnor2_2)
     2    0.01    0.07    0.16    5.31 v _1784_/Y (sky130_fd_sc_hd__xnor2_2)
                                         _0868_ (net)
                  0.07    0.00    5.31 v _1785_/A (sky130_fd_sc_hd__xnor2_1)
     2    0.01    0.24    0.26    5.58 ^ _1785_/Y (sky130_fd_sc_hd__xnor2_1)
                                         _0869_ (net)
                  0.24    0.00    5.58 ^ _1786_/B (sky130_fd_sc_hd__or3_4)
     1    0.00    0.03    0.18    5.76 ^ _1786_/X (sky130_fd_sc_hd__or3_4)
                                         _0870_ (net)
                  0.03    0.00    5.76 ^ _1787_/B1_N (sky130_fd_sc_hd__a21bo_4)
     2    0.01    0.05    0.24    5.99 v _1787_/X (sky130_fd_sc_hd__a21bo_4)
                                         _0871_ (net)
                  0.05    0.00    6.00 v _1789_/A (sky130_fd_sc_hd__xor2_2)
     2    0.01    0.11    0.20    6.20 v _1789_/X (sky130_fd_sc_hd__xor2_2)
                                         _0873_ (net)
                  0.11    0.00    6.20 v _1832_/A2 (sky130_fd_sc_hd__o21bai_4)
     3    0.01    0.14    0.18    6.38 ^ _1832_/Y (sky130_fd_sc_hd__o21bai_4)
                                         _0916_ (net)
                  0.14    0.00    6.38 ^ _1834_/A1 (sky130_fd_sc_hd__a21o_1)
     2    0.01    0.13    0.21    6.59 ^ _1834_/X (sky130_fd_sc_hd__a21o_1)
                                         _0918_ (net)
                  0.13    0.00    6.59 ^ _1836_/A1 (sky130_fd_sc_hd__a21oi_4)
     3    0.02    0.06    0.09    6.68 v _1836_/Y (sky130_fd_sc_hd__a21oi_4)
                                         _0920_ (net)
                  0.06    0.00    6.68 v _1840_/A1 (sky130_fd_sc_hd__o211a_1)
     2    0.01    0.06    0.27    6.95 v _1840_/X (sky130_fd_sc_hd__o211a_1)
                                         _0924_ (net)
                  0.06    0.00    6.95 v _1841_/A2 (sky130_fd_sc_hd__o31a_4)
     4    0.02    0.07    0.39    7.33 v _1841_/X (sky130_fd_sc_hd__o31a_4)
                                         _0925_ (net)
                  0.07    0.00    7.33 v rebuffer28/A (sky130_fd_sc_hd__buf_8)
     1    0.02    0.03    0.14    7.47 v rebuffer28/X (sky130_fd_sc_hd__buf_8)
                                         net83 (net)
                  0.03    0.00    7.48 v _1879_/B (sky130_fd_sc_hd__xnor2_4)
     7    0.02    0.19    0.19    7.67 ^ _1879_/Y (sky130_fd_sc_hd__xnor2_4)
                                         _0963_ (net)
                  0.19    0.00    7.67 ^ _1934_/C (sky130_fd_sc_hd__and4_1)
     2    0.01    0.09    0.25    7.92 ^ _1934_/X (sky130_fd_sc_hd__and4_1)
                                         _1018_ (net)
                  0.09    0.00    7.92 ^ _1935_/A (sky130_fd_sc_hd__buf_6)
     5    0.01    0.04    0.12    8.04 ^ _1935_/X (sky130_fd_sc_hd__buf_6)
                                         _1019_ (net)
                  0.04    0.00    8.04 ^ _1936_/A (sky130_fd_sc_hd__and2_4)
     1    0.01    0.04    0.14    8.18 ^ _1936_/X (sky130_fd_sc_hd__and2_4)
                                         _1020_ (net)
                  0.04    0.00    8.18 ^ _1937_/A (sky130_fd_sc_hd__buf_8)
     7    0.04    0.07    0.13    8.30 ^ _1937_/X (sky130_fd_sc_hd__buf_8)
                                         _1021_ (net)
                  0.07    0.00    8.30 ^ _1942_/B (sky130_fd_sc_hd__xnor2_4)
     2    0.01    0.08    0.08    8.39 v _1942_/Y (sky130_fd_sc_hd__xnor2_4)
                                         _1026_ (net)
                  0.08    0.00    8.39 v _1952_/A1 (sky130_fd_sc_hd__o221a_1)
     2    0.01    0.08    0.32    8.70 v _1952_/X (sky130_fd_sc_hd__o221a_1)
                                         _1036_ (net)
                  0.08    0.00    8.70 v _1955_/A (sky130_fd_sc_hd__nor2b_2)
     2    0.02    0.19    0.21    8.92 ^ _1955_/Y (sky130_fd_sc_hd__nor2b_2)
                                         _1039_ (net)
                  0.19    0.00    8.92 ^ _1958_/A1 (sky130_fd_sc_hd__a31oi_4)
     5    0.01    0.09    0.13    9.04 v _1958_/Y (sky130_fd_sc_hd__a31oi_4)
                                         _1042_ (net)
                  0.09    0.00    9.04 v _1959_/B (sky130_fd_sc_hd__or3_4)
     4    0.02    0.10    0.45    9.49 v _1959_/X (sky130_fd_sc_hd__or3_4)
                                         _1043_ (net)
                  0.10    0.00    9.49 v _1965_/A2 (sky130_fd_sc_hd__a21o_4)
     2    0.02    0.06    0.27    9.77 v _1965_/X (sky130_fd_sc_hd__a21o_4)
                                         _1049_ (net)
                  0.06    0.00    9.77 v _1971_/A2 (sky130_fd_sc_hd__a21o_4)
     2    0.02    0.06    0.25   10.02 v _1971_/X (sky130_fd_sc_hd__a21o_4)
                                         _1055_ (net)
                  0.06    0.00   10.02 v _1977_/A2 (sky130_fd_sc_hd__a21bo_4)
     2    0.02    0.06    0.26   10.28 v _1977_/X (sky130_fd_sc_hd__a21bo_4)
                                         _1061_ (net)
                  0.06    0.00   10.28 v _1986_/A2 (sky130_fd_sc_hd__a21o_4)
     2    0.02    0.05    0.25   10.53 v _1986_/X (sky130_fd_sc_hd__a21o_4)
                                         _1070_ (net)
                  0.05    0.00   10.54 v _1989_/A2 (sky130_fd_sc_hd__a21o_1)
     2    0.02    0.10    0.25   10.79 v _1989_/X (sky130_fd_sc_hd__a21o_1)
                                         _1073_ (net)
                  0.10    0.00   10.79 v _1992_/A2 (sky130_fd_sc_hd__a21oi_4)
     3    0.02    0.19    0.24   11.03 ^ _1992_/Y (sky130_fd_sc_hd__a21oi_4)
                                         _1076_ (net)
                  0.19    0.00   11.03 ^ max_cap1/A (sky130_fd_sc_hd__buf_4)
     3    0.04    0.11    0.22   11.25 ^ max_cap1/X (sky130_fd_sc_hd__buf_4)
                                         net90 (net)
                  0.11    0.00   11.25 ^ _1993_/A (sky130_fd_sc_hd__xnor2_4)
     6    0.04    0.34    0.21   11.46 ^ _1993_/Y (sky130_fd_sc_hd__xnor2_4)
                                         _1077_ (net)
                  0.34    0.00   11.47 ^ _2029_/S (sky130_fd_sc_hd__mux2_4)
     5    0.01    0.06    0.38   11.84 v _2029_/X (sky130_fd_sc_hd__mux2_4)
                                         _1113_ (net)
                  0.06    0.00   11.84 v _2109_/A (sky130_fd_sc_hd__buf_2)
    10    0.03    0.07    0.18   12.02 v _2109_/X (sky130_fd_sc_hd__buf_2)
                                         _1193_ (net)
                  0.07    0.00   12.02 v _2230_/A1 (sky130_fd_sc_hd__a21o_1)
     3    0.01    0.06    0.20   12.22 v _2230_/X (sky130_fd_sc_hd__a21o_1)
                                         _1314_ (net)
                  0.06    0.00   12.22 v _2310_/A3 (sky130_fd_sc_hd__a311o_1)
     1    0.01    0.08    0.41   12.63 v _2310_/X (sky130_fd_sc_hd__a311o_1)
                                         _1394_ (net)
                  0.08    0.00   12.63 v _2315_/A3 (sky130_fd_sc_hd__a31oi_4)
     1    0.01    0.12    0.19   12.82 ^ _2315_/Y (sky130_fd_sc_hd__a31oi_4)
                                         _1399_ (net)
                  0.12    0.00   12.82 ^ _2316_/C1 (sky130_fd_sc_hd__a311o_1)
     3    0.01    0.14    0.20   13.02 ^ _2316_/X (sky130_fd_sc_hd__a311o_1)
                                         _1400_ (net)
                  0.14    0.00   13.02 ^ rebuffer6/A (sky130_fd_sc_hd__clkbuf_1)
     1    0.00    0.05    0.12   13.14 ^ rebuffer6/X (sky130_fd_sc_hd__clkbuf_1)
                                         net61 (net)
                  0.05    0.00   13.14 ^ _2320_/B (sky130_fd_sc_hd__nand3_1)
     2    0.01    0.10    0.12   13.26 v _2320_/Y (sky130_fd_sc_hd__nand3_1)
                                         _1404_ (net)
                  0.10    0.00   13.26 v _2357_/A1 (sky130_fd_sc_hd__a2111o_4)
     4    0.02    0.09    0.52   13.78 v _2357_/X (sky130_fd_sc_hd__a2111o_4)
                                         _1441_ (net)
                  0.09    0.00   13.78 v _2359_/A1 (sky130_fd_sc_hd__a21o_1)
     3    0.01    0.06    0.21   13.99 v _2359_/X (sky130_fd_sc_hd__a21o_1)
                                         _1443_ (net)
                  0.06    0.00   13.99 v _2374_/A1 (sky130_fd_sc_hd__a311o_1)
     3    0.01    0.09    0.32   14.31 v _2374_/X (sky130_fd_sc_hd__a311o_1)
                                         _1459_ (net)
                  0.09    0.00   14.31 v _2391_/A2 (sky130_fd_sc_hd__a2111o_1)
     2    0.01    0.10    0.50   14.81 v _2391_/X (sky130_fd_sc_hd__a2111o_1)
                                         _1478_ (net)
                  0.10    0.00   14.81 v _2400_/A1 (sky130_fd_sc_hd__a41oi_4)
     4    0.02    0.23    0.22   15.03 ^ _2400_/Y (sky130_fd_sc_hd__a41oi_4)
                                         _1488_ (net)
                  0.23    0.00   15.03 ^ _2437_/A1 (sky130_fd_sc_hd__a311oi_2)
     2    0.00    0.10    0.14   15.17 v _2437_/Y (sky130_fd_sc_hd__a311oi_2)
                                         _1527_ (net)
                  0.10    0.00   15.17 v _2461_/A1 (sky130_fd_sc_hd__a2111o_1)
     2    0.00    0.07    0.40   15.57 v _2461_/X (sky130_fd_sc_hd__a2111o_1)
                                         _0047_ (net)
                  0.07    0.00   15.57 v _2489_/A2 (sky130_fd_sc_hd__a21o_1)
     2    0.00    0.04    0.19   15.76 v _2489_/X (sky130_fd_sc_hd__a21o_1)
                                         _0077_ (net)
                  0.04    0.00   15.76 v _2495_/A (sky130_fd_sc_hd__and3_1)
     3    0.01    0.07    0.18   15.94 v _2495_/X (sky130_fd_sc_hd__and3_1)
                                         _0084_ (net)
                  0.07    0.00   15.94 v _2557_/A3 (sky130_fd_sc_hd__o311a_4)
     2    0.01    0.06    0.33   16.27 v _2557_/X (sky130_fd_sc_hd__o311a_4)
                                         _0152_ (net)
                  0.06    0.00   16.27 v _2570_/A3 (sky130_fd_sc_hd__o31a_4)
     3    0.01    0.06    0.31   16.58 v _2570_/X (sky130_fd_sc_hd__o31a_4)
                                         _0167_ (net)
                  0.06    0.00   16.59 v _2774_/S (sky130_fd_sc_hd__mux2_4)
     4    0.01    0.06    0.34   16.92 v _2774_/X (sky130_fd_sc_hd__mux2_4)
                                         _0391_ (net)
                  0.06    0.00   16.92 v _2790_/B2 (sky130_fd_sc_hd__a221o_1)
     1    0.00    0.06    0.34   17.27 v _2790_/X (sky130_fd_sc_hd__a221o_1)
                                         _0409_ (net)
                  0.06    0.00   17.27 v _2791_/A1 (sky130_fd_sc_hd__a21bo_1)
     1    0.00    0.04    0.18   17.45 v _2791_/X (sky130_fd_sc_hd__a21bo_1)
                                         _0410_ (net)
                  0.04    0.00   17.45 v _2792_/A1 (sky130_fd_sc_hd__a21o_1)
     1    0.00    0.04    0.16   17.61 v _2792_/X (sky130_fd_sc_hd__a21o_1)
                                         _0411_ (net)
                  0.04    0.00   17.61 v _2793_/A1 (sky130_fd_sc_hd__a21o_1)
     1    0.00    0.04    0.16   17.77 v _2793_/X (sky130_fd_sc_hd__a21o_1)
                                         _0412_ (net)
                  0.04    0.00   17.77 v _2794_/A1 (sky130_fd_sc_hd__a21o_1)
     1    0.00    0.03    0.15   17.92 v _2794_/X (sky130_fd_sc_hd__a21o_1)
                                         _0413_ (net)
                  0.03    0.00   17.92 v _2796_/A1 (sky130_fd_sc_hd__a21o_1)
     1    0.00    0.04    0.16   18.09 v _2796_/X (sky130_fd_sc_hd__a21o_1)
                                         _0415_ (net)
                  0.04    0.00   18.09 v _2797_/A1 (sky130_fd_sc_hd__a21o_1)
     1    0.00    0.04    0.16   18.25 v _2797_/X (sky130_fd_sc_hd__a21o_1)
                                         _0416_ (net)
                  0.04    0.00   18.25 v _2798_/A1 (sky130_fd_sc_hd__a21o_1)
     1    0.00    0.03    0.15   18.40 v _2798_/X (sky130_fd_sc_hd__a21o_1)
                                         _0417_ (net)
                  0.03    0.00   18.40 v _2800_/A1 (sky130_fd_sc_hd__a21o_1)
     1    0.00    0.04    0.16   18.56 v _2800_/X (sky130_fd_sc_hd__a21o_1)
                                         _0420_ (net)
                  0.04    0.00   18.56 v _2801_/A1 (sky130_fd_sc_hd__a21oi_1)
     1    0.00    0.10    0.11   18.67 ^ _2801_/Y (sky130_fd_sc_hd__a21oi_1)
                                         _0421_ (net)
                  0.10    0.00   18.67 ^ _2802_/A1 (sky130_fd_sc_hd__o21ba_1)
     1    0.00    0.05    0.15   18.82 ^ _2802_/X (sky130_fd_sc_hd__o21ba_1)
                                         _0422_ (net)
                  0.05    0.00   18.82 ^ _2804_/A1 (sky130_fd_sc_hd__o21ai_1)
     1    0.00    0.07    0.07   18.90 v _2804_/Y (sky130_fd_sc_hd__o21ai_1)
                                         _0424_ (net)
                  0.07    0.00   18.90 v _2805_/A1 (sky130_fd_sc_hd__a21o_1)
     4    0.02    0.09    0.23   19.13 v _2805_/X (sky130_fd_sc_hd__a21o_1)
                                         _0425_ (net)
                  0.09    0.00   19.13 v clone11/A (sky130_fd_sc_hd__buf_6)
     5    0.02    0.03    0.16   19.28 v clone11/X (sky130_fd_sc_hd__buf_6)
                                         net66 (net)
                  0.03    0.00   19.28 v _3032_/A4 (sky130_fd_sc_hd__a41o_1)
     2    0.01    0.06    0.27   19.55 v _3032_/X (sky130_fd_sc_hd__a41o_1)
                                         _0649_ (net)
                  0.06    0.00   19.55 v _3044_/A2 (sky130_fd_sc_hd__a21bo_1)
     2    0.01    0.07    0.24   19.79 v _3044_/X (sky130_fd_sc_hd__a21bo_1)
                                         _0661_ (net)
                  0.07    0.00   19.79 v _3056_/A2 (sky130_fd_sc_hd__a21oi_2)
     2    0.01    0.16    0.21   20.00 ^ _3056_/Y (sky130_fd_sc_hd__a21oi_2)
                                         _0673_ (net)
                  0.16    0.00   20.00 ^ _3063_/B1 (sky130_fd_sc_hd__o22ai_2)
     2    0.01    0.08    0.12   20.12 v _3063_/Y (sky130_fd_sc_hd__o22ai_2)
                                         _0680_ (net)
                  0.08    0.00   20.12 v _3066_/A (sky130_fd_sc_hd__nand2_1)
     3    0.01    0.09    0.11   20.23 ^ _3066_/Y (sky130_fd_sc_hd__nand2_1)
                                         _0683_ (net)
                  0.09    0.00   20.23 ^ _3076_/A1 (sky130_fd_sc_hd__a21oi_1)
     1    0.00    0.05    0.07   20.31 v _3076_/Y (sky130_fd_sc_hd__a21oi_1)
                                         _0693_ (net)
                  0.05    0.00   20.31 v _3078_/A3 (sky130_fd_sc_hd__o31a_1)
     1    0.00    0.05    0.24   20.55 v _3078_/X (sky130_fd_sc_hd__o31a_1)
                                         _0031_ (net)
                  0.05    0.00   20.55 v _3114_/D (sky130_fd_sc_hd__dfxtp_2)
                                 20.55   data arrival time

                         10.00   10.00   clock clock (rise edge)
                          0.00   10.00   clock source latency
     1    0.01    0.04    0.03   10.03 ^ clock (in)
                                         clock (net)
                  0.04    0.00   10.03 ^ clkbuf_0_clock/A (sky130_fd_sc_hd__clkbuf_16)
     4    0.03    0.05    0.13   10.15 ^ clkbuf_0_clock/X (sky130_fd_sc_hd__clkbuf_16)
                                         clknet_0_clock (net)
                  0.05    0.00   10.15 ^ clkbuf_2_0__f_clock/A (sky130_fd_sc_hd__clkbuf_16)
     9    0.02    0.04    0.12   10.28 ^ clkbuf_2_0__f_clock/X (sky130_fd_sc_hd__clkbuf_16)
                                         clknet_2_0__leaf_clock (net)
                  0.04    0.00   10.28 ^ _3114_/CLK (sky130_fd_sc_hd__dfxtp_2)
                         -0.25   10.03   clock uncertainty
                          0.00   10.03   clock reconvergence pessimism
                         -0.11    9.91   library setup time
                                  9.91   data required time
-----------------------------------------------------------------------------
                                  9.91   data required time
                                -20.55   data arrival time
-----------------------------------------------------------------------------
                                -10.64   slack (VIOLATED)


Startpoint: io_inScaleA[6] (input port clocked by clock)
Endpoint: _3087_ (rising edge-triggered flip-flop clocked by clock)
Path Group: clock
Path Type: max

Fanout     Cap    Slew   Delay    Time   Description
-----------------------------------------------------------------------------
                          0.00    0.00   clock clock (rise edge)
                          0.00    0.00   clock network delay (propagated)
                          2.00    2.00 v input external delay
     1    0.01    0.02    0.01    2.01 v io_inScaleA[6] (in)
                                         io_inScaleA[6] (net)
                  0.02    0.00    2.01 v input15/A (sky130_fd_sc_hd__buf_8)
     4    0.02    0.03    0.12    2.13 v input15/X (sky130_fd_sc_hd__buf_8)
                                         net15 (net)
                  0.03    0.00    2.13 v _1585_/A1 (sky130_fd_sc_hd__o21ai_4)
     5    0.03    0.27    0.26    2.39 ^ _1585_/Y (sky130_fd_sc_hd__o21ai_4)
                                         _0419_ (net)
                  0.27    0.00    2.39 ^ _1595_/B (sky130_fd_sc_hd__xnor2_2)
     1    0.01    0.07    0.12    2.51 v _1595_/Y (sky130_fd_sc_hd__xnor2_2)
                                         _0521_ (net)
                  0.07    0.00    2.51 v _1596_/A (sky130_fd_sc_hd__xnor2_2)
     2    0.01    0.23    0.26    2.77 ^ _1596_/Y (sky130_fd_sc_hd__xnor2_2)
                                         _0530_ (net)
                  0.23    0.00    2.77 ^ _1597_/A (sky130_fd_sc_hd__xnor2_2)
     2    0.01    0.09    0.14    2.91 v _1597_/Y (sky130_fd_sc_hd__xnor2_2)
                                         _0540_ (net)
                  0.09    0.00    2.91 v _1621_/B (sky130_fd_sc_hd__or3_4)
     1    0.00    0.06    0.39    3.30 v _1621_/X (sky130_fd_sc_hd__or3_4)
                                         _0705_ (net)
                  0.06    0.00    3.30 v _1622_/B1_N (sky130_fd_sc_hd__a21bo_4)
     2    0.01    0.05    0.20    3.50 ^ _1622_/X (sky130_fd_sc_hd__a21bo_4)
                                         _0706_ (net)
                  0.05    0.00    3.50 ^ _1626_/B (sky130_fd_sc_hd__xor2_2)
     2    0.01    0.19    0.21    3.71 ^ _1626_/X (sky130_fd_sc_hd__xor2_2)
                                         _0710_ (net)
                  0.19    0.00    3.71 ^ _1627_/A (sky130_fd_sc_hd__xnor2_2)
     2    0.02    0.31    0.21    3.92 ^ _1627_/Y (sky130_fd_sc_hd__xnor2_2)
                                         _0711_ (net)
                  0.31    0.00    3.92 ^ _1628_/A (sky130_fd_sc_hd__xor2_4)
     2    0.02    0.19    0.25    4.16 ^ _1628_/X (sky130_fd_sc_hd__xor2_4)
                                         _0712_ (net)
                  0.19    0.00    4.17 ^ _1633_/A_N (sky130_fd_sc_hd__and2b_1)
     1    0.00    0.03    0.21    4.38 v _1633_/X (sky130_fd_sc_hd__and2b_1)
                                         _0717_ (net)
                  0.03    0.00    4.38 v _1634_/B1 (sky130_fd_sc_hd__a31o_1)
     2    0.01    0.08    0.23    4.61 v _1634_/X (sky130_fd_sc_hd__a31o_1)
                                         _0718_ (net)
                  0.08    0.00    4.61 v _1722_/C (sky130_fd_sc_hd__or3_4)
     2    0.00    0.07    0.35    4.97 v _1722_/X (sky130_fd_sc_hd__or3_4)
                                         _0806_ (net)
                  0.07    0.00    4.97 v _1783_/A (sky130_fd_sc_hd__and3_1)
     1    0.01    0.06    0.19    5.15 v _1783_/X (sky130_fd_sc_hd__and3_1)
                                         _0867_ (net)
                  0.06    0.00    5.15 v _1784_/B (sky130_fd_sc_hd__xnor2_2)
     2    0.01    0.07    0.16    5.31 v _1784_/Y (sky130_fd_sc_hd__xnor2_2)
                                         _0868_ (net)
                  0.07    0.00    5.31 v _1785_/A (sky130_fd_sc_hd__xnor2_1)
     2    0.01    0.24    0.26    5.58 ^ _1785_/Y (sky130_fd_sc_hd__xnor2_1)
                                         _0869_ (net)
                  0.24    0.00    5.58 ^ _1786_/B (sky130_fd_sc_hd__or3_4)
     1    0.00    0.03    0.18    5.76 ^ _1786_/X (sky130_fd_sc_hd__or3_4)
                                         _0870_ (net)
                  0.03    0.00    5.76 ^ _1787_/B1_N (sky130_fd_sc_hd__a21bo_4)
     2    0.01    0.05    0.24    5.99 v _1787_/X (sky130_fd_sc_hd__a21bo_4)
                                         _0871_ (net)
                  0.05    0.00    6.00 v _1789_/A (sky130_fd_sc_hd__xor2_2)
     2    0.01    0.11    0.20    6.20 v _1789_/X (sky130_fd_sc_hd__xor2_2)
                                         _0873_ (net)
                  0.11    0.00    6.20 v _1832_/A2 (sky130_fd_sc_hd__o21bai_4)
     3    0.01    0.14    0.18    6.38 ^ _1832_/Y (sky130_fd_sc_hd__o21bai_4)
                                         _0916_ (net)
                  0.14    0.00    6.38 ^ _1834_/A1 (sky130_fd_sc_hd__a21o_1)
     2    0.01    0.13    0.21    6.59 ^ _1834_/X (sky130_fd_sc_hd__a21o_1)
                                         _0918_ (net)
                  0.13    0.00    6.59 ^ _1836_/A1 (sky130_fd_sc_hd__a21oi_4)
     3    0.02    0.06    0.09    6.68 v _1836_/Y (sky130_fd_sc_hd__a21oi_4)
                                         _0920_ (net)
                  0.06    0.00    6.68 v _1840_/A1 (sky130_fd_sc_hd__o211a_1)
     2    0.01    0.06    0.27    6.95 v _1840_/X (sky130_fd_sc_hd__o211a_1)
                                         _0924_ (net)
                  0.06    0.00    6.95 v _1841_/A2 (sky130_fd_sc_hd__o31a_4)
     4    0.02    0.07    0.39    7.33 v _1841_/X (sky130_fd_sc_hd__o31a_4)
                                         _0925_ (net)
                  0.07    0.00    7.33 v rebuffer28/A (sky130_fd_sc_hd__buf_8)
     1    0.02    0.03    0.14    7.47 v rebuffer28/X (sky130_fd_sc_hd__buf_8)
                                         net83 (net)
                  0.03    0.00    7.48 v _1879_/B (sky130_fd_sc_hd__xnor2_4)
     7    0.02    0.19    0.19    7.67 ^ _1879_/Y (sky130_fd_sc_hd__xnor2_4)
                                         _0963_ (net)
                  0.19    0.00    7.67 ^ _1934_/C (sky130_fd_sc_hd__and4_1)
     2    0.01    0.09    0.25    7.92 ^ _1934_/X (sky130_fd_sc_hd__and4_1)
                                         _1018_ (net)
                  0.09    0.00    7.92 ^ _1935_/A (sky130_fd_sc_hd__buf_6)
     5    0.01    0.04    0.12    8.04 ^ _1935_/X (sky130_fd_sc_hd__buf_6)
                                         _1019_ (net)
                  0.04    0.00    8.04 ^ _1936_/A (sky130_fd_sc_hd__and2_4)
     1    0.01    0.04    0.14    8.18 ^ _1936_/X (sky130_fd_sc_hd__and2_4)
                                         _1020_ (net)
                  0.04    0.00    8.18 ^ _1937_/A (sky130_fd_sc_hd__buf_8)
     7    0.04    0.07    0.13    8.30 ^ _1937_/X (sky130_fd_sc_hd__buf_8)
                                         _1021_ (net)
                  0.07    0.00    8.30 ^ _1942_/B (sky130_fd_sc_hd__xnor2_4)
     2    0.01    0.08    0.08    8.39 v _1942_/Y (sky130_fd_sc_hd__xnor2_4)
                                         _1026_ (net)
                  0.08    0.00    8.39 v _1952_/A1 (sky130_fd_sc_hd__o221a_1)
     2    0.01    0.08    0.32    8.70 v _1952_/X (sky130_fd_sc_hd__o221a_1)
                                         _1036_ (net)
                  0.08    0.00    8.70 v _1955_/A (sky130_fd_sc_hd__nor2b_2)
     2    0.02    0.19    0.21    8.92 ^ _1955_/Y (sky130_fd_sc_hd__nor2b_2)
                                         _1039_ (net)
                  0.19    0.00    8.92 ^ _1958_/A1 (sky130_fd_sc_hd__a31oi_4)
     5    0.01    0.09    0.13    9.04 v _1958_/Y (sky130_fd_sc_hd__a31oi_4)
                                         _1042_ (net)
                  0.09    0.00    9.04 v _1959_/B (sky130_fd_sc_hd__or3_4)
     4    0.02    0.10    0.45    9.49 v _1959_/X (sky130_fd_sc_hd__or3_4)
                                         _1043_ (net)
                  0.10    0.00    9.49 v _1965_/A2 (sky130_fd_sc_hd__a21o_4)
     2    0.02    0.06    0.27    9.77 v _1965_/X (sky130_fd_sc_hd__a21o_4)
                                         _1049_ (net)
                  0.06    0.00    9.77 v _1971_/A2 (sky130_fd_sc_hd__a21o_4)
     2    0.02    0.06    0.25   10.02 v _1971_/X (sky130_fd_sc_hd__a21o_4)
                                         _1055_ (net)
                  0.06    0.00   10.02 v _1977_/A2 (sky130_fd_sc_hd__a21bo_4)
     2    0.02    0.06    0.26   10.28 v _1977_/X (sky130_fd_sc_hd__a21bo_4)
                                         _1061_ (net)
                  0.06    0.00   10.28 v _1986_/A2 (sky130_fd_sc_hd__a21o_4)
     2    0.02    0.05    0.25   10.53 v _1986_/X (sky130_fd_sc_hd__a21o_4)
                                         _1070_ (net)
                  0.05    0.00   10.54 v _1989_/A2 (sky130_fd_sc_hd__a21o_1)
     2    0.02    0.10    0.25   10.79 v _1989_/X (sky130_fd_sc_hd__a21o_1)
                                         _1073_ (net)
                  0.10    0.00   10.79 v _1992_/A2 (sky130_fd_sc_hd__a21oi_4)
     3    0.02    0.19    0.24   11.03 ^ _1992_/Y (sky130_fd_sc_hd__a21oi_4)
                                         _1076_ (net)
                  0.19    0.00   11.03 ^ max_cap1/A (sky130_fd_sc_hd__buf_4)
     3    0.04    0.11    0.22   11.25 ^ max_cap1/X (sky130_fd_sc_hd__buf_4)
                                         net90 (net)
                  0.11    0.00   11.25 ^ _1993_/A (sky130_fd_sc_hd__xnor2_4)
     6    0.04    0.34    0.21   11.46 ^ _1993_/Y (sky130_fd_sc_hd__xnor2_4)
                                         _1077_ (net)
                  0.34    0.00   11.47 ^ _2029_/S (sky130_fd_sc_hd__mux2_4)
     5    0.01    0.06    0.38   11.84 v _2029_/X (sky130_fd_sc_hd__mux2_4)
                                         _1113_ (net)
                  0.06    0.00   11.84 v _2109_/A (sky130_fd_sc_hd__buf_2)
    10    0.03    0.07    0.18   12.02 v _2109_/X (sky130_fd_sc_hd__buf_2)
                                         _1193_ (net)
                  0.07    0.00   12.02 v _2230_/A1 (sky130_fd_sc_hd__a21o_1)
     3    0.01    0.06    0.20   12.22 v _2230_/X (sky130_fd_sc_hd__a21o_1)
                                         _1314_ (net)
                  0.06    0.00   12.22 v _2310_/A3 (sky130_fd_sc_hd__a311o_1)
     1    0.01    0.08    0.41   12.63 v _2310_/X (sky130_fd_sc_hd__a311o_1)
                                         _1394_ (net)
                  0.08    0.00   12.63 v _2315_/A3 (sky130_fd_sc_hd__a31oi_4)
     1    0.01    0.12    0.19   12.82 ^ _2315_/Y (sky130_fd_sc_hd__a31oi_4)
                                         _1399_ (net)
                  0.12    0.00   12.82 ^ _2316_/C1 (sky130_fd_sc_hd__a311o_1)
     3    0.01    0.14    0.20   13.02 ^ _2316_/X (sky130_fd_sc_hd__a311o_1)
                                         _1400_ (net)
                  0.14    0.00   13.02 ^ rebuffer6/A (sky130_fd_sc_hd__clkbuf_1)
     1    0.00    0.05    0.12   13.14 ^ rebuffer6/X (sky130_fd_sc_hd__clkbuf_1)
                                         net61 (net)
                  0.05    0.00   13.14 ^ _2320_/B (sky130_fd_sc_hd__nand3_1)
     2    0.01    0.10    0.12   13.26 v _2320_/Y (sky130_fd_sc_hd__nand3_1)
                                         _1404_ (net)
                  0.10    0.00   13.26 v _2357_/A1 (sky130_fd_sc_hd__a2111o_4)
     4    0.02    0.09    0.52   13.78 v _2357_/X (sky130_fd_sc_hd__a2111o_4)
                                         _1441_ (net)
                  0.09    0.00   13.78 v _2359_/A1 (sky130_fd_sc_hd__a21o_1)
     3    0.01    0.06    0.21   13.99 v _2359_/X (sky130_fd_sc_hd__a21o_1)
                                         _1443_ (net)
                  0.06    0.00   13.99 v _2374_/A1 (sky130_fd_sc_hd__a311o_1)
     3    0.01    0.09    0.32   14.31 v _2374_/X (sky130_fd_sc_hd__a311o_1)
                                         _1459_ (net)
                  0.09    0.00   14.31 v _2391_/A2 (sky130_fd_sc_hd__a2111o_1)
     2    0.01    0.10    0.50   14.81 v _2391_/X (sky130_fd_sc_hd__a2111o_1)
                                         _1478_ (net)
                  0.10    0.00   14.81 v _2400_/A1 (sky130_fd_sc_hd__a41oi_4)
     4    0.02    0.23    0.22   15.03 ^ _2400_/Y (sky130_fd_sc_hd__a41oi_4)
                                         _1488_ (net)
                  0.23    0.00   15.03 ^ _2437_/A1 (sky130_fd_sc_hd__a311oi_2)
     2    0.00    0.10    0.14   15.17 v _2437_/Y (sky130_fd_sc_hd__a311oi_2)
                                         _1527_ (net)
                  0.10    0.00   15.17 v _2461_/A1 (sky130_fd_sc_hd__a2111o_1)
     2    0.00    0.07    0.40   15.57 v _2461_/X (sky130_fd_sc_hd__a2111o_1)
                                         _0047_ (net)
                  0.07    0.00   15.57 v _2489_/A2 (sky130_fd_sc_hd__a21o_1)
     2    0.00    0.04    0.19   15.76 v _2489_/X (sky130_fd_sc_hd__a21o_1)
                                         _0077_ (net)
                  0.04    0.00   15.76 v _2495_/A (sky130_fd_sc_hd__and3_1)
     3    0.01    0.07    0.18   15.94 v _2495_/X (sky130_fd_sc_hd__and3_1)
                                         _0084_ (net)
                  0.07    0.00   15.94 v _2557_/A3 (sky130_fd_sc_hd__o311a_4)
     2    0.01    0.06    0.33   16.27 v _2557_/X (sky130_fd_sc_hd__o311a_4)
                                         _0152_ (net)
                  0.06    0.00   16.27 v _2570_/A3 (sky130_fd_sc_hd__o31a_4)
     3    0.01    0.06    0.31   16.58 v _2570_/X (sky130_fd_sc_hd__o31a_4)
                                         _0167_ (net)
                  0.06    0.00   16.59 v _2774_/S (sky130_fd_sc_hd__mux2_4)
     4    0.01    0.06    0.34   16.92 v _2774_/X (sky130_fd_sc_hd__mux2_4)
                                         _0391_ (net)
                  0.06    0.00   16.92 v _2790_/B2 (sky130_fd_sc_hd__a221o_1)
     1    0.00    0.06    0.34   17.27 v _2790_/X (sky130_fd_sc_hd__a221o_1)
                                         _0409_ (net)
                  0.06    0.00   17.27 v _2791_/A1 (sky130_fd_sc_hd__a21bo_1)
     1    0.00    0.04    0.18   17.45 v _2791_/X (sky130_fd_sc_hd__a21bo_1)
                                         _0410_ (net)
                  0.04    0.00   17.45 v _2792_/A1 (sky130_fd_sc_hd__a21o_1)
     1    0.00    0.04    0.16   17.61 v _2792_/X (sky130_fd_sc_hd__a21o_1)
                                         _0411_ (net)
                  0.04    0.00   17.61 v _2793_/A1 (sky130_fd_sc_hd__a21o_1)
     1    0.00    0.04    0.16   17.77 v _2793_/X (sky130_fd_sc_hd__a21o_1)
                                         _0412_ (net)
                  0.04    0.00   17.77 v _2794_/A1 (sky130_fd_sc_hd__a21o_1)
     1    0.00    0.03    0.15   17.92 v _2794_/X (sky130_fd_sc_hd__a21o_1)
                                         _0413_ (net)
                  0.03    0.00   17.92 v _2796_/A1 (sky130_fd_sc_hd__a21o_1)
     1    0.00    0.04    0.16   18.09 v _2796_/X (sky130_fd_sc_hd__a21o_1)
                                         _0415_ (net)
                  0.04    0.00   18.09 v _2797_/A1 (sky130_fd_sc_hd__a21o_1)
     1    0.00    0.04    0.16   18.25 v _2797_/X (sky130_fd_sc_hd__a21o_1)
                                         _0416_ (net)
                  0.04    0.00   18.25 v _2798_/A1 (sky130_fd_sc_hd__a21o_1)
     1    0.00    0.03    0.15   18.40 v _2798_/X (sky130_fd_sc_hd__a21o_1)
                                         _0417_ (net)
                  0.03    0.00   18.40 v _2800_/A1 (sky130_fd_sc_hd__a21o_1)
     1    0.00    0.04    0.16   18.56 v _2800_/X (sky130_fd_sc_hd__a21o_1)
                                         _0420_ (net)
                  0.04    0.00   18.56 v _2801_/A1 (sky130_fd_sc_hd__a21oi_1)
     1    0.00    0.10    0.11   18.67 ^ _2801_/Y (sky130_fd_sc_hd__a21oi_1)
                                         _0421_ (net)
                  0.10    0.00   18.67 ^ _2802_/A1 (sky130_fd_sc_hd__o21ba_1)
     1    0.00    0.05    0.15   18.82 ^ _2802_/X (sky130_fd_sc_hd__o21ba_1)
                                         _0422_ (net)
                  0.05    0.00   18.82 ^ _2804_/A1 (sky130_fd_sc_hd__o21ai_1)
     1    0.00    0.07    0.07   18.90 v _2804_/Y (sky130_fd_sc_hd__o21ai_1)
                                         _0424_ (net)
                  0.07    0.00   18.90 v _2805_/A1 (sky130_fd_sc_hd__a21o_1)
     4    0.02    0.09    0.23   19.13 v _2805_/X (sky130_fd_sc_hd__a21o_1)
                                         _0425_ (net)
                  0.09    0.00   19.13 v clone13/A (sky130_fd_sc_hd__buf_6)
     5    0.03    0.04    0.16   19.29 v clone13/X (sky130_fd_sc_hd__buf_6)
                                         net68 (net)
                  0.04    0.00   19.29 v _2822_/S (sky130_fd_sc_hd__mux2_1)
     2    0.01    0.07    0.34   19.63 v _2822_/X (sky130_fd_sc_hd__mux2_1)
                                         _0443_ (net)
                  0.07    0.00   19.63 v _2843_/A0 (sky130_fd_sc_hd__mux2_2)
     3    0.01    0.06    0.29   19.92 v _2843_/X (sky130_fd_sc_hd__mux2_2)
                                         _0464_ (net)
                  0.06    0.00   19.92 v _2844_/A1 (sky130_fd_sc_hd__mux2_2)
     3    0.01    0.06    0.29   20.21 v _2844_/X (sky130_fd_sc_hd__mux2_2)
                                         _0465_ (net)
                  0.06    0.00   20.21 v _2845_/B2 (sky130_fd_sc_hd__o2bb2a_1)
     1    0.00    0.05    0.29   20.50 v _2845_/X (sky130_fd_sc_hd__o2bb2a_1)
                                         _0466_ (net)
                  0.05    0.00   20.50 v _2846_/B (sky130_fd_sc_hd__nor2_1)
     1    0.00    0.07    0.08   20.59 ^ _2846_/Y (sky130_fd_sc_hd__nor2_1)
                                         _0004_ (net)
                  0.07    0.00   20.59 ^ _3087_/D (sky130_fd_sc_hd__dfxtp_2)
                                 20.59   data arrival time

                         10.00   10.00   clock clock (rise edge)
                          0.00   10.00   clock source latency
     1    0.01    0.04    0.03   10.03 ^ clock (in)
                                         clock (net)
                  0.04    0.00   10.03 ^ clkbuf_0_clock/A (sky130_fd_sc_hd__clkbuf_16)
     4    0.03    0.05    0.13   10.15 ^ clkbuf_0_clock/X (sky130_fd_sc_hd__clkbuf_16)
                                         clknet_0_clock (net)
                  0.05    0.00   10.15 ^ clkbuf_2_1__f_clock/A (sky130_fd_sc_hd__clkbuf_16)
    11    0.03    0.05    0.13   10.29 ^ clkbuf_2_1__f_clock/X (sky130_fd_sc_hd__clkbuf_16)
                                         clknet_2_1__leaf_clock (net)
                  0.05    0.00   10.29 ^ _3087_/CLK (sky130_fd_sc_hd__dfxtp_2)
                         -0.25   10.04   clock uncertainty
                          0.00   10.04   clock reconvergence pessimism
                         -0.06    9.97   library setup time
                                  9.97   data required time
-----------------------------------------------------------------------------
                                  9.97   data required time
                                -20.59   data arrival time
-----------------------------------------------------------------------------
                                -10.61   slack (VIOLATED)


Startpoint: io_inScaleA[6] (input port clocked by clock)
Endpoint: _3086_ (rising edge-triggered flip-flop clocked by clock)
Path Group: clock
Path Type: max

Fanout     Cap    Slew   Delay    Time   Description
-----------------------------------------------------------------------------
                          0.00    0.00   clock clock (rise edge)
                          0.00    0.00   clock network delay (propagated)
                          2.00    2.00 v input external delay
     1    0.01    0.02    0.01    2.01 v io_inScaleA[6] (in)
                                         io_inScaleA[6] (net)
                  0.02    0.00    2.01 v input15/A (sky130_fd_sc_hd__buf_8)
     4    0.02    0.03    0.12    2.13 v input15/X (sky130_fd_sc_hd__buf_8)
                                         net15 (net)
                  0.03    0.00    2.13 v _1585_/A1 (sky130_fd_sc_hd__o21ai_4)
     5    0.03    0.27    0.26    2.39 ^ _1585_/Y (sky130_fd_sc_hd__o21ai_4)
                                         _0419_ (net)
                  0.27    0.00    2.39 ^ _1595_/B (sky130_fd_sc_hd__xnor2_2)
     1    0.01    0.07    0.12    2.51 v _1595_/Y (sky130_fd_sc_hd__xnor2_2)
                                         _0521_ (net)
                  0.07    0.00    2.51 v _1596_/A (sky130_fd_sc_hd__xnor2_2)
     2    0.01    0.23    0.26    2.77 ^ _1596_/Y (sky130_fd_sc_hd__xnor2_2)
                                         _0530_ (net)
                  0.23    0.00    2.77 ^ _1597_/A (sky130_fd_sc_hd__xnor2_2)
     2    0.01    0.09    0.14    2.91 v _1597_/Y (sky130_fd_sc_hd__xnor2_2)
                                         _0540_ (net)
                  0.09    0.00    2.91 v _1621_/B (sky130_fd_sc_hd__or3_4)
     1    0.00    0.06    0.39    3.30 v _1621_/X (sky130_fd_sc_hd__or3_4)
                                         _0705_ (net)
                  0.06    0.00    3.30 v _1622_/B1_N (sky130_fd_sc_hd__a21bo_4)
     2    0.01    0.05    0.20    3.50 ^ _1622_/X (sky130_fd_sc_hd__a21bo_4)
                                         _0706_ (net)
                  0.05    0.00    3.50 ^ _1626_/B (sky130_fd_sc_hd__xor2_2)
     2    0.01    0.19    0.21    3.71 ^ _1626_/X (sky130_fd_sc_hd__xor2_2)
                                         _0710_ (net)
                  0.19    0.00    3.71 ^ _1627_/A (sky130_fd_sc_hd__xnor2_2)
     2    0.02    0.31    0.21    3.92 ^ _1627_/Y (sky130_fd_sc_hd__xnor2_2)
                                         _0711_ (net)
                  0.31    0.00    3.92 ^ _1628_/A (sky130_fd_sc_hd__xor2_4)
     2    0.02    0.19    0.25    4.16 ^ _1628_/X (sky130_fd_sc_hd__xor2_4)
                                         _0712_ (net)
                  0.19    0.00    4.17 ^ _1633_/A_N (sky130_fd_sc_hd__and2b_1)
     1    0.00    0.03    0.21    4.38 v _1633_/X (sky130_fd_sc_hd__and2b_1)
                                         _0717_ (net)
                  0.03    0.00    4.38 v _1634_/B1 (sky130_fd_sc_hd__a31o_1)
     2    0.01    0.08    0.23    4.61 v _1634_/X (sky130_fd_sc_hd__a31o_1)
                                         _0718_ (net)
                  0.08    0.00    4.61 v _1722_/C (sky130_fd_sc_hd__or3_4)
     2    0.00    0.07    0.35    4.97 v _1722_/X (sky130_fd_sc_hd__or3_4)
                                         _0806_ (net)
                  0.07    0.00    4.97 v _1783_/A (sky130_fd_sc_hd__and3_1)
     1    0.01    0.06    0.19    5.15 v _1783_/X (sky130_fd_sc_hd__and3_1)
                                         _0867_ (net)
                  0.06    0.00    5.15 v _1784_/B (sky130_fd_sc_hd__xnor2_2)
     2    0.01    0.07    0.16    5.31 v _1784_/Y (sky130_fd_sc_hd__xnor2_2)
                                         _0868_ (net)
                  0.07    0.00    5.31 v _1785_/A (sky130_fd_sc_hd__xnor2_1)
     2    0.01    0.24    0.26    5.58 ^ _1785_/Y (sky130_fd_sc_hd__xnor2_1)
                                         _0869_ (net)
                  0.24    0.00    5.58 ^ _1786_/B (sky130_fd_sc_hd__or3_4)
     1    0.00    0.03    0.18    5.76 ^ _1786_/X (sky130_fd_sc_hd__or3_4)
                                         _0870_ (net)
                  0.03    0.00    5.76 ^ _1787_/B1_N (sky130_fd_sc_hd__a21bo_4)
     2    0.01    0.05    0.24    5.99 v _1787_/X (sky130_fd_sc_hd__a21bo_4)
                                         _0871_ (net)
                  0.05    0.00    6.00 v _1789_/A (sky130_fd_sc_hd__xor2_2)
     2    0.01    0.11    0.20    6.20 v _1789_/X (sky130_fd_sc_hd__xor2_2)
                                         _0873_ (net)
                  0.11    0.00    6.20 v _1832_/A2 (sky130_fd_sc_hd__o21bai_4)
     3    0.01    0.14    0.18    6.38 ^ _1832_/Y (sky130_fd_sc_hd__o21bai_4)
                                         _0916_ (net)
                  0.14    0.00    6.38 ^ _1834_/A1 (sky130_fd_sc_hd__a21o_1)
     2    0.01    0.13    0.21    6.59 ^ _1834_/X (sky130_fd_sc_hd__a21o_1)
                                         _0918_ (net)
                  0.13    0.00    6.59 ^ _1836_/A1 (sky130_fd_sc_hd__a21oi_4)
     3    0.02    0.06    0.09    6.68 v _1836_/Y (sky130_fd_sc_hd__a21oi_4)
                                         _0920_ (net)
                  0.06    0.00    6.68 v _1840_/A1 (sky130_fd_sc_hd__o211a_1)
     2    0.01    0.06    0.27    6.95 v _1840_/X (sky130_fd_sc_hd__o211a_1)
                                         _0924_ (net)
                  0.06    0.00    6.95 v _1841_/A2 (sky130_fd_sc_hd__o31a_4)
     4    0.02    0.07    0.39    7.33 v _1841_/X (sky130_fd_sc_hd__o31a_4)
                                         _0925_ (net)
                  0.07    0.00    7.33 v rebuffer28/A (sky130_fd_sc_hd__buf_8)
     1    0.02    0.03    0.14    7.47 v rebuffer28/X (sky130_fd_sc_hd__buf_8)
                                         net83 (net)
                  0.03    0.00    7.48 v _1879_/B (sky130_fd_sc_hd__xnor2_4)
     7    0.02    0.19    0.19    7.67 ^ _1879_/Y (sky130_fd_sc_hd__xnor2_4)
                                         _0963_ (net)
                  0.19    0.00    7.67 ^ _1934_/C (sky130_fd_sc_hd__and4_1)
     2    0.01    0.09    0.25    7.92 ^ _1934_/X (sky130_fd_sc_hd__and4_1)
                                         _1018_ (net)
                  0.09    0.00    7.92 ^ _1935_/A (sky130_fd_sc_hd__buf_6)
     5    0.01    0.04    0.12    8.04 ^ _1935_/X (sky130_fd_sc_hd__buf_6)
                                         _1019_ (net)
                  0.04    0.00    8.04 ^ _1936_/A (sky130_fd_sc_hd__and2_4)
     1    0.01    0.04    0.14    8.18 ^ _1936_/X (sky130_fd_sc_hd__and2_4)
                                         _1020_ (net)
                  0.04    0.00    8.18 ^ _1937_/A (sky130_fd_sc_hd__buf_8)
     7    0.04    0.07    0.13    8.30 ^ _1937_/X (sky130_fd_sc_hd__buf_8)
                                         _1021_ (net)
                  0.07    0.00    8.30 ^ _1942_/B (sky130_fd_sc_hd__xnor2_4)
     2    0.01    0.08    0.08    8.39 v _1942_/Y (sky130_fd_sc_hd__xnor2_4)
                                         _1026_ (net)
                  0.08    0.00    8.39 v _1952_/A1 (sky130_fd_sc_hd__o221a_1)
     2    0.01    0.08    0.32    8.70 v _1952_/X (sky130_fd_sc_hd__o221a_1)
                                         _1036_ (net)
                  0.08    0.00    8.70 v _1955_/A (sky130_fd_sc_hd__nor2b_2)
     2    0.02    0.19    0.21    8.92 ^ _1955_/Y (sky130_fd_sc_hd__nor2b_2)
                                         _1039_ (net)
                  0.19    0.00    8.92 ^ _1958_/A1 (sky130_fd_sc_hd__a31oi_4)
     5    0.01    0.09    0.13    9.04 v _1958_/Y (sky130_fd_sc_hd__a31oi_4)
                                         _1042_ (net)
                  0.09    0.00    9.04 v _1959_/B (sky130_fd_sc_hd__or3_4)
     4    0.02    0.10    0.45    9.49 v _1959_/X (sky130_fd_sc_hd__or3_4)
                                         _1043_ (net)
                  0.10    0.00    9.49 v _1965_/A2 (sky130_fd_sc_hd__a21o_4)
     2    0.02    0.06    0.27    9.77 v _1965_/X (sky130_fd_sc_hd__a21o_4)
                                         _1049_ (net)
                  0.06    0.00    9.77 v _1971_/A2 (sky130_fd_sc_hd__a21o_4)
     2    0.02    0.06    0.25   10.02 v _1971_/X (sky130_fd_sc_hd__a21o_4)
                                         _1055_ (net)
                  0.06    0.00   10.02 v _1977_/A2 (sky130_fd_sc_hd__a21bo_4)
     2    0.02    0.06    0.26   10.28 v _1977_/X (sky130_fd_sc_hd__a21bo_4)
                                         _1061_ (net)
                  0.06    0.00   10.28 v _1986_/A2 (sky130_fd_sc_hd__a21o_4)
     2    0.02    0.05    0.25   10.53 v _1986_/X (sky130_fd_sc_hd__a21o_4)
                                         _1070_ (net)
                  0.05    0.00   10.54 v _1989_/A2 (sky130_fd_sc_hd__a21o_1)
     2    0.02    0.10    0.25   10.79 v _1989_/X (sky130_fd_sc_hd__a21o_1)
                                         _1073_ (net)
                  0.10    0.00   10.79 v _1992_/A2 (sky130_fd_sc_hd__a21oi_4)
     3    0.02    0.19    0.24   11.03 ^ _1992_/Y (sky130_fd_sc_hd__a21oi_4)
                                         _1076_ (net)
                  0.19    0.00   11.03 ^ max_cap1/A (sky130_fd_sc_hd__buf_4)
     3    0.04    0.11    0.22   11.25 ^ max_cap1/X (sky130_fd_sc_hd__buf_4)
                                         net90 (net)
                  0.11    0.00   11.25 ^ _1993_/A (sky130_fd_sc_hd__xnor2_4)
     6    0.04    0.34    0.21   11.46 ^ _1993_/Y (sky130_fd_sc_hd__xnor2_4)
                                         _1077_ (net)
                  0.34    0.00   11.47 ^ _2029_/S (sky130_fd_sc_hd__mux2_4)
     5    0.01    0.06    0.38   11.84 v _2029_/X (sky130_fd_sc_hd__mux2_4)
                                         _1113_ (net)
                  0.06    0.00   11.84 v _2109_/A (sky130_fd_sc_hd__buf_2)
    10    0.03    0.07    0.18   12.02 v _2109_/X (sky130_fd_sc_hd__buf_2)
                                         _1193_ (net)
                  0.07    0.00   12.02 v _2230_/A1 (sky130_fd_sc_hd__a21o_1)
     3    0.01    0.06    0.20   12.22 v _2230_/X (sky130_fd_sc_hd__a21o_1)
                                         _1314_ (net)
                  0.06    0.00   12.22 v _2310_/A3 (sky130_fd_sc_hd__a311o_1)
     1    0.01    0.08    0.41   12.63 v _2310_/X (sky130_fd_sc_hd__a311o_1)
                                         _1394_ (net)
                  0.08    0.00   12.63 v _2315_/A3 (sky130_fd_sc_hd__a31oi_4)
     1    0.01    0.12    0.19   12.82 ^ _2315_/Y (sky130_fd_sc_hd__a31oi_4)
                                         _1399_ (net)
                  0.12    0.00   12.82 ^ _2316_/C1 (sky130_fd_sc_hd__a311o_1)
     3    0.01    0.14    0.20   13.02 ^ _2316_/X (sky130_fd_sc_hd__a311o_1)
                                         _1400_ (net)
                  0.14    0.00   13.02 ^ rebuffer6/A (sky130_fd_sc_hd__clkbuf_1)
     1    0.00    0.05    0.12   13.14 ^ rebuffer6/X (sky130_fd_sc_hd__clkbuf_1)
                                         net61 (net)
                  0.05    0.00   13.14 ^ _2320_/B (sky130_fd_sc_hd__nand3_1)
     2    0.01    0.10    0.12   13.26 v _2320_/Y (sky130_fd_sc_hd__nand3_1)
                                         _1404_ (net)
                  0.10    0.00   13.26 v _2357_/A1 (sky130_fd_sc_hd__a2111o_4)
     4    0.02    0.09    0.52   13.78 v _2357_/X (sky130_fd_sc_hd__a2111o_4)
                                         _1441_ (net)
                  0.09    0.00   13.78 v _2359_/A1 (sky130_fd_sc_hd__a21o_1)
     3    0.01    0.06    0.21   13.99 v _2359_/X (sky130_fd_sc_hd__a21o_1)
                                         _1443_ (net)
                  0.06    0.00   13.99 v _2374_/A1 (sky130_fd_sc_hd__a311o_1)
     3    0.01    0.09    0.32   14.31 v _2374_/X (sky130_fd_sc_hd__a311o_1)
                                         _1459_ (net)
                  0.09    0.00   14.31 v _2391_/A2 (sky130_fd_sc_hd__a2111o_1)
     2    0.01    0.10    0.50   14.81 v _2391_/X (sky130_fd_sc_hd__a2111o_1)
                                         _1478_ (net)
                  0.10    0.00   14.81 v _2400_/A1 (sky130_fd_sc_hd__a41oi_4)
     4    0.02    0.23    0.22   15.03 ^ _2400_/Y (sky130_fd_sc_hd__a41oi_4)
                                         _1488_ (net)
                  0.23    0.00   15.03 ^ _2437_/A1 (sky130_fd_sc_hd__a311oi_2)
     2    0.00    0.10    0.14   15.17 v _2437_/Y (sky130_fd_sc_hd__a311oi_2)
                                         _1527_ (net)
                  0.10    0.00   15.17 v _2461_/A1 (sky130_fd_sc_hd__a2111o_1)
     2    0.00    0.07    0.40   15.57 v _2461_/X (sky130_fd_sc_hd__a2111o_1)
                                         _0047_ (net)
                  0.07    0.00   15.57 v _2489_/A2 (sky130_fd_sc_hd__a21o_1)
     2    0.00    0.04    0.19   15.76 v _2489_/X (sky130_fd_sc_hd__a21o_1)
                                         _0077_ (net)
                  0.04    0.00   15.76 v _2495_/A (sky130_fd_sc_hd__and3_1)
     3    0.01    0.07    0.18   15.94 v _2495_/X (sky130_fd_sc_hd__and3_1)
                                         _0084_ (net)
                  0.07    0.00   15.94 v _2557_/A3 (sky130_fd_sc_hd__o311a_4)
     2    0.01    0.06    0.33   16.27 v _2557_/X (sky130_fd_sc_hd__o311a_4)
                                         _0152_ (net)
                  0.06    0.00   16.27 v _2570_/A3 (sky130_fd_sc_hd__o31a_4)
     3    0.01    0.06    0.31   16.58 v _2570_/X (sky130_fd_sc_hd__o31a_4)
                                         _0167_ (net)
                  0.06    0.00   16.59 v _2774_/S (sky130_fd_sc_hd__mux2_4)
     4    0.01    0.06    0.34   16.92 v _2774_/X (sky130_fd_sc_hd__mux2_4)
                                         _0391_ (net)
                  0.06    0.00   16.92 v _2790_/B2 (sky130_fd_sc_hd__a221o_1)
     1    0.00    0.06    0.34   17.27 v _2790_/X (sky130_fd_sc_hd__a221o_1)
                                         _0409_ (net)
                  0.06    0.00   17.27 v _2791_/A1 (sky130_fd_sc_hd__a21bo_1)
     1    0.00    0.04    0.18   17.45 v _2791_/X (sky130_fd_sc_hd__a21bo_1)
                                         _0410_ (net)
                  0.04    0.00   17.45 v _2792_/A1 (sky130_fd_sc_hd__a21o_1)
     1    0.00    0.04    0.16   17.61 v _2792_/X (sky130_fd_sc_hd__a21o_1)
                                         _0411_ (net)
                  0.04    0.00   17.61 v _2793_/A1 (sky130_fd_sc_hd__a21o_1)
     1    0.00    0.04    0.16   17.77 v _2793_/X (sky130_fd_sc_hd__a21o_1)
                                         _0412_ (net)
                  0.04    0.00   17.77 v _2794_/A1 (sky130_fd_sc_hd__a21o_1)
     1    0.00    0.03    0.15   17.92 v _2794_/X (sky130_fd_sc_hd__a21o_1)
                                         _0413_ (net)
                  0.03    0.00   17.92 v _2796_/A1 (sky130_fd_sc_hd__a21o_1)
     1    0.00    0.04    0.16   18.09 v _2796_/X (sky130_fd_sc_hd__a21o_1)
                                         _0415_ (net)
                  0.04    0.00   18.09 v _2797_/A1 (sky130_fd_sc_hd__a21o_1)
     1    0.00    0.04    0.16   18.25 v _2797_/X (sky130_fd_sc_hd__a21o_1)
                                         _0416_ (net)
                  0.04    0.00   18.25 v _2798_/A1 (sky130_fd_sc_hd__a21o_1)
     1    0.00    0.03    0.15   18.40 v _2798_/X (sky130_fd_sc_hd__a21o_1)
                                         _0417_ (net)
                  0.03    0.00   18.40 v _2800_/A1 (sky130_fd_sc_hd__a21o_1)
     1    0.00    0.04    0.16   18.56 v _2800_/X (sky130_fd_sc_hd__a21o_1)
                                         _0420_ (net)
                  0.04    0.00   18.56 v _2801_/A1 (sky130_fd_sc_hd__a21oi_1)
     1    0.00    0.10    0.11   18.67 ^ _2801_/Y (sky130_fd_sc_hd__a21oi_1)
                                         _0421_ (net)
                  0.10    0.00   18.67 ^ _2802_/A1 (sky130_fd_sc_hd__o21ba_1)
     1    0.00    0.05    0.15   18.82 ^ _2802_/X (sky130_fd_sc_hd__o21ba_1)
                                         _0422_ (net)
                  0.05    0.00   18.82 ^ _2804_/A1 (sky130_fd_sc_hd__o21ai_1)
     1    0.00    0.07    0.07   18.90 v _2804_/Y (sky130_fd_sc_hd__o21ai_1)
                                         _0424_ (net)
                  0.07    0.00   18.90 v _2805_/A1 (sky130_fd_sc_hd__a21o_1)
     4    0.02    0.09    0.23   19.13 v _2805_/X (sky130_fd_sc_hd__a21o_1)
                                         _0425_ (net)
                  0.09    0.00   19.13 v _2809_/A (sky130_fd_sc_hd__buf_6)
     5    0.03    0.04    0.16   19.29 v _2809_/X (sky130_fd_sc_hd__buf_6)
                                         _0429_ (net)
                  0.04    0.00   19.29 v _2812_/S (sky130_fd_sc_hd__mux2_4)
     2    0.00    0.05    0.31   19.60 v _2812_/X (sky130_fd_sc_hd__mux2_4)
                                         _0433_ (net)
                  0.05    0.00   19.60 v _2834_/A0 (sky130_fd_sc_hd__mux2_4)
     2    0.00    0.05    0.28   19.88 v _2834_/X (sky130_fd_sc_hd__mux2_4)
                                         _0455_ (net)
                  0.05    0.00   19.88 v _2835_/A1 (sky130_fd_sc_hd__mux2_1)
     3    0.01    0.07    0.33   20.21 v _2835_/X (sky130_fd_sc_hd__mux2_1)
                                         _0456_ (net)
                  0.07    0.00   20.21 v _2836_/B2 (sky130_fd_sc_hd__o2bb2a_1)
     1    0.00    0.05    0.30   20.51 v _2836_/X (sky130_fd_sc_hd__o2bb2a_1)
                                         _0457_ (net)
                  0.05    0.00   20.51 v _2837_/B (sky130_fd_sc_hd__nor2_1)
     1    0.00    0.07    0.08   20.59 ^ _2837_/Y (sky130_fd_sc_hd__nor2_1)
                                         _0003_ (net)
                  0.07    0.00   20.59 ^ _3086_/D (sky130_fd_sc_hd__dfxtp_2)
                                 20.59   data arrival time

                         10.00   10.00   clock clock (rise edge)
                          0.00   10.00   clock source latency
     1    0.01    0.04    0.03   10.03 ^ clock (in)
                                         clock (net)
                  0.04    0.00   10.03 ^ clkbuf_0_clock/A (sky130_fd_sc_hd__clkbuf_16)
     4    0.03    0.05    0.13   10.15 ^ clkbuf_0_clock/X (sky130_fd_sc_hd__clkbuf_16)
                                         clknet_0_clock (net)
                  0.05    0.00   10.15 ^ clkbuf_2_1__f_clock/A (sky130_fd_sc_hd__clkbuf_16)
    11    0.03    0.05    0.13   10.29 ^ clkbuf_2_1__f_clock/X (sky130_fd_sc_hd__clkbuf_16)
                                         clknet_2_1__leaf_clock (net)
                  0.05    0.00   10.29 ^ _3086_/CLK (sky130_fd_sc_hd__dfxtp_2)
                         -0.25   10.04   clock uncertainty
                          0.00   10.04   clock reconvergence pessimism
                         -0.06    9.97   library setup time
                                  9.97   data required time
-----------------------------------------------------------------------------
                                  9.97   data required time
                                -20.59   data arrival time
-----------------------------------------------------------------------------
                                -10.61   slack (VIOLATED)


Startpoint: io_inScaleA[6] (input port clocked by clock)
Endpoint: _3094_ (rising edge-triggered flip-flop clocked by clock)
Path Group: clock
Path Type: max

Fanout     Cap    Slew   Delay    Time   Description
-----------------------------------------------------------------------------
                          0.00    0.00   clock clock (rise edge)
                          0.00    0.00   clock network delay (propagated)
                          2.00    2.00 v input external delay
     1    0.01    0.02    0.01    2.01 v io_inScaleA[6] (in)
                                         io_inScaleA[6] (net)
                  0.02    0.00    2.01 v input15/A (sky130_fd_sc_hd__buf_8)
     4    0.02    0.03    0.12    2.13 v input15/X (sky130_fd_sc_hd__buf_8)
                                         net15 (net)
                  0.03    0.00    2.13 v _1585_/A1 (sky130_fd_sc_hd__o21ai_4)
     5    0.03    0.27    0.26    2.39 ^ _1585_/Y (sky130_fd_sc_hd__o21ai_4)
                                         _0419_ (net)
                  0.27    0.00    2.39 ^ _1595_/B (sky130_fd_sc_hd__xnor2_2)
     1    0.01    0.07    0.12    2.51 v _1595_/Y (sky130_fd_sc_hd__xnor2_2)
                                         _0521_ (net)
                  0.07    0.00    2.51 v _1596_/A (sky130_fd_sc_hd__xnor2_2)
     2    0.01    0.23    0.26    2.77 ^ _1596_/Y (sky130_fd_sc_hd__xnor2_2)
                                         _0530_ (net)
                  0.23    0.00    2.77 ^ _1597_/A (sky130_fd_sc_hd__xnor2_2)
     2    0.01    0.09    0.14    2.91 v _1597_/Y (sky130_fd_sc_hd__xnor2_2)
                                         _0540_ (net)
                  0.09    0.00    2.91 v _1621_/B (sky130_fd_sc_hd__or3_4)
     1    0.00    0.06    0.39    3.30 v _1621_/X (sky130_fd_sc_hd__or3_4)
                                         _0705_ (net)
                  0.06    0.00    3.30 v _1622_/B1_N (sky130_fd_sc_hd__a21bo_4)
     2    0.01    0.05    0.20    3.50 ^ _1622_/X (sky130_fd_sc_hd__a21bo_4)
                                         _0706_ (net)
                  0.05    0.00    3.50 ^ _1626_/B (sky130_fd_sc_hd__xor2_2)
     2    0.01    0.19    0.21    3.71 ^ _1626_/X (sky130_fd_sc_hd__xor2_2)
                                         _0710_ (net)
                  0.19    0.00    3.71 ^ _1627_/A (sky130_fd_sc_hd__xnor2_2)
     2    0.02    0.31    0.21    3.92 ^ _1627_/Y (sky130_fd_sc_hd__xnor2_2)
                                         _0711_ (net)
                  0.31    0.00    3.92 ^ _1628_/A (sky130_fd_sc_hd__xor2_4)
     2    0.02    0.19    0.25    4.16 ^ _1628_/X (sky130_fd_sc_hd__xor2_4)
                                         _0712_ (net)
                  0.19    0.00    4.17 ^ _1633_/A_N (sky130_fd_sc_hd__and2b_1)
     1    0.00    0.03    0.21    4.38 v _1633_/X (sky130_fd_sc_hd__and2b_1)
                                         _0717_ (net)
                  0.03    0.00    4.38 v _1634_/B1 (sky130_fd_sc_hd__a31o_1)
     2    0.01    0.08    0.23    4.61 v _1634_/X (sky130_fd_sc_hd__a31o_1)
                                         _0718_ (net)
                  0.08    0.00    4.61 v _1722_/C (sky130_fd_sc_hd__or3_4)
     2    0.00    0.07    0.35    4.97 v _1722_/X (sky130_fd_sc_hd__or3_4)
                                         _0806_ (net)
                  0.07    0.00    4.97 v _1783_/A (sky130_fd_sc_hd__and3_1)
     1    0.01    0.06    0.19    5.15 v _1783_/X (sky130_fd_sc_hd__and3_1)
                                         _0867_ (net)
                  0.06    0.00    5.15 v _1784_/B (sky130_fd_sc_hd__xnor2_2)
     2    0.01    0.07    0.16    5.31 v _1784_/Y (sky130_fd_sc_hd__xnor2_2)
                                         _0868_ (net)
                  0.07    0.00    5.31 v _1785_/A (sky130_fd_sc_hd__xnor2_1)
     2    0.01    0.24    0.26    5.58 ^ _1785_/Y (sky130_fd_sc_hd__xnor2_1)
                                         _0869_ (net)
                  0.24    0.00    5.58 ^ _1786_/B (sky130_fd_sc_hd__or3_4)
     1    0.00    0.03    0.18    5.76 ^ _1786_/X (sky130_fd_sc_hd__or3_4)
                                         _0870_ (net)
                  0.03    0.00    5.76 ^ _1787_/B1_N (sky130_fd_sc_hd__a21bo_4)
     2    0.01    0.05    0.24    5.99 v _1787_/X (sky130_fd_sc_hd__a21bo_4)
                                         _0871_ (net)
                  0.05    0.00    6.00 v _1789_/A (sky130_fd_sc_hd__xor2_2)
     2    0.01    0.11    0.20    6.20 v _1789_/X (sky130_fd_sc_hd__xor2_2)
                                         _0873_ (net)
                  0.11    0.00    6.20 v _1832_/A2 (sky130_fd_sc_hd__o21bai_4)
     3    0.01    0.14    0.18    6.38 ^ _1832_/Y (sky130_fd_sc_hd__o21bai_4)
                                         _0916_ (net)
                  0.14    0.00    6.38 ^ _1834_/A1 (sky130_fd_sc_hd__a21o_1)
     2    0.01    0.13    0.21    6.59 ^ _1834_/X (sky130_fd_sc_hd__a21o_1)
                                         _0918_ (net)
                  0.13    0.00    6.59 ^ _1836_/A1 (sky130_fd_sc_hd__a21oi_4)
     3    0.02    0.06    0.09    6.68 v _1836_/Y (sky130_fd_sc_hd__a21oi_4)
                                         _0920_ (net)
                  0.06    0.00    6.68 v _1840_/A1 (sky130_fd_sc_hd__o211a_1)
     2    0.01    0.06    0.27    6.95 v _1840_/X (sky130_fd_sc_hd__o211a_1)
                                         _0924_ (net)
                  0.06    0.00    6.95 v _1841_/A2 (sky130_fd_sc_hd__o31a_4)
     4    0.02    0.07    0.39    7.33 v _1841_/X (sky130_fd_sc_hd__o31a_4)
                                         _0925_ (net)
                  0.07    0.00    7.33 v rebuffer28/A (sky130_fd_sc_hd__buf_8)
     1    0.02    0.03    0.14    7.47 v rebuffer28/X (sky130_fd_sc_hd__buf_8)
                                         net83 (net)
                  0.03    0.00    7.48 v _1879_/B (sky130_fd_sc_hd__xnor2_4)
     7    0.02    0.19    0.19    7.67 ^ _1879_/Y (sky130_fd_sc_hd__xnor2_4)
                                         _0963_ (net)
                  0.19    0.00    7.67 ^ _1934_/C (sky130_fd_sc_hd__and4_1)
     2    0.01    0.09    0.25    7.92 ^ _1934_/X (sky130_fd_sc_hd__and4_1)
                                         _1018_ (net)
                  0.09    0.00    7.92 ^ _1935_/A (sky130_fd_sc_hd__buf_6)
     5    0.01    0.04    0.12    8.04 ^ _1935_/X (sky130_fd_sc_hd__buf_6)
                                         _1019_ (net)
                  0.04    0.00    8.04 ^ _1936_/A (sky130_fd_sc_hd__and2_4)
     1    0.01    0.04    0.14    8.18 ^ _1936_/X (sky130_fd_sc_hd__and2_4)
                                         _1020_ (net)
                  0.04    0.00    8.18 ^ _1937_/A (sky130_fd_sc_hd__buf_8)
     7    0.04    0.07    0.13    8.30 ^ _1937_/X (sky130_fd_sc_hd__buf_8)
                                         _1021_ (net)
                  0.07    0.00    8.30 ^ _1942_/B (sky130_fd_sc_hd__xnor2_4)
     2    0.01    0.08    0.08    8.39 v _1942_/Y (sky130_fd_sc_hd__xnor2_4)
                                         _1026_ (net)
                  0.08    0.00    8.39 v _1952_/A1 (sky130_fd_sc_hd__o221a_1)
     2    0.01    0.08    0.32    8.70 v _1952_/X (sky130_fd_sc_hd__o221a_1)
                                         _1036_ (net)
                  0.08    0.00    8.70 v _1955_/A (sky130_fd_sc_hd__nor2b_2)
     2    0.02    0.19    0.21    8.92 ^ _1955_/Y (sky130_fd_sc_hd__nor2b_2)
                                         _1039_ (net)
                  0.19    0.00    8.92 ^ _1958_/A1 (sky130_fd_sc_hd__a31oi_4)
     5    0.01    0.09    0.13    9.04 v _1958_/Y (sky130_fd_sc_hd__a31oi_4)
                                         _1042_ (net)
                  0.09    0.00    9.04 v _1959_/B (sky130_fd_sc_hd__or3_4)
     4    0.02    0.10    0.45    9.49 v _1959_/X (sky130_fd_sc_hd__or3_4)
                                         _1043_ (net)
                  0.10    0.00    9.49 v _1965_/A2 (sky130_fd_sc_hd__a21o_4)
     2    0.02    0.06    0.27    9.77 v _1965_/X (sky130_fd_sc_hd__a21o_4)
                                         _1049_ (net)
                  0.06    0.00    9.77 v _1971_/A2 (sky130_fd_sc_hd__a21o_4)
     2    0.02    0.06    0.25   10.02 v _1971_/X (sky130_fd_sc_hd__a21o_4)
                                         _1055_ (net)
                  0.06    0.00   10.02 v _1977_/A2 (sky130_fd_sc_hd__a21bo_4)
     2    0.02    0.06    0.26   10.28 v _1977_/X (sky130_fd_sc_hd__a21bo_4)
                                         _1061_ (net)
                  0.06    0.00   10.28 v _1986_/A2 (sky130_fd_sc_hd__a21o_4)
     2    0.02    0.05    0.25   10.53 v _1986_/X (sky130_fd_sc_hd__a21o_4)
                                         _1070_ (net)
                  0.05    0.00   10.54 v _1989_/A2 (sky130_fd_sc_hd__a21o_1)
     2    0.02    0.10    0.25   10.79 v _1989_/X (sky130_fd_sc_hd__a21o_1)
                                         _1073_ (net)
                  0.10    0.00   10.79 v _1992_/A2 (sky130_fd_sc_hd__a21oi_4)
     3    0.02    0.19    0.24   11.03 ^ _1992_/Y (sky130_fd_sc_hd__a21oi_4)
                                         _1076_ (net)
                  0.19    0.00   11.03 ^ max_cap1/A (sky130_fd_sc_hd__buf_4)
     3    0.04    0.11    0.22   11.25 ^ max_cap1/X (sky130_fd_sc_hd__buf_4)
                                         net90 (net)
                  0.11    0.00   11.25 ^ _1993_/A (sky130_fd_sc_hd__xnor2_4)
     6    0.04    0.34    0.21   11.46 ^ _1993_/Y (sky130_fd_sc_hd__xnor2_4)
                                         _1077_ (net)
                  0.34    0.00   11.47 ^ _2029_/S (sky130_fd_sc_hd__mux2_4)
     5    0.01    0.06    0.38   11.84 v _2029_/X (sky130_fd_sc_hd__mux2_4)
                                         _1113_ (net)
                  0.06    0.00   11.84 v _2109_/A (sky130_fd_sc_hd__buf_2)
    10    0.03    0.07    0.18   12.02 v _2109_/X (sky130_fd_sc_hd__buf_2)
                                         _1193_ (net)
                  0.07    0.00   12.02 v _2230_/A1 (sky130_fd_sc_hd__a21o_1)
     3    0.01    0.06    0.20   12.22 v _2230_/X (sky130_fd_sc_hd__a21o_1)
                                         _1314_ (net)
                  0.06    0.00   12.22 v _2310_/A3 (sky130_fd_sc_hd__a311o_1)
     1    0.01    0.08    0.41   12.63 v _2310_/X (sky130_fd_sc_hd__a311o_1)
                                         _1394_ (net)
                  0.08    0.00   12.63 v _2315_/A3 (sky130_fd_sc_hd__a31oi_4)
     1    0.01    0.12    0.19   12.82 ^ _2315_/Y (sky130_fd_sc_hd__a31oi_4)
                                         _1399_ (net)
                  0.12    0.00   12.82 ^ _2316_/C1 (sky130_fd_sc_hd__a311o_1)
     3    0.01    0.14    0.20   13.02 ^ _2316_/X (sky130_fd_sc_hd__a311o_1)
                                         _1400_ (net)
                  0.14    0.00   13.02 ^ rebuffer6/A (sky130_fd_sc_hd__clkbuf_1)
     1    0.00    0.05    0.12   13.14 ^ rebuffer6/X (sky130_fd_sc_hd__clkbuf_1)
                                         net61 (net)
                  0.05    0.00   13.14 ^ _2320_/B (sky130_fd_sc_hd__nand3_1)
     2    0.01    0.10    0.12   13.26 v _2320_/Y (sky130_fd_sc_hd__nand3_1)
                                         _1404_ (net)
                  0.10    0.00   13.26 v _2357_/A1 (sky130_fd_sc_hd__a2111o_4)
     4    0.02    0.09    0.52   13.78 v _2357_/X (sky130_fd_sc_hd__a2111o_4)
                                         _1441_ (net)
                  0.09    0.00   13.78 v _2359_/A1 (sky130_fd_sc_hd__a21o_1)
     3    0.01    0.06    0.21   13.99 v _2359_/X (sky130_fd_sc_hd__a21o_1)
                                         _1443_ (net)
                  0.06    0.00   13.99 v _2374_/A1 (sky130_fd_sc_hd__a311o_1)
     3    0.01    0.09    0.32   14.31 v _2374_/X (sky130_fd_sc_hd__a311o_1)
                                         _1459_ (net)
                  0.09    0.00   14.31 v _2391_/A2 (sky130_fd_sc_hd__a2111o_1)
     2    0.01    0.10    0.50   14.81 v _2391_/X (sky130_fd_sc_hd__a2111o_1)
                                         _1478_ (net)
                  0.10    0.00   14.81 v _2400_/A1 (sky130_fd_sc_hd__a41oi_4)
     4    0.02    0.23    0.22   15.03 ^ _2400_/Y (sky130_fd_sc_hd__a41oi_4)
                                         _1488_ (net)
                  0.23    0.00   15.03 ^ _2437_/A1 (sky130_fd_sc_hd__a311oi_2)
     2    0.00    0.10    0.14   15.17 v _2437_/Y (sky130_fd_sc_hd__a311oi_2)
                                         _1527_ (net)
                  0.10    0.00   15.17 v _2461_/A1 (sky130_fd_sc_hd__a2111o_1)
     2    0.00    0.07    0.40   15.57 v _2461_/X (sky130_fd_sc_hd__a2111o_1)
                                         _0047_ (net)
                  0.07    0.00   15.57 v _2489_/A2 (sky130_fd_sc_hd__a21o_1)
     2    0.00    0.04    0.19   15.76 v _2489_/X (sky130_fd_sc_hd__a21o_1)
                                         _0077_ (net)
                  0.04    0.00   15.76 v _2495_/A (sky130_fd_sc_hd__and3_1)
     3    0.01    0.07    0.18   15.94 v _2495_/X (sky130_fd_sc_hd__and3_1)
                                         _0084_ (net)
                  0.07    0.00   15.94 v _2557_/A3 (sky130_fd_sc_hd__o311a_4)
     2    0.01    0.06    0.33   16.27 v _2557_/X (sky130_fd_sc_hd__o311a_4)
                                         _0152_ (net)
                  0.06    0.00   16.27 v _2570_/A3 (sky130_fd_sc_hd__o31a_4)
     3    0.01    0.06    0.31   16.58 v _2570_/X (sky130_fd_sc_hd__o31a_4)
                                         _0167_ (net)
                  0.06    0.00   16.59 v _2774_/S (sky130_fd_sc_hd__mux2_4)
     4    0.01    0.06    0.34   16.92 v _2774_/X (sky130_fd_sc_hd__mux2_4)
                                         _0391_ (net)
                  0.06    0.00   16.92 v _2790_/B2 (sky130_fd_sc_hd__a221o_1)
     1    0.00    0.06    0.34   17.27 v _2790_/X (sky130_fd_sc_hd__a221o_1)
                                         _0409_ (net)
                  0.06    0.00   17.27 v _2791_/A1 (sky130_fd_sc_hd__a21bo_1)
     1    0.00    0.04    0.18   17.45 v _2791_/X (sky130_fd_sc_hd__a21bo_1)
                                         _0410_ (net)
                  0.04    0.00   17.45 v _2792_/A1 (sky130_fd_sc_hd__a21o_1)
     1    0.00    0.04    0.16   17.61 v _2792_/X (sky130_fd_sc_hd__a21o_1)
                                         _0411_ (net)
                  0.04    0.00   17.61 v _2793_/A1 (sky130_fd_sc_hd__a21o_1)
     1    0.00    0.04    0.16   17.77 v _2793_/X (sky130_fd_sc_hd__a21o_1)
                                         _0412_ (net)
                  0.04    0.00   17.77 v _2794_/A1 (sky130_fd_sc_hd__a21o_1)
     1    0.00    0.03    0.15   17.92 v _2794_/X (sky130_fd_sc_hd__a21o_1)
                                         _0413_ (net)
                  0.03    0.00   17.92 v _2796_/A1 (sky130_fd_sc_hd__a21o_1)
     1    0.00    0.04    0.16   18.09 v _2796_/X (sky130_fd_sc_hd__a21o_1)
                                         _0415_ (net)
                  0.04    0.00   18.09 v _2797_/A1 (sky130_fd_sc_hd__a21o_1)
     1    0.00    0.04    0.16   18.25 v _2797_/X (sky130_fd_sc_hd__a21o_1)
                                         _0416_ (net)
                  0.04    0.00   18.25 v _2798_/A1 (sky130_fd_sc_hd__a21o_1)
     1    0.00    0.03    0.15   18.40 v _2798_/X (sky130_fd_sc_hd__a21o_1)
                                         _0417_ (net)
                  0.03    0.00   18.40 v _2800_/A1 (sky130_fd_sc_hd__a21o_1)
     1    0.00    0.04    0.16   18.56 v _2800_/X (sky130_fd_sc_hd__a21o_1)
                                         _0420_ (net)
                  0.04    0.00   18.56 v _2801_/A1 (sky130_fd_sc_hd__a21oi_1)
     1    0.00    0.10    0.11   18.67 ^ _2801_/Y (sky130_fd_sc_hd__a21oi_1)
                                         _0421_ (net)
                  0.10    0.00   18.67 ^ _2802_/A1 (sky130_fd_sc_hd__o21ba_1)
     1    0.00    0.05    0.15   18.82 ^ _2802_/X (sky130_fd_sc_hd__o21ba_1)
                                         _0422_ (net)
                  0.05    0.00   18.82 ^ _2804_/A1 (sky130_fd_sc_hd__o21ai_1)
     1    0.00    0.07    0.07   18.90 v _2804_/Y (sky130_fd_sc_hd__o21ai_1)
                                         _0424_ (net)
                  0.07    0.00   18.90 v _2805_/A1 (sky130_fd_sc_hd__a21o_1)
     4    0.02    0.09    0.23   19.13 v _2805_/X (sky130_fd_sc_hd__a21o_1)
                                         _0425_ (net)
                  0.09    0.00   19.13 v _2809_/A (sky130_fd_sc_hd__buf_6)
     5    0.03    0.04    0.16   19.29 v _2809_/X (sky130_fd_sc_hd__buf_6)
                                         _0429_ (net)
                  0.04    0.00   19.29 v _2812_/S (sky130_fd_sc_hd__mux2_4)
     2    0.00    0.05    0.31   19.60 v _2812_/X (sky130_fd_sc_hd__mux2_4)
                                         _0433_ (net)
                  0.05    0.00   19.60 v _2834_/A0 (sky130_fd_sc_hd__mux2_4)
     2    0.00    0.05    0.28   19.88 v _2834_/X (sky130_fd_sc_hd__mux2_4)
                                         _0455_ (net)
                  0.05    0.00   19.88 v _2835_/A1 (sky130_fd_sc_hd__mux2_1)
     3    0.01    0.07    0.33   20.21 v _2835_/X (sky130_fd_sc_hd__mux2_1)
                                         _0456_ (net)
                  0.07    0.00   20.21 v _2914_/A1 (sky130_fd_sc_hd__o22a_1)
     1    0.01    0.05    0.24   20.45 v _2914_/X (sky130_fd_sc_hd__o22a_1)
                                         _0535_ (net)
                  0.05    0.00   20.45 v _2915_/A2 (sky130_fd_sc_hd__a21oi_1)
     1    0.00    0.09    0.14   20.58 ^ _2915_/Y (sky130_fd_sc_hd__a21oi_1)
                                         _0011_ (net)
                  0.09    0.00   20.58 ^ _3094_/D (sky130_fd_sc_hd__dfxtp_1)
                                 20.58   data arrival time

                         10.00   10.00   clock clock (rise edge)
                          0.00   10.00   clock source latency
     1    0.01    0.04    0.03   10.03 ^ clock (in)
                                         clock (net)
                  0.04    0.00   10.03 ^ clkbuf_0_clock/A (sky130_fd_sc_hd__clkbuf_16)
     4    0.03    0.05    0.13   10.15 ^ clkbuf_0_clock/X (sky130_fd_sc_hd__clkbuf_16)
                                         clknet_0_clock (net)
                  0.05    0.00   10.15 ^ clkbuf_2_1__f_clock/A (sky130_fd_sc_hd__clkbuf_16)
    11    0.03    0.05    0.13   10.29 ^ clkbuf_2_1__f_clock/X (sky130_fd_sc_hd__clkbuf_16)
                                         clknet_2_1__leaf_clock (net)
                  0.05    0.00   10.29 ^ _3094_/CLK (sky130_fd_sc_hd__dfxtp_1)
                         -0.25   10.04   clock uncertainty
                          0.00   10.04   clock reconvergence pessimism
                         -0.06    9.97   library setup time
                                  9.97   data required time
-----------------------------------------------------------------------------
                                  9.97   data required time
                                -20.58   data arrival time
-----------------------------------------------------------------------------
                                -10.61   slack (VIOLATED)


Startpoint: io_inScaleA[6] (input port clocked by clock)
Endpoint: _3095_ (rising edge-triggered flip-flop clocked by clock)
Path Group: clock
Path Type: max

Fanout     Cap    Slew   Delay    Time   Description
-----------------------------------------------------------------------------
                          0.00    0.00   clock clock (rise edge)
                          0.00    0.00   clock network delay (propagated)
                          2.00    2.00 v input external delay
     1    0.01    0.02    0.01    2.01 v io_inScaleA[6] (in)
                                         io_inScaleA[6] (net)
                  0.02    0.00    2.01 v input15/A (sky130_fd_sc_hd__buf_8)
     4    0.02    0.03    0.12    2.13 v input15/X (sky130_fd_sc_hd__buf_8)
                                         net15 (net)
                  0.03    0.00    2.13 v _1585_/A1 (sky130_fd_sc_hd__o21ai_4)
     5    0.03    0.27    0.26    2.39 ^ _1585_/Y (sky130_fd_sc_hd__o21ai_4)
                                         _0419_ (net)
                  0.27    0.00    2.39 ^ _1595_/B (sky130_fd_sc_hd__xnor2_2)
     1    0.01    0.07    0.12    2.51 v _1595_/Y (sky130_fd_sc_hd__xnor2_2)
                                         _0521_ (net)
                  0.07    0.00    2.51 v _1596_/A (sky130_fd_sc_hd__xnor2_2)
     2    0.01    0.23    0.26    2.77 ^ _1596_/Y (sky130_fd_sc_hd__xnor2_2)
                                         _0530_ (net)
                  0.23    0.00    2.77 ^ _1597_/A (sky130_fd_sc_hd__xnor2_2)
     2    0.01    0.09    0.14    2.91 v _1597_/Y (sky130_fd_sc_hd__xnor2_2)
                                         _0540_ (net)
                  0.09    0.00    2.91 v _1621_/B (sky130_fd_sc_hd__or3_4)
     1    0.00    0.06    0.39    3.30 v _1621_/X (sky130_fd_sc_hd__or3_4)
                                         _0705_ (net)
                  0.06    0.00    3.30 v _1622_/B1_N (sky130_fd_sc_hd__a21bo_4)
     2    0.01    0.05    0.20    3.50 ^ _1622_/X (sky130_fd_sc_hd__a21bo_4)
                                         _0706_ (net)
                  0.05    0.00    3.50 ^ _1626_/B (sky130_fd_sc_hd__xor2_2)
     2    0.01    0.19    0.21    3.71 ^ _1626_/X (sky130_fd_sc_hd__xor2_2)
                                         _0710_ (net)
                  0.19    0.00    3.71 ^ _1627_/A (sky130_fd_sc_hd__xnor2_2)
     2    0.02    0.31    0.21    3.92 ^ _1627_/Y (sky130_fd_sc_hd__xnor2_2)
                                         _0711_ (net)
                  0.31    0.00    3.92 ^ _1628_/A (sky130_fd_sc_hd__xor2_4)
     2    0.02    0.19    0.25    4.16 ^ _1628_/X (sky130_fd_sc_hd__xor2_4)
                                         _0712_ (net)
                  0.19    0.00    4.17 ^ _1633_/A_N (sky130_fd_sc_hd__and2b_1)
     1    0.00    0.03    0.21    4.38 v _1633_/X (sky130_fd_sc_hd__and2b_1)
                                         _0717_ (net)
                  0.03    0.00    4.38 v _1634_/B1 (sky130_fd_sc_hd__a31o_1)
     2    0.01    0.08    0.23    4.61 v _1634_/X (sky130_fd_sc_hd__a31o_1)
                                         _0718_ (net)
                  0.08    0.00    4.61 v _1722_/C (sky130_fd_sc_hd__or3_4)
     2    0.00    0.07    0.35    4.97 v _1722_/X (sky130_fd_sc_hd__or3_4)
                                         _0806_ (net)
                  0.07    0.00    4.97 v _1783_/A (sky130_fd_sc_hd__and3_1)
     1    0.01    0.06    0.19    5.15 v _1783_/X (sky130_fd_sc_hd__and3_1)
                                         _0867_ (net)
                  0.06    0.00    5.15 v _1784_/B (sky130_fd_sc_hd__xnor2_2)
     2    0.01    0.07    0.16    5.31 v _1784_/Y (sky130_fd_sc_hd__xnor2_2)
                                         _0868_ (net)
                  0.07    0.00    5.31 v _1785_/A (sky130_fd_sc_hd__xnor2_1)
     2    0.01    0.24    0.26    5.58 ^ _1785_/Y (sky130_fd_sc_hd__xnor2_1)
                                         _0869_ (net)
                  0.24    0.00    5.58 ^ _1786_/B (sky130_fd_sc_hd__or3_4)
     1    0.00    0.03    0.18    5.76 ^ _1786_/X (sky130_fd_sc_hd__or3_4)
                                         _0870_ (net)
                  0.03    0.00    5.76 ^ _1787_/B1_N (sky130_fd_sc_hd__a21bo_4)
     2    0.01    0.05    0.24    5.99 v _1787_/X (sky130_fd_sc_hd__a21bo_4)
                                         _0871_ (net)
                  0.05    0.00    6.00 v _1789_/A (sky130_fd_sc_hd__xor2_2)
     2    0.01    0.11    0.20    6.20 v _1789_/X (sky130_fd_sc_hd__xor2_2)
                                         _0873_ (net)
                  0.11    0.00    6.20 v _1832_/A2 (sky130_fd_sc_hd__o21bai_4)
     3    0.01    0.14    0.18    6.38 ^ _1832_/Y (sky130_fd_sc_hd__o21bai_4)
                                         _0916_ (net)
                  0.14    0.00    6.38 ^ _1834_/A1 (sky130_fd_sc_hd__a21o_1)
     2    0.01    0.13    0.21    6.59 ^ _1834_/X (sky130_fd_sc_hd__a21o_1)
                                         _0918_ (net)
                  0.13    0.00    6.59 ^ _1836_/A1 (sky130_fd_sc_hd__a21oi_4)
     3    0.02    0.06    0.09    6.68 v _1836_/Y (sky130_fd_sc_hd__a21oi_4)
                                         _0920_ (net)
                  0.06    0.00    6.68 v _1840_/A1 (sky130_fd_sc_hd__o211a_1)
     2    0.01    0.06    0.27    6.95 v _1840_/X (sky130_fd_sc_hd__o211a_1)
                                         _0924_ (net)
                  0.06    0.00    6.95 v _1841_/A2 (sky130_fd_sc_hd__o31a_4)
     4    0.02    0.07    0.39    7.33 v _1841_/X (sky130_fd_sc_hd__o31a_4)
                                         _0925_ (net)
                  0.07    0.00    7.33 v rebuffer28/A (sky130_fd_sc_hd__buf_8)
     1    0.02    0.03    0.14    7.47 v rebuffer28/X (sky130_fd_sc_hd__buf_8)
                                         net83 (net)
                  0.03    0.00    7.48 v _1879_/B (sky130_fd_sc_hd__xnor2_4)
     7    0.02    0.19    0.19    7.67 ^ _1879_/Y (sky130_fd_sc_hd__xnor2_4)
                                         _0963_ (net)
                  0.19    0.00    7.67 ^ _1934_/C (sky130_fd_sc_hd__and4_1)
     2    0.01    0.09    0.25    7.92 ^ _1934_/X (sky130_fd_sc_hd__and4_1)
                                         _1018_ (net)
                  0.09    0.00    7.92 ^ _1935_/A (sky130_fd_sc_hd__buf_6)
     5    0.01    0.04    0.12    8.04 ^ _1935_/X (sky130_fd_sc_hd__buf_6)
                                         _1019_ (net)
                  0.04    0.00    8.04 ^ _1936_/A (sky130_fd_sc_hd__and2_4)
     1    0.01    0.04    0.14    8.18 ^ _1936_/X (sky130_fd_sc_hd__and2_4)
                                         _1020_ (net)
                  0.04    0.00    8.18 ^ _1937_/A (sky130_fd_sc_hd__buf_8)
     7    0.04    0.07    0.13    8.30 ^ _1937_/X (sky130_fd_sc_hd__buf_8)
                                         _1021_ (net)
                  0.07    0.00    8.30 ^ _1942_/B (sky130_fd_sc_hd__xnor2_4)
     2    0.01    0.08    0.08    8.39 v _1942_/Y (sky130_fd_sc_hd__xnor2_4)
                                         _1026_ (net)
                  0.08    0.00    8.39 v _1952_/A1 (sky130_fd_sc_hd__o221a_1)
     2    0.01    0.08    0.32    8.70 v _1952_/X (sky130_fd_sc_hd__o221a_1)
                                         _1036_ (net)
                  0.08    0.00    8.70 v _1955_/A (sky130_fd_sc_hd__nor2b_2)
     2    0.02    0.19    0.21    8.92 ^ _1955_/Y (sky130_fd_sc_hd__nor2b_2)
                                         _1039_ (net)
                  0.19    0.00    8.92 ^ _1958_/A1 (sky130_fd_sc_hd__a31oi_4)
     5    0.01    0.09    0.13    9.04 v _1958_/Y (sky130_fd_sc_hd__a31oi_4)
                                         _1042_ (net)
                  0.09    0.00    9.04 v _1959_/B (sky130_fd_sc_hd__or3_4)
     4    0.02    0.10    0.45    9.49 v _1959_/X (sky130_fd_sc_hd__or3_4)
                                         _1043_ (net)
                  0.10    0.00    9.49 v _1965_/A2 (sky130_fd_sc_hd__a21o_4)
     2    0.02    0.06    0.27    9.77 v _1965_/X (sky130_fd_sc_hd__a21o_4)
                                         _1049_ (net)
                  0.06    0.00    9.77 v _1971_/A2 (sky130_fd_sc_hd__a21o_4)
     2    0.02    0.06    0.25   10.02 v _1971_/X (sky130_fd_sc_hd__a21o_4)
                                         _1055_ (net)
                  0.06    0.00   10.02 v _1977_/A2 (sky130_fd_sc_hd__a21bo_4)
     2    0.02    0.06    0.26   10.28 v _1977_/X (sky130_fd_sc_hd__a21bo_4)
                                         _1061_ (net)
                  0.06    0.00   10.28 v _1986_/A2 (sky130_fd_sc_hd__a21o_4)
     2    0.02    0.05    0.25   10.53 v _1986_/X (sky130_fd_sc_hd__a21o_4)
                                         _1070_ (net)
                  0.05    0.00   10.54 v _1989_/A2 (sky130_fd_sc_hd__a21o_1)
     2    0.02    0.10    0.25   10.79 v _1989_/X (sky130_fd_sc_hd__a21o_1)
                                         _1073_ (net)
                  0.10    0.00   10.79 v _1992_/A2 (sky130_fd_sc_hd__a21oi_4)
     3    0.02    0.19    0.24   11.03 ^ _1992_/Y (sky130_fd_sc_hd__a21oi_4)
                                         _1076_ (net)
                  0.19    0.00   11.03 ^ max_cap1/A (sky130_fd_sc_hd__buf_4)
     3    0.04    0.11    0.22   11.25 ^ max_cap1/X (sky130_fd_sc_hd__buf_4)
                                         net90 (net)
                  0.11    0.00   11.25 ^ _1993_/A (sky130_fd_sc_hd__xnor2_4)
     6    0.04    0.34    0.21   11.46 ^ _1993_/Y (sky130_fd_sc_hd__xnor2_4)
                                         _1077_ (net)
                  0.34    0.00   11.47 ^ _2029_/S (sky130_fd_sc_hd__mux2_4)
     5    0.01    0.06    0.38   11.84 v _2029_/X (sky130_fd_sc_hd__mux2_4)
                                         _1113_ (net)
                  0.06    0.00   11.84 v _2109_/A (sky130_fd_sc_hd__buf_2)
    10    0.03    0.07    0.18   12.02 v _2109_/X (sky130_fd_sc_hd__buf_2)
                                         _1193_ (net)
                  0.07    0.00   12.02 v _2230_/A1 (sky130_fd_sc_hd__a21o_1)
     3    0.01    0.06    0.20   12.22 v _2230_/X (sky130_fd_sc_hd__a21o_1)
                                         _1314_ (net)
                  0.06    0.00   12.22 v _2310_/A3 (sky130_fd_sc_hd__a311o_1)
     1    0.01    0.08    0.41   12.63 v _2310_/X (sky130_fd_sc_hd__a311o_1)
                                         _1394_ (net)
                  0.08    0.00   12.63 v _2315_/A3 (sky130_fd_sc_hd__a31oi_4)
     1    0.01    0.12    0.19   12.82 ^ _2315_/Y (sky130_fd_sc_hd__a31oi_4)
                                         _1399_ (net)
                  0.12    0.00   12.82 ^ _2316_/C1 (sky130_fd_sc_hd__a311o_1)
     3    0.01    0.14    0.20   13.02 ^ _2316_/X (sky130_fd_sc_hd__a311o_1)
                                         _1400_ (net)
                  0.14    0.00   13.02 ^ rebuffer6/A (sky130_fd_sc_hd__clkbuf_1)
     1    0.00    0.05    0.12   13.14 ^ rebuffer6/X (sky130_fd_sc_hd__clkbuf_1)
                                         net61 (net)
                  0.05    0.00   13.14 ^ _2320_/B (sky130_fd_sc_hd__nand3_1)
     2    0.01    0.10    0.12   13.26 v _2320_/Y (sky130_fd_sc_hd__nand3_1)
                                         _1404_ (net)
                  0.10    0.00   13.26 v _2357_/A1 (sky130_fd_sc_hd__a2111o_4)
     4    0.02    0.09    0.52   13.78 v _2357_/X (sky130_fd_sc_hd__a2111o_4)
                                         _1441_ (net)
                  0.09    0.00   13.78 v _2359_/A1 (sky130_fd_sc_hd__a21o_1)
     3    0.01    0.06    0.21   13.99 v _2359_/X (sky130_fd_sc_hd__a21o_1)
                                         _1443_ (net)
                  0.06    0.00   13.99 v _2374_/A1 (sky130_fd_sc_hd__a311o_1)
     3    0.01    0.09    0.32   14.31 v _2374_/X (sky130_fd_sc_hd__a311o_1)
                                         _1459_ (net)
                  0.09    0.00   14.31 v _2391_/A2 (sky130_fd_sc_hd__a2111o_1)
     2    0.01    0.10    0.50   14.81 v _2391_/X (sky130_fd_sc_hd__a2111o_1)
                                         _1478_ (net)
                  0.10    0.00   14.81 v _2400_/A1 (sky130_fd_sc_hd__a41oi_4)
     4    0.02    0.23    0.22   15.03 ^ _2400_/Y (sky130_fd_sc_hd__a41oi_4)
                                         _1488_ (net)
                  0.23    0.00   15.03 ^ _2437_/A1 (sky130_fd_sc_hd__a311oi_2)
     2    0.00    0.10    0.14   15.17 v _2437_/Y (sky130_fd_sc_hd__a311oi_2)
                                         _1527_ (net)
                  0.10    0.00   15.17 v _2461_/A1 (sky130_fd_sc_hd__a2111o_1)
     2    0.00    0.07    0.40   15.57 v _2461_/X (sky130_fd_sc_hd__a2111o_1)
                                         _0047_ (net)
                  0.07    0.00   15.57 v _2489_/A2 (sky130_fd_sc_hd__a21o_1)
     2    0.00    0.04    0.19   15.76 v _2489_/X (sky130_fd_sc_hd__a21o_1)
                                         _0077_ (net)
                  0.04    0.00   15.76 v _2495_/A (sky130_fd_sc_hd__and3_1)
     3    0.01    0.07    0.18   15.94 v _2495_/X (sky130_fd_sc_hd__and3_1)
                                         _0084_ (net)
                  0.07    0.00   15.94 v _2557_/A3 (sky130_fd_sc_hd__o311a_4)
     2    0.01    0.06    0.33   16.27 v _2557_/X (sky130_fd_sc_hd__o311a_4)
                                         _0152_ (net)
                  0.06    0.00   16.27 v _2570_/A3 (sky130_fd_sc_hd__o31a_4)
     3    0.01    0.06    0.31   16.58 v _2570_/X (sky130_fd_sc_hd__o31a_4)
                                         _0167_ (net)
                  0.06    0.00   16.59 v _2774_/S (sky130_fd_sc_hd__mux2_4)
     4    0.01    0.06    0.34   16.92 v _2774_/X (sky130_fd_sc_hd__mux2_4)
                                         _0391_ (net)
                  0.06    0.00   16.92 v _2790_/B2 (sky130_fd_sc_hd__a221o_1)
     1    0.00    0.06    0.34   17.27 v _2790_/X (sky130_fd_sc_hd__a221o_1)
                                         _0409_ (net)
                  0.06    0.00   17.27 v _2791_/A1 (sky130_fd_sc_hd__a21bo_1)
     1    0.00    0.04    0.18   17.45 v _2791_/X (sky130_fd_sc_hd__a21bo_1)
                                         _0410_ (net)
                  0.04    0.00   17.45 v _2792_/A1 (sky130_fd_sc_hd__a21o_1)
     1    0.00    0.04    0.16   17.61 v _2792_/X (sky130_fd_sc_hd__a21o_1)
                                         _0411_ (net)
                  0.04    0.00   17.61 v _2793_/A1 (sky130_fd_sc_hd__a21o_1)
     1    0.00    0.04    0.16   17.77 v _2793_/X (sky130_fd_sc_hd__a21o_1)
                                         _0412_ (net)
                  0.04    0.00   17.77 v _2794_/A1 (sky130_fd_sc_hd__a21o_1)
     1    0.00    0.03    0.15   17.92 v _2794_/X (sky130_fd_sc_hd__a21o_1)
                                         _0413_ (net)
                  0.03    0.00   17.92 v _2796_/A1 (sky130_fd_sc_hd__a21o_1)
     1    0.00    0.04    0.16   18.09 v _2796_/X (sky130_fd_sc_hd__a21o_1)
                                         _0415_ (net)
                  0.04    0.00   18.09 v _2797_/A1 (sky130_fd_sc_hd__a21o_1)
     1    0.00    0.04    0.16   18.25 v _2797_/X (sky130_fd_sc_hd__a21o_1)
                                         _0416_ (net)
                  0.04    0.00   18.25 v _2798_/A1 (sky130_fd_sc_hd__a21o_1)
     1    0.00    0.03    0.15   18.40 v _2798_/X (sky130_fd_sc_hd__a21o_1)
                                         _0417_ (net)
                  0.03    0.00   18.40 v _2800_/A1 (sky130_fd_sc_hd__a21o_1)
     1    0.00    0.04    0.16   18.56 v _2800_/X (sky130_fd_sc_hd__a21o_1)
                                         _0420_ (net)
                  0.04    0.00   18.56 v _2801_/A1 (sky130_fd_sc_hd__a21oi_1)
     1    0.00    0.10    0.11   18.67 ^ _2801_/Y (sky130_fd_sc_hd__a21oi_1)
                                         _0421_ (net)
                  0.10    0.00   18.67 ^ _2802_/A1 (sky130_fd_sc_hd__o21ba_1)
     1    0.00    0.05    0.15   18.82 ^ _2802_/X (sky130_fd_sc_hd__o21ba_1)
                                         _0422_ (net)
                  0.05    0.00   18.82 ^ _2804_/A1 (sky130_fd_sc_hd__o21ai_1)
     1    0.00    0.07    0.07   18.90 v _2804_/Y (sky130_fd_sc_hd__o21ai_1)
                                         _0424_ (net)
                  0.07    0.00   18.90 v _2805_/A1 (sky130_fd_sc_hd__a21o_1)
     4    0.02    0.09    0.23   19.13 v _2805_/X (sky130_fd_sc_hd__a21o_1)
                                         _0425_ (net)
                  0.09    0.00   19.13 v clone13/A (sky130_fd_sc_hd__buf_6)
     5    0.03    0.04    0.16   19.29 v clone13/X (sky130_fd_sc_hd__buf_6)
                                         net68 (net)
                  0.04    0.00   19.29 v _2822_/S (sky130_fd_sc_hd__mux2_1)
     2    0.01    0.07    0.34   19.63 v _2822_/X (sky130_fd_sc_hd__mux2_1)
                                         _0443_ (net)
                  0.07    0.00   19.63 v _2843_/A0 (sky130_fd_sc_hd__mux2_2)
     3    0.01    0.06    0.29   19.92 v _2843_/X (sky130_fd_sc_hd__mux2_2)
                                         _0464_ (net)
                  0.06    0.00   19.92 v _2844_/A1 (sky130_fd_sc_hd__mux2_2)
     3    0.01    0.06    0.29   20.21 v _2844_/X (sky130_fd_sc_hd__mux2_2)
                                         _0465_ (net)
                  0.06    0.00   20.21 v _2921_/A1 (sky130_fd_sc_hd__o221a_1)
     1    0.00    0.05    0.28   20.49 v _2921_/X (sky130_fd_sc_hd__o221a_1)
                                         _0542_ (net)
                  0.05    0.00   20.49 v _2922_/B (sky130_fd_sc_hd__nor2_1)
     1    0.00    0.07    0.08   20.57 ^ _2922_/Y (sky130_fd_sc_hd__nor2_1)
                                         _0012_ (net)
                  0.07    0.00   20.57 ^ _3095_/D (sky130_fd_sc_hd__dfxtp_1)
                                 20.57   data arrival time

                         10.00   10.00   clock clock (rise edge)
                          0.00   10.00   clock source latency
     1    0.01    0.04    0.03   10.03 ^ clock (in)
                                         clock (net)
                  0.04    0.00   10.03 ^ clkbuf_0_clock/A (sky130_fd_sc_hd__clkbuf_16)
     4    0.03    0.05    0.13   10.15 ^ clkbuf_0_clock/X (sky130_fd_sc_hd__clkbuf_16)
                                         clknet_0_clock (net)
                  0.05    0.00   10.15 ^ clkbuf_2_0__f_clock/A (sky130_fd_sc_hd__clkbuf_16)
     9    0.02    0.04    0.12   10.28 ^ clkbuf_2_0__f_clock/X (sky130_fd_sc_hd__clkbuf_16)
                                         clknet_2_0__leaf_clock (net)
                  0.04    0.00   10.28 ^ _3095_/CLK (sky130_fd_sc_hd__dfxtp_1)
                         -0.25   10.03   clock uncertainty
                          0.00   10.03   clock reconvergence pessimism
                         -0.06    9.97   library setup time
                                  9.97   data required time
-----------------------------------------------------------------------------
                                  9.97   data required time
                                -20.57   data arrival time
-----------------------------------------------------------------------------
                                -10.61   slack (VIOLATED)


Startpoint: io_inScaleA[6] (input port clocked by clock)
Endpoint: _3084_ (rising edge-triggered flip-flop clocked by clock)
Path Group: clock
Path Type: max

Fanout     Cap    Slew   Delay    Time   Description
-----------------------------------------------------------------------------
                          0.00    0.00   clock clock (rise edge)
                          0.00    0.00   clock network delay (propagated)
                          2.00    2.00 v input external delay
     1    0.01    0.02    0.01    2.01 v io_inScaleA[6] (in)
                                         io_inScaleA[6] (net)
                  0.02    0.00    2.01 v input15/A (sky130_fd_sc_hd__buf_8)
     4    0.02    0.03    0.12    2.13 v input15/X (sky130_fd_sc_hd__buf_8)
                                         net15 (net)
                  0.03    0.00    2.13 v _1585_/A1 (sky130_fd_sc_hd__o21ai_4)
     5    0.03    0.27    0.26    2.39 ^ _1585_/Y (sky130_fd_sc_hd__o21ai_4)
                                         _0419_ (net)
                  0.27    0.00    2.39 ^ _1595_/B (sky130_fd_sc_hd__xnor2_2)
     1    0.01    0.07    0.12    2.51 v _1595_/Y (sky130_fd_sc_hd__xnor2_2)
                                         _0521_ (net)
                  0.07    0.00    2.51 v _1596_/A (sky130_fd_sc_hd__xnor2_2)
     2    0.01    0.23    0.26    2.77 ^ _1596_/Y (sky130_fd_sc_hd__xnor2_2)
                                         _0530_ (net)
                  0.23    0.00    2.77 ^ _1597_/A (sky130_fd_sc_hd__xnor2_2)
     2    0.01    0.09    0.14    2.91 v _1597_/Y (sky130_fd_sc_hd__xnor2_2)
                                         _0540_ (net)
                  0.09    0.00    2.91 v _1621_/B (sky130_fd_sc_hd__or3_4)
     1    0.00    0.06    0.39    3.30 v _1621_/X (sky130_fd_sc_hd__or3_4)
                                         _0705_ (net)
                  0.06    0.00    3.30 v _1622_/B1_N (sky130_fd_sc_hd__a21bo_4)
     2    0.01    0.05    0.20    3.50 ^ _1622_/X (sky130_fd_sc_hd__a21bo_4)
                                         _0706_ (net)
                  0.05    0.00    3.50 ^ _1626_/B (sky130_fd_sc_hd__xor2_2)
     2    0.01    0.19    0.21    3.71 ^ _1626_/X (sky130_fd_sc_hd__xor2_2)
                                         _0710_ (net)
                  0.19    0.00    3.71 ^ _1627_/A (sky130_fd_sc_hd__xnor2_2)
     2    0.02    0.31    0.21    3.92 ^ _1627_/Y (sky130_fd_sc_hd__xnor2_2)
                                         _0711_ (net)
                  0.31    0.00    3.92 ^ _1628_/A (sky130_fd_sc_hd__xor2_4)
     2    0.02    0.19    0.25    4.16 ^ _1628_/X (sky130_fd_sc_hd__xor2_4)
                                         _0712_ (net)
                  0.19    0.00    4.17 ^ _1633_/A_N (sky130_fd_sc_hd__and2b_1)
     1    0.00    0.03    0.21    4.38 v _1633_/X (sky130_fd_sc_hd__and2b_1)
                                         _0717_ (net)
                  0.03    0.00    4.38 v _1634_/B1 (sky130_fd_sc_hd__a31o_1)
     2    0.01    0.08    0.23    4.61 v _1634_/X (sky130_fd_sc_hd__a31o_1)
                                         _0718_ (net)
                  0.08    0.00    4.61 v _1722_/C (sky130_fd_sc_hd__or3_4)
     2    0.00    0.07    0.35    4.97 v _1722_/X (sky130_fd_sc_hd__or3_4)
                                         _0806_ (net)
                  0.07    0.00    4.97 v _1783_/A (sky130_fd_sc_hd__and3_1)
     1    0.01    0.06    0.19    5.15 v _1783_/X (sky130_fd_sc_hd__and3_1)
                                         _0867_ (net)
                  0.06    0.00    5.15 v _1784_/B (sky130_fd_sc_hd__xnor2_2)
     2    0.01    0.07    0.16    5.31 v _1784_/Y (sky130_fd_sc_hd__xnor2_2)
                                         _0868_ (net)
                  0.07    0.00    5.31 v _1785_/A (sky130_fd_sc_hd__xnor2_1)
     2    0.01    0.24    0.26    5.58 ^ _1785_/Y (sky130_fd_sc_hd__xnor2_1)
                                         _0869_ (net)
                  0.24    0.00    5.58 ^ _1786_/B (sky130_fd_sc_hd__or3_4)
     1    0.00    0.03    0.18    5.76 ^ _1786_/X (sky130_fd_sc_hd__or3_4)
                                         _0870_ (net)
                  0.03    0.00    5.76 ^ _1787_/B1_N (sky130_fd_sc_hd__a21bo_4)
     2    0.01    0.05    0.24    5.99 v _1787_/X (sky130_fd_sc_hd__a21bo_4)
                                         _0871_ (net)
                  0.05    0.00    6.00 v _1789_/A (sky130_fd_sc_hd__xor2_2)
     2    0.01    0.11    0.20    6.20 v _1789_/X (sky130_fd_sc_hd__xor2_2)
                                         _0873_ (net)
                  0.11    0.00    6.20 v _1832_/A2 (sky130_fd_sc_hd__o21bai_4)
     3    0.01    0.14    0.18    6.38 ^ _1832_/Y (sky130_fd_sc_hd__o21bai_4)
                                         _0916_ (net)
                  0.14    0.00    6.38 ^ _1834_/A1 (sky130_fd_sc_hd__a21o_1)
     2    0.01    0.13    0.21    6.59 ^ _1834_/X (sky130_fd_sc_hd__a21o_1)
                                         _0918_ (net)
                  0.13    0.00    6.59 ^ _1836_/A1 (sky130_fd_sc_hd__a21oi_4)
     3    0.02    0.06    0.09    6.68 v _1836_/Y (sky130_fd_sc_hd__a21oi_4)
                                         _0920_ (net)
                  0.06    0.00    6.68 v _1840_/A1 (sky130_fd_sc_hd__o211a_1)
     2    0.01    0.06    0.27    6.95 v _1840_/X (sky130_fd_sc_hd__o211a_1)
                                         _0924_ (net)
                  0.06    0.00    6.95 v _1841_/A2 (sky130_fd_sc_hd__o31a_4)
     4    0.02    0.07    0.39    7.33 v _1841_/X (sky130_fd_sc_hd__o31a_4)
                                         _0925_ (net)
                  0.07    0.00    7.33 v rebuffer28/A (sky130_fd_sc_hd__buf_8)
     1    0.02    0.03    0.14    7.47 v rebuffer28/X (sky130_fd_sc_hd__buf_8)
                                         net83 (net)
                  0.03    0.00    7.48 v _1879_/B (sky130_fd_sc_hd__xnor2_4)
     7    0.02    0.19    0.19    7.67 ^ _1879_/Y (sky130_fd_sc_hd__xnor2_4)
                                         _0963_ (net)
                  0.19    0.00    7.67 ^ _1934_/C (sky130_fd_sc_hd__and4_1)
     2    0.01    0.09    0.25    7.92 ^ _1934_/X (sky130_fd_sc_hd__and4_1)
                                         _1018_ (net)
                  0.09    0.00    7.92 ^ _1935_/A (sky130_fd_sc_hd__buf_6)
     5    0.01    0.04    0.12    8.04 ^ _1935_/X (sky130_fd_sc_hd__buf_6)
                                         _1019_ (net)
                  0.04    0.00    8.04 ^ _1936_/A (sky130_fd_sc_hd__and2_4)
     1    0.01    0.04    0.14    8.18 ^ _1936_/X (sky130_fd_sc_hd__and2_4)
                                         _1020_ (net)
                  0.04    0.00    8.18 ^ _1937_/A (sky130_fd_sc_hd__buf_8)
     7    0.04    0.07    0.13    8.30 ^ _1937_/X (sky130_fd_sc_hd__buf_8)
                                         _1021_ (net)
                  0.07    0.00    8.30 ^ _1942_/B (sky130_fd_sc_hd__xnor2_4)
     2    0.01    0.08    0.08    8.39 v _1942_/Y (sky130_fd_sc_hd__xnor2_4)
                                         _1026_ (net)
                  0.08    0.00    8.39 v _1952_/A1 (sky130_fd_sc_hd__o221a_1)
     2    0.01    0.08    0.32    8.70 v _1952_/X (sky130_fd_sc_hd__o221a_1)
                                         _1036_ (net)
                  0.08    0.00    8.70 v _1955_/A (sky130_fd_sc_hd__nor2b_2)
     2    0.02    0.19    0.21    8.92 ^ _1955_/Y (sky130_fd_sc_hd__nor2b_2)
                                         _1039_ (net)
                  0.19    0.00    8.92 ^ _1958_/A1 (sky130_fd_sc_hd__a31oi_4)
     5    0.01    0.09    0.13    9.04 v _1958_/Y (sky130_fd_sc_hd__a31oi_4)
                                         _1042_ (net)
                  0.09    0.00    9.04 v _1959_/B (sky130_fd_sc_hd__or3_4)
     4    0.02    0.10    0.45    9.49 v _1959_/X (sky130_fd_sc_hd__or3_4)
                                         _1043_ (net)
                  0.10    0.00    9.49 v _1965_/A2 (sky130_fd_sc_hd__a21o_4)
     2    0.02    0.06    0.27    9.77 v _1965_/X (sky130_fd_sc_hd__a21o_4)
                                         _1049_ (net)
                  0.06    0.00    9.77 v _1971_/A2 (sky130_fd_sc_hd__a21o_4)
     2    0.02    0.06    0.25   10.02 v _1971_/X (sky130_fd_sc_hd__a21o_4)
                                         _1055_ (net)
                  0.06    0.00   10.02 v _1977_/A2 (sky130_fd_sc_hd__a21bo_4)
     2    0.02    0.06    0.26   10.28 v _1977_/X (sky130_fd_sc_hd__a21bo_4)
                                         _1061_ (net)
                  0.06    0.00   10.28 v _1986_/A2 (sky130_fd_sc_hd__a21o_4)
     2    0.02    0.05    0.25   10.53 v _1986_/X (sky130_fd_sc_hd__a21o_4)
                                         _1070_ (net)
                  0.05    0.00   10.54 v _1989_/A2 (sky130_fd_sc_hd__a21o_1)
     2    0.02    0.10    0.25   10.79 v _1989_/X (sky130_fd_sc_hd__a21o_1)
                                         _1073_ (net)
                  0.10    0.00   10.79 v _1992_/A2 (sky130_fd_sc_hd__a21oi_4)
     3    0.02    0.19    0.24   11.03 ^ _1992_/Y (sky130_fd_sc_hd__a21oi_4)
                                         _1076_ (net)
                  0.19    0.00   11.03 ^ max_cap1/A (sky130_fd_sc_hd__buf_4)
     3    0.04    0.11    0.22   11.25 ^ max_cap1/X (sky130_fd_sc_hd__buf_4)
                                         net90 (net)
                  0.11    0.00   11.25 ^ _1993_/A (sky130_fd_sc_hd__xnor2_4)
     6    0.04    0.34    0.21   11.46 ^ _1993_/Y (sky130_fd_sc_hd__xnor2_4)
                                         _1077_ (net)
                  0.34    0.00   11.47 ^ _2029_/S (sky130_fd_sc_hd__mux2_4)
     5    0.01    0.06    0.38   11.84 v _2029_/X (sky130_fd_sc_hd__mux2_4)
                                         _1113_ (net)
                  0.06    0.00   11.84 v _2109_/A (sky130_fd_sc_hd__buf_2)
    10    0.03    0.07    0.18   12.02 v _2109_/X (sky130_fd_sc_hd__buf_2)
                                         _1193_ (net)
                  0.07    0.00   12.02 v _2230_/A1 (sky130_fd_sc_hd__a21o_1)
     3    0.01    0.06    0.20   12.22 v _2230_/X (sky130_fd_sc_hd__a21o_1)
                                         _1314_ (net)
                  0.06    0.00   12.22 v _2310_/A3 (sky130_fd_sc_hd__a311o_1)
     1    0.01    0.08    0.41   12.63 v _2310_/X (sky130_fd_sc_hd__a311o_1)
                                         _1394_ (net)
                  0.08    0.00   12.63 v _2315_/A3 (sky130_fd_sc_hd__a31oi_4)
     1    0.01    0.12    0.19   12.82 ^ _2315_/Y (sky130_fd_sc_hd__a31oi_4)
                                         _1399_ (net)
                  0.12    0.00   12.82 ^ _2316_/C1 (sky130_fd_sc_hd__a311o_1)
     3    0.01    0.14    0.20   13.02 ^ _2316_/X (sky130_fd_sc_hd__a311o_1)
                                         _1400_ (net)
                  0.14    0.00   13.02 ^ rebuffer6/A (sky130_fd_sc_hd__clkbuf_1)
     1    0.00    0.05    0.12   13.14 ^ rebuffer6/X (sky130_fd_sc_hd__clkbuf_1)
                                         net61 (net)
                  0.05    0.00   13.14 ^ _2320_/B (sky130_fd_sc_hd__nand3_1)
     2    0.01    0.10    0.12   13.26 v _2320_/Y (sky130_fd_sc_hd__nand3_1)
                                         _1404_ (net)
                  0.10    0.00   13.26 v _2357_/A1 (sky130_fd_sc_hd__a2111o_4)
     4    0.02    0.09    0.52   13.78 v _2357_/X (sky130_fd_sc_hd__a2111o_4)
                                         _1441_ (net)
                  0.09    0.00   13.78 v _2359_/A1 (sky130_fd_sc_hd__a21o_1)
     3    0.01    0.06    0.21   13.99 v _2359_/X (sky130_fd_sc_hd__a21o_1)
                                         _1443_ (net)
                  0.06    0.00   13.99 v _2374_/A1 (sky130_fd_sc_hd__a311o_1)
     3    0.01    0.09    0.32   14.31 v _2374_/X (sky130_fd_sc_hd__a311o_1)
                                         _1459_ (net)
                  0.09    0.00   14.31 v _2391_/A2 (sky130_fd_sc_hd__a2111o_1)
     2    0.01    0.10    0.50   14.81 v _2391_/X (sky130_fd_sc_hd__a2111o_1)
                                         _1478_ (net)
                  0.10    0.00   14.81 v _2400_/A1 (sky130_fd_sc_hd__a41oi_4)
     4    0.02    0.23    0.22   15.03 ^ _2400_/Y (sky130_fd_sc_hd__a41oi_4)
                                         _1488_ (net)
                  0.23    0.00   15.03 ^ _2437_/A1 (sky130_fd_sc_hd__a311oi_2)
     2    0.00    0.10    0.14   15.17 v _2437_/Y (sky130_fd_sc_hd__a311oi_2)
                                         _1527_ (net)
                  0.10    0.00   15.17 v _2461_/A1 (sky130_fd_sc_hd__a2111o_1)
     2    0.00    0.07    0.40   15.57 v _2461_/X (sky130_fd_sc_hd__a2111o_1)
                                         _0047_ (net)
                  0.07    0.00   15.57 v _2489_/A2 (sky130_fd_sc_hd__a21o_1)
     2    0.00    0.04    0.19   15.76 v _2489_/X (sky130_fd_sc_hd__a21o_1)
                                         _0077_ (net)
                  0.04    0.00   15.76 v _2495_/A (sky130_fd_sc_hd__and3_1)
     3    0.01    0.07    0.18   15.94 v _2495_/X (sky130_fd_sc_hd__and3_1)
                                         _0084_ (net)
                  0.07    0.00   15.94 v _2557_/A3 (sky130_fd_sc_hd__o311a_4)
     2    0.01    0.06    0.33   16.27 v _2557_/X (sky130_fd_sc_hd__o311a_4)
                                         _0152_ (net)
                  0.06    0.00   16.27 v _2570_/A3 (sky130_fd_sc_hd__o31a_4)
     3    0.01    0.06    0.31   16.58 v _2570_/X (sky130_fd_sc_hd__o31a_4)
                                         _0167_ (net)
                  0.06    0.00   16.59 v _2774_/S (sky130_fd_sc_hd__mux2_4)
     4    0.01    0.06    0.34   16.92 v _2774_/X (sky130_fd_sc_hd__mux2_4)
                                         _0391_ (net)
                  0.06    0.00   16.92 v _2790_/B2 (sky130_fd_sc_hd__a221o_1)
     1    0.00    0.06    0.34   17.27 v _2790_/X (sky130_fd_sc_hd__a221o_1)
                                         _0409_ (net)
                  0.06    0.00   17.27 v _2791_/A1 (sky130_fd_sc_hd__a21bo_1)
     1    0.00    0.04    0.18   17.45 v _2791_/X (sky130_fd_sc_hd__a21bo_1)
                                         _0410_ (net)
                  0.04    0.00   17.45 v _2792_/A1 (sky130_fd_sc_hd__a21o_1)
     1    0.00    0.04    0.16   17.61 v _2792_/X (sky130_fd_sc_hd__a21o_1)
                                         _0411_ (net)
                  0.04    0.00   17.61 v _2793_/A1 (sky130_fd_sc_hd__a21o_1)
     1    0.00    0.04    0.16   17.77 v _2793_/X (sky130_fd_sc_hd__a21o_1)
                                         _0412_ (net)
                  0.04    0.00   17.77 v _2794_/A1 (sky130_fd_sc_hd__a21o_1)
     1    0.00    0.03    0.15   17.92 v _2794_/X (sky130_fd_sc_hd__a21o_1)
                                         _0413_ (net)
                  0.03    0.00   17.92 v _2796_/A1 (sky130_fd_sc_hd__a21o_1)
     1    0.00    0.04    0.16   18.09 v _2796_/X (sky130_fd_sc_hd__a21o_1)
                                         _0415_ (net)
                  0.04    0.00   18.09 v _2797_/A1 (sky130_fd_sc_hd__a21o_1)
     1    0.00    0.04    0.16   18.25 v _2797_/X (sky130_fd_sc_hd__a21o_1)
                                         _0416_ (net)
                  0.04    0.00   18.25 v _2798_/A1 (sky130_fd_sc_hd__a21o_1)
     1    0.00    0.03    0.15   18.40 v _2798_/X (sky130_fd_sc_hd__a21o_1)
                                         _0417_ (net)
                  0.03    0.00   18.40 v _2800_/A1 (sky130_fd_sc_hd__a21o_1)
     1    0.00    0.04    0.16   18.56 v _2800_/X (sky130_fd_sc_hd__a21o_1)
                                         _0420_ (net)
                  0.04    0.00   18.56 v _2801_/A1 (sky130_fd_sc_hd__a21oi_1)
     1    0.00    0.10    0.11   18.67 ^ _2801_/Y (sky130_fd_sc_hd__a21oi_1)
                                         _0421_ (net)
                  0.10    0.00   18.67 ^ _2802_/A1 (sky130_fd_sc_hd__o21ba_1)
     1    0.00    0.05    0.15   18.82 ^ _2802_/X (sky130_fd_sc_hd__o21ba_1)
                                         _0422_ (net)
                  0.05    0.00   18.82 ^ _2804_/A1 (sky130_fd_sc_hd__o21ai_1)
     1    0.00    0.07    0.07   18.90 v _2804_/Y (sky130_fd_sc_hd__o21ai_1)
                                         _0424_ (net)
                  0.07    0.00   18.90 v _2805_/A1 (sky130_fd_sc_hd__a21o_1)
     4    0.02    0.09    0.23   19.13 v _2805_/X (sky130_fd_sc_hd__a21o_1)
                                         _0425_ (net)
                  0.09    0.00   19.13 v _2809_/A (sky130_fd_sc_hd__buf_6)
     5    0.03    0.04    0.16   19.29 v _2809_/X (sky130_fd_sc_hd__buf_6)
                                         _0429_ (net)
                  0.04    0.00   19.29 v _2810_/S (sky130_fd_sc_hd__mux2_4)
     2    0.00    0.05    0.31   19.60 v _2810_/X (sky130_fd_sc_hd__mux2_4)
                                         _0431_ (net)
                  0.05    0.00   19.60 v _2813_/A0 (sky130_fd_sc_hd__mux2_4)
     2    0.00    0.05    0.28   19.88 v _2813_/X (sky130_fd_sc_hd__mux2_4)
                                         _0434_ (net)
                  0.05    0.00   19.88 v rebuffer29/A (sky130_fd_sc_hd__clkbuf_1)
     1    0.00    0.03    0.10   19.98 v rebuffer29/X (sky130_fd_sc_hd__clkbuf_1)
                                         net84 (net)
                  0.03    0.00   19.98 v _2814_/B (sky130_fd_sc_hd__nor2_1)
     1    0.00    0.09    0.09   20.07 ^ _2814_/Y (sky130_fd_sc_hd__nor2_1)
                                         _0435_ (net)
                  0.09    0.00   20.07 ^ _2815_/B1 (sky130_fd_sc_hd__a21oi_1)
     3    0.01    0.10    0.08   20.15 v _2815_/Y (sky130_fd_sc_hd__a21oi_1)
                                         _0436_ (net)
                  0.10    0.00   20.15 v _2816_/B2 (sky130_fd_sc_hd__o2bb2a_1)
     1    0.00    0.06    0.31   20.46 v _2816_/X (sky130_fd_sc_hd__o2bb2a_1)
                                         _0437_ (net)
                  0.06    0.00   20.46 v _2819_/A (sky130_fd_sc_hd__nor2_1)
     1    0.00    0.08    0.11   20.57 ^ _2819_/Y (sky130_fd_sc_hd__nor2_1)
                                         _0001_ (net)
                  0.08    0.00   20.57 ^ _3084_/D (sky130_fd_sc_hd__dfxtp_2)
                                 20.57   data arrival time

                         10.00   10.00   clock clock (rise edge)
                          0.00   10.00   clock source latency
     1    0.01    0.04    0.03   10.03 ^ clock (in)
                                         clock (net)
                  0.04    0.00   10.03 ^ clkbuf_0_clock/A (sky130_fd_sc_hd__clkbuf_16)
     4    0.03    0.05    0.13   10.15 ^ clkbuf_0_clock/X (sky130_fd_sc_hd__clkbuf_16)
                                         clknet_0_clock (net)
                  0.05    0.00   10.15 ^ clkbuf_2_1__f_clock/A (sky130_fd_sc_hd__clkbuf_16)
    11    0.03    0.05    0.13   10.29 ^ clkbuf_2_1__f_clock/X (sky130_fd_sc_hd__clkbuf_16)
                                         clknet_2_1__leaf_clock (net)
                  0.05    0.00   10.29 ^ _3084_/CLK (sky130_fd_sc_hd__dfxtp_2)
                         -0.25   10.04   clock uncertainty
                          0.00   10.04   clock reconvergence pessimism
                         -0.07    9.97   library setup time
                                  9.97   data required time
-----------------------------------------------------------------------------
                                  9.97   data required time
                                -20.57   data arrival time
-----------------------------------------------------------------------------
                                -10.60   slack (VIOLATED)


Startpoint: io_inScaleA[6] (input port clocked by clock)
Endpoint: _3100_ (rising edge-triggered flip-flop clocked by clock)
Path Group: clock
Path Type: max

Fanout     Cap    Slew   Delay    Time   Description
-----------------------------------------------------------------------------
                          0.00    0.00   clock clock (rise edge)
                          0.00    0.00   clock network delay (propagated)
                          2.00    2.00 v input external delay
     1    0.01    0.02    0.01    2.01 v io_inScaleA[6] (in)
                                         io_inScaleA[6] (net)
                  0.02    0.00    2.01 v input15/A (sky130_fd_sc_hd__buf_8)
     4    0.02    0.03    0.12    2.13 v input15/X (sky130_fd_sc_hd__buf_8)
                                         net15 (net)
                  0.03    0.00    2.13 v _1585_/A1 (sky130_fd_sc_hd__o21ai_4)
     5    0.03    0.27    0.26    2.39 ^ _1585_/Y (sky130_fd_sc_hd__o21ai_4)
                                         _0419_ (net)
                  0.27    0.00    2.39 ^ _1595_/B (sky130_fd_sc_hd__xnor2_2)
     1    0.01    0.07    0.12    2.51 v _1595_/Y (sky130_fd_sc_hd__xnor2_2)
                                         _0521_ (net)
                  0.07    0.00    2.51 v _1596_/A (sky130_fd_sc_hd__xnor2_2)
     2    0.01    0.23    0.26    2.77 ^ _1596_/Y (sky130_fd_sc_hd__xnor2_2)
                                         _0530_ (net)
                  0.23    0.00    2.77 ^ _1597_/A (sky130_fd_sc_hd__xnor2_2)
     2    0.01    0.09    0.14    2.91 v _1597_/Y (sky130_fd_sc_hd__xnor2_2)
                                         _0540_ (net)
                  0.09    0.00    2.91 v _1621_/B (sky130_fd_sc_hd__or3_4)
     1    0.00    0.06    0.39    3.30 v _1621_/X (sky130_fd_sc_hd__or3_4)
                                         _0705_ (net)
                  0.06    0.00    3.30 v _1622_/B1_N (sky130_fd_sc_hd__a21bo_4)
     2    0.01    0.05    0.20    3.50 ^ _1622_/X (sky130_fd_sc_hd__a21bo_4)
                                         _0706_ (net)
                  0.05    0.00    3.50 ^ _1626_/B (sky130_fd_sc_hd__xor2_2)
     2    0.01    0.19    0.21    3.71 ^ _1626_/X (sky130_fd_sc_hd__xor2_2)
                                         _0710_ (net)
                  0.19    0.00    3.71 ^ _1627_/A (sky130_fd_sc_hd__xnor2_2)
     2    0.02    0.31    0.21    3.92 ^ _1627_/Y (sky130_fd_sc_hd__xnor2_2)
                                         _0711_ (net)
                  0.31    0.00    3.92 ^ _1628_/A (sky130_fd_sc_hd__xor2_4)
     2    0.02    0.19    0.25    4.16 ^ _1628_/X (sky130_fd_sc_hd__xor2_4)
                                         _0712_ (net)
                  0.19    0.00    4.17 ^ _1633_/A_N (sky130_fd_sc_hd__and2b_1)
     1    0.00    0.03    0.21    4.38 v _1633_/X (sky130_fd_sc_hd__and2b_1)
                                         _0717_ (net)
                  0.03    0.00    4.38 v _1634_/B1 (sky130_fd_sc_hd__a31o_1)
     2    0.01    0.08    0.23    4.61 v _1634_/X (sky130_fd_sc_hd__a31o_1)
                                         _0718_ (net)
                  0.08    0.00    4.61 v _1722_/C (sky130_fd_sc_hd__or3_4)
     2    0.00    0.07    0.35    4.97 v _1722_/X (sky130_fd_sc_hd__or3_4)
                                         _0806_ (net)
                  0.07    0.00    4.97 v _1783_/A (sky130_fd_sc_hd__and3_1)
     1    0.01    0.06    0.19    5.15 v _1783_/X (sky130_fd_sc_hd__and3_1)
                                         _0867_ (net)
                  0.06    0.00    5.15 v _1784_/B (sky130_fd_sc_hd__xnor2_2)
     2    0.01    0.07    0.16    5.31 v _1784_/Y (sky130_fd_sc_hd__xnor2_2)
                                         _0868_ (net)
                  0.07    0.00    5.31 v _1785_/A (sky130_fd_sc_hd__xnor2_1)
     2    0.01    0.24    0.26    5.58 ^ _1785_/Y (sky130_fd_sc_hd__xnor2_1)
                                         _0869_ (net)
                  0.24    0.00    5.58 ^ _1786_/B (sky130_fd_sc_hd__or3_4)
     1    0.00    0.03    0.18    5.76 ^ _1786_/X (sky130_fd_sc_hd__or3_4)
                                         _0870_ (net)
                  0.03    0.00    5.76 ^ _1787_/B1_N (sky130_fd_sc_hd__a21bo_4)
     2    0.01    0.05    0.24    5.99 v _1787_/X (sky130_fd_sc_hd__a21bo_4)
                                         _0871_ (net)
                  0.05    0.00    6.00 v _1789_/A (sky130_fd_sc_hd__xor2_2)
     2    0.01    0.11    0.20    6.20 v _1789_/X (sky130_fd_sc_hd__xor2_2)
                                         _0873_ (net)
                  0.11    0.00    6.20 v _1832_/A2 (sky130_fd_sc_hd__o21bai_4)
     3    0.01    0.14    0.18    6.38 ^ _1832_/Y (sky130_fd_sc_hd__o21bai_4)
                                         _0916_ (net)
                  0.14    0.00    6.38 ^ _1834_/A1 (sky130_fd_sc_hd__a21o_1)
     2    0.01    0.13    0.21    6.59 ^ _1834_/X (sky130_fd_sc_hd__a21o_1)
                                         _0918_ (net)
                  0.13    0.00    6.59 ^ _1836_/A1 (sky130_fd_sc_hd__a21oi_4)
     3    0.02    0.06    0.09    6.68 v _1836_/Y (sky130_fd_sc_hd__a21oi_4)
                                         _0920_ (net)
                  0.06    0.00    6.68 v _1840_/A1 (sky130_fd_sc_hd__o211a_1)
     2    0.01    0.06    0.27    6.95 v _1840_/X (sky130_fd_sc_hd__o211a_1)
                                         _0924_ (net)
                  0.06    0.00    6.95 v _1841_/A2 (sky130_fd_sc_hd__o31a_4)
     4    0.02    0.07    0.39    7.33 v _1841_/X (sky130_fd_sc_hd__o31a_4)
                                         _0925_ (net)
                  0.07    0.00    7.33 v rebuffer28/A (sky130_fd_sc_hd__buf_8)
     1    0.02    0.03    0.14    7.47 v rebuffer28/X (sky130_fd_sc_hd__buf_8)
                                         net83 (net)
                  0.03    0.00    7.48 v _1879_/B (sky130_fd_sc_hd__xnor2_4)
     7    0.02    0.19    0.19    7.67 ^ _1879_/Y (sky130_fd_sc_hd__xnor2_4)
                                         _0963_ (net)
                  0.19    0.00    7.67 ^ _1934_/C (sky130_fd_sc_hd__and4_1)
     2    0.01    0.09    0.25    7.92 ^ _1934_/X (sky130_fd_sc_hd__and4_1)
                                         _1018_ (net)
                  0.09    0.00    7.92 ^ _1935_/A (sky130_fd_sc_hd__buf_6)
     5    0.01    0.04    0.12    8.04 ^ _1935_/X (sky130_fd_sc_hd__buf_6)
                                         _1019_ (net)
                  0.04    0.00    8.04 ^ _1936_/A (sky130_fd_sc_hd__and2_4)
     1    0.01    0.04    0.14    8.18 ^ _1936_/X (sky130_fd_sc_hd__and2_4)
                                         _1020_ (net)
                  0.04    0.00    8.18 ^ _1937_/A (sky130_fd_sc_hd__buf_8)
     7    0.04    0.07    0.13    8.30 ^ _1937_/X (sky130_fd_sc_hd__buf_8)
                                         _1021_ (net)
                  0.07    0.00    8.30 ^ _1942_/B (sky130_fd_sc_hd__xnor2_4)
     2    0.01    0.08    0.08    8.39 v _1942_/Y (sky130_fd_sc_hd__xnor2_4)
                                         _1026_ (net)
                  0.08    0.00    8.39 v _1952_/A1 (sky130_fd_sc_hd__o221a_1)
     2    0.01    0.08    0.32    8.70 v _1952_/X (sky130_fd_sc_hd__o221a_1)
                                         _1036_ (net)
                  0.08    0.00    8.70 v _1955_/A (sky130_fd_sc_hd__nor2b_2)
     2    0.02    0.19    0.21    8.92 ^ _1955_/Y (sky130_fd_sc_hd__nor2b_2)
                                         _1039_ (net)
                  0.19    0.00    8.92 ^ _1958_/A1 (sky130_fd_sc_hd__a31oi_4)
     5    0.01    0.09    0.13    9.04 v _1958_/Y (sky130_fd_sc_hd__a31oi_4)
                                         _1042_ (net)
                  0.09    0.00    9.04 v _1959_/B (sky130_fd_sc_hd__or3_4)
     4    0.02    0.10    0.45    9.49 v _1959_/X (sky130_fd_sc_hd__or3_4)
                                         _1043_ (net)
                  0.10    0.00    9.49 v _1965_/A2 (sky130_fd_sc_hd__a21o_4)
     2    0.02    0.06    0.27    9.77 v _1965_/X (sky130_fd_sc_hd__a21o_4)
                                         _1049_ (net)
                  0.06    0.00    9.77 v _1971_/A2 (sky130_fd_sc_hd__a21o_4)
     2    0.02    0.06    0.25   10.02 v _1971_/X (sky130_fd_sc_hd__a21o_4)
                                         _1055_ (net)
                  0.06    0.00   10.02 v _1977_/A2 (sky130_fd_sc_hd__a21bo_4)
     2    0.02    0.06    0.26   10.28 v _1977_/X (sky130_fd_sc_hd__a21bo_4)
                                         _1061_ (net)
                  0.06    0.00   10.28 v _1986_/A2 (sky130_fd_sc_hd__a21o_4)
     2    0.02    0.05    0.25   10.53 v _1986_/X (sky130_fd_sc_hd__a21o_4)
                                         _1070_ (net)
                  0.05    0.00   10.54 v _1989_/A2 (sky130_fd_sc_hd__a21o_1)
     2    0.02    0.10    0.25   10.79 v _1989_/X (sky130_fd_sc_hd__a21o_1)
                                         _1073_ (net)
                  0.10    0.00   10.79 v _1992_/A2 (sky130_fd_sc_hd__a21oi_4)
     3    0.02    0.19    0.24   11.03 ^ _1992_/Y (sky130_fd_sc_hd__a21oi_4)
                                         _1076_ (net)
                  0.19    0.00   11.03 ^ max_cap1/A (sky130_fd_sc_hd__buf_4)
     3    0.04    0.11    0.22   11.25 ^ max_cap1/X (sky130_fd_sc_hd__buf_4)
                                         net90 (net)
                  0.11    0.00   11.25 ^ _1993_/A (sky130_fd_sc_hd__xnor2_4)
     6    0.04    0.34    0.21   11.46 ^ _1993_/Y (sky130_fd_sc_hd__xnor2_4)
                                         _1077_ (net)
                  0.34    0.00   11.47 ^ _2029_/S (sky130_fd_sc_hd__mux2_4)
     5    0.01    0.06    0.38   11.84 v _2029_/X (sky130_fd_sc_hd__mux2_4)
                                         _1113_ (net)
                  0.06    0.00   11.84 v _2109_/A (sky130_fd_sc_hd__buf_2)
    10    0.03    0.07    0.18   12.02 v _2109_/X (sky130_fd_sc_hd__buf_2)
                                         _1193_ (net)
                  0.07    0.00   12.02 v _2230_/A1 (sky130_fd_sc_hd__a21o_1)
     3    0.01    0.06    0.20   12.22 v _2230_/X (sky130_fd_sc_hd__a21o_1)
                                         _1314_ (net)
                  0.06    0.00   12.22 v _2310_/A3 (sky130_fd_sc_hd__a311o_1)
     1    0.01    0.08    0.41   12.63 v _2310_/X (sky130_fd_sc_hd__a311o_1)
                                         _1394_ (net)
                  0.08    0.00   12.63 v _2315_/A3 (sky130_fd_sc_hd__a31oi_4)
     1    0.01    0.12    0.19   12.82 ^ _2315_/Y (sky130_fd_sc_hd__a31oi_4)
                                         _1399_ (net)
                  0.12    0.00   12.82 ^ _2316_/C1 (sky130_fd_sc_hd__a311o_1)
     3    0.01    0.14    0.20   13.02 ^ _2316_/X (sky130_fd_sc_hd__a311o_1)
                                         _1400_ (net)
                  0.14    0.00   13.02 ^ rebuffer6/A (sky130_fd_sc_hd__clkbuf_1)
     1    0.00    0.05    0.12   13.14 ^ rebuffer6/X (sky130_fd_sc_hd__clkbuf_1)
                                         net61 (net)
                  0.05    0.00   13.14 ^ _2320_/B (sky130_fd_sc_hd__nand3_1)
     2    0.01    0.10    0.12   13.26 v _2320_/Y (sky130_fd_sc_hd__nand3_1)
                                         _1404_ (net)
                  0.10    0.00   13.26 v _2357_/A1 (sky130_fd_sc_hd__a2111o_4)
     4    0.02    0.09    0.52   13.78 v _2357_/X (sky130_fd_sc_hd__a2111o_4)
                                         _1441_ (net)
                  0.09    0.00   13.78 v _2359_/A1 (sky130_fd_sc_hd__a21o_1)
     3    0.01    0.06    0.21   13.99 v _2359_/X (sky130_fd_sc_hd__a21o_1)
                                         _1443_ (net)
                  0.06    0.00   13.99 v _2374_/A1 (sky130_fd_sc_hd__a311o_1)
     3    0.01    0.09    0.32   14.31 v _2374_/X (sky130_fd_sc_hd__a311o_1)
                                         _1459_ (net)
                  0.09    0.00   14.31 v _2391_/A2 (sky130_fd_sc_hd__a2111o_1)
     2    0.01    0.10    0.50   14.81 v _2391_/X (sky130_fd_sc_hd__a2111o_1)
                                         _1478_ (net)
                  0.10    0.00   14.81 v _2400_/A1 (sky130_fd_sc_hd__a41oi_4)
     4    0.02    0.23    0.22   15.03 ^ _2400_/Y (sky130_fd_sc_hd__a41oi_4)
                                         _1488_ (net)
                  0.23    0.00   15.03 ^ _2437_/A1 (sky130_fd_sc_hd__a311oi_2)
     2    0.00    0.10    0.14   15.17 v _2437_/Y (sky130_fd_sc_hd__a311oi_2)
                                         _1527_ (net)
                  0.10    0.00   15.17 v _2461_/A1 (sky130_fd_sc_hd__a2111o_1)
     2    0.00    0.07    0.40   15.57 v _2461_/X (sky130_fd_sc_hd__a2111o_1)
                                         _0047_ (net)
                  0.07    0.00   15.57 v _2489_/A2 (sky130_fd_sc_hd__a21o_1)
     2    0.00    0.04    0.19   15.76 v _2489_/X (sky130_fd_sc_hd__a21o_1)
                                         _0077_ (net)
                  0.04    0.00   15.76 v _2495_/A (sky130_fd_sc_hd__and3_1)
     3    0.01    0.07    0.18   15.94 v _2495_/X (sky130_fd_sc_hd__and3_1)
                                         _0084_ (net)
                  0.07    0.00   15.94 v _2557_/A3 (sky130_fd_sc_hd__o311a_4)
     2    0.01    0.06    0.33   16.27 v _2557_/X (sky130_fd_sc_hd__o311a_4)
                                         _0152_ (net)
                  0.06    0.00   16.27 v _2570_/A3 (sky130_fd_sc_hd__o31a_4)
     3    0.01    0.06    0.31   16.58 v _2570_/X (sky130_fd_sc_hd__o31a_4)
                                         _0167_ (net)
                  0.06    0.00   16.59 v _2774_/S (sky130_fd_sc_hd__mux2_4)
     4    0.01    0.06    0.34   16.92 v _2774_/X (sky130_fd_sc_hd__mux2_4)
                                         _0391_ (net)
                  0.06    0.00   16.92 v _2790_/B2 (sky130_fd_sc_hd__a221o_1)
     1    0.00    0.06    0.34   17.27 v _2790_/X (sky130_fd_sc_hd__a221o_1)
                                         _0409_ (net)
                  0.06    0.00   17.27 v _2791_/A1 (sky130_fd_sc_hd__a21bo_1)
     1    0.00    0.04    0.18   17.45 v _2791_/X (sky130_fd_sc_hd__a21bo_1)
                                         _0410_ (net)
                  0.04    0.00   17.45 v _2792_/A1 (sky130_fd_sc_hd__a21o_1)
     1    0.00    0.04    0.16   17.61 v _2792_/X (sky130_fd_sc_hd__a21o_1)
                                         _0411_ (net)
                  0.04    0.00   17.61 v _2793_/A1 (sky130_fd_sc_hd__a21o_1)
     1    0.00    0.04    0.16   17.77 v _2793_/X (sky130_fd_sc_hd__a21o_1)
                                         _0412_ (net)
                  0.04    0.00   17.77 v _2794_/A1 (sky130_fd_sc_hd__a21o_1)
     1    0.00    0.03    0.15   17.92 v _2794_/X (sky130_fd_sc_hd__a21o_1)
                                         _0413_ (net)
                  0.03    0.00   17.92 v _2796_/A1 (sky130_fd_sc_hd__a21o_1)
     1    0.00    0.04    0.16   18.09 v _2796_/X (sky130_fd_sc_hd__a21o_1)
                                         _0415_ (net)
                  0.04    0.00   18.09 v _2797_/A1 (sky130_fd_sc_hd__a21o_1)
     1    0.00    0.04    0.16   18.25 v _2797_/X (sky130_fd_sc_hd__a21o_1)
                                         _0416_ (net)
                  0.04    0.00   18.25 v _2798_/A1 (sky130_fd_sc_hd__a21o_1)
     1    0.00    0.03    0.15   18.40 v _2798_/X (sky130_fd_sc_hd__a21o_1)
                                         _0417_ (net)
                  0.03    0.00   18.40 v _2800_/A1 (sky130_fd_sc_hd__a21o_1)
     1    0.00    0.04    0.16   18.56 v _2800_/X (sky130_fd_sc_hd__a21o_1)
                                         _0420_ (net)
                  0.04    0.00   18.56 v _2801_/A1 (sky130_fd_sc_hd__a21oi_1)
     1    0.00    0.10    0.11   18.67 ^ _2801_/Y (sky130_fd_sc_hd__a21oi_1)
                                         _0421_ (net)
                  0.10    0.00   18.67 ^ _2802_/A1 (sky130_fd_sc_hd__o21ba_1)
     1    0.00    0.05    0.15   18.82 ^ _2802_/X (sky130_fd_sc_hd__o21ba_1)
                                         _0422_ (net)
                  0.05    0.00   18.82 ^ _2804_/A1 (sky130_fd_sc_hd__o21ai_1)
     1    0.00    0.07    0.07   18.90 v _2804_/Y (sky130_fd_sc_hd__o21ai_1)
                                         _0424_ (net)
                  0.07    0.00   18.90 v _2805_/A1 (sky130_fd_sc_hd__a21o_1)
     4    0.02    0.09    0.23   19.13 v _2805_/X (sky130_fd_sc_hd__a21o_1)
                                         _0425_ (net)
                  0.09    0.00   19.13 v _2809_/A (sky130_fd_sc_hd__buf_6)
     5    0.03    0.04    0.16   19.29 v _2809_/X (sky130_fd_sc_hd__buf_6)
                                         _0429_ (net)
                  0.04    0.00   19.29 v _2810_/S (sky130_fd_sc_hd__mux2_4)
     2    0.00    0.05    0.20   19.49 ^ _2810_/X (sky130_fd_sc_hd__mux2_4)
                                         _0431_ (net)
                  0.05    0.00   19.49 ^ _2813_/A0 (sky130_fd_sc_hd__mux2_4)
     2    0.00    0.04    0.14   19.64 ^ _2813_/X (sky130_fd_sc_hd__mux2_4)
                                         _0434_ (net)
                  0.04    0.00   19.64 ^ rebuffer29/A (sky130_fd_sc_hd__clkbuf_1)
     1    0.00    0.05    0.09   19.73 ^ rebuffer29/X (sky130_fd_sc_hd__clkbuf_1)
                                         net84 (net)
                  0.05    0.00   19.73 ^ _2814_/B (sky130_fd_sc_hd__nor2_1)
     1    0.00    0.05    0.04   19.77 v _2814_/Y (sky130_fd_sc_hd__nor2_1)
                                         _0435_ (net)
                  0.05    0.00   19.77 v _2815_/B1 (sky130_fd_sc_hd__a21oi_1)
     3    0.01    0.24    0.23   20.00 ^ _2815_/Y (sky130_fd_sc_hd__a21oi_1)
                                         _0436_ (net)
                  0.24    0.00   20.00 ^ _2962_/A1_N (sky130_fd_sc_hd__a2bb2o_1)
     1    0.00    0.05    0.33   20.33 v _2962_/X (sky130_fd_sc_hd__a2bb2o_1)
                                         _0582_ (net)
                  0.05    0.00   20.33 v _2963_/A2 (sky130_fd_sc_hd__o21a_1)
     1    0.00    0.04    0.18   20.51 v _2963_/X (sky130_fd_sc_hd__o21a_1)
                                         _0017_ (net)
                  0.04    0.00   20.51 v _3100_/D (sky130_fd_sc_hd__dfxtp_1)
                                 20.51   data arrival time

                         10.00   10.00   clock clock (rise edge)
                          0.00   10.00   clock source latency
     1    0.01    0.04    0.03   10.03 ^ clock (in)
                                         clock (net)
                  0.04    0.00   10.03 ^ clkbuf_0_clock/A (sky130_fd_sc_hd__clkbuf_16)
     4    0.03    0.05    0.13   10.15 ^ clkbuf_0_clock/X (sky130_fd_sc_hd__clkbuf_16)
                                         clknet_0_clock (net)
                  0.05    0.00   10.15 ^ clkbuf_2_1__f_clock/A (sky130_fd_sc_hd__clkbuf_16)
    11    0.03    0.05    0.13   10.29 ^ clkbuf_2_1__f_clock/X (sky130_fd_sc_hd__clkbuf_16)
                                         clknet_2_1__leaf_clock (net)
                  0.05    0.00   10.29 ^ _3100_/CLK (sky130_fd_sc_hd__dfxtp_1)
                         -0.25   10.04   clock uncertainty
                          0.00   10.04   clock reconvergence pessimism
                         -0.11    9.93   library setup time
                                  9.93   data required time
-----------------------------------------------------------------------------
                                  9.93   data required time
                                -20.51   data arrival time
-----------------------------------------------------------------------------
                                -10.58   slack (VIOLATED)


Startpoint: io_inScaleA[6] (input port clocked by clock)
Endpoint: _3085_ (rising edge-triggered flip-flop clocked by clock)
Path Group: clock
Path Type: max

Fanout     Cap    Slew   Delay    Time   Description
-----------------------------------------------------------------------------
                          0.00    0.00   clock clock (rise edge)
                          0.00    0.00   clock network delay (propagated)
                          2.00    2.00 v input external delay
     1    0.01    0.02    0.01    2.01 v io_inScaleA[6] (in)
                                         io_inScaleA[6] (net)
                  0.02    0.00    2.01 v input15/A (sky130_fd_sc_hd__buf_8)
     4    0.02    0.03    0.12    2.13 v input15/X (sky130_fd_sc_hd__buf_8)
                                         net15 (net)
                  0.03    0.00    2.13 v _1585_/A1 (sky130_fd_sc_hd__o21ai_4)
     5    0.03    0.27    0.26    2.39 ^ _1585_/Y (sky130_fd_sc_hd__o21ai_4)
                                         _0419_ (net)
                  0.27    0.00    2.39 ^ _1595_/B (sky130_fd_sc_hd__xnor2_2)
     1    0.01    0.07    0.12    2.51 v _1595_/Y (sky130_fd_sc_hd__xnor2_2)
                                         _0521_ (net)
                  0.07    0.00    2.51 v _1596_/A (sky130_fd_sc_hd__xnor2_2)
     2    0.01    0.23    0.26    2.77 ^ _1596_/Y (sky130_fd_sc_hd__xnor2_2)
                                         _0530_ (net)
                  0.23    0.00    2.77 ^ _1597_/A (sky130_fd_sc_hd__xnor2_2)
     2    0.01    0.09    0.14    2.91 v _1597_/Y (sky130_fd_sc_hd__xnor2_2)
                                         _0540_ (net)
                  0.09    0.00    2.91 v _1621_/B (sky130_fd_sc_hd__or3_4)
     1    0.00    0.06    0.39    3.30 v _1621_/X (sky130_fd_sc_hd__or3_4)
                                         _0705_ (net)
                  0.06    0.00    3.30 v _1622_/B1_N (sky130_fd_sc_hd__a21bo_4)
     2    0.01    0.05    0.20    3.50 ^ _1622_/X (sky130_fd_sc_hd__a21bo_4)
                                         _0706_ (net)
                  0.05    0.00    3.50 ^ _1626_/B (sky130_fd_sc_hd__xor2_2)
     2    0.01    0.19    0.21    3.71 ^ _1626_/X (sky130_fd_sc_hd__xor2_2)
                                         _0710_ (net)
                  0.19    0.00    3.71 ^ _1627_/A (sky130_fd_sc_hd__xnor2_2)
     2    0.02    0.31    0.21    3.92 ^ _1627_/Y (sky130_fd_sc_hd__xnor2_2)
                                         _0711_ (net)
                  0.31    0.00    3.92 ^ _1628_/A (sky130_fd_sc_hd__xor2_4)
     2    0.02    0.19    0.25    4.16 ^ _1628_/X (sky130_fd_sc_hd__xor2_4)
                                         _0712_ (net)
                  0.19    0.00    4.17 ^ _1633_/A_N (sky130_fd_sc_hd__and2b_1)
     1    0.00    0.03    0.21    4.38 v _1633_/X (sky130_fd_sc_hd__and2b_1)
                                         _0717_ (net)
                  0.03    0.00    4.38 v _1634_/B1 (sky130_fd_sc_hd__a31o_1)
     2    0.01    0.08    0.23    4.61 v _1634_/X (sky130_fd_sc_hd__a31o_1)
                                         _0718_ (net)
                  0.08    0.00    4.61 v _1722_/C (sky130_fd_sc_hd__or3_4)
     2    0.00    0.07    0.35    4.97 v _1722_/X (sky130_fd_sc_hd__or3_4)
                                         _0806_ (net)
                  0.07    0.00    4.97 v _1783_/A (sky130_fd_sc_hd__and3_1)
     1    0.01    0.06    0.19    5.15 v _1783_/X (sky130_fd_sc_hd__and3_1)
                                         _0867_ (net)
                  0.06    0.00    5.15 v _1784_/B (sky130_fd_sc_hd__xnor2_2)
     2    0.01    0.07    0.16    5.31 v _1784_/Y (sky130_fd_sc_hd__xnor2_2)
                                         _0868_ (net)
                  0.07    0.00    5.31 v _1785_/A (sky130_fd_sc_hd__xnor2_1)
     2    0.01    0.24    0.26    5.58 ^ _1785_/Y (sky130_fd_sc_hd__xnor2_1)
                                         _0869_ (net)
                  0.24    0.00    5.58 ^ _1786_/B (sky130_fd_sc_hd__or3_4)
     1    0.00    0.03    0.18    5.76 ^ _1786_/X (sky130_fd_sc_hd__or3_4)
                                         _0870_ (net)
                  0.03    0.00    5.76 ^ _1787_/B1_N (sky130_fd_sc_hd__a21bo_4)
     2    0.01    0.05    0.24    5.99 v _1787_/X (sky130_fd_sc_hd__a21bo_4)
                                         _0871_ (net)
                  0.05    0.00    6.00 v _1789_/A (sky130_fd_sc_hd__xor2_2)
     2    0.01    0.11    0.20    6.20 v _1789_/X (sky130_fd_sc_hd__xor2_2)
                                         _0873_ (net)
                  0.11    0.00    6.20 v _1832_/A2 (sky130_fd_sc_hd__o21bai_4)
     3    0.01    0.14    0.18    6.38 ^ _1832_/Y (sky130_fd_sc_hd__o21bai_4)
                                         _0916_ (net)
                  0.14    0.00    6.38 ^ _1834_/A1 (sky130_fd_sc_hd__a21o_1)
     2    0.01    0.13    0.21    6.59 ^ _1834_/X (sky130_fd_sc_hd__a21o_1)
                                         _0918_ (net)
                  0.13    0.00    6.59 ^ _1836_/A1 (sky130_fd_sc_hd__a21oi_4)
     3    0.02    0.06    0.09    6.68 v _1836_/Y (sky130_fd_sc_hd__a21oi_4)
                                         _0920_ (net)
                  0.06    0.00    6.68 v _1840_/A1 (sky130_fd_sc_hd__o211a_1)
     2    0.01    0.06    0.27    6.95 v _1840_/X (sky130_fd_sc_hd__o211a_1)
                                         _0924_ (net)
                  0.06    0.00    6.95 v _1841_/A2 (sky130_fd_sc_hd__o31a_4)
     4    0.02    0.07    0.39    7.33 v _1841_/X (sky130_fd_sc_hd__o31a_4)
                                         _0925_ (net)
                  0.07    0.00    7.33 v rebuffer28/A (sky130_fd_sc_hd__buf_8)
     1    0.02    0.03    0.14    7.47 v rebuffer28/X (sky130_fd_sc_hd__buf_8)
                                         net83 (net)
                  0.03    0.00    7.48 v _1879_/B (sky130_fd_sc_hd__xnor2_4)
     7    0.02    0.19    0.19    7.67 ^ _1879_/Y (sky130_fd_sc_hd__xnor2_4)
                                         _0963_ (net)
                  0.19    0.00    7.67 ^ _1934_/C (sky130_fd_sc_hd__and4_1)
     2    0.01    0.09    0.25    7.92 ^ _1934_/X (sky130_fd_sc_hd__and4_1)
                                         _1018_ (net)
                  0.09    0.00    7.92 ^ _1935_/A (sky130_fd_sc_hd__buf_6)
     5    0.01    0.04    0.12    8.04 ^ _1935_/X (sky130_fd_sc_hd__buf_6)
                                         _1019_ (net)
                  0.04    0.00    8.04 ^ _1936_/A (sky130_fd_sc_hd__and2_4)
     1    0.01    0.04    0.14    8.18 ^ _1936_/X (sky130_fd_sc_hd__and2_4)
                                         _1020_ (net)
                  0.04    0.00    8.18 ^ _1937_/A (sky130_fd_sc_hd__buf_8)
     7    0.04    0.07    0.13    8.30 ^ _1937_/X (sky130_fd_sc_hd__buf_8)
                                         _1021_ (net)
                  0.07    0.00    8.30 ^ _1942_/B (sky130_fd_sc_hd__xnor2_4)
     2    0.01    0.08    0.08    8.39 v _1942_/Y (sky130_fd_sc_hd__xnor2_4)
                                         _1026_ (net)
                  0.08    0.00    8.39 v _1952_/A1 (sky130_fd_sc_hd__o221a_1)
     2    0.01    0.08    0.32    8.70 v _1952_/X (sky130_fd_sc_hd__o221a_1)
                                         _1036_ (net)
                  0.08    0.00    8.70 v _1955_/A (sky130_fd_sc_hd__nor2b_2)
     2    0.02    0.19    0.21    8.92 ^ _1955_/Y (sky130_fd_sc_hd__nor2b_2)
                                         _1039_ (net)
                  0.19    0.00    8.92 ^ _1958_/A1 (sky130_fd_sc_hd__a31oi_4)
     5    0.01    0.09    0.13    9.04 v _1958_/Y (sky130_fd_sc_hd__a31oi_4)
                                         _1042_ (net)
                  0.09    0.00    9.04 v _1959_/B (sky130_fd_sc_hd__or3_4)
     4    0.02    0.10    0.45    9.49 v _1959_/X (sky130_fd_sc_hd__or3_4)
                                         _1043_ (net)
                  0.10    0.00    9.49 v _1965_/A2 (sky130_fd_sc_hd__a21o_4)
     2    0.02    0.06    0.27    9.77 v _1965_/X (sky130_fd_sc_hd__a21o_4)
                                         _1049_ (net)
                  0.06    0.00    9.77 v _1971_/A2 (sky130_fd_sc_hd__a21o_4)
     2    0.02    0.06    0.25   10.02 v _1971_/X (sky130_fd_sc_hd__a21o_4)
                                         _1055_ (net)
                  0.06    0.00   10.02 v _1977_/A2 (sky130_fd_sc_hd__a21bo_4)
     2    0.02    0.06    0.26   10.28 v _1977_/X (sky130_fd_sc_hd__a21bo_4)
                                         _1061_ (net)
                  0.06    0.00   10.28 v _1986_/A2 (sky130_fd_sc_hd__a21o_4)
     2    0.02    0.05    0.25   10.53 v _1986_/X (sky130_fd_sc_hd__a21o_4)
                                         _1070_ (net)
                  0.05    0.00   10.54 v _1989_/A2 (sky130_fd_sc_hd__a21o_1)
     2    0.02    0.10    0.25   10.79 v _1989_/X (sky130_fd_sc_hd__a21o_1)
                                         _1073_ (net)
                  0.10    0.00   10.79 v _1992_/A2 (sky130_fd_sc_hd__a21oi_4)
     3    0.02    0.19    0.24   11.03 ^ _1992_/Y (sky130_fd_sc_hd__a21oi_4)
                                         _1076_ (net)
                  0.19    0.00   11.03 ^ max_cap1/A (sky130_fd_sc_hd__buf_4)
     3    0.04    0.11    0.22   11.25 ^ max_cap1/X (sky130_fd_sc_hd__buf_4)
                                         net90 (net)
                  0.11    0.00   11.25 ^ _1993_/A (sky130_fd_sc_hd__xnor2_4)
     6    0.04    0.34    0.21   11.46 ^ _1993_/Y (sky130_fd_sc_hd__xnor2_4)
                                         _1077_ (net)
                  0.34    0.00   11.47 ^ _2029_/S (sky130_fd_sc_hd__mux2_4)
     5    0.01    0.06    0.38   11.84 v _2029_/X (sky130_fd_sc_hd__mux2_4)
                                         _1113_ (net)
                  0.06    0.00   11.84 v _2109_/A (sky130_fd_sc_hd__buf_2)
    10    0.03    0.07    0.18   12.02 v _2109_/X (sky130_fd_sc_hd__buf_2)
                                         _1193_ (net)
                  0.07    0.00   12.02 v _2230_/A1 (sky130_fd_sc_hd__a21o_1)
     3    0.01    0.06    0.20   12.22 v _2230_/X (sky130_fd_sc_hd__a21o_1)
                                         _1314_ (net)
                  0.06    0.00   12.22 v _2310_/A3 (sky130_fd_sc_hd__a311o_1)
     1    0.01    0.08    0.41   12.63 v _2310_/X (sky130_fd_sc_hd__a311o_1)
                                         _1394_ (net)
                  0.08    0.00   12.63 v _2315_/A3 (sky130_fd_sc_hd__a31oi_4)
     1    0.01    0.12    0.19   12.82 ^ _2315_/Y (sky130_fd_sc_hd__a31oi_4)
                                         _1399_ (net)
                  0.12    0.00   12.82 ^ _2316_/C1 (sky130_fd_sc_hd__a311o_1)
     3    0.01    0.14    0.20   13.02 ^ _2316_/X (sky130_fd_sc_hd__a311o_1)
                                         _1400_ (net)
                  0.14    0.00   13.02 ^ rebuffer6/A (sky130_fd_sc_hd__clkbuf_1)
     1    0.00    0.05    0.12   13.14 ^ rebuffer6/X (sky130_fd_sc_hd__clkbuf_1)
                                         net61 (net)
                  0.05    0.00   13.14 ^ _2320_/B (sky130_fd_sc_hd__nand3_1)
     2    0.01    0.10    0.12   13.26 v _2320_/Y (sky130_fd_sc_hd__nand3_1)
                                         _1404_ (net)
                  0.10    0.00   13.26 v _2357_/A1 (sky130_fd_sc_hd__a2111o_4)
     4    0.02    0.09    0.52   13.78 v _2357_/X (sky130_fd_sc_hd__a2111o_4)
                                         _1441_ (net)
                  0.09    0.00   13.78 v _2359_/A1 (sky130_fd_sc_hd__a21o_1)
     3    0.01    0.06    0.21   13.99 v _2359_/X (sky130_fd_sc_hd__a21o_1)
                                         _1443_ (net)
                  0.06    0.00   13.99 v _2374_/A1 (sky130_fd_sc_hd__a311o_1)
     3    0.01    0.09    0.32   14.31 v _2374_/X (sky130_fd_sc_hd__a311o_1)
                                         _1459_ (net)
                  0.09    0.00   14.31 v _2391_/A2 (sky130_fd_sc_hd__a2111o_1)
     2    0.01    0.10    0.50   14.81 v _2391_/X (sky130_fd_sc_hd__a2111o_1)
                                         _1478_ (net)
                  0.10    0.00   14.81 v _2400_/A1 (sky130_fd_sc_hd__a41oi_4)
     4    0.02    0.23    0.22   15.03 ^ _2400_/Y (sky130_fd_sc_hd__a41oi_4)
                                         _1488_ (net)
                  0.23    0.00   15.03 ^ _2437_/A1 (sky130_fd_sc_hd__a311oi_2)
     2    0.00    0.10    0.14   15.17 v _2437_/Y (sky130_fd_sc_hd__a311oi_2)
                                         _1527_ (net)
                  0.10    0.00   15.17 v _2461_/A1 (sky130_fd_sc_hd__a2111o_1)
     2    0.00    0.07    0.40   15.57 v _2461_/X (sky130_fd_sc_hd__a2111o_1)
                                         _0047_ (net)
                  0.07    0.00   15.57 v _2489_/A2 (sky130_fd_sc_hd__a21o_1)
     2    0.00    0.04    0.19   15.76 v _2489_/X (sky130_fd_sc_hd__a21o_1)
                                         _0077_ (net)
                  0.04    0.00   15.76 v _2495_/A (sky130_fd_sc_hd__and3_1)
     3    0.01    0.07    0.18   15.94 v _2495_/X (sky130_fd_sc_hd__and3_1)
                                         _0084_ (net)
                  0.07    0.00   15.94 v _2557_/A3 (sky130_fd_sc_hd__o311a_4)
     2    0.01    0.06    0.33   16.27 v _2557_/X (sky130_fd_sc_hd__o311a_4)
                                         _0152_ (net)
                  0.06    0.00   16.27 v _2570_/A3 (sky130_fd_sc_hd__o31a_4)
     3    0.01    0.06    0.31   16.58 v _2570_/X (sky130_fd_sc_hd__o31a_4)
                                         _0167_ (net)
                  0.06    0.00   16.59 v _2774_/S (sky130_fd_sc_hd__mux2_4)
     4    0.01    0.06    0.34   16.92 v _2774_/X (sky130_fd_sc_hd__mux2_4)
                                         _0391_ (net)
                  0.06    0.00   16.92 v _2790_/B2 (sky130_fd_sc_hd__a221o_1)
     1    0.00    0.06    0.34   17.27 v _2790_/X (sky130_fd_sc_hd__a221o_1)
                                         _0409_ (net)
                  0.06    0.00   17.27 v _2791_/A1 (sky130_fd_sc_hd__a21bo_1)
     1    0.00    0.04    0.18   17.45 v _2791_/X (sky130_fd_sc_hd__a21bo_1)
                                         _0410_ (net)
                  0.04    0.00   17.45 v _2792_/A1 (sky130_fd_sc_hd__a21o_1)
     1    0.00    0.04    0.16   17.61 v _2792_/X (sky130_fd_sc_hd__a21o_1)
                                         _0411_ (net)
                  0.04    0.00   17.61 v _2793_/A1 (sky130_fd_sc_hd__a21o_1)
     1    0.00    0.04    0.16   17.77 v _2793_/X (sky130_fd_sc_hd__a21o_1)
                                         _0412_ (net)
                  0.04    0.00   17.77 v _2794_/A1 (sky130_fd_sc_hd__a21o_1)
     1    0.00    0.03    0.15   17.92 v _2794_/X (sky130_fd_sc_hd__a21o_1)
                                         _0413_ (net)
                  0.03    0.00   17.92 v _2796_/A1 (sky130_fd_sc_hd__a21o_1)
     1    0.00    0.04    0.16   18.09 v _2796_/X (sky130_fd_sc_hd__a21o_1)
                                         _0415_ (net)
                  0.04    0.00   18.09 v _2797_/A1 (sky130_fd_sc_hd__a21o_1)
     1    0.00    0.04    0.16   18.25 v _2797_/X (sky130_fd_sc_hd__a21o_1)
                                         _0416_ (net)
                  0.04    0.00   18.25 v _2798_/A1 (sky130_fd_sc_hd__a21o_1)
     1    0.00    0.03    0.15   18.40 v _2798_/X (sky130_fd_sc_hd__a21o_1)
                                         _0417_ (net)
                  0.03    0.00   18.40 v _2800_/A1 (sky130_fd_sc_hd__a21o_1)
     1    0.00    0.04    0.16   18.56 v _2800_/X (sky130_fd_sc_hd__a21o_1)
                                         _0420_ (net)
                  0.04    0.00   18.56 v _2801_/A1 (sky130_fd_sc_hd__a21oi_1)
     1    0.00    0.10    0.11   18.67 ^ _2801_/Y (sky130_fd_sc_hd__a21oi_1)
                                         _0421_ (net)
                  0.10    0.00   18.67 ^ _2802_/A1 (sky130_fd_sc_hd__o21ba_1)
     1    0.00    0.05    0.15   18.82 ^ _2802_/X (sky130_fd_sc_hd__o21ba_1)
                                         _0422_ (net)
                  0.05    0.00   18.82 ^ _2804_/A1 (sky130_fd_sc_hd__o21ai_1)
     1    0.00    0.07    0.07   18.90 v _2804_/Y (sky130_fd_sc_hd__o21ai_1)
                                         _0424_ (net)
                  0.07    0.00   18.90 v _2805_/A1 (sky130_fd_sc_hd__a21o_1)
     4    0.02    0.09    0.23   19.13 v _2805_/X (sky130_fd_sc_hd__a21o_1)
                                         _0425_ (net)
                  0.09    0.00   19.13 v clone13/A (sky130_fd_sc_hd__buf_6)
     5    0.03    0.04    0.16   19.29 v clone13/X (sky130_fd_sc_hd__buf_6)
                                         net68 (net)
                  0.04    0.00   19.29 v _2822_/S (sky130_fd_sc_hd__mux2_1)
     2    0.01    0.07    0.34   19.63 v _2822_/X (sky130_fd_sc_hd__mux2_1)
                                         _0443_ (net)
                  0.07    0.00   19.63 v _2823_/A1 (sky130_fd_sc_hd__mux2_2)
     2    0.01    0.06    0.30   19.93 v _2823_/X (sky130_fd_sc_hd__mux2_2)
                                         _0444_ (net)
                  0.06    0.00   19.93 v _2829_/A0 (sky130_fd_sc_hd__mux2_2)
     3    0.01    0.08    0.32   20.25 v _2829_/X (sky130_fd_sc_hd__mux2_2)
                                         _0450_ (net)
                  0.08    0.00   20.25 v _2830_/B2 (sky130_fd_sc_hd__o22a_1)
     1    0.00    0.04    0.18   20.42 v _2830_/X (sky130_fd_sc_hd__o22a_1)
                                         _0452_ (net)
                  0.04    0.00   20.42 v _2831_/B (sky130_fd_sc_hd__nor2_1)
     1    0.00    0.07    0.08   20.50 ^ _2831_/Y (sky130_fd_sc_hd__nor2_1)
                                         _0002_ (net)
                  0.07    0.00   20.50 ^ _3085_/D (sky130_fd_sc_hd__dfxtp_2)
                                 20.50   data arrival time

                         10.00   10.00   clock clock (rise edge)
                          0.00   10.00   clock source latency
     1    0.01    0.04    0.03   10.03 ^ clock (in)
                                         clock (net)
                  0.04    0.00   10.03 ^ clkbuf_0_clock/A (sky130_fd_sc_hd__clkbuf_16)
     4    0.03    0.05    0.13   10.15 ^ clkbuf_0_clock/X (sky130_fd_sc_hd__clkbuf_16)
                                         clknet_0_clock (net)
                  0.05    0.00   10.15 ^ clkbuf_2_1__f_clock/A (sky130_fd_sc_hd__clkbuf_16)
    11    0.03    0.05    0.13   10.29 ^ clkbuf_2_1__f_clock/X (sky130_fd_sc_hd__clkbuf_16)
                                         clknet_2_1__leaf_clock (net)
                  0.05    0.00   10.29 ^ _3085_/CLK (sky130_fd_sc_hd__dfxtp_2)
                         -0.25   10.04   clock uncertainty
                          0.00   10.04   clock reconvergence pessimism
                         -0.06    9.97   library setup time
                                  9.97   data required time
-----------------------------------------------------------------------------
                                  9.97   data required time
                                -20.50   data arrival time
-----------------------------------------------------------------------------
                                -10.53   slack (VIOLATED)


Startpoint: io_inScaleA[6] (input port clocked by clock)
Endpoint: _3099_ (rising edge-triggered flip-flop clocked by clock)
Path Group: clock
Path Type: max

Fanout     Cap    Slew   Delay    Time   Description
-----------------------------------------------------------------------------
                          0.00    0.00   clock clock (rise edge)
                          0.00    0.00   clock network delay (propagated)
                          2.00    2.00 v input external delay
     1    0.01    0.02    0.01    2.01 v io_inScaleA[6] (in)
                                         io_inScaleA[6] (net)
                  0.02    0.00    2.01 v input15/A (sky130_fd_sc_hd__buf_8)
     4    0.02    0.03    0.12    2.13 v input15/X (sky130_fd_sc_hd__buf_8)
                                         net15 (net)
                  0.03    0.00    2.13 v _1585_/A1 (sky130_fd_sc_hd__o21ai_4)
     5    0.03    0.27    0.26    2.39 ^ _1585_/Y (sky130_fd_sc_hd__o21ai_4)
                                         _0419_ (net)
                  0.27    0.00    2.39 ^ _1595_/B (sky130_fd_sc_hd__xnor2_2)
     1    0.01    0.07    0.12    2.51 v _1595_/Y (sky130_fd_sc_hd__xnor2_2)
                                         _0521_ (net)
                  0.07    0.00    2.51 v _1596_/A (sky130_fd_sc_hd__xnor2_2)
     2    0.01    0.23    0.26    2.77 ^ _1596_/Y (sky130_fd_sc_hd__xnor2_2)
                                         _0530_ (net)
                  0.23    0.00    2.77 ^ _1597_/A (sky130_fd_sc_hd__xnor2_2)
     2    0.01    0.09    0.14    2.91 v _1597_/Y (sky130_fd_sc_hd__xnor2_2)
                                         _0540_ (net)
                  0.09    0.00    2.91 v _1621_/B (sky130_fd_sc_hd__or3_4)
     1    0.00    0.06    0.39    3.30 v _1621_/X (sky130_fd_sc_hd__or3_4)
                                         _0705_ (net)
                  0.06    0.00    3.30 v _1622_/B1_N (sky130_fd_sc_hd__a21bo_4)
     2    0.01    0.05    0.20    3.50 ^ _1622_/X (sky130_fd_sc_hd__a21bo_4)
                                         _0706_ (net)
                  0.05    0.00    3.50 ^ _1626_/B (sky130_fd_sc_hd__xor2_2)
     2    0.01    0.19    0.21    3.71 ^ _1626_/X (sky130_fd_sc_hd__xor2_2)
                                         _0710_ (net)
                  0.19    0.00    3.71 ^ _1627_/A (sky130_fd_sc_hd__xnor2_2)
     2    0.02    0.31    0.21    3.92 ^ _1627_/Y (sky130_fd_sc_hd__xnor2_2)
                                         _0711_ (net)
                  0.31    0.00    3.92 ^ _1628_/A (sky130_fd_sc_hd__xor2_4)
     2    0.02    0.19    0.25    4.16 ^ _1628_/X (sky130_fd_sc_hd__xor2_4)
                                         _0712_ (net)
                  0.19    0.00    4.17 ^ _1633_/A_N (sky130_fd_sc_hd__and2b_1)
     1    0.00    0.03    0.21    4.38 v _1633_/X (sky130_fd_sc_hd__and2b_1)
                                         _0717_ (net)
                  0.03    0.00    4.38 v _1634_/B1 (sky130_fd_sc_hd__a31o_1)
     2    0.01    0.08    0.23    4.61 v _1634_/X (sky130_fd_sc_hd__a31o_1)
                                         _0718_ (net)
                  0.08    0.00    4.61 v _1722_/C (sky130_fd_sc_hd__or3_4)
     2    0.00    0.07    0.35    4.97 v _1722_/X (sky130_fd_sc_hd__or3_4)
                                         _0806_ (net)
                  0.07    0.00    4.97 v _1783_/A (sky130_fd_sc_hd__and3_1)
     1    0.01    0.06    0.19    5.15 v _1783_/X (sky130_fd_sc_hd__and3_1)
                                         _0867_ (net)
                  0.06    0.00    5.15 v _1784_/B (sky130_fd_sc_hd__xnor2_2)
     2    0.01    0.07    0.16    5.31 v _1784_/Y (sky130_fd_sc_hd__xnor2_2)
                                         _0868_ (net)
                  0.07    0.00    5.31 v _1785_/A (sky130_fd_sc_hd__xnor2_1)
     2    0.01    0.24    0.26    5.58 ^ _1785_/Y (sky130_fd_sc_hd__xnor2_1)
                                         _0869_ (net)
                  0.24    0.00    5.58 ^ _1786_/B (sky130_fd_sc_hd__or3_4)
     1    0.00    0.03    0.18    5.76 ^ _1786_/X (sky130_fd_sc_hd__or3_4)
                                         _0870_ (net)
                  0.03    0.00    5.76 ^ _1787_/B1_N (sky130_fd_sc_hd__a21bo_4)
     2    0.01    0.05    0.24    5.99 v _1787_/X (sky130_fd_sc_hd__a21bo_4)
                                         _0871_ (net)
                  0.05    0.00    6.00 v _1789_/A (sky130_fd_sc_hd__xor2_2)
     2    0.01    0.11    0.20    6.20 v _1789_/X (sky130_fd_sc_hd__xor2_2)
                                         _0873_ (net)
                  0.11    0.00    6.20 v _1832_/A2 (sky130_fd_sc_hd__o21bai_4)
     3    0.01    0.14    0.18    6.38 ^ _1832_/Y (sky130_fd_sc_hd__o21bai_4)
                                         _0916_ (net)
                  0.14    0.00    6.38 ^ _1834_/A1 (sky130_fd_sc_hd__a21o_1)
     2    0.01    0.13    0.21    6.59 ^ _1834_/X (sky130_fd_sc_hd__a21o_1)
                                         _0918_ (net)
                  0.13    0.00    6.59 ^ _1836_/A1 (sky130_fd_sc_hd__a21oi_4)
     3    0.02    0.06    0.09    6.68 v _1836_/Y (sky130_fd_sc_hd__a21oi_4)
                                         _0920_ (net)
                  0.06    0.00    6.68 v _1840_/A1 (sky130_fd_sc_hd__o211a_1)
     2    0.01    0.06    0.27    6.95 v _1840_/X (sky130_fd_sc_hd__o211a_1)
                                         _0924_ (net)
                  0.06    0.00    6.95 v _1841_/A2 (sky130_fd_sc_hd__o31a_4)
     4    0.02    0.07    0.39    7.33 v _1841_/X (sky130_fd_sc_hd__o31a_4)
                                         _0925_ (net)
                  0.07    0.00    7.33 v rebuffer28/A (sky130_fd_sc_hd__buf_8)
     1    0.02    0.03    0.14    7.47 v rebuffer28/X (sky130_fd_sc_hd__buf_8)
                                         net83 (net)
                  0.03    0.00    7.48 v _1879_/B (sky130_fd_sc_hd__xnor2_4)
     7    0.02    0.19    0.19    7.67 ^ _1879_/Y (sky130_fd_sc_hd__xnor2_4)
                                         _0963_ (net)
                  0.19    0.00    7.67 ^ _1934_/C (sky130_fd_sc_hd__and4_1)
     2    0.01    0.09    0.25    7.92 ^ _1934_/X (sky130_fd_sc_hd__and4_1)
                                         _1018_ (net)
                  0.09    0.00    7.92 ^ _1935_/A (sky130_fd_sc_hd__buf_6)
     5    0.01    0.04    0.12    8.04 ^ _1935_/X (sky130_fd_sc_hd__buf_6)
                                         _1019_ (net)
                  0.04    0.00    8.04 ^ _1936_/A (sky130_fd_sc_hd__and2_4)
     1    0.01    0.04    0.14    8.18 ^ _1936_/X (sky130_fd_sc_hd__and2_4)
                                         _1020_ (net)
                  0.04    0.00    8.18 ^ _1937_/A (sky130_fd_sc_hd__buf_8)
     7    0.04    0.07    0.13    8.30 ^ _1937_/X (sky130_fd_sc_hd__buf_8)
                                         _1021_ (net)
                  0.07    0.00    8.30 ^ _1942_/B (sky130_fd_sc_hd__xnor2_4)
     2    0.01    0.08    0.08    8.39 v _1942_/Y (sky130_fd_sc_hd__xnor2_4)
                                         _1026_ (net)
                  0.08    0.00    8.39 v _1952_/A1 (sky130_fd_sc_hd__o221a_1)
     2    0.01    0.08    0.32    8.70 v _1952_/X (sky130_fd_sc_hd__o221a_1)
                                         _1036_ (net)
                  0.08    0.00    8.70 v _1955_/A (sky130_fd_sc_hd__nor2b_2)
     2    0.02    0.19    0.21    8.92 ^ _1955_/Y (sky130_fd_sc_hd__nor2b_2)
                                         _1039_ (net)
                  0.19    0.00    8.92 ^ _1958_/A1 (sky130_fd_sc_hd__a31oi_4)
     5    0.01    0.09    0.13    9.04 v _1958_/Y (sky130_fd_sc_hd__a31oi_4)
                                         _1042_ (net)
                  0.09    0.00    9.04 v _1959_/B (sky130_fd_sc_hd__or3_4)
     4    0.02    0.10    0.45    9.49 v _1959_/X (sky130_fd_sc_hd__or3_4)
                                         _1043_ (net)
                  0.10    0.00    9.49 v _1965_/A2 (sky130_fd_sc_hd__a21o_4)
     2    0.02    0.06    0.27    9.77 v _1965_/X (sky130_fd_sc_hd__a21o_4)
                                         _1049_ (net)
                  0.06    0.00    9.77 v _1971_/A2 (sky130_fd_sc_hd__a21o_4)
     2    0.02    0.06    0.25   10.02 v _1971_/X (sky130_fd_sc_hd__a21o_4)
                                         _1055_ (net)
                  0.06    0.00   10.02 v _1977_/A2 (sky130_fd_sc_hd__a21bo_4)
     2    0.02    0.06    0.26   10.28 v _1977_/X (sky130_fd_sc_hd__a21bo_4)
                                         _1061_ (net)
                  0.06    0.00   10.28 v _1986_/A2 (sky130_fd_sc_hd__a21o_4)
     2    0.02    0.05    0.25   10.53 v _1986_/X (sky130_fd_sc_hd__a21o_4)
                                         _1070_ (net)
                  0.05    0.00   10.54 v _1989_/A2 (sky130_fd_sc_hd__a21o_1)
     2    0.02    0.10    0.25   10.79 v _1989_/X (sky130_fd_sc_hd__a21o_1)
                                         _1073_ (net)
                  0.10    0.00   10.79 v _1992_/A2 (sky130_fd_sc_hd__a21oi_4)
     3    0.02    0.19    0.24   11.03 ^ _1992_/Y (sky130_fd_sc_hd__a21oi_4)
                                         _1076_ (net)
                  0.19    0.00   11.03 ^ max_cap1/A (sky130_fd_sc_hd__buf_4)
     3    0.04    0.11    0.22   11.25 ^ max_cap1/X (sky130_fd_sc_hd__buf_4)
                                         net90 (net)
                  0.11    0.00   11.25 ^ _1993_/A (sky130_fd_sc_hd__xnor2_4)
     6    0.04    0.34    0.21   11.46 ^ _1993_/Y (sky130_fd_sc_hd__xnor2_4)
                                         _1077_ (net)
                  0.34    0.00   11.47 ^ _2029_/S (sky130_fd_sc_hd__mux2_4)
     5    0.01    0.06    0.38   11.84 v _2029_/X (sky130_fd_sc_hd__mux2_4)
                                         _1113_ (net)
                  0.06    0.00   11.84 v _2109_/A (sky130_fd_sc_hd__buf_2)
    10    0.03    0.07    0.18   12.02 v _2109_/X (sky130_fd_sc_hd__buf_2)
                                         _1193_ (net)
                  0.07    0.00   12.02 v _2230_/A1 (sky130_fd_sc_hd__a21o_1)
     3    0.01    0.06    0.20   12.22 v _2230_/X (sky130_fd_sc_hd__a21o_1)
                                         _1314_ (net)
                  0.06    0.00   12.22 v _2310_/A3 (sky130_fd_sc_hd__a311o_1)
     1    0.01    0.08    0.41   12.63 v _2310_/X (sky130_fd_sc_hd__a311o_1)
                                         _1394_ (net)
                  0.08    0.00   12.63 v _2315_/A3 (sky130_fd_sc_hd__a31oi_4)
     1    0.01    0.12    0.19   12.82 ^ _2315_/Y (sky130_fd_sc_hd__a31oi_4)
                                         _1399_ (net)
                  0.12    0.00   12.82 ^ _2316_/C1 (sky130_fd_sc_hd__a311o_1)
     3    0.01    0.14    0.20   13.02 ^ _2316_/X (sky130_fd_sc_hd__a311o_1)
                                         _1400_ (net)
                  0.14    0.00   13.02 ^ rebuffer6/A (sky130_fd_sc_hd__clkbuf_1)
     1    0.00    0.05    0.12   13.14 ^ rebuffer6/X (sky130_fd_sc_hd__clkbuf_1)
                                         net61 (net)
                  0.05    0.00   13.14 ^ _2320_/B (sky130_fd_sc_hd__nand3_1)
     2    0.01    0.10    0.12   13.26 v _2320_/Y (sky130_fd_sc_hd__nand3_1)
                                         _1404_ (net)
                  0.10    0.00   13.26 v _2357_/A1 (sky130_fd_sc_hd__a2111o_4)
     4    0.02    0.09    0.52   13.78 v _2357_/X (sky130_fd_sc_hd__a2111o_4)
                                         _1441_ (net)
                  0.09    0.00   13.78 v _2359_/A1 (sky130_fd_sc_hd__a21o_1)
     3    0.01    0.06    0.21   13.99 v _2359_/X (sky130_fd_sc_hd__a21o_1)
                                         _1443_ (net)
                  0.06    0.00   13.99 v _2374_/A1 (sky130_fd_sc_hd__a311o_1)
     3    0.01    0.09    0.32   14.31 v _2374_/X (sky130_fd_sc_hd__a311o_1)
                                         _1459_ (net)
                  0.09    0.00   14.31 v _2391_/A2 (sky130_fd_sc_hd__a2111o_1)
     2    0.01    0.10    0.50   14.81 v _2391_/X (sky130_fd_sc_hd__a2111o_1)
                                         _1478_ (net)
                  0.10    0.00   14.81 v _2400_/A1 (sky130_fd_sc_hd__a41oi_4)
     4    0.02    0.23    0.22   15.03 ^ _2400_/Y (sky130_fd_sc_hd__a41oi_4)
                                         _1488_ (net)
                  0.23    0.00   15.03 ^ _2437_/A1 (sky130_fd_sc_hd__a311oi_2)
     2    0.00    0.10    0.14   15.17 v _2437_/Y (sky130_fd_sc_hd__a311oi_2)
                                         _1527_ (net)
                  0.10    0.00   15.17 v _2461_/A1 (sky130_fd_sc_hd__a2111o_1)
     2    0.00    0.07    0.40   15.57 v _2461_/X (sky130_fd_sc_hd__a2111o_1)
                                         _0047_ (net)
                  0.07    0.00   15.57 v _2489_/A2 (sky130_fd_sc_hd__a21o_1)
     2    0.00    0.04    0.19   15.76 v _2489_/X (sky130_fd_sc_hd__a21o_1)
                                         _0077_ (net)
                  0.04    0.00   15.76 v _2495_/A (sky130_fd_sc_hd__and3_1)
     3    0.01    0.07    0.18   15.94 v _2495_/X (sky130_fd_sc_hd__and3_1)
                                         _0084_ (net)
                  0.07    0.00   15.94 v _2557_/A3 (sky130_fd_sc_hd__o311a_4)
     2    0.01    0.06    0.33   16.27 v _2557_/X (sky130_fd_sc_hd__o311a_4)
                                         _0152_ (net)
                  0.06    0.00   16.27 v _2570_/A3 (sky130_fd_sc_hd__o31a_4)
     3    0.01    0.06    0.31   16.58 v _2570_/X (sky130_fd_sc_hd__o31a_4)
                                         _0167_ (net)
                  0.06    0.00   16.59 v _2774_/S (sky130_fd_sc_hd__mux2_4)
     4    0.01    0.06    0.34   16.92 v _2774_/X (sky130_fd_sc_hd__mux2_4)
                                         _0391_ (net)
                  0.06    0.00   16.92 v _2790_/B2 (sky130_fd_sc_hd__a221o_1)
     1    0.00    0.06    0.34   17.27 v _2790_/X (sky130_fd_sc_hd__a221o_1)
                                         _0409_ (net)
                  0.06    0.00   17.27 v _2791_/A1 (sky130_fd_sc_hd__a21bo_1)
     1    0.00    0.04    0.18   17.45 v _2791_/X (sky130_fd_sc_hd__a21bo_1)
                                         _0410_ (net)
                  0.04    0.00   17.45 v _2792_/A1 (sky130_fd_sc_hd__a21o_1)
     1    0.00    0.04    0.16   17.61 v _2792_/X (sky130_fd_sc_hd__a21o_1)
                                         _0411_ (net)
                  0.04    0.00   17.61 v _2793_/A1 (sky130_fd_sc_hd__a21o_1)
     1    0.00    0.04    0.16   17.77 v _2793_/X (sky130_fd_sc_hd__a21o_1)
                                         _0412_ (net)
                  0.04    0.00   17.77 v _2794_/A1 (sky130_fd_sc_hd__a21o_1)
     1    0.00    0.03    0.15   17.92 v _2794_/X (sky130_fd_sc_hd__a21o_1)
                                         _0413_ (net)
                  0.03    0.00   17.92 v _2796_/A1 (sky130_fd_sc_hd__a21o_1)
     1    0.00    0.04    0.16   18.09 v _2796_/X (sky130_fd_sc_hd__a21o_1)
                                         _0415_ (net)
                  0.04    0.00   18.09 v _2797_/A1 (sky130_fd_sc_hd__a21o_1)
     1    0.00    0.04    0.16   18.25 v _2797_/X (sky130_fd_sc_hd__a21o_1)
                                         _0416_ (net)
                  0.04    0.00   18.25 v _2798_/A1 (sky130_fd_sc_hd__a21o_1)
     1    0.00    0.03    0.15   18.40 v _2798_/X (sky130_fd_sc_hd__a21o_1)
                                         _0417_ (net)
                  0.03    0.00   18.40 v _2800_/A1 (sky130_fd_sc_hd__a21o_1)
     1    0.00    0.04    0.16   18.56 v _2800_/X (sky130_fd_sc_hd__a21o_1)
                                         _0420_ (net)
                  0.04    0.00   18.56 v _2801_/A1 (sky130_fd_sc_hd__a21oi_1)
     1    0.00    0.10    0.11   18.67 ^ _2801_/Y (sky130_fd_sc_hd__a21oi_1)
                                         _0421_ (net)
                  0.10    0.00   18.67 ^ _2802_/A1 (sky130_fd_sc_hd__o21ba_1)
     1    0.00    0.05    0.15   18.82 ^ _2802_/X (sky130_fd_sc_hd__o21ba_1)
                                         _0422_ (net)
                  0.05    0.00   18.82 ^ _2804_/A1 (sky130_fd_sc_hd__o21ai_1)
     1    0.00    0.07    0.07   18.90 v _2804_/Y (sky130_fd_sc_hd__o21ai_1)
                                         _0424_ (net)
                  0.07    0.00   18.90 v _2805_/A1 (sky130_fd_sc_hd__a21o_1)
     4    0.02    0.09    0.23   19.13 v _2805_/X (sky130_fd_sc_hd__a21o_1)
                                         _0425_ (net)
                  0.09    0.00   19.13 v clone13/A (sky130_fd_sc_hd__buf_6)
     5    0.03    0.04    0.16   19.29 v clone13/X (sky130_fd_sc_hd__buf_6)
                                         net68 (net)
                  0.04    0.00   19.29 v _2821_/S (sky130_fd_sc_hd__mux2_1)
     2    0.00    0.06    0.33   19.61 v _2821_/X (sky130_fd_sc_hd__mux2_1)
                                         _0442_ (net)
                  0.06    0.00   19.61 v _2841_/A2 (sky130_fd_sc_hd__o21a_1)
     2    0.00    0.04    0.18   19.80 v _2841_/X (sky130_fd_sc_hd__o21a_1)
                                         _0462_ (net)
                  0.04    0.00   19.80 v _2889_/A0 (sky130_fd_sc_hd__mux2_1)
     2    0.01    0.08    0.32   20.12 v _2889_/X (sky130_fd_sc_hd__mux2_1)
                                         _0510_ (net)
                  0.08    0.00   20.12 v _2955_/B2 (sky130_fd_sc_hd__o32a_1)
     1    0.00    0.05    0.17   20.29 v _2955_/X (sky130_fd_sc_hd__o32a_1)
                                         _0575_ (net)
                  0.05    0.00   20.29 v _2956_/A3 (sky130_fd_sc_hd__a31oi_1)
     1    0.00    0.14    0.18   20.47 ^ _2956_/Y (sky130_fd_sc_hd__a31oi_1)
                                         _0016_ (net)
                  0.14    0.00   20.47 ^ _3099_/D (sky130_fd_sc_hd__dfxtp_1)
                                 20.47   data arrival time

                         10.00   10.00   clock clock (rise edge)
                          0.00   10.00   clock source latency
     1    0.01    0.04    0.03   10.03 ^ clock (in)
                                         clock (net)
                  0.04    0.00   10.03 ^ clkbuf_0_clock/A (sky130_fd_sc_hd__clkbuf_16)
     4    0.03    0.05    0.13   10.15 ^ clkbuf_0_clock/X (sky130_fd_sc_hd__clkbuf_16)
                                         clknet_0_clock (net)
                  0.05    0.00   10.15 ^ clkbuf_2_1__f_clock/A (sky130_fd_sc_hd__clkbuf_16)
    11    0.03    0.05    0.13   10.29 ^ clkbuf_2_1__f_clock/X (sky130_fd_sc_hd__clkbuf_16)
                                         clknet_2_1__leaf_clock (net)
                  0.05    0.00   10.29 ^ _3099_/CLK (sky130_fd_sc_hd__dfxtp_1)
                         -0.25   10.04   clock uncertainty
                          0.00   10.04   clock reconvergence pessimism
                         -0.07    9.96   library setup time
                                  9.96   data required time
-----------------------------------------------------------------------------
                                  9.96   data required time
                                -20.47   data arrival time
-----------------------------------------------------------------------------
                                -10.51   slack (VIOLATED)


Startpoint: io_inScaleA[6] (input port clocked by clock)
Endpoint: _3091_ (rising edge-triggered flip-flop clocked by clock)
Path Group: clock
Path Type: max

Fanout     Cap    Slew   Delay    Time   Description
-----------------------------------------------------------------------------
                          0.00    0.00   clock clock (rise edge)
                          0.00    0.00   clock network delay (propagated)
                          2.00    2.00 v input external delay
     1    0.01    0.02    0.01    2.01 v io_inScaleA[6] (in)
                                         io_inScaleA[6] (net)
                  0.02    0.00    2.01 v input15/A (sky130_fd_sc_hd__buf_8)
     4    0.02    0.03    0.12    2.13 v input15/X (sky130_fd_sc_hd__buf_8)
                                         net15 (net)
                  0.03    0.00    2.13 v _1585_/A1 (sky130_fd_sc_hd__o21ai_4)
     5    0.03    0.27    0.26    2.39 ^ _1585_/Y (sky130_fd_sc_hd__o21ai_4)
                                         _0419_ (net)
                  0.27    0.00    2.39 ^ _1595_/B (sky130_fd_sc_hd__xnor2_2)
     1    0.01    0.07    0.12    2.51 v _1595_/Y (sky130_fd_sc_hd__xnor2_2)
                                         _0521_ (net)
                  0.07    0.00    2.51 v _1596_/A (sky130_fd_sc_hd__xnor2_2)
     2    0.01    0.23    0.26    2.77 ^ _1596_/Y (sky130_fd_sc_hd__xnor2_2)
                                         _0530_ (net)
                  0.23    0.00    2.77 ^ _1597_/A (sky130_fd_sc_hd__xnor2_2)
     2    0.01    0.09    0.14    2.91 v _1597_/Y (sky130_fd_sc_hd__xnor2_2)
                                         _0540_ (net)
                  0.09    0.00    2.91 v _1621_/B (sky130_fd_sc_hd__or3_4)
     1    0.00    0.06    0.39    3.30 v _1621_/X (sky130_fd_sc_hd__or3_4)
                                         _0705_ (net)
                  0.06    0.00    3.30 v _1622_/B1_N (sky130_fd_sc_hd__a21bo_4)
     2    0.01    0.05    0.20    3.50 ^ _1622_/X (sky130_fd_sc_hd__a21bo_4)
                                         _0706_ (net)
                  0.05    0.00    3.50 ^ _1626_/B (sky130_fd_sc_hd__xor2_2)
     2    0.01    0.19    0.21    3.71 ^ _1626_/X (sky130_fd_sc_hd__xor2_2)
                                         _0710_ (net)
                  0.19    0.00    3.71 ^ _1627_/A (sky130_fd_sc_hd__xnor2_2)
     2    0.02    0.31    0.21    3.92 ^ _1627_/Y (sky130_fd_sc_hd__xnor2_2)
                                         _0711_ (net)
                  0.31    0.00    3.92 ^ _1628_/A (sky130_fd_sc_hd__xor2_4)
     2    0.02    0.19    0.25    4.16 ^ _1628_/X (sky130_fd_sc_hd__xor2_4)
                                         _0712_ (net)
                  0.19    0.00    4.17 ^ _1633_/A_N (sky130_fd_sc_hd__and2b_1)
     1    0.00    0.03    0.21    4.38 v _1633_/X (sky130_fd_sc_hd__and2b_1)
                                         _0717_ (net)
                  0.03    0.00    4.38 v _1634_/B1 (sky130_fd_sc_hd__a31o_1)
     2    0.01    0.08    0.23    4.61 v _1634_/X (sky130_fd_sc_hd__a31o_1)
                                         _0718_ (net)
                  0.08    0.00    4.61 v _1722_/C (sky130_fd_sc_hd__or3_4)
     2    0.00    0.07    0.35    4.97 v _1722_/X (sky130_fd_sc_hd__or3_4)
                                         _0806_ (net)
                  0.07    0.00    4.97 v _1783_/A (sky130_fd_sc_hd__and3_1)
     1    0.01    0.06    0.19    5.15 v _1783_/X (sky130_fd_sc_hd__and3_1)
                                         _0867_ (net)
                  0.06    0.00    5.15 v _1784_/B (sky130_fd_sc_hd__xnor2_2)
     2    0.01    0.07    0.16    5.31 v _1784_/Y (sky130_fd_sc_hd__xnor2_2)
                                         _0868_ (net)
                  0.07    0.00    5.31 v _1785_/A (sky130_fd_sc_hd__xnor2_1)
     2    0.01    0.24    0.26    5.58 ^ _1785_/Y (sky130_fd_sc_hd__xnor2_1)
                                         _0869_ (net)
                  0.24    0.00    5.58 ^ _1786_/B (sky130_fd_sc_hd__or3_4)
     1    0.00    0.03    0.18    5.76 ^ _1786_/X (sky130_fd_sc_hd__or3_4)
                                         _0870_ (net)
                  0.03    0.00    5.76 ^ _1787_/B1_N (sky130_fd_sc_hd__a21bo_4)
     2    0.01    0.05    0.24    5.99 v _1787_/X (sky130_fd_sc_hd__a21bo_4)
                                         _0871_ (net)
                  0.05    0.00    6.00 v _1789_/A (sky130_fd_sc_hd__xor2_2)
     2    0.01    0.11    0.20    6.20 v _1789_/X (sky130_fd_sc_hd__xor2_2)
                                         _0873_ (net)
                  0.11    0.00    6.20 v _1832_/A2 (sky130_fd_sc_hd__o21bai_4)
     3    0.01    0.14    0.18    6.38 ^ _1832_/Y (sky130_fd_sc_hd__o21bai_4)
                                         _0916_ (net)
                  0.14    0.00    6.38 ^ _1834_/A1 (sky130_fd_sc_hd__a21o_1)
     2    0.01    0.13    0.21    6.59 ^ _1834_/X (sky130_fd_sc_hd__a21o_1)
                                         _0918_ (net)
                  0.13    0.00    6.59 ^ _1836_/A1 (sky130_fd_sc_hd__a21oi_4)
     3    0.02    0.06    0.09    6.68 v _1836_/Y (sky130_fd_sc_hd__a21oi_4)
                                         _0920_ (net)
                  0.06    0.00    6.68 v _1840_/A1 (sky130_fd_sc_hd__o211a_1)
     2    0.01    0.06    0.27    6.95 v _1840_/X (sky130_fd_sc_hd__o211a_1)
                                         _0924_ (net)
                  0.06    0.00    6.95 v _1841_/A2 (sky130_fd_sc_hd__o31a_4)
     4    0.02    0.07    0.39    7.33 v _1841_/X (sky130_fd_sc_hd__o31a_4)
                                         _0925_ (net)
                  0.07    0.00    7.33 v rebuffer28/A (sky130_fd_sc_hd__buf_8)
     1    0.02    0.03    0.14    7.47 v rebuffer28/X (sky130_fd_sc_hd__buf_8)
                                         net83 (net)
                  0.03    0.00    7.48 v _1879_/B (sky130_fd_sc_hd__xnor2_4)
     7    0.02    0.19    0.19    7.67 ^ _1879_/Y (sky130_fd_sc_hd__xnor2_4)
                                         _0963_ (net)
                  0.19    0.00    7.67 ^ _1934_/C (sky130_fd_sc_hd__and4_1)
     2    0.01    0.09    0.25    7.92 ^ _1934_/X (sky130_fd_sc_hd__and4_1)
                                         _1018_ (net)
                  0.09    0.00    7.92 ^ _1935_/A (sky130_fd_sc_hd__buf_6)
     5    0.01    0.04    0.12    8.04 ^ _1935_/X (sky130_fd_sc_hd__buf_6)
                                         _1019_ (net)
                  0.04    0.00    8.04 ^ _1936_/A (sky130_fd_sc_hd__and2_4)
     1    0.01    0.04    0.14    8.18 ^ _1936_/X (sky130_fd_sc_hd__and2_4)
                                         _1020_ (net)
                  0.04    0.00    8.18 ^ _1937_/A (sky130_fd_sc_hd__buf_8)
     7    0.04    0.07    0.13    8.30 ^ _1937_/X (sky130_fd_sc_hd__buf_8)
                                         _1021_ (net)
                  0.07    0.00    8.30 ^ _1942_/B (sky130_fd_sc_hd__xnor2_4)
     2    0.01    0.08    0.08    8.39 v _1942_/Y (sky130_fd_sc_hd__xnor2_4)
                                         _1026_ (net)
                  0.08    0.00    8.39 v _1952_/A1 (sky130_fd_sc_hd__o221a_1)
     2    0.01    0.08    0.32    8.70 v _1952_/X (sky130_fd_sc_hd__o221a_1)
                                         _1036_ (net)
                  0.08    0.00    8.70 v _1955_/A (sky130_fd_sc_hd__nor2b_2)
     2    0.02    0.19    0.21    8.92 ^ _1955_/Y (sky130_fd_sc_hd__nor2b_2)
                                         _1039_ (net)
                  0.19    0.00    8.92 ^ _1958_/A1 (sky130_fd_sc_hd__a31oi_4)
     5    0.01    0.09    0.13    9.04 v _1958_/Y (sky130_fd_sc_hd__a31oi_4)
                                         _1042_ (net)
                  0.09    0.00    9.04 v _1959_/B (sky130_fd_sc_hd__or3_4)
     4    0.02    0.10    0.45    9.49 v _1959_/X (sky130_fd_sc_hd__or3_4)
                                         _1043_ (net)
                  0.10    0.00    9.49 v _1965_/A2 (sky130_fd_sc_hd__a21o_4)
     2    0.02    0.06    0.27    9.77 v _1965_/X (sky130_fd_sc_hd__a21o_4)
                                         _1049_ (net)
                  0.06    0.00    9.77 v _1971_/A2 (sky130_fd_sc_hd__a21o_4)
     2    0.02    0.06    0.25   10.02 v _1971_/X (sky130_fd_sc_hd__a21o_4)
                                         _1055_ (net)
                  0.06    0.00   10.02 v _1977_/A2 (sky130_fd_sc_hd__a21bo_4)
     2    0.02    0.06    0.26   10.28 v _1977_/X (sky130_fd_sc_hd__a21bo_4)
                                         _1061_ (net)
                  0.06    0.00   10.28 v _1986_/A2 (sky130_fd_sc_hd__a21o_4)
     2    0.02    0.05    0.25   10.53 v _1986_/X (sky130_fd_sc_hd__a21o_4)
                                         _1070_ (net)
                  0.05    0.00   10.54 v _1989_/A2 (sky130_fd_sc_hd__a21o_1)
     2    0.02    0.10    0.25   10.79 v _1989_/X (sky130_fd_sc_hd__a21o_1)
                                         _1073_ (net)
                  0.10    0.00   10.79 v _1992_/A2 (sky130_fd_sc_hd__a21oi_4)
     3    0.02    0.19    0.24   11.03 ^ _1992_/Y (sky130_fd_sc_hd__a21oi_4)
                                         _1076_ (net)
                  0.19    0.00   11.03 ^ max_cap1/A (sky130_fd_sc_hd__buf_4)
     3    0.04    0.11    0.22   11.25 ^ max_cap1/X (sky130_fd_sc_hd__buf_4)
                                         net90 (net)
                  0.11    0.00   11.25 ^ _1993_/A (sky130_fd_sc_hd__xnor2_4)
     6    0.04    0.34    0.21   11.46 ^ _1993_/Y (sky130_fd_sc_hd__xnor2_4)
                                         _1077_ (net)
                  0.34    0.00   11.47 ^ _2029_/S (sky130_fd_sc_hd__mux2_4)
     5    0.01    0.06    0.38   11.84 v _2029_/X (sky130_fd_sc_hd__mux2_4)
                                         _1113_ (net)
                  0.06    0.00   11.84 v _2109_/A (sky130_fd_sc_hd__buf_2)
    10    0.03    0.07    0.18   12.02 v _2109_/X (sky130_fd_sc_hd__buf_2)
                                         _1193_ (net)
                  0.07    0.00   12.02 v _2230_/A1 (sky130_fd_sc_hd__a21o_1)
     3    0.01    0.06    0.20   12.22 v _2230_/X (sky130_fd_sc_hd__a21o_1)
                                         _1314_ (net)
                  0.06    0.00   12.22 v _2310_/A3 (sky130_fd_sc_hd__a311o_1)
     1    0.01    0.08    0.41   12.63 v _2310_/X (sky130_fd_sc_hd__a311o_1)
                                         _1394_ (net)
                  0.08    0.00   12.63 v _2315_/A3 (sky130_fd_sc_hd__a31oi_4)
     1    0.01    0.12    0.19   12.82 ^ _2315_/Y (sky130_fd_sc_hd__a31oi_4)
                                         _1399_ (net)
                  0.12    0.00   12.82 ^ _2316_/C1 (sky130_fd_sc_hd__a311o_1)
     3    0.01    0.14    0.20   13.02 ^ _2316_/X (sky130_fd_sc_hd__a311o_1)
                                         _1400_ (net)
                  0.14    0.00   13.02 ^ rebuffer6/A (sky130_fd_sc_hd__clkbuf_1)
     1    0.00    0.05    0.12   13.14 ^ rebuffer6/X (sky130_fd_sc_hd__clkbuf_1)
                                         net61 (net)
                  0.05    0.00   13.14 ^ _2320_/B (sky130_fd_sc_hd__nand3_1)
     2    0.01    0.10    0.12   13.26 v _2320_/Y (sky130_fd_sc_hd__nand3_1)
                                         _1404_ (net)
                  0.10    0.00   13.26 v _2357_/A1 (sky130_fd_sc_hd__a2111o_4)
     4    0.02    0.09    0.52   13.78 v _2357_/X (sky130_fd_sc_hd__a2111o_4)
                                         _1441_ (net)
                  0.09    0.00   13.78 v _2359_/A1 (sky130_fd_sc_hd__a21o_1)
     3    0.01    0.06    0.21   13.99 v _2359_/X (sky130_fd_sc_hd__a21o_1)
                                         _1443_ (net)
                  0.06    0.00   13.99 v _2374_/A1 (sky130_fd_sc_hd__a311o_1)
     3    0.01    0.09    0.32   14.31 v _2374_/X (sky130_fd_sc_hd__a311o_1)
                                         _1459_ (net)
                  0.09    0.00   14.31 v _2391_/A2 (sky130_fd_sc_hd__a2111o_1)
     2    0.01    0.10    0.50   14.81 v _2391_/X (sky130_fd_sc_hd__a2111o_1)
                                         _1478_ (net)
                  0.10    0.00   14.81 v _2400_/A1 (sky130_fd_sc_hd__a41oi_4)
     4    0.02    0.23    0.22   15.03 ^ _2400_/Y (sky130_fd_sc_hd__a41oi_4)
                                         _1488_ (net)
                  0.23    0.00   15.03 ^ _2437_/A1 (sky130_fd_sc_hd__a311oi_2)
     2    0.00    0.10    0.14   15.17 v _2437_/Y (sky130_fd_sc_hd__a311oi_2)
                                         _1527_ (net)
                  0.10    0.00   15.17 v _2461_/A1 (sky130_fd_sc_hd__a2111o_1)
     2    0.00    0.07    0.40   15.57 v _2461_/X (sky130_fd_sc_hd__a2111o_1)
                                         _0047_ (net)
                  0.07    0.00   15.57 v _2489_/A2 (sky130_fd_sc_hd__a21o_1)
     2    0.00    0.04    0.19   15.76 v _2489_/X (sky130_fd_sc_hd__a21o_1)
                                         _0077_ (net)
                  0.04    0.00   15.76 v _2495_/A (sky130_fd_sc_hd__and3_1)
     3    0.01    0.07    0.18   15.94 v _2495_/X (sky130_fd_sc_hd__and3_1)
                                         _0084_ (net)
                  0.07    0.00   15.94 v _2557_/A3 (sky130_fd_sc_hd__o311a_4)
     2    0.01    0.06    0.33   16.27 v _2557_/X (sky130_fd_sc_hd__o311a_4)
                                         _0152_ (net)
                  0.06    0.00   16.27 v _2570_/A3 (sky130_fd_sc_hd__o31a_4)
     3    0.01    0.06    0.31   16.58 v _2570_/X (sky130_fd_sc_hd__o31a_4)
                                         _0167_ (net)
                  0.06    0.00   16.59 v _2774_/S (sky130_fd_sc_hd__mux2_4)
     4    0.01    0.06    0.34   16.92 v _2774_/X (sky130_fd_sc_hd__mux2_4)
                                         _0391_ (net)
                  0.06    0.00   16.92 v _2790_/B2 (sky130_fd_sc_hd__a221o_1)
     1    0.00    0.06    0.34   17.27 v _2790_/X (sky130_fd_sc_hd__a221o_1)
                                         _0409_ (net)
                  0.06    0.00   17.27 v _2791_/A1 (sky130_fd_sc_hd__a21bo_1)
     1    0.00    0.04    0.18   17.45 v _2791_/X (sky130_fd_sc_hd__a21bo_1)
                                         _0410_ (net)
                  0.04    0.00   17.45 v _2792_/A1 (sky130_fd_sc_hd__a21o_1)
     1    0.00    0.04    0.16   17.61 v _2792_/X (sky130_fd_sc_hd__a21o_1)
                                         _0411_ (net)
                  0.04    0.00   17.61 v _2793_/A1 (sky130_fd_sc_hd__a21o_1)
     1    0.00    0.04    0.16   17.77 v _2793_/X (sky130_fd_sc_hd__a21o_1)
                                         _0412_ (net)
                  0.04    0.00   17.77 v _2794_/A1 (sky130_fd_sc_hd__a21o_1)
     1    0.00    0.03    0.15   17.92 v _2794_/X (sky130_fd_sc_hd__a21o_1)
                                         _0413_ (net)
                  0.03    0.00   17.92 v _2796_/A1 (sky130_fd_sc_hd__a21o_1)
     1    0.00    0.04    0.16   18.09 v _2796_/X (sky130_fd_sc_hd__a21o_1)
                                         _0415_ (net)
                  0.04    0.00   18.09 v _2797_/A1 (sky130_fd_sc_hd__a21o_1)
     1    0.00    0.04    0.16   18.25 v _2797_/X (sky130_fd_sc_hd__a21o_1)
                                         _0416_ (net)
                  0.04    0.00   18.25 v _2798_/A1 (sky130_fd_sc_hd__a21o_1)
     1    0.00    0.03    0.15   18.40 v _2798_/X (sky130_fd_sc_hd__a21o_1)
                                         _0417_ (net)
                  0.03    0.00   18.40 v _2800_/A1 (sky130_fd_sc_hd__a21o_1)
     1    0.00    0.04    0.16   18.56 v _2800_/X (sky130_fd_sc_hd__a21o_1)
                                         _0420_ (net)
                  0.04    0.00   18.56 v _2801_/A1 (sky130_fd_sc_hd__a21oi_1)
     1    0.00    0.10    0.11   18.67 ^ _2801_/Y (sky130_fd_sc_hd__a21oi_1)
                                         _0421_ (net)
                  0.10    0.00   18.67 ^ _2802_/A1 (sky130_fd_sc_hd__o21ba_1)
     1    0.00    0.05    0.15   18.82 ^ _2802_/X (sky130_fd_sc_hd__o21ba_1)
                                         _0422_ (net)
                  0.05    0.00   18.82 ^ _2804_/A1 (sky130_fd_sc_hd__o21ai_1)
     1    0.00    0.07    0.07   18.90 v _2804_/Y (sky130_fd_sc_hd__o21ai_1)
                                         _0424_ (net)
                  0.07    0.00   18.90 v _2805_/A1 (sky130_fd_sc_hd__a21o_1)
     4    0.02    0.09    0.23   19.13 v _2805_/X (sky130_fd_sc_hd__a21o_1)
                                         _0425_ (net)
                  0.09    0.00   19.13 v clone13/A (sky130_fd_sc_hd__buf_6)
     5    0.03    0.04    0.16   19.29 v clone13/X (sky130_fd_sc_hd__buf_6)
                                         net68 (net)
                  0.04    0.00   19.29 v _2821_/S (sky130_fd_sc_hd__mux2_1)
     2    0.00    0.06    0.33   19.61 v _2821_/X (sky130_fd_sc_hd__mux2_1)
                                         _0442_ (net)
                  0.06    0.00   19.61 v _2841_/A2 (sky130_fd_sc_hd__o21a_1)
     2    0.00    0.04    0.18   19.80 v _2841_/X (sky130_fd_sc_hd__o21a_1)
                                         _0462_ (net)
                  0.04    0.00   19.80 v _2889_/A0 (sky130_fd_sc_hd__mux2_1)
     2    0.01    0.08    0.32   20.12 v _2889_/X (sky130_fd_sc_hd__mux2_1)
                                         _0510_ (net)
                  0.08    0.00   20.12 v _2890_/B1 (sky130_fd_sc_hd__o32a_1)
     1    0.00    0.05    0.18   20.30 v _2890_/X (sky130_fd_sc_hd__o32a_1)
                                         _0512_ (net)
                  0.05    0.00   20.30 v _2891_/A2 (sky130_fd_sc_hd__a21oi_1)
     1    0.00    0.11    0.15   20.45 ^ _2891_/Y (sky130_fd_sc_hd__a21oi_1)
                                         _0008_ (net)
                  0.11    0.00   20.45 ^ _3091_/D (sky130_fd_sc_hd__dfxtp_1)
                                 20.45   data arrival time

                         10.00   10.00   clock clock (rise edge)
                          0.00   10.00   clock source latency
     1    0.01    0.04    0.03   10.03 ^ clock (in)
                                         clock (net)
                  0.04    0.00   10.03 ^ clkbuf_0_clock/A (sky130_fd_sc_hd__clkbuf_16)
     4    0.03    0.05    0.13   10.15 ^ clkbuf_0_clock/X (sky130_fd_sc_hd__clkbuf_16)
                                         clknet_0_clock (net)
                  0.05    0.00   10.15 ^ clkbuf_2_0__f_clock/A (sky130_fd_sc_hd__clkbuf_16)
     9    0.02    0.04    0.12   10.28 ^ clkbuf_2_0__f_clock/X (sky130_fd_sc_hd__clkbuf_16)
                                         clknet_2_0__leaf_clock (net)
                  0.04    0.00   10.28 ^ _3091_/CLK (sky130_fd_sc_hd__dfxtp_1)
                         -0.25   10.03   clock uncertainty
                          0.00   10.03   clock reconvergence pessimism
                         -0.07    9.96   library setup time
                                  9.96   data required time
-----------------------------------------------------------------------------
                                  9.96   data required time
                                -20.45   data arrival time
-----------------------------------------------------------------------------
                                -10.49   slack (VIOLATED)


Startpoint: io_inScaleA[6] (input port clocked by clock)
Endpoint: _3092_ (rising edge-triggered flip-flop clocked by clock)
Path Group: clock
Path Type: max

Fanout     Cap    Slew   Delay    Time   Description
-----------------------------------------------------------------------------
                          0.00    0.00   clock clock (rise edge)
                          0.00    0.00   clock network delay (propagated)
                          2.00    2.00 v input external delay
     1    0.01    0.02    0.01    2.01 v io_inScaleA[6] (in)
                                         io_inScaleA[6] (net)
                  0.02    0.00    2.01 v input15/A (sky130_fd_sc_hd__buf_8)
     4    0.02    0.03    0.12    2.13 v input15/X (sky130_fd_sc_hd__buf_8)
                                         net15 (net)
                  0.03    0.00    2.13 v _1585_/A1 (sky130_fd_sc_hd__o21ai_4)
     5    0.03    0.27    0.26    2.39 ^ _1585_/Y (sky130_fd_sc_hd__o21ai_4)
                                         _0419_ (net)
                  0.27    0.00    2.39 ^ _1595_/B (sky130_fd_sc_hd__xnor2_2)
     1    0.01    0.07    0.12    2.51 v _1595_/Y (sky130_fd_sc_hd__xnor2_2)
                                         _0521_ (net)
                  0.07    0.00    2.51 v _1596_/A (sky130_fd_sc_hd__xnor2_2)
     2    0.01    0.23    0.26    2.77 ^ _1596_/Y (sky130_fd_sc_hd__xnor2_2)
                                         _0530_ (net)
                  0.23    0.00    2.77 ^ _1597_/A (sky130_fd_sc_hd__xnor2_2)
     2    0.01    0.09    0.14    2.91 v _1597_/Y (sky130_fd_sc_hd__xnor2_2)
                                         _0540_ (net)
                  0.09    0.00    2.91 v _1621_/B (sky130_fd_sc_hd__or3_4)
     1    0.00    0.06    0.39    3.30 v _1621_/X (sky130_fd_sc_hd__or3_4)
                                         _0705_ (net)
                  0.06    0.00    3.30 v _1622_/B1_N (sky130_fd_sc_hd__a21bo_4)
     2    0.01    0.05    0.20    3.50 ^ _1622_/X (sky130_fd_sc_hd__a21bo_4)
                                         _0706_ (net)
                  0.05    0.00    3.50 ^ _1626_/B (sky130_fd_sc_hd__xor2_2)
     2    0.01    0.19    0.21    3.71 ^ _1626_/X (sky130_fd_sc_hd__xor2_2)
                                         _0710_ (net)
                  0.19    0.00    3.71 ^ _1627_/A (sky130_fd_sc_hd__xnor2_2)
     2    0.02    0.31    0.21    3.92 ^ _1627_/Y (sky130_fd_sc_hd__xnor2_2)
                                         _0711_ (net)
                  0.31    0.00    3.92 ^ _1628_/A (sky130_fd_sc_hd__xor2_4)
     2    0.02    0.19    0.25    4.16 ^ _1628_/X (sky130_fd_sc_hd__xor2_4)
                                         _0712_ (net)
                  0.19    0.00    4.17 ^ _1633_/A_N (sky130_fd_sc_hd__and2b_1)
     1    0.00    0.03    0.21    4.38 v _1633_/X (sky130_fd_sc_hd__and2b_1)
                                         _0717_ (net)
                  0.03    0.00    4.38 v _1634_/B1 (sky130_fd_sc_hd__a31o_1)
     2    0.01    0.08    0.23    4.61 v _1634_/X (sky130_fd_sc_hd__a31o_1)
                                         _0718_ (net)
                  0.08    0.00    4.61 v _1722_/C (sky130_fd_sc_hd__or3_4)
     2    0.00    0.07    0.35    4.97 v _1722_/X (sky130_fd_sc_hd__or3_4)
                                         _0806_ (net)
                  0.07    0.00    4.97 v _1783_/A (sky130_fd_sc_hd__and3_1)
     1    0.01    0.06    0.19    5.15 v _1783_/X (sky130_fd_sc_hd__and3_1)
                                         _0867_ (net)
                  0.06    0.00    5.15 v _1784_/B (sky130_fd_sc_hd__xnor2_2)
     2    0.01    0.07    0.16    5.31 v _1784_/Y (sky130_fd_sc_hd__xnor2_2)
                                         _0868_ (net)
                  0.07    0.00    5.31 v _1785_/A (sky130_fd_sc_hd__xnor2_1)
     2    0.01    0.24    0.26    5.58 ^ _1785_/Y (sky130_fd_sc_hd__xnor2_1)
                                         _0869_ (net)
                  0.24    0.00    5.58 ^ _1786_/B (sky130_fd_sc_hd__or3_4)
     1    0.00    0.03    0.18    5.76 ^ _1786_/X (sky130_fd_sc_hd__or3_4)
                                         _0870_ (net)
                  0.03    0.00    5.76 ^ _1787_/B1_N (sky130_fd_sc_hd__a21bo_4)
     2    0.01    0.05    0.24    5.99 v _1787_/X (sky130_fd_sc_hd__a21bo_4)
                                         _0871_ (net)
                  0.05    0.00    6.00 v _1789_/A (sky130_fd_sc_hd__xor2_2)
     2    0.01    0.11    0.20    6.20 v _1789_/X (sky130_fd_sc_hd__xor2_2)
                                         _0873_ (net)
                  0.11    0.00    6.20 v _1832_/A2 (sky130_fd_sc_hd__o21bai_4)
     3    0.01    0.14    0.18    6.38 ^ _1832_/Y (sky130_fd_sc_hd__o21bai_4)
                                         _0916_ (net)
                  0.14    0.00    6.38 ^ _1834_/A1 (sky130_fd_sc_hd__a21o_1)
     2    0.01    0.13    0.21    6.59 ^ _1834_/X (sky130_fd_sc_hd__a21o_1)
                                         _0918_ (net)
                  0.13    0.00    6.59 ^ _1836_/A1 (sky130_fd_sc_hd__a21oi_4)
     3    0.02    0.06    0.09    6.68 v _1836_/Y (sky130_fd_sc_hd__a21oi_4)
                                         _0920_ (net)
                  0.06    0.00    6.68 v _1840_/A1 (sky130_fd_sc_hd__o211a_1)
     2    0.01    0.06    0.27    6.95 v _1840_/X (sky130_fd_sc_hd__o211a_1)
                                         _0924_ (net)
                  0.06    0.00    6.95 v _1841_/A2 (sky130_fd_sc_hd__o31a_4)
     4    0.02    0.07    0.39    7.33 v _1841_/X (sky130_fd_sc_hd__o31a_4)
                                         _0925_ (net)
                  0.07    0.00    7.33 v rebuffer28/A (sky130_fd_sc_hd__buf_8)
     1    0.02    0.03    0.14    7.47 v rebuffer28/X (sky130_fd_sc_hd__buf_8)
                                         net83 (net)
                  0.03    0.00    7.48 v _1879_/B (sky130_fd_sc_hd__xnor2_4)
     7    0.02    0.19    0.19    7.67 ^ _1879_/Y (sky130_fd_sc_hd__xnor2_4)
                                         _0963_ (net)
                  0.19    0.00    7.67 ^ _1934_/C (sky130_fd_sc_hd__and4_1)
     2    0.01    0.09    0.25    7.92 ^ _1934_/X (sky130_fd_sc_hd__and4_1)
                                         _1018_ (net)
                  0.09    0.00    7.92 ^ _1935_/A (sky130_fd_sc_hd__buf_6)
     5    0.01    0.04    0.12    8.04 ^ _1935_/X (sky130_fd_sc_hd__buf_6)
                                         _1019_ (net)
                  0.04    0.00    8.04 ^ _1936_/A (sky130_fd_sc_hd__and2_4)
     1    0.01    0.04    0.14    8.18 ^ _1936_/X (sky130_fd_sc_hd__and2_4)
                                         _1020_ (net)
                  0.04    0.00    8.18 ^ _1937_/A (sky130_fd_sc_hd__buf_8)
     7    0.04    0.07    0.13    8.30 ^ _1937_/X (sky130_fd_sc_hd__buf_8)
                                         _1021_ (net)
                  0.07    0.00    8.30 ^ _1942_/B (sky130_fd_sc_hd__xnor2_4)
     2    0.01    0.08    0.08    8.39 v _1942_/Y (sky130_fd_sc_hd__xnor2_4)
                                         _1026_ (net)
                  0.08    0.00    8.39 v _1952_/A1 (sky130_fd_sc_hd__o221a_1)
     2    0.01    0.08    0.32    8.70 v _1952_/X (sky130_fd_sc_hd__o221a_1)
                                         _1036_ (net)
                  0.08    0.00    8.70 v _1955_/A (sky130_fd_sc_hd__nor2b_2)
     2    0.02    0.19    0.21    8.92 ^ _1955_/Y (sky130_fd_sc_hd__nor2b_2)
                                         _1039_ (net)
                  0.19    0.00    8.92 ^ _1958_/A1 (sky130_fd_sc_hd__a31oi_4)
     5    0.01    0.09    0.13    9.04 v _1958_/Y (sky130_fd_sc_hd__a31oi_4)
                                         _1042_ (net)
                  0.09    0.00    9.04 v _1959_/B (sky130_fd_sc_hd__or3_4)
     4    0.02    0.10    0.45    9.49 v _1959_/X (sky130_fd_sc_hd__or3_4)
                                         _1043_ (net)
                  0.10    0.00    9.49 v _1965_/A2 (sky130_fd_sc_hd__a21o_4)
     2    0.02    0.06    0.27    9.77 v _1965_/X (sky130_fd_sc_hd__a21o_4)
                                         _1049_ (net)
                  0.06    0.00    9.77 v _1971_/A2 (sky130_fd_sc_hd__a21o_4)
     2    0.02    0.06    0.25   10.02 v _1971_/X (sky130_fd_sc_hd__a21o_4)
                                         _1055_ (net)
                  0.06    0.00   10.02 v _1977_/A2 (sky130_fd_sc_hd__a21bo_4)
     2    0.02    0.06    0.26   10.28 v _1977_/X (sky130_fd_sc_hd__a21bo_4)
                                         _1061_ (net)
                  0.06    0.00   10.28 v _1986_/A2 (sky130_fd_sc_hd__a21o_4)
     2    0.02    0.05    0.25   10.53 v _1986_/X (sky130_fd_sc_hd__a21o_4)
                                         _1070_ (net)
                  0.05    0.00   10.54 v _1989_/A2 (sky130_fd_sc_hd__a21o_1)
     2    0.02    0.10    0.25   10.79 v _1989_/X (sky130_fd_sc_hd__a21o_1)
                                         _1073_ (net)
                  0.10    0.00   10.79 v _1992_/A2 (sky130_fd_sc_hd__a21oi_4)
     3    0.02    0.19    0.24   11.03 ^ _1992_/Y (sky130_fd_sc_hd__a21oi_4)
                                         _1076_ (net)
                  0.19    0.00   11.03 ^ max_cap1/A (sky130_fd_sc_hd__buf_4)
     3    0.04    0.11    0.22   11.25 ^ max_cap1/X (sky130_fd_sc_hd__buf_4)
                                         net90 (net)
                  0.11    0.00   11.25 ^ _1993_/A (sky130_fd_sc_hd__xnor2_4)
     6    0.04    0.34    0.21   11.46 ^ _1993_/Y (sky130_fd_sc_hd__xnor2_4)
                                         _1077_ (net)
                  0.34    0.00   11.47 ^ _2029_/S (sky130_fd_sc_hd__mux2_4)
     5    0.01    0.06    0.38   11.84 v _2029_/X (sky130_fd_sc_hd__mux2_4)
                                         _1113_ (net)
                  0.06    0.00   11.84 v _2109_/A (sky130_fd_sc_hd__buf_2)
    10    0.03    0.07    0.18   12.02 v _2109_/X (sky130_fd_sc_hd__buf_2)
                                         _1193_ (net)
                  0.07    0.00   12.02 v _2230_/A1 (sky130_fd_sc_hd__a21o_1)
     3    0.01    0.06    0.20   12.22 v _2230_/X (sky130_fd_sc_hd__a21o_1)
                                         _1314_ (net)
                  0.06    0.00   12.22 v _2310_/A3 (sky130_fd_sc_hd__a311o_1)
     1    0.01    0.08    0.41   12.63 v _2310_/X (sky130_fd_sc_hd__a311o_1)
                                         _1394_ (net)
                  0.08    0.00   12.63 v _2315_/A3 (sky130_fd_sc_hd__a31oi_4)
     1    0.01    0.12    0.19   12.82 ^ _2315_/Y (sky130_fd_sc_hd__a31oi_4)
                                         _1399_ (net)
                  0.12    0.00   12.82 ^ _2316_/C1 (sky130_fd_sc_hd__a311o_1)
     3    0.01    0.14    0.20   13.02 ^ _2316_/X (sky130_fd_sc_hd__a311o_1)
                                         _1400_ (net)
                  0.14    0.00   13.02 ^ rebuffer6/A (sky130_fd_sc_hd__clkbuf_1)
     1    0.00    0.05    0.12   13.14 ^ rebuffer6/X (sky130_fd_sc_hd__clkbuf_1)
                                         net61 (net)
                  0.05    0.00   13.14 ^ _2320_/B (sky130_fd_sc_hd__nand3_1)
     2    0.01    0.10    0.12   13.26 v _2320_/Y (sky130_fd_sc_hd__nand3_1)
                                         _1404_ (net)
                  0.10    0.00   13.26 v _2357_/A1 (sky130_fd_sc_hd__a2111o_4)
     4    0.02    0.09    0.52   13.78 v _2357_/X (sky130_fd_sc_hd__a2111o_4)
                                         _1441_ (net)
                  0.09    0.00   13.78 v _2359_/A1 (sky130_fd_sc_hd__a21o_1)
     3    0.01    0.06    0.21   13.99 v _2359_/X (sky130_fd_sc_hd__a21o_1)
                                         _1443_ (net)
                  0.06    0.00   13.99 v _2374_/A1 (sky130_fd_sc_hd__a311o_1)
     3    0.01    0.09    0.32   14.31 v _2374_/X (sky130_fd_sc_hd__a311o_1)
                                         _1459_ (net)
                  0.09    0.00   14.31 v _2391_/A2 (sky130_fd_sc_hd__a2111o_1)
     2    0.01    0.10    0.50   14.81 v _2391_/X (sky130_fd_sc_hd__a2111o_1)
                                         _1478_ (net)
                  0.10    0.00   14.81 v _2400_/A1 (sky130_fd_sc_hd__a41oi_4)
     4    0.02    0.23    0.22   15.03 ^ _2400_/Y (sky130_fd_sc_hd__a41oi_4)
                                         _1488_ (net)
                  0.23    0.00   15.03 ^ _2437_/A1 (sky130_fd_sc_hd__a311oi_2)
     2    0.00    0.10    0.14   15.17 v _2437_/Y (sky130_fd_sc_hd__a311oi_2)
                                         _1527_ (net)
                  0.10    0.00   15.17 v _2461_/A1 (sky130_fd_sc_hd__a2111o_1)
     2    0.00    0.07    0.40   15.57 v _2461_/X (sky130_fd_sc_hd__a2111o_1)
                                         _0047_ (net)
                  0.07    0.00   15.57 v _2489_/A2 (sky130_fd_sc_hd__a21o_1)
     2    0.00    0.04    0.19   15.76 v _2489_/X (sky130_fd_sc_hd__a21o_1)
                                         _0077_ (net)
                  0.04    0.00   15.76 v _2495_/A (sky130_fd_sc_hd__and3_1)
     3    0.01    0.07    0.18   15.94 v _2495_/X (sky130_fd_sc_hd__and3_1)
                                         _0084_ (net)
                  0.07    0.00   15.94 v _2557_/A3 (sky130_fd_sc_hd__o311a_4)
     2    0.01    0.06    0.33   16.27 v _2557_/X (sky130_fd_sc_hd__o311a_4)
                                         _0152_ (net)
                  0.06    0.00   16.27 v _2570_/A3 (sky130_fd_sc_hd__o31a_4)
     3    0.01    0.06    0.31   16.58 v _2570_/X (sky130_fd_sc_hd__o31a_4)
                                         _0167_ (net)
                  0.06    0.00   16.59 v _2774_/S (sky130_fd_sc_hd__mux2_4)
     4    0.01    0.06    0.34   16.92 v _2774_/X (sky130_fd_sc_hd__mux2_4)
                                         _0391_ (net)
                  0.06    0.00   16.92 v _2790_/B2 (sky130_fd_sc_hd__a221o_1)
     1    0.00    0.06    0.34   17.27 v _2790_/X (sky130_fd_sc_hd__a221o_1)
                                         _0409_ (net)
                  0.06    0.00   17.27 v _2791_/A1 (sky130_fd_sc_hd__a21bo_1)
     1    0.00    0.04    0.18   17.45 v _2791_/X (sky130_fd_sc_hd__a21bo_1)
                                         _0410_ (net)
                  0.04    0.00   17.45 v _2792_/A1 (sky130_fd_sc_hd__a21o_1)
     1    0.00    0.04    0.16   17.61 v _2792_/X (sky130_fd_sc_hd__a21o_1)
                                         _0411_ (net)
                  0.04    0.00   17.61 v _2793_/A1 (sky130_fd_sc_hd__a21o_1)
     1    0.00    0.04    0.16   17.77 v _2793_/X (sky130_fd_sc_hd__a21o_1)
                                         _0412_ (net)
                  0.04    0.00   17.77 v _2794_/A1 (sky130_fd_sc_hd__a21o_1)
     1    0.00    0.03    0.15   17.92 v _2794_/X (sky130_fd_sc_hd__a21o_1)
                                         _0413_ (net)
                  0.03    0.00   17.92 v _2796_/A1 (sky130_fd_sc_hd__a21o_1)
     1    0.00    0.04    0.16   18.09 v _2796_/X (sky130_fd_sc_hd__a21o_1)
                                         _0415_ (net)
                  0.04    0.00   18.09 v _2797_/A1 (sky130_fd_sc_hd__a21o_1)
     1    0.00    0.04    0.16   18.25 v _2797_/X (sky130_fd_sc_hd__a21o_1)
                                         _0416_ (net)
                  0.04    0.00   18.25 v _2798_/A1 (sky130_fd_sc_hd__a21o_1)
     1    0.00    0.03    0.15   18.40 v _2798_/X (sky130_fd_sc_hd__a21o_1)
                                         _0417_ (net)
                  0.03    0.00   18.40 v _2800_/A1 (sky130_fd_sc_hd__a21o_1)
     1    0.00    0.04    0.16   18.56 v _2800_/X (sky130_fd_sc_hd__a21o_1)
                                         _0420_ (net)
                  0.04    0.00   18.56 v _2801_/A1 (sky130_fd_sc_hd__a21oi_1)
     1    0.00    0.10    0.11   18.67 ^ _2801_/Y (sky130_fd_sc_hd__a21oi_1)
                                         _0421_ (net)
                  0.10    0.00   18.67 ^ _2802_/A1 (sky130_fd_sc_hd__o21ba_1)
     1    0.00    0.05    0.15   18.82 ^ _2802_/X (sky130_fd_sc_hd__o21ba_1)
                                         _0422_ (net)
                  0.05    0.00   18.82 ^ _2804_/A1 (sky130_fd_sc_hd__o21ai_1)
     1    0.00    0.07    0.07   18.90 v _2804_/Y (sky130_fd_sc_hd__o21ai_1)
                                         _0424_ (net)
                  0.07    0.00   18.90 v _2805_/A1 (sky130_fd_sc_hd__a21o_1)
     4    0.02    0.09    0.23   19.13 v _2805_/X (sky130_fd_sc_hd__a21o_1)
                                         _0425_ (net)
                  0.09    0.00   19.13 v _2809_/A (sky130_fd_sc_hd__buf_6)
     5    0.03    0.04    0.16   19.29 v _2809_/X (sky130_fd_sc_hd__buf_6)
                                         _0429_ (net)
                  0.04    0.00   19.29 v _2810_/S (sky130_fd_sc_hd__mux2_4)
     2    0.00    0.05    0.31   19.60 v _2810_/X (sky130_fd_sc_hd__mux2_4)
                                         _0431_ (net)
                  0.05    0.00   19.60 v _2813_/A0 (sky130_fd_sc_hd__mux2_4)
     2    0.00    0.05    0.28   19.88 v _2813_/X (sky130_fd_sc_hd__mux2_4)
                                         _0434_ (net)
                  0.05    0.00   19.88 v rebuffer29/A (sky130_fd_sc_hd__clkbuf_1)
     1    0.00    0.03    0.10   19.98 v rebuffer29/X (sky130_fd_sc_hd__clkbuf_1)
                                         net84 (net)
                  0.03    0.00   19.98 v _2814_/B (sky130_fd_sc_hd__nor2_1)
     1    0.00    0.09    0.09   20.07 ^ _2814_/Y (sky130_fd_sc_hd__nor2_1)
                                         _0435_ (net)
                  0.09    0.00   20.07 ^ _2815_/B1 (sky130_fd_sc_hd__a21oi_1)
     3    0.01    0.10    0.08   20.15 v _2815_/Y (sky130_fd_sc_hd__a21oi_1)
                                         _0436_ (net)
                  0.10    0.00   20.15 v _2892_/A (sky130_fd_sc_hd__nor2_1)
     1    0.00    0.10    0.14   20.29 ^ _2892_/Y (sky130_fd_sc_hd__nor2_1)
                                         _0513_ (net)
                  0.10    0.00   20.29 ^ _2902_/A1 (sky130_fd_sc_hd__o21a_1)
     1    0.00    0.04    0.13   20.42 ^ _2902_/X (sky130_fd_sc_hd__o21a_1)
                                         _0009_ (net)
                  0.04    0.00   20.42 ^ _3092_/D (sky130_fd_sc_hd__dfxtp_1)
                                 20.42   data arrival time

                         10.00   10.00   clock clock (rise edge)
                          0.00   10.00   clock source latency
     1    0.01    0.04    0.03   10.03 ^ clock (in)
                                         clock (net)
                  0.04    0.00   10.03 ^ clkbuf_0_clock/A (sky130_fd_sc_hd__clkbuf_16)
     4    0.03    0.05    0.13   10.15 ^ clkbuf_0_clock/X (sky130_fd_sc_hd__clkbuf_16)
                                         clknet_0_clock (net)
                  0.05    0.00   10.15 ^ clkbuf_2_1__f_clock/A (sky130_fd_sc_hd__clkbuf_16)
    11    0.03    0.05    0.13   10.29 ^ clkbuf_2_1__f_clock/X (sky130_fd_sc_hd__clkbuf_16)
                                         clknet_2_1__leaf_clock (net)
                  0.05    0.00   10.29 ^ _3092_/CLK (sky130_fd_sc_hd__dfxtp_1)
                         -0.25   10.04   clock uncertainty
                          0.00   10.04   clock reconvergence pessimism
                         -0.05    9.98   library setup time
                                  9.98   data required time
-----------------------------------------------------------------------------
                                  9.98   data required time
                                -20.42   data arrival time
-----------------------------------------------------------------------------
                                -10.44   slack (VIOLATED)


Startpoint: io_inScaleA[6] (input port clocked by clock)
Endpoint: _3112_ (rising edge-triggered flip-flop clocked by clock)
Path Group: clock
Path Type: max

Fanout     Cap    Slew   Delay    Time   Description
-----------------------------------------------------------------------------
                          0.00    0.00   clock clock (rise edge)
                          0.00    0.00   clock network delay (propagated)
                          2.00    2.00 v input external delay
     1    0.01    0.02    0.01    2.01 v io_inScaleA[6] (in)
                                         io_inScaleA[6] (net)
                  0.02    0.00    2.01 v input15/A (sky130_fd_sc_hd__buf_8)
     4    0.02    0.03    0.12    2.13 v input15/X (sky130_fd_sc_hd__buf_8)
                                         net15 (net)
                  0.03    0.00    2.13 v _1585_/A1 (sky130_fd_sc_hd__o21ai_4)
     5    0.03    0.27    0.26    2.39 ^ _1585_/Y (sky130_fd_sc_hd__o21ai_4)
                                         _0419_ (net)
                  0.27    0.00    2.39 ^ _1595_/B (sky130_fd_sc_hd__xnor2_2)
     1    0.01    0.07    0.12    2.51 v _1595_/Y (sky130_fd_sc_hd__xnor2_2)
                                         _0521_ (net)
                  0.07    0.00    2.51 v _1596_/A (sky130_fd_sc_hd__xnor2_2)
     2    0.01    0.23    0.26    2.77 ^ _1596_/Y (sky130_fd_sc_hd__xnor2_2)
                                         _0530_ (net)
                  0.23    0.00    2.77 ^ _1597_/A (sky130_fd_sc_hd__xnor2_2)
     2    0.01    0.09    0.14    2.91 v _1597_/Y (sky130_fd_sc_hd__xnor2_2)
                                         _0540_ (net)
                  0.09    0.00    2.91 v _1621_/B (sky130_fd_sc_hd__or3_4)
     1    0.00    0.06    0.39    3.30 v _1621_/X (sky130_fd_sc_hd__or3_4)
                                         _0705_ (net)
                  0.06    0.00    3.30 v _1622_/B1_N (sky130_fd_sc_hd__a21bo_4)
     2    0.01    0.05    0.20    3.50 ^ _1622_/X (sky130_fd_sc_hd__a21bo_4)
                                         _0706_ (net)
                  0.05    0.00    3.50 ^ _1626_/B (sky130_fd_sc_hd__xor2_2)
     2    0.01    0.19    0.21    3.71 ^ _1626_/X (sky130_fd_sc_hd__xor2_2)
                                         _0710_ (net)
                  0.19    0.00    3.71 ^ _1627_/A (sky130_fd_sc_hd__xnor2_2)
     2    0.02    0.31    0.21    3.92 ^ _1627_/Y (sky130_fd_sc_hd__xnor2_2)
                                         _0711_ (net)
                  0.31    0.00    3.92 ^ _1628_/A (sky130_fd_sc_hd__xor2_4)
     2    0.02    0.19    0.25    4.16 ^ _1628_/X (sky130_fd_sc_hd__xor2_4)
                                         _0712_ (net)
                  0.19    0.00    4.17 ^ _1633_/A_N (sky130_fd_sc_hd__and2b_1)
     1    0.00    0.03    0.21    4.38 v _1633_/X (sky130_fd_sc_hd__and2b_1)
                                         _0717_ (net)
                  0.03    0.00    4.38 v _1634_/B1 (sky130_fd_sc_hd__a31o_1)
     2    0.01    0.08    0.23    4.61 v _1634_/X (sky130_fd_sc_hd__a31o_1)
                                         _0718_ (net)
                  0.08    0.00    4.61 v _1722_/C (sky130_fd_sc_hd__or3_4)
     2    0.00    0.07    0.35    4.97 v _1722_/X (sky130_fd_sc_hd__or3_4)
                                         _0806_ (net)
                  0.07    0.00    4.97 v _1783_/A (sky130_fd_sc_hd__and3_1)
     1    0.01    0.06    0.19    5.15 v _1783_/X (sky130_fd_sc_hd__and3_1)
                                         _0867_ (net)
                  0.06    0.00    5.15 v _1784_/B (sky130_fd_sc_hd__xnor2_2)
     2    0.01    0.07    0.16    5.31 v _1784_/Y (sky130_fd_sc_hd__xnor2_2)
                                         _0868_ (net)
                  0.07    0.00    5.31 v _1785_/A (sky130_fd_sc_hd__xnor2_1)
     2    0.01    0.24    0.26    5.58 ^ _1785_/Y (sky130_fd_sc_hd__xnor2_1)
                                         _0869_ (net)
                  0.24    0.00    5.58 ^ _1786_/B (sky130_fd_sc_hd__or3_4)
     1    0.00    0.03    0.18    5.76 ^ _1786_/X (sky130_fd_sc_hd__or3_4)
                                         _0870_ (net)
                  0.03    0.00    5.76 ^ _1787_/B1_N (sky130_fd_sc_hd__a21bo_4)
     2    0.01    0.05    0.24    5.99 v _1787_/X (sky130_fd_sc_hd__a21bo_4)
                                         _0871_ (net)
                  0.05    0.00    6.00 v _1789_/A (sky130_fd_sc_hd__xor2_2)
     2    0.01    0.11    0.20    6.20 v _1789_/X (sky130_fd_sc_hd__xor2_2)
                                         _0873_ (net)
                  0.11    0.00    6.20 v _1832_/A2 (sky130_fd_sc_hd__o21bai_4)
     3    0.01    0.14    0.18    6.38 ^ _1832_/Y (sky130_fd_sc_hd__o21bai_4)
                                         _0916_ (net)
                  0.14    0.00    6.38 ^ _1834_/A1 (sky130_fd_sc_hd__a21o_1)
     2    0.01    0.13    0.21    6.59 ^ _1834_/X (sky130_fd_sc_hd__a21o_1)
                                         _0918_ (net)
                  0.13    0.00    6.59 ^ _1836_/A1 (sky130_fd_sc_hd__a21oi_4)
     3    0.02    0.06    0.09    6.68 v _1836_/Y (sky130_fd_sc_hd__a21oi_4)
                                         _0920_ (net)
                  0.06    0.00    6.68 v _1840_/A1 (sky130_fd_sc_hd__o211a_1)
     2    0.01    0.06    0.27    6.95 v _1840_/X (sky130_fd_sc_hd__o211a_1)
                                         _0924_ (net)
                  0.06    0.00    6.95 v _1841_/A2 (sky130_fd_sc_hd__o31a_4)
     4    0.02    0.07    0.39    7.33 v _1841_/X (sky130_fd_sc_hd__o31a_4)
                                         _0925_ (net)
                  0.07    0.00    7.33 v rebuffer28/A (sky130_fd_sc_hd__buf_8)
     1    0.02    0.03    0.14    7.47 v rebuffer28/X (sky130_fd_sc_hd__buf_8)
                                         net83 (net)
                  0.03    0.00    7.48 v _1879_/B (sky130_fd_sc_hd__xnor2_4)
     7    0.02    0.19    0.19    7.67 ^ _1879_/Y (sky130_fd_sc_hd__xnor2_4)
                                         _0963_ (net)
                  0.19    0.00    7.67 ^ _1934_/C (sky130_fd_sc_hd__and4_1)
     2    0.01    0.09    0.25    7.92 ^ _1934_/X (sky130_fd_sc_hd__and4_1)
                                         _1018_ (net)
                  0.09    0.00    7.92 ^ _1935_/A (sky130_fd_sc_hd__buf_6)
     5    0.01    0.04    0.12    8.04 ^ _1935_/X (sky130_fd_sc_hd__buf_6)
                                         _1019_ (net)
                  0.04    0.00    8.04 ^ _1936_/A (sky130_fd_sc_hd__and2_4)
     1    0.01    0.04    0.14    8.18 ^ _1936_/X (sky130_fd_sc_hd__and2_4)
                                         _1020_ (net)
                  0.04    0.00    8.18 ^ _1937_/A (sky130_fd_sc_hd__buf_8)
     7    0.04    0.07    0.13    8.30 ^ _1937_/X (sky130_fd_sc_hd__buf_8)
                                         _1021_ (net)
                  0.07    0.00    8.30 ^ _1942_/B (sky130_fd_sc_hd__xnor2_4)
     2    0.01    0.08    0.08    8.39 v _1942_/Y (sky130_fd_sc_hd__xnor2_4)
                                         _1026_ (net)
                  0.08    0.00    8.39 v _1952_/A1 (sky130_fd_sc_hd__o221a_1)
     2    0.01    0.08    0.32    8.70 v _1952_/X (sky130_fd_sc_hd__o221a_1)
                                         _1036_ (net)
                  0.08    0.00    8.70 v _1955_/A (sky130_fd_sc_hd__nor2b_2)
     2    0.02    0.19    0.21    8.92 ^ _1955_/Y (sky130_fd_sc_hd__nor2b_2)
                                         _1039_ (net)
                  0.19    0.00    8.92 ^ _1958_/A1 (sky130_fd_sc_hd__a31oi_4)
     5    0.01    0.09    0.13    9.04 v _1958_/Y (sky130_fd_sc_hd__a31oi_4)
                                         _1042_ (net)
                  0.09    0.00    9.04 v _1959_/B (sky130_fd_sc_hd__or3_4)
     4    0.02    0.10    0.45    9.49 v _1959_/X (sky130_fd_sc_hd__or3_4)
                                         _1043_ (net)
                  0.10    0.00    9.49 v _1965_/A2 (sky130_fd_sc_hd__a21o_4)
     2    0.02    0.06    0.27    9.77 v _1965_/X (sky130_fd_sc_hd__a21o_4)
                                         _1049_ (net)
                  0.06    0.00    9.77 v _1971_/A2 (sky130_fd_sc_hd__a21o_4)
     2    0.02    0.06    0.25   10.02 v _1971_/X (sky130_fd_sc_hd__a21o_4)
                                         _1055_ (net)
                  0.06    0.00   10.02 v _1977_/A2 (sky130_fd_sc_hd__a21bo_4)
     2    0.02    0.06    0.26   10.28 v _1977_/X (sky130_fd_sc_hd__a21bo_4)
                                         _1061_ (net)
                  0.06    0.00   10.28 v _1986_/A2 (sky130_fd_sc_hd__a21o_4)
     2    0.02    0.05    0.25   10.53 v _1986_/X (sky130_fd_sc_hd__a21o_4)
                                         _1070_ (net)
                  0.05    0.00   10.54 v _1989_/A2 (sky130_fd_sc_hd__a21o_1)
     2    0.02    0.10    0.25   10.79 v _1989_/X (sky130_fd_sc_hd__a21o_1)
                                         _1073_ (net)
                  0.10    0.00   10.79 v _1992_/A2 (sky130_fd_sc_hd__a21oi_4)
     3    0.02    0.19    0.24   11.03 ^ _1992_/Y (sky130_fd_sc_hd__a21oi_4)
                                         _1076_ (net)
                  0.19    0.00   11.03 ^ max_cap1/A (sky130_fd_sc_hd__buf_4)
     3    0.04    0.11    0.22   11.25 ^ max_cap1/X (sky130_fd_sc_hd__buf_4)
                                         net90 (net)
                  0.11    0.00   11.25 ^ _1993_/A (sky130_fd_sc_hd__xnor2_4)
     6    0.04    0.34    0.21   11.46 ^ _1993_/Y (sky130_fd_sc_hd__xnor2_4)
                                         _1077_ (net)
                  0.34    0.00   11.47 ^ _2029_/S (sky130_fd_sc_hd__mux2_4)
     5    0.01    0.06    0.38   11.84 v _2029_/X (sky130_fd_sc_hd__mux2_4)
                                         _1113_ (net)
                  0.06    0.00   11.84 v _2109_/A (sky130_fd_sc_hd__buf_2)
    10    0.03    0.07    0.18   12.02 v _2109_/X (sky130_fd_sc_hd__buf_2)
                                         _1193_ (net)
                  0.07    0.00   12.02 v _2230_/A1 (sky130_fd_sc_hd__a21o_1)
     3    0.01    0.06    0.20   12.22 v _2230_/X (sky130_fd_sc_hd__a21o_1)
                                         _1314_ (net)
                  0.06    0.00   12.22 v _2310_/A3 (sky130_fd_sc_hd__a311o_1)
     1    0.01    0.08    0.41   12.63 v _2310_/X (sky130_fd_sc_hd__a311o_1)
                                         _1394_ (net)
                  0.08    0.00   12.63 v _2315_/A3 (sky130_fd_sc_hd__a31oi_4)
     1    0.01    0.12    0.19   12.82 ^ _2315_/Y (sky130_fd_sc_hd__a31oi_4)
                                         _1399_ (net)
                  0.12    0.00   12.82 ^ _2316_/C1 (sky130_fd_sc_hd__a311o_1)
     3    0.01    0.14    0.20   13.02 ^ _2316_/X (sky130_fd_sc_hd__a311o_1)
                                         _1400_ (net)
                  0.14    0.00   13.02 ^ rebuffer6/A (sky130_fd_sc_hd__clkbuf_1)
     1    0.00    0.05    0.12   13.14 ^ rebuffer6/X (sky130_fd_sc_hd__clkbuf_1)
                                         net61 (net)
                  0.05    0.00   13.14 ^ _2320_/B (sky130_fd_sc_hd__nand3_1)
     2    0.01    0.10    0.12   13.26 v _2320_/Y (sky130_fd_sc_hd__nand3_1)
                                         _1404_ (net)
                  0.10    0.00   13.26 v _2357_/A1 (sky130_fd_sc_hd__a2111o_4)
     4    0.02    0.09    0.52   13.78 v _2357_/X (sky130_fd_sc_hd__a2111o_4)
                                         _1441_ (net)
                  0.09    0.00   13.78 v _2359_/A1 (sky130_fd_sc_hd__a21o_1)
     3    0.01    0.06    0.21   13.99 v _2359_/X (sky130_fd_sc_hd__a21o_1)
                                         _1443_ (net)
                  0.06    0.00   13.99 v _2374_/A1 (sky130_fd_sc_hd__a311o_1)
     3    0.01    0.09    0.32   14.31 v _2374_/X (sky130_fd_sc_hd__a311o_1)
                                         _1459_ (net)
                  0.09    0.00   14.31 v _2391_/A2 (sky130_fd_sc_hd__a2111o_1)
     2    0.01    0.10    0.50   14.81 v _2391_/X (sky130_fd_sc_hd__a2111o_1)
                                         _1478_ (net)
                  0.10    0.00   14.81 v _2400_/A1 (sky130_fd_sc_hd__a41oi_4)
     4    0.02    0.23    0.22   15.03 ^ _2400_/Y (sky130_fd_sc_hd__a41oi_4)
                                         _1488_ (net)
                  0.23    0.00   15.03 ^ _2437_/A1 (sky130_fd_sc_hd__a311oi_2)
     2    0.00    0.10    0.14   15.17 v _2437_/Y (sky130_fd_sc_hd__a311oi_2)
                                         _1527_ (net)
                  0.10    0.00   15.17 v _2461_/A1 (sky130_fd_sc_hd__a2111o_1)
     2    0.00    0.07    0.40   15.57 v _2461_/X (sky130_fd_sc_hd__a2111o_1)
                                         _0047_ (net)
                  0.07    0.00   15.57 v _2489_/A2 (sky130_fd_sc_hd__a21o_1)
     2    0.00    0.04    0.19   15.76 v _2489_/X (sky130_fd_sc_hd__a21o_1)
                                         _0077_ (net)
                  0.04    0.00   15.76 v _2495_/A (sky130_fd_sc_hd__and3_1)
     3    0.01    0.07    0.18   15.94 v _2495_/X (sky130_fd_sc_hd__and3_1)
                                         _0084_ (net)
                  0.07    0.00   15.94 v _2557_/A3 (sky130_fd_sc_hd__o311a_4)
     2    0.01    0.06    0.33   16.27 v _2557_/X (sky130_fd_sc_hd__o311a_4)
                                         _0152_ (net)
                  0.06    0.00   16.27 v _2570_/A3 (sky130_fd_sc_hd__o31a_4)
     3    0.01    0.06    0.31   16.58 v _2570_/X (sky130_fd_sc_hd__o31a_4)
                                         _0167_ (net)
                  0.06    0.00   16.59 v _2774_/S (sky130_fd_sc_hd__mux2_4)
     4    0.01    0.06    0.34   16.92 v _2774_/X (sky130_fd_sc_hd__mux2_4)
                                         _0391_ (net)
                  0.06    0.00   16.92 v _2790_/B2 (sky130_fd_sc_hd__a221o_1)
     1    0.00    0.06    0.34   17.27 v _2790_/X (sky130_fd_sc_hd__a221o_1)
                                         _0409_ (net)
                  0.06    0.00   17.27 v _2791_/A1 (sky130_fd_sc_hd__a21bo_1)
     1    0.00    0.04    0.18   17.45 v _2791_/X (sky130_fd_sc_hd__a21bo_1)
                                         _0410_ (net)
                  0.04    0.00   17.45 v _2792_/A1 (sky130_fd_sc_hd__a21o_1)
     1    0.00    0.04    0.16   17.61 v _2792_/X (sky130_fd_sc_hd__a21o_1)
                                         _0411_ (net)
                  0.04    0.00   17.61 v _2793_/A1 (sky130_fd_sc_hd__a21o_1)
     1    0.00    0.04    0.16   17.77 v _2793_/X (sky130_fd_sc_hd__a21o_1)
                                         _0412_ (net)
                  0.04    0.00   17.77 v _2794_/A1 (sky130_fd_sc_hd__a21o_1)
     1    0.00    0.03    0.15   17.92 v _2794_/X (sky130_fd_sc_hd__a21o_1)
                                         _0413_ (net)
                  0.03    0.00   17.92 v _2796_/A1 (sky130_fd_sc_hd__a21o_1)
     1    0.00    0.04    0.16   18.09 v _2796_/X (sky130_fd_sc_hd__a21o_1)
                                         _0415_ (net)
                  0.04    0.00   18.09 v _2797_/A1 (sky130_fd_sc_hd__a21o_1)
     1    0.00    0.04    0.16   18.25 v _2797_/X (sky130_fd_sc_hd__a21o_1)
                                         _0416_ (net)
                  0.04    0.00   18.25 v _2798_/A1 (sky130_fd_sc_hd__a21o_1)
     1    0.00    0.03    0.15   18.40 v _2798_/X (sky130_fd_sc_hd__a21o_1)
                                         _0417_ (net)
                  0.03    0.00   18.40 v _2800_/A1 (sky130_fd_sc_hd__a21o_1)
     1    0.00    0.04    0.16   18.56 v _2800_/X (sky130_fd_sc_hd__a21o_1)
                                         _0420_ (net)
                  0.04    0.00   18.56 v _2801_/A1 (sky130_fd_sc_hd__a21oi_1)
     1    0.00    0.10    0.11   18.67 ^ _2801_/Y (sky130_fd_sc_hd__a21oi_1)
                                         _0421_ (net)
                  0.10    0.00   18.67 ^ _2802_/A1 (sky130_fd_sc_hd__o21ba_1)
     1    0.00    0.05    0.15   18.82 ^ _2802_/X (sky130_fd_sc_hd__o21ba_1)
                                         _0422_ (net)
                  0.05    0.00   18.82 ^ _2804_/A1 (sky130_fd_sc_hd__o21ai_1)
     1    0.00    0.07    0.07   18.90 v _2804_/Y (sky130_fd_sc_hd__o21ai_1)
                                         _0424_ (net)
                  0.07    0.00   18.90 v _2805_/A1 (sky130_fd_sc_hd__a21o_1)
     4    0.02    0.09    0.23   19.13 v _2805_/X (sky130_fd_sc_hd__a21o_1)
                                         _0425_ (net)
                  0.09    0.00   19.13 v clone11/A (sky130_fd_sc_hd__buf_6)
     5    0.02    0.03    0.16   19.28 v clone11/X (sky130_fd_sc_hd__buf_6)
                                         net66 (net)
                  0.03    0.00   19.28 v _3032_/A4 (sky130_fd_sc_hd__a41o_1)
     2    0.01    0.06    0.27   19.55 v _3032_/X (sky130_fd_sc_hd__a41o_1)
                                         _0649_ (net)
                  0.06    0.00   19.55 v _3044_/A2 (sky130_fd_sc_hd__a21bo_1)
     2    0.01    0.07    0.24   19.79 v _3044_/X (sky130_fd_sc_hd__a21bo_1)
                                         _0661_ (net)
                  0.07    0.00   19.79 v _3056_/A2 (sky130_fd_sc_hd__a21oi_2)
     2    0.01    0.16    0.21   20.00 ^ _3056_/Y (sky130_fd_sc_hd__a21oi_2)
                                         _0673_ (net)
                  0.16    0.00   20.00 ^ _3059_/A (sky130_fd_sc_hd__xnor2_1)
     1    0.00    0.13    0.14   20.15 ^ _3059_/Y (sky130_fd_sc_hd__xnor2_1)
                                         _0676_ (net)
                  0.13    0.00   20.15 ^ _3060_/B (sky130_fd_sc_hd__nand2_1)
     1    0.00    0.05    0.07   20.22 v _3060_/Y (sky130_fd_sc_hd__nand2_1)
                                         _0678_ (net)
                  0.05    0.00   20.22 v _3061_/C1 (sky130_fd_sc_hd__o211a_1)
     1    0.00    0.04    0.11   20.33 v _3061_/X (sky130_fd_sc_hd__o211a_1)
                                         _0029_ (net)
                  0.04    0.00   20.33 v _3112_/D (sky130_fd_sc_hd__dfxtp_1)
                                 20.33   data arrival time

                         10.00   10.00   clock clock (rise edge)
                          0.00   10.00   clock source latency
     1    0.01    0.04    0.03   10.03 ^ clock (in)
                                         clock (net)
                  0.04    0.00   10.03 ^ clkbuf_0_clock/A (sky130_fd_sc_hd__clkbuf_16)
     4    0.03    0.05    0.13   10.15 ^ clkbuf_0_clock/X (sky130_fd_sc_hd__clkbuf_16)
                                         clknet_0_clock (net)
                  0.05    0.00   10.15 ^ clkbuf_2_2__f_clock/A (sky130_fd_sc_hd__clkbuf_16)
     7    0.02    0.04    0.12   10.28 ^ clkbuf_2_2__f_clock/X (sky130_fd_sc_hd__clkbuf_16)
                                         clknet_2_2__leaf_clock (net)
                  0.04    0.00   10.28 ^ _3112_/CLK (sky130_fd_sc_hd__dfxtp_1)
                         -0.25   10.03   clock uncertainty
                          0.00   10.03   clock reconvergence pessimism
                         -0.11    9.92   library setup time
                                  9.92   data required time
-----------------------------------------------------------------------------
                                  9.92   data required time
                                -20.33   data arrival time
-----------------------------------------------------------------------------
                                -10.41   slack (VIOLATED)


Startpoint: io_inScaleA[6] (input port clocked by clock)
Endpoint: _3111_ (rising edge-triggered flip-flop clocked by clock)
Path Group: clock
Path Type: max

Fanout     Cap    Slew   Delay    Time   Description
-----------------------------------------------------------------------------
                          0.00    0.00   clock clock (rise edge)
                          0.00    0.00   clock network delay (propagated)
                          2.00    2.00 v input external delay
     1    0.01    0.02    0.01    2.01 v io_inScaleA[6] (in)
                                         io_inScaleA[6] (net)
                  0.02    0.00    2.01 v input15/A (sky130_fd_sc_hd__buf_8)
     4    0.02    0.03    0.12    2.13 v input15/X (sky130_fd_sc_hd__buf_8)
                                         net15 (net)
                  0.03    0.00    2.13 v _1585_/A1 (sky130_fd_sc_hd__o21ai_4)
     5    0.03    0.27    0.26    2.39 ^ _1585_/Y (sky130_fd_sc_hd__o21ai_4)
                                         _0419_ (net)
                  0.27    0.00    2.39 ^ _1595_/B (sky130_fd_sc_hd__xnor2_2)
     1    0.01    0.07    0.12    2.51 v _1595_/Y (sky130_fd_sc_hd__xnor2_2)
                                         _0521_ (net)
                  0.07    0.00    2.51 v _1596_/A (sky130_fd_sc_hd__xnor2_2)
     2    0.01    0.23    0.26    2.77 ^ _1596_/Y (sky130_fd_sc_hd__xnor2_2)
                                         _0530_ (net)
                  0.23    0.00    2.77 ^ _1597_/A (sky130_fd_sc_hd__xnor2_2)
     2    0.01    0.09    0.14    2.91 v _1597_/Y (sky130_fd_sc_hd__xnor2_2)
                                         _0540_ (net)
                  0.09    0.00    2.91 v _1621_/B (sky130_fd_sc_hd__or3_4)
     1    0.00    0.06    0.39    3.30 v _1621_/X (sky130_fd_sc_hd__or3_4)
                                         _0705_ (net)
                  0.06    0.00    3.30 v _1622_/B1_N (sky130_fd_sc_hd__a21bo_4)
     2    0.01    0.05    0.20    3.50 ^ _1622_/X (sky130_fd_sc_hd__a21bo_4)
                                         _0706_ (net)
                  0.05    0.00    3.50 ^ _1626_/B (sky130_fd_sc_hd__xor2_2)
     2    0.01    0.19    0.21    3.71 ^ _1626_/X (sky130_fd_sc_hd__xor2_2)
                                         _0710_ (net)
                  0.19    0.00    3.71 ^ _1627_/A (sky130_fd_sc_hd__xnor2_2)
     2    0.02    0.31    0.21    3.92 ^ _1627_/Y (sky130_fd_sc_hd__xnor2_2)
                                         _0711_ (net)
                  0.31    0.00    3.92 ^ _1628_/A (sky130_fd_sc_hd__xor2_4)
     2    0.02    0.19    0.25    4.16 ^ _1628_/X (sky130_fd_sc_hd__xor2_4)
                                         _0712_ (net)
                  0.19    0.00    4.17 ^ _1633_/A_N (sky130_fd_sc_hd__and2b_1)
     1    0.00    0.03    0.21    4.38 v _1633_/X (sky130_fd_sc_hd__and2b_1)
                                         _0717_ (net)
                  0.03    0.00    4.38 v _1634_/B1 (sky130_fd_sc_hd__a31o_1)
     2    0.01    0.08    0.23    4.61 v _1634_/X (sky130_fd_sc_hd__a31o_1)
                                         _0718_ (net)
                  0.08    0.00    4.61 v _1722_/C (sky130_fd_sc_hd__or3_4)
     2    0.00    0.07    0.35    4.97 v _1722_/X (sky130_fd_sc_hd__or3_4)
                                         _0806_ (net)
                  0.07    0.00    4.97 v _1783_/A (sky130_fd_sc_hd__and3_1)
     1    0.01    0.06    0.19    5.15 v _1783_/X (sky130_fd_sc_hd__and3_1)
                                         _0867_ (net)
                  0.06    0.00    5.15 v _1784_/B (sky130_fd_sc_hd__xnor2_2)
     2    0.01    0.07    0.16    5.31 v _1784_/Y (sky130_fd_sc_hd__xnor2_2)
                                         _0868_ (net)
                  0.07    0.00    5.31 v _1785_/A (sky130_fd_sc_hd__xnor2_1)
     2    0.01    0.24    0.26    5.58 ^ _1785_/Y (sky130_fd_sc_hd__xnor2_1)
                                         _0869_ (net)
                  0.24    0.00    5.58 ^ _1786_/B (sky130_fd_sc_hd__or3_4)
     1    0.00    0.03    0.18    5.76 ^ _1786_/X (sky130_fd_sc_hd__or3_4)
                                         _0870_ (net)
                  0.03    0.00    5.76 ^ _1787_/B1_N (sky130_fd_sc_hd__a21bo_4)
     2    0.01    0.05    0.24    5.99 v _1787_/X (sky130_fd_sc_hd__a21bo_4)
                                         _0871_ (net)
                  0.05    0.00    6.00 v _1789_/A (sky130_fd_sc_hd__xor2_2)
     2    0.01    0.11    0.20    6.20 v _1789_/X (sky130_fd_sc_hd__xor2_2)
                                         _0873_ (net)
                  0.11    0.00    6.20 v _1832_/A2 (sky130_fd_sc_hd__o21bai_4)
     3    0.01    0.14    0.18    6.38 ^ _1832_/Y (sky130_fd_sc_hd__o21bai_4)
                                         _0916_ (net)
                  0.14    0.00    6.38 ^ _1834_/A1 (sky130_fd_sc_hd__a21o_1)
     2    0.01    0.13    0.21    6.59 ^ _1834_/X (sky130_fd_sc_hd__a21o_1)
                                         _0918_ (net)
                  0.13    0.00    6.59 ^ _1836_/A1 (sky130_fd_sc_hd__a21oi_4)
     3    0.02    0.06    0.09    6.68 v _1836_/Y (sky130_fd_sc_hd__a21oi_4)
                                         _0920_ (net)
                  0.06    0.00    6.68 v _1840_/A1 (sky130_fd_sc_hd__o211a_1)
     2    0.01    0.06    0.27    6.95 v _1840_/X (sky130_fd_sc_hd__o211a_1)
                                         _0924_ (net)
                  0.06    0.00    6.95 v _1841_/A2 (sky130_fd_sc_hd__o31a_4)
     4    0.02    0.07    0.39    7.33 v _1841_/X (sky130_fd_sc_hd__o31a_4)
                                         _0925_ (net)
                  0.07    0.00    7.33 v rebuffer28/A (sky130_fd_sc_hd__buf_8)
     1    0.02    0.03    0.14    7.47 v rebuffer28/X (sky130_fd_sc_hd__buf_8)
                                         net83 (net)
                  0.03    0.00    7.48 v _1879_/B (sky130_fd_sc_hd__xnor2_4)
     7    0.02    0.19    0.19    7.67 ^ _1879_/Y (sky130_fd_sc_hd__xnor2_4)
                                         _0963_ (net)
                  0.19    0.00    7.67 ^ _1934_/C (sky130_fd_sc_hd__and4_1)
     2    0.01    0.09    0.25    7.92 ^ _1934_/X (sky130_fd_sc_hd__and4_1)
                                         _1018_ (net)
                  0.09    0.00    7.92 ^ _1935_/A (sky130_fd_sc_hd__buf_6)
     5    0.01    0.04    0.12    8.04 ^ _1935_/X (sky130_fd_sc_hd__buf_6)
                                         _1019_ (net)
                  0.04    0.00    8.04 ^ _1936_/A (sky130_fd_sc_hd__and2_4)
     1    0.01    0.04    0.14    8.18 ^ _1936_/X (sky130_fd_sc_hd__and2_4)
                                         _1020_ (net)
                  0.04    0.00    8.18 ^ _1937_/A (sky130_fd_sc_hd__buf_8)
     7    0.04    0.07    0.13    8.30 ^ _1937_/X (sky130_fd_sc_hd__buf_8)
                                         _1021_ (net)
                  0.07    0.00    8.30 ^ _1942_/B (sky130_fd_sc_hd__xnor2_4)
     2    0.01    0.08    0.08    8.39 v _1942_/Y (sky130_fd_sc_hd__xnor2_4)
                                         _1026_ (net)
                  0.08    0.00    8.39 v _1952_/A1 (sky130_fd_sc_hd__o221a_1)
     2    0.01    0.08    0.32    8.70 v _1952_/X (sky130_fd_sc_hd__o221a_1)
                                         _1036_ (net)
                  0.08    0.00    8.70 v _1955_/A (sky130_fd_sc_hd__nor2b_2)
     2    0.02    0.19    0.21    8.92 ^ _1955_/Y (sky130_fd_sc_hd__nor2b_2)
                                         _1039_ (net)
                  0.19    0.00    8.92 ^ _1958_/A1 (sky130_fd_sc_hd__a31oi_4)
     5    0.01    0.09    0.13    9.04 v _1958_/Y (sky130_fd_sc_hd__a31oi_4)
                                         _1042_ (net)
                  0.09    0.00    9.04 v _1959_/B (sky130_fd_sc_hd__or3_4)
     4    0.02    0.10    0.45    9.49 v _1959_/X (sky130_fd_sc_hd__or3_4)
                                         _1043_ (net)
                  0.10    0.00    9.49 v _1965_/A2 (sky130_fd_sc_hd__a21o_4)
     2    0.02    0.06    0.27    9.77 v _1965_/X (sky130_fd_sc_hd__a21o_4)
                                         _1049_ (net)
                  0.06    0.00    9.77 v _1971_/A2 (sky130_fd_sc_hd__a21o_4)
     2    0.02    0.06    0.25   10.02 v _1971_/X (sky130_fd_sc_hd__a21o_4)
                                         _1055_ (net)
                  0.06    0.00   10.02 v _1977_/A2 (sky130_fd_sc_hd__a21bo_4)
     2    0.02    0.06    0.26   10.28 v _1977_/X (sky130_fd_sc_hd__a21bo_4)
                                         _1061_ (net)
                  0.06    0.00   10.28 v _1986_/A2 (sky130_fd_sc_hd__a21o_4)
     2    0.02    0.05    0.25   10.53 v _1986_/X (sky130_fd_sc_hd__a21o_4)
                                         _1070_ (net)
                  0.05    0.00   10.54 v _1989_/A2 (sky130_fd_sc_hd__a21o_1)
     2    0.02    0.10    0.25   10.79 v _1989_/X (sky130_fd_sc_hd__a21o_1)
                                         _1073_ (net)
                  0.10    0.00   10.79 v _1992_/A2 (sky130_fd_sc_hd__a21oi_4)
     3    0.02    0.19    0.24   11.03 ^ _1992_/Y (sky130_fd_sc_hd__a21oi_4)
                                         _1076_ (net)
                  0.19    0.00   11.03 ^ max_cap1/A (sky130_fd_sc_hd__buf_4)
     3    0.04    0.11    0.22   11.25 ^ max_cap1/X (sky130_fd_sc_hd__buf_4)
                                         net90 (net)
                  0.11    0.00   11.25 ^ _1993_/A (sky130_fd_sc_hd__xnor2_4)
     6    0.04    0.34    0.21   11.46 ^ _1993_/Y (sky130_fd_sc_hd__xnor2_4)
                                         _1077_ (net)
                  0.34    0.00   11.47 ^ _2029_/S (sky130_fd_sc_hd__mux2_4)
     5    0.01    0.06    0.38   11.84 v _2029_/X (sky130_fd_sc_hd__mux2_4)
                                         _1113_ (net)
                  0.06    0.00   11.84 v _2109_/A (sky130_fd_sc_hd__buf_2)
    10    0.03    0.07    0.18   12.02 v _2109_/X (sky130_fd_sc_hd__buf_2)
                                         _1193_ (net)
                  0.07    0.00   12.02 v _2230_/A1 (sky130_fd_sc_hd__a21o_1)
     3    0.01    0.06    0.20   12.22 v _2230_/X (sky130_fd_sc_hd__a21o_1)
                                         _1314_ (net)
                  0.06    0.00   12.22 v _2310_/A3 (sky130_fd_sc_hd__a311o_1)
     1    0.01    0.08    0.41   12.63 v _2310_/X (sky130_fd_sc_hd__a311o_1)
                                         _1394_ (net)
                  0.08    0.00   12.63 v _2315_/A3 (sky130_fd_sc_hd__a31oi_4)
     1    0.01    0.12    0.19   12.82 ^ _2315_/Y (sky130_fd_sc_hd__a31oi_4)
                                         _1399_ (net)
                  0.12    0.00   12.82 ^ _2316_/C1 (sky130_fd_sc_hd__a311o_1)
     3    0.01    0.14    0.20   13.02 ^ _2316_/X (sky130_fd_sc_hd__a311o_1)
                                         _1400_ (net)
                  0.14    0.00   13.02 ^ rebuffer6/A (sky130_fd_sc_hd__clkbuf_1)
     1    0.00    0.05    0.12   13.14 ^ rebuffer6/X (sky130_fd_sc_hd__clkbuf_1)
                                         net61 (net)
                  0.05    0.00   13.14 ^ _2320_/B (sky130_fd_sc_hd__nand3_1)
     2    0.01    0.10    0.12   13.26 v _2320_/Y (sky130_fd_sc_hd__nand3_1)
                                         _1404_ (net)
                  0.10    0.00   13.26 v _2357_/A1 (sky130_fd_sc_hd__a2111o_4)
     4    0.02    0.09    0.52   13.78 v _2357_/X (sky130_fd_sc_hd__a2111o_4)
                                         _1441_ (net)
                  0.09    0.00   13.78 v _2359_/A1 (sky130_fd_sc_hd__a21o_1)
     3    0.01    0.06    0.21   13.99 v _2359_/X (sky130_fd_sc_hd__a21o_1)
                                         _1443_ (net)
                  0.06    0.00   13.99 v _2374_/A1 (sky130_fd_sc_hd__a311o_1)
     3    0.01    0.09    0.32   14.31 v _2374_/X (sky130_fd_sc_hd__a311o_1)
                                         _1459_ (net)
                  0.09    0.00   14.31 v _2391_/A2 (sky130_fd_sc_hd__a2111o_1)
     2    0.01    0.10    0.50   14.81 v _2391_/X (sky130_fd_sc_hd__a2111o_1)
                                         _1478_ (net)
                  0.10    0.00   14.81 v _2400_/A1 (sky130_fd_sc_hd__a41oi_4)
     4    0.02    0.23    0.22   15.03 ^ _2400_/Y (sky130_fd_sc_hd__a41oi_4)
                                         _1488_ (net)
                  0.23    0.00   15.03 ^ _2437_/A1 (sky130_fd_sc_hd__a311oi_2)
     2    0.00    0.10    0.14   15.17 v _2437_/Y (sky130_fd_sc_hd__a311oi_2)
                                         _1527_ (net)
                  0.10    0.00   15.17 v _2461_/A1 (sky130_fd_sc_hd__a2111o_1)
     2    0.00    0.07    0.40   15.57 v _2461_/X (sky130_fd_sc_hd__a2111o_1)
                                         _0047_ (net)
                  0.07    0.00   15.57 v _2489_/A2 (sky130_fd_sc_hd__a21o_1)
     2    0.00    0.04    0.19   15.76 v _2489_/X (sky130_fd_sc_hd__a21o_1)
                                         _0077_ (net)
                  0.04    0.00   15.76 v _2495_/A (sky130_fd_sc_hd__and3_1)
     3    0.01    0.07    0.18   15.94 v _2495_/X (sky130_fd_sc_hd__and3_1)
                                         _0084_ (net)
                  0.07    0.00   15.94 v _2557_/A3 (sky130_fd_sc_hd__o311a_4)
     2    0.01    0.06    0.33   16.27 v _2557_/X (sky130_fd_sc_hd__o311a_4)
                                         _0152_ (net)
                  0.06    0.00   16.27 v _2570_/A3 (sky130_fd_sc_hd__o31a_4)
     3    0.01    0.06    0.31   16.58 v _2570_/X (sky130_fd_sc_hd__o31a_4)
                                         _0167_ (net)
                  0.06    0.00   16.59 v _2774_/S (sky130_fd_sc_hd__mux2_4)
     4    0.01    0.06    0.34   16.92 v _2774_/X (sky130_fd_sc_hd__mux2_4)
                                         _0391_ (net)
                  0.06    0.00   16.92 v _2790_/B2 (sky130_fd_sc_hd__a221o_1)
     1    0.00    0.06    0.34   17.27 v _2790_/X (sky130_fd_sc_hd__a221o_1)
                                         _0409_ (net)
                  0.06    0.00   17.27 v _2791_/A1 (sky130_fd_sc_hd__a21bo_1)
     1    0.00    0.04    0.18   17.45 v _2791_/X (sky130_fd_sc_hd__a21bo_1)
                                         _0410_ (net)
                  0.04    0.00   17.45 v _2792_/A1 (sky130_fd_sc_hd__a21o_1)
     1    0.00    0.04    0.16   17.61 v _2792_/X (sky130_fd_sc_hd__a21o_1)
                                         _0411_ (net)
                  0.04    0.00   17.61 v _2793_/A1 (sky130_fd_sc_hd__a21o_1)
     1    0.00    0.04    0.16   17.77 v _2793_/X (sky130_fd_sc_hd__a21o_1)
                                         _0412_ (net)
                  0.04    0.00   17.77 v _2794_/A1 (sky130_fd_sc_hd__a21o_1)
     1    0.00    0.03    0.15   17.92 v _2794_/X (sky130_fd_sc_hd__a21o_1)
                                         _0413_ (net)
                  0.03    0.00   17.92 v _2796_/A1 (sky130_fd_sc_hd__a21o_1)
     1    0.00    0.04    0.16   18.09 v _2796_/X (sky130_fd_sc_hd__a21o_1)
                                         _0415_ (net)
                  0.04    0.00   18.09 v _2797_/A1 (sky130_fd_sc_hd__a21o_1)
     1    0.00    0.04    0.16   18.25 v _2797_/X (sky130_fd_sc_hd__a21o_1)
                                         _0416_ (net)
                  0.04    0.00   18.25 v _2798_/A1 (sky130_fd_sc_hd__a21o_1)
     1    0.00    0.03    0.15   18.40 v _2798_/X (sky130_fd_sc_hd__a21o_1)
                                         _0417_ (net)
                  0.03    0.00   18.40 v _2800_/A1 (sky130_fd_sc_hd__a21o_1)
     1    0.00    0.04    0.16   18.56 v _2800_/X (sky130_fd_sc_hd__a21o_1)
                                         _0420_ (net)
                  0.04    0.00   18.56 v _2801_/A1 (sky130_fd_sc_hd__a21oi_1)
     1    0.00    0.10    0.11   18.67 ^ _2801_/Y (sky130_fd_sc_hd__a21oi_1)
                                         _0421_ (net)
                  0.10    0.00   18.67 ^ _2802_/A1 (sky130_fd_sc_hd__o21ba_1)
     1    0.00    0.05    0.15   18.82 ^ _2802_/X (sky130_fd_sc_hd__o21ba_1)
                                         _0422_ (net)
                  0.05    0.00   18.82 ^ _2804_/A1 (sky130_fd_sc_hd__o21ai_1)
     1    0.00    0.07    0.07   18.90 v _2804_/Y (sky130_fd_sc_hd__o21ai_1)
                                         _0424_ (net)
                  0.07    0.00   18.90 v _2805_/A1 (sky130_fd_sc_hd__a21o_1)
     4    0.02    0.09    0.23   19.13 v _2805_/X (sky130_fd_sc_hd__a21o_1)
                                         _0425_ (net)
                  0.09    0.00   19.13 v clone11/A (sky130_fd_sc_hd__buf_6)
     5    0.02    0.03    0.16   19.28 v clone11/X (sky130_fd_sc_hd__buf_6)
                                         net66 (net)
                  0.03    0.00   19.28 v _3032_/A4 (sky130_fd_sc_hd__a41o_1)
     2    0.01    0.06    0.27   19.55 v _3032_/X (sky130_fd_sc_hd__a41o_1)
                                         _0649_ (net)
                  0.06    0.00   19.55 v _3044_/A2 (sky130_fd_sc_hd__a21bo_1)
     2    0.01    0.07    0.24   19.79 v _3044_/X (sky130_fd_sc_hd__a21bo_1)
                                         _0661_ (net)
                  0.07    0.00   19.79 v _3053_/A (sky130_fd_sc_hd__xnor2_1)
     1    0.00    0.04    0.14   19.93 v _3053_/Y (sky130_fd_sc_hd__xnor2_1)
                                         _0671_ (net)
                  0.04    0.00   19.93 v _3055_/A2 (sky130_fd_sc_hd__o211a_1)
     1    0.00    0.04    0.21   20.14 v _3055_/X (sky130_fd_sc_hd__o211a_1)
                                         _0028_ (net)
                  0.04    0.00   20.14 v _3111_/D (sky130_fd_sc_hd__dfxtp_1)
                                 20.14   data arrival time

                         10.00   10.00   clock clock (rise edge)
                          0.00   10.00   clock source latency
     1    0.01    0.04    0.03   10.03 ^ clock (in)
                                         clock (net)
                  0.04    0.00   10.03 ^ clkbuf_0_clock/A (sky130_fd_sc_hd__clkbuf_16)
     4    0.03    0.05    0.13   10.15 ^ clkbuf_0_clock/X (sky130_fd_sc_hd__clkbuf_16)
                                         clknet_0_clock (net)
                  0.05    0.00   10.15 ^ clkbuf_2_2__f_clock/A (sky130_fd_sc_hd__clkbuf_16)
     7    0.02    0.04    0.12   10.28 ^ clkbuf_2_2__f_clock/X (sky130_fd_sc_hd__clkbuf_16)
                                         clknet_2_2__leaf_clock (net)
                  0.04    0.00   10.28 ^ _3111_/CLK (sky130_fd_sc_hd__dfxtp_1)
                         -0.25   10.03   clock uncertainty
                          0.00   10.03   clock reconvergence pessimism
                         -0.11    9.92   library setup time
                                  9.92   data required time
-----------------------------------------------------------------------------
                                  9.92   data required time
                                -20.14   data arrival time
-----------------------------------------------------------------------------
                                -10.22   slack (VIOLATED)


Startpoint: io_inScaleA[6] (input port clocked by clock)
Endpoint: _3107_ (rising edge-triggered flip-flop clocked by clock)
Path Group: clock
Path Type: max

Fanout     Cap    Slew   Delay    Time   Description
-----------------------------------------------------------------------------
                          0.00    0.00   clock clock (rise edge)
                          0.00    0.00   clock network delay (propagated)
                          2.00    2.00 v input external delay
     1    0.01    0.02    0.01    2.01 v io_inScaleA[6] (in)
                                         io_inScaleA[6] (net)
                  0.02    0.00    2.01 v input15/A (sky130_fd_sc_hd__buf_8)
     4    0.02    0.03    0.12    2.13 v input15/X (sky130_fd_sc_hd__buf_8)
                                         net15 (net)
                  0.03    0.00    2.13 v _1585_/A1 (sky130_fd_sc_hd__o21ai_4)
     5    0.03    0.27    0.26    2.39 ^ _1585_/Y (sky130_fd_sc_hd__o21ai_4)
                                         _0419_ (net)
                  0.27    0.00    2.39 ^ _1595_/B (sky130_fd_sc_hd__xnor2_2)
     1    0.01    0.07    0.12    2.51 v _1595_/Y (sky130_fd_sc_hd__xnor2_2)
                                         _0521_ (net)
                  0.07    0.00    2.51 v _1596_/A (sky130_fd_sc_hd__xnor2_2)
     2    0.01    0.23    0.26    2.77 ^ _1596_/Y (sky130_fd_sc_hd__xnor2_2)
                                         _0530_ (net)
                  0.23    0.00    2.77 ^ _1597_/A (sky130_fd_sc_hd__xnor2_2)
     2    0.01    0.09    0.14    2.91 v _1597_/Y (sky130_fd_sc_hd__xnor2_2)
                                         _0540_ (net)
                  0.09    0.00    2.91 v _1621_/B (sky130_fd_sc_hd__or3_4)
     1    0.00    0.06    0.39    3.30 v _1621_/X (sky130_fd_sc_hd__or3_4)
                                         _0705_ (net)
                  0.06    0.00    3.30 v _1622_/B1_N (sky130_fd_sc_hd__a21bo_4)
     2    0.01    0.05    0.20    3.50 ^ _1622_/X (sky130_fd_sc_hd__a21bo_4)
                                         _0706_ (net)
                  0.05    0.00    3.50 ^ _1626_/B (sky130_fd_sc_hd__xor2_2)
     2    0.01    0.19    0.21    3.71 ^ _1626_/X (sky130_fd_sc_hd__xor2_2)
                                         _0710_ (net)
                  0.19    0.00    3.71 ^ _1627_/A (sky130_fd_sc_hd__xnor2_2)
     2    0.02    0.31    0.21    3.92 ^ _1627_/Y (sky130_fd_sc_hd__xnor2_2)
                                         _0711_ (net)
                  0.31    0.00    3.92 ^ _1628_/A (sky130_fd_sc_hd__xor2_4)
     2    0.02    0.19    0.25    4.16 ^ _1628_/X (sky130_fd_sc_hd__xor2_4)
                                         _0712_ (net)
                  0.19    0.00    4.17 ^ _1633_/A_N (sky130_fd_sc_hd__and2b_1)
     1    0.00    0.03    0.21    4.38 v _1633_/X (sky130_fd_sc_hd__and2b_1)
                                         _0717_ (net)
                  0.03    0.00    4.38 v _1634_/B1 (sky130_fd_sc_hd__a31o_1)
     2    0.01    0.08    0.23    4.61 v _1634_/X (sky130_fd_sc_hd__a31o_1)
                                         _0718_ (net)
                  0.08    0.00    4.61 v _1722_/C (sky130_fd_sc_hd__or3_4)
     2    0.00    0.07    0.35    4.97 v _1722_/X (sky130_fd_sc_hd__or3_4)
                                         _0806_ (net)
                  0.07    0.00    4.97 v _1783_/A (sky130_fd_sc_hd__and3_1)
     1    0.01    0.06    0.19    5.15 v _1783_/X (sky130_fd_sc_hd__and3_1)
                                         _0867_ (net)
                  0.06    0.00    5.15 v _1784_/B (sky130_fd_sc_hd__xnor2_2)
     2    0.01    0.07    0.16    5.31 v _1784_/Y (sky130_fd_sc_hd__xnor2_2)
                                         _0868_ (net)
                  0.07    0.00    5.31 v _1785_/A (sky130_fd_sc_hd__xnor2_1)
     2    0.01    0.24    0.26    5.58 ^ _1785_/Y (sky130_fd_sc_hd__xnor2_1)
                                         _0869_ (net)
                  0.24    0.00    5.58 ^ _1786_/B (sky130_fd_sc_hd__or3_4)
     1    0.00    0.03    0.18    5.76 ^ _1786_/X (sky130_fd_sc_hd__or3_4)
                                         _0870_ (net)
                  0.03    0.00    5.76 ^ _1787_/B1_N (sky130_fd_sc_hd__a21bo_4)
     2    0.01    0.05    0.24    5.99 v _1787_/X (sky130_fd_sc_hd__a21bo_4)
                                         _0871_ (net)
                  0.05    0.00    6.00 v _1789_/A (sky130_fd_sc_hd__xor2_2)
     2    0.01    0.11    0.20    6.20 v _1789_/X (sky130_fd_sc_hd__xor2_2)
                                         _0873_ (net)
                  0.11    0.00    6.20 v _1832_/A2 (sky130_fd_sc_hd__o21bai_4)
     3    0.01    0.14    0.18    6.38 ^ _1832_/Y (sky130_fd_sc_hd__o21bai_4)
                                         _0916_ (net)
                  0.14    0.00    6.38 ^ _1834_/A1 (sky130_fd_sc_hd__a21o_1)
     2    0.01    0.13    0.21    6.59 ^ _1834_/X (sky130_fd_sc_hd__a21o_1)
                                         _0918_ (net)
                  0.13    0.00    6.59 ^ _1836_/A1 (sky130_fd_sc_hd__a21oi_4)
     3    0.02    0.06    0.09    6.68 v _1836_/Y (sky130_fd_sc_hd__a21oi_4)
                                         _0920_ (net)
                  0.06    0.00    6.68 v _1840_/A1 (sky130_fd_sc_hd__o211a_1)
     2    0.01    0.06    0.27    6.95 v _1840_/X (sky130_fd_sc_hd__o211a_1)
                                         _0924_ (net)
                  0.06    0.00    6.95 v _1841_/A2 (sky130_fd_sc_hd__o31a_4)
     4    0.02    0.07    0.39    7.33 v _1841_/X (sky130_fd_sc_hd__o31a_4)
                                         _0925_ (net)
                  0.07    0.00    7.33 v rebuffer28/A (sky130_fd_sc_hd__buf_8)
     1    0.02    0.03    0.14    7.47 v rebuffer28/X (sky130_fd_sc_hd__buf_8)
                                         net83 (net)
                  0.03    0.00    7.48 v _1879_/B (sky130_fd_sc_hd__xnor2_4)
     7    0.02    0.19    0.19    7.67 ^ _1879_/Y (sky130_fd_sc_hd__xnor2_4)
                                         _0963_ (net)
                  0.19    0.00    7.67 ^ _1934_/C (sky130_fd_sc_hd__and4_1)
     2    0.01    0.09    0.25    7.92 ^ _1934_/X (sky130_fd_sc_hd__and4_1)
                                         _1018_ (net)
                  0.09    0.00    7.92 ^ _1935_/A (sky130_fd_sc_hd__buf_6)
     5    0.01    0.04    0.12    8.04 ^ _1935_/X (sky130_fd_sc_hd__buf_6)
                                         _1019_ (net)
                  0.04    0.00    8.04 ^ _1936_/A (sky130_fd_sc_hd__and2_4)
     1    0.01    0.04    0.14    8.18 ^ _1936_/X (sky130_fd_sc_hd__and2_4)
                                         _1020_ (net)
                  0.04    0.00    8.18 ^ _1937_/A (sky130_fd_sc_hd__buf_8)
     7    0.04    0.07    0.13    8.30 ^ _1937_/X (sky130_fd_sc_hd__buf_8)
                                         _1021_ (net)
                  0.07    0.00    8.30 ^ _1942_/B (sky130_fd_sc_hd__xnor2_4)
     2    0.01    0.08    0.08    8.39 v _1942_/Y (sky130_fd_sc_hd__xnor2_4)
                                         _1026_ (net)
                  0.08    0.00    8.39 v _1952_/A1 (sky130_fd_sc_hd__o221a_1)
     2    0.01    0.08    0.32    8.70 v _1952_/X (sky130_fd_sc_hd__o221a_1)
                                         _1036_ (net)
                  0.08    0.00    8.70 v _1955_/A (sky130_fd_sc_hd__nor2b_2)
     2    0.02    0.19    0.21    8.92 ^ _1955_/Y (sky130_fd_sc_hd__nor2b_2)
                                         _1039_ (net)
                  0.19    0.00    8.92 ^ _1958_/A1 (sky130_fd_sc_hd__a31oi_4)
     5    0.01    0.09    0.13    9.04 v _1958_/Y (sky130_fd_sc_hd__a31oi_4)
                                         _1042_ (net)
                  0.09    0.00    9.04 v _1959_/B (sky130_fd_sc_hd__or3_4)
     4    0.02    0.10    0.45    9.49 v _1959_/X (sky130_fd_sc_hd__or3_4)
                                         _1043_ (net)
                  0.10    0.00    9.49 v _1965_/A2 (sky130_fd_sc_hd__a21o_4)
     2    0.02    0.06    0.27    9.77 v _1965_/X (sky130_fd_sc_hd__a21o_4)
                                         _1049_ (net)
                  0.06    0.00    9.77 v _1971_/A2 (sky130_fd_sc_hd__a21o_4)
     2    0.02    0.06    0.25   10.02 v _1971_/X (sky130_fd_sc_hd__a21o_4)
                                         _1055_ (net)
                  0.06    0.00   10.02 v _1977_/A2 (sky130_fd_sc_hd__a21bo_4)
     2    0.02    0.06    0.26   10.28 v _1977_/X (sky130_fd_sc_hd__a21bo_4)
                                         _1061_ (net)
                  0.06    0.00   10.28 v _1986_/A2 (sky130_fd_sc_hd__a21o_4)
     2    0.02    0.05    0.25   10.53 v _1986_/X (sky130_fd_sc_hd__a21o_4)
                                         _1070_ (net)
                  0.05    0.00   10.54 v _1989_/A2 (sky130_fd_sc_hd__a21o_1)
     2    0.02    0.10    0.25   10.79 v _1989_/X (sky130_fd_sc_hd__a21o_1)
                                         _1073_ (net)
                  0.10    0.00   10.79 v _1992_/A2 (sky130_fd_sc_hd__a21oi_4)
     3    0.02    0.19    0.24   11.03 ^ _1992_/Y (sky130_fd_sc_hd__a21oi_4)
                                         _1076_ (net)
                  0.19    0.00   11.03 ^ max_cap1/A (sky130_fd_sc_hd__buf_4)
     3    0.04    0.11    0.22   11.25 ^ max_cap1/X (sky130_fd_sc_hd__buf_4)
                                         net90 (net)
                  0.11    0.00   11.25 ^ _1993_/A (sky130_fd_sc_hd__xnor2_4)
     6    0.04    0.34    0.21   11.46 ^ _1993_/Y (sky130_fd_sc_hd__xnor2_4)
                                         _1077_ (net)
                  0.34    0.00   11.47 ^ _2029_/S (sky130_fd_sc_hd__mux2_4)
     5    0.01    0.06    0.38   11.84 v _2029_/X (sky130_fd_sc_hd__mux2_4)
                                         _1113_ (net)
                  0.06    0.00   11.84 v _2109_/A (sky130_fd_sc_hd__buf_2)
    10    0.03    0.07    0.18   12.02 v _2109_/X (sky130_fd_sc_hd__buf_2)
                                         _1193_ (net)
                  0.07    0.00   12.02 v _2230_/A1 (sky130_fd_sc_hd__a21o_1)
     3    0.01    0.06    0.20   12.22 v _2230_/X (sky130_fd_sc_hd__a21o_1)
                                         _1314_ (net)
                  0.06    0.00   12.22 v _2310_/A3 (sky130_fd_sc_hd__a311o_1)
     1    0.01    0.08    0.41   12.63 v _2310_/X (sky130_fd_sc_hd__a311o_1)
                                         _1394_ (net)
                  0.08    0.00   12.63 v _2315_/A3 (sky130_fd_sc_hd__a31oi_4)
     1    0.01    0.12    0.19   12.82 ^ _2315_/Y (sky130_fd_sc_hd__a31oi_4)
                                         _1399_ (net)
                  0.12    0.00   12.82 ^ _2316_/C1 (sky130_fd_sc_hd__a311o_1)
     3    0.01    0.14    0.20   13.02 ^ _2316_/X (sky130_fd_sc_hd__a311o_1)
                                         _1400_ (net)
                  0.14    0.00   13.02 ^ rebuffer6/A (sky130_fd_sc_hd__clkbuf_1)
     1    0.00    0.05    0.12   13.14 ^ rebuffer6/X (sky130_fd_sc_hd__clkbuf_1)
                                         net61 (net)
                  0.05    0.00   13.14 ^ _2320_/B (sky130_fd_sc_hd__nand3_1)
     2    0.01    0.10    0.12   13.26 v _2320_/Y (sky130_fd_sc_hd__nand3_1)
                                         _1404_ (net)
                  0.10    0.00   13.26 v _2357_/A1 (sky130_fd_sc_hd__a2111o_4)
     4    0.02    0.09    0.52   13.78 v _2357_/X (sky130_fd_sc_hd__a2111o_4)
                                         _1441_ (net)
                  0.09    0.00   13.78 v _2359_/A1 (sky130_fd_sc_hd__a21o_1)
     3    0.01    0.06    0.21   13.99 v _2359_/X (sky130_fd_sc_hd__a21o_1)
                                         _1443_ (net)
                  0.06    0.00   13.99 v _2374_/A1 (sky130_fd_sc_hd__a311o_1)
     3    0.01    0.09    0.32   14.31 v _2374_/X (sky130_fd_sc_hd__a311o_1)
                                         _1459_ (net)
                  0.09    0.00   14.31 v _2391_/A2 (sky130_fd_sc_hd__a2111o_1)
     2    0.01    0.10    0.50   14.81 v _2391_/X (sky130_fd_sc_hd__a2111o_1)
                                         _1478_ (net)
                  0.10    0.00   14.81 v _2400_/A1 (sky130_fd_sc_hd__a41oi_4)
     4    0.02    0.23    0.22   15.03 ^ _2400_/Y (sky130_fd_sc_hd__a41oi_4)
                                         _1488_ (net)
                  0.23    0.00   15.03 ^ _2437_/A1 (sky130_fd_sc_hd__a311oi_2)
     2    0.00    0.10    0.14   15.17 v _2437_/Y (sky130_fd_sc_hd__a311oi_2)
                                         _1527_ (net)
                  0.10    0.00   15.17 v _2461_/A1 (sky130_fd_sc_hd__a2111o_1)
     2    0.00    0.07    0.40   15.57 v _2461_/X (sky130_fd_sc_hd__a2111o_1)
                                         _0047_ (net)
                  0.07    0.00   15.57 v _2489_/A2 (sky130_fd_sc_hd__a21o_1)
     2    0.00    0.04    0.19   15.76 v _2489_/X (sky130_fd_sc_hd__a21o_1)
                                         _0077_ (net)
                  0.04    0.00   15.76 v _2495_/A (sky130_fd_sc_hd__and3_1)
     3    0.01    0.07    0.18   15.94 v _2495_/X (sky130_fd_sc_hd__and3_1)
                                         _0084_ (net)
                  0.07    0.00   15.94 v _2557_/A3 (sky130_fd_sc_hd__o311a_4)
     2    0.01    0.06    0.33   16.27 v _2557_/X (sky130_fd_sc_hd__o311a_4)
                                         _0152_ (net)
                  0.06    0.00   16.27 v _2570_/A3 (sky130_fd_sc_hd__o31a_4)
     3    0.01    0.06    0.31   16.58 v _2570_/X (sky130_fd_sc_hd__o31a_4)
                                         _0167_ (net)
                  0.06    0.00   16.59 v _2774_/S (sky130_fd_sc_hd__mux2_4)
     4    0.01    0.06    0.34   16.92 v _2774_/X (sky130_fd_sc_hd__mux2_4)
                                         _0391_ (net)
                  0.06    0.00   16.92 v _2790_/B2 (sky130_fd_sc_hd__a221o_1)
     1    0.00    0.06    0.34   17.27 v _2790_/X (sky130_fd_sc_hd__a221o_1)
                                         _0409_ (net)
                  0.06    0.00   17.27 v _2791_/A1 (sky130_fd_sc_hd__a21bo_1)
     1    0.00    0.04    0.18   17.45 v _2791_/X (sky130_fd_sc_hd__a21bo_1)
                                         _0410_ (net)
                  0.04    0.00   17.45 v _2792_/A1 (sky130_fd_sc_hd__a21o_1)
     1    0.00    0.04    0.16   17.61 v _2792_/X (sky130_fd_sc_hd__a21o_1)
                                         _0411_ (net)
                  0.04    0.00   17.61 v _2793_/A1 (sky130_fd_sc_hd__a21o_1)
     1    0.00    0.04    0.16   17.77 v _2793_/X (sky130_fd_sc_hd__a21o_1)
                                         _0412_ (net)
                  0.04    0.00   17.77 v _2794_/A1 (sky130_fd_sc_hd__a21o_1)
     1    0.00    0.03    0.15   17.92 v _2794_/X (sky130_fd_sc_hd__a21o_1)
                                         _0413_ (net)
                  0.03    0.00   17.92 v _2796_/A1 (sky130_fd_sc_hd__a21o_1)
     1    0.00    0.04    0.16   18.09 v _2796_/X (sky130_fd_sc_hd__a21o_1)
                                         _0415_ (net)
                  0.04    0.00   18.09 v _2797_/A1 (sky130_fd_sc_hd__a21o_1)
     1    0.00    0.04    0.16   18.25 v _2797_/X (sky130_fd_sc_hd__a21o_1)
                                         _0416_ (net)
                  0.04    0.00   18.25 v _2798_/A1 (sky130_fd_sc_hd__a21o_1)
     1    0.00    0.03    0.15   18.40 v _2798_/X (sky130_fd_sc_hd__a21o_1)
                                         _0417_ (net)
                  0.03    0.00   18.40 v _2800_/A1 (sky130_fd_sc_hd__a21o_1)
     1    0.00    0.04    0.16   18.56 v _2800_/X (sky130_fd_sc_hd__a21o_1)
                                         _0420_ (net)
                  0.04    0.00   18.56 v _2801_/A1 (sky130_fd_sc_hd__a21oi_1)
     1    0.00    0.10    0.11   18.67 ^ _2801_/Y (sky130_fd_sc_hd__a21oi_1)
                                         _0421_ (net)
                  0.10    0.00   18.67 ^ _2802_/A1 (sky130_fd_sc_hd__o21ba_1)
     1    0.00    0.05    0.15   18.82 ^ _2802_/X (sky130_fd_sc_hd__o21ba_1)
                                         _0422_ (net)
                  0.05    0.00   18.82 ^ _2804_/A1 (sky130_fd_sc_hd__o21ai_1)
     1    0.00    0.07    0.07   18.90 v _2804_/Y (sky130_fd_sc_hd__o21ai_1)
                                         _0424_ (net)
                  0.07    0.00   18.90 v _2805_/A1 (sky130_fd_sc_hd__a21o_1)
     4    0.02    0.09    0.23   19.13 v _2805_/X (sky130_fd_sc_hd__a21o_1)
                                         _0425_ (net)
                  0.09    0.00   19.13 v _2806_/A (sky130_fd_sc_hd__buf_6)
     6    0.03    0.04    0.16   19.29 v _2806_/X (sky130_fd_sc_hd__buf_6)
                                         _0426_ (net)
                  0.04    0.00   19.29 v clone27/A (sky130_fd_sc_hd__clkbuf_16)
     5    0.03    0.04    0.16   19.45 v clone27/X (sky130_fd_sc_hd__clkbuf_16)
                                         net82 (net)
                  0.04    0.00   19.45 v _3007_/A (sky130_fd_sc_hd__or2_1)
     1    0.00    0.05    0.23   19.67 v _3007_/X (sky130_fd_sc_hd__or2_1)
                                         _0624_ (net)
                  0.05    0.00   19.67 v _3008_/B (sky130_fd_sc_hd__and2_1)
     1    0.00    0.04    0.16   19.83 v _3008_/X (sky130_fd_sc_hd__and2_1)
                                         _0625_ (net)
                  0.04    0.00   19.83 v _3010_/A2 (sky130_fd_sc_hd__o211a_1)
     1    0.00    0.04    0.20   20.04 v _3010_/X (sky130_fd_sc_hd__o211a_1)
                                         _0024_ (net)
                  0.04    0.00   20.04 v _3107_/D (sky130_fd_sc_hd__dfxtp_1)
                                 20.04   data arrival time

                         10.00   10.00   clock clock (rise edge)
                          0.00   10.00   clock source latency
     1    0.01    0.04    0.03   10.03 ^ clock (in)
                                         clock (net)
                  0.04    0.00   10.03 ^ clkbuf_0_clock/A (sky130_fd_sc_hd__clkbuf_16)
     4    0.03    0.05    0.13   10.15 ^ clkbuf_0_clock/X (sky130_fd_sc_hd__clkbuf_16)
                                         clknet_0_clock (net)
                  0.05    0.00   10.15 ^ clkbuf_2_2__f_clock/A (sky130_fd_sc_hd__clkbuf_16)
     7    0.02    0.04    0.12   10.28 ^ clkbuf_2_2__f_clock/X (sky130_fd_sc_hd__clkbuf_16)
                                         clknet_2_2__leaf_clock (net)
                  0.04    0.00   10.28 ^ _3107_/CLK (sky130_fd_sc_hd__dfxtp_1)
                         -0.25   10.03   clock uncertainty
                          0.00   10.03   clock reconvergence pessimism
                         -0.11    9.92   library setup time
                                  9.92   data required time
-----------------------------------------------------------------------------
                                  9.92   data required time
                                -20.04   data arrival time
-----------------------------------------------------------------------------
                                -10.12   slack (VIOLATED)


Startpoint: io_inScaleA[6] (input port clocked by clock)
Endpoint: _3109_ (rising edge-triggered flip-flop clocked by clock)
Path Group: clock
Path Type: max

Fanout     Cap    Slew   Delay    Time   Description
-----------------------------------------------------------------------------
                          0.00    0.00   clock clock (rise edge)
                          0.00    0.00   clock network delay (propagated)
                          2.00    2.00 v input external delay
     1    0.01    0.02    0.01    2.01 v io_inScaleA[6] (in)
                                         io_inScaleA[6] (net)
                  0.02    0.00    2.01 v input15/A (sky130_fd_sc_hd__buf_8)
     4    0.02    0.03    0.12    2.13 v input15/X (sky130_fd_sc_hd__buf_8)
                                         net15 (net)
                  0.03    0.00    2.13 v _1585_/A1 (sky130_fd_sc_hd__o21ai_4)
     5    0.03    0.27    0.26    2.39 ^ _1585_/Y (sky130_fd_sc_hd__o21ai_4)
                                         _0419_ (net)
                  0.27    0.00    2.39 ^ _1595_/B (sky130_fd_sc_hd__xnor2_2)
     1    0.01    0.07    0.12    2.51 v _1595_/Y (sky130_fd_sc_hd__xnor2_2)
                                         _0521_ (net)
                  0.07    0.00    2.51 v _1596_/A (sky130_fd_sc_hd__xnor2_2)
     2    0.01    0.23    0.26    2.77 ^ _1596_/Y (sky130_fd_sc_hd__xnor2_2)
                                         _0530_ (net)
                  0.23    0.00    2.77 ^ _1597_/A (sky130_fd_sc_hd__xnor2_2)
     2    0.01    0.09    0.14    2.91 v _1597_/Y (sky130_fd_sc_hd__xnor2_2)
                                         _0540_ (net)
                  0.09    0.00    2.91 v _1621_/B (sky130_fd_sc_hd__or3_4)
     1    0.00    0.06    0.39    3.30 v _1621_/X (sky130_fd_sc_hd__or3_4)
                                         _0705_ (net)
                  0.06    0.00    3.30 v _1622_/B1_N (sky130_fd_sc_hd__a21bo_4)
     2    0.01    0.05    0.20    3.50 ^ _1622_/X (sky130_fd_sc_hd__a21bo_4)
                                         _0706_ (net)
                  0.05    0.00    3.50 ^ _1626_/B (sky130_fd_sc_hd__xor2_2)
     2    0.01    0.19    0.21    3.71 ^ _1626_/X (sky130_fd_sc_hd__xor2_2)
                                         _0710_ (net)
                  0.19    0.00    3.71 ^ _1627_/A (sky130_fd_sc_hd__xnor2_2)
     2    0.02    0.31    0.21    3.92 ^ _1627_/Y (sky130_fd_sc_hd__xnor2_2)
                                         _0711_ (net)
                  0.31    0.00    3.92 ^ _1628_/A (sky130_fd_sc_hd__xor2_4)
     2    0.02    0.19    0.25    4.16 ^ _1628_/X (sky130_fd_sc_hd__xor2_4)
                                         _0712_ (net)
                  0.19    0.00    4.17 ^ _1633_/A_N (sky130_fd_sc_hd__and2b_1)
     1    0.00    0.03    0.21    4.38 v _1633_/X (sky130_fd_sc_hd__and2b_1)
                                         _0717_ (net)
                  0.03    0.00    4.38 v _1634_/B1 (sky130_fd_sc_hd__a31o_1)
     2    0.01    0.08    0.23    4.61 v _1634_/X (sky130_fd_sc_hd__a31o_1)
                                         _0718_ (net)
                  0.08    0.00    4.61 v _1722_/C (sky130_fd_sc_hd__or3_4)
     2    0.00    0.07    0.35    4.97 v _1722_/X (sky130_fd_sc_hd__or3_4)
                                         _0806_ (net)
                  0.07    0.00    4.97 v _1783_/A (sky130_fd_sc_hd__and3_1)
     1    0.01    0.06    0.19    5.15 v _1783_/X (sky130_fd_sc_hd__and3_1)
                                         _0867_ (net)
                  0.06    0.00    5.15 v _1784_/B (sky130_fd_sc_hd__xnor2_2)
     2    0.01    0.07    0.16    5.31 v _1784_/Y (sky130_fd_sc_hd__xnor2_2)
                                         _0868_ (net)
                  0.07    0.00    5.31 v _1785_/A (sky130_fd_sc_hd__xnor2_1)
     2    0.01    0.24    0.26    5.58 ^ _1785_/Y (sky130_fd_sc_hd__xnor2_1)
                                         _0869_ (net)
                  0.24    0.00    5.58 ^ _1786_/B (sky130_fd_sc_hd__or3_4)
     1    0.00    0.03    0.18    5.76 ^ _1786_/X (sky130_fd_sc_hd__or3_4)
                                         _0870_ (net)
                  0.03    0.00    5.76 ^ _1787_/B1_N (sky130_fd_sc_hd__a21bo_4)
     2    0.01    0.05    0.24    5.99 v _1787_/X (sky130_fd_sc_hd__a21bo_4)
                                         _0871_ (net)
                  0.05    0.00    6.00 v _1789_/A (sky130_fd_sc_hd__xor2_2)
     2    0.01    0.11    0.20    6.20 v _1789_/X (sky130_fd_sc_hd__xor2_2)
                                         _0873_ (net)
                  0.11    0.00    6.20 v _1832_/A2 (sky130_fd_sc_hd__o21bai_4)
     3    0.01    0.14    0.18    6.38 ^ _1832_/Y (sky130_fd_sc_hd__o21bai_4)
                                         _0916_ (net)
                  0.14    0.00    6.38 ^ _1834_/A1 (sky130_fd_sc_hd__a21o_1)
     2    0.01    0.13    0.21    6.59 ^ _1834_/X (sky130_fd_sc_hd__a21o_1)
                                         _0918_ (net)
                  0.13    0.00    6.59 ^ _1836_/A1 (sky130_fd_sc_hd__a21oi_4)
     3    0.02    0.06    0.09    6.68 v _1836_/Y (sky130_fd_sc_hd__a21oi_4)
                                         _0920_ (net)
                  0.06    0.00    6.68 v _1840_/A1 (sky130_fd_sc_hd__o211a_1)
     2    0.01    0.06    0.27    6.95 v _1840_/X (sky130_fd_sc_hd__o211a_1)
                                         _0924_ (net)
                  0.06    0.00    6.95 v _1841_/A2 (sky130_fd_sc_hd__o31a_4)
     4    0.02    0.07    0.39    7.33 v _1841_/X (sky130_fd_sc_hd__o31a_4)
                                         _0925_ (net)
                  0.07    0.00    7.33 v rebuffer28/A (sky130_fd_sc_hd__buf_8)
     1    0.02    0.03    0.14    7.47 v rebuffer28/X (sky130_fd_sc_hd__buf_8)
                                         net83 (net)
                  0.03    0.00    7.48 v _1879_/B (sky130_fd_sc_hd__xnor2_4)
     7    0.02    0.19    0.19    7.67 ^ _1879_/Y (sky130_fd_sc_hd__xnor2_4)
                                         _0963_ (net)
                  0.19    0.00    7.67 ^ _1934_/C (sky130_fd_sc_hd__and4_1)
     2    0.01    0.09    0.25    7.92 ^ _1934_/X (sky130_fd_sc_hd__and4_1)
                                         _1018_ (net)
                  0.09    0.00    7.92 ^ _1935_/A (sky130_fd_sc_hd__buf_6)
     5    0.01    0.04    0.12    8.04 ^ _1935_/X (sky130_fd_sc_hd__buf_6)
                                         _1019_ (net)
                  0.04    0.00    8.04 ^ _1936_/A (sky130_fd_sc_hd__and2_4)
     1    0.01    0.04    0.14    8.18 ^ _1936_/X (sky130_fd_sc_hd__and2_4)
                                         _1020_ (net)
                  0.04    0.00    8.18 ^ _1937_/A (sky130_fd_sc_hd__buf_8)
     7    0.04    0.07    0.13    8.30 ^ _1937_/X (sky130_fd_sc_hd__buf_8)
                                         _1021_ (net)
                  0.07    0.00    8.30 ^ _1942_/B (sky130_fd_sc_hd__xnor2_4)
     2    0.01    0.08    0.08    8.39 v _1942_/Y (sky130_fd_sc_hd__xnor2_4)
                                         _1026_ (net)
                  0.08    0.00    8.39 v _1952_/A1 (sky130_fd_sc_hd__o221a_1)
     2    0.01    0.08    0.32    8.70 v _1952_/X (sky130_fd_sc_hd__o221a_1)
                                         _1036_ (net)
                  0.08    0.00    8.70 v _1955_/A (sky130_fd_sc_hd__nor2b_2)
     2    0.02    0.19    0.21    8.92 ^ _1955_/Y (sky130_fd_sc_hd__nor2b_2)
                                         _1039_ (net)
                  0.19    0.00    8.92 ^ _1958_/A1 (sky130_fd_sc_hd__a31oi_4)
     5    0.01    0.09    0.13    9.04 v _1958_/Y (sky130_fd_sc_hd__a31oi_4)
                                         _1042_ (net)
                  0.09    0.00    9.04 v _1959_/B (sky130_fd_sc_hd__or3_4)
     4    0.02    0.10    0.45    9.49 v _1959_/X (sky130_fd_sc_hd__or3_4)
                                         _1043_ (net)
                  0.10    0.00    9.49 v _1965_/A2 (sky130_fd_sc_hd__a21o_4)
     2    0.02    0.06    0.27    9.77 v _1965_/X (sky130_fd_sc_hd__a21o_4)
                                         _1049_ (net)
                  0.06    0.00    9.77 v _1971_/A2 (sky130_fd_sc_hd__a21o_4)
     2    0.02    0.06    0.25   10.02 v _1971_/X (sky130_fd_sc_hd__a21o_4)
                                         _1055_ (net)
                  0.06    0.00   10.02 v _1977_/A2 (sky130_fd_sc_hd__a21bo_4)
     2    0.02    0.06    0.26   10.28 v _1977_/X (sky130_fd_sc_hd__a21bo_4)
                                         _1061_ (net)
                  0.06    0.00   10.28 v _1986_/A2 (sky130_fd_sc_hd__a21o_4)
     2    0.02    0.05    0.25   10.53 v _1986_/X (sky130_fd_sc_hd__a21o_4)
                                         _1070_ (net)
                  0.05    0.00   10.54 v _1989_/A2 (sky130_fd_sc_hd__a21o_1)
     2    0.02    0.10    0.25   10.79 v _1989_/X (sky130_fd_sc_hd__a21o_1)
                                         _1073_ (net)
                  0.10    0.00   10.79 v _1992_/A2 (sky130_fd_sc_hd__a21oi_4)
     3    0.02    0.19    0.24   11.03 ^ _1992_/Y (sky130_fd_sc_hd__a21oi_4)
                                         _1076_ (net)
                  0.19    0.00   11.03 ^ max_cap1/A (sky130_fd_sc_hd__buf_4)
     3    0.04    0.11    0.22   11.25 ^ max_cap1/X (sky130_fd_sc_hd__buf_4)
                                         net90 (net)
                  0.11    0.00   11.25 ^ _1993_/A (sky130_fd_sc_hd__xnor2_4)
     6    0.04    0.34    0.21   11.46 ^ _1993_/Y (sky130_fd_sc_hd__xnor2_4)
                                         _1077_ (net)
                  0.34    0.00   11.47 ^ _2029_/S (sky130_fd_sc_hd__mux2_4)
     5    0.01    0.06    0.38   11.84 v _2029_/X (sky130_fd_sc_hd__mux2_4)
                                         _1113_ (net)
                  0.06    0.00   11.84 v _2109_/A (sky130_fd_sc_hd__buf_2)
    10    0.03    0.07    0.18   12.02 v _2109_/X (sky130_fd_sc_hd__buf_2)
                                         _1193_ (net)
                  0.07    0.00   12.02 v _2230_/A1 (sky130_fd_sc_hd__a21o_1)
     3    0.01    0.06    0.20   12.22 v _2230_/X (sky130_fd_sc_hd__a21o_1)
                                         _1314_ (net)
                  0.06    0.00   12.22 v _2310_/A3 (sky130_fd_sc_hd__a311o_1)
     1    0.01    0.08    0.41   12.63 v _2310_/X (sky130_fd_sc_hd__a311o_1)
                                         _1394_ (net)
                  0.08    0.00   12.63 v _2315_/A3 (sky130_fd_sc_hd__a31oi_4)
     1    0.01    0.12    0.19   12.82 ^ _2315_/Y (sky130_fd_sc_hd__a31oi_4)
                                         _1399_ (net)
                  0.12    0.00   12.82 ^ _2316_/C1 (sky130_fd_sc_hd__a311o_1)
     3    0.01    0.14    0.20   13.02 ^ _2316_/X (sky130_fd_sc_hd__a311o_1)
                                         _1400_ (net)
                  0.14    0.00   13.02 ^ rebuffer6/A (sky130_fd_sc_hd__clkbuf_1)
     1    0.00    0.05    0.12   13.14 ^ rebuffer6/X (sky130_fd_sc_hd__clkbuf_1)
                                         net61 (net)
                  0.05    0.00   13.14 ^ _2320_/B (sky130_fd_sc_hd__nand3_1)
     2    0.01    0.10    0.12   13.26 v _2320_/Y (sky130_fd_sc_hd__nand3_1)
                                         _1404_ (net)
                  0.10    0.00   13.26 v _2357_/A1 (sky130_fd_sc_hd__a2111o_4)
     4    0.02    0.09    0.52   13.78 v _2357_/X (sky130_fd_sc_hd__a2111o_4)
                                         _1441_ (net)
                  0.09    0.00   13.78 v _2359_/A1 (sky130_fd_sc_hd__a21o_1)
     3    0.01    0.06    0.21   13.99 v _2359_/X (sky130_fd_sc_hd__a21o_1)
                                         _1443_ (net)
                  0.06    0.00   13.99 v _2374_/A1 (sky130_fd_sc_hd__a311o_1)
     3    0.01    0.09    0.32   14.31 v _2374_/X (sky130_fd_sc_hd__a311o_1)
                                         _1459_ (net)
                  0.09    0.00   14.31 v _2391_/A2 (sky130_fd_sc_hd__a2111o_1)
     2    0.01    0.10    0.50   14.81 v _2391_/X (sky130_fd_sc_hd__a2111o_1)
                                         _1478_ (net)
                  0.10    0.00   14.81 v _2400_/A1 (sky130_fd_sc_hd__a41oi_4)
     4    0.02    0.23    0.22   15.03 ^ _2400_/Y (sky130_fd_sc_hd__a41oi_4)
                                         _1488_ (net)
                  0.23    0.00   15.03 ^ _2437_/A1 (sky130_fd_sc_hd__a311oi_2)
     2    0.00    0.10    0.14   15.17 v _2437_/Y (sky130_fd_sc_hd__a311oi_2)
                                         _1527_ (net)
                  0.10    0.00   15.17 v _2461_/A1 (sky130_fd_sc_hd__a2111o_1)
     2    0.00    0.07    0.40   15.57 v _2461_/X (sky130_fd_sc_hd__a2111o_1)
                                         _0047_ (net)
                  0.07    0.00   15.57 v _2489_/A2 (sky130_fd_sc_hd__a21o_1)
     2    0.00    0.04    0.19   15.76 v _2489_/X (sky130_fd_sc_hd__a21o_1)
                                         _0077_ (net)
                  0.04    0.00   15.76 v _2495_/A (sky130_fd_sc_hd__and3_1)
     3    0.01    0.07    0.18   15.94 v _2495_/X (sky130_fd_sc_hd__and3_1)
                                         _0084_ (net)
                  0.07    0.00   15.94 v _2557_/A3 (sky130_fd_sc_hd__o311a_4)
     2    0.01    0.06    0.33   16.27 v _2557_/X (sky130_fd_sc_hd__o311a_4)
                                         _0152_ (net)
                  0.06    0.00   16.27 v _2570_/A3 (sky130_fd_sc_hd__o31a_4)
     3    0.01    0.06    0.31   16.58 v _2570_/X (sky130_fd_sc_hd__o31a_4)
                                         _0167_ (net)
                  0.06    0.00   16.59 v _2774_/S (sky130_fd_sc_hd__mux2_4)
     4    0.01    0.06    0.34   16.92 v _2774_/X (sky130_fd_sc_hd__mux2_4)
                                         _0391_ (net)
                  0.06    0.00   16.92 v _2790_/B2 (sky130_fd_sc_hd__a221o_1)
     1    0.00    0.06    0.34   17.27 v _2790_/X (sky130_fd_sc_hd__a221o_1)
                                         _0409_ (net)
                  0.06    0.00   17.27 v _2791_/A1 (sky130_fd_sc_hd__a21bo_1)
     1    0.00    0.04    0.18   17.45 v _2791_/X (sky130_fd_sc_hd__a21bo_1)
                                         _0410_ (net)
                  0.04    0.00   17.45 v _2792_/A1 (sky130_fd_sc_hd__a21o_1)
     1    0.00    0.04    0.16   17.61 v _2792_/X (sky130_fd_sc_hd__a21o_1)
                                         _0411_ (net)
                  0.04    0.00   17.61 v _2793_/A1 (sky130_fd_sc_hd__a21o_1)
     1    0.00    0.04    0.16   17.77 v _2793_/X (sky130_fd_sc_hd__a21o_1)
                                         _0412_ (net)
                  0.04    0.00   17.77 v _2794_/A1 (sky130_fd_sc_hd__a21o_1)
     1    0.00    0.03    0.15   17.92 v _2794_/X (sky130_fd_sc_hd__a21o_1)
                                         _0413_ (net)
                  0.03    0.00   17.92 v _2796_/A1 (sky130_fd_sc_hd__a21o_1)
     1    0.00    0.04    0.16   18.09 v _2796_/X (sky130_fd_sc_hd__a21o_1)
                                         _0415_ (net)
                  0.04    0.00   18.09 v _2797_/A1 (sky130_fd_sc_hd__a21o_1)
     1    0.00    0.04    0.16   18.25 v _2797_/X (sky130_fd_sc_hd__a21o_1)
                                         _0416_ (net)
                  0.04    0.00   18.25 v _2798_/A1 (sky130_fd_sc_hd__a21o_1)
     1    0.00    0.03    0.15   18.40 v _2798_/X (sky130_fd_sc_hd__a21o_1)
                                         _0417_ (net)
                  0.03    0.00   18.40 v _2800_/A1 (sky130_fd_sc_hd__a21o_1)
     1    0.00    0.04    0.16   18.56 v _2800_/X (sky130_fd_sc_hd__a21o_1)
                                         _0420_ (net)
                  0.04    0.00   18.56 v _2801_/A1 (sky130_fd_sc_hd__a21oi_1)
     1    0.00    0.10    0.11   18.67 ^ _2801_/Y (sky130_fd_sc_hd__a21oi_1)
                                         _0421_ (net)
                  0.10    0.00   18.67 ^ _2802_/A1 (sky130_fd_sc_hd__o21ba_1)
     1    0.00    0.05    0.15   18.82 ^ _2802_/X (sky130_fd_sc_hd__o21ba_1)
                                         _0422_ (net)
                  0.05    0.00   18.82 ^ _2804_/A1 (sky130_fd_sc_hd__o21ai_1)
     1    0.00    0.07    0.07   18.90 v _2804_/Y (sky130_fd_sc_hd__o21ai_1)
                                         _0424_ (net)
                  0.07    0.00   18.90 v _2805_/A1 (sky130_fd_sc_hd__a21o_1)
     4    0.02    0.09    0.23   19.13 v _2805_/X (sky130_fd_sc_hd__a21o_1)
                                         _0425_ (net)
                  0.09    0.00   19.13 v _2806_/A (sky130_fd_sc_hd__buf_6)
     6    0.03    0.04    0.16   19.29 v _2806_/X (sky130_fd_sc_hd__buf_6)
                                         _0426_ (net)
                  0.04    0.00   19.29 v clone27/A (sky130_fd_sc_hd__clkbuf_16)
     5    0.03    0.04    0.16   19.45 v clone27/X (sky130_fd_sc_hd__clkbuf_16)
                                         net82 (net)
                  0.04    0.00   19.45 v _3006_/A (sky130_fd_sc_hd__nand2_1)
     3    0.01    0.08    0.08   19.53 ^ _3006_/Y (sky130_fd_sc_hd__nand2_1)
                                         _0623_ (net)
                  0.08    0.00   19.53 ^ _3016_/A (sky130_fd_sc_hd__or2_1)
     2    0.01    0.08    0.14   19.66 ^ _3016_/X (sky130_fd_sc_hd__or2_1)
                                         _0633_ (net)
                  0.08    0.00   19.66 ^ _3028_/A (sky130_fd_sc_hd__xnor2_1)
     1    0.00    0.05    0.08   19.75 v _3028_/Y (sky130_fd_sc_hd__xnor2_1)
                                         _0645_ (net)
                  0.05    0.00   19.75 v _3030_/A2 (sky130_fd_sc_hd__o211a_1)
     1    0.00    0.04    0.22   19.97 v _3030_/X (sky130_fd_sc_hd__o211a_1)
                                         _0026_ (net)
                  0.04    0.00   19.97 v _3109_/D (sky130_fd_sc_hd__dfxtp_2)
                                 19.97   data arrival time

                         10.00   10.00   clock clock (rise edge)
                          0.00   10.00   clock source latency
     1    0.01    0.04    0.03   10.03 ^ clock (in)
                                         clock (net)
                  0.04    0.00   10.03 ^ clkbuf_0_clock/A (sky130_fd_sc_hd__clkbuf_16)
     4    0.03    0.05    0.13   10.15 ^ clkbuf_0_clock/X (sky130_fd_sc_hd__clkbuf_16)
                                         clknet_0_clock (net)
                  0.05    0.00   10.15 ^ clkbuf_2_2__f_clock/A (sky130_fd_sc_hd__clkbuf_16)
     7    0.02    0.04    0.12   10.28 ^ clkbuf_2_2__f_clock/X (sky130_fd_sc_hd__clkbuf_16)
                                         clknet_2_2__leaf_clock (net)
                  0.04    0.00   10.28 ^ _3109_/CLK (sky130_fd_sc_hd__dfxtp_2)
                         -0.25   10.03   clock uncertainty
                          0.00   10.03   clock reconvergence pessimism
                         -0.11    9.92   library setup time
                                  9.92   data required time
-----------------------------------------------------------------------------
                                  9.92   data required time
                                -19.97   data arrival time
-----------------------------------------------------------------------------
                                -10.05   slack (VIOLATED)


Startpoint: io_inScaleA[6] (input port clocked by clock)
Endpoint: _3110_ (rising edge-triggered flip-flop clocked by clock)
Path Group: clock
Path Type: max

Fanout     Cap    Slew   Delay    Time   Description
-----------------------------------------------------------------------------
                          0.00    0.00   clock clock (rise edge)
                          0.00    0.00   clock network delay (propagated)
                          2.00    2.00 v input external delay
     1    0.01    0.02    0.01    2.01 v io_inScaleA[6] (in)
                                         io_inScaleA[6] (net)
                  0.02    0.00    2.01 v input15/A (sky130_fd_sc_hd__buf_8)
     4    0.02    0.03    0.12    2.13 v input15/X (sky130_fd_sc_hd__buf_8)
                                         net15 (net)
                  0.03    0.00    2.13 v _1585_/A1 (sky130_fd_sc_hd__o21ai_4)
     5    0.03    0.27    0.26    2.39 ^ _1585_/Y (sky130_fd_sc_hd__o21ai_4)
                                         _0419_ (net)
                  0.27    0.00    2.39 ^ _1595_/B (sky130_fd_sc_hd__xnor2_2)
     1    0.01    0.07    0.12    2.51 v _1595_/Y (sky130_fd_sc_hd__xnor2_2)
                                         _0521_ (net)
                  0.07    0.00    2.51 v _1596_/A (sky130_fd_sc_hd__xnor2_2)
     2    0.01    0.23    0.26    2.77 ^ _1596_/Y (sky130_fd_sc_hd__xnor2_2)
                                         _0530_ (net)
                  0.23    0.00    2.77 ^ _1597_/A (sky130_fd_sc_hd__xnor2_2)
     2    0.01    0.09    0.14    2.91 v _1597_/Y (sky130_fd_sc_hd__xnor2_2)
                                         _0540_ (net)
                  0.09    0.00    2.91 v _1621_/B (sky130_fd_sc_hd__or3_4)
     1    0.00    0.06    0.39    3.30 v _1621_/X (sky130_fd_sc_hd__or3_4)
                                         _0705_ (net)
                  0.06    0.00    3.30 v _1622_/B1_N (sky130_fd_sc_hd__a21bo_4)
     2    0.01    0.05    0.20    3.50 ^ _1622_/X (sky130_fd_sc_hd__a21bo_4)
                                         _0706_ (net)
                  0.05    0.00    3.50 ^ _1626_/B (sky130_fd_sc_hd__xor2_2)
     2    0.01    0.19    0.21    3.71 ^ _1626_/X (sky130_fd_sc_hd__xor2_2)
                                         _0710_ (net)
                  0.19    0.00    3.71 ^ _1627_/A (sky130_fd_sc_hd__xnor2_2)
     2    0.02    0.31    0.21    3.92 ^ _1627_/Y (sky130_fd_sc_hd__xnor2_2)
                                         _0711_ (net)
                  0.31    0.00    3.92 ^ _1628_/A (sky130_fd_sc_hd__xor2_4)
     2    0.02    0.19    0.25    4.16 ^ _1628_/X (sky130_fd_sc_hd__xor2_4)
                                         _0712_ (net)
                  0.19    0.00    4.17 ^ _1633_/A_N (sky130_fd_sc_hd__and2b_1)
     1    0.00    0.03    0.21    4.38 v _1633_/X (sky130_fd_sc_hd__and2b_1)
                                         _0717_ (net)
                  0.03    0.00    4.38 v _1634_/B1 (sky130_fd_sc_hd__a31o_1)
     2    0.01    0.08    0.23    4.61 v _1634_/X (sky130_fd_sc_hd__a31o_1)
                                         _0718_ (net)
                  0.08    0.00    4.61 v _1722_/C (sky130_fd_sc_hd__or3_4)
     2    0.00    0.07    0.35    4.97 v _1722_/X (sky130_fd_sc_hd__or3_4)
                                         _0806_ (net)
                  0.07    0.00    4.97 v _1783_/A (sky130_fd_sc_hd__and3_1)
     1    0.01    0.06    0.19    5.15 v _1783_/X (sky130_fd_sc_hd__and3_1)
                                         _0867_ (net)
                  0.06    0.00    5.15 v _1784_/B (sky130_fd_sc_hd__xnor2_2)
     2    0.01    0.07    0.16    5.31 v _1784_/Y (sky130_fd_sc_hd__xnor2_2)
                                         _0868_ (net)
                  0.07    0.00    5.31 v _1785_/A (sky130_fd_sc_hd__xnor2_1)
     2    0.01    0.24    0.26    5.58 ^ _1785_/Y (sky130_fd_sc_hd__xnor2_1)
                                         _0869_ (net)
                  0.24    0.00    5.58 ^ _1786_/B (sky130_fd_sc_hd__or3_4)
     1    0.00    0.03    0.18    5.76 ^ _1786_/X (sky130_fd_sc_hd__or3_4)
                                         _0870_ (net)
                  0.03    0.00    5.76 ^ _1787_/B1_N (sky130_fd_sc_hd__a21bo_4)
     2    0.01    0.05    0.24    5.99 v _1787_/X (sky130_fd_sc_hd__a21bo_4)
                                         _0871_ (net)
                  0.05    0.00    6.00 v _1789_/A (sky130_fd_sc_hd__xor2_2)
     2    0.01    0.11    0.20    6.20 v _1789_/X (sky130_fd_sc_hd__xor2_2)
                                         _0873_ (net)
                  0.11    0.00    6.20 v _1832_/A2 (sky130_fd_sc_hd__o21bai_4)
     3    0.01    0.14    0.18    6.38 ^ _1832_/Y (sky130_fd_sc_hd__o21bai_4)
                                         _0916_ (net)
                  0.14    0.00    6.38 ^ _1834_/A1 (sky130_fd_sc_hd__a21o_1)
     2    0.01    0.13    0.21    6.59 ^ _1834_/X (sky130_fd_sc_hd__a21o_1)
                                         _0918_ (net)
                  0.13    0.00    6.59 ^ _1836_/A1 (sky130_fd_sc_hd__a21oi_4)
     3    0.02    0.06    0.09    6.68 v _1836_/Y (sky130_fd_sc_hd__a21oi_4)
                                         _0920_ (net)
                  0.06    0.00    6.68 v _1840_/A1 (sky130_fd_sc_hd__o211a_1)
     2    0.01    0.06    0.27    6.95 v _1840_/X (sky130_fd_sc_hd__o211a_1)
                                         _0924_ (net)
                  0.06    0.00    6.95 v _1841_/A2 (sky130_fd_sc_hd__o31a_4)
     4    0.02    0.07    0.39    7.33 v _1841_/X (sky130_fd_sc_hd__o31a_4)
                                         _0925_ (net)
                  0.07    0.00    7.33 v rebuffer28/A (sky130_fd_sc_hd__buf_8)
     1    0.02    0.03    0.14    7.47 v rebuffer28/X (sky130_fd_sc_hd__buf_8)
                                         net83 (net)
                  0.03    0.00    7.48 v _1879_/B (sky130_fd_sc_hd__xnor2_4)
     7    0.02    0.19    0.19    7.67 ^ _1879_/Y (sky130_fd_sc_hd__xnor2_4)
                                         _0963_ (net)
                  0.19    0.00    7.67 ^ _1934_/C (sky130_fd_sc_hd__and4_1)
     2    0.01    0.09    0.25    7.92 ^ _1934_/X (sky130_fd_sc_hd__and4_1)
                                         _1018_ (net)
                  0.09    0.00    7.92 ^ _1935_/A (sky130_fd_sc_hd__buf_6)
     5    0.01    0.04    0.12    8.04 ^ _1935_/X (sky130_fd_sc_hd__buf_6)
                                         _1019_ (net)
                  0.04    0.00    8.04 ^ _1936_/A (sky130_fd_sc_hd__and2_4)
     1    0.01    0.04    0.14    8.18 ^ _1936_/X (sky130_fd_sc_hd__and2_4)
                                         _1020_ (net)
                  0.04    0.00    8.18 ^ _1937_/A (sky130_fd_sc_hd__buf_8)
     7    0.04    0.07    0.13    8.30 ^ _1937_/X (sky130_fd_sc_hd__buf_8)
                                         _1021_ (net)
                  0.07    0.00    8.30 ^ _1942_/B (sky130_fd_sc_hd__xnor2_4)
     2    0.01    0.08    0.08    8.39 v _1942_/Y (sky130_fd_sc_hd__xnor2_4)
                                         _1026_ (net)
                  0.08    0.00    8.39 v _1952_/A1 (sky130_fd_sc_hd__o221a_1)
     2    0.01    0.08    0.32    8.70 v _1952_/X (sky130_fd_sc_hd__o221a_1)
                                         _1036_ (net)
                  0.08    0.00    8.70 v _1955_/A (sky130_fd_sc_hd__nor2b_2)
     2    0.02    0.19    0.21    8.92 ^ _1955_/Y (sky130_fd_sc_hd__nor2b_2)
                                         _1039_ (net)
                  0.19    0.00    8.92 ^ _1958_/A1 (sky130_fd_sc_hd__a31oi_4)
     5    0.01    0.09    0.13    9.04 v _1958_/Y (sky130_fd_sc_hd__a31oi_4)
                                         _1042_ (net)
                  0.09    0.00    9.04 v _1959_/B (sky130_fd_sc_hd__or3_4)
     4    0.02    0.10    0.45    9.49 v _1959_/X (sky130_fd_sc_hd__or3_4)
                                         _1043_ (net)
                  0.10    0.00    9.49 v _1965_/A2 (sky130_fd_sc_hd__a21o_4)
     2    0.02    0.06    0.27    9.77 v _1965_/X (sky130_fd_sc_hd__a21o_4)
                                         _1049_ (net)
                  0.06    0.00    9.77 v _1971_/A2 (sky130_fd_sc_hd__a21o_4)
     2    0.02    0.06    0.25   10.02 v _1971_/X (sky130_fd_sc_hd__a21o_4)
                                         _1055_ (net)
                  0.06    0.00   10.02 v _1977_/A2 (sky130_fd_sc_hd__a21bo_4)
     2    0.02    0.06    0.26   10.28 v _1977_/X (sky130_fd_sc_hd__a21bo_4)
                                         _1061_ (net)
                  0.06    0.00   10.28 v _1986_/A2 (sky130_fd_sc_hd__a21o_4)
     2    0.02    0.05    0.25   10.53 v _1986_/X (sky130_fd_sc_hd__a21o_4)
                                         _1070_ (net)
                  0.05    0.00   10.54 v _1989_/A2 (sky130_fd_sc_hd__a21o_1)
     2    0.02    0.10    0.25   10.79 v _1989_/X (sky130_fd_sc_hd__a21o_1)
                                         _1073_ (net)
                  0.10    0.00   10.79 v _1992_/A2 (sky130_fd_sc_hd__a21oi_4)
     3    0.02    0.19    0.24   11.03 ^ _1992_/Y (sky130_fd_sc_hd__a21oi_4)
                                         _1076_ (net)
                  0.19    0.00   11.03 ^ max_cap1/A (sky130_fd_sc_hd__buf_4)
     3    0.04    0.11    0.22   11.25 ^ max_cap1/X (sky130_fd_sc_hd__buf_4)
                                         net90 (net)
                  0.11    0.00   11.25 ^ _1993_/A (sky130_fd_sc_hd__xnor2_4)
     6    0.04    0.34    0.21   11.46 ^ _1993_/Y (sky130_fd_sc_hd__xnor2_4)
                                         _1077_ (net)
                  0.34    0.00   11.47 ^ _2029_/S (sky130_fd_sc_hd__mux2_4)
     5    0.01    0.06    0.38   11.84 v _2029_/X (sky130_fd_sc_hd__mux2_4)
                                         _1113_ (net)
                  0.06    0.00   11.84 v _2109_/A (sky130_fd_sc_hd__buf_2)
    10    0.03    0.07    0.18   12.02 v _2109_/X (sky130_fd_sc_hd__buf_2)
                                         _1193_ (net)
                  0.07    0.00   12.02 v _2230_/A1 (sky130_fd_sc_hd__a21o_1)
     3    0.01    0.06    0.20   12.22 v _2230_/X (sky130_fd_sc_hd__a21o_1)
                                         _1314_ (net)
                  0.06    0.00   12.22 v _2310_/A3 (sky130_fd_sc_hd__a311o_1)
     1    0.01    0.08    0.41   12.63 v _2310_/X (sky130_fd_sc_hd__a311o_1)
                                         _1394_ (net)
                  0.08    0.00   12.63 v _2315_/A3 (sky130_fd_sc_hd__a31oi_4)
     1    0.01    0.12    0.19   12.82 ^ _2315_/Y (sky130_fd_sc_hd__a31oi_4)
                                         _1399_ (net)
                  0.12    0.00   12.82 ^ _2316_/C1 (sky130_fd_sc_hd__a311o_1)
     3    0.01    0.14    0.20   13.02 ^ _2316_/X (sky130_fd_sc_hd__a311o_1)
                                         _1400_ (net)
                  0.14    0.00   13.02 ^ rebuffer6/A (sky130_fd_sc_hd__clkbuf_1)
     1    0.00    0.05    0.12   13.14 ^ rebuffer6/X (sky130_fd_sc_hd__clkbuf_1)
                                         net61 (net)
                  0.05    0.00   13.14 ^ _2320_/B (sky130_fd_sc_hd__nand3_1)
     2    0.01    0.10    0.12   13.26 v _2320_/Y (sky130_fd_sc_hd__nand3_1)
                                         _1404_ (net)
                  0.10    0.00   13.26 v _2357_/A1 (sky130_fd_sc_hd__a2111o_4)
     4    0.02    0.09    0.52   13.78 v _2357_/X (sky130_fd_sc_hd__a2111o_4)
                                         _1441_ (net)
                  0.09    0.00   13.78 v _2359_/A1 (sky130_fd_sc_hd__a21o_1)
     3    0.01    0.06    0.21   13.99 v _2359_/X (sky130_fd_sc_hd__a21o_1)
                                         _1443_ (net)
                  0.06    0.00   13.99 v _2374_/A1 (sky130_fd_sc_hd__a311o_1)
     3    0.01    0.09    0.32   14.31 v _2374_/X (sky130_fd_sc_hd__a311o_1)
                                         _1459_ (net)
                  0.09    0.00   14.31 v _2391_/A2 (sky130_fd_sc_hd__a2111o_1)
     2    0.01    0.10    0.50   14.81 v _2391_/X (sky130_fd_sc_hd__a2111o_1)
                                         _1478_ (net)
                  0.10    0.00   14.81 v _2400_/A1 (sky130_fd_sc_hd__a41oi_4)
     4    0.02    0.23    0.22   15.03 ^ _2400_/Y (sky130_fd_sc_hd__a41oi_4)
                                         _1488_ (net)
                  0.23    0.00   15.03 ^ _2437_/A1 (sky130_fd_sc_hd__a311oi_2)
     2    0.00    0.10    0.14   15.17 v _2437_/Y (sky130_fd_sc_hd__a311oi_2)
                                         _1527_ (net)
                  0.10    0.00   15.17 v _2461_/A1 (sky130_fd_sc_hd__a2111o_1)
     2    0.00    0.07    0.40   15.57 v _2461_/X (sky130_fd_sc_hd__a2111o_1)
                                         _0047_ (net)
                  0.07    0.00   15.57 v _2489_/A2 (sky130_fd_sc_hd__a21o_1)
     2    0.00    0.04    0.19   15.76 v _2489_/X (sky130_fd_sc_hd__a21o_1)
                                         _0077_ (net)
                  0.04    0.00   15.76 v _2495_/A (sky130_fd_sc_hd__and3_1)
     3    0.01    0.07    0.18   15.94 v _2495_/X (sky130_fd_sc_hd__and3_1)
                                         _0084_ (net)
                  0.07    0.00   15.94 v _2557_/A3 (sky130_fd_sc_hd__o311a_4)
     2    0.01    0.06    0.33   16.27 v _2557_/X (sky130_fd_sc_hd__o311a_4)
                                         _0152_ (net)
                  0.06    0.00   16.27 v _2570_/A3 (sky130_fd_sc_hd__o31a_4)
     3    0.01    0.06    0.31   16.58 v _2570_/X (sky130_fd_sc_hd__o31a_4)
                                         _0167_ (net)
                  0.06    0.00   16.59 v _2774_/S (sky130_fd_sc_hd__mux2_4)
     4    0.01    0.06    0.34   16.92 v _2774_/X (sky130_fd_sc_hd__mux2_4)
                                         _0391_ (net)
                  0.06    0.00   16.92 v _2790_/B2 (sky130_fd_sc_hd__a221o_1)
     1    0.00    0.06    0.34   17.27 v _2790_/X (sky130_fd_sc_hd__a221o_1)
                                         _0409_ (net)
                  0.06    0.00   17.27 v _2791_/A1 (sky130_fd_sc_hd__a21bo_1)
     1    0.00    0.04    0.18   17.45 v _2791_/X (sky130_fd_sc_hd__a21bo_1)
                                         _0410_ (net)
                  0.04    0.00   17.45 v _2792_/A1 (sky130_fd_sc_hd__a21o_1)
     1    0.00    0.04    0.16   17.61 v _2792_/X (sky130_fd_sc_hd__a21o_1)
                                         _0411_ (net)
                  0.04    0.00   17.61 v _2793_/A1 (sky130_fd_sc_hd__a21o_1)
     1    0.00    0.04    0.16   17.77 v _2793_/X (sky130_fd_sc_hd__a21o_1)
                                         _0412_ (net)
                  0.04    0.00   17.77 v _2794_/A1 (sky130_fd_sc_hd__a21o_1)
     1    0.00    0.03    0.15   17.92 v _2794_/X (sky130_fd_sc_hd__a21o_1)
                                         _0413_ (net)
                  0.03    0.00   17.92 v _2796_/A1 (sky130_fd_sc_hd__a21o_1)
     1    0.00    0.04    0.16   18.09 v _2796_/X (sky130_fd_sc_hd__a21o_1)
                                         _0415_ (net)
                  0.04    0.00   18.09 v _2797_/A1 (sky130_fd_sc_hd__a21o_1)
     1    0.00    0.04    0.16   18.25 v _2797_/X (sky130_fd_sc_hd__a21o_1)
                                         _0416_ (net)
                  0.04    0.00   18.25 v _2798_/A1 (sky130_fd_sc_hd__a21o_1)
     1    0.00    0.03    0.15   18.40 v _2798_/X (sky130_fd_sc_hd__a21o_1)
                                         _0417_ (net)
                  0.03    0.00   18.40 v _2800_/A1 (sky130_fd_sc_hd__a21o_1)
     1    0.00    0.04    0.16   18.56 v _2800_/X (sky130_fd_sc_hd__a21o_1)
                                         _0420_ (net)
                  0.04    0.00   18.56 v _2801_/A1 (sky130_fd_sc_hd__a21oi_1)
     1    0.00    0.10    0.11   18.67 ^ _2801_/Y (sky130_fd_sc_hd__a21oi_1)
                                         _0421_ (net)
                  0.10    0.00   18.67 ^ _2802_/A1 (sky130_fd_sc_hd__o21ba_1)
     1    0.00    0.05    0.15   18.82 ^ _2802_/X (sky130_fd_sc_hd__o21ba_1)
                                         _0422_ (net)
                  0.05    0.00   18.82 ^ _2804_/A1 (sky130_fd_sc_hd__o21ai_1)
     1    0.00    0.07    0.07   18.90 v _2804_/Y (sky130_fd_sc_hd__o21ai_1)
                                         _0424_ (net)
                  0.07    0.00   18.90 v _2805_/A1 (sky130_fd_sc_hd__a21o_1)
     4    0.02    0.09    0.23   19.13 v _2805_/X (sky130_fd_sc_hd__a21o_1)
                                         _0425_ (net)
                  0.09    0.00   19.13 v clone11/A (sky130_fd_sc_hd__buf_6)
     5    0.02    0.03    0.16   19.28 v clone11/X (sky130_fd_sc_hd__buf_6)
                                         net66 (net)
                  0.03    0.00   19.28 v _3032_/A4 (sky130_fd_sc_hd__a41o_1)
     2    0.01    0.06    0.27   19.55 v _3032_/X (sky130_fd_sc_hd__a41o_1)
                                         _0649_ (net)
                  0.06    0.00   19.55 v _3041_/A (sky130_fd_sc_hd__xnor2_1)
     1    0.00    0.05    0.14   19.69 v _3041_/Y (sky130_fd_sc_hd__xnor2_1)
                                         _0659_ (net)
                  0.05    0.00   19.69 v _3043_/A2 (sky130_fd_sc_hd__o211a_1)
     1    0.00    0.04    0.22   19.91 v _3043_/X (sky130_fd_sc_hd__o211a_1)
                                         _0027_ (net)
                  0.04    0.00   19.91 v _3110_/D (sky130_fd_sc_hd__dfxtp_1)
                                 19.91   data arrival time

                         10.00   10.00   clock clock (rise edge)
                          0.00   10.00   clock source latency
     1    0.01    0.04    0.03   10.03 ^ clock (in)
                                         clock (net)
                  0.04    0.00   10.03 ^ clkbuf_0_clock/A (sky130_fd_sc_hd__clkbuf_16)
     4    0.03    0.05    0.13   10.15 ^ clkbuf_0_clock/X (sky130_fd_sc_hd__clkbuf_16)
                                         clknet_0_clock (net)
                  0.05    0.00   10.15 ^ clkbuf_2_2__f_clock/A (sky130_fd_sc_hd__clkbuf_16)
     7    0.02    0.04    0.12   10.28 ^ clkbuf_2_2__f_clock/X (sky130_fd_sc_hd__clkbuf_16)
                                         clknet_2_2__leaf_clock (net)
                  0.04    0.00   10.28 ^ _3110_/CLK (sky130_fd_sc_hd__dfxtp_1)
                         -0.25   10.03   clock uncertainty
                          0.00   10.03   clock reconvergence pessimism
                         -0.11    9.92   library setup time
                                  9.92   data required time
-----------------------------------------------------------------------------
                                  9.92   data required time
                                -19.91   data arrival time
-----------------------------------------------------------------------------
                                 -9.99   slack (VIOLATED)


Startpoint: io_inScaleA[6] (input port clocked by clock)
Endpoint: _3108_ (rising edge-triggered flip-flop clocked by clock)
Path Group: clock
Path Type: max

Fanout     Cap    Slew   Delay    Time   Description
-----------------------------------------------------------------------------
                          0.00    0.00   clock clock (rise edge)
                          0.00    0.00   clock network delay (propagated)
                          2.00    2.00 v input external delay
     1    0.01    0.02    0.01    2.01 v io_inScaleA[6] (in)
                                         io_inScaleA[6] (net)
                  0.02    0.00    2.01 v input15/A (sky130_fd_sc_hd__buf_8)
     4    0.02    0.03    0.12    2.13 v input15/X (sky130_fd_sc_hd__buf_8)
                                         net15 (net)
                  0.03    0.00    2.13 v _1585_/A1 (sky130_fd_sc_hd__o21ai_4)
     5    0.03    0.27    0.26    2.39 ^ _1585_/Y (sky130_fd_sc_hd__o21ai_4)
                                         _0419_ (net)
                  0.27    0.00    2.39 ^ _1595_/B (sky130_fd_sc_hd__xnor2_2)
     1    0.01    0.07    0.12    2.51 v _1595_/Y (sky130_fd_sc_hd__xnor2_2)
                                         _0521_ (net)
                  0.07    0.00    2.51 v _1596_/A (sky130_fd_sc_hd__xnor2_2)
     2    0.01    0.23    0.26    2.77 ^ _1596_/Y (sky130_fd_sc_hd__xnor2_2)
                                         _0530_ (net)
                  0.23    0.00    2.77 ^ _1597_/A (sky130_fd_sc_hd__xnor2_2)
     2    0.01    0.09    0.14    2.91 v _1597_/Y (sky130_fd_sc_hd__xnor2_2)
                                         _0540_ (net)
                  0.09    0.00    2.91 v _1621_/B (sky130_fd_sc_hd__or3_4)
     1    0.00    0.06    0.39    3.30 v _1621_/X (sky130_fd_sc_hd__or3_4)
                                         _0705_ (net)
                  0.06    0.00    3.30 v _1622_/B1_N (sky130_fd_sc_hd__a21bo_4)
     2    0.01    0.05    0.20    3.50 ^ _1622_/X (sky130_fd_sc_hd__a21bo_4)
                                         _0706_ (net)
                  0.05    0.00    3.50 ^ _1626_/B (sky130_fd_sc_hd__xor2_2)
     2    0.01    0.19    0.21    3.71 ^ _1626_/X (sky130_fd_sc_hd__xor2_2)
                                         _0710_ (net)
                  0.19    0.00    3.71 ^ _1627_/A (sky130_fd_sc_hd__xnor2_2)
     2    0.02    0.31    0.21    3.92 ^ _1627_/Y (sky130_fd_sc_hd__xnor2_2)
                                         _0711_ (net)
                  0.31    0.00    3.92 ^ _1628_/A (sky130_fd_sc_hd__xor2_4)
     2    0.02    0.19    0.25    4.16 ^ _1628_/X (sky130_fd_sc_hd__xor2_4)
                                         _0712_ (net)
                  0.19    0.00    4.17 ^ _1633_/A_N (sky130_fd_sc_hd__and2b_1)
     1    0.00    0.03    0.21    4.38 v _1633_/X (sky130_fd_sc_hd__and2b_1)
                                         _0717_ (net)
                  0.03    0.00    4.38 v _1634_/B1 (sky130_fd_sc_hd__a31o_1)
     2    0.01    0.08    0.23    4.61 v _1634_/X (sky130_fd_sc_hd__a31o_1)
                                         _0718_ (net)
                  0.08    0.00    4.61 v _1722_/C (sky130_fd_sc_hd__or3_4)
     2    0.00    0.07    0.35    4.97 v _1722_/X (sky130_fd_sc_hd__or3_4)
                                         _0806_ (net)
                  0.07    0.00    4.97 v _1783_/A (sky130_fd_sc_hd__and3_1)
     1    0.01    0.06    0.19    5.15 v _1783_/X (sky130_fd_sc_hd__and3_1)
                                         _0867_ (net)
                  0.06    0.00    5.15 v _1784_/B (sky130_fd_sc_hd__xnor2_2)
     2    0.01    0.07    0.16    5.31 v _1784_/Y (sky130_fd_sc_hd__xnor2_2)
                                         _0868_ (net)
                  0.07    0.00    5.31 v _1785_/A (sky130_fd_sc_hd__xnor2_1)
     2    0.01    0.24    0.26    5.58 ^ _1785_/Y (sky130_fd_sc_hd__xnor2_1)
                                         _0869_ (net)
                  0.24    0.00    5.58 ^ _1786_/B (sky130_fd_sc_hd__or3_4)
     1    0.00    0.03    0.18    5.76 ^ _1786_/X (sky130_fd_sc_hd__or3_4)
                                         _0870_ (net)
                  0.03    0.00    5.76 ^ _1787_/B1_N (sky130_fd_sc_hd__a21bo_4)
     2    0.01    0.05    0.24    5.99 v _1787_/X (sky130_fd_sc_hd__a21bo_4)
                                         _0871_ (net)
                  0.05    0.00    6.00 v _1789_/A (sky130_fd_sc_hd__xor2_2)
     2    0.01    0.11    0.20    6.20 v _1789_/X (sky130_fd_sc_hd__xor2_2)
                                         _0873_ (net)
                  0.11    0.00    6.20 v _1832_/A2 (sky130_fd_sc_hd__o21bai_4)
     3    0.01    0.14    0.18    6.38 ^ _1832_/Y (sky130_fd_sc_hd__o21bai_4)
                                         _0916_ (net)
                  0.14    0.00    6.38 ^ _1834_/A1 (sky130_fd_sc_hd__a21o_1)
     2    0.01    0.13    0.21    6.59 ^ _1834_/X (sky130_fd_sc_hd__a21o_1)
                                         _0918_ (net)
                  0.13    0.00    6.59 ^ _1836_/A1 (sky130_fd_sc_hd__a21oi_4)
     3    0.02    0.06    0.09    6.68 v _1836_/Y (sky130_fd_sc_hd__a21oi_4)
                                         _0920_ (net)
                  0.06    0.00    6.68 v _1840_/A1 (sky130_fd_sc_hd__o211a_1)
     2    0.01    0.06    0.27    6.95 v _1840_/X (sky130_fd_sc_hd__o211a_1)
                                         _0924_ (net)
                  0.06    0.00    6.95 v _1841_/A2 (sky130_fd_sc_hd__o31a_4)
     4    0.02    0.07    0.39    7.33 v _1841_/X (sky130_fd_sc_hd__o31a_4)
                                         _0925_ (net)
                  0.07    0.00    7.33 v rebuffer28/A (sky130_fd_sc_hd__buf_8)
     1    0.02    0.03    0.14    7.47 v rebuffer28/X (sky130_fd_sc_hd__buf_8)
                                         net83 (net)
                  0.03    0.00    7.48 v _1879_/B (sky130_fd_sc_hd__xnor2_4)
     7    0.02    0.19    0.19    7.67 ^ _1879_/Y (sky130_fd_sc_hd__xnor2_4)
                                         _0963_ (net)
                  0.19    0.00    7.67 ^ _1934_/C (sky130_fd_sc_hd__and4_1)
     2    0.01    0.09    0.25    7.92 ^ _1934_/X (sky130_fd_sc_hd__and4_1)
                                         _1018_ (net)
                  0.09    0.00    7.92 ^ _1935_/A (sky130_fd_sc_hd__buf_6)
     5    0.01    0.04    0.12    8.04 ^ _1935_/X (sky130_fd_sc_hd__buf_6)
                                         _1019_ (net)
                  0.04    0.00    8.04 ^ _1936_/A (sky130_fd_sc_hd__and2_4)
     1    0.01    0.04    0.14    8.18 ^ _1936_/X (sky130_fd_sc_hd__and2_4)
                                         _1020_ (net)
                  0.04    0.00    8.18 ^ _1937_/A (sky130_fd_sc_hd__buf_8)
     7    0.04    0.07    0.13    8.30 ^ _1937_/X (sky130_fd_sc_hd__buf_8)
                                         _1021_ (net)
                  0.07    0.00    8.30 ^ _1942_/B (sky130_fd_sc_hd__xnor2_4)
     2    0.01    0.08    0.08    8.39 v _1942_/Y (sky130_fd_sc_hd__xnor2_4)
                                         _1026_ (net)
                  0.08    0.00    8.39 v _1952_/A1 (sky130_fd_sc_hd__o221a_1)
     2    0.01    0.08    0.32    8.70 v _1952_/X (sky130_fd_sc_hd__o221a_1)
                                         _1036_ (net)
                  0.08    0.00    8.70 v _1955_/A (sky130_fd_sc_hd__nor2b_2)
     2    0.02    0.19    0.21    8.92 ^ _1955_/Y (sky130_fd_sc_hd__nor2b_2)
                                         _1039_ (net)
                  0.19    0.00    8.92 ^ _1958_/A1 (sky130_fd_sc_hd__a31oi_4)
     5    0.01    0.09    0.13    9.04 v _1958_/Y (sky130_fd_sc_hd__a31oi_4)
                                         _1042_ (net)
                  0.09    0.00    9.04 v _1959_/B (sky130_fd_sc_hd__or3_4)
     4    0.02    0.10    0.45    9.49 v _1959_/X (sky130_fd_sc_hd__or3_4)
                                         _1043_ (net)
                  0.10    0.00    9.49 v _1965_/A2 (sky130_fd_sc_hd__a21o_4)
     2    0.02    0.06    0.27    9.77 v _1965_/X (sky130_fd_sc_hd__a21o_4)
                                         _1049_ (net)
                  0.06    0.00    9.77 v _1971_/A2 (sky130_fd_sc_hd__a21o_4)
     2    0.02    0.06    0.25   10.02 v _1971_/X (sky130_fd_sc_hd__a21o_4)
                                         _1055_ (net)
                  0.06    0.00   10.02 v _1977_/A2 (sky130_fd_sc_hd__a21bo_4)
     2    0.02    0.06    0.26   10.28 v _1977_/X (sky130_fd_sc_hd__a21bo_4)
                                         _1061_ (net)
                  0.06    0.00   10.28 v _1986_/A2 (sky130_fd_sc_hd__a21o_4)
     2    0.02    0.05    0.25   10.53 v _1986_/X (sky130_fd_sc_hd__a21o_4)
                                         _1070_ (net)
                  0.05    0.00   10.54 v _1989_/A2 (sky130_fd_sc_hd__a21o_1)
     2    0.02    0.10    0.25   10.79 v _1989_/X (sky130_fd_sc_hd__a21o_1)
                                         _1073_ (net)
                  0.10    0.00   10.79 v _1992_/A2 (sky130_fd_sc_hd__a21oi_4)
     3    0.02    0.19    0.24   11.03 ^ _1992_/Y (sky130_fd_sc_hd__a21oi_4)
                                         _1076_ (net)
                  0.19    0.00   11.03 ^ max_cap1/A (sky130_fd_sc_hd__buf_4)
     3    0.04    0.11    0.22   11.25 ^ max_cap1/X (sky130_fd_sc_hd__buf_4)
                                         net90 (net)
                  0.11    0.00   11.25 ^ _1993_/A (sky130_fd_sc_hd__xnor2_4)
     6    0.04    0.34    0.21   11.46 ^ _1993_/Y (sky130_fd_sc_hd__xnor2_4)
                                         _1077_ (net)
                  0.34    0.00   11.47 ^ _2029_/S (sky130_fd_sc_hd__mux2_4)
     5    0.01    0.06    0.38   11.84 v _2029_/X (sky130_fd_sc_hd__mux2_4)
                                         _1113_ (net)
                  0.06    0.00   11.84 v _2109_/A (sky130_fd_sc_hd__buf_2)
    10    0.03    0.07    0.18   12.02 v _2109_/X (sky130_fd_sc_hd__buf_2)
                                         _1193_ (net)
                  0.07    0.00   12.02 v _2230_/A1 (sky130_fd_sc_hd__a21o_1)
     3    0.01    0.06    0.20   12.22 v _2230_/X (sky130_fd_sc_hd__a21o_1)
                                         _1314_ (net)
                  0.06    0.00   12.22 v _2310_/A3 (sky130_fd_sc_hd__a311o_1)
     1    0.01    0.08    0.41   12.63 v _2310_/X (sky130_fd_sc_hd__a311o_1)
                                         _1394_ (net)
                  0.08    0.00   12.63 v _2315_/A3 (sky130_fd_sc_hd__a31oi_4)
     1    0.01    0.12    0.19   12.82 ^ _2315_/Y (sky130_fd_sc_hd__a31oi_4)
                                         _1399_ (net)
                  0.12    0.00   12.82 ^ _2316_/C1 (sky130_fd_sc_hd__a311o_1)
     3    0.01    0.14    0.20   13.02 ^ _2316_/X (sky130_fd_sc_hd__a311o_1)
                                         _1400_ (net)
                  0.14    0.00   13.02 ^ rebuffer6/A (sky130_fd_sc_hd__clkbuf_1)
     1    0.00    0.05    0.12   13.14 ^ rebuffer6/X (sky130_fd_sc_hd__clkbuf_1)
                                         net61 (net)
                  0.05    0.00   13.14 ^ _2320_/B (sky130_fd_sc_hd__nand3_1)
     2    0.01    0.10    0.12   13.26 v _2320_/Y (sky130_fd_sc_hd__nand3_1)
                                         _1404_ (net)
                  0.10    0.00   13.26 v _2357_/A1 (sky130_fd_sc_hd__a2111o_4)
     4    0.02    0.09    0.52   13.78 v _2357_/X (sky130_fd_sc_hd__a2111o_4)
                                         _1441_ (net)
                  0.09    0.00   13.78 v _2359_/A1 (sky130_fd_sc_hd__a21o_1)
     3    0.01    0.06    0.21   13.99 v _2359_/X (sky130_fd_sc_hd__a21o_1)
                                         _1443_ (net)
                  0.06    0.00   13.99 v _2374_/A1 (sky130_fd_sc_hd__a311o_1)
     3    0.01    0.09    0.32   14.31 v _2374_/X (sky130_fd_sc_hd__a311o_1)
                                         _1459_ (net)
                  0.09    0.00   14.31 v _2391_/A2 (sky130_fd_sc_hd__a2111o_1)
     2    0.01    0.10    0.50   14.81 v _2391_/X (sky130_fd_sc_hd__a2111o_1)
                                         _1478_ (net)
                  0.10    0.00   14.81 v _2400_/A1 (sky130_fd_sc_hd__a41oi_4)
     4    0.02    0.23    0.22   15.03 ^ _2400_/Y (sky130_fd_sc_hd__a41oi_4)
                                         _1488_ (net)
                  0.23    0.00   15.03 ^ _2437_/A1 (sky130_fd_sc_hd__a311oi_2)
     2    0.00    0.10    0.14   15.17 v _2437_/Y (sky130_fd_sc_hd__a311oi_2)
                                         _1527_ (net)
                  0.10    0.00   15.17 v _2461_/A1 (sky130_fd_sc_hd__a2111o_1)
     2    0.00    0.07    0.40   15.57 v _2461_/X (sky130_fd_sc_hd__a2111o_1)
                                         _0047_ (net)
                  0.07    0.00   15.57 v _2489_/A2 (sky130_fd_sc_hd__a21o_1)
     2    0.00    0.04    0.19   15.76 v _2489_/X (sky130_fd_sc_hd__a21o_1)
                                         _0077_ (net)
                  0.04    0.00   15.76 v _2495_/A (sky130_fd_sc_hd__and3_1)
     3    0.01    0.07    0.18   15.94 v _2495_/X (sky130_fd_sc_hd__and3_1)
                                         _0084_ (net)
                  0.07    0.00   15.94 v _2557_/A3 (sky130_fd_sc_hd__o311a_4)
     2    0.01    0.06    0.33   16.27 v _2557_/X (sky130_fd_sc_hd__o311a_4)
                                         _0152_ (net)
                  0.06    0.00   16.27 v _2570_/A3 (sky130_fd_sc_hd__o31a_4)
     3    0.01    0.06    0.31   16.58 v _2570_/X (sky130_fd_sc_hd__o31a_4)
                                         _0167_ (net)
                  0.06    0.00   16.59 v _2774_/S (sky130_fd_sc_hd__mux2_4)
     4    0.01    0.06    0.34   16.92 v _2774_/X (sky130_fd_sc_hd__mux2_4)
                                         _0391_ (net)
                  0.06    0.00   16.92 v _2790_/B2 (sky130_fd_sc_hd__a221o_1)
     1    0.00    0.06    0.34   17.27 v _2790_/X (sky130_fd_sc_hd__a221o_1)
                                         _0409_ (net)
                  0.06    0.00   17.27 v _2791_/A1 (sky130_fd_sc_hd__a21bo_1)
     1    0.00    0.04    0.18   17.45 v _2791_/X (sky130_fd_sc_hd__a21bo_1)
                                         _0410_ (net)
                  0.04    0.00   17.45 v _2792_/A1 (sky130_fd_sc_hd__a21o_1)
     1    0.00    0.04    0.16   17.61 v _2792_/X (sky130_fd_sc_hd__a21o_1)
                                         _0411_ (net)
                  0.04    0.00   17.61 v _2793_/A1 (sky130_fd_sc_hd__a21o_1)
     1    0.00    0.04    0.16   17.77 v _2793_/X (sky130_fd_sc_hd__a21o_1)
                                         _0412_ (net)
                  0.04    0.00   17.77 v _2794_/A1 (sky130_fd_sc_hd__a21o_1)
     1    0.00    0.03    0.15   17.92 v _2794_/X (sky130_fd_sc_hd__a21o_1)
                                         _0413_ (net)
                  0.03    0.00   17.92 v _2796_/A1 (sky130_fd_sc_hd__a21o_1)
     1    0.00    0.04    0.16   18.09 v _2796_/X (sky130_fd_sc_hd__a21o_1)
                                         _0415_ (net)
                  0.04    0.00   18.09 v _2797_/A1 (sky130_fd_sc_hd__a21o_1)
     1    0.00    0.04    0.16   18.25 v _2797_/X (sky130_fd_sc_hd__a21o_1)
                                         _0416_ (net)
                  0.04    0.00   18.25 v _2798_/A1 (sky130_fd_sc_hd__a21o_1)
     1    0.00    0.03    0.15   18.40 v _2798_/X (sky130_fd_sc_hd__a21o_1)
                                         _0417_ (net)
                  0.03    0.00   18.40 v _2800_/A1 (sky130_fd_sc_hd__a21o_1)
     1    0.00    0.04    0.16   18.56 v _2800_/X (sky130_fd_sc_hd__a21o_1)
                                         _0420_ (net)
                  0.04    0.00   18.56 v _2801_/A1 (sky130_fd_sc_hd__a21oi_1)
     1    0.00    0.10    0.11   18.67 ^ _2801_/Y (sky130_fd_sc_hd__a21oi_1)
                                         _0421_ (net)
                  0.10    0.00   18.67 ^ _2802_/A1 (sky130_fd_sc_hd__o21ba_1)
     1    0.00    0.05    0.15   18.82 ^ _2802_/X (sky130_fd_sc_hd__o21ba_1)
                                         _0422_ (net)
                  0.05    0.00   18.82 ^ _2804_/A1 (sky130_fd_sc_hd__o21ai_1)
     1    0.00    0.07    0.07   18.90 v _2804_/Y (sky130_fd_sc_hd__o21ai_1)
                                         _0424_ (net)
                  0.07    0.00   18.90 v _2805_/A1 (sky130_fd_sc_hd__a21o_1)
     4    0.02    0.09    0.23   19.13 v _2805_/X (sky130_fd_sc_hd__a21o_1)
                                         _0425_ (net)
                  0.09    0.00   19.13 v _2806_/A (sky130_fd_sc_hd__buf_6)
     6    0.03    0.04    0.16   19.29 v _2806_/X (sky130_fd_sc_hd__buf_6)
                                         _0426_ (net)
                  0.04    0.00   19.29 v clone27/A (sky130_fd_sc_hd__clkbuf_16)
     5    0.03    0.04    0.16   19.45 v clone27/X (sky130_fd_sc_hd__clkbuf_16)
                                         net82 (net)
                  0.04    0.00   19.45 v _3006_/A (sky130_fd_sc_hd__nand2_1)
     3    0.01    0.08    0.08   19.53 ^ _3006_/Y (sky130_fd_sc_hd__nand2_1)
                                         _0623_ (net)
                  0.08    0.00   19.53 ^ _3017_/A (sky130_fd_sc_hd__nand2_1)
     1    0.00    0.05    0.06   19.59 v _3017_/Y (sky130_fd_sc_hd__nand2_1)
                                         _0634_ (net)
                  0.05    0.00   19.59 v _3018_/A2 (sky130_fd_sc_hd__a21o_1)
     1    0.00    0.04    0.19   19.78 v _3018_/X (sky130_fd_sc_hd__a21o_1)
                                         _0635_ (net)
                  0.04    0.00   19.78 v _3019_/C1 (sky130_fd_sc_hd__o211a_1)
     1    0.00    0.03    0.10   19.88 v _3019_/X (sky130_fd_sc_hd__o211a_1)
                                         _0025_ (net)
                  0.03    0.00   19.88 v _3108_/D (sky130_fd_sc_hd__dfxtp_1)
                                 19.88   data arrival time

                         10.00   10.00   clock clock (rise edge)
                          0.00   10.00   clock source latency
     1    0.01    0.04    0.03   10.03 ^ clock (in)
                                         clock (net)
                  0.04    0.00   10.03 ^ clkbuf_0_clock/A (sky130_fd_sc_hd__clkbuf_16)
     4    0.03    0.05    0.13   10.15 ^ clkbuf_0_clock/X (sky130_fd_sc_hd__clkbuf_16)
                                         clknet_0_clock (net)
                  0.05    0.00   10.15 ^ clkbuf_2_0__f_clock/A (sky130_fd_sc_hd__clkbuf_16)
     9    0.02    0.04    0.12   10.28 ^ clkbuf_2_0__f_clock/X (sky130_fd_sc_hd__clkbuf_16)
                                         clknet_2_0__leaf_clock (net)
                  0.04    0.00   10.28 ^ _3108_/CLK (sky130_fd_sc_hd__dfxtp_1)
                         -0.25   10.03   clock uncertainty
                          0.00   10.03   clock reconvergence pessimism
                         -0.11    9.92   library setup time
                                  9.92   data required time
-----------------------------------------------------------------------------
                                  9.92   data required time
                                -19.88   data arrival time
-----------------------------------------------------------------------------
                                 -9.96   slack (VIOLATED)


Startpoint: io_inScaleA[6] (input port clocked by clock)
Endpoint: _3116_ (rising edge-triggered flip-flop clocked by clock)
Path Group: clock
Path Type: max

Fanout     Cap    Slew   Delay    Time   Description
-----------------------------------------------------------------------------
                          0.00    0.00   clock clock (rise edge)
                          0.00    0.00   clock network delay (propagated)
                          2.00    2.00 v input external delay
     1    0.01    0.02    0.01    2.01 v io_inScaleA[6] (in)
                                         io_inScaleA[6] (net)
                  0.02    0.00    2.01 v input15/A (sky130_fd_sc_hd__buf_8)
     4    0.02    0.03    0.12    2.13 v input15/X (sky130_fd_sc_hd__buf_8)
                                         net15 (net)
                  0.03    0.00    2.13 v _1585_/A1 (sky130_fd_sc_hd__o21ai_4)
     5    0.03    0.27    0.26    2.39 ^ _1585_/Y (sky130_fd_sc_hd__o21ai_4)
                                         _0419_ (net)
                  0.27    0.00    2.39 ^ _1595_/B (sky130_fd_sc_hd__xnor2_2)
     1    0.01    0.07    0.12    2.51 v _1595_/Y (sky130_fd_sc_hd__xnor2_2)
                                         _0521_ (net)
                  0.07    0.00    2.51 v _1596_/A (sky130_fd_sc_hd__xnor2_2)
     2    0.01    0.23    0.26    2.77 ^ _1596_/Y (sky130_fd_sc_hd__xnor2_2)
                                         _0530_ (net)
                  0.23    0.00    2.77 ^ _1597_/A (sky130_fd_sc_hd__xnor2_2)
     2    0.01    0.09    0.14    2.91 v _1597_/Y (sky130_fd_sc_hd__xnor2_2)
                                         _0540_ (net)
                  0.09    0.00    2.91 v _1621_/B (sky130_fd_sc_hd__or3_4)
     1    0.00    0.06    0.39    3.30 v _1621_/X (sky130_fd_sc_hd__or3_4)
                                         _0705_ (net)
                  0.06    0.00    3.30 v _1622_/B1_N (sky130_fd_sc_hd__a21bo_4)
     2    0.01    0.05    0.20    3.50 ^ _1622_/X (sky130_fd_sc_hd__a21bo_4)
                                         _0706_ (net)
                  0.05    0.00    3.50 ^ _1626_/B (sky130_fd_sc_hd__xor2_2)
     2    0.01    0.19    0.21    3.71 ^ _1626_/X (sky130_fd_sc_hd__xor2_2)
                                         _0710_ (net)
                  0.19    0.00    3.71 ^ _1627_/A (sky130_fd_sc_hd__xnor2_2)
     2    0.02    0.31    0.21    3.92 ^ _1627_/Y (sky130_fd_sc_hd__xnor2_2)
                                         _0711_ (net)
                  0.31    0.00    3.92 ^ _1628_/A (sky130_fd_sc_hd__xor2_4)
     2    0.02    0.19    0.25    4.16 ^ _1628_/X (sky130_fd_sc_hd__xor2_4)
                                         _0712_ (net)
                  0.19    0.00    4.17 ^ _1633_/A_N (sky130_fd_sc_hd__and2b_1)
     1    0.00    0.03    0.21    4.38 v _1633_/X (sky130_fd_sc_hd__and2b_1)
                                         _0717_ (net)
                  0.03    0.00    4.38 v _1634_/B1 (sky130_fd_sc_hd__a31o_1)
     2    0.01    0.08    0.23    4.61 v _1634_/X (sky130_fd_sc_hd__a31o_1)
                                         _0718_ (net)
                  0.08    0.00    4.61 v _1722_/C (sky130_fd_sc_hd__or3_4)
     2    0.00    0.07    0.35    4.97 v _1722_/X (sky130_fd_sc_hd__or3_4)
                                         _0806_ (net)
                  0.07    0.00    4.97 v _1783_/A (sky130_fd_sc_hd__and3_1)
     1    0.01    0.06    0.19    5.15 v _1783_/X (sky130_fd_sc_hd__and3_1)
                                         _0867_ (net)
                  0.06    0.00    5.15 v _1784_/B (sky130_fd_sc_hd__xnor2_2)
     2    0.01    0.07    0.16    5.31 v _1784_/Y (sky130_fd_sc_hd__xnor2_2)
                                         _0868_ (net)
                  0.07    0.00    5.31 v _1785_/A (sky130_fd_sc_hd__xnor2_1)
     2    0.01    0.24    0.26    5.58 ^ _1785_/Y (sky130_fd_sc_hd__xnor2_1)
                                         _0869_ (net)
                  0.24    0.00    5.58 ^ _1786_/B (sky130_fd_sc_hd__or3_4)
     1    0.00    0.03    0.18    5.76 ^ _1786_/X (sky130_fd_sc_hd__or3_4)
                                         _0870_ (net)
                  0.03    0.00    5.76 ^ _1787_/B1_N (sky130_fd_sc_hd__a21bo_4)
     2    0.01    0.05    0.24    5.99 v _1787_/X (sky130_fd_sc_hd__a21bo_4)
                                         _0871_ (net)
                  0.05    0.00    6.00 v _1789_/A (sky130_fd_sc_hd__xor2_2)
     2    0.01    0.11    0.20    6.20 v _1789_/X (sky130_fd_sc_hd__xor2_2)
                                         _0873_ (net)
                  0.11    0.00    6.20 v _1832_/A2 (sky130_fd_sc_hd__o21bai_4)
     3    0.01    0.14    0.18    6.38 ^ _1832_/Y (sky130_fd_sc_hd__o21bai_4)
                                         _0916_ (net)
                  0.14    0.00    6.38 ^ _1834_/A1 (sky130_fd_sc_hd__a21o_1)
     2    0.01    0.13    0.21    6.59 ^ _1834_/X (sky130_fd_sc_hd__a21o_1)
                                         _0918_ (net)
                  0.13    0.00    6.59 ^ _1836_/A1 (sky130_fd_sc_hd__a21oi_4)
     3    0.02    0.06    0.09    6.68 v _1836_/Y (sky130_fd_sc_hd__a21oi_4)
                                         _0920_ (net)
                  0.06    0.00    6.68 v _1840_/A1 (sky130_fd_sc_hd__o211a_1)
     2    0.01    0.06    0.27    6.95 v _1840_/X (sky130_fd_sc_hd__o211a_1)
                                         _0924_ (net)
                  0.06    0.00    6.95 v _1841_/A2 (sky130_fd_sc_hd__o31a_4)
     4    0.02    0.07    0.39    7.33 v _1841_/X (sky130_fd_sc_hd__o31a_4)
                                         _0925_ (net)
                  0.07    0.00    7.33 v rebuffer28/A (sky130_fd_sc_hd__buf_8)
     1    0.02    0.03    0.14    7.47 v rebuffer28/X (sky130_fd_sc_hd__buf_8)
                                         net83 (net)
                  0.03    0.00    7.48 v _1879_/B (sky130_fd_sc_hd__xnor2_4)
     7    0.02    0.19    0.19    7.67 ^ _1879_/Y (sky130_fd_sc_hd__xnor2_4)
                                         _0963_ (net)
                  0.19    0.00    7.67 ^ _1934_/C (sky130_fd_sc_hd__and4_1)
     2    0.01    0.09    0.25    7.92 ^ _1934_/X (sky130_fd_sc_hd__and4_1)
                                         _1018_ (net)
                  0.09    0.00    7.92 ^ _1935_/A (sky130_fd_sc_hd__buf_6)
     5    0.01    0.04    0.12    8.04 ^ _1935_/X (sky130_fd_sc_hd__buf_6)
                                         _1019_ (net)
                  0.04    0.00    8.04 ^ _1936_/A (sky130_fd_sc_hd__and2_4)
     1    0.01    0.04    0.14    8.18 ^ _1936_/X (sky130_fd_sc_hd__and2_4)
                                         _1020_ (net)
                  0.04    0.00    8.18 ^ _1937_/A (sky130_fd_sc_hd__buf_8)
     7    0.04    0.07    0.13    8.30 ^ _1937_/X (sky130_fd_sc_hd__buf_8)
                                         _1021_ (net)
                  0.07    0.00    8.30 ^ _1942_/B (sky130_fd_sc_hd__xnor2_4)
     2    0.01    0.08    0.08    8.39 v _1942_/Y (sky130_fd_sc_hd__xnor2_4)
                                         _1026_ (net)
                  0.08    0.00    8.39 v _1952_/A1 (sky130_fd_sc_hd__o221a_1)
     2    0.01    0.08    0.32    8.70 v _1952_/X (sky130_fd_sc_hd__o221a_1)
                                         _1036_ (net)
                  0.08    0.00    8.70 v _1955_/A (sky130_fd_sc_hd__nor2b_2)
     2    0.02    0.19    0.21    8.92 ^ _1955_/Y (sky130_fd_sc_hd__nor2b_2)
                                         _1039_ (net)
                  0.19    0.00    8.92 ^ _1958_/A1 (sky130_fd_sc_hd__a31oi_4)
     5    0.01    0.09    0.13    9.04 v _1958_/Y (sky130_fd_sc_hd__a31oi_4)
                                         _1042_ (net)
                  0.09    0.00    9.04 v _1959_/B (sky130_fd_sc_hd__or3_4)
     4    0.02    0.10    0.45    9.49 v _1959_/X (sky130_fd_sc_hd__or3_4)
                                         _1043_ (net)
                  0.10    0.00    9.49 v _1965_/A2 (sky130_fd_sc_hd__a21o_4)
     2    0.02    0.06    0.27    9.77 v _1965_/X (sky130_fd_sc_hd__a21o_4)
                                         _1049_ (net)
                  0.06    0.00    9.77 v _1971_/A2 (sky130_fd_sc_hd__a21o_4)
     2    0.02    0.06    0.25   10.02 v _1971_/X (sky130_fd_sc_hd__a21o_4)
                                         _1055_ (net)
                  0.06    0.00   10.02 v _1977_/A2 (sky130_fd_sc_hd__a21bo_4)
     2    0.02    0.06    0.26   10.28 v _1977_/X (sky130_fd_sc_hd__a21bo_4)
                                         _1061_ (net)
                  0.06    0.00   10.28 v _1986_/A2 (sky130_fd_sc_hd__a21o_4)
     2    0.02    0.05    0.25   10.53 v _1986_/X (sky130_fd_sc_hd__a21o_4)
                                         _1070_ (net)
                  0.05    0.00   10.54 v _1989_/A2 (sky130_fd_sc_hd__a21o_1)
     2    0.02    0.10    0.25   10.79 v _1989_/X (sky130_fd_sc_hd__a21o_1)
                                         _1073_ (net)
                  0.10    0.00   10.79 v _1992_/A2 (sky130_fd_sc_hd__a21oi_4)
     3    0.02    0.19    0.24   11.03 ^ _1992_/Y (sky130_fd_sc_hd__a21oi_4)
                                         _1076_ (net)
                  0.19    0.00   11.03 ^ max_cap1/A (sky130_fd_sc_hd__buf_4)
     3    0.04    0.11    0.22   11.25 ^ max_cap1/X (sky130_fd_sc_hd__buf_4)
                                         net90 (net)
                  0.11    0.00   11.25 ^ _1993_/A (sky130_fd_sc_hd__xnor2_4)
     6    0.04    0.34    0.21   11.46 ^ _1993_/Y (sky130_fd_sc_hd__xnor2_4)
                                         _1077_ (net)
                  0.34    0.00   11.47 ^ rebuffer5/A (sky130_fd_sc_hd__dlymetal6s2s_1)
     1    0.00    0.07    0.18   11.64 ^ rebuffer5/X (sky130_fd_sc_hd__dlymetal6s2s_1)
                                         net60 (net)
                  0.07    0.00   11.64 ^ _1994_/A (sky130_fd_sc_hd__clkbuf_4)
    10    0.04    0.12    0.21   11.85 ^ _1994_/X (sky130_fd_sc_hd__clkbuf_4)
                                         _1078_ (net)
                  0.12    0.00   11.85 ^ _2103_/A (sky130_fd_sc_hd__clkbuf_4)
    10    0.04    0.14    0.24   12.09 ^ _2103_/X (sky130_fd_sc_hd__clkbuf_4)
                                         _1187_ (net)
                  0.14    0.00   12.09 ^ _2104_/A (sky130_fd_sc_hd__clkbuf_4)
    10    0.03    0.11    0.23   12.32 ^ _2104_/X (sky130_fd_sc_hd__clkbuf_4)
                                         _1188_ (net)
                  0.11    0.00   12.32 ^ _3081_/A2 (sky130_fd_sc_hd__a21o_1)
     1    0.00    0.04    0.13   12.45 ^ _3081_/X (sky130_fd_sc_hd__a21o_1)
                                         _0697_ (net)
                  0.04    0.00   12.45 ^ _3082_/C1 (sky130_fd_sc_hd__o311a_1)
     1    0.00    0.04    0.14   12.59 ^ _3082_/X (sky130_fd_sc_hd__o311a_1)
                                         _0033_ (net)
                  0.04    0.00   12.59 ^ _3116_/D (sky130_fd_sc_hd__dfxtp_4)
                                 12.59   data arrival time

                         10.00   10.00   clock clock (rise edge)
                          0.00   10.00   clock source latency
     1    0.01    0.04    0.03   10.03 ^ clock (in)
                                         clock (net)
                  0.04    0.00   10.03 ^ clkbuf_0_clock/A (sky130_fd_sc_hd__clkbuf_16)
     4    0.03    0.05    0.13   10.15 ^ clkbuf_0_clock/X (sky130_fd_sc_hd__clkbuf_16)
                                         clknet_0_clock (net)
                  0.05    0.00   10.15 ^ clkbuf_2_0__f_clock/A (sky130_fd_sc_hd__clkbuf_16)
     9    0.02    0.04    0.12   10.28 ^ clkbuf_2_0__f_clock/X (sky130_fd_sc_hd__clkbuf_16)
                                         clknet_2_0__leaf_clock (net)
                  0.04    0.00   10.28 ^ _3116_/CLK (sky130_fd_sc_hd__dfxtp_4)
                         -0.25   10.03   clock uncertainty
                          0.00   10.03   clock reconvergence pessimism
                         -0.06    9.97   library setup time
                                  9.97   data required time
-----------------------------------------------------------------------------
                                  9.97   data required time
                                -12.59   data arrival time
-----------------------------------------------------------------------------
                                 -2.62   slack (VIOLATED)


Startpoint: _3115_ (rising edge-triggered flip-flop clocked by clock)
Endpoint: io_done (output port clocked by clock)
Path Group: clock
Path Type: max

Fanout     Cap    Slew   Delay    Time   Description
-----------------------------------------------------------------------------
                          0.00    0.00   clock clock (rise edge)
                          0.00    0.00   clock source latency
     1    0.01    0.04    0.03    0.03 ^ clock (in)
                                         clock (net)
                  0.04    0.00    0.03 ^ clkbuf_0_clock/A (sky130_fd_sc_hd__clkbuf_16)
     4    0.03    0.05    0.14    0.17 ^ clkbuf_0_clock/X (sky130_fd_sc_hd__clkbuf_16)
                                         clknet_0_clock (net)
                  0.05    0.00    0.17 ^ clkbuf_2_3__f_clock/A (sky130_fd_sc_hd__clkbuf_16)
    10    0.03    0.05    0.14    0.31 ^ clkbuf_2_3__f_clock/X (sky130_fd_sc_hd__clkbuf_16)
                                         clknet_2_3__leaf_clock (net)
                  0.05    0.00    0.31 ^ _3115_/CLK (sky130_fd_sc_hd__dfxtp_1)
     4    0.02    0.16    0.41    0.73 ^ _3115_/Q (sky130_fd_sc_hd__dfxtp_1)
                                         accumulator.state[1] (net)
                  0.16    0.00    0.73 ^ _1541_/B (sky130_fd_sc_hd__and2b_1)
     1    0.00    0.05    0.15    0.88 ^ _1541_/X (sky130_fd_sc_hd__and2b_1)
                                         _1444_ (net)
                  0.05    0.00    0.88 ^ _1542_/A (sky130_fd_sc_hd__clkbuf_1)
     2    0.01    0.08    0.11    0.99 ^ _1542_/X (sky130_fd_sc_hd__clkbuf_1)
                                         net54 (net)
                  0.08    0.00    0.99 ^ output54/A (sky130_fd_sc_hd__buf_2)
     1    0.03    0.17    0.22    1.21 ^ output54/X (sky130_fd_sc_hd__buf_2)
                                         io_done (net)
                  0.17    0.00    1.21 ^ io_done (out)
                                  1.21   data arrival time

                         10.00   10.00   clock clock (rise edge)
                          0.00   10.00   clock network delay (propagated)
                         -0.25    9.75   clock uncertainty
                          0.00    9.75   clock reconvergence pessimism
                         -2.00    7.75   output external delay
                                  7.75   data required time
-----------------------------------------------------------------------------
                                  7.75   data required time
                                 -1.21   data arrival time
-----------------------------------------------------------------------------
                                  6.54   slack (MET)


Startpoint: _3094_ (rising edge-triggered flip-flop clocked by clock)
Endpoint: io_accOut[10] (output port clocked by clock)
Path Group: clock
Path Type: max

Fanout     Cap    Slew   Delay    Time   Description
-----------------------------------------------------------------------------
                          0.00    0.00   clock clock (rise edge)
                          0.00    0.00   clock source latency
     1    0.01    0.04    0.03    0.03 ^ clock (in)
                                         clock (net)
                  0.04    0.00    0.03 ^ clkbuf_0_clock/A (sky130_fd_sc_hd__clkbuf_16)
     4    0.03    0.05    0.14    0.17 ^ clkbuf_0_clock/X (sky130_fd_sc_hd__clkbuf_16)
                                         clknet_0_clock (net)
                  0.05    0.00    0.17 ^ clkbuf_2_1__f_clock/A (sky130_fd_sc_hd__clkbuf_16)
    11    0.03    0.05    0.15    0.32 ^ clkbuf_2_1__f_clock/X (sky130_fd_sc_hd__clkbuf_16)
                                         clknet_2_1__leaf_clock (net)
                  0.05    0.00    0.32 ^ _3094_/CLK (sky130_fd_sc_hd__dfxtp_1)
     4    0.02    0.22    0.45    0.77 ^ _3094_/Q (sky130_fd_sc_hd__dfxtp_1)
                                         net23 (net)
                  0.22    0.00    0.77 ^ output23/A (sky130_fd_sc_hd__buf_2)
     1    0.03    0.17    0.26    1.04 ^ output23/X (sky130_fd_sc_hd__buf_2)
                                         io_accOut[10] (net)
                  0.17    0.00    1.04 ^ io_accOut[10] (out)
                                  1.04   data arrival time

                         10.00   10.00   clock clock (rise edge)
                          0.00   10.00   clock network delay (propagated)
                         -0.25    9.75   clock uncertainty
                          0.00    9.75   clock reconvergence pessimism
                         -2.00    7.75   output external delay
                                  7.75   data required time
-----------------------------------------------------------------------------
                                  7.75   data required time
                                 -1.04   data arrival time
-----------------------------------------------------------------------------
                                  6.71   slack (MET)


Startpoint: _3092_ (rising edge-triggered flip-flop clocked by clock)
Endpoint: io_accOut[8] (output port clocked by clock)
Path Group: clock
Path Type: max

Fanout     Cap    Slew   Delay    Time   Description
-----------------------------------------------------------------------------
                          0.00    0.00   clock clock (rise edge)
                          0.00    0.00   clock source latency
     1    0.01    0.04    0.03    0.03 ^ clock (in)
                                         clock (net)
                  0.04    0.00    0.03 ^ clkbuf_0_clock/A (sky130_fd_sc_hd__clkbuf_16)
     4    0.03    0.05    0.14    0.17 ^ clkbuf_0_clock/X (sky130_fd_sc_hd__clkbuf_16)
                                         clknet_0_clock (net)
                  0.05    0.00    0.17 ^ clkbuf_2_1__f_clock/A (sky130_fd_sc_hd__clkbuf_16)
    11    0.03    0.05    0.15    0.32 ^ clkbuf_2_1__f_clock/X (sky130_fd_sc_hd__clkbuf_16)
                                         clknet_2_1__leaf_clock (net)
                  0.05    0.00    0.32 ^ _3092_/CLK (sky130_fd_sc_hd__dfxtp_1)
     4    0.02    0.20    0.44    0.75 ^ _3092_/Q (sky130_fd_sc_hd__dfxtp_1)
                                         net52 (net)
                  0.20    0.00    0.75 ^ output52/A (sky130_fd_sc_hd__buf_2)
     1    0.04    0.18    0.27    1.02 ^ output52/X (sky130_fd_sc_hd__buf_2)
                                         io_accOut[8] (net)
                  0.18    0.00    1.02 ^ io_accOut[8] (out)
                                  1.02   data arrival time

                         10.00   10.00   clock clock (rise edge)
                          0.00   10.00   clock network delay (propagated)
                         -0.25    9.75   clock uncertainty
                          0.00    9.75   clock reconvergence pessimism
                         -2.00    7.75   output external delay
                                  7.75   data required time
-----------------------------------------------------------------------------
                                  7.75   data required time
                                 -1.02   data arrival time
-----------------------------------------------------------------------------
                                  6.73   slack (MET)


Startpoint: _3101_ (rising edge-triggered flip-flop clocked by clock)
Endpoint: io_accOut[17] (output port clocked by clock)
Path Group: clock
Path Type: max

Fanout     Cap    Slew   Delay    Time   Description
-----------------------------------------------------------------------------
                          0.00    0.00   clock clock (rise edge)
                          0.00    0.00   clock source latency
     1    0.01    0.04    0.03    0.03 ^ clock (in)
                                         clock (net)
                  0.04    0.00    0.03 ^ clkbuf_0_clock/A (sky130_fd_sc_hd__clkbuf_16)
     4    0.03    0.05    0.14    0.17 ^ clkbuf_0_clock/X (sky130_fd_sc_hd__clkbuf_16)
                                         clknet_0_clock (net)
                  0.05    0.00    0.17 ^ clkbuf_2_1__f_clock/A (sky130_fd_sc_hd__clkbuf_16)
    11    0.03    0.05    0.15    0.32 ^ clkbuf_2_1__f_clock/X (sky130_fd_sc_hd__clkbuf_16)
                                         clknet_2_1__leaf_clock (net)
                  0.05    0.00    0.32 ^ _3101_/CLK (sky130_fd_sc_hd__dfxtp_1)
     4    0.02    0.18    0.42    0.74 ^ _3101_/Q (sky130_fd_sc_hd__dfxtp_1)
                                         net30 (net)
                  0.18    0.00    0.74 ^ output30/A (sky130_fd_sc_hd__buf_2)
     1    0.04    0.18    0.26    1.01 ^ output30/X (sky130_fd_sc_hd__buf_2)
                                         io_accOut[17] (net)
                  0.18    0.00    1.01 ^ io_accOut[17] (out)
                                  1.01   data arrival time

                         10.00   10.00   clock clock (rise edge)
                          0.00   10.00   clock network delay (propagated)
                         -0.25    9.75   clock uncertainty
                          0.00    9.75   clock reconvergence pessimism
                         -2.00    7.75   output external delay
                                  7.75   data required time
-----------------------------------------------------------------------------
                                  7.75   data required time
                                 -1.01   data arrival time
-----------------------------------------------------------------------------
                                  6.74   slack (MET)


Startpoint: _3097_ (rising edge-triggered flip-flop clocked by clock)
Endpoint: io_accOut[13] (output port clocked by clock)
Path Group: clock
Path Type: max

Fanout     Cap    Slew   Delay    Time   Description
-----------------------------------------------------------------------------
                          0.00    0.00   clock clock (rise edge)
                          0.00    0.00   clock source latency
     1    0.01    0.04    0.03    0.03 ^ clock (in)
                                         clock (net)
                  0.04    0.00    0.03 ^ clkbuf_0_clock/A (sky130_fd_sc_hd__clkbuf_16)
     4    0.03    0.05    0.14    0.17 ^ clkbuf_0_clock/X (sky130_fd_sc_hd__clkbuf_16)
                                         clknet_0_clock (net)
                  0.05    0.00    0.17 ^ clkbuf_2_1__f_clock/A (sky130_fd_sc_hd__clkbuf_16)
    11    0.03    0.05    0.15    0.32 ^ clkbuf_2_1__f_clock/X (sky130_fd_sc_hd__clkbuf_16)
                                         clknet_2_1__leaf_clock (net)
                  0.05    0.00    0.32 ^ _3097_/CLK (sky130_fd_sc_hd__dfxtp_1)
     4    0.02    0.19    0.43    0.75 ^ _3097_/Q (sky130_fd_sc_hd__dfxtp_1)
                                         net26 (net)
                  0.19    0.00    0.75 ^ output26/A (sky130_fd_sc_hd__buf_2)
     1    0.03    0.17    0.25    1.00 ^ output26/X (sky130_fd_sc_hd__buf_2)
                                         io_accOut[13] (net)
                  0.17    0.00    1.00 ^ io_accOut[13] (out)
                                  1.00   data arrival time

                         10.00   10.00   clock clock (rise edge)
                          0.00   10.00   clock network delay (propagated)
                         -0.25    9.75   clock uncertainty
                          0.00    9.75   clock reconvergence pessimism
                         -2.00    7.75   output external delay
                                  7.75   data required time
-----------------------------------------------------------------------------
                                  7.75   data required time
                                 -1.00   data arrival time
-----------------------------------------------------------------------------
                                  6.75   slack (MET)


Startpoint: _3114_ (rising edge-triggered flip-flop clocked by clock)
Endpoint: io_accOut[30] (output port clocked by clock)
Path Group: clock
Path Type: max

Fanout     Cap    Slew   Delay    Time   Description
-----------------------------------------------------------------------------
                          0.00    0.00   clock clock (rise edge)
                          0.00    0.00   clock source latency
     1    0.01    0.04    0.03    0.03 ^ clock (in)
                                         clock (net)
                  0.04    0.00    0.03 ^ clkbuf_0_clock/A (sky130_fd_sc_hd__clkbuf_16)
     4    0.03    0.05    0.14    0.17 ^ clkbuf_0_clock/X (sky130_fd_sc_hd__clkbuf_16)
                                         clknet_0_clock (net)
                  0.05    0.00    0.17 ^ clkbuf_2_0__f_clock/A (sky130_fd_sc_hd__clkbuf_16)
     9    0.02    0.04    0.14    0.31 ^ clkbuf_2_0__f_clock/X (sky130_fd_sc_hd__clkbuf_16)
                                         clknet_2_0__leaf_clock (net)
                  0.04    0.00    0.31 ^ _3114_/CLK (sky130_fd_sc_hd__dfxtp_2)
     6    0.04    0.18    0.44    0.75 ^ _3114_/Q (sky130_fd_sc_hd__dfxtp_2)
                                         net45 (net)
                  0.18    0.00    0.75 ^ output45/A (sky130_fd_sc_hd__buf_2)
     1    0.03    0.17    0.26    1.00 ^ output45/X (sky130_fd_sc_hd__buf_2)
                                         io_accOut[30] (net)
                  0.17    0.00    1.00 ^ io_accOut[30] (out)
                                  1.00   data arrival time

                         10.00   10.00   clock clock (rise edge)
                          0.00   10.00   clock network delay (propagated)
                         -0.25    9.75   clock uncertainty
                          0.00    9.75   clock reconvergence pessimism
                         -2.00    7.75   output external delay
                                  7.75   data required time
-----------------------------------------------------------------------------
                                  7.75   data required time
                                 -1.00   data arrival time
-----------------------------------------------------------------------------
                                  6.75   slack (MET)


Startpoint: _3099_ (rising edge-triggered flip-flop clocked by clock)
Endpoint: io_accOut[15] (output port clocked by clock)
Path Group: clock
Path Type: max

Fanout     Cap    Slew   Delay    Time   Description
-----------------------------------------------------------------------------
                          0.00    0.00   clock clock (rise edge)
                          0.00    0.00   clock source latency
     1    0.01    0.04    0.03    0.03 ^ clock (in)
                                         clock (net)
                  0.04    0.00    0.03 ^ clkbuf_0_clock/A (sky130_fd_sc_hd__clkbuf_16)
     4    0.03    0.05    0.14    0.17 ^ clkbuf_0_clock/X (sky130_fd_sc_hd__clkbuf_16)
                                         clknet_0_clock (net)
                  0.05    0.00    0.17 ^ clkbuf_2_1__f_clock/A (sky130_fd_sc_hd__clkbuf_16)
    11    0.03    0.05    0.15    0.32 ^ clkbuf_2_1__f_clock/X (sky130_fd_sc_hd__clkbuf_16)
                                         clknet_2_1__leaf_clock (net)
                  0.05    0.00    0.32 ^ _3099_/CLK (sky130_fd_sc_hd__dfxtp_1)
     4    0.02    0.18    0.43    0.74 ^ _3099_/Q (sky130_fd_sc_hd__dfxtp_1)
                                         net28 (net)
                  0.18    0.00    0.75 ^ output28/A (sky130_fd_sc_hd__buf_2)
     1    0.03    0.17    0.25    1.00 ^ output28/X (sky130_fd_sc_hd__buf_2)
                                         io_accOut[15] (net)
                  0.17    0.00    1.00 ^ io_accOut[15] (out)
                                  1.00   data arrival time

                         10.00   10.00   clock clock (rise edge)
                          0.00   10.00   clock network delay (propagated)
                         -0.25    9.75   clock uncertainty
                          0.00    9.75   clock reconvergence pessimism
                         -2.00    7.75   output external delay
                                  7.75   data required time
-----------------------------------------------------------------------------
                                  7.75   data required time
                                 -1.00   data arrival time
-----------------------------------------------------------------------------
                                  6.75   slack (MET)


Startpoint: _3105_ (rising edge-triggered flip-flop clocked by clock)
Endpoint: io_accOut[21] (output port clocked by clock)
Path Group: clock
Path Type: max

Fanout     Cap    Slew   Delay    Time   Description
-----------------------------------------------------------------------------
                          0.00    0.00   clock clock (rise edge)
                          0.00    0.00   clock source latency
     1    0.01    0.04    0.03    0.03 ^ clock (in)
                                         clock (net)
                  0.04    0.00    0.03 ^ clkbuf_0_clock/A (sky130_fd_sc_hd__clkbuf_16)
     4    0.03    0.05    0.14    0.17 ^ clkbuf_0_clock/X (sky130_fd_sc_hd__clkbuf_16)
                                         clknet_0_clock (net)
                  0.05    0.00    0.17 ^ clkbuf_2_3__f_clock/A (sky130_fd_sc_hd__clkbuf_16)
    10    0.03    0.05    0.14    0.31 ^ clkbuf_2_3__f_clock/X (sky130_fd_sc_hd__clkbuf_16)
                                         clknet_2_3__leaf_clock (net)
                  0.05    0.00    0.31 ^ _3105_/CLK (sky130_fd_sc_hd__dfxtp_1)
     4    0.02    0.19    0.43    0.74 ^ _3105_/Q (sky130_fd_sc_hd__dfxtp_1)
                                         net35 (net)
                  0.19    0.00    0.74 ^ output35/A (sky130_fd_sc_hd__buf_2)
     1    0.03    0.17    0.25    1.00 ^ output35/X (sky130_fd_sc_hd__buf_2)
                                         io_accOut[21] (net)
                  0.17    0.00    1.00 ^ io_accOut[21] (out)
                                  1.00   data arrival time

                         10.00   10.00   clock clock (rise edge)
                          0.00   10.00   clock network delay (propagated)
                         -0.25    9.75   clock uncertainty
                          0.00    9.75   clock reconvergence pessimism
                         -2.00    7.75   output external delay
                                  7.75   data required time
-----------------------------------------------------------------------------
                                  7.75   data required time
                                 -1.00   data arrival time
-----------------------------------------------------------------------------
                                  6.75   slack (MET)


Startpoint: _3108_ (rising edge-triggered flip-flop clocked by clock)
Endpoint: io_accOut[24] (output port clocked by clock)
Path Group: clock
Path Type: max

Fanout     Cap    Slew   Delay    Time   Description
-----------------------------------------------------------------------------
                          0.00    0.00   clock clock (rise edge)
                          0.00    0.00   clock source latency
     1    0.01    0.04    0.03    0.03 ^ clock (in)
                                         clock (net)
                  0.04    0.00    0.03 ^ clkbuf_0_clock/A (sky130_fd_sc_hd__clkbuf_16)
     4    0.03    0.05    0.14    0.17 ^ clkbuf_0_clock/X (sky130_fd_sc_hd__clkbuf_16)
                                         clknet_0_clock (net)
                  0.05    0.00    0.17 ^ clkbuf_2_0__f_clock/A (sky130_fd_sc_hd__clkbuf_16)
     9    0.02    0.04    0.14    0.31 ^ clkbuf_2_0__f_clock/X (sky130_fd_sc_hd__clkbuf_16)
                                         clknet_2_0__leaf_clock (net)
                  0.04    0.00    0.31 ^ _3108_/CLK (sky130_fd_sc_hd__dfxtp_1)
     6    0.02    0.20    0.43    0.74 ^ _3108_/Q (sky130_fd_sc_hd__dfxtp_1)
                                         net38 (net)
                  0.20    0.00    0.74 ^ output38/A (sky130_fd_sc_hd__buf_2)
     1    0.03    0.17    0.26    1.00 ^ output38/X (sky130_fd_sc_hd__buf_2)
                                         io_accOut[24] (net)
                  0.17    0.00    1.00 ^ io_accOut[24] (out)
                                  1.00   data arrival time

                         10.00   10.00   clock clock (rise edge)
                          0.00   10.00   clock network delay (propagated)
                         -0.25    9.75   clock uncertainty
                          0.00    9.75   clock reconvergence pessimism
                         -2.00    7.75   output external delay
                                  7.75   data required time
-----------------------------------------------------------------------------
                                  7.75   data required time
                                 -1.00   data arrival time
-----------------------------------------------------------------------------
                                  6.75   slack (MET)


Startpoint: _3112_ (rising edge-triggered flip-flop clocked by clock)
Endpoint: io_accOut[28] (output port clocked by clock)
Path Group: clock
Path Type: max

Fanout     Cap    Slew   Delay    Time   Description
-----------------------------------------------------------------------------
                          0.00    0.00   clock clock (rise edge)
                          0.00    0.00   clock source latency
     1    0.01    0.04    0.03    0.03 ^ clock (in)
                                         clock (net)
                  0.04    0.00    0.03 ^ clkbuf_0_clock/A (sky130_fd_sc_hd__clkbuf_16)
     4    0.03    0.05    0.14    0.17 ^ clkbuf_0_clock/X (sky130_fd_sc_hd__clkbuf_16)
                                         clknet_0_clock (net)
                  0.05    0.00    0.17 ^ clkbuf_2_2__f_clock/A (sky130_fd_sc_hd__clkbuf_16)
     7    0.02    0.04    0.14    0.31 ^ clkbuf_2_2__f_clock/X (sky130_fd_sc_hd__clkbuf_16)
                                         clknet_2_2__leaf_clock (net)
                  0.04    0.00    0.31 ^ _3112_/CLK (sky130_fd_sc_hd__dfxtp_1)
     6    0.02    0.18    0.42    0.73 ^ _3112_/Q (sky130_fd_sc_hd__dfxtp_1)
                                         net42 (net)
                  0.18    0.00    0.73 ^ output42/A (sky130_fd_sc_hd__buf_2)
     1    0.04    0.18    0.26    0.99 ^ output42/X (sky130_fd_sc_hd__buf_2)
                                         io_accOut[28] (net)
                  0.18    0.00    0.99 ^ io_accOut[28] (out)
                                  0.99   data arrival time

                         10.00   10.00   clock clock (rise edge)
                          0.00   10.00   clock network delay (propagated)
                         -0.25    9.75   clock uncertainty
                          0.00    9.75   clock reconvergence pessimism
                         -2.00    7.75   output external delay
                                  7.75   data required time
-----------------------------------------------------------------------------
                                  7.75   data required time
                                 -0.99   data arrival time
-----------------------------------------------------------------------------
                                  6.76   slack (MET)


Startpoint: _3106_ (rising edge-triggered flip-flop clocked by clock)
Endpoint: io_accOut[22] (output port clocked by clock)
Path Group: clock
Path Type: max

Fanout     Cap    Slew   Delay    Time   Description
-----------------------------------------------------------------------------
                          0.00    0.00   clock clock (rise edge)
                          0.00    0.00   clock source latency
     1    0.01    0.04    0.03    0.03 ^ clock (in)
                                         clock (net)
                  0.04    0.00    0.03 ^ clkbuf_0_clock/A (sky130_fd_sc_hd__clkbuf_16)
     4    0.03    0.05    0.14    0.17 ^ clkbuf_0_clock/X (sky130_fd_sc_hd__clkbuf_16)
                                         clknet_0_clock (net)
                  0.05    0.00    0.17 ^ clkbuf_2_3__f_clock/A (sky130_fd_sc_hd__clkbuf_16)
    10    0.03    0.05    0.14    0.31 ^ clkbuf_2_3__f_clock/X (sky130_fd_sc_hd__clkbuf_16)
                                         clknet_2_3__leaf_clock (net)
                  0.05    0.00    0.31 ^ _3106_/CLK (sky130_fd_sc_hd__dfxtp_1)
     4    0.02    0.17    0.42    0.73 ^ _3106_/Q (sky130_fd_sc_hd__dfxtp_1)
                                         net36 (net)
                  0.17    0.00    0.73 ^ output36/A (sky130_fd_sc_hd__buf_2)
     1    0.03    0.17    0.25    0.99 ^ output36/X (sky130_fd_sc_hd__buf_2)
                                         io_accOut[22] (net)
                  0.17    0.00    0.99 ^ io_accOut[22] (out)
                                  0.99   data arrival time

                         10.00   10.00   clock clock (rise edge)
                          0.00   10.00   clock network delay (propagated)
                         -0.25    9.75   clock uncertainty
                          0.00    9.75   clock reconvergence pessimism
                         -2.00    7.75   output external delay
                                  7.75   data required time
-----------------------------------------------------------------------------
                                  7.75   data required time
                                 -0.99   data arrival time
-----------------------------------------------------------------------------
                                  6.76   slack (MET)


Startpoint: _3095_ (rising edge-triggered flip-flop clocked by clock)
Endpoint: io_accOut[11] (output port clocked by clock)
Path Group: clock
Path Type: max

Fanout     Cap    Slew   Delay    Time   Description
-----------------------------------------------------------------------------
                          0.00    0.00   clock clock (rise edge)
                          0.00    0.00   clock source latency
     1    0.01    0.04    0.03    0.03 ^ clock (in)
                                         clock (net)
                  0.04    0.00    0.03 ^ clkbuf_0_clock/A (sky130_fd_sc_hd__clkbuf_16)
     4    0.03    0.05    0.14    0.17 ^ clkbuf_0_clock/X (sky130_fd_sc_hd__clkbuf_16)
                                         clknet_0_clock (net)
                  0.05    0.00    0.17 ^ clkbuf_2_0__f_clock/A (sky130_fd_sc_hd__clkbuf_16)
     9    0.02    0.04    0.14    0.31 ^ clkbuf_2_0__f_clock/X (sky130_fd_sc_hd__clkbuf_16)
                                         clknet_2_0__leaf_clock (net)
                  0.04    0.00    0.31 ^ _3095_/CLK (sky130_fd_sc_hd__dfxtp_1)
     4    0.02    0.18    0.42    0.73 ^ _3095_/Q (sky130_fd_sc_hd__dfxtp_1)
                                         net24 (net)
                  0.18    0.00    0.73 ^ output24/A (sky130_fd_sc_hd__buf_2)
     1    0.03    0.17    0.25    0.98 ^ output24/X (sky130_fd_sc_hd__buf_2)
                                         io_accOut[11] (net)
                  0.17    0.00    0.98 ^ io_accOut[11] (out)
                                  0.98   data arrival time

                         10.00   10.00   clock clock (rise edge)
                          0.00   10.00   clock network delay (propagated)
                         -0.25    9.75   clock uncertainty
                          0.00    9.75   clock reconvergence pessimism
                         -2.00    7.75   output external delay
                                  7.75   data required time
-----------------------------------------------------------------------------
                                  7.75   data required time
                                 -0.98   data arrival time
-----------------------------------------------------------------------------
                                  6.77   slack (MET)


Startpoint: _3098_ (rising edge-triggered flip-flop clocked by clock)
Endpoint: io_accOut[14] (output port clocked by clock)
Path Group: clock
Path Type: max

Fanout     Cap    Slew   Delay    Time   Description
-----------------------------------------------------------------------------
                          0.00    0.00   clock clock (rise edge)
                          0.00    0.00   clock source latency
     1    0.01    0.04    0.03    0.03 ^ clock (in)
                                         clock (net)
                  0.04    0.00    0.03 ^ clkbuf_0_clock/A (sky130_fd_sc_hd__clkbuf_16)
     4    0.03    0.05    0.14    0.17 ^ clkbuf_0_clock/X (sky130_fd_sc_hd__clkbuf_16)
                                         clknet_0_clock (net)
                  0.05    0.00    0.17 ^ clkbuf_2_0__f_clock/A (sky130_fd_sc_hd__clkbuf_16)
     9    0.02    0.04    0.14    0.31 ^ clkbuf_2_0__f_clock/X (sky130_fd_sc_hd__clkbuf_16)
                                         clknet_2_0__leaf_clock (net)
                  0.04    0.00    0.31 ^ _3098_/CLK (sky130_fd_sc_hd__dfxtp_1)
     4    0.02    0.17    0.41    0.72 ^ _3098_/Q (sky130_fd_sc_hd__dfxtp_1)
                                         net27 (net)
                  0.17    0.00    0.72 ^ output27/A (sky130_fd_sc_hd__buf_2)
     1    0.04    0.18    0.26    0.98 ^ output27/X (sky130_fd_sc_hd__buf_2)
                                         io_accOut[14] (net)
                  0.18    0.00    0.98 ^ io_accOut[14] (out)
                                  0.98   data arrival time

                         10.00   10.00   clock clock (rise edge)
                          0.00   10.00   clock network delay (propagated)
                         -0.25    9.75   clock uncertainty
                          0.00    9.75   clock reconvergence pessimism
                         -2.00    7.75   output external delay
                                  7.75   data required time
-----------------------------------------------------------------------------
                                  7.75   data required time
                                 -0.98   data arrival time
-----------------------------------------------------------------------------
                                  6.77   slack (MET)


Startpoint: _3110_ (rising edge-triggered flip-flop clocked by clock)
Endpoint: io_accOut[26] (output port clocked by clock)
Path Group: clock
Path Type: max

Fanout     Cap    Slew   Delay    Time   Description
-----------------------------------------------------------------------------
                          0.00    0.00   clock clock (rise edge)
                          0.00    0.00   clock source latency
     1    0.01    0.04    0.03    0.03 ^ clock (in)
                                         clock (net)
                  0.04    0.00    0.03 ^ clkbuf_0_clock/A (sky130_fd_sc_hd__clkbuf_16)
     4    0.03    0.05    0.14    0.17 ^ clkbuf_0_clock/X (sky130_fd_sc_hd__clkbuf_16)
                                         clknet_0_clock (net)
                  0.05    0.00    0.17 ^ clkbuf_2_2__f_clock/A (sky130_fd_sc_hd__clkbuf_16)
     7    0.02    0.04    0.14    0.31 ^ clkbuf_2_2__f_clock/X (sky130_fd_sc_hd__clkbuf_16)
                                         clknet_2_2__leaf_clock (net)
                  0.04    0.00    0.31 ^ _3110_/CLK (sky130_fd_sc_hd__dfxtp_1)
     6    0.02    0.17    0.41    0.72 ^ _3110_/Q (sky130_fd_sc_hd__dfxtp_1)
                                         net40 (net)
                  0.17    0.00    0.72 ^ output40/A (sky130_fd_sc_hd__buf_2)
     1    0.04    0.18    0.26    0.98 ^ output40/X (sky130_fd_sc_hd__buf_2)
                                         io_accOut[26] (net)
                  0.18    0.00    0.98 ^ io_accOut[26] (out)
                                  0.98   data arrival time

                         10.00   10.00   clock clock (rise edge)
                          0.00   10.00   clock network delay (propagated)
                         -0.25    9.75   clock uncertainty
                          0.00    9.75   clock reconvergence pessimism
                         -2.00    7.75   output external delay
                                  7.75   data required time
-----------------------------------------------------------------------------
                                  7.75   data required time
                                 -0.98   data arrival time
-----------------------------------------------------------------------------
                                  6.77   slack (MET)


Startpoint: _3093_ (rising edge-triggered flip-flop clocked by clock)
Endpoint: io_accOut[9] (output port clocked by clock)
Path Group: clock
Path Type: max

Fanout     Cap    Slew   Delay    Time   Description
-----------------------------------------------------------------------------
                          0.00    0.00   clock clock (rise edge)
                          0.00    0.00   clock source latency
     1    0.01    0.04    0.03    0.03 ^ clock (in)
                                         clock (net)
                  0.04    0.00    0.03 ^ clkbuf_0_clock/A (sky130_fd_sc_hd__clkbuf_16)
     4    0.03    0.05    0.14    0.17 ^ clkbuf_0_clock/X (sky130_fd_sc_hd__clkbuf_16)
                                         clknet_0_clock (net)
                  0.05    0.00    0.17 ^ clkbuf_2_1__f_clock/A (sky130_fd_sc_hd__clkbuf_16)
    11    0.03    0.05    0.15    0.32 ^ clkbuf_2_1__f_clock/X (sky130_fd_sc_hd__clkbuf_16)
                                         clknet_2_1__leaf_clock (net)
                  0.05    0.00    0.32 ^ _3093_/CLK (sky130_fd_sc_hd__dfxtp_1)
     4    0.02    0.17    0.41    0.73 ^ _3093_/Q (sky130_fd_sc_hd__dfxtp_1)
                                         net53 (net)
                  0.17    0.00    0.73 ^ output53/A (sky130_fd_sc_hd__buf_2)
     1    0.03    0.17    0.25    0.98 ^ output53/X (sky130_fd_sc_hd__buf_2)
                                         io_accOut[9] (net)
                  0.17    0.00    0.98 ^ io_accOut[9] (out)
                                  0.98   data arrival time

                         10.00   10.00   clock clock (rise edge)
                          0.00   10.00   clock network delay (propagated)
                         -0.25    9.75   clock uncertainty
                          0.00    9.75   clock reconvergence pessimism
                         -2.00    7.75   output external delay
                                  7.75   data required time
-----------------------------------------------------------------------------
                                  7.75   data required time
                                 -0.98   data arrival time
-----------------------------------------------------------------------------
                                  6.77   slack (MET)


Startpoint: _3090_ (rising edge-triggered flip-flop clocked by clock)
Endpoint: io_accOut[6] (output port clocked by clock)
Path Group: clock
Path Type: max

Fanout     Cap    Slew   Delay    Time   Description
-----------------------------------------------------------------------------
                          0.00    0.00   clock clock (rise edge)
                          0.00    0.00   clock source latency
     1    0.01    0.04    0.03    0.03 ^ clock (in)
                                         clock (net)
                  0.04    0.00    0.03 ^ clkbuf_0_clock/A (sky130_fd_sc_hd__clkbuf_16)
     4    0.03    0.05    0.14    0.17 ^ clkbuf_0_clock/X (sky130_fd_sc_hd__clkbuf_16)
                                         clknet_0_clock (net)
                  0.05    0.00    0.17 ^ clkbuf_2_3__f_clock/A (sky130_fd_sc_hd__clkbuf_16)
    10    0.03    0.05    0.14    0.31 ^ clkbuf_2_3__f_clock/X (sky130_fd_sc_hd__clkbuf_16)
                                         clknet_2_3__leaf_clock (net)
                  0.05    0.00    0.31 ^ _3090_/CLK (sky130_fd_sc_hd__dfxtp_1)
     4    0.02    0.16    0.41    0.72 ^ _3090_/Q (sky130_fd_sc_hd__dfxtp_1)
                                         net50 (net)
                  0.16    0.00    0.72 ^ output50/A (sky130_fd_sc_hd__buf_2)
     1    0.04    0.18    0.26    0.98 ^ output50/X (sky130_fd_sc_hd__buf_2)
                                         io_accOut[6] (net)
                  0.18    0.00    0.98 ^ io_accOut[6] (out)
                                  0.98   data arrival time

                         10.00   10.00   clock clock (rise edge)
                          0.00   10.00   clock network delay (propagated)
                         -0.25    9.75   clock uncertainty
                          0.00    9.75   clock reconvergence pessimism
                         -2.00    7.75   output external delay
                                  7.75   data required time
-----------------------------------------------------------------------------
                                  7.75   data required time
                                 -0.98   data arrival time
-----------------------------------------------------------------------------
                                  6.77   slack (MET)


Startpoint: _3116_ (rising edge-triggered flip-flop clocked by clock)
Endpoint: io_accOut[31] (output port clocked by clock)
Path Group: clock
Path Type: max

Fanout     Cap    Slew   Delay    Time   Description
-----------------------------------------------------------------------------
                          0.00    0.00   clock clock (rise edge)
                          0.00    0.00   clock source latency
     1    0.01    0.04    0.03    0.03 ^ clock (in)
                                         clock (net)
                  0.04    0.00    0.03 ^ clkbuf_0_clock/A (sky130_fd_sc_hd__clkbuf_16)
     4    0.03    0.05    0.14    0.17 ^ clkbuf_0_clock/X (sky130_fd_sc_hd__clkbuf_16)
                                         clknet_0_clock (net)
                  0.05    0.00    0.17 ^ clkbuf_2_0__f_clock/A (sky130_fd_sc_hd__clkbuf_16)
     9    0.02    0.04    0.14    0.31 ^ clkbuf_2_0__f_clock/X (sky130_fd_sc_hd__clkbuf_16)
                                         clknet_2_0__leaf_clock (net)
                  0.04    0.00    0.31 ^ _3116_/CLK (sky130_fd_sc_hd__dfxtp_4)
     4    0.05    0.14    0.43    0.74 ^ _3116_/Q (sky130_fd_sc_hd__dfxtp_4)
                                         net46 (net)
                  0.14    0.00    0.74 ^ output46/A (sky130_fd_sc_hd__buf_2)
     1    0.03    0.17    0.24    0.98 ^ output46/X (sky130_fd_sc_hd__buf_2)
                                         io_accOut[31] (net)
                  0.17    0.00    0.98 ^ io_accOut[31] (out)
                                  0.98   data arrival time

                         10.00   10.00   clock clock (rise edge)
                          0.00   10.00   clock network delay (propagated)
                         -0.25    9.75   clock uncertainty
                          0.00    9.75   clock reconvergence pessimism
                         -2.00    7.75   output external delay
                                  7.75   data required time
-----------------------------------------------------------------------------
                                  7.75   data required time
                                 -0.98   data arrival time
-----------------------------------------------------------------------------
                                  6.77   slack (MET)


Startpoint: _3091_ (rising edge-triggered flip-flop clocked by clock)
Endpoint: io_accOut[7] (output port clocked by clock)
Path Group: clock
Path Type: max

Fanout     Cap    Slew   Delay    Time   Description
-----------------------------------------------------------------------------
                          0.00    0.00   clock clock (rise edge)
                          0.00    0.00   clock source latency
     1    0.01    0.04    0.03    0.03 ^ clock (in)
                                         clock (net)
                  0.04    0.00    0.03 ^ clkbuf_0_clock/A (sky130_fd_sc_hd__clkbuf_16)
     4    0.03    0.05    0.14    0.17 ^ clkbuf_0_clock/X (sky130_fd_sc_hd__clkbuf_16)
                                         clknet_0_clock (net)
                  0.05    0.00    0.17 ^ clkbuf_2_0__f_clock/A (sky130_fd_sc_hd__clkbuf_16)
     9    0.02    0.04    0.14    0.31 ^ clkbuf_2_0__f_clock/X (sky130_fd_sc_hd__clkbuf_16)
                                         clknet_2_0__leaf_clock (net)
                  0.04    0.00    0.31 ^ _3091_/CLK (sky130_fd_sc_hd__dfxtp_1)
     4    0.02    0.18    0.42    0.72 ^ _3091_/Q (sky130_fd_sc_hd__dfxtp_1)
                                         net51 (net)
                  0.18    0.00    0.72 ^ output51/A (sky130_fd_sc_hd__buf_2)
     1    0.03    0.17    0.25    0.98 ^ output51/X (sky130_fd_sc_hd__buf_2)
                                         io_accOut[7] (net)
                  0.17    0.00    0.98 ^ io_accOut[7] (out)
                                  0.98   data arrival time

                         10.00   10.00   clock clock (rise edge)
                          0.00   10.00   clock network delay (propagated)
                         -0.25    9.75   clock uncertainty
                          0.00    9.75   clock reconvergence pessimism
                         -2.00    7.75   output external delay
                                  7.75   data required time
-----------------------------------------------------------------------------
                                  7.75   data required time
                                 -0.98   data arrival time
-----------------------------------------------------------------------------
                                  6.77   slack (MET)


Startpoint: _3084_ (rising edge-triggered flip-flop clocked by clock)
Endpoint: io_accOut[0] (output port clocked by clock)
Path Group: clock
Path Type: max

Fanout     Cap    Slew   Delay    Time   Description
-----------------------------------------------------------------------------
                          0.00    0.00   clock clock (rise edge)
                          0.00    0.00   clock source latency
     1    0.01    0.04    0.03    0.03 ^ clock (in)
                                         clock (net)
                  0.04    0.00    0.03 ^ clkbuf_0_clock/A (sky130_fd_sc_hd__clkbuf_16)
     4    0.03    0.05    0.14    0.17 ^ clkbuf_0_clock/X (sky130_fd_sc_hd__clkbuf_16)
                                         clknet_0_clock (net)
                  0.05    0.00    0.17 ^ clkbuf_2_1__f_clock/A (sky130_fd_sc_hd__clkbuf_16)
    11    0.03    0.05    0.15    0.32 ^ clkbuf_2_1__f_clock/X (sky130_fd_sc_hd__clkbuf_16)
                                         clknet_2_1__leaf_clock (net)
                  0.05    0.00    0.32 ^ _3084_/CLK (sky130_fd_sc_hd__dfxtp_2)
     5    0.03    0.14    0.41    0.73 ^ _3084_/Q (sky130_fd_sc_hd__dfxtp_2)
                                         net22 (net)
                  0.14    0.00    0.73 ^ output22/A (sky130_fd_sc_hd__buf_2)
     1    0.03    0.17    0.24    0.98 ^ output22/X (sky130_fd_sc_hd__buf_2)
                                         io_accOut[0] (net)
                  0.17    0.00    0.98 ^ io_accOut[0] (out)
                                  0.98   data arrival time

                         10.00   10.00   clock clock (rise edge)
                          0.00   10.00   clock network delay (propagated)
                         -0.25    9.75   clock uncertainty
                          0.00    9.75   clock reconvergence pessimism
                         -2.00    7.75   output external delay
                                  7.75   data required time
-----------------------------------------------------------------------------
                                  7.75   data required time
                                 -0.98   data arrival time
-----------------------------------------------------------------------------
                                  6.77   slack (MET)


Startpoint: _3107_ (rising edge-triggered flip-flop clocked by clock)
Endpoint: io_accOut[23] (output port clocked by clock)
Path Group: clock
Path Type: max

Fanout     Cap    Slew   Delay    Time   Description
-----------------------------------------------------------------------------
                          0.00    0.00   clock clock (rise edge)
                          0.00    0.00   clock source latency
     1    0.01    0.04    0.03    0.03 ^ clock (in)
                                         clock (net)
                  0.04    0.00    0.03 ^ clkbuf_0_clock/A (sky130_fd_sc_hd__clkbuf_16)
     4    0.03    0.05    0.14    0.17 ^ clkbuf_0_clock/X (sky130_fd_sc_hd__clkbuf_16)
                                         clknet_0_clock (net)
                  0.05    0.00    0.17 ^ clkbuf_2_2__f_clock/A (sky130_fd_sc_hd__clkbuf_16)
     7    0.02    0.04    0.14    0.31 ^ clkbuf_2_2__f_clock/X (sky130_fd_sc_hd__clkbuf_16)
                                         clknet_2_2__leaf_clock (net)
                  0.04    0.00    0.31 ^ _3107_/CLK (sky130_fd_sc_hd__dfxtp_1)
     6    0.02    0.16    0.41    0.72 ^ _3107_/Q (sky130_fd_sc_hd__dfxtp_1)
                                         net37 (net)
                  0.16    0.00    0.72 ^ output37/A (sky130_fd_sc_hd__buf_2)
     1    0.04    0.18    0.26    0.97 ^ output37/X (sky130_fd_sc_hd__buf_2)
                                         io_accOut[23] (net)
                  0.18    0.00    0.98 ^ io_accOut[23] (out)
                                  0.98   data arrival time

                         10.00   10.00   clock clock (rise edge)
                          0.00   10.00   clock network delay (propagated)
                         -0.25    9.75   clock uncertainty
                          0.00    9.75   clock reconvergence pessimism
                         -2.00    7.75   output external delay
                                  7.75   data required time
-----------------------------------------------------------------------------
                                  7.75   data required time
                                 -0.98   data arrival time
-----------------------------------------------------------------------------
                                  6.77   slack (MET)


Startpoint: _3111_ (rising edge-triggered flip-flop clocked by clock)
Endpoint: io_accOut[27] (output port clocked by clock)
Path Group: clock
Path Type: max

Fanout     Cap    Slew   Delay    Time   Description
-----------------------------------------------------------------------------
                          0.00    0.00   clock clock (rise edge)
                          0.00    0.00   clock source latency
     1    0.01    0.04    0.03    0.03 ^ clock (in)
                                         clock (net)
                  0.04    0.00    0.03 ^ clkbuf_0_clock/A (sky130_fd_sc_hd__clkbuf_16)
     4    0.03    0.05    0.14    0.17 ^ clkbuf_0_clock/X (sky130_fd_sc_hd__clkbuf_16)
                                         clknet_0_clock (net)
                  0.05    0.00    0.17 ^ clkbuf_2_2__f_clock/A (sky130_fd_sc_hd__clkbuf_16)
     7    0.02    0.04    0.14    0.31 ^ clkbuf_2_2__f_clock/X (sky130_fd_sc_hd__clkbuf_16)
                                         clknet_2_2__leaf_clock (net)
                  0.04    0.00    0.31 ^ _3111_/CLK (sky130_fd_sc_hd__dfxtp_1)
     5    0.02    0.17    0.41    0.72 ^ _3111_/Q (sky130_fd_sc_hd__dfxtp_1)
                                         net41 (net)
                  0.17    0.00    0.72 ^ output41/A (sky130_fd_sc_hd__buf_2)
     1    0.03    0.17    0.25    0.97 ^ output41/X (sky130_fd_sc_hd__buf_2)
                                         io_accOut[27] (net)
                  0.17    0.00    0.97 ^ io_accOut[27] (out)
                                  0.97   data arrival time

                         10.00   10.00   clock clock (rise edge)
                          0.00   10.00   clock network delay (propagated)
                         -0.25    9.75   clock uncertainty
                          0.00    9.75   clock reconvergence pessimism
                         -2.00    7.75   output external delay
                                  7.75   data required time
-----------------------------------------------------------------------------
                                  7.75   data required time
                                 -0.97   data arrival time
-----------------------------------------------------------------------------
                                  6.78   slack (MET)


Startpoint: _3103_ (rising edge-triggered flip-flop clocked by clock)
Endpoint: io_accOut[19] (output port clocked by clock)
Path Group: clock
Path Type: max

Fanout     Cap    Slew   Delay    Time   Description
-----------------------------------------------------------------------------
                          0.00    0.00   clock clock (rise edge)
                          0.00    0.00   clock source latency
     1    0.01    0.04    0.03    0.03 ^ clock (in)
                                         clock (net)
                  0.04    0.00    0.03 ^ clkbuf_0_clock/A (sky130_fd_sc_hd__clkbuf_16)
     4    0.03    0.05    0.14    0.17 ^ clkbuf_0_clock/X (sky130_fd_sc_hd__clkbuf_16)
                                         clknet_0_clock (net)
                  0.05    0.00    0.17 ^ clkbuf_2_0__f_clock/A (sky130_fd_sc_hd__clkbuf_16)
     9    0.02    0.04    0.14    0.31 ^ clkbuf_2_0__f_clock/X (sky130_fd_sc_hd__clkbuf_16)
                                         clknet_2_0__leaf_clock (net)
                  0.04    0.00    0.31 ^ _3103_/CLK (sky130_fd_sc_hd__dfxtp_1)
     4    0.02    0.17    0.41    0.72 ^ _3103_/Q (sky130_fd_sc_hd__dfxtp_1)
                                         net32 (net)
                  0.17    0.00    0.72 ^ output32/A (sky130_fd_sc_hd__buf_2)
     1    0.03    0.17    0.25    0.97 ^ output32/X (sky130_fd_sc_hd__buf_2)
                                         io_accOut[19] (net)
                  0.17    0.00    0.97 ^ io_accOut[19] (out)
                                  0.97   data arrival time

                         10.00   10.00   clock clock (rise edge)
                          0.00   10.00   clock network delay (propagated)
                         -0.25    9.75   clock uncertainty
                          0.00    9.75   clock reconvergence pessimism
                         -2.00    7.75   output external delay
                                  7.75   data required time
-----------------------------------------------------------------------------
                                  7.75   data required time
                                 -0.97   data arrival time
-----------------------------------------------------------------------------
                                  6.78   slack (MET)


Startpoint: _3085_ (rising edge-triggered flip-flop clocked by clock)
Endpoint: io_accOut[1] (output port clocked by clock)
Path Group: clock
Path Type: max

Fanout     Cap    Slew   Delay    Time   Description
-----------------------------------------------------------------------------
                          0.00    0.00   clock clock (rise edge)
                          0.00    0.00   clock source latency
     1    0.01    0.04    0.03    0.03 ^ clock (in)
                                         clock (net)
                  0.04    0.00    0.03 ^ clkbuf_0_clock/A (sky130_fd_sc_hd__clkbuf_16)
     4    0.03    0.05    0.14    0.17 ^ clkbuf_0_clock/X (sky130_fd_sc_hd__clkbuf_16)
                                         clknet_0_clock (net)
                  0.05    0.00    0.17 ^ clkbuf_2_1__f_clock/A (sky130_fd_sc_hd__clkbuf_16)
    11    0.03    0.05    0.15    0.32 ^ clkbuf_2_1__f_clock/X (sky130_fd_sc_hd__clkbuf_16)
                                         clknet_2_1__leaf_clock (net)
                  0.05    0.00    0.32 ^ _3085_/CLK (sky130_fd_sc_hd__dfxtp_2)
     5    0.03    0.14    0.41    0.73 ^ _3085_/Q (sky130_fd_sc_hd__dfxtp_2)
                                         net33 (net)
                  0.14    0.00    0.73 ^ output33/A (sky130_fd_sc_hd__clkbuf_4)
     1    0.04    0.12    0.23    0.96 ^ output33/X (sky130_fd_sc_hd__clkbuf_4)
                                         io_accOut[1] (net)
                  0.12    0.00    0.96 ^ io_accOut[1] (out)
                                  0.96   data arrival time

                         10.00   10.00   clock clock (rise edge)
                          0.00   10.00   clock network delay (propagated)
                         -0.25    9.75   clock uncertainty
                          0.00    9.75   clock reconvergence pessimism
                         -2.00    7.75   output external delay
                                  7.75   data required time
-----------------------------------------------------------------------------
                                  7.75   data required time
                                 -0.96   data arrival time
-----------------------------------------------------------------------------
                                  6.79   slack (MET)


Startpoint: _3109_ (rising edge-triggered flip-flop clocked by clock)
Endpoint: io_accOut[25] (output port clocked by clock)
Path Group: clock
Path Type: max

Fanout     Cap    Slew   Delay    Time   Description
-----------------------------------------------------------------------------
                          0.00    0.00   clock clock (rise edge)
                          0.00    0.00   clock source latency
     1    0.01    0.04    0.03    0.03 ^ clock (in)
                                         clock (net)
                  0.04    0.00    0.03 ^ clkbuf_0_clock/A (sky130_fd_sc_hd__clkbuf_16)
     4    0.03    0.05    0.14    0.17 ^ clkbuf_0_clock/X (sky130_fd_sc_hd__clkbuf_16)
                                         clknet_0_clock (net)
                  0.05    0.00    0.17 ^ clkbuf_2_2__f_clock/A (sky130_fd_sc_hd__clkbuf_16)
     7    0.02    0.04    0.14    0.31 ^ clkbuf_2_2__f_clock/X (sky130_fd_sc_hd__clkbuf_16)
                                         clknet_2_2__leaf_clock (net)
                  0.04    0.00    0.31 ^ _3109_/CLK (sky130_fd_sc_hd__dfxtp_2)
     6    0.03    0.14    0.41    0.71 ^ _3109_/Q (sky130_fd_sc_hd__dfxtp_2)
                                         net39 (net)
                  0.14    0.00    0.71 ^ output39/A (sky130_fd_sc_hd__buf_2)
     1    0.03    0.17    0.24    0.95 ^ output39/X (sky130_fd_sc_hd__buf_2)
                                         io_accOut[25] (net)
                  0.17    0.00    0.96 ^ io_accOut[25] (out)
                                  0.96   data arrival time

                         10.00   10.00   clock clock (rise edge)
                          0.00   10.00   clock network delay (propagated)
                         -0.25    9.75   clock uncertainty
                          0.00    9.75   clock reconvergence pessimism
                         -2.00    7.75   output external delay
                                  7.75   data required time
-----------------------------------------------------------------------------
                                  7.75   data required time
                                 -0.96   data arrival time
-----------------------------------------------------------------------------
                                  6.79   slack (MET)


Startpoint: _3113_ (rising edge-triggered flip-flop clocked by clock)
Endpoint: io_accOut[29] (output port clocked by clock)
Path Group: clock
Path Type: max

Fanout     Cap    Slew   Delay    Time   Description
-----------------------------------------------------------------------------
                          0.00    0.00   clock clock (rise edge)
                          0.00    0.00   clock source latency
     1    0.01    0.04    0.03    0.03 ^ clock (in)
                                         clock (net)
                  0.04    0.00    0.03 ^ clkbuf_0_clock/A (sky130_fd_sc_hd__clkbuf_16)
     4    0.03    0.05    0.14    0.17 ^ clkbuf_0_clock/X (sky130_fd_sc_hd__clkbuf_16)
                                         clknet_0_clock (net)
                  0.05    0.00    0.17 ^ clkbuf_2_2__f_clock/A (sky130_fd_sc_hd__clkbuf_16)
     7    0.02    0.04    0.14    0.31 ^ clkbuf_2_2__f_clock/X (sky130_fd_sc_hd__clkbuf_16)
                                         clknet_2_2__leaf_clock (net)
                  0.04    0.00    0.31 ^ _3113_/CLK (sky130_fd_sc_hd__dfxtp_1)
     6    0.01    0.13    0.38    0.69 ^ _3113_/Q (sky130_fd_sc_hd__dfxtp_1)
                                         net43 (net)
                  0.13    0.00    0.69 ^ output43/A (sky130_fd_sc_hd__buf_2)
     1    0.03    0.17    0.24    0.93 ^ output43/X (sky130_fd_sc_hd__buf_2)
                                         io_accOut[29] (net)
                  0.17    0.00    0.93 ^ io_accOut[29] (out)
                                  0.93   data arrival time

                         10.00   10.00   clock clock (rise edge)
                          0.00   10.00   clock network delay (propagated)
                         -0.25    9.75   clock uncertainty
                          0.00    9.75   clock reconvergence pessimism
                         -2.00    7.75   output external delay
                                  7.75   data required time
-----------------------------------------------------------------------------
                                  7.75   data required time
                                 -0.93   data arrival time
-----------------------------------------------------------------------------
                                  6.82   slack (MET)


Startpoint: _3086_ (rising edge-triggered flip-flop clocked by clock)
Endpoint: io_accOut[2] (output port clocked by clock)
Path Group: clock
Path Type: max

Fanout     Cap    Slew   Delay    Time   Description
-----------------------------------------------------------------------------
                          0.00    0.00   clock clock (rise edge)
                          0.00    0.00   clock source latency
     1    0.01    0.04    0.03    0.03 ^ clock (in)
                                         clock (net)
                  0.04    0.00    0.03 ^ clkbuf_0_clock/A (sky130_fd_sc_hd__clkbuf_16)
     4    0.03    0.05    0.14    0.17 ^ clkbuf_0_clock/X (sky130_fd_sc_hd__clkbuf_16)
                                         clknet_0_clock (net)
                  0.05    0.00    0.17 ^ clkbuf_2_1__f_clock/A (sky130_fd_sc_hd__clkbuf_16)
    11    0.03    0.05    0.15    0.32 ^ clkbuf_2_1__f_clock/X (sky130_fd_sc_hd__clkbuf_16)
                                         clknet_2_1__leaf_clock (net)
                  0.05    0.00    0.32 ^ _3086_/CLK (sky130_fd_sc_hd__dfxtp_2)
     6    0.02    0.10    0.38    0.70 ^ _3086_/Q (sky130_fd_sc_hd__dfxtp_2)
                                         net44 (net)
                  0.10    0.00    0.70 ^ output44/A (sky130_fd_sc_hd__clkbuf_4)
     1    0.03    0.11    0.21    0.91 ^ output44/X (sky130_fd_sc_hd__clkbuf_4)
                                         io_accOut[2] (net)
                  0.11    0.00    0.91 ^ io_accOut[2] (out)
                                  0.91   data arrival time

                         10.00   10.00   clock clock (rise edge)
                          0.00   10.00   clock network delay (propagated)
                         -0.25    9.75   clock uncertainty
                          0.00    9.75   clock reconvergence pessimism
                         -2.00    7.75   output external delay
                                  7.75   data required time
-----------------------------------------------------------------------------
                                  7.75   data required time
                                 -0.91   data arrival time
-----------------------------------------------------------------------------
                                  6.84   slack (MET)


Startpoint: _3088_ (rising edge-triggered flip-flop clocked by clock)
Endpoint: io_accOut[4] (output port clocked by clock)
Path Group: clock
Path Type: max

Fanout     Cap    Slew   Delay    Time   Description
-----------------------------------------------------------------------------
                          0.00    0.00   clock clock (rise edge)
                          0.00    0.00   clock source latency
     1    0.01    0.04    0.03    0.03 ^ clock (in)
                                         clock (net)
                  0.04    0.00    0.03 ^ clkbuf_0_clock/A (sky130_fd_sc_hd__clkbuf_16)
     4    0.03    0.05    0.14    0.17 ^ clkbuf_0_clock/X (sky130_fd_sc_hd__clkbuf_16)
                                         clknet_0_clock (net)
                  0.05    0.00    0.17 ^ clkbuf_2_3__f_clock/A (sky130_fd_sc_hd__clkbuf_16)
    10    0.03    0.05    0.14    0.31 ^ clkbuf_2_3__f_clock/X (sky130_fd_sc_hd__clkbuf_16)
                                         clknet_2_3__leaf_clock (net)
                  0.05    0.00    0.31 ^ _3088_/CLK (sky130_fd_sc_hd__dfxtp_2)
     5    0.01    0.08    0.36    0.68 ^ _3088_/Q (sky130_fd_sc_hd__dfxtp_2)
                                         net48 (net)
                  0.08    0.00    0.68 ^ output48/A (sky130_fd_sc_hd__buf_2)
     1    0.04    0.18    0.23    0.91 ^ output48/X (sky130_fd_sc_hd__buf_2)
                                         io_accOut[4] (net)
                  0.18    0.00    0.91 ^ io_accOut[4] (out)
                                  0.91   data arrival time

                         10.00   10.00   clock clock (rise edge)
                          0.00   10.00   clock network delay (propagated)
                         -0.25    9.75   clock uncertainty
                          0.00    9.75   clock reconvergence pessimism
                         -2.00    7.75   output external delay
                                  7.75   data required time
-----------------------------------------------------------------------------
                                  7.75   data required time
                                 -0.91   data arrival time
-----------------------------------------------------------------------------
                                  6.84   slack (MET)


Startpoint: _3100_ (rising edge-triggered flip-flop clocked by clock)
Endpoint: io_accOut[16] (output port clocked by clock)
Path Group: clock
Path Type: max

Fanout     Cap    Slew   Delay    Time   Description
-----------------------------------------------------------------------------
                          0.00    0.00   clock clock (rise edge)
                          0.00    0.00   clock source latency
     1    0.01    0.04    0.03    0.03 ^ clock (in)
                                         clock (net)
                  0.04    0.00    0.03 ^ clkbuf_0_clock/A (sky130_fd_sc_hd__clkbuf_16)
     4    0.03    0.05    0.14    0.17 ^ clkbuf_0_clock/X (sky130_fd_sc_hd__clkbuf_16)
                                         clknet_0_clock (net)
                  0.05    0.00    0.17 ^ clkbuf_2_1__f_clock/A (sky130_fd_sc_hd__clkbuf_16)
    11    0.03    0.05    0.15    0.32 ^ clkbuf_2_1__f_clock/X (sky130_fd_sc_hd__clkbuf_16)
                                         clknet_2_1__leaf_clock (net)
                  0.05    0.00    0.32 ^ _3100_/CLK (sky130_fd_sc_hd__dfxtp_1)
     4    0.01    0.09    0.35    0.67 ^ _3100_/Q (sky130_fd_sc_hd__dfxtp_1)
                                         net29 (net)
                  0.09    0.00    0.67 ^ output29/A (sky130_fd_sc_hd__buf_2)
     1    0.03    0.17    0.22    0.89 ^ output29/X (sky130_fd_sc_hd__buf_2)
                                         io_accOut[16] (net)
                  0.17    0.00    0.89 ^ io_accOut[16] (out)
                                  0.89   data arrival time

                         10.00   10.00   clock clock (rise edge)
                          0.00   10.00   clock network delay (propagated)
                         -0.25    9.75   clock uncertainty
                          0.00    9.75   clock reconvergence pessimism
                         -2.00    7.75   output external delay
                                  7.75   data required time
-----------------------------------------------------------------------------
                                  7.75   data required time
                                 -0.89   data arrival time
-----------------------------------------------------------------------------
                                  6.86   slack (MET)


Startpoint: _3096_ (rising edge-triggered flip-flop clocked by clock)
Endpoint: io_accOut[12] (output port clocked by clock)
Path Group: clock
Path Type: max

Fanout     Cap    Slew   Delay    Time   Description
-----------------------------------------------------------------------------
                          0.00    0.00   clock clock (rise edge)
                          0.00    0.00   clock source latency
     1    0.01    0.04    0.03    0.03 ^ clock (in)
                                         clock (net)
                  0.04    0.00    0.03 ^ clkbuf_0_clock/A (sky130_fd_sc_hd__clkbuf_16)
     4    0.03    0.05    0.14    0.17 ^ clkbuf_0_clock/X (sky130_fd_sc_hd__clkbuf_16)
                                         clknet_0_clock (net)
                  0.05    0.00    0.17 ^ clkbuf_2_0__f_clock/A (sky130_fd_sc_hd__clkbuf_16)
     9    0.02    0.04    0.14    0.31 ^ clkbuf_2_0__f_clock/X (sky130_fd_sc_hd__clkbuf_16)
                                         clknet_2_0__leaf_clock (net)
                  0.04    0.00    0.31 ^ _3096_/CLK (sky130_fd_sc_hd__dfxtp_1)
     4    0.01    0.09    0.35    0.66 ^ _3096_/Q (sky130_fd_sc_hd__dfxtp_1)
                                         net25 (net)
                  0.09    0.00    0.66 ^ output25/A (sky130_fd_sc_hd__buf_2)
     1    0.04    0.18    0.23    0.89 ^ output25/X (sky130_fd_sc_hd__buf_2)
                                         io_accOut[12] (net)
                  0.18    0.00    0.89 ^ io_accOut[12] (out)
                                  0.89   data arrival time

                         10.00   10.00   clock clock (rise edge)
                          0.00   10.00   clock network delay (propagated)
                         -0.25    9.75   clock uncertainty
                          0.00    9.75   clock reconvergence pessimism
                         -2.00    7.75   output external delay
                                  7.75   data required time
-----------------------------------------------------------------------------
                                  7.75   data required time
                                 -0.89   data arrival time
-----------------------------------------------------------------------------
                                  6.86   slack (MET)


Startpoint: _3087_ (rising edge-triggered flip-flop clocked by clock)
Endpoint: io_accOut[3] (output port clocked by clock)
Path Group: clock
Path Type: max

Fanout     Cap    Slew   Delay    Time   Description
-----------------------------------------------------------------------------
                          0.00    0.00   clock clock (rise edge)
                          0.00    0.00   clock source latency
     1    0.01    0.04    0.03    0.03 ^ clock (in)
                                         clock (net)
                  0.04    0.00    0.03 ^ clkbuf_0_clock/A (sky130_fd_sc_hd__clkbuf_16)
     4    0.03    0.05    0.14    0.17 ^ clkbuf_0_clock/X (sky130_fd_sc_hd__clkbuf_16)
                                         clknet_0_clock (net)
                  0.05    0.00    0.17 ^ clkbuf_2_1__f_clock/A (sky130_fd_sc_hd__clkbuf_16)
    11    0.03    0.05    0.15    0.32 ^ clkbuf_2_1__f_clock/X (sky130_fd_sc_hd__clkbuf_16)
                                         clknet_2_1__leaf_clock (net)
                  0.05    0.00    0.32 ^ _3087_/CLK (sky130_fd_sc_hd__dfxtp_2)
     6    0.01    0.08    0.36    0.68 ^ _3087_/Q (sky130_fd_sc_hd__dfxtp_2)
                                         net47 (net)
                  0.08    0.00    0.68 ^ output47/A (sky130_fd_sc_hd__clkbuf_4)
     1    0.04    0.12    0.21    0.89 ^ output47/X (sky130_fd_sc_hd__clkbuf_4)
                                         io_accOut[3] (net)
                  0.12    0.00    0.89 ^ io_accOut[3] (out)
                                  0.89   data arrival time

                         10.00   10.00   clock clock (rise edge)
                          0.00   10.00   clock network delay (propagated)
                         -0.25    9.75   clock uncertainty
                          0.00    9.75   clock reconvergence pessimism
                         -2.00    7.75   output external delay
                                  7.75   data required time
-----------------------------------------------------------------------------
                                  7.75   data required time
                                 -0.89   data arrival time
-----------------------------------------------------------------------------
                                  6.86   slack (MET)


Startpoint: _3089_ (rising edge-triggered flip-flop clocked by clock)
Endpoint: io_accOut[5] (output port clocked by clock)
Path Group: clock
Path Type: max

Fanout     Cap    Slew   Delay    Time   Description
-----------------------------------------------------------------------------
                          0.00    0.00   clock clock (rise edge)
                          0.00    0.00   clock source latency
     1    0.01    0.04    0.03    0.03 ^ clock (in)
                                         clock (net)
                  0.04    0.00    0.03 ^ clkbuf_0_clock/A (sky130_fd_sc_hd__clkbuf_16)
     4    0.03    0.05    0.14    0.17 ^ clkbuf_0_clock/X (sky130_fd_sc_hd__clkbuf_16)
                                         clknet_0_clock (net)
                  0.05    0.00    0.17 ^ clkbuf_2_3__f_clock/A (sky130_fd_sc_hd__clkbuf_16)
    10    0.03    0.05    0.14    0.31 ^ clkbuf_2_3__f_clock/X (sky130_fd_sc_hd__clkbuf_16)
                                         clknet_2_3__leaf_clock (net)
                  0.05    0.00    0.31 ^ _3089_/CLK (sky130_fd_sc_hd__dfxtp_2)
     6    0.01    0.07    0.36    0.67 ^ _3089_/Q (sky130_fd_sc_hd__dfxtp_2)
                                         net49 (net)
                  0.07    0.00    0.67 ^ output49/A (sky130_fd_sc_hd__buf_2)
     1    0.03    0.17    0.22    0.89 ^ output49/X (sky130_fd_sc_hd__buf_2)
                                         io_accOut[5] (net)
                  0.17    0.00    0.89 ^ io_accOut[5] (out)
                                  0.89   data arrival time

                         10.00   10.00   clock clock (rise edge)
                          0.00   10.00   clock network delay (propagated)
                         -0.25    9.75   clock uncertainty
                          0.00    9.75   clock reconvergence pessimism
                         -2.00    7.75   output external delay
                                  7.75   data required time
-----------------------------------------------------------------------------
                                  7.75   data required time
                                 -0.89   data arrival time
-----------------------------------------------------------------------------
                                  6.86   slack (MET)


Startpoint: _3104_ (rising edge-triggered flip-flop clocked by clock)
Endpoint: io_accOut[20] (output port clocked by clock)
Path Group: clock
Path Type: max

Fanout     Cap    Slew   Delay    Time   Description
-----------------------------------------------------------------------------
                          0.00    0.00   clock clock (rise edge)
                          0.00    0.00   clock source latency
     1    0.01    0.04    0.03    0.03 ^ clock (in)
                                         clock (net)
                  0.04    0.00    0.03 ^ clkbuf_0_clock/A (sky130_fd_sc_hd__clkbuf_16)
     4    0.03    0.05    0.14    0.17 ^ clkbuf_0_clock/X (sky130_fd_sc_hd__clkbuf_16)
                                         clknet_0_clock (net)
                  0.05    0.00    0.17 ^ clkbuf_2_3__f_clock/A (sky130_fd_sc_hd__clkbuf_16)
    10    0.03    0.05    0.14    0.31 ^ clkbuf_2_3__f_clock/X (sky130_fd_sc_hd__clkbuf_16)
                                         clknet_2_3__leaf_clock (net)
                  0.05    0.00    0.31 ^ _3104_/CLK (sky130_fd_sc_hd__dfxtp_1)
     4    0.01    0.09    0.35    0.67 ^ _3104_/Q (sky130_fd_sc_hd__dfxtp_1)
                                         net34 (net)
                  0.09    0.00    0.67 ^ output34/A (sky130_fd_sc_hd__buf_2)
     1    0.03    0.17    0.22    0.89 ^ output34/X (sky130_fd_sc_hd__buf_2)
                                         io_accOut[20] (net)
                  0.17    0.00    0.89 ^ io_accOut[20] (out)
                                  0.89   data arrival time

                         10.00   10.00   clock clock (rise edge)
                          0.00   10.00   clock network delay (propagated)
                         -0.25    9.75   clock uncertainty
                          0.00    9.75   clock reconvergence pessimism
                         -2.00    7.75   output external delay
                                  7.75   data required time
-----------------------------------------------------------------------------
                                  7.75   data required time
                                 -0.89   data arrival time
-----------------------------------------------------------------------------
                                  6.86   slack (MET)


Startpoint: _3102_ (rising edge-triggered flip-flop clocked by clock)
Endpoint: io_accOut[18] (output port clocked by clock)
Path Group: clock
Path Type: max

Fanout     Cap    Slew   Delay    Time   Description
-----------------------------------------------------------------------------
                          0.00    0.00   clock clock (rise edge)
                          0.00    0.00   clock source latency
     1    0.01    0.04    0.03    0.03 ^ clock (in)
                                         clock (net)
                  0.04    0.00    0.03 ^ clkbuf_0_clock/A (sky130_fd_sc_hd__clkbuf_16)
     4    0.03    0.05    0.14    0.17 ^ clkbuf_0_clock/X (sky130_fd_sc_hd__clkbuf_16)
                                         clknet_0_clock (net)
                  0.05    0.00    0.17 ^ clkbuf_2_3__f_clock/A (sky130_fd_sc_hd__clkbuf_16)
    10    0.03    0.05    0.14    0.31 ^ clkbuf_2_3__f_clock/X (sky130_fd_sc_hd__clkbuf_16)
                                         clknet_2_3__leaf_clock (net)
                  0.05    0.00    0.31 ^ _3102_/CLK (sky130_fd_sc_hd__dfxtp_1)
     4    0.01    0.08    0.35    0.66 ^ _3102_/Q (sky130_fd_sc_hd__dfxtp_1)
                                         net31 (net)
                  0.08    0.00    0.66 ^ output31/A (sky130_fd_sc_hd__buf_2)
     1    0.03    0.17    0.22    0.89 ^ output31/X (sky130_fd_sc_hd__buf_2)
                                         io_accOut[18] (net)
                  0.17    0.00    0.89 ^ io_accOut[18] (out)
                                  0.89   data arrival time

                         10.00   10.00   clock clock (rise edge)
                          0.00   10.00   clock network delay (propagated)
                         -0.25    9.75   clock uncertainty
                          0.00    9.75   clock reconvergence pessimism
                         -2.00    7.75   output external delay
                                  7.75   data required time
-----------------------------------------------------------------------------
                                  7.75   data required time
                                 -0.89   data arrival time
-----------------------------------------------------------------------------
                                  6.86   slack (MET)


Startpoint: io_start (input port clocked by clock)
Endpoint: _3083_ (rising edge-triggered flip-flop clocked by clock)
Path Group: clock
Path Type: max

Fanout     Cap    Slew   Delay    Time   Description
-----------------------------------------------------------------------------
                          0.00    0.00   clock clock (rise edge)
                          0.00    0.00   clock network delay (propagated)
                          2.00    2.00 v input external delay
     1    0.01    0.01    0.01    2.01 v io_start (in)
                                         io_start (net)
                  0.01    0.00    2.01 v input20/A (sky130_fd_sc_hd__clkbuf_1)
     1    0.00    0.02    0.07    2.08 v input20/X (sky130_fd_sc_hd__clkbuf_1)
                                         net20 (net)
                  0.02    0.00    2.08 v _1546_/B (sky130_fd_sc_hd__or2_1)
     1    0.00    0.04    0.20    2.28 v _1546_/X (sky130_fd_sc_hd__or2_1)
                                         _1498_ (net)
                  0.04    0.00    2.28 v _1547_/D (sky130_fd_sc_hd__and4bb_1)
     1    0.00    0.04    0.20    2.48 v _1547_/X (sky130_fd_sc_hd__and4bb_1)
                                         _1509_ (net)
                  0.04    0.00    2.48 v _1548_/A (sky130_fd_sc_hd__clkbuf_1)
     1    0.00    0.03    0.09    2.57 v _1548_/X (sky130_fd_sc_hd__clkbuf_1)
                                         _0000_ (net)
                  0.03    0.00    2.57 v _3083_/D (sky130_fd_sc_hd__dfxtp_1)
                                  2.57   data arrival time

                         10.00   10.00   clock clock (rise edge)
                          0.00   10.00   clock source latency
     1    0.01    0.04    0.03   10.03 ^ clock (in)
                                         clock (net)
                  0.04    0.00   10.03 ^ clkbuf_0_clock/A (sky130_fd_sc_hd__clkbuf_16)
     4    0.03    0.05    0.13   10.15 ^ clkbuf_0_clock/X (sky130_fd_sc_hd__clkbuf_16)
                                         clknet_0_clock (net)
                  0.05    0.00   10.15 ^ clkbuf_2_3__f_clock/A (sky130_fd_sc_hd__clkbuf_16)
    10    0.03    0.05    0.13   10.28 ^ clkbuf_2_3__f_clock/X (sky130_fd_sc_hd__clkbuf_16)
                                         clknet_2_3__leaf_clock (net)
                  0.05    0.00   10.28 ^ _3083_/CLK (sky130_fd_sc_hd__dfxtp_1)
                         -0.25   10.03   clock uncertainty
                          0.00   10.03   clock reconvergence pessimism
                         -0.10    9.93   library setup time
                                  9.93   data required time
-----------------------------------------------------------------------------
                                  9.93   data required time
                                 -2.57   data arrival time
-----------------------------------------------------------------------------
                                  7.36   slack (MET)


Startpoint: reset (input port clocked by clock)
Endpoint: _3115_ (rising edge-triggered flip-flop clocked by clock)
Path Group: clock
Path Type: max

Fanout     Cap    Slew   Delay    Time   Description
-----------------------------------------------------------------------------
                          0.00    0.00   clock clock (rise edge)
                          0.00    0.00   clock network delay (propagated)
                          2.00    2.00 ^ input external delay
     1    0.00    0.02    0.01    2.01 ^ reset (in)
                                         reset (net)
                  0.02    0.00    2.01 ^ input21/A (sky130_fd_sc_hd__buf_1)
     4    0.01    0.15    0.15    2.16 ^ input21/X (sky130_fd_sc_hd__buf_1)
                                         net21 (net)
                  0.15    0.00    2.16 ^ _3079_/A_N (sky130_fd_sc_hd__and2b_1)
     1    0.00    0.03    0.21    2.37 v _3079_/X (sky130_fd_sc_hd__and2b_1)
                                         _0695_ (net)
                  0.03    0.00    2.37 v _3080_/A (sky130_fd_sc_hd__clkbuf_1)
     1    0.00    0.03    0.09    2.45 v _3080_/X (sky130_fd_sc_hd__clkbuf_1)
                                         _0032_ (net)
                  0.03    0.00    2.45 v _3115_/D (sky130_fd_sc_hd__dfxtp_1)
                                  2.45   data arrival time

                         10.00   10.00   clock clock (rise edge)
                          0.00   10.00   clock source latency
     1    0.01    0.04    0.03   10.03 ^ clock (in)
                                         clock (net)
                  0.04    0.00   10.03 ^ clkbuf_0_clock/A (sky130_fd_sc_hd__clkbuf_16)
     4    0.03    0.05    0.13   10.15 ^ clkbuf_0_clock/X (sky130_fd_sc_hd__clkbuf_16)
                                         clknet_0_clock (net)
                  0.05    0.00   10.15 ^ clkbuf_2_3__f_clock/A (sky130_fd_sc_hd__clkbuf_16)
    10    0.03    0.05    0.13   10.28 ^ clkbuf_2_3__f_clock/X (sky130_fd_sc_hd__clkbuf_16)
                                         clknet_2_3__leaf_clock (net)
                  0.05    0.00   10.28 ^ _3115_/CLK (sky130_fd_sc_hd__dfxtp_1)
                         -0.25   10.03   clock uncertainty
                          0.00   10.03   clock reconvergence pessimism
                         -0.10    9.93   library setup time
                                  9.93   data required time
-----------------------------------------------------------------------------
                                  9.93   data required time
                                 -2.45   data arrival time
-----------------------------------------------------------------------------
                                  7.48   slack (MET)



worst slack corner Typical: -10.8108
